{
"type": "FeatureCollection",
"name": "MH_VIGENTES_JUNIO_2026_WGS84",
"features": [
{ "type": "Feature", "properties": { "INMON": "M", "N_INMON": 1100, "VECINO": null, "C": 0, "CODIGO": "0pi0M", "NEW_INMON": 0.0, "EQUIPAM": "PqM", "COD_CAT": 8000100001.999999, "ORIG_FID": 6186, "SHAPE_LENG": 52.262611534199998, "SHAPE_AREA": 140.85515209799999, "AREA": 7536.00523, "PERIMETER": 355.86906, "INM_MON_": 0, "INM_MON_ID": 0, "INMON_ID": 0, "PR_OLD": null, "Nº_MENTOS": "MH100", "NOMBRE_MON": "Sitio de memoria Puente Bulnes", "ESTADO_CON": null, "Id": 0 }, "geometry": { "type": "Polygon", "coordinates": [ [ [ -70.6706916, -33.4268142 ], [ -70.6706805, -33.4267864 ], [ -70.670636, -33.4266753 ], [ -70.6705851, -33.4265296 ], [ -70.6705696, -33.4264853 ], [ -70.6705508, -33.4264312 ], [ -70.6704366, -33.426104 ], [ -70.6703999, -33.4259991 ], [ -70.6703746, -33.4259266 ], [ -70.6703507, -33.4258581 ], [ -70.6703687, -33.4258532 ], [ -70.6704276, -33.4258395 ], [ -70.6705153, -33.4258171 ], [ -70.6705295, -33.4258134 ], [ -70.6705538, -33.4258072 ], [ -70.6707145, -33.4257717 ], [ -70.6709397, -33.425727 ], [ -70.6709671, -33.4257254 ], [ -70.6710178, -33.4257223 ], [ -70.671071, -33.4258375 ], [ -70.6712189, -33.4261578 ], [ -70.671238, -33.4261993 ], [ -70.6712382, -33.4261996 ], [ -70.6713425, -33.4264255 ], [ -70.6714256, -33.4265997 ], [ -70.6710851, -33.4267188 ], [ -70.6710346, -33.4267365 ], [ -70.6710334, -33.4267369 ], [ -70.670902, -33.4267829 ], [ -70.6709017, -33.426783 ], [ -70.6708863, -33.4267884 ], [ -70.6708035, -33.4268173 ], [ -70.6707619, -33.4268319 ], [ -70.6707122, -33.4268493 ], [ -70.6707065, -33.4268512 ], [ -70.6706916, -33.4268142 ] ] ] } },
{ "type": "Feature", "properties": { "INMON": "M", "N_INMON": 1101, "VECINO": null, "C": 0, "CODIGO": "B7aM", "NEW_INMON": 0.0, "EQUIPAM": null, "COD_CAT": 21000100003.0, "ORIG_FID": 6190, "SHAPE_LENG": 198.83252002399999, "SHAPE_AREA": 1720.39388267, "AREA": 1857.7727, "PERIMETER": 212.37452, "INM_MON_": 0, "INM_MON_ID": 0, "INMON_ID": 0, "PR_OLD": null, "Nº_MENTOS": "MH101", "NOMBRE_MON": "Palacio Espínola Pereira", "ESTADO_CON": null, "Id": 0 }, "geometry": { "type": "Polygon", "coordinates": [ [ [ -70.6538302, -33.4456129 ], [ -70.6538832, -33.4453473 ], [ -70.6539575, -33.4450129 ], [ -70.6540122, -33.4449118 ], [ -70.6540127, -33.4449098 ], [ -70.6540332, -33.4448519 ], [ -70.6540368, -33.4448511 ], [ -70.6541389, -33.4448765 ], [ -70.6542158, -33.4448956 ], [ -70.6542381, -33.4449011 ], [ -70.654241, -33.4449018 ], [ -70.6542202, -33.4449606 ], [ -70.654216, -33.4449722 ], [ -70.65413, -33.4453221 ], [ -70.6540554, -33.4456444 ], [ -70.6538302, -33.4456129 ] ] ] } },
{ "type": "Feature", "properties": { "INMON": "M", "N_INMON": 1102, "VECINO": "m", "C": 0, "CODIGO": "DIm", "NEW_INMON": 0.0, "EQUIPAM": null, "COD_CAT": 13002900002.0, "ORIG_FID": 6192, "SHAPE_LENG": 1184.5264414200001, "SHAPE_AREA": 61339.318211999998, "AREA": 61339.72878, "PERIMETER": 1184.5304, "INM_MON_": 0, "INM_MON_ID": 0, "INMON_ID": 0, "PR_OLD": null, "Nº_MENTOS": "MH102", "NOMBRE_MON": "Internado Nacional Barros Arana", "ESTADO_CON": null, "Id": 0 }, "geometry": { "type": "Polygon", "coordinates": [ [ [ -70.6801411, -33.4369303 ], [ -70.6801493, -33.4368399 ], [ -70.6801694, -33.4366092 ], [ -70.6801757, -33.4364558 ], [ -70.6801851, -33.4364555 ], [ -70.680192, -33.4363359 ], [ -70.6802089, -33.436224 ], [ -70.6802564, -33.435666 ], [ -70.6804881, -33.4356963 ], [ -70.6811988, -33.4357917 ], [ -70.6812251, -33.4357999 ], [ -70.6812959, -33.4358145 ], [ -70.6819949, -33.4359588 ], [ -70.6819997, -33.4359598 ], [ -70.6830373, -33.4361645 ], [ -70.6830647, -33.4371709 ], [ -70.6830648, -33.4371737 ], [ -70.6831238, -33.4371757 ], [ -70.6836293, -33.4371984 ], [ -70.6836077, -33.4373719 ], [ -70.683557, -33.4378026 ], [ -70.6835081, -33.4382807 ], [ -70.6825931, -33.4382157 ], [ -70.6811045, -33.4381201 ], [ -70.6811006, -33.4381198 ], [ -70.6811155, -33.437935 ], [ -70.6811014, -33.4379343 ], [ -70.6811069, -33.4377894 ], [ -70.6811086, -33.4377427 ], [ -70.6810878, -33.4377403 ], [ -70.681106, -33.4375976 ], [ -70.6811258, -33.4375984 ], [ -70.6811263, -33.4375851 ], [ -70.6811618, -33.4375877 ], [ -70.681239, -33.4375934 ], [ -70.6812397, -33.4375884 ], [ -70.6812924, -33.4370914 ], [ -70.6811273, -33.4370841 ], [ -70.6811275, -33.4370782 ], [ -70.680787, -33.4370555 ], [ -70.6807822, -33.4370552 ], [ -70.6807775, -33.4370947 ], [ -70.6807723, -33.4371229 ], [ -70.6807687, -33.4371427 ], [ -70.6806716, -33.4371382 ], [ -70.6806841, -33.4369602 ], [ -70.6806745, -33.4369597 ], [ -70.6805127, -33.4369506 ], [ -70.6805123, -33.4369506 ], [ -70.6803596, -33.4369402 ], [ -70.6803596, -33.4369455 ], [ -70.6801411, -33.4369303 ] ] ] } },
{ "type": "Feature", "properties": { "INMON": "M", "N_INMON": 1033, "VECINO": null, "C": 0, "CODIGO": "TL", "NEW_INMON": 0.0, "EQUIPAM": null, "COD_CAT": 10001200001.0, "ORIG_FID": 0, "SHAPE_LENG": 0.0, "SHAPE_AREA": 0.0, "AREA": 9569.70532, "PERIMETER": 341.91094, "INM_MON_": 725, "INM_MON_ID": 724, "INMON_ID": 0, "PR_OLD": "D1", "Nº_MENTOS": "MH34", "NOMBRE_MON": "Escuela Normal Nº1", "ESTADO_CON": "BUENO", "Id": 0 }, "geometry": { "type": "Polygon", "coordinates": [ [ [ -70.6778744, -33.4419002 ], [ -70.6778619, -33.4419004 ], [ -70.6778405, -33.4420931 ], [ -70.6777993, -33.4421182 ], [ -70.6769424, -33.4420493 ], [ -70.6769169, -33.4420287 ], [ -70.6769351, -33.4418273 ], [ -70.6769392, -33.4417818 ], [ -70.6769539, -33.4416125 ], [ -70.6770014, -33.4410653 ], [ -70.6770327, -33.4410456 ], [ -70.6770329, -33.4410455 ], [ -70.6779069, -33.4411452 ], [ -70.677934, -33.4411745 ], [ -70.6779196, -33.4413232 ], [ -70.6778872, -33.4417194 ], [ -70.6778738, -33.4418845 ], [ -70.6778736, -33.4418846 ], [ -70.6778744, -33.4419002 ] ] ] } },
{ "type": "Feature", "properties": { "INMON": "M", "N_INMON": 1051, "VECINO": null, "C": 0, "CODIGO": "IFZ", "NEW_INMON": 0.0, "EQUIPAM": null, "COD_CAT": 13003000058.0, "ORIG_FID": 0, "SHAPE_LENG": 0.0, "SHAPE_AREA": 0.0, "AREA": 28183.68681, "PERIMETER": 789.62164, "INM_MON_": 1182, "INM_MON_ID": 1181, "INMON_ID": 0, "PR_OLD": "F", "Nº_MENTOS": "MH52", "NOMBRE_MON": "Museo Nacional de Historia Natural", "ESTADO_CON": "BUENO", "Id": 0 }, "geometry": { "type": "Polygon", "coordinates": [ [ [ -70.6804072, -33.4421446 ], [ -70.6804774, -33.4413349 ], [ -70.6802842, -33.4413247 ], [ -70.6803402, -33.4402802 ], [ -70.6812487, -33.4403274 ], [ -70.6812463, -33.4403611 ], [ -70.6812625, -33.4404023 ], [ -70.6812879, -33.4404382 ], [ -70.6813254, -33.4404584 ], [ -70.6813505, -33.4404839 ], [ -70.6813756, -33.4405043 ], [ -70.6814191, -33.4405192 ], [ -70.6814625, -33.4405238 ], [ -70.6814901, -33.4405183 ], [ -70.6814868, -33.4405054 ], [ -70.6814834, -33.4404899 ], [ -70.6814925, -33.440482 ], [ -70.68152, -33.4404661 ], [ -70.681554, -33.4404657 ], [ -70.6815942, -33.4404703 ], [ -70.6816162, -33.4404907 ], [ -70.6816411, -33.4405007 ], [ -70.6816906, -33.4405078 ], [ -70.6817242, -33.4404892 ], [ -70.6817394, -33.4404761 ], [ -70.6817359, -33.4404528 ], [ -70.6817382, -33.4404166 ], [ -70.6817682, -33.4403696 ], [ -70.6817987, -33.4403485 ], [ -70.6818386, -33.4403401 ], [ -70.6818757, -33.4403422 ], [ -70.681891, -33.4403343 ], [ -70.6818968, -33.4403135 ], [ -70.6818963, -33.4402902 ], [ -70.6819022, -33.4402746 ], [ -70.6819296, -33.4402535 ], [ -70.6819384, -33.4402301 ], [ -70.6819505, -33.440217 ], [ -70.6819688, -33.4402038 ], [ -70.6819967, -33.4402112 ], [ -70.6820186, -33.440229 ], [ -70.6820283, -33.440247 ], [ -70.6820285, -33.4402599 ], [ -70.6820288, -33.4402755 ], [ -70.6820323, -33.4402961 ], [ -70.6820232, -33.440304 ], [ -70.6820172, -33.4403118 ], [ -70.6820236, -33.4403247 ], [ -70.6820208, -33.4403403 ], [ -70.6819965, -33.4403639 ], [ -70.6819783, -33.4403797 ], [ -70.68196, -33.4403877 ], [ -70.6819418, -33.440406 ], [ -70.681933, -33.4404295 ], [ -70.6819305, -33.4404605 ], [ -70.6819371, -33.4404838 ], [ -70.6819467, -33.4404992 ], [ -70.6819624, -33.4405119 ], [ -70.6819873, -33.4405245 ], [ -70.6820185, -33.4405396 ], [ -70.68194, -33.4414306 ], [ -70.6817422, -33.4414233 ], [ -70.6817145, -33.4417472 ], [ -70.6816797, -33.4422223 ], [ -70.6804072, -33.4421446 ] ] ] } },
{ "type": "Feature", "properties": { "INMON": "M", "N_INMON": 1045, "VECINO": null, "C": 0, "CODIGO": "IFZ", "NEW_INMON": 0.0, "EQUIPAM": null, "COD_CAT": 18300100002.0, "ORIG_FID": 0, "SHAPE_LENG": 0.0, "SHAPE_AREA": 0.0, "AREA": 1829.13208, "PERIMETER": 78.40683, "INM_MON_": 1341, "INM_MON_ID": 1340, "INMON_ID": 0, "PR_OLD": "E", "Nº_MENTOS": "MH45", "NOMBRE_MON": "Iglesia del Santisimo Sacramento", "ESTADO_CON": "REGULAR", "Id": 0 }, "geometry": { "type": "Polygon", "coordinates": [ [ [ -70.6378926, -33.4571797 ], [ -70.6380487, -33.4572082 ], [ -70.6382587, -33.4572543 ], [ -70.6381428, -33.4576859 ], [ -70.6376301, -33.4575745 ], [ -70.6376483, -33.457509 ], [ -70.6377891, -33.4575409 ], [ -70.6378151, -33.4574559 ], [ -70.6378926, -33.4571797 ] ] ] } },
{ "type": "Feature", "properties": { "INMON": "M", "N_INMON": 1053, "VECINO": null, "C": 0, "CODIGO": "IFZ", "NEW_INMON": 0.0, "EQUIPAM": null, "COD_CAT": 23001100002.0, "ORIG_FID": 0, "SHAPE_LENG": 0.0, "SHAPE_AREA": 0.0, "AREA": 2106.27714, "PERIMETER": 194.84635, "INM_MON_": 1357, "INM_MON_ID": 1356, "INMON_ID": 0, "PR_OLD": "B", "Nº_MENTOS": "MH55", "NOMBRE_MON": "Iglesia de San Lazáro", "ESTADO_CON": "BUENO", "Id": 0 }, "geometry": { "type": "Polygon", "coordinates": [ [ [ -70.6599698, -33.4516979 ], [ -70.6599825, -33.4517003 ], [ -70.6605464, -33.4518146 ], [ -70.6604958, -33.45215 ], [ -70.6601364, -33.4520789 ], [ -70.6598951, -33.4520292 ], [ -70.659893, -33.4520289 ], [ -70.6598941, -33.4520227 ], [ -70.6598974, -33.4520231 ], [ -70.659916, -33.4519279 ], [ -70.6599123, -33.4519274 ], [ -70.6599144, -33.4519165 ], [ -70.6599233, -33.4519177 ], [ -70.6599325, -33.4518695 ], [ -70.6599236, -33.4518683 ], [ -70.6599256, -33.4518578 ], [ -70.6599346, -33.451859 ], [ -70.6599351, -33.4518562 ], [ -70.6599379, -33.4518566 ], [ -70.6599393, -33.4518495 ], [ -70.6599429, -33.45185 ], [ -70.6599546, -33.4517889 ], [ -70.659951, -33.4517884 ], [ -70.6599515, -33.4517856 ], [ -70.6599485, -33.4517852 ], [ -70.659949, -33.4517827 ], [ -70.6599401, -33.4517815 ], [ -70.6599421, -33.4517709 ], [ -70.659951, -33.4517721 ], [ -70.6599602, -33.4517239 ], [ -70.6599519, -33.4517228 ], [ -70.6599552, -33.451706 ], [ -70.6599562, -33.451706 ], [ -70.6599567, -33.4517046 ], [ -70.6599675, -33.4516987 ], [ -70.6599695, -33.4516991 ], [ -70.6599698, -33.4516979 ] ] ] } },
{ "type": "Feature", "properties": { "INMON": "M", "N_INMON": 1049, "VECINO": null, "C": 0, "CODIGO": "TCD", "NEW_INMON": 0.0, "EQUIPAM": null, "COD_CAT": 22001900001.0, "ORIG_FID": 0, "SHAPE_LENG": 0.0, "SHAPE_AREA": 0.0, "AREA": 11546.4755, "PERIMETER": 432.86335, "INM_MON_": 1382, "INM_MON_ID": 1381, "INMON_ID": 0, "PR_OLD": "D", "Nº_MENTOS": "MH50", "NOMBRE_MON": "Antigua Escuela Militar ( museo hist. militar)", "ESTADO_CON": "BUENO", "Id": 0 }, "geometry": { "type": "Polygon", "coordinates": [ [ [ -70.6552243, -33.4562012 ], [ -70.65545, -33.4562195 ], [ -70.655451, -33.4562111 ], [ -70.6555362, -33.4562178 ], [ -70.6555358, -33.4562215 ], [ -70.6556432, -33.4562302 ], [ -70.6556438, -33.4562268 ], [ -70.6557304, -33.4562341 ], [ -70.6557294, -33.4562423 ], [ -70.6559547, -33.4562607 ], [ -70.6559416, -33.4563665 ], [ -70.655935, -33.456366 ], [ -70.6558848, -33.4568006 ], [ -70.6558911, -33.4568015 ], [ -70.6558691, -33.4569951 ], [ -70.6558668, -33.4569948 ], [ -70.6558177, -33.4573811 ], [ -70.6558156, -33.4574307 ], [ -70.6558183, -33.4574311 ], [ -70.6558061, -33.4575364 ], [ -70.6558033, -33.4575649 ], [ -70.6558063, -33.4575659 ], [ -70.6558093, -33.4575668 ], [ -70.6558115, -33.4575687 ], [ -70.6558137, -33.4575703 ], [ -70.655815, -33.4575729 ], [ -70.6558156, -33.4575748 ], [ -70.6558158, -33.4575771 ], [ -70.655816, -33.4575789 ], [ -70.655815, -33.4575818 ], [ -70.6558137, -33.4575846 ], [ -70.6558117, -33.4575867 ], [ -70.6558098, -33.4575875 ], [ -70.6558072, -33.4575889 ], [ -70.6558055, -33.4575895 ], [ -70.6558035, -33.4575897 ], [ -70.6558003, -33.4575901 ], [ -70.6557825, -33.4577391 ], [ -70.6557868, -33.4577399 ], [ -70.6557901, -33.4577413 ], [ -70.655793, -33.4577437 ], [ -70.6557957, -33.4577483 ], [ -70.6557957, -33.4577494 ], [ -70.6557959, -33.4577511 ], [ -70.6557962, -33.4577531 ], [ -70.6557946, -33.4577562 ], [ -70.6557934, -33.4577583 ], [ -70.6557913, -33.4577598 ], [ -70.6557895, -33.4577614 ], [ -70.6557878, -33.457762 ], [ -70.6557854, -33.4577628 ], [ -70.6557838, -33.4577633 ], [ -70.6557594, -33.4577613 ], [ -70.6557586, -33.4577821 ], [ -70.6550377, -33.4577334 ], [ -70.6550398, -33.4577072 ], [ -70.655034, -33.4577057 ], [ -70.6550308, -33.4577037 ], [ -70.6550274, -33.457699 ], [ -70.6550265, -33.4576956 ], [ -70.6550273, -33.4576914 ], [ -70.6550274, -33.4576904 ], [ -70.6550307, -33.4576861 ], [ -70.6550359, -33.4576831 ], [ -70.6550419, -33.4576823 ], [ -70.6550558, -33.45752 ], [ -70.6550522, -33.4575192 ], [ -70.6550499, -33.4575182 ], [ -70.6550474, -33.4575165 ], [ -70.6550467, -33.4575161 ], [ -70.6550455, -33.4575148 ], [ -70.6550436, -33.4575118 ], [ -70.6550432, -33.4575102 ], [ -70.6550427, -33.4575082 ], [ -70.655043, -33.457505 ], [ -70.6550438, -33.4575031 ], [ -70.6550449, -33.4575009 ], [ -70.6550464, -33.4574992 ], [ -70.6550485, -33.4574976 ], [ -70.6550506, -33.4574965 ], [ -70.6550528, -33.4574959 ], [ -70.6550548, -33.4574952 ], [ -70.6550571, -33.4574949 ], [ -70.6550727, -33.457496 ], [ -70.6550878, -33.4573714 ], [ -70.6550939, -33.4573722 ], [ -70.6551101, -33.457233 ], [ -70.6551295, -33.4571239 ], [ -70.6551485, -33.4569363 ], [ -70.6551421, -33.456935 ], [ -70.655161, -33.4567413 ], [ -70.6551682, -33.4567421 ], [ -70.6552175, -33.4563079 ], [ -70.6552116, -33.4563074 ], [ -70.6552243, -33.4562012 ] ] ] } },
{ "type": "Feature", "properties": { "INMON": "M", "N_INMON": 1063, "VECINO": null, "C": 0, "CODIGO": "TCG", "NEW_INMON": 0.0, "EQUIPAM": null, "COD_CAT": 28203700000.999996, "ORIG_FID": 0, "SHAPE_LENG": 0.0, "SHAPE_AREA": 0.0, "AREA": 152.94626, "PERIMETER": 43.84125, "INM_MON_": 1391, "INM_MON_ID": 1390, "INMON_ID": 0, "PR_OLD": "G", "Nº_MENTOS": "MH61", "NOMBRE_MON": "Galería, Tribuna y Concha Acústica club hípico", "ESTADO_CON": "BUENO", "Id": 0 }, "geometry": { "type": "Polygon", "coordinates": [ [ [ -70.6693393, -33.4582544 ], [ -70.6693378, -33.4582538 ], [ -70.6693364, -33.4582531 ], [ -70.669335, -33.4582524 ], [ -70.6693337, -33.4582517 ], [ -70.6693323, -33.4582509 ], [ -70.669331, -33.4582501 ], [ -70.6693297, -33.4582493 ], [ -70.6693284, -33.4582485 ], [ -70.6693271, -33.4582476 ], [ -70.6693259, -33.4582468 ], [ -70.6693246, -33.4582459 ], [ -70.6693234, -33.4582449 ], [ -70.6693222, -33.458244 ], [ -70.6693211, -33.458243 ], [ -70.66932, -33.458242 ], [ -70.6693189, -33.458241 ], [ -70.6693178, -33.45824 ], [ -70.6693167, -33.458239 ], [ -70.6693157, -33.4582379 ], [ -70.6693147, -33.4582368 ], [ -70.6693137, -33.4582357 ], [ -70.6693128, -33.4582346 ], [ -70.6693119, -33.4582335 ], [ -70.669311, -33.4582323 ], [ -70.6693102, -33.4582312 ], [ -70.6693094, -33.45823 ], [ -70.6693086, -33.4582288 ], [ -70.6693078, -33.4582276 ], [ -70.6693071, -33.4582263 ], [ -70.6693064, -33.4582251 ], [ -70.6693057, -33.4582239 ], [ -70.6693051, -33.4582226 ], [ -70.6693045, -33.4582213 ], [ -70.6693039, -33.45822 ], [ -70.6693034, -33.4582188 ], [ -70.6693029, -33.4582175 ], [ -70.6693025, -33.4582161 ], [ -70.669302, -33.4582148 ], [ -70.6693016, -33.4582135 ], [ -70.6693013, -33.4582122 ], [ -70.669301, -33.4582108 ], [ -70.6693007, -33.4582095 ], [ -70.6693004, -33.4582081 ], [ -70.6693002, -33.4582068 ], [ -70.6693, -33.4582054 ], [ -70.6692999, -33.4582041 ], [ -70.6692997, -33.4582027 ], [ -70.6692997, -33.4582013 ], [ -70.6692996, -33.4582 ], [ -70.6692996, -33.4581986 ], [ -70.6692996, -33.4581972 ], [ -70.6692997, -33.4581959 ], [ -70.6692998, -33.4581945 ], [ -70.6692999, -33.4581932 ], [ -70.6693001, -33.4581918 ], [ -70.6693003, -33.4581904 ], [ -70.6693005, -33.4581891 ], [ -70.6693008, -33.4581877 ], [ -70.6693011, -33.4581864 ], [ -70.6693015, -33.4581851 ], [ -70.6693018, -33.4581837 ], [ -70.6693023, -33.4581824 ], [ -70.6693027, -33.4581811 ], [ -70.6693032, -33.4581798 ], [ -70.6693037, -33.4581785 ], [ -70.6693042, -33.4581772 ], [ -70.6693048, -33.4581759 ], [ -70.6693054, -33.4581747 ], [ -70.6693061, -33.4581734 ], [ -70.6693068, -33.4581722 ], [ -70.6693075, -33.4581709 ], [ -70.6693082, -33.4581697 ], [ -70.669309, -33.4581685 ], [ -70.6693098, -33.4581673 ], [ -70.6693106, -33.4581662 ], [ -70.6693115, -33.458165 ], [ -70.6693124, -33.4581639 ], [ -70.6693133, -33.4581627 ], [ -70.6693142, -33.4581616 ], [ -70.6693152, -33.4581605 ], [ -70.6693162, -33.4581595 ], [ -70.6693173, -33.4581584 ], [ -70.6693183, -33.4581574 ], [ -70.6693194, -33.4581564 ], [ -70.6693205, -33.4581554 ], [ -70.6693217, -33.4581544 ], [ -70.6693229, -33.4581534 ], [ -70.669324, -33.4581525 ], [ -70.6693253, -33.4581516 ], [ -70.6693265, -33.4581507 ], [ -70.6693278, -33.4581498 ], [ -70.669329, -33.458149 ], [ -70.6693303, -33.4581482 ], [ -70.6693317, -33.4581474 ], [ -70.669333, -33.4581466 ], [ -70.6693344, -33.4581459 ], [ -70.6693358, -33.4581452 ], [ -70.6693372, -33.4581445 ], [ -70.6693386, -33.4581438 ], [ -70.66934, -33.4581432 ], [ -70.6693415, -33.4581425 ], [ -70.6693429, -33.4581419 ], [ -70.6693444, -33.4581414 ], [ -70.6693459, -33.4581408 ], [ -70.6693474, -33.4581403 ], [ -70.669349, -33.4581399 ], [ -70.6693505, -33.4581394 ], [ -70.6693521, -33.458139 ], [ -70.6693536, -33.4581386 ], [ -70.6693552, -33.4581382 ], [ -70.6693568, -33.4581379 ], [ -70.6693583, -33.4581376 ], [ -70.6693599, -33.4581373 ], [ -70.6693615, -33.458137 ], [ -70.6693631, -33.4581368 ], [ -70.6693648, -33.4581366 ], [ -70.6693664, -33.4581364 ], [ -70.669368, -33.4581363 ], [ -70.6693696, -33.4581362 ], [ -70.6693713, -33.4581361 ], [ -70.6693729, -33.4581361 ], [ -70.6693745, -33.458136 ], [ -70.6693761, -33.4581361 ], [ -70.6693778, -33.4581361 ], [ -70.6693794, -33.4581362 ], [ -70.669381, -33.4581363 ], [ -70.6693826, -33.4581364 ], [ -70.6693843, -33.4581366 ], [ -70.6693859, -33.4581368 ], [ -70.6693875, -33.458137 ], [ -70.6693891, -33.4581372 ], [ -70.6693907, -33.4581375 ], [ -70.6693923, -33.4581378 ], [ -70.6693938, -33.4581381 ], [ -70.6693954, -33.4581385 ], [ -70.669397, -33.4581389 ], [ -70.6693985, -33.4581393 ], [ -70.6694001, -33.4581398 ], [ -70.6694016, -33.4581402 ], [ -70.6694031, -33.4581407 ], [ -70.6694046, -33.4581413 ], [ -70.6694061, -33.4581418 ], [ -70.6694076, -33.4581424 ], [ -70.669409, -33.458143 ], [ -70.6694105, -33.4581437 ], [ -70.6694119, -33.4581443 ], [ -70.6694133, -33.458145 ], [ -70.6694147, -33.4581457 ], [ -70.6694161, -33.4581465 ], [ -70.6694174, -33.4581472 ], [ -70.6694187, -33.458148 ], [ -70.66942, -33.4581488 ], [ -70.6694213, -33.4581497 ], [ -70.6694226, -33.4581505 ], [ -70.6694238, -33.4581514 ], [ -70.6694251, -33.4581523 ], [ -70.6694263, -33.4581533 ], [ -70.6694274, -33.4581542 ], [ -70.6694286, -33.4581552 ], [ -70.6694297, -33.4581562 ], [ -70.6694308, -33.4581572 ], [ -70.6694319, -33.4581582 ], [ -70.6694329, -33.4581593 ], [ -70.6694339, -33.4581603 ], [ -70.6694349, -33.4581614 ], [ -70.6694359, -33.4581625 ], [ -70.6694368, -33.4581636 ], [ -70.6694377, -33.4581648 ], [ -70.6694386, -33.4581659 ], [ -70.6694394, -33.4581671 ], [ -70.6694402, -33.4581683 ], [ -70.669441, -33.4581695 ], [ -70.6694417, -33.4581707 ], [ -70.6694425, -33.4581719 ], [ -70.6694431, -33.4581732 ], [ -70.6694438, -33.4581744 ], [ -70.6694444, -33.4581757 ], [ -70.669445, -33.458177 ], [ -70.6694455, -33.4581782 ], [ -70.6694461, -33.4581795 ], [ -70.6694466, -33.4581808 ], [ -70.669447, -33.4581822 ], [ -70.6694474, -33.4581835 ], [ -70.6694478, -33.4581848 ], [ -70.6694482, -33.4581861 ], [ -70.6694485, -33.4581875 ], [ -70.6694488, -33.4581888 ], [ -70.669449, -33.4581902 ], [ -70.6694492, -33.4581915 ], [ -70.6694494, -33.4581929 ], [ -70.6694495, -33.4581942 ], [ -70.6694496, -33.4581956 ], [ -70.6694497, -33.458197 ], [ -70.6694497, -33.4581983 ], [ -70.6694497, -33.4581997 ], [ -70.6694497, -33.4582011 ], [ -70.6694496, -33.4582024 ], [ -70.6694495, -33.4582038 ], [ -70.6694494, -33.4582052 ], [ -70.6694492, -33.4582065 ], [ -70.669449, -33.4582079 ], [ -70.6694487, -33.4582092 ], [ -70.6694484, -33.4582106 ], [ -70.6694481, -33.4582119 ], [ -70.6694478, -33.4582132 ], [ -70.6694474, -33.4582146 ], [ -70.669447, -33.4582159 ], [ -70.6694465, -33.4582172 ], [ -70.669446, -33.4582185 ], [ -70.6694455, -33.4582198 ], [ -70.6694449, -33.4582211 ], [ -70.6694444, -33.4582223 ], [ -70.6694437, -33.4582236 ], [ -70.6694431, -33.4582249 ], [ -70.6694424, -33.4582261 ], [ -70.6694417, -33.4582273 ], [ -70.6694409, -33.4582285 ], [ -70.6694401, -33.4582297 ], [ -70.6694393, -33.4582309 ], [ -70.6694385, -33.4582321 ], [ -70.6694376, -33.4582332 ], [ -70.6694367, -33.4582344 ], [ -70.6694358, -33.4582355 ], [ -70.6694348, -33.4582366 ], [ -70.6694338, -33.4582377 ], [ -70.6694328, -33.4582388 ], [ -70.6694318, -33.4582398 ], [ -70.6694307, -33.4582408 ], [ -70.6694296, -33.4582418 ], [ -70.6694285, -33.4582428 ], [ -70.6694273, -33.4582438 ], [ -70.6694262, -33.4582447 ], [ -70.669425, -33.4582457 ], [ -70.6694237, -33.4582466 ], [ -70.6694225, -33.4582475 ], [ -70.6694212, -33.4582483 ], [ -70.6694199, -33.4582492 ], [ -70.6694186, -33.45825 ], [ -70.6694173, -33.4582508 ], [ -70.6694159, -33.4582515 ], [ -70.6694146, -33.4582523 ], [ -70.6694132, -33.458253 ], [ -70.6694118, -33.4582537 ], [ -70.6694104, -33.4582543 ], [ -70.6694089, -33.458255 ], [ -70.6694075, -33.4582556 ], [ -70.669406, -33.4582561 ], [ -70.6694045, -33.4582567 ], [ -70.669403, -33.4582572 ], [ -70.6694015, -33.4582577 ], [ -70.6693999, -33.4582582 ], [ -70.6693984, -33.4582587 ], [ -70.6693969, -33.4582591 ], [ -70.6693953, -33.4582595 ], [ -70.6693937, -33.4582598 ], [ -70.6693921, -33.4582602 ], [ -70.6693905, -33.4582605 ], [ -70.669389, -33.4582607 ], [ -70.6693873, -33.458261 ], [ -70.6693857, -33.4582612 ], [ -70.6693841, -33.4582614 ], [ -70.6693825, -33.4582615 ], [ -70.6693809, -33.4582617 ], [ -70.6693793, -33.4582618 ], [ -70.6693776, -33.4582618 ], [ -70.669376, -33.4582619 ], [ -70.6693744, -33.4582619 ], [ -70.6693727, -33.4582619 ], [ -70.6693711, -33.4582618 ], [ -70.6693695, -33.4582617 ], [ -70.6693679, -33.4582616 ], [ -70.6693662, -33.4582615 ], [ -70.6693646, -33.4582613 ], [ -70.669363, -33.4582611 ], [ -70.6693614, -33.4582609 ], [ -70.6693598, -33.4582606 ], [ -70.6693582, -33.4582604 ], [ -70.6693566, -33.45826 ], [ -70.6693551, -33.4582597 ], [ -70.6693535, -33.4582593 ], [ -70.6693519, -33.4582589 ], [ -70.6693504, -33.4582585 ], [ -70.6693488, -33.458258 ], [ -70.6693473, -33.4582576 ], [ -70.6693458, -33.458257 ], [ -70.6693443, -33.4582565 ], [ -70.6693428, -33.4582559 ], [ -70.6693414, -33.4582553 ], [ -70.6693393, -33.4582544 ] ] ] } },
{ "type": "Feature", "properties": { "INMON": "M", "N_INMON": 1063, "VECINO": null, "C": 0, "CODIGO": "TCG", "NEW_INMON": 0.0, "EQUIPAM": null, "COD_CAT": 28203700000.999996, "ORIG_FID": 0, "SHAPE_LENG": 0.0, "SHAPE_AREA": 0.0, "AREA": 2114.28386, "PERIMETER": 293.47657, "INM_MON_": 1392, "INM_MON_ID": 1391, "INMON_ID": 0, "PR_OLD": "G", "Nº_MENTOS": "MH61", "NOMBRE_MON": "Galería, Tribuna y Concha Acústica club hípico", "ESTADO_CON": "BUENO", "Id": 0 }, "geometry": { "type": "Polygon", "coordinates": [ [ [ -70.6699645, -33.4596257 ], [ -70.6699174, -33.4595133 ], [ -70.6698877, -33.4595262 ], [ -70.6695098, -33.4585116 ], [ -70.6696671, -33.4584639 ], [ -70.6701034, -33.4595736 ], [ -70.6699645, -33.4596257 ] ] ] } },
{ "type": "Feature", "properties": { "INMON": "M", "N_INMON": 1063, "VECINO": null, "C": 0, "CODIGO": "TCG", "NEW_INMON": 0.0, "EQUIPAM": null, "COD_CAT": 28203700000.999996, "ORIG_FID": 0, "SHAPE_LENG": 0.0, "SHAPE_AREA": 0.0, "AREA": 768.55525, "PERIMETER": 126.32404, "INM_MON_": 1394, "INM_MON_ID": 1393, "INMON_ID": 0, "PR_OLD": "G", "Nº_MENTOS": "MH61", "NOMBRE_MON": "Galería, Tribuna y Concha Acústica club hípico", "ESTADO_CON": "BUENO", "Id": 0 }, "geometry": { "type": "Polygon", "coordinates": [ [ [ -70.6700582, -33.460085 ], [ -70.6699538, -33.4596739 ], [ -70.6701282, -33.4596361 ], [ -70.6702274, -33.4600492 ], [ -70.6700582, -33.460085 ] ] ] } },
{ "type": "Feature", "properties": { "INMON": "M", "N_INMON": 1063, "VECINO": null, "C": 0, "CODIGO": "TCG", "NEW_INMON": 0.0, "EQUIPAM": null, "COD_CAT": 28203700000.999996, "ORIG_FID": 0, "SHAPE_LENG": 0.0, "SHAPE_AREA": 0.0, "AREA": 2045.74778, "PERIMETER": 266.73416, "INM_MON_": 1395, "INM_MON_ID": 1394, "INMON_ID": 0, "PR_OLD": "G", "Nº_MENTOS": "MH61", "NOMBRE_MON": "Galería, Tribuna y Concha Acústica club hípico", "ESTADO_CON": "BUENO", "Id": 0 }, "geometry": { "type": "Polygon", "coordinates": [ [ [ -70.6702313, -33.461303 ], [ -70.6700868, -33.4602688 ], [ -70.6702689, -33.4602425 ], [ -70.6704253, -33.4612789 ], [ -70.6702313, -33.461303 ] ] ] } },
{ "type": "Feature", "properties": { "INMON": "M", "N_INMON": 1058, "VECINO": null, "C": 0, "CODIGO": "IFZ", "NEW_INMON": 0.0, "EQUIPAM": null, "COD_CAT": 19100500011.0, "ORIG_FID": 0, "SHAPE_LENG": 0.0, "SHAPE_AREA": 0.0, "AREA": 1265.09567, "PERIMETER": 104.98446, "INM_MON_": 1599, "INM_MON_ID": 1598, "INMON_ID": 0, "PR_OLD": "B", "Nº_MENTOS": "MH59", "NOMBRE_MON": "Casa de Los Diez", "ESTADO_CON": "BUENO", "Id": 0 }, "geometry": { "type": "Polygon", "coordinates": [ [ [ -70.6447694, -33.4456655 ], [ -70.6448104, -33.4456749 ], [ -70.6449837, -33.445721 ], [ -70.6451792, -33.445772 ], [ -70.6451216, -33.4460112 ], [ -70.6451119, -33.4460431 ], [ -70.6449033, -33.4459978 ], [ -70.6446951, -33.4459521 ], [ -70.6447694, -33.4456655 ] ] ] } },
{ "type": "Feature", "properties": { "INMON": "M", "N_INMON": 1047, "VECINO": null, "C": 0, "CODIGO": "TT", "NEW_INMON": 0.0, "EQUIPAM": null, "COD_CAT": 8004100009.000001, "ORIG_FID": 0, "SHAPE_LENG": 0.0, "SHAPE_AREA": 0.0, "AREA": 900.34843, "PERIMETER": 128.32488, "INM_MON_": 1646, "INM_MON_ID": 1645, "INMON_ID": 0, "PR_OLD": "B3", "Nº_MENTOS": "MH48", "NOMBRE_MON": "Teatro Carrera", "ESTADO_CON": "REGULAR", "Id": 0 }, "geometry": { "type": "Polygon", "coordinates": [ [ [ -70.6651649, -33.4463562 ], [ -70.6651918, -33.4462773 ], [ -70.6653611, -33.446318 ], [ -70.6654065, -33.4463286 ], [ -70.665379, -33.4464084 ], [ -70.6652766, -33.4467053 ], [ -70.6650629, -33.4466546 ], [ -70.6651649, -33.4463562 ] ] ] } },
{ "type": "Feature", "properties": { "INMON": "M", "N_INMON": 1062, "VECINO": null, "C": 0, "CODIGO": null, "NEW_INMON": 0.0, "EQUIPAM": null, "COD_CAT": 0.0, "ORIG_FID": 0, "SHAPE_LENG": 0.0, "SHAPE_AREA": 0.0, "AREA": 2852.52982, "PERIMETER": 236.47295, "INM_MON_": 1649, "INM_MON_ID": 1648, "INMON_ID": 0, "PR_OLD": null, "Nº_MENTOS": "MH63", "NOMBRE_MON": "Iglesia de San Ignacio", "ESTADO_CON": "BUENO", "Id": 0 }, "geometry": { "type": "Polygon", "coordinates": [ [ [ -70.6560843, -33.4467472 ], [ -70.6560846, -33.4467451 ], [ -70.6560849, -33.446744 ], [ -70.6560936, -33.446685 ], [ -70.65644, -33.4467295 ], [ -70.6563005, -33.4475048 ], [ -70.6559479, -33.4474629 ], [ -70.6560843, -33.4467472 ] ] ] } },
{ "type": "Feature", "properties": { "INMON": "M", "N_INMON": 0, "VECINO": null, "C": 0, "CODIGO": "T1", "NEW_INMON": 0.0, "EQUIPAM": null, "COD_CAT": 22000400002.0, "ORIG_FID": 0, "SHAPE_LENG": 0.0, "SHAPE_AREA": 0.0, "AREA": 1162.21974, "PERIMETER": 183.93808, "INM_MON_": 1658, "INM_MON_ID": 1657, "INMON_ID": 0, "PR_OLD": "B7", "Nº_MENTOS": "MH63", "NOMBRE_MON": "Iglesia de San Ignacio", "ESTADO_CON": "BUENO", "Id": 0 }, "geometry": { "type": "Polygon", "coordinates": [ [ [ -70.6560133, -33.4471198 ], [ -70.655957, -33.4474152 ], [ -70.6557731, -33.4473943 ], [ -70.6557726, -33.4473965 ], [ -70.6553616, -33.4473482 ], [ -70.6553854, -33.447199 ], [ -70.6558425, -33.447251 ], [ -70.6558679, -33.4471028 ], [ -70.6560133, -33.4471198 ] ] ] } },
{ "type": "Feature", "properties": { "INMON": "M", "N_INMON": 1027, "VECINO": null, "C": 0, "CODIGO": "IFZ", "NEW_INMON": 0.0, "EQUIPAM": null, "COD_CAT": 19101600001.0, "ORIG_FID": 0, "SHAPE_LENG": 0.0, "SHAPE_AREA": 0.0, "AREA": 2387.66858, "PERIMETER": 191.34002, "INM_MON_": 1736, "INM_MON_ID": 1735, "INMON_ID": 0, "PR_OLD": "B", "Nº_MENTOS": "MH29", "NOMBRE_MON": "Iglesia San Isidro Labrador", "ESTADO_CON": "REGULAR", "Id": 0 }, "geometry": { "type": "Polygon", "coordinates": [ [ [ -70.6424006, -33.4486449 ], [ -70.64245, -33.4486525 ], [ -70.6424508, -33.4486487 ], [ -70.6424868, -33.4486543 ], [ -70.6425827, -33.4486689 ], [ -70.6425827, -33.4486689 ], [ -70.6425815, -33.4486729 ], [ -70.6426314, -33.4486806 ], [ -70.6425663, -33.4489221 ], [ -70.6425953, -33.4489267 ], [ -70.6425766, -33.4490015 ], [ -70.6424922, -33.4492354 ], [ -70.6424771, -33.4492996 ], [ -70.6424534, -33.4492981 ], [ -70.6421168, -33.4492498 ], [ -70.6421855, -33.4489961 ], [ -70.642285, -33.4486362 ], [ -70.6423237, -33.448642 ], [ -70.642326, -33.4486312 ], [ -70.6423611, -33.4486366 ], [ -70.6423591, -33.4486472 ], [ -70.6423984, -33.4486532 ], [ -70.6424006, -33.4486449 ] ] ] } },
{ "type": "Feature", "properties": { "INMON": null, "N_INMON": 0, "VECINO": null, "C": 0, "CODIGO": null, "NEW_INMON": 0.0, "EQUIPAM": null, "COD_CAT": 0.0, "ORIG_FID": 0, "SHAPE_LENG": 0.0, "SHAPE_AREA": 0.0, "AREA": 12762.35133, "PERIMETER": 0.0, "INM_MON_": 0, "INM_MON_ID": 0, "INMON_ID": 0, "PR_OLD": null, "Nº_MENTOS": "MH64", "NOMBRE_MON": "Consultorio Externo Hosp. San Juan de Dios", "ESTADO_CON": "BUENO", "Id": 0 }, "geometry": { "type": "Polygon", "coordinates": [ [ [ -70.6804755, -33.4413333 ], [ -70.680407, -33.4421455 ], [ -70.6803175, -33.4421405 ], [ -70.6803068, -33.4423336 ], [ -70.6793397, -33.4422723 ], [ -70.6791411, -33.4422619 ], [ -70.6792264, -33.4412671 ], [ -70.6802769, -33.4413229 ], [ -70.6804755, -33.4413333 ] ] ] } },
{ "type": "Feature", "properties": { "INMON": "M", "N_INMON": 1030, "VECINO": null, "C": 0, "CODIGO": "T1", "NEW_INMON": 0.0, "EQUIPAM": null, "COD_CAT": 22000900010.0, "ORIG_FID": 0, "SHAPE_LENG": 0.0, "SHAPE_AREA": 0.0, "AREA": 6279.16528, "PERIMETER": 201.3005, "INM_MON_": 1356, "INM_MON_ID": 1355, "INMON_ID": 0, "PR_OLD": "B7", "Nº_MENTOS": "MH32", "NOMBRE_MON": "Palacio Cousiño y jardines", "ESTADO_CON": "BUENO", "Id": 0 }, "geometry": { "type": "Polygon", "coordinates": [ [ [ -70.6556073, -33.451411 ], [ -70.6557463, -33.4514296 ], [ -70.6564159, -33.4515113 ], [ -70.6562542, -33.4522533 ], [ -70.655452, -33.4521395 ], [ -70.6555443, -33.451701 ], [ -70.6556073, -33.451411 ] ] ] } },
{ "type": "Feature", "properties": { "INMON": null, "N_INMON": 0, "VECINO": null, "C": 0, "CODIGO": null, "NEW_INMON": 0.0, "EQUIPAM": null, "COD_CAT": 0.0, "ORIG_FID": 0, "SHAPE_LENG": 0.0, "SHAPE_AREA": 0.0, "AREA": 7243.95436, "PERIMETER": 0.0, "INM_MON_": 0, "INM_MON_ID": 0, "INMON_ID": 0, "PR_OLD": null, "Nº_MENTOS": "MH53", "NOMBRE_MON": "Basilica Los Sacramentinos", "ESTADO_CON": "REGULAR", "Id": 0 }, "geometry": { "type": "Polygon", "coordinates": [ [ [ -70.6482898, -33.4509899 ], [ -70.6483215, -33.4508441 ], [ -70.6483276, -33.4508448 ], [ -70.6483342, -33.4508363 ], [ -70.6483338, -33.4508312 ], [ -70.6483373, -33.4508315 ], [ -70.6483392, -33.4508202 ], [ -70.6484065, -33.4504865 ], [ -70.6484338, -33.4503449 ], [ -70.6491151, -33.4504585 ], [ -70.6490862, -33.4506234 ], [ -70.6490495, -33.450842 ], [ -70.649428, -33.4508845 ], [ -70.6494119, -33.4509746 ], [ -70.6493223, -33.4509651 ], [ -70.6492849, -33.451195 ], [ -70.6493721, -33.4512074 ], [ -70.6493547, -33.451312 ], [ -70.6490263, -33.4512735 ], [ -70.6489783, -33.4512676 ], [ -70.6489759, -33.4512656 ], [ -70.6488286, -33.4512297 ], [ -70.6488283, -33.451231 ], [ -70.6487969, -33.4512233 ], [ -70.6487973, -33.4512221 ], [ -70.6487555, -33.4512121 ], [ -70.6486081, -33.4511766 ], [ -70.6486081, -33.4511773 ], [ -70.6484752, -33.4511439 ], [ -70.6482974, -33.451102 ], [ -70.6482851, -33.4510671 ], [ -70.6482897, -33.4510624 ], [ -70.6482849, -33.451058 ], [ -70.6482895, -33.4510514 ], [ -70.6482847, -33.4510449 ], [ -70.6482785, -33.4510444 ], [ -70.6482815, -33.451028 ], [ -70.6482898, -33.4509899 ] ] ] } },
{ "type": "Feature", "properties": { "INMON": null, "N_INMON": 0, "VECINO": null, "C": 0, "CODIGO": null, "NEW_INMON": 0.0, "EQUIPAM": null, "COD_CAT": 0.0, "ORIG_FID": 0, "SHAPE_LENG": 0.0, "SHAPE_AREA": 0.0, "AREA": 12020.43605, "PERIMETER": 0.0, "INM_MON_": 0, "INM_MON_ID": 0, "INMON_ID": 0, "PR_OLD": null, "Nº_MENTOS": "MH60", "NOMBRE_MON": "Edificio de la Ex - D.A.E", "ESTADO_CON": "BUENO", "Id": 0 }, "geometry": { "type": "Polygon", "coordinates": [ [ [ -70.6777953, -33.4435322 ], [ -70.6788894, -33.4436532 ], [ -70.6787755, -33.4446911 ], [ -70.6776999, -33.4446141 ], [ -70.6777043, -33.4444783 ], [ -70.677739, -33.4440851 ], [ -70.6777953, -33.4435322 ] ] ] } },
{ "type": "Feature", "properties": { "INMON": null, "N_INMON": 0, "VECINO": null, "C": 0, "CODIGO": null, "NEW_INMON": 0.0, "EQUIPAM": null, "COD_CAT": 0.0, "ORIG_FID": 0, "SHAPE_LENG": 0.0, "SHAPE_AREA": 0.0, "AREA": 1930.34622, "PERIMETER": 0.0, "INM_MON_": 0, "INM_MON_ID": 0, "INMON_ID": 0, "PR_OLD": null, "Nº_MENTOS": "MH47", "NOMBRE_MON": "Basilica Corazón de María", "ESTADO_CON": "BUENO", "Id": 0 }, "geometry": { "type": "Polygon", "coordinates": [ [ [ -70.6499231, -33.4551676 ], [ -70.649964, -33.4548657 ], [ -70.650099, -33.4548807 ], [ -70.650094, -33.454919 ], [ -70.650503, -33.4549633 ], [ -70.6505112, -33.4549222 ], [ -70.6506208, -33.454931 ], [ -70.6505766, -33.455245 ], [ -70.6499231, -33.4551676 ] ] ] } },
{ "type": "Feature", "properties": { "INMON": null, "N_INMON": 0, "VECINO": null, "C": 0, "CODIGO": null, "NEW_INMON": 0.0, "EQUIPAM": null, "COD_CAT": 0.0, "ORIG_FID": 0, "SHAPE_LENG": 0.0, "SHAPE_AREA": 0.0, "AREA": 3879.0402, "PERIMETER": 0.0, "INM_MON_": 0, "INM_MON_ID": 0, "INMON_ID": 0, "PR_OLD": null, "Nº_MENTOS": "MH31", "NOMBRE_MON": "Basilica de El Salvador", "ESTADO_CON": "MALO", "Id": 0 }, "geometry": { "type": "Polygon", "coordinates": [ [ [ -70.6614043, -33.4404969 ], [ -70.661397, -33.4405686 ], [ -70.6613034, -33.4412908 ], [ -70.6612902, -33.4414456 ], [ -70.6611722, -33.441436 ], [ -70.6610013, -33.4414228 ], [ -70.6608847, -33.4414133 ], [ -70.6608987, -33.4413282 ], [ -70.660912, -33.4412496 ], [ -70.6610099, -33.4405269 ], [ -70.6610178, -33.4404618 ], [ -70.6614043, -33.4404969 ] ] ] } },
{ "type": "Feature", "properties": { "INMON": null, "N_INMON": 0, "VECINO": null, "C": 0, "CODIGO": null, "NEW_INMON": 0.0, "EQUIPAM": null, "COD_CAT": 0.0, "ORIG_FID": 0, "SHAPE_LENG": 0.0, "SHAPE_AREA": 0.0, "AREA": 15739.60967, "PERIMETER": 0.0, "INM_MON_": 0, "INM_MON_ID": 0, "INMON_ID": 0, "PR_OLD": null, "Nº_MENTOS": "MH51", "NOMBRE_MON": "Arsenales de Guerra", "ESTADO_CON": "REGULAR", "Id": 0 }, "geometry": { "type": "Polygon", "coordinates": [ [ [ -70.6564063, -33.4568162 ], [ -70.6562692, -33.4568049 ], [ -70.6563369, -33.4562592 ], [ -70.6563435, -33.4562362 ], [ -70.6563518, -33.4562255 ], [ -70.6563637, -33.456216 ], [ -70.6563836, -33.4562032 ], [ -70.6564041, -33.4561926 ], [ -70.6564257, -33.4561839 ], [ -70.6564436, -33.4561784 ], [ -70.6564611, -33.4561765 ], [ -70.6564832, -33.4561756 ], [ -70.6565009, -33.456176 ], [ -70.6565228, -33.456178 ], [ -70.6565389, -33.4561805 ], [ -70.6565445, -33.4561839 ], [ -70.656549, -33.4561907 ], [ -70.6565501, -33.4561999 ], [ -70.6565519, -33.4562163 ], [ -70.656553, -33.4562257 ], [ -70.6583993, -33.456383 ], [ -70.658766, -33.4564138 ], [ -70.6587855, -33.4564188 ], [ -70.6587972, -33.456423 ], [ -70.6588062, -33.4564269 ], [ -70.658821, -33.4564351 ], [ -70.658829, -33.4564405 ], [ -70.6588417, -33.4564509 ], [ -70.6588543, -33.4564642 ], [ -70.6588597, -33.4564715 ], [ -70.6588666, -33.4564828 ], [ -70.6588725, -33.4564954 ], [ -70.6588767, -33.4565044 ], [ -70.6588825, -33.4565198 ], [ -70.6588878, -33.456542 ], [ -70.6588896, -33.4565581 ], [ -70.6588891, -33.4565818 ], [ -70.6588841, -33.4566094 ], [ -70.6588411, -33.4568082 ], [ -70.6587861, -33.4570914 ], [ -70.6587778, -33.4571053 ], [ -70.6587677, -33.4571142 ], [ -70.6587588, -33.4571192 ], [ -70.6587447, -33.4571236 ], [ -70.6586616, -33.4571156 ], [ -70.6586872, -33.4569888 ], [ -70.6564063, -33.4568162 ] ] ] } },
{ "type": "Feature", "properties": { "INMON": null, "N_INMON": 0, "VECINO": null, "C": 0, "CODIGO": null, "NEW_INMON": 0.0, "EQUIPAM": null, "COD_CAT": 0.0, "ORIG_FID": 0, "SHAPE_LENG": 0.0, "SHAPE_AREA": 0.0, "AREA": 1370.45553, "PERIMETER": 0.0, "INM_MON_": 0, "INM_MON_ID": 0, "INMON_ID": 0, "PR_OLD": null, "Nº_MENTOS": "MH69", "NOMBRE_MON": "Calle Antonio Ricaurte", "ESTADO_CON": "BUENO", "Id": 0 }, "geometry": { "type": "Polygon", "coordinates": [ [ [ -70.6381797, -33.4508667 ], [ -70.638267, -33.4508889 ], [ -70.638228, -33.4510008 ], [ -70.6381266, -33.4509779 ], [ -70.6381101, -33.450953 ], [ -70.6379747, -33.4509208 ], [ -70.6379273, -33.4509094 ], [ -70.6378523, -33.4508915 ], [ -70.6378092, -33.4509055 ], [ -70.6376021, -33.4508564 ], [ -70.6375832, -33.4508278 ], [ -70.6373561, -33.4507743 ], [ -70.6371757, -33.4507337 ], [ -70.6371957, -33.4506582 ], [ -70.6372115, -33.4505939 ], [ -70.6373677, -33.4506236 ], [ -70.6373891, -33.4506529 ], [ -70.6374777, -33.4506746 ], [ -70.6374748, -33.4506894 ], [ -70.6376134, -33.4507239 ], [ -70.6376548, -33.4507099 ], [ -70.6378595, -33.450765 ], [ -70.6378729, -33.450803 ], [ -70.6381625, -33.4508744 ], [ -70.6381797, -33.4508667 ] ] ] } },
{ "type": "Feature", "properties": { "INMON": null, "N_INMON": 0, "VECINO": null, "C": 0, "CODIGO": null, "NEW_INMON": 0.0, "EQUIPAM": null, "COD_CAT": 0.0, "ORIG_FID": 0, "SHAPE_LENG": 0.0, "SHAPE_AREA": 0.0, "AREA": 576.62462, "PERIMETER": 0.0, "INM_MON_": 0, "INM_MON_ID": 0, "INMON_ID": 0, "PR_OLD": null, "Nº_MENTOS": "MH70", "NOMBRE_MON": "Invernadero", "ESTADO_CON": "MALO", "Id": 0 }, "geometry": { "type": "Polygon", "coordinates": [ [ [ -70.680603, -33.4426695 ], [ -70.6806157, -33.4426815 ], [ -70.6806226, -33.442691 ], [ -70.6806276, -33.4427013 ], [ -70.6806312, -33.4427154 ], [ -70.6806321, -33.4427216 ], [ -70.6806297, -33.4427216 ], [ -70.6806282, -33.442735 ], [ -70.6806307, -33.4427356 ], [ -70.6806289, -33.4427424 ], [ -70.6806232, -33.4427535 ], [ -70.6806153, -33.4427636 ], [ -70.6806065, -33.4427716 ], [ -70.6805945, -33.4427793 ], [ -70.6805789, -33.4429377 ], [ -70.6805756, -33.4429449 ], [ -70.6805714, -33.4429517 ], [ -70.6805652, -33.442959 ], [ -70.6805583, -33.4429649 ], [ -70.6805501, -33.4429687 ], [ -70.6805401, -33.4429705 ], [ -70.6805325, -33.4429702 ], [ -70.6805322, -33.442974 ], [ -70.6805117, -33.4429726 ], [ -70.6805121, -33.4429687 ], [ -70.6804982, -33.4429676 ], [ -70.6804894, -33.4429605 ], [ -70.680483, -33.4429529 ], [ -70.6804786, -33.4429454 ], [ -70.6804757, -33.4429373 ], [ -70.6804744, -33.44293 ], [ -70.6804743, -33.442923 ], [ -70.6804887, -33.4427715 ], [ -70.680478, -33.4427613 ], [ -70.6804711, -33.4427519 ], [ -70.6804661, -33.4427416 ], [ -70.6804625, -33.4427275 ], [ -70.6804616, -33.4427213 ], [ -70.6804641, -33.4427213 ], [ -70.6804655, -33.4427079 ], [ -70.680463, -33.4427073 ], [ -70.6804648, -33.4427005 ], [ -70.6804705, -33.4426894 ], [ -70.6804784, -33.4426793 ], [ -70.6804872, -33.4426713 ], [ -70.6804993, -33.4426636 ], [ -70.6805149, -33.4425052 ], [ -70.6805181, -33.442498 ], [ -70.6805224, -33.4424912 ], [ -70.6805285, -33.4424839 ], [ -70.6805355, -33.442478 ], [ -70.6805436, -33.4424742 ], [ -70.6805536, -33.4424723 ], [ -70.6805613, -33.4424727 ], [ -70.6805616, -33.4424689 ], [ -70.6805821, -33.4424703 ], [ -70.6805816, -33.4424742 ], [ -70.6805956, -33.4424753 ], [ -70.6806043, -33.4424824 ], [ -70.6806108, -33.44249 ], [ -70.6806151, -33.4424975 ], [ -70.680618, -33.4425055 ], [ -70.6806193, -33.4425129 ], [ -70.6806194, -33.4425199 ], [ -70.680603, -33.4426695 ] ] ] } },
{ "type": "Feature", "properties": { "INMON": null, "N_INMON": 0, "VECINO": null, "C": 0, "CODIGO": null, "NEW_INMON": 0.0, "EQUIPAM": null, "COD_CAT": 0.0, "ORIG_FID": 0, "SHAPE_LENG": 0.0, "SHAPE_AREA": 0.0, "AREA": 5629.79537, "PERIMETER": 0.0, "INM_MON_": 0, "INM_MON_ID": 0, "INMON_ID": 0, "PR_OLD": null, "Nº_MENTOS": "MH71", "NOMBRE_MON": "Estadio Victor Jara", "ESTADO_CON": "BUENO", "Id": 0 }, "geometry": { "type": "Polygon", "coordinates": [ [ [ -70.6742524, -33.4501761 ], [ -70.6742232, -33.4503276 ], [ -70.6741583, -33.4505943 ], [ -70.6741052, -33.4508299 ], [ -70.6740473, -33.4508203 ], [ -70.6739103, -33.4507949 ], [ -70.673783, -33.4507708 ], [ -70.6736626, -33.450734 ], [ -70.6736742, -33.4506824 ], [ -70.6733776, -33.4506306 ], [ -70.6734423, -33.450353 ], [ -70.6734856, -33.4503604 ], [ -70.6736504, -33.4503915 ], [ -70.6737304, -33.4504068 ], [ -70.6737439, -33.4503565 ], [ -70.6737579, -33.4502917 ], [ -70.6737915, -33.4501573 ], [ -70.6738164, -33.4500569 ], [ -70.6735291, -33.4499804 ], [ -70.6735653, -33.4498356 ], [ -70.6736031, -33.449846 ], [ -70.6743548, -33.4500863 ], [ -70.6747057, -33.4501982 ], [ -70.6746848, -33.4502933 ], [ -70.6742524, -33.4501761 ] ] ] } },
{ "type": "Feature", "properties": { "INMON": null, "N_INMON": 0, "VECINO": null, "C": 0, "CODIGO": null, "NEW_INMON": 0.0, "EQUIPAM": null, "COD_CAT": 0.0, "ORIG_FID": 0, "SHAPE_LENG": 0.0, "SHAPE_AREA": 0.0, "AREA": 9707.60604, "PERIMETER": 0.0, "INM_MON_": 0, "INM_MON_ID": 0, "INMON_ID": 0, "PR_OLD": null, "Nº_MENTOS": "MH72", "NOMBRE_MON": "San Borja Arriarán", "ESTADO_CON": "BUENO", "Id": 0 }, "geometry": { "type": "Polygon", "coordinates": [ [ [ -70.6407939, -33.4609566 ], [ -70.6406438, -33.4615335 ], [ -70.6393156, -33.4614042 ], [ -70.6394019, -33.4610466 ], [ -70.6394603, -33.4608278 ], [ -70.639512, -33.4606179 ], [ -70.6396086, -33.4606314 ], [ -70.6396395, -33.4606119 ], [ -70.6397308, -33.4606298 ], [ -70.6398524, -33.4607426 ], [ -70.6406535, -33.4608671 ], [ -70.6406476, -33.4609461 ], [ -70.6407939, -33.4609566 ] ] ] } },
{ "type": "Feature", "properties": { "INMON": null, "N_INMON": 0, "VECINO": null, "C": 0, "CODIGO": null, "NEW_INMON": 0.0, "EQUIPAM": null, "COD_CAT": 0.0, "ORIG_FID": 0, "SHAPE_LENG": 0.0, "SHAPE_AREA": 0.0, "AREA": 23733.80969, "PERIMETER": 0.0, "INM_MON_": 0, "INM_MON_ID": 0, "INMON_ID": 0, "PR_OLD": null, "Nº_MENTOS": "MH75", "NOMBRE_MON": "Asilo de Ancianos Las Hermanitas de los Pobres", "ESTADO_CON": "REGULAR", "Id": 0 }, "geometry": { "type": "Polygon", "coordinates": [ [ [ -70.6381012, -33.4600366 ], [ -70.638001, -33.4600155 ], [ -70.6377061, -33.4599527 ], [ -70.6375016, -33.4599098 ], [ -70.6373958, -33.4598878 ], [ -70.6373329, -33.4598751 ], [ -70.6372133, -33.4598502 ], [ -70.6370912, -33.4598248 ], [ -70.6370514, -33.4598163 ], [ -70.6370307, -33.4598122 ], [ -70.6369697, -33.4597996 ], [ -70.6369105, -33.4597874 ], [ -70.63685, -33.4597742 ], [ -70.6367914, -33.4597621 ], [ -70.6367281, -33.459749 ], [ -70.6366682, -33.4597358 ], [ -70.6365019, -33.4596997 ], [ -70.6364288, -33.4596792 ], [ -70.636802, -33.4583738 ], [ -70.6384467, -33.458725 ], [ -70.6381012, -33.4600366 ] ] ] } },
{ "type": "Feature", "properties": { "INMON": null, "N_INMON": 0, "VECINO": null, "C": 0, "CODIGO": null, "NEW_INMON": 0.0, "EQUIPAM": null, "COD_CAT": 0.0, "ORIG_FID": 0, "SHAPE_LENG": 0.0, "SHAPE_AREA": 0.0, "AREA": 1357.08436, "PERIMETER": 0.0, "INM_MON_": 0, "INM_MON_ID": 0, "INMON_ID": 0, "PR_OLD": null, "Nº_MENTOS": "MH76", "NOMBRE_MON": "Teatro Cariola", "ESTADO_CON": "BUENO", "Id": 0 }, "geometry": { "type": "Polygon", "coordinates": [ [ [ -70.6501935, -33.4477902 ], [ -70.6502359, -33.447795 ], [ -70.6502038, -33.4479944 ], [ -70.6501633, -33.4479895 ], [ -70.649559, -33.4479325 ], [ -70.6495801, -33.4478111 ], [ -70.6495944, -33.4477287 ], [ -70.6501935, -33.4477902 ] ] ] } },
{ "type": "Feature", "properties": { "INMON": null, "N_INMON": 0, "VECINO": null, "C": 0, "CODIGO": null, "NEW_INMON": 0.0, "EQUIPAM": null, "COD_CAT": 0.0, "ORIG_FID": 0, "SHAPE_LENG": 0.0, "SHAPE_AREA": 0.0, "AREA": 553.6245, "PERIMETER": 0.0, "INM_MON_": 0, "INM_MON_ID": 0, "INMON_ID": 0, "PR_OLD": null, "Nº_MENTOS": "MH77", "NOMBRE_MON": "Teatro Parque Cousiño", "ESTADO_CON": "BUENO", "Id": 0 }, "geometry": { "type": "Polygon", "coordinates": [ [ [ -70.6549557, -33.4615145 ], [ -70.6550156, -33.4615181 ], [ -70.6550023, -33.4616764 ], [ -70.6549976, -33.4617326 ], [ -70.6549885, -33.4618427 ], [ -70.6549688, -33.4618421 ], [ -70.6549763, -33.4617581 ], [ -70.6549259, -33.4617558 ], [ -70.6547036, -33.4617438 ], [ -70.6547056, -33.461718 ], [ -70.6547024, -33.4617178 ], [ -70.6547111, -33.4616075 ], [ -70.6547142, -33.4616077 ], [ -70.654716, -33.4615816 ], [ -70.6549485, -33.4615998 ], [ -70.6549557, -33.4615145 ] ] ] } },
{ "type": "Feature", "properties": { "INMON": null, "N_INMON": 0, "VECINO": null, "C": 0, "CODIGO": null, "NEW_INMON": 0.0, "EQUIPAM": null, "COD_CAT": 0.0, "ORIG_FID": 0, "SHAPE_LENG": 0.0, "SHAPE_AREA": 0.0, "AREA": 167.40123, "PERIMETER": 0.0, "INM_MON_": 0, "INM_MON_ID": 0, "INMON_ID": 0, "PR_OLD": null, "Nº_MENTOS": "MH78", "NOMBRE_MON": "Palacio Elguín", "ESTADO_CON": "BUENO", "Id": 0 }, "geometry": { "type": "Polygon", "coordinates": [ [ [ -70.6644289, -33.4453959 ], [ -70.6644148, -33.4454703 ], [ -70.6642209, -33.445451 ], [ -70.664221, -33.4454504 ], [ -70.6642345, -33.445362 ], [ -70.6644289, -33.4453959 ] ] ] } },
{ "type": "Feature", "properties": { "INMON": null, "N_INMON": 0, "VECINO": null, "C": 0, "CODIGO": null, "NEW_INMON": 0.0, "EQUIPAM": null, "COD_CAT": 0.0, "ORIG_FID": 0, "SHAPE_LENG": 0.0, "SHAPE_AREA": 0.0, "AREA": 1994.98083, "PERIMETER": 0.0, "INM_MON_": 0, "INM_MON_ID": 0, "INMON_ID": 0, "PR_OLD": null, "Nº_MENTOS": "MH78", "NOMBRE_MON": "Palacio Elguín", "ESTADO_CON": "BUENO", "Id": 0 }, "geometry": { "type": "Polygon", "coordinates": [ [ [ -70.6646534, -33.4454399 ], [ -70.6643874, -33.446301 ], [ -70.6643571, -33.4463987 ], [ -70.6643321, -33.4464794 ], [ -70.6642097, -33.4464494 ], [ -70.664245, -33.4462745 ], [ -70.6642461, -33.4462688 ], [ -70.6642747, -33.4461209 ], [ -70.6642934, -33.4460283 ], [ -70.6643067, -33.4459625 ], [ -70.6643134, -33.445934 ], [ -70.6643194, -33.445905 ], [ -70.6643271, -33.445867 ], [ -70.6643334, -33.4458375 ], [ -70.6643399, -33.4458062 ], [ -70.6643471, -33.4457716 ], [ -70.6643531, -33.445744 ], [ -70.6643769, -33.4456426 ], [ -70.6643967, -33.4455552 ], [ -70.6644148, -33.4454703 ], [ -70.6644289, -33.4453959 ], [ -70.6646534, -33.4454399 ] ] ] } },
{ "type": "Feature", "properties": { "INMON": null, "N_INMON": 0, "VECINO": null, "C": 0, "CODIGO": null, "NEW_INMON": 0.0, "EQUIPAM": null, "COD_CAT": 0.0, "ORIG_FID": 0, "SHAPE_LENG": 0.0, "SHAPE_AREA": 0.0, "AREA": 1862.33358, "PERIMETER": 0.0, "INM_MON_": 0, "INM_MON_ID": 0, "INMON_ID": 0, "PR_OLD": null, "Nº_MENTOS": "MH78", "NOMBRE_MON": "Palacio Elguín", "ESTADO_CON": "BUENO", "Id": 0 }, "geometry": { "type": "Polygon", "coordinates": [ [ [ -70.6646762, -33.4454452 ], [ -70.6648, -33.4454728 ], [ -70.6648214, -33.4454784 ], [ -70.6644905, -33.4465087 ], [ -70.6644887, -33.4465142 ], [ -70.6644878, -33.4465173 ], [ -70.6643605, -33.4464864 ], [ -70.6643321, -33.4464794 ], [ -70.6643571, -33.4463987 ], [ -70.6643874, -33.446301 ], [ -70.6646534, -33.4454399 ], [ -70.6646762, -33.4454452 ] ] ] } },
{ "type": "Feature", "properties": { "INMON": null, "N_INMON": 0, "VECINO": null, "C": 0, "CODIGO": null, "NEW_INMON": 0.0, "EQUIPAM": null, "COD_CAT": 0.0, "ORIG_FID": 0, "SHAPE_LENG": 0.0, "SHAPE_AREA": 0.0, "AREA": 5106.5969, "PERIMETER": 0.0, "INM_MON_": 0, "INM_MON_ID": 0, "INMON_ID": 0, "PR_OLD": null, "Nº_MENTOS": "MH79", "NOMBRE_MON": "Consultorio N°1 Doctor Ramón Corbalán Melgarejo", "ESTADO_CON": "BUENO", "Id": 0 }, "geometry": { "type": "Polygon", "coordinates": [ [ [ -70.6524533, -33.4547545 ], [ -70.6525039, -33.4547609 ], [ -70.6524515, -33.4551516 ], [ -70.6524142, -33.4554498 ], [ -70.6523791, -33.4554753 ], [ -70.6517216, -33.4553963 ], [ -70.6516948, -33.4553622 ], [ -70.651795, -33.4547327 ], [ -70.651835, -33.4547377 ], [ -70.6521566, -33.4547744 ], [ -70.6521628, -33.4547265 ], [ -70.6524533, -33.4547545 ] ] ] } },
{ "type": "Feature", "properties": { "INMON": null, "N_INMON": 0, "VECINO": null, "C": 0, "CODIGO": null, "NEW_INMON": 0.0, "EQUIPAM": null, "COD_CAT": 0.0, "ORIG_FID": 0, "SHAPE_LENG": 0.0, "SHAPE_AREA": 0.0, "AREA": 213.58526, "PERIMETER": 0.0, "INM_MON_": 0, "INM_MON_ID": 0, "INMON_ID": 0, "PR_OLD": null, "Nº_MENTOS": "MH81", "NOMBRE_MON": "TEATRO HUEMUL", "ESTADO_CON": null, "Id": 0 }, "geometry": { "type": "Polygon", "coordinates": [ [ [ -70.6506386, -33.4739138 ], [ -70.6508411, -33.4739258 ], [ -70.6508329, -33.4740155 ], [ -70.6507791, -33.4740122 ], [ -70.650777, -33.4740385 ], [ -70.6506825, -33.4740332 ], [ -70.6506846, -33.4740068 ], [ -70.6506313, -33.4740039 ], [ -70.6506386, -33.4739138 ] ] ] } },
{ "type": "Feature", "properties": { "INMON": null, "N_INMON": 0, "VECINO": null, "C": 0, "CODIGO": null, "NEW_INMON": 0.0, "EQUIPAM": null, "COD_CAT": 0.0, "ORIG_FID": 0, "SHAPE_LENG": 0.0, "SHAPE_AREA": 0.0, "AREA": 143.10613, "PERIMETER": 0.0, "INM_MON_": 0, "INM_MON_ID": 0, "INMON_ID": 0, "PR_OLD": null, "Nº_MENTOS": "MH82", "NOMBRE_MON": "Ex. Centro de detención Santa Lucía", "ESTADO_CON": null, "Id": 0 }, "geometry": { "type": "Polygon", "coordinates": [ [ [ -70.6442725, -33.4402161 ], [ -70.6442686, -33.4402556 ], [ -70.6443459, -33.4402601 ], [ -70.6443437, -33.4403037 ], [ -70.6441717, -33.4402925 ], [ -70.6441329, -33.4402898 ], [ -70.6441162, -33.4402268 ], [ -70.6441531, -33.4402243 ], [ -70.6442725, -33.4402161 ] ] ] } },
{ "type": "Feature", "properties": { "INMON": null, "N_INMON": 0, "VECINO": null, "C": 0, "CODIGO": null, "NEW_INMON": 0.0, "EQUIPAM": null, "COD_CAT": 0.0, "ORIG_FID": 0, "SHAPE_LENG": 0.0, "SHAPE_AREA": 0.0, "AREA": 1372.74486, "PERIMETER": 0.0, "INM_MON_": 0, "INM_MON_ID": 0, "INMON_ID": 0, "PR_OLD": null, "Nº_MENTOS": "MH72", "NOMBRE_MON": "Ampliación San Borja Arriarán", "ESTADO_CON": null, "Id": 0 }, "geometry": { "type": "Polygon", "coordinates": [ [ [ -70.640305, -33.4597115 ], [ -70.6403297, -33.4597188 ], [ -70.640309, -33.4599366 ], [ -70.6400962, -33.459889 ], [ -70.640092, -33.4598881 ], [ -70.6400864, -33.4599055 ], [ -70.639725, -33.4598249 ], [ -70.639738, -33.4597707 ], [ -70.6397468, -33.4597365 ], [ -70.6397833, -33.4595943 ], [ -70.6398726, -33.4596149 ], [ -70.639873, -33.4596137 ], [ -70.640058, -33.4596555 ], [ -70.6400579, -33.4596565 ], [ -70.6401409, -33.4596762 ], [ -70.6401412, -33.4596752 ], [ -70.640247, -33.4597003 ], [ -70.6402477, -33.4596982 ], [ -70.6403011, -33.4597103 ], [ -70.640305, -33.4597115 ] ] ] } },
{ "type": "Feature", "properties": { "INMON": null, "N_INMON": 0, "VECINO": null, "C": 0, "CODIGO": null, "NEW_INMON": 0.0, "EQUIPAM": null, "COD_CAT": 0.0, "ORIG_FID": 0, "SHAPE_LENG": 0.0, "SHAPE_AREA": 0.0, "AREA": 1534.92476, "PERIMETER": 0.0, "INM_MON_": 0, "INM_MON_ID": 0, "INMON_ID": 0, "PR_OLD": null, "Nº_MENTOS": "MH84", "NOMBRE_MON": "CASA DE IGNACIO DOMEYKO", "ESTADO_CON": "BUENO", "Id": 0 }, "geometry": { "type": "Polygon", "coordinates": [ [ [ -70.6725323, -33.4379979 ], [ -70.6725263, -33.4380528 ], [ -70.6725242, -33.4380708 ], [ -70.6725176, -33.4381301 ], [ -70.6725156, -33.4381484 ], [ -70.6725121, -33.4381802 ], [ -70.6725089, -33.4382076 ], [ -70.6725067, -33.438227 ], [ -70.6725036, -33.4382555 ], [ -70.6725011, -33.4382778 ], [ -70.6725005, -33.4382828 ], [ -70.6723724, -33.4382741 ], [ -70.6719874, -33.4382478 ], [ -70.6720135, -33.4379599 ], [ -70.6720376, -33.4379616 ], [ -70.6725323, -33.4379979 ] ] ] } },
{ "type": "Feature", "properties": { "INMON": null, "N_INMON": 0, "VECINO": null, "C": 0, "CODIGO": null, "NEW_INMON": 0.0, "EQUIPAM": null, "COD_CAT": 0.0, "ORIG_FID": 0, "SHAPE_LENG": 0.0, "SHAPE_AREA": 0.0, "AREA": 276.92369, "PERIMETER": 0.0, "INM_MON_": 0, "INM_MON_ID": 0, "INMON_ID": 0, "PR_OLD": null, "Nº_MENTOS": "MH85", "NOMBRE_MON": "SEDE SOCIAL DE LOS TRABAJADORES DE LA CONSTRUCCIÓN", "ESTADO_CON": null, "Id": 0 }, "geometry": { "type": "Polygon", "coordinates": [ [ [ -70.6474859, -33.4502358 ], [ -70.6475178, -33.4502386 ], [ -70.6475303, -33.4502399 ], [ -70.6475151, -33.4503214 ], [ -70.6475032, -33.4503199 ], [ -70.6474722, -33.4503161 ], [ -70.6471717, -33.4502737 ], [ -70.6471854, -33.4502026 ], [ -70.6474859, -33.4502358 ] ] ] } },
{ "type": "Feature", "properties": { "INMON": null, "N_INMON": 0, "VECINO": null, "C": 0, "CODIGO": null, "NEW_INMON": 0.0, "EQUIPAM": null, "COD_CAT": 0.0, "ORIG_FID": 0, "SHAPE_LENG": 0.0, "SHAPE_AREA": 0.0, "AREA": 229.33871, "PERIMETER": 0.0, "INM_MON_": 0, "INM_MON_ID": 0, "INMON_ID": 0, "PR_OLD": null, "Nº_MENTOS": "MH91", "NOMBRE_MON": "CASA SAN IGNACIO N°85", "ESTADO_CON": null, "Id": 0 }, "geometry": { "type": "Polygon", "coordinates": [ [ [ -70.6565196, -33.4466018 ], [ -70.6565351, -33.4465097 ], [ -70.6567719, -33.446538 ], [ -70.6567606, -33.4466289 ], [ -70.6565196, -33.4466018 ] ] ] } },
{ "type": "Feature", "properties": { "INMON": null, "N_INMON": 0, "VECINO": null, "C": 0, "CODIGO": null, "NEW_INMON": 0.0, "EQUIPAM": null, "COD_CAT": 0.0, "ORIG_FID": 0, "SHAPE_LENG": 0.0, "SHAPE_AREA": 0.0, "AREA": 246.40457, "PERIMETER": 0.0, "INM_MON_": 0, "INM_MON_ID": 0, "INMON_ID": 0, "PR_OLD": null, "Nº_MENTOS": "MH90", "NOMBRE_MON": "CASA VÁLDES BUSTAMANTE", "ESTADO_CON": null, "Id": 0 }, "geometry": { "type": "Polygon", "coordinates": [ [ [ -70.6567606, -33.4466289 ], [ -70.6567498, -33.4467258 ], [ -70.6567495, -33.4467267 ], [ -70.6566237, -33.4467127 ], [ -70.6565248, -33.446701 ], [ -70.6565067, -33.4466804 ], [ -70.6565196, -33.4466018 ], [ -70.6567606, -33.4466289 ] ] ] } },
{ "type": "Feature", "properties": { "INMON": null, "N_INMON": 0, "VECINO": null, "C": 0, "CODIGO": null, "NEW_INMON": 0.0, "EQUIPAM": null, "COD_CAT": 0.0, "ORIG_FID": 0, "SHAPE_LENG": 0.0, "SHAPE_AREA": 0.0, "AREA": 277.82882, "PERIMETER": 0.0, "INM_MON_": 0, "INM_MON_ID": 0, "INMON_ID": 0, "PR_OLD": null, "Nº_MENTOS": "MH89", "NOMBRE_MON": "EDIFICIO EGUIGUREN-YRARRÁZAVAL", "ESTADO_CON": null, "Id": 0 }, "geometry": { "type": "Polygon", "coordinates": [ [ [ -70.6565151, -33.4468004 ], [ -70.6565949, -33.4468099 ], [ -70.6565596, -33.4470129 ], [ -70.656553, -33.4470547 ], [ -70.6564439, -33.4470418 ], [ -70.6564801, -33.4468232 ], [ -70.6564808, -33.4468228 ], [ -70.6565151, -33.4468004 ] ] ] } },
{ "type": "Feature", "properties": { "INMON": null, "N_INMON": 0, "VECINO": null, "C": 0, "CODIGO": null, "NEW_INMON": 0.0, "EQUIPAM": null, "COD_CAT": 0.0, "ORIG_FID": 0, "SHAPE_LENG": 0.0, "SHAPE_AREA": 0.0, "AREA": 14242.01785, "PERIMETER": 0.0, "INM_MON_": 0, "INM_MON_ID": 0, "INMON_ID": 0, "PR_OLD": null, "Nº_MENTOS": "MH93", "NOMBRE_MON": "Patronato San Antonio de Padua", "ESTADO_CON": null, "Id": 0 }, "geometry": { "type": "Polygon", "coordinates": [ [ [ -70.637946, -33.4644795 ], [ -70.6376017, -33.4657749 ], [ -70.6375308, -33.465817 ], [ -70.6373985, -33.4658044 ], [ -70.6366863, -33.4657246 ], [ -70.6366507, -33.4656728 ], [ -70.6370095, -33.4643123 ], [ -70.6370629, -33.4642849 ], [ -70.6379032, -33.464427 ], [ -70.637946, -33.4644795 ] ] ] } },
{ "type": "Feature", "properties": { "INMON": null, "N_INMON": 0, "VECINO": null, "C": 0, "CODIGO": null, "NEW_INMON": 0.0, "EQUIPAM": null, "COD_CAT": 0.0, "ORIG_FID": 0, "SHAPE_LENG": 0.0, "SHAPE_AREA": 0.0, "AREA": 1447.19238, "PERIMETER": 0.0, "INM_MON_": 0, "INM_MON_ID": 0, "INMON_ID": 0, "PR_OLD": null, "Nº_MENTOS": "MH95", "NOMBRE_MON": "Iglesia Corpus Domini", "ESTADO_CON": null, "Id": 0 }, "geometry": { "type": "Polygon", "coordinates": [ [ [ -70.6646356, -33.4368402 ], [ -70.6646182, -33.4369454 ], [ -70.664495, -33.4369289 ], [ -70.6644532, -33.4371843 ], [ -70.6644537, -33.4371872 ], [ -70.6644606, -33.4371883 ], [ -70.6644652, -33.4371906 ], [ -70.6644684, -33.4371941 ], [ -70.6644699, -33.4371979 ], [ -70.6644708, -33.4372032 ], [ -70.6644695, -33.4372096 ], [ -70.6644665, -33.437214 ], [ -70.664462, -33.4372174 ], [ -70.6644546, -33.4372189 ], [ -70.6644487, -33.4372197 ], [ -70.6644441, -33.4372193 ], [ -70.6644314, -33.4372931 ], [ -70.6642299, -33.4372728 ], [ -70.6642729, -33.437009 ], [ -70.6641863, -33.4369984 ], [ -70.6642179, -33.4368078 ], [ -70.6642964, -33.4368168 ], [ -70.6643096, -33.4367454 ], [ -70.66452, -33.4367718 ], [ -70.6645113, -33.4368236 ], [ -70.6646356, -33.4368402 ] ] ] } },
{ "type": "Feature", "properties": { "INMON": null, "N_INMON": 0, "VECINO": null, "C": 0, "CODIGO": null, "NEW_INMON": 0.0, "EQUIPAM": null, "COD_CAT": 0.0, "ORIG_FID": 0, "SHAPE_LENG": 0.0, "SHAPE_AREA": 0.0, "AREA": 990.37882, "PERIMETER": 0.0, "INM_MON_": 0, "INM_MON_ID": 0, "INMON_ID": 0, "PR_OLD": null, "Nº_MENTOS": "MH97", "NOMBRE_MON": "Teatro Manuel Rodriguez", "ESTADO_CON": null, "Id": 0 }, "geometry": { "type": "Polygon", "coordinates": [ [ [ -70.6642293, -33.4514292 ], [ -70.6642291, -33.4514249 ], [ -70.6642294, -33.4514193 ], [ -70.6642298, -33.451415 ], [ -70.6642309, -33.4514095 ], [ -70.664232, -33.4514053 ], [ -70.6642338, -33.4513999 ], [ -70.6642355, -33.4513959 ], [ -70.6642381, -33.4513906 ], [ -70.6642404, -33.4513868 ], [ -70.6642437, -33.4513819 ], [ -70.6642475, -33.4513772 ], [ -70.6642505, -33.4513739 ], [ -70.6642538, -33.4513706 ], [ -70.6642585, -33.4513665 ], [ -70.6642622, -33.4513637 ], [ -70.6642664, -33.4513608 ], [ -70.6642719, -33.4513576 ], [ -70.6642753, -33.451356 ], [ -70.6642788, -33.4513547 ], [ -70.6642851, -33.4513528 ], [ -70.6642888, -33.4513521 ], [ -70.6642926, -33.4513515 ], [ -70.6642993, -33.4513511 ], [ -70.6643092, -33.4513512 ], [ -70.6643261, -33.4513518 ], [ -70.6643374, -33.4513525 ], [ -70.6645503, -33.4513998 ], [ -70.6645409, -33.4514296 ], [ -70.6645264, -33.4515466 ], [ -70.6645509, -33.4516728 ], [ -70.6645098, -33.451676 ], [ -70.6645103, -33.4516974 ], [ -70.6643893, -33.4517064 ], [ -70.6643869, -33.4516954 ], [ -70.6643569, -33.4516978 ], [ -70.6643183, -33.4517009 ], [ -70.6642677, -33.4517058 ], [ -70.6642293, -33.4514292 ] ] ] } },
{ "type": "Feature", "properties": { "INMON": "M", "N_INMON": 1055, "VECINO": null, "C": 0, "CODIGO": "TS", "NEW_INMON": 0.0, "EQUIPAM": null, "COD_CAT": 1000400018.0, "ORIG_FID": 0, "SHAPE_LENG": 0.0, "SHAPE_AREA": 0.0, "AREA": 3902.72128, "PERIMETER": 269.82833, "INM_MON_": 291, "INM_MON_ID": 290, "INMON_ID": 0, "PR_OLD": "A4", "Nº_MENTOS": "MH57", "NOMBRE_MON": "Palacio Bruna", "ESTADO_CON": "BUENO", "Id": 0 }, "geometry": { "type": "Polygon", "coordinates": [ [ [ -70.6388482, -33.4366683 ], [ -70.6388061, -33.4368763 ], [ -70.6387954, -33.436927 ], [ -70.6388297, -33.4370061 ], [ -70.6388828, -33.4371171 ], [ -70.6389449, -33.437243 ], [ -70.6389589, -33.4372733 ], [ -70.6389977, -33.437357 ], [ -70.6389761, -33.4373579 ], [ -70.6388626, -33.4373644 ], [ -70.6387594, -33.437368 ], [ -70.63864, -33.4373746 ], [ -70.6386036, -33.4373766 ], [ -70.6385319, -33.4373804 ], [ -70.6383701, -33.4373824 ], [ -70.6383659, -33.4373755 ], [ -70.6383535, -33.4373405 ], [ -70.6383163, -33.4366907 ], [ -70.6383173, -33.4366897 ], [ -70.6383489, -33.4366599 ], [ -70.6388482, -33.4366683 ] ] ] } },
{ "type": "Feature", "properties": { "INMON": "M", "N_INMON": 1013, "VECINO": null, "C": 0, "CODIGO": "TA", "NEW_INMON": 0.0, "EQUIPAM": null, "COD_CAT": 5001500012.0, "ORIG_FID": 0, "SHAPE_LENG": 0.0, "SHAPE_AREA": 0.0, "AREA": 1854.58616, "PERIMETER": 190.56282, "INM_MON_": 312, "INM_MON_ID": 311, "INMON_ID": 0, "PR_OLD": "A1", "Nº_MENTOS": "MH14", "NOMBRE_MON": "Club de Septiembre", "ESTADO_CON": "BUENO", "Id": 0 }, "geometry": { "type": "Polygon", "coordinates": [ [ [ -70.6533727, -33.4366628 ], [ -70.6533553, -33.4367821 ], [ -70.6532906, -33.4372145 ], [ -70.6532589, -33.4372392 ], [ -70.6529562, -33.4372064 ], [ -70.6529577, -33.4371958 ], [ -70.6530281, -33.436686 ], [ -70.6531977, -33.4367071 ], [ -70.6532844, -33.4367174 ], [ -70.6532945, -33.4366545 ], [ -70.6533727, -33.4366628 ] ] ] } },
{ "type": "Feature", "properties": { "INMON": "M", "N_INMON": 1002, "VECINO": null, "C": 0, "CODIGO": "TA", "NEW_INMON": 0.0, "EQUIPAM": null, "COD_CAT": 4001000001.0, "ORIG_FID": 0, "SHAPE_LENG": 0.0, "SHAPE_AREA": 0.0, "AREA": 3925.15769, "PERIMETER": 289.29454, "INM_MON_": 364, "INM_MON_ID": 363, "INMON_ID": 0, "PR_OLD": "A1", "Nº_MENTOS": "MH2", "NOMBRE_MON": "Catedral de Santiago", "ESTADO_CON": "BUENO", "Id": 0 }, "geometry": { "type": "Polygon", "coordinates": [ [ [ -70.6516247, -33.437524 ], [ -70.6506027, -33.4374206 ], [ -70.6506045, -33.437409 ], [ -70.650603, -33.4374086 ], [ -70.6506487, -33.4371053 ], [ -70.6506519, -33.4371058 ], [ -70.650653, -33.4370985 ], [ -70.6518072, -33.4372124 ], [ -70.6517619, -33.4375368 ], [ -70.6516247, -33.437524 ] ] ] } },
{ "type": "Feature", "properties": { "INMON": "M", "N_INMON": 1008, "VECINO": null, "C": 0, "CODIGO": "B12", "NEW_INMON": 0.0, "EQUIPAM": null, "COD_CAT": 6001800008.000001, "ORIG_FID": 0, "SHAPE_LENG": 0.0, "SHAPE_AREA": 0.0, "AREA": 2581.86642, "PERIMETER": 275.5976, "INM_MON_": 369, "INM_MON_ID": 368, "INMON_ID": 0, "PR_OLD": "B1", "Nº_MENTOS": "MH9", "NOMBRE_MON": "Iglesia Santa Ana", "ESTADO_CON": "BUENO", "Id": 0 }, "geometry": { "type": "Polygon", "coordinates": [ [ [ -70.6579738, -33.4374424 ], [ -70.6579955, -33.4373001 ], [ -70.6578419, -33.4372858 ], [ -70.6578496, -33.437223 ], [ -70.6577142, -33.4372056 ], [ -70.6577172, -33.437174 ], [ -70.6577183, -33.4371739 ], [ -70.6577239, -33.4371363 ], [ -70.6577231, -33.437136 ], [ -70.6577263, -33.437111 ], [ -70.6577271, -33.4371109 ], [ -70.6577277, -33.4371063 ], [ -70.6579198, -33.437124 ], [ -70.6581795, -33.437148 ], [ -70.6582753, -33.4371575 ], [ -70.6583651, -33.4371648 ], [ -70.6582954, -33.4377087 ], [ -70.6582159, -33.4376983 ], [ -70.6582147, -33.4377063 ], [ -70.6582136, -33.437715 ], [ -70.6582099, -33.4377149 ], [ -70.6582099, -33.4377184 ], [ -70.6582096, -33.4377197 ], [ -70.6582041, -33.4377194 ], [ -70.6582042, -33.4377246 ], [ -70.6581837, -33.4377224 ], [ -70.6581847, -33.4377171 ], [ -70.6581795, -33.4377161 ], [ -70.6581798, -33.437712 ], [ -70.6581348, -33.4377083 ], [ -70.6581345, -33.4377129 ], [ -70.6581295, -33.4377123 ], [ -70.6581289, -33.4377177 ], [ -70.6580929, -33.4377155 ], [ -70.6580926, -33.4377218 ], [ -70.6580502, -33.4377178 ], [ -70.6580509, -33.4377112 ], [ -70.6580457, -33.4377107 ], [ -70.6580476, -33.4376978 ], [ -70.6579922, -33.437692 ], [ -70.6579895, -33.4377049 ], [ -70.6579843, -33.4377043 ], [ -70.6579831, -33.4377108 ], [ -70.6579408, -33.4377074 ], [ -70.6579414, -33.4377008 ], [ -70.6579052, -33.4376973 ], [ -70.6579059, -33.4376917 ], [ -70.6579004, -33.4376912 ], [ -70.6579009, -33.4376872 ], [ -70.657856, -33.4376834 ], [ -70.6578555, -33.4376878 ], [ -70.6578501, -33.4376872 ], [ -70.6578496, -33.4376926 ], [ -70.6578313, -33.4376928 ], [ -70.6578314, -33.4376876 ], [ -70.6578268, -33.4376869 ], [ -70.6578268, -33.4376829 ], [ -70.6578223, -33.4376812 ], [ -70.6578365, -33.437585 ], [ -70.6578559, -33.4375868 ], [ -70.6578556, -33.43759 ], [ -70.6579493, -33.4376 ], [ -70.6579738, -33.4374424 ] ] ] } },
{ "type": "Feature", "properties": { "INMON": "M", "N_INMON": 1008, "VECINO": null, "C": 0, "CODIGO": "B12", "NEW_INMON": 0.0, "EQUIPAM": null, "COD_CAT": 6001800009.0, "ORIG_FID": 0, "SHAPE_LENG": 0.0, "SHAPE_AREA": 0.0, "AREA": 1272.40184, "PERIMETER": 101.30156, "INM_MON_": 381, "INM_MON_ID": 380, "INMON_ID": 0, "PR_OLD": "B1", "Nº_MENTOS": "MH9", "NOMBRE_MON": "Iglesia Santa Ana", "ESTADO_CON": "BUENO", "Id": 0 }, "geometry": { "type": "Polygon", "coordinates": [ [ [ -70.6579738, -33.4374424 ], [ -70.6579498, -33.4375998 ], [ -70.6578357, -33.4375871 ], [ -70.6578194, -33.4377026 ], [ -70.6578131, -33.4377447 ], [ -70.6576453, -33.4377281 ], [ -70.6576502, -33.4376887 ], [ -70.6576846, -33.4374204 ], [ -70.657711, -33.4372052 ], [ -70.6577153, -33.4372058 ], [ -70.6578496, -33.437223 ], [ -70.6578419, -33.4372858 ], [ -70.6579955, -33.4373001 ], [ -70.6579738, -33.4374424 ] ] ] } },
{ "type": "Feature", "properties": { "INMON": "M", "N_INMON": 1016, "VECINO": null, "C": 0, "CODIGO": "TA", "NEW_INMON": 0.0, "EQUIPAM": null, "COD_CAT": 4001000002.0, "ORIG_FID": 0, "SHAPE_LENG": 0.0, "SHAPE_AREA": 0.0, "AREA": 2221.24656, "PERIMETER": 270.17024, "INM_MON_": 406, "INM_MON_ID": 405, "INMON_ID": 0, "PR_OLD": "A1", "Nº_MENTOS": "MH19", "NOMBRE_MON": "Templo Parroquial El Sagrario", "ESTADO_CON": "BUENO", "Id": 0 }, "geometry": { "type": "Polygon", "coordinates": [ [ [ -70.6516247, -33.437524 ], [ -70.6516033, -33.4376874 ], [ -70.6515986, -33.4377261 ], [ -70.6514685, -33.4377138 ], [ -70.6514745, -33.4376691 ], [ -70.6512136, -33.4376439 ], [ -70.6512083, -33.4376905 ], [ -70.6507951, -33.4376504 ], [ -70.6507835, -33.4377108 ], [ -70.6505698, -33.4376917 ], [ -70.6505651, -33.4376855 ], [ -70.6505657, -33.4376804 ], [ -70.6505636, -33.4376802 ], [ -70.6505678, -33.4376647 ], [ -70.650566, -33.4376645 ], [ -70.6505741, -33.437623 ], [ -70.6505723, -33.4376227 ], [ -70.6505749, -33.4376074 ], [ -70.6505762, -33.4376068 ], [ -70.6505788, -33.4375928 ], [ -70.6505765, -33.4375923 ], [ -70.6506027, -33.4374206 ], [ -70.6516247, -33.437524 ] ] ] } },
{ "type": "Feature", "properties": { "INMON": "M", "N_INMON": 1026, "VECINO": null, "C": 0, "CODIGO": "IFZ", "NEW_INMON": 0.0, "EQUIPAM": null, "COD_CAT": 2001200001.0, "ORIG_FID": 0, "SHAPE_LENG": 0.0, "SHAPE_AREA": 0.0, "AREA": 4039.51299, "PERIMETER": 215.63018, "INM_MON_": 429, "INM_MON_ID": 428, "INMON_ID": 0, "PR_OLD": "A", "Nº_MENTOS": "MH28", "NOMBRE_MON": "Iglesia de la Merced", "ESTADO_CON": "BUENO", "Id": 0 }, "geometry": { "type": "Polygon", "coordinates": [ [ [ -70.6455727, -33.438021 ], [ -70.6454873, -33.4380124 ], [ -70.6454965, -33.4379229 ], [ -70.6454574, -33.4379191 ], [ -70.6454675, -33.4378221 ], [ -70.6455083, -33.4378262 ], [ -70.645518, -33.4377276 ], [ -70.6455197, -33.4377155 ], [ -70.6456186, -33.437725 ], [ -70.6456188, -33.4377221 ], [ -70.6456196, -33.4377197 ], [ -70.6456207, -33.4377179 ], [ -70.6456219, -33.4377165 ], [ -70.6456238, -33.4377149 ], [ -70.6456252, -33.4377139 ], [ -70.6456276, -33.437713 ], [ -70.6456304, -33.437712 ], [ -70.6456333, -33.4377118 ], [ -70.645637, -33.4377118 ], [ -70.6462737, -33.4377757 ], [ -70.6462645, -33.437841 ], [ -70.6462742, -33.4378726 ], [ -70.6462703, -33.4378943 ], [ -70.6462622, -33.4379431 ], [ -70.6462591, -33.4379653 ], [ -70.6462402, -33.437994 ], [ -70.64623, -33.4380565 ], [ -70.6461887, -33.438326 ], [ -70.645684, -33.4382676 ], [ -70.6456871, -33.4382485 ], [ -70.6455442, -33.4382319 ], [ -70.6455727, -33.438021 ] ] ] } },
{ "type": "Feature", "properties": { "INMON": "M", "N_INMON": 1006, "VECINO": null, "C": 0, "CODIGO": "TA", "NEW_INMON": 0.0, "EQUIPAM": null, "COD_CAT": 4001100001.0, "ORIG_FID": 0, "SHAPE_LENG": 0.0, "SHAPE_AREA": 0.0, "AREA": 2238.15629, "PERIMETER": 204.81233, "INM_MON_": 467, "INM_MON_ID": 466, "INMON_ID": 0, "PR_OLD": "A1", "Nº_MENTOS": "MH7", "NOMBRE_MON": "Placio Viejo de los Tribunales", "ESTADO_CON": "BUENO", "Id": 0 }, "geometry": { "type": "Polygon", "coordinates": [ [ [ -70.6514089, -33.4382832 ], [ -70.6517462, -33.4383153 ], [ -70.6517461, -33.438317 ], [ -70.6517487, -33.4383173 ], [ -70.6517486, -33.4383189 ], [ -70.6517493, -33.4383188 ], [ -70.6517503, -33.4383189 ], [ -70.6517513, -33.438319 ], [ -70.6517521, -33.4383193 ], [ -70.6517528, -33.4383196 ], [ -70.6517534, -33.43832 ], [ -70.651754, -33.4383205 ], [ -70.6517545, -33.4383211 ], [ -70.6517549, -33.4383217 ], [ -70.6517552, -33.4383224 ], [ -70.6517554, -33.4383233 ], [ -70.6517553, -33.4383241 ], [ -70.6517552, -33.4383248 ], [ -70.6517548, -33.4383255 ], [ -70.6517544, -33.4383261 ], [ -70.6517539, -33.4383267 ], [ -70.6517559, -33.4383269 ], [ -70.6517555, -33.4383294 ], [ -70.6517577, -33.4383296 ], [ -70.6517575, -33.4383307 ], [ -70.6516769, -33.4388491 ], [ -70.6516751, -33.4388489 ], [ -70.6516747, -33.4388513 ], [ -70.6516724, -33.4388511 ], [ -70.6516713, -33.4388592 ], [ -70.6516697, -33.4388591 ], [ -70.6516695, -33.4388606 ], [ -70.6516669, -33.4388604 ], [ -70.6515849, -33.4388509 ], [ -70.6513566, -33.4388265 ], [ -70.6512307, -33.4388106 ], [ -70.6512704, -33.4385608 ], [ -70.6513504, -33.4385692 ], [ -70.6513586, -33.4385158 ], [ -70.6513787, -33.438518 ], [ -70.6514022, -33.4383231 ], [ -70.6514089, -33.4382832 ] ] ] } },
{ "type": "Feature", "properties": { "INMON": "M", "N_INMON": 1054, "VECINO": null, "C": 0, "CODIGO": "B13", "NEW_INMON": 0.0, "EQUIPAM": null, "COD_CAT": 6002200008.000001, "ORIG_FID": 0, "SHAPE_LENG": 0.0, "SHAPE_AREA": 0.0, "AREA": 1659.46129, "PERIMETER": 125.09518, "INM_MON_": 480, "INM_MON_ID": 479, "INMON_ID": 0, "PR_OLD": "B1", "Nº_MENTOS": "MH56", "NOMBRE_MON": "Palacio Matte", "ESTADO_CON": "BUENO", "Id": 0 }, "geometry": { "type": "Polygon", "coordinates": [ [ [ -70.6561842, -33.4384036 ], [ -70.6561868, -33.438382 ], [ -70.6561954, -33.438318 ], [ -70.6562144, -33.4381717 ], [ -70.6565251, -33.4381965 ], [ -70.6565034, -33.4384104 ], [ -70.6564921, -33.4385112 ], [ -70.6564852, -33.4385103 ], [ -70.6564699, -33.4386582 ], [ -70.6564762, -33.4386588 ], [ -70.65647, -33.4387078 ], [ -70.6561921, -33.4386794 ], [ -70.6561808, -33.4386783 ], [ -70.6561791, -33.4386777 ], [ -70.6561771, -33.4386769 ], [ -70.6561753, -33.438676 ], [ -70.6561734, -33.4386751 ], [ -70.6561716, -33.438674 ], [ -70.6561699, -33.438673 ], [ -70.6561683, -33.4386718 ], [ -70.6561667, -33.4386706 ], [ -70.6561652, -33.4386693 ], [ -70.6561637, -33.438668 ], [ -70.6561624, -33.4386666 ], [ -70.6561611, -33.4386651 ], [ -70.6561599, -33.4386636 ], [ -70.6561588, -33.4386621 ], [ -70.6561578, -33.4386605 ], [ -70.6561569, -33.4386588 ], [ -70.6561561, -33.4386572 ], [ -70.6561554, -33.4386555 ], [ -70.6561547, -33.4386537 ], [ -70.6561537, -33.43865 ], [ -70.6561548, -33.4386415 ], [ -70.6561645, -33.4385646 ], [ -70.6561842, -33.4384036 ] ] ] } },
{ "type": "Feature", "properties": { "INMON": "M", "N_INMON": 1012, "VECINO": null, "C": 0, "CODIGO": "B12", "NEW_INMON": 0.0, "EQUIPAM": null, "COD_CAT": 5001900002.0, "ORIG_FID": 0, "SHAPE_LENG": 0.0, "SHAPE_AREA": 0.0, "AREA": 1655.63343, "PERIMETER": 187.66621, "INM_MON_": 502, "INM_MON_ID": 501, "INMON_ID": 0, "PR_OLD": "B1", "Nº_MENTOS": "MH13", "NOMBRE_MON": "Palacio de la Alhambra", "ESTADO_CON": "MALO", "Id": 0 }, "geometry": { "type": "Polygon", "coordinates": [ [ [ -70.6551391, -33.438658 ], [ -70.6553969, -33.4386848 ], [ -70.6553921, -33.4387197 ], [ -70.6553148, -33.4393175 ], [ -70.6551151, -33.4392939 ], [ -70.6550738, -33.4392895 ], [ -70.6550869, -33.4391517 ], [ -70.6550898, -33.4391205 ], [ -70.6550927, -33.4390886 ], [ -70.6550994, -33.4390224 ], [ -70.655107, -33.4389524 ], [ -70.6551135, -33.4388859 ], [ -70.655121, -33.4388176 ], [ -70.6551326, -33.4386926 ], [ -70.6551391, -33.438658 ] ] ] } },
{ "type": "Feature", "properties": { "INMON": "M", "N_INMON": 1037, "VECINO": null, "C": 0, "CODIGO": "B12", "NEW_INMON": 0.0, "EQUIPAM": null, "COD_CAT": 6002400011.0, "ORIG_FID": 0, "SHAPE_LENG": 0.0, "SHAPE_AREA": 0.0, "AREA": 2159.96122, "PERIMETER": 191.61808, "INM_MON_": 560, "INM_MON_ID": 559, "INMON_ID": 0, "PR_OLD": "B1", "Nº_MENTOS": "MH17", "NOMBRE_MON": "Palacio Pereira", "ESTADO_CON": "MALO", "Id": 0 }, "geometry": { "type": "Polygon", "coordinates": [ [ [ -70.6574395, -33.4394248 ], [ -70.6577282, -33.4394563 ], [ -70.6578302, -33.4394671 ], [ -70.6577629, -33.4399903 ], [ -70.6576538, -33.4399796 ], [ -70.6576531, -33.439981 ], [ -70.65761, -33.4399774 ], [ -70.6576098, -33.4399805 ], [ -70.6575255, -33.4399723 ], [ -70.6575258, -33.4399686 ], [ -70.6574834, -33.4399646 ], [ -70.6574836, -33.4399628 ], [ -70.6573754, -33.4399523 ], [ -70.6573739, -33.4399509 ], [ -70.6573719, -33.4399492 ], [ -70.6574362, -33.4394246 ], [ -70.6574395, -33.4394248 ] ] ] } },
{ "type": "Feature", "properties": { "INMON": "M", "N_INMON": 1023, "VECINO": null, "C": 0, "CODIGO": "A3", "NEW_INMON": 0.0, "EQUIPAM": null, "COD_CAT": 5002900001.0, "ORIG_FID": 0, "SHAPE_LENG": 0.0, "SHAPE_AREA": 0.0, "AREA": 764.89068, "PERIMETER": 109.92091, "INM_MON_": 782, "INM_MON_ID": 781, "INMON_ID": 0, "PR_OLD": "A3", "Nº_MENTOS": "MH25", "NOMBRE_MON": "Edificio del Diario Ilustrado Intendencia de Santiago", "ESTADO_CON": "BUENO", "Id": 0 }, "geometry": { "type": "Polygon", "coordinates": [ [ [ -70.6525584, -33.4418924 ], [ -70.6525821, -33.4419158 ], [ -70.652582, -33.4419162 ], [ -70.6525522, -33.4421223 ], [ -70.6524889, -33.4421151 ], [ -70.6524838, -33.4421145 ], [ -70.6522308, -33.4420878 ], [ -70.6522625, -33.4418588 ], [ -70.6525584, -33.4418924 ] ] ] } },
{ "type": "Feature", "properties": { "INMON": "M", "N_INMON": 1001, "VECINO": null, "C": 0, "CODIGO": "A3", "NEW_INMON": 0.0, "EQUIPAM": null, "COD_CAT": 5002800001.0, "ORIG_FID": 0, "SHAPE_LENG": 0.0, "SHAPE_AREA": 0.0, "AREA": 11516.93538, "PERIMETER": 430.5817, "INM_MON_": 790, "INM_MON_ID": 789, "INMON_ID": 0, "PR_OLD": "A3", "Nº_MENTOS": "MH1", "NOMBRE_MON": "Palacio de la Moneda", "ESTADO_CON": "BUENO", "Id": 0 }, "geometry": { "type": "Polygon", "coordinates": [ [ [ -70.6527193, -33.4419294 ], [ -70.6527239, -33.4419299 ], [ -70.6527245, -33.4419282 ], [ -70.6534029, -33.4419979 ], [ -70.6534019, -33.4420036 ], [ -70.6538121, -33.4420487 ], [ -70.6538119, -33.4420504 ], [ -70.6538167, -33.4420511 ], [ -70.6538161, -33.4420549 ], [ -70.6538182, -33.4420552 ], [ -70.6536636, -33.4430356 ], [ -70.6536613, -33.4430353 ], [ -70.6536606, -33.4430393 ], [ -70.6536562, -33.4430389 ], [ -70.6536558, -33.4430407 ], [ -70.6535263, -33.4430263 ], [ -70.6535256, -33.4430282 ], [ -70.653522, -33.4430279 ], [ -70.6535212, -33.4430313 ], [ -70.6534166, -33.4430197 ], [ -70.6534167, -33.4430162 ], [ -70.6526999, -33.4429401 ], [ -70.6527002, -33.4429367 ], [ -70.6526965, -33.4429362 ], [ -70.6526968, -33.4429344 ], [ -70.6525677, -33.4429203 ], [ -70.6525678, -33.4429185 ], [ -70.652563, -33.4429178 ], [ -70.6525636, -33.4429135 ], [ -70.6525617, -33.4429132 ], [ -70.6527166, -33.4419335 ], [ -70.6527187, -33.4419335 ], [ -70.6527193, -33.4419294 ] ] ] } },
{ "type": "Feature", "properties": { "INMON": "M", "N_INMON": 1042, "VECINO": null, "C": 0, "CODIGO": "B2", "NEW_INMON": 0.0, "EQUIPAM": null, "COD_CAT": 6003400032.000001, "ORIG_FID": 0, "SHAPE_LENG": 0.0, "SHAPE_AREA": 0.0, "AREA": 315.50812, "PERIMETER": 96.50436, "INM_MON_": 1029, "INM_MON_ID": 1028, "INMON_ID": 0, "PR_OLD": "B2", "Nº_MENTOS": "MH42", "NOMBRE_MON": "Casa Rivas", "ESTADO_CON": "BUENO", "Id": 0 }, "geometry": { "type": "Polygon", "coordinates": [ [ [ -70.6562958, -33.444578 ], [ -70.6564664, -33.4446179 ], [ -70.6564954, -33.4444736 ], [ -70.6566528, -33.4445043 ], [ -70.6566515, -33.4445312 ], [ -70.6566347, -33.4446658 ], [ -70.6566331, -33.4446656 ], [ -70.6566329, -33.4446675 ], [ -70.6566321, -33.4446691 ], [ -70.6566309, -33.4446705 ], [ -70.6566293, -33.4446711 ], [ -70.6566275, -33.4446714 ], [ -70.6566262, -33.4446714 ], [ -70.6566257, -33.4446726 ], [ -70.6562901, -33.4445907 ], [ -70.6562958, -33.444578 ] ] ] } },
{ "type": "Feature", "properties": { "INMON": "M", "N_INMON": 1019, "VECINO": null, "C": 0, "CODIGO": "TA", "NEW_INMON": 0.0, "EQUIPAM": null, "COD_CAT": 5002100001.0, "ORIG_FID": 0, "SHAPE_LENG": 0.0, "SHAPE_AREA": 0.0, "AREA": 4605.48074, "PERIMETER": 372.83897, "INM_MON_": 1153, "INM_MON_ID": 1152, "INMON_ID": 0, "PR_OLD": "A1", "Nº_MENTOS": "MH21", "NOMBRE_MON": "Palacio de los Tribunales de Justicia", "ESTADO_CON": "BUENO", "Id": 0 }, "geometry": { "type": "Polygon", "coordinates": [ [ [ -70.6518454, -33.4385947 ], [ -70.6519455, -33.4386054 ], [ -70.6519447, -33.4386157 ], [ -70.6522646, -33.4386489 ], [ -70.6522655, -33.4386439 ], [ -70.6523517, -33.4386521 ], [ -70.6523539, -33.438639 ], [ -70.6523785, -33.4386419 ], [ -70.6523796, -33.4386371 ], [ -70.6525403, -33.4386521 ], [ -70.6525398, -33.4386571 ], [ -70.6525655, -33.4386593 ], [ -70.6525645, -33.4386726 ], [ -70.6526498, -33.4386807 ], [ -70.6526492, -33.4386865 ], [ -70.6529711, -33.43872 ], [ -70.6529728, -33.4387089 ], [ -70.6530768, -33.4387188 ], [ -70.6530728, -33.4387473 ], [ -70.6530552, -33.4388578 ], [ -70.6530603, -33.4388582 ], [ -70.6530305, -33.4390337 ], [ -70.6530258, -33.439077 ], [ -70.6528769, -33.439064 ], [ -70.6528912, -33.4389732 ], [ -70.6528232, -33.4389675 ], [ -70.6525288, -33.438948 ], [ -70.6525233, -33.43898 ], [ -70.6521899, -33.4389495 ], [ -70.6521892, -33.4389526 ], [ -70.6521758, -33.4390549 ], [ -70.6520277, -33.4390463 ], [ -70.6520175, -33.4391109 ], [ -70.6519711, -33.4391104 ], [ -70.6519674, -33.4391347 ], [ -70.6517632, -33.4391131 ], [ -70.6517626, -33.439113 ], [ -70.6518454, -33.4385947 ] ] ] } },
{ "type": "Feature", "properties": { "INMON": "M", "N_INMON": 1022, "VECINO": null, "C": 0, "CODIGO": "TFA", "NEW_INMON": 0.0, "EQUIPAM": null, "COD_CAT": 5003000001.0, "ORIG_FID": 0, "SHAPE_LENG": 0.0, "SHAPE_AREA": 0.0, "AREA": 8644.24874, "PERIMETER": 446.4624, "INM_MON_": 1185, "INM_MON_ID": 1184, "INMON_ID": 0, "PR_OLD": "A", "Nº_MENTOS": "MH24", "NOMBRE_MON": "Estación Mapocho", "ESTADO_CON": "BUENO", "Id": 0 }, "geometry": { "type": "Polygon", "coordinates": [ [ [ -70.6548266, -33.4319173 ], [ -70.654776, -33.4319302 ], [ -70.6542509, -33.4320539 ], [ -70.6542076, -33.4320621 ], [ -70.6541473, -33.4320731 ], [ -70.6541171, -33.4320829 ], [ -70.6540115, -33.4321053 ], [ -70.6539349, -33.4321269 ], [ -70.653895, -33.4321329 ], [ -70.6538667, -33.4321425 ], [ -70.6538269, -33.432149 ], [ -70.6537979, -33.4321588 ], [ -70.6537586, -33.432165 ], [ -70.6537468, -33.4321687 ], [ -70.6537391, -33.4321757 ], [ -70.6537374, -33.4321812 ], [ -70.6537344, -33.4321863 ], [ -70.6537302, -33.4321907 ], [ -70.653725, -33.4321944 ], [ -70.653719, -33.432197 ], [ -70.6537125, -33.4321985 ], [ -70.6537058, -33.4321989 ], [ -70.6536991, -33.4321981 ], [ -70.6536928, -33.4321961 ], [ -70.6536871, -33.4321931 ], [ -70.6536822, -33.4321891 ], [ -70.6536787, -33.4321847 ], [ -70.6535924, -33.4322065 ], [ -70.653553, -33.4322131 ], [ -70.6535241, -33.4322228 ], [ -70.6534848, -33.4322292 ], [ -70.6534554, -33.4322386 ], [ -70.6534164, -33.4322451 ], [ -70.6534081, -33.4322491 ], [ -70.6533139, -33.4322709 ], [ -70.6533161, -33.4322774 ], [ -70.6531978, -33.4323051 ], [ -70.6531682, -33.4322193 ], [ -70.6531618, -33.432216 ], [ -70.653152, -33.4322149 ], [ -70.6531459, -33.4321867 ], [ -70.6531509, -33.4321806 ], [ -70.6531468, -33.4321672 ], [ -70.6531534, -33.4321632 ], [ -70.6531279, -33.4320946 ], [ -70.653122, -33.4320962 ], [ -70.6531144, -33.4320741 ], [ -70.653121, -33.4320702 ], [ -70.6530977, -33.4320034 ], [ -70.6530898, -33.432003 ], [ -70.6530829, -33.4319812 ], [ -70.6530891, -33.4319773 ], [ -70.6530664, -33.4319101 ], [ -70.6530582, -33.4319095 ], [ -70.6530503, -33.4318924 ], [ -70.6530422, -33.4318912 ], [ -70.6530336, -33.431866 ], [ -70.6530396, -33.4318615 ], [ -70.653044, -33.4318554 ], [ -70.6530147, -33.4317698 ], [ -70.653053, -33.4317614 ], [ -70.6539497, -33.4315519 ], [ -70.6539795, -33.4316386 ], [ -70.6545927, -33.4314887 ], [ -70.6547141, -33.4318527 ], [ -70.6547977, -33.4318311 ], [ -70.6548266, -33.4319173 ] ] ] } },
{ "type": "Feature", "properties": { "INMON": "M", "N_INMON": 1057, "VECINO": null, "C": 0, "CODIGO": "TFA", "NEW_INMON": 0.0, "EQUIPAM": null, "COD_CAT": 3002100001.0, "ORIG_FID": 0, "SHAPE_LENG": 0.0, "SHAPE_AREA": 0.0, "AREA": 1267.45523, "PERIMETER": 148.9597, "INM_MON_": 1186, "INM_MON_ID": 1185, "INMON_ID": 0, "PR_OLD": null, "Nº_MENTOS": "MH58", "NOMBRE_MON": "Puentes Metálicos Río Mapocho (4)", "ESTADO_CON": "BUENO", "Id": 0 }, "geometry": { "type": "Polygon", "coordinates": [ [ [ -70.6497419, -33.4319165 ], [ -70.6497724, -33.4320176 ], [ -70.6498526, -33.43228 ], [ -70.64987, -33.4323379 ], [ -70.6496029, -33.4324008 ], [ -70.6495803, -33.432333 ], [ -70.6494954, -33.4320719 ], [ -70.6494671, -33.431979 ], [ -70.6497419, -33.4319165 ] ] ] } },
{ "type": "Feature", "properties": { "INMON": "M", "N_INMON": 1044, "VECINO": null, "C": 0, "CODIGO": "TFA", "NEW_INMON": 0.0, "EQUIPAM": null, "COD_CAT": 4000300001.0, "ORIG_FID": 0, "SHAPE_LENG": 0.0, "SHAPE_AREA": 0.0, "AREA": 7876.55706, "PERIMETER": 377.04908, "INM_MON_": 1188, "INM_MON_ID": 1187, "INMON_ID": 0, "PR_OLD": "A", "Nº_MENTOS": "MH44", "NOMBRE_MON": "Mercado Central", "ESTADO_CON": "BUENO", "Id": 0 }, "geometry": { "type": "Polygon", "coordinates": [ [ [ -70.6507773, -33.4330462 ], [ -70.6509258, -33.43305 ], [ -70.6509159, -33.4333386 ], [ -70.650916, -33.4333842 ], [ -70.6508968, -33.4337911 ], [ -70.650857, -33.4338204 ], [ -70.6508534, -33.4338203 ], [ -70.6498325, -33.433793 ], [ -70.6497965, -33.4337609 ], [ -70.6498117, -33.4333512 ], [ -70.6498197, -33.4331978 ], [ -70.6499557, -33.4332008 ], [ -70.6499562, -33.433189 ], [ -70.6500687, -33.4331912 ], [ -70.6500725, -33.4331002 ], [ -70.6500935, -33.4330838 ], [ -70.6500969, -33.4330839 ], [ -70.6501985, -33.4330862 ], [ -70.6503468, -33.4330895 ], [ -70.650402, -33.4330909 ], [ -70.6504027, -33.4330921 ], [ -70.6506571, -33.4330998 ], [ -70.6506762, -33.4331177 ], [ -70.650675, -33.433134 ], [ -70.6507725, -33.4331374 ], [ -70.6507773, -33.4330462 ] ] ] } },
{ "type": "Feature", "properties": { "INMON": "M", "N_INMON": 1009, "VECINO": null, "C": 0, "CODIGO": "IFZ", "NEW_INMON": 0.0, "EQUIPAM": null, "COD_CAT": 3000200008.0, "ORIG_FID": 0, "SHAPE_LENG": 0.0, "SHAPE_AREA": 0.0, "AREA": 769.83211, "PERIMETER": 46.2286, "INM_MON_": 1191, "INM_MON_ID": 1190, "INMON_ID": 0, "PR_OLD": "A8a", "Nº_MENTOS": "MH10", "NOMBRE_MON": "Posada del Corregidor", "ESTADO_CON": "BUENO", "Id": 0 }, "geometry": { "type": "Polygon", "coordinates": [ [ [ -70.6474209, -33.4340821 ], [ -70.647509, -33.43408 ], [ -70.647513, -33.4342024 ], [ -70.6475134, -33.4342195 ], [ -70.6474384, -33.4342221 ], [ -70.6474379, -33.434218 ], [ -70.6472183, -33.4342212 ], [ -70.6472173, -33.4342013 ], [ -70.6472042, -33.4340715 ], [ -70.647188, -33.4339112 ], [ -70.6471851, -33.4339111 ], [ -70.6471837, -33.4339057 ], [ -70.6471555, -33.4338894 ], [ -70.6472935, -33.4338554 ], [ -70.6473088, -33.4339969 ], [ -70.6474066, -33.4339885 ], [ -70.6474209, -33.4340821 ] ] ] } },
{ "type": "Feature", "properties": { "INMON": "M", "N_INMON": 1048, "VECINO": null, "C": 0, "CODIGO": "IFZ", "NEW_INMON": 0.0, "EQUIPAM": null, "COD_CAT": 3000500009.0, "ORIG_FID": 0, "SHAPE_LENG": 0.0, "SHAPE_AREA": 0.0, "AREA": 2722.93399, "PERIMETER": 231.61661, "INM_MON_": 1199, "INM_MON_ID": 1198, "INMON_ID": 0, "PR_OLD": "A", "Nº_MENTOS": "MH49", "NOMBRE_MON": "Iglesia de San Pedro", "ESTADO_CON": "BUENO", "Id": 0 }, "geometry": { "type": "Polygon", "coordinates": [ [ [ -70.6472347, -33.4344622 ], [ -70.647327, -33.4344658 ], [ -70.6473553, -33.4347073 ], [ -70.647312, -33.4348352 ], [ -70.6473097, -33.4349073 ], [ -70.6471831, -33.4348906 ], [ -70.6471661, -33.4350198 ], [ -70.64716, -33.4350662 ], [ -70.6469805, -33.4350488 ], [ -70.6469842, -33.43502 ], [ -70.6468658, -33.4350086 ], [ -70.6468604, -33.4350423 ], [ -70.6467996, -33.435037 ], [ -70.6467501, -33.4350327 ], [ -70.6468237, -33.4345113 ], [ -70.6469073, -33.4345187 ], [ -70.6469222, -33.4345209 ], [ -70.647186, -33.4345419 ], [ -70.6472377, -33.4345457 ], [ -70.6472347, -33.4344622 ] ] ] } },
{ "type": "Feature", "properties": { "INMON": "M", "N_INMON": 1057, "VECINO": null, "C": 0, "CODIGO": null, "NEW_INMON": 0.0, "EQUIPAM": null, "COD_CAT": 0.0, "ORIG_FID": 0, "SHAPE_LENG": 0.0, "SHAPE_AREA": 0.0, "AREA": 665.92603, "PERIMETER": 110.85644, "INM_MON_": 1202, "INM_MON_ID": 1201, "INMON_ID": 0, "PR_OLD": null, "Nº_MENTOS": "MH58", "NOMBRE_MON": "Puentes Metálicos Río Mapocho (4)", "ESTADO_CON": "BUENO", "Id": 0 }, "geometry": { "type": "Polygon", "coordinates": [ [ [ -70.6380587, -33.4347423 ], [ -70.638238, -33.4346963 ], [ -70.6383278, -33.4349677 ], [ -70.638332, -33.4349781 ], [ -70.6383492, -33.4350212 ], [ -70.6381607, -33.4350702 ], [ -70.6381368, -33.4349933 ], [ -70.6380587, -33.4347423 ] ] ] } },
{ "type": "Feature", "properties": { "INMON": "M", "N_INMON": 1039, "VECINO": null, "C": 0, "CODIGO": "IFZ", "NEW_INMON": 0.0, "EQUIPAM": null, "COD_CAT": 2000200007.0, "ORIG_FID": 0, "SHAPE_LENG": 0.0, "SHAPE_AREA": 0.0, "AREA": 1150.29664, "PERIMETER": 161.62138, "INM_MON_": 1208, "INM_MON_ID": 1207, "INMON_ID": 0, "PR_OLD": "A", "Nº_MENTOS": "MH39", "NOMBRE_MON": "Casa de Calle Santo Domingo", "ESTADO_CON": "BUENO", "Id": 0 }, "geometry": { "type": "Polygon", "coordinates": [ [ [ -70.6455369, -33.4352075 ], [ -70.6455427, -33.4351506 ], [ -70.64563, -33.4351542 ], [ -70.645646, -33.4347903 ], [ -70.6458108, -33.4347986 ], [ -70.6458572, -33.434803 ], [ -70.6458177, -33.4352238 ], [ -70.6458109, -33.435293 ], [ -70.6458097, -33.4353065 ], [ -70.645525, -33.4352734 ], [ -70.6455274, -33.4352594 ], [ -70.6455369, -33.4352075 ] ] ] } },
{ "type": "Feature", "properties": { "INMON": "M", "N_INMON": 1004, "VECINO": null, "C": 0, "CODIGO": "TA", "NEW_INMON": 0.0, "EQUIPAM": null, "COD_CAT": 4000700002.0, "ORIG_FID": 0, "SHAPE_LENG": 0.0, "SHAPE_AREA": 0.0, "AREA": 4792.18346, "PERIMETER": 251.27108, "INM_MON_": 1209, "INM_MON_ID": 1208, "INMON_ID": 0, "PR_OLD": "A1", "Nº_MENTOS": "MH4", "NOMBRE_MON": "Iglesia de Santo Domingo", "ESTADO_CON": "BUENO", "Id": 0 }, "geometry": { "type": "Polygon", "coordinates": [ [ [ -70.6497483, -33.4349074 ], [ -70.649768, -33.4349094 ], [ -70.6499686, -33.4349213 ], [ -70.6499593, -33.4350193 ], [ -70.6501203, -33.4350305 ], [ -70.6501094, -33.4351428 ], [ -70.6500987, -33.4351418 ], [ -70.6500944, -33.4351828 ], [ -70.6500157, -33.4351773 ], [ -70.650008, -33.4352454 ], [ -70.650195, -33.4352593 ], [ -70.650166, -33.435526 ], [ -70.6499561, -33.43551 ], [ -70.6499495, -33.435554 ], [ -70.6499045, -33.43555 ], [ -70.649897, -33.4355991 ], [ -70.6503075, -33.4356434 ], [ -70.6504398, -33.4356583 ], [ -70.6504286, -33.4357513 ], [ -70.6498099, -33.4356849 ], [ -70.6494742, -33.4356513 ], [ -70.6494513, -33.435629 ], [ -70.6495301, -33.4350636 ], [ -70.6495341, -33.43504 ], [ -70.6496381, -33.435049 ], [ -70.649657, -33.4349151 ], [ -70.6497453, -33.4349225 ], [ -70.6497483, -33.4349074 ] ] ] } },
{ "type": "Feature", "properties": { "INMON": "M", "N_INMON": 1048, "VECINO": null, "C": 0, "CODIGO": "IFZ", "NEW_INMON": 0.0, "EQUIPAM": null, "COD_CAT": 3000500010.0, "ORIG_FID": 0, "SHAPE_LENG": 0.0, "SHAPE_AREA": 0.0, "AREA": 1800.12268, "PERIMETER": 154.01772, "INM_MON_": 1211, "INM_MON_ID": 1210, "INMON_ID": 0, "PR_OLD": "A", "Nº_MENTOS": "MH49", "NOMBRE_MON": "Iglesia de San Pedro", "ESTADO_CON": "BUENO", "Id": 0 }, "geometry": { "type": "Polygon", "coordinates": [ [ [ -70.64716, -33.4350662 ], [ -70.6471059, -33.4354352 ], [ -70.6470993, -33.4354826 ], [ -70.6466905, -33.435438 ], [ -70.6467501, -33.4350327 ], [ -70.6468604, -33.4350423 ], [ -70.6468658, -33.4350086 ], [ -70.6469842, -33.43502 ], [ -70.6469805, -33.4350488 ], [ -70.64716, -33.4350662 ] ] ] } },
{ "type": "Feature", "properties": { "INMON": "M", "N_INMON": 1057, "VECINO": null, "C": 0, "CODIGO": "TFA", "NEW_INMON": 0.0, "EQUIPAM": null, "COD_CAT": 1001300001.0000001, "ORIG_FID": 0, "SHAPE_LENG": 0.0, "SHAPE_AREA": 0.0, "AREA": 325.32222, "PERIMETER": 83.69644, "INM_MON_": 1212, "INM_MON_ID": 1211, "INMON_ID": 0, "PR_OLD": null, "Nº_MENTOS": "MH58", "NOMBRE_MON": "Puentes Metálicos Río Mapocho (4)", "ESTADO_CON": "BUENO", "Id": 0 }, "geometry": { "type": "Polygon", "coordinates": [ [ [ -70.635989, -33.4352409 ], [ -70.6361202, -33.435208 ], [ -70.6361927, -33.4354361 ], [ -70.6360651, -33.4354649 ], [ -70.635989, -33.4352409 ] ] ] } },
{ "type": "Feature", "properties": { "INMON": "M", "N_INMON": 1038, "VECINO": null, "C": 0, "CODIGO": "IFZ", "NEW_INMON": 0.0, "EQUIPAM": null, "COD_CAT": 2000200010.0, "ORIG_FID": 0, "SHAPE_LENG": 0.0, "SHAPE_AREA": 0.0, "AREA": 705.9125, "PERIMETER": 106.23126, "INM_MON_": 1213, "INM_MON_ID": 1212, "INMON_ID": 0, "PR_OLD": "A", "Nº_MENTOS": "MH38", "NOMBRE_MON": "Casa de Velasco", "ESTADO_CON": "BUENO", "Id": 0 }, "geometry": { "type": "Polygon", "coordinates": [ [ [ -70.6466527, -33.4351667 ], [ -70.6466776, -33.4351689 ], [ -70.646644, -33.4353903 ], [ -70.6465252, -33.4353764 ], [ -70.6465116, -33.4353748 ], [ -70.6465108, -33.4353747 ], [ -70.6464772, -33.4353708 ], [ -70.6464747, -33.4353705 ], [ -70.6464608, -33.4353689 ], [ -70.6463316, -33.4353545 ], [ -70.6463197, -33.4353532 ], [ -70.6463311, -33.4352905 ], [ -70.6463466, -33.4352919 ], [ -70.6463729, -33.4351437 ], [ -70.6463854, -33.435144 ], [ -70.6466527, -33.4351667 ] ] ] } },
{ "type": "Feature", "properties": { "INMON": "M", "N_INMON": 1017, "VECINO": null, "C": 0, "CODIGO": "TA", "NEW_INMON": 0.0, "EQUIPAM": null, "COD_CAT": 4001000003.0, "ORIG_FID": 0, "SHAPE_LENG": 0.0, "SHAPE_AREA": 0.0, "AREA": 3013.12563, "PERIMETER": 229.85668, "INM_MON_": 1409, "INM_MON_ID": 1408, "INMON_ID": 0, "PR_OLD": "A1", "Nº_MENTOS": "MH18", "NOMBRE_MON": "Palacio Arzobispal", "ESTADO_CON": "BUENO", "Id": 0 }, "geometry": { "type": "Polygon", "coordinates": [ [ [ -70.6512083, -33.4376905 ], [ -70.6511937, -33.4378177 ], [ -70.6511523, -33.4381567 ], [ -70.6511644, -33.4381709 ], [ -70.6510908, -33.4381634 ], [ -70.6505492, -33.4381068 ], [ -70.6505489, -33.4381048 ], [ -70.6505448, -33.438104 ], [ -70.6505213, -33.438079 ], [ -70.6505208, -33.4380757 ], [ -70.6505142, -33.4380664 ], [ -70.6505235, -33.4380097 ], [ -70.6505365, -33.4379981 ], [ -70.6505433, -33.4379402 ], [ -70.6505422, -33.4379401 ], [ -70.6505359, -33.4379332 ], [ -70.6505339, -33.4379305 ], [ -70.6505698, -33.4376917 ], [ -70.6507835, -33.4377108 ], [ -70.6507951, -33.4376504 ], [ -70.6512083, -33.4376905 ] ] ] } },
{ "type": "Feature", "properties": { "INMON": "M", "N_INMON": 1032, "VECINO": null, "C": 0, "CODIGO": "IFZ", "NEW_INMON": 0.0, "EQUIPAM": null, "COD_CAT": 3001200004.0000005, "ORIG_FID": 0, "SHAPE_LENG": 0.0, "SHAPE_AREA": 0.0, "AREA": 1584.44075, "PERIMETER": 177.97008, "INM_MON_": 1410, "INM_MON_ID": 1409, "INMON_ID": 0, "PR_OLD": "A", "Nº_MENTOS": "MH6", "NOMBRE_MON": "Casa del Presidente Manuel Montt", "ESTADO_CON": "MALO", "Id": 0 }, "geometry": { "type": "Polygon", "coordinates": [ [ [ -70.6468113, -33.4378458 ], [ -70.6468101, -33.4378532 ], [ -70.6469747, -33.4378702 ], [ -70.6469758, -33.4378629 ], [ -70.6470493, -33.4378705 ], [ -70.6470464, -33.4378907 ], [ -70.6469944, -33.4381519 ], [ -70.6470171, -33.4381548 ], [ -70.6469775, -33.4383935 ], [ -70.6469419, -33.4383895 ], [ -70.6469386, -33.4383892 ], [ -70.6469258, -33.4383878 ], [ -70.6469273, -33.4383796 ], [ -70.646921, -33.438379 ], [ -70.6467016, -33.4383554 ], [ -70.6467196, -33.4381281 ], [ -70.6467244, -33.4380673 ], [ -70.6466998, -33.4380654 ], [ -70.6467339, -33.4378531 ], [ -70.6467362, -33.4378379 ], [ -70.6467456, -33.4378388 ], [ -70.6468113, -33.4378458 ] ] ] } },
{ "type": "Feature", "properties": { "INMON": "M", "N_INMON": 1005, "VECINO": null, "C": 0, "CODIGO": "TA", "NEW_INMON": 0.0, "EQUIPAM": null, "COD_CAT": 3001100002.0, "ORIG_FID": 0, "SHAPE_LENG": 0.0, "SHAPE_AREA": 0.0, "AREA": 1206.33682, "PERIMETER": 151.02375, "INM_MON_": 1412, "INM_MON_ID": 1411, "INMON_ID": 0, "PR_OLD": "A1", "Nº_MENTOS": "MH5", "NOMBRE_MON": "Casa Colorada", "ESTADO_CON": "BUENO", "Id": 0 }, "geometry": { "type": "Polygon", "coordinates": [ [ [ -70.6483752, -33.4379966 ], [ -70.6487706, -33.4380356 ], [ -70.6487556, -33.4381432 ], [ -70.6487641, -33.4381442 ], [ -70.6487535, -33.4382089 ], [ -70.6487306, -33.4383385 ], [ -70.6483289, -33.4382978 ], [ -70.648343, -33.4382072 ], [ -70.6483829, -33.4382117 ], [ -70.648404, -33.4380635 ], [ -70.6483642, -33.4380585 ], [ -70.6483689, -33.4380333 ], [ -70.6483744, -33.4379982 ], [ -70.6483754, -33.4379982 ], [ -70.6483752, -33.4379966 ] ] ] } },
{ "type": "Feature", "properties": { "INMON": "M", "N_INMON": 1010, "VECINO": null, "C": 0, "CODIGO": "TA", "NEW_INMON": 0.0, "EQUIPAM": null, "COD_CAT": 3001100001.0, "ORIG_FID": 0, "SHAPE_LENG": 0.0, "SHAPE_AREA": 0.0, "AREA": 351.08731, "PERIMETER": 74.40161, "INM_MON_": 1413, "INM_MON_ID": 1412, "INMON_ID": 0, "PR_OLD": "A1", "Nº_MENTOS": "MH11", "NOMBRE_MON": "Edificio Comercial Edwards", "ESTADO_CON": "BUENO", "Id": 0 }, "geometry": { "type": "Polygon", "coordinates": [ [ [ -70.6487706, -33.4380356 ], [ -70.6489358, -33.4380498 ], [ -70.6489637, -33.4380778 ], [ -70.6489402, -33.4382316 ], [ -70.6488881, -33.4382264 ], [ -70.6487535, -33.438209 ], [ -70.648764, -33.4381444 ], [ -70.6487556, -33.4381431 ], [ -70.6487706, -33.4380356 ] ] ] } },
{ "type": "Feature", "properties": { "INMON": "M", "N_INMON": 1041, "VECINO": null, "C": 0, "CODIGO": "TS", "NEW_INMON": 0.0, "EQUIPAM": null, "COD_CAT": 1000800019.0, "ORIG_FID": 0, "SHAPE_LENG": 0.0, "SHAPE_AREA": 0.0, "AREA": 979.63552, "PERIMETER": 120.15436, "INM_MON_": 1416, "INM_MON_ID": 1415, "INMON_ID": 0, "PR_OLD": "A4", "Nº_MENTOS": "MH41", "NOMBRE_MON": "Iglesia de la Veracruz", "ESTADO_CON": "BUENO", "Id": 0 }, "geometry": { "type": "Polygon", "coordinates": [ [ [ -70.640759, -33.4383241 ], [ -70.6408267, -33.4383464 ], [ -70.6408115, -33.4384442 ], [ -70.6408101, -33.4384522 ], [ -70.640773, -33.4386427 ], [ -70.6407644, -33.4386695 ], [ -70.6407477, -33.4386993 ], [ -70.6407377, -33.4387182 ], [ -70.6406732, -33.4386908 ], [ -70.6406279, -33.4386715 ], [ -70.640626, -33.4386707 ], [ -70.6406063, -33.4386616 ], [ -70.6405986, -33.4386572 ], [ -70.6405918, -33.4386521 ], [ -70.6405858, -33.4386467 ], [ -70.6405811, -33.4386415 ], [ -70.6405789, -33.4386387 ], [ -70.640576, -33.4386345 ], [ -70.640573, -33.4386291 ], [ -70.6405704, -33.4386228 ], [ -70.6405669, -33.438596 ], [ -70.6405661, -33.4385889 ], [ -70.6405641, -33.438573 ], [ -70.6405626, -33.4385653 ], [ -70.6405579, -33.4385181 ], [ -70.6405508, -33.4384604 ], [ -70.6405258, -33.4382506 ], [ -70.6405406, -33.4382539 ], [ -70.640759, -33.4383241 ] ] ] } },
{ "type": "Feature", "properties": { "INMON": "M", "N_INMON": 1061, "VECINO": null, "C": 0, "CODIGO": "IFZ", "NEW_INMON": 0.0, "EQUIPAM": null, "COD_CAT": 17100200023.0, "ORIG_FID": 0, "SHAPE_LENG": 0.0, "SHAPE_AREA": 0.0, "AREA": 7426.97815, "PERIMETER": 320.08838, "INM_MON_": 1419, "INM_MON_ID": 1418, "INMON_ID": 0, "PR_OLD": "B", "Nº_MENTOS": "MH62", "NOMBRE_MON": "Embajada de la República Argentina", "ESTADO_CON": "BUENO", "Id": 0 }, "geometry": { "type": "Polygon", "coordinates": [ [ [ -70.6342674, -33.4386572 ], [ -70.6352127, -33.4389895 ], [ -70.6349957, -33.439591 ], [ -70.6339452, -33.4392023 ], [ -70.6341121, -33.4386033 ], [ -70.6342674, -33.4386572 ] ] ] } },
{ "type": "Feature", "properties": { "INMON": "M", "N_INMON": 1031, "VECINO": null, "C": 0, "CODIGO": "IFZ", "NEW_INMON": 0.0, "EQUIPAM": null, "COD_CAT": 3001500001.0, "ORIG_FID": 0, "SHAPE_LENG": 0.0, "SHAPE_AREA": 0.0, "AREA": 2675.92862, "PERIMETER": 228.78801, "INM_MON_": 1451, "INM_MON_ID": 1450, "INMON_ID": 0, "PR_OLD": "A", "Nº_MENTOS": "MH33", "NOMBRE_MON": "Iglesia de San Agustin", "ESTADO_CON": "BUENO", "Id": 0 }, "geometry": { "type": "Polygon", "coordinates": [ [ [ -70.648329, -33.4405893 ], [ -70.6483153, -33.4406878 ], [ -70.6483743, -33.4406918 ], [ -70.6483713, -33.440709 ], [ -70.647839, -33.4406639 ], [ -70.6478551, -33.4405545 ], [ -70.6478904, -33.4403087 ], [ -70.6478915, -33.4402855 ], [ -70.6482913, -33.4403139 ], [ -70.6482914, -33.4403126 ], [ -70.6482959, -33.4403129 ], [ -70.6482961, -33.4403117 ], [ -70.6483206, -33.4403138 ], [ -70.6483206, -33.4403152 ], [ -70.6483623, -33.4403181 ], [ -70.6483625, -33.4403163 ], [ -70.6483723, -33.4403173 ], [ -70.6483721, -33.4403186 ], [ -70.6483766, -33.4403188 ], [ -70.6483764, -33.4403203 ], [ -70.6485509, -33.440332 ], [ -70.6486071, -33.4403361 ], [ -70.6486337, -33.4403378 ], [ -70.648603, -33.4406201 ], [ -70.6485406, -33.4406148 ], [ -70.648329, -33.4405893 ] ] ] } },
{ "type": "Feature", "properties": { "INMON": "M", "N_INMON": 1028, "VECINO": null, "C": 0, "CODIGO": "TN", "NEW_INMON": 0.0, "EQUIPAM": null, "COD_CAT": 4001700003.0, "ORIG_FID": 0, "SHAPE_LENG": 0.0, "SHAPE_AREA": 0.0, "AREA": 1029.69275, "PERIMETER": 134.20786, "INM_MON_": 1466, "INM_MON_ID": 1465, "INMON_ID": 0, "PR_OLD": "A", "Nº_MENTOS": "MH30", "NOMBRE_MON": "Iglesia de las Agustinas", "ESTADO_CON": "BUENO", "Id": 0 }, "geometry": { "type": "Polygon", "coordinates": [ [ [ -70.6507962, -33.4421034 ], [ -70.6507292, -33.4420957 ], [ -70.6507243, -33.442101 ], [ -70.650718, -33.4421065 ], [ -70.6507098, -33.442112 ], [ -70.6507015, -33.4421156 ], [ -70.6506933, -33.4421176 ], [ -70.6506827, -33.4421193 ], [ -70.6506693, -33.4421191 ], [ -70.6506582, -33.4421169 ], [ -70.6506507, -33.4421147 ], [ -70.6506419, -33.4421106 ], [ -70.6506335, -33.4421057 ], [ -70.6506264, -33.4420988 ], [ -70.6506207, -33.4420911 ], [ -70.6506161, -33.4420825 ], [ -70.6505393, -33.4420743 ], [ -70.650561, -33.4418734 ], [ -70.6505755, -33.4417462 ], [ -70.6505791, -33.4417078 ], [ -70.6508672, -33.4417294 ], [ -70.6509193, -33.4417333 ], [ -70.6509136, -33.4417816 ], [ -70.6508665, -33.4417773 ], [ -70.650824, -33.4418241 ], [ -70.6507962, -33.4421034 ] ] ] } },
{ "type": "Feature", "properties": { "INMON": "M", "N_INMON": 1036, "VECINO": null, "C": 0, "CODIGO": "TN", "NEW_INMON": 0.0, "EQUIPAM": null, "COD_CAT": 4001700001.0, "ORIG_FID": 0, "SHAPE_LENG": 0.0, "SHAPE_AREA": 0.0, "AREA": 355.61373, "PERIMETER": 91.72847, "INM_MON_": 1467, "INM_MON_ID": 1466, "INMON_ID": 0, "PR_OLD": "A", "Nº_MENTOS": "MH37", "NOMBRE_MON": "Edificio Ex - Hotel Mundial", "ESTADO_CON": "BUENO", "Id": 0 }, "geometry": { "type": "Polygon", "coordinates": [ [ [ -70.650919, -33.4417334 ], [ -70.651052, -33.4417449 ], [ -70.6510478, -33.4417563 ], [ -70.6510506, -33.441757 ], [ -70.6510566, -33.441753 ], [ -70.6510607, -33.4417509 ], [ -70.6510661, -33.4417488 ], [ -70.6510707, -33.4417476 ], [ -70.6510762, -33.4417466 ], [ -70.6510802, -33.4417463 ], [ -70.6510843, -33.4417463 ], [ -70.651089, -33.4417467 ], [ -70.6510938, -33.4417475 ], [ -70.6510976, -33.4417485 ], [ -70.6511006, -33.4417494 ], [ -70.6511042, -33.4417509 ], [ -70.6511077, -33.4417526 ], [ -70.6511115, -33.441755 ], [ -70.6511151, -33.4417577 ], [ -70.6511178, -33.4417602 ], [ -70.6511194, -33.4417619 ], [ -70.6511198, -33.4417623 ], [ -70.6511224, -33.4417657 ], [ -70.6511247, -33.4417696 ], [ -70.6511265, -33.4417731 ], [ -70.6511276, -33.4417763 ], [ -70.6511284, -33.4417806 ], [ -70.6511284, -33.4417839 ], [ -70.6511277, -33.4417882 ], [ -70.6511262, -33.4417923 ], [ -70.6511231, -33.4417974 ], [ -70.6511195, -33.4418012 ], [ -70.6511162, -33.4418039 ], [ -70.6511126, -33.4418064 ], [ -70.651108, -33.441809 ], [ -70.6511047, -33.4418105 ], [ -70.6510987, -33.4418127 ], [ -70.6510943, -33.4418138 ], [ -70.6510888, -33.4418148 ], [ -70.6510838, -33.4418152 ], [ -70.6510931, -33.4418244 ], [ -70.6508846, -33.4420179 ], [ -70.650919, -33.4417334 ] ] ] } },
{ "type": "Feature", "properties": { "INMON": "M", "N_INMON": 1035, "VECINO": null, "C": 0, "CODIGO": "TN", "NEW_INMON": 0.0, "EQUIPAM": null, "COD_CAT": 4001800001.0, "ORIG_FID": 0, "SHAPE_LENG": 0.0, "SHAPE_AREA": 0.0, "AREA": 2621.25012, "PERIMETER": 225.03836, "INM_MON_": 1469, "INM_MON_ID": 1468, "INMON_ID": 0, "PR_OLD": "A", "Nº_MENTOS": "MH36", "NOMBRE_MON": "Bolsa de Comercio", "ESTADO_CON": "BUENO", "Id": 0 }, "geometry": { "type": "Polygon", "coordinates": [ [ [ -70.6511525, -33.4420307 ], [ -70.6511123, -33.442306 ], [ -70.6510868, -33.442487 ], [ -70.6510628, -33.4426407 ], [ -70.6510598, -33.4426407 ], [ -70.6510617, -33.4426438 ], [ -70.6510632, -33.4426471 ], [ -70.6510642, -33.4426499 ], [ -70.6510648, -33.4426527 ], [ -70.6510652, -33.4426562 ], [ -70.6510651, -33.4426597 ], [ -70.6510646, -33.4426632 ], [ -70.6510637, -33.4426666 ], [ -70.6510626, -33.4426694 ], [ -70.6510612, -33.442672 ], [ -70.6510592, -33.4426751 ], [ -70.6510573, -33.4426775 ], [ -70.6510546, -33.4426802 ], [ -70.651054, -33.4426807 ], [ -70.6510521, -33.4426823 ], [ -70.6510494, -33.4426841 ], [ -70.651046, -33.4426861 ], [ -70.6510417, -33.442688 ], [ -70.6510378, -33.4426892 ], [ -70.6510338, -33.4426902 ], [ -70.6510296, -33.4426907 ], [ -70.6510262, -33.4426909 ], [ -70.6510221, -33.4426908 ], [ -70.651018, -33.4426905 ], [ -70.651012, -33.4426897 ], [ -70.65101, -33.4426894 ], [ -70.651004, -33.4426883 ], [ -70.651002, -33.4426879 ], [ -70.650998, -33.442687 ], [ -70.6509941, -33.4426859 ], [ -70.6509898, -33.4426846 ], [ -70.6509898, -33.4426867 ], [ -70.6509896, -33.4426895 ], [ -70.6507561, -33.4426673 ], [ -70.6506159, -33.4426511 ], [ -70.6506142, -33.4426466 ], [ -70.6506101, -33.4426482 ], [ -70.6506051, -33.4426495 ], [ -70.6505992, -33.4426504 ], [ -70.6505948, -33.4426506 ], [ -70.6505903, -33.4426504 ], [ -70.6505859, -33.4426499 ], [ -70.6505815, -33.4426489 ], [ -70.6505773, -33.4426476 ], [ -70.6505733, -33.4426459 ], [ -70.6505702, -33.4426442 ], [ -70.6505672, -33.4426423 ], [ -70.6505639, -33.4426398 ], [ -70.6505614, -33.4426375 ], [ -70.6505587, -33.4426344 ], [ -70.6505587, -33.4426343 ], [ -70.6505565, -33.4426312 ], [ -70.6505549, -33.4426283 ], [ -70.6505534, -33.4426248 ], [ -70.6505526, -33.4426217 ], [ -70.6505521, -33.4426193 ], [ -70.6505517, -33.4426159 ], [ -70.6505518, -33.4426127 ], [ -70.6505522, -33.4426096 ], [ -70.6505529, -33.4426064 ], [ -70.6505539, -33.4426034 ], [ -70.6505549, -33.442601 ], [ -70.6505562, -33.4425987 ], [ -70.650558, -33.4425959 ], [ -70.6505601, -33.4425932 ], [ -70.650558, -33.4425888 ], [ -70.6505638, -33.4425436 ], [ -70.6505719, -33.4424894 ], [ -70.6505777, -33.4424473 ], [ -70.6505818, -33.4424442 ], [ -70.650696, -33.4423344 ], [ -70.6508411, -33.4422017 ], [ -70.6508411, -33.4422017 ], [ -70.6508579, -33.442188 ], [ -70.6510792, -33.4419776 ], [ -70.6510828, -33.4419756 ], [ -70.651085, -33.4419745 ], [ -70.6510889, -33.441973 ], [ -70.651089, -33.4419729 ], [ -70.6510922, -33.4419719 ], [ -70.6510972, -33.4419707 ], [ -70.6511006, -33.4419701 ], [ -70.6511049, -33.4419697 ], [ -70.6511092, -33.4419696 ], [ -70.6511144, -33.4419698 ], [ -70.6511187, -33.4419704 ], [ -70.6511229, -33.4419713 ], [ -70.651127, -33.4419725 ], [ -70.6511309, -33.441974 ], [ -70.651134, -33.4419754 ], [ -70.6511376, -33.4419774 ], [ -70.651141, -33.4419797 ], [ -70.6511436, -33.4419816 ], [ -70.6511465, -33.4419843 ], [ -70.6511492, -33.4419872 ], [ -70.6511515, -33.4419902 ], [ -70.6511539, -33.4419941 ], [ -70.6511555, -33.4419975 ], [ -70.6511569, -33.4420017 ], [ -70.6511577, -33.4420052 ], [ -70.6511582, -33.4420096 ], [ -70.6511582, -33.4420132 ], [ -70.6511575, -33.4420183 ], [ -70.6511564, -33.4420225 ], [ -70.6511547, -33.4420267 ], [ -70.6511525, -33.4420307 ] ] ] } },
{ "type": "Feature", "properties": { "INMON": "M", "N_INMON": 1034, "VECINO": null, "C": 0, "CODIGO": "TN", "NEW_INMON": 0.0, "EQUIPAM": null, "COD_CAT": 4001801001.0, "ORIG_FID": 0, "SHAPE_LENG": 0.0, "SHAPE_AREA": 0.0, "AREA": 2804.67983, "PERIMETER": 213.08532, "INM_MON_": 1471, "INM_MON_ID": 1470, "INMON_ID": 0, "PR_OLD": "A6", "Nº_MENTOS": "MH35", "NOMBRE_MON": "Club de La Unión", "ESTADO_CON": "BUENO", "Id": 0 }, "geometry": { "type": "Polygon", "coordinates": [ [ [ -70.6505396, -33.4427378 ], [ -70.6506558, -33.4427498 ], [ -70.6506567, -33.4427453 ], [ -70.6509242, -33.4427733 ], [ -70.6509246, -33.4427778 ], [ -70.6510405, -33.4427897 ], [ -70.6510275, -33.4428846 ], [ -70.6510322, -33.4428845 ], [ -70.6510229, -33.4429478 ], [ -70.6510172, -33.4429479 ], [ -70.6509932, -33.443115 ], [ -70.650999, -33.4431195 ], [ -70.6509897, -33.4431827 ], [ -70.6509871, -33.4431827 ], [ -70.6509707, -33.4432957 ], [ -70.650969, -33.4433042 ], [ -70.6509652, -33.4433123 ], [ -70.6509622, -33.4433159 ], [ -70.6509583, -33.4433206 ], [ -70.6509485, -33.4433277 ], [ -70.6509393, -33.4433317 ], [ -70.6509285, -33.4433341 ], [ -70.6509173, -33.4433344 ], [ -70.6509065, -33.4433326 ], [ -70.6505748, -33.4432649 ], [ -70.6504931, -33.4432479 ], [ -70.6504865, -33.4432454 ], [ -70.6504801, -33.4432414 ], [ -70.6504733, -33.4432346 ], [ -70.6504703, -33.4432296 ], [ -70.6504681, -33.4432227 ], [ -70.6504677, -33.4432167 ], [ -70.6504769, -33.4431354 ], [ -70.6504858, -33.4430722 ], [ -70.6504911, -33.4430721 ], [ -70.6504997, -33.4430089 ], [ -70.6505164, -33.4428959 ], [ -70.6505113, -33.442896 ], [ -70.6505202, -33.4428328 ], [ -70.6505259, -33.4428327 ], [ -70.6505396, -33.4427378 ] ] ] } },
{ "type": "Feature", "properties": { "INMON": "M", "N_INMON": 1003, "VECINO": null, "C": 0, "CODIGO": "TPA", "NEW_INMON": 0.0, "EQUIPAM": null, "COD_CAT": 20000400001.0, "ORIG_FID": 0, "SHAPE_LENG": 0.0, "SHAPE_AREA": 0.0, "AREA": 7532.57118, "PERIMETER": 365.00051, "INM_MON_": 1472, "INM_MON_ID": 1471, "INMON_ID": 0, "PR_OLD": "A5", "Nº_MENTOS": "MH3", "NOMBRE_MON": "Iglesia San Francisco", "ESTADO_CON": "BUENO", "Id": 0 }, "geometry": { "type": "Polygon", "coordinates": [ [ [ -70.6472829, -33.4430057 ], [ -70.6472695, -33.443089 ], [ -70.6472682, -33.4430889 ], [ -70.6472534, -33.4431836 ], [ -70.6472547, -33.4431837 ], [ -70.6472515, -33.4432003 ], [ -70.6473257, -33.4432092 ], [ -70.6472694, -33.4435827 ], [ -70.647218, -33.4438243 ], [ -70.6472093, -33.443823 ], [ -70.6471905, -33.4439926 ], [ -70.6471885, -33.4440101 ], [ -70.6470383, -33.4439975 ], [ -70.6469393, -33.4439881 ], [ -70.6467357, -33.443969 ], [ -70.6465719, -33.4439509 ], [ -70.646578, -33.4438299 ], [ -70.6465797, -33.4437979 ], [ -70.6465228, -33.4437937 ], [ -70.6465495, -33.4432042 ], [ -70.6465482, -33.4432041 ], [ -70.6465589, -33.4431081 ], [ -70.6465567, -33.4431079 ], [ -70.6465603, -33.4430851 ], [ -70.6465635, -33.443085 ], [ -70.6465717, -33.4430354 ], [ -70.6465694, -33.4430348 ], [ -70.6465732, -33.4430118 ], [ -70.646576, -33.4430121 ], [ -70.6465932, -33.4429127 ], [ -70.6469691, -33.4429604 ], [ -70.6469696, -33.4429584 ], [ -70.6470339, -33.4429676 ], [ -70.647034, -33.4429704 ], [ -70.6471857, -33.4429946 ], [ -70.6472829, -33.4430057 ] ] ] } },
{ "type": "Feature", "properties": { "INMON": null, "N_INMON": 0, "VECINO": null, "C": 0, "CODIGO": null, "NEW_INMON": 0.0, "EQUIPAM": null, "COD_CAT": 0.0, "ORIG_FID": 0, "SHAPE_LENG": 0.0, "SHAPE_AREA": 0.0, "AREA": 269.45702, "PERIMETER": 0.0, "INM_MON_": 0, "INM_MON_ID": 0, "INMON_ID": 0, "PR_OLD": null, "Nº_MENTOS": "MH65", "NOMBRE_MON": "Inmueble Londres 40 - Ex Londres 38", "ESTADO_CON": "BUENO", "Id": 0 }, "geometry": { "type": "Polygon", "coordinates": [ [ [ -70.6475447, -33.4439648 ], [ -70.6474476, -33.4440467 ], [ -70.6473797, -33.4440427 ], [ -70.647313, -33.444039 ], [ -70.6473146, -33.4439572 ], [ -70.6474298, -33.4438667 ], [ -70.6474898, -33.443918 ], [ -70.6475447, -33.4439648 ] ] ] } },
{ "type": "Feature", "properties": { "INMON": null, "N_INMON": 0, "VECINO": null, "C": 0, "CODIGO": null, "NEW_INMON": 0.0, "EQUIPAM": null, "COD_CAT": 0.0, "ORIG_FID": 0, "SHAPE_LENG": 0.0, "SHAPE_AREA": 0.0, "AREA": 279.0505, "PERIMETER": 0.0, "INM_MON_": 0, "INM_MON_ID": 0, "INMON_ID": 0, "PR_OLD": null, "Nº_MENTOS": "MH66", "NOMBRE_MON": "Sede de la Sociedad de Historia y Geografía", "ESTADO_CON": "BUENO", "Id": 0 }, "geometry": { "type": "Polygon", "coordinates": [ [ [ -70.6480386, -33.4445592 ], [ -70.6480189, -33.4446628 ], [ -70.6478355, -33.4446482 ], [ -70.6478352, -33.444649 ], [ -70.6478198, -33.4446418 ], [ -70.6478194, -33.4446426 ], [ -70.6478045, -33.444636 ], [ -70.6478047, -33.4446355 ], [ -70.647768, -33.4446199 ], [ -70.6477682, -33.4446192 ], [ -70.6477658, -33.4446181 ], [ -70.6477601, -33.4446155 ], [ -70.6477567, -33.4446141 ], [ -70.6477647, -33.444602 ], [ -70.6477637, -33.4446012 ], [ -70.647766, -33.444598 ], [ -70.647774, -33.4445865 ], [ -70.6477732, -33.444586 ], [ -70.6477735, -33.4445856 ], [ -70.6477732, -33.4445851 ], [ -70.6477784, -33.444575 ], [ -70.6477878, -33.4445571 ], [ -70.6477891, -33.4445574 ], [ -70.6477902, -33.4445545 ], [ -70.6477892, -33.4445541 ], [ -70.647795, -33.4445406 ], [ -70.6477959, -33.444541 ], [ -70.6477997, -33.4445316 ], [ -70.6478009, -33.4445319 ], [ -70.6478011, -33.4445314 ], [ -70.6480386, -33.4445592 ] ] ] } },
{ "type": "Feature", "properties": { "INMON": null, "N_INMON": 0, "VECINO": null, "C": 0, "CODIGO": null, "NEW_INMON": 0.0, "EQUIPAM": null, "COD_CAT": 0.0, "ORIG_FID": 0, "SHAPE_LENG": 0.0, "SHAPE_AREA": 0.0, "AREA": 1687.54481, "PERIMETER": 0.0, "INM_MON_": 0, "INM_MON_ID": 0, "INMON_ID": 0, "PR_OLD": null, "Nº_MENTOS": "MH67", "NOMBRE_MON": "Hotel Bristol", "ESTADO_CON": "BUENO", "Id": 0 }, "geometry": { "type": "Polygon", "coordinates": [ [ [ -70.6530691, -33.4324292 ], [ -70.6530356, -33.4328291 ], [ -70.652652, -33.4327941 ], [ -70.6525388, -33.4327775 ], [ -70.6525052, -33.4325648 ], [ -70.6530691, -33.4324292 ] ] ] } },
{ "type": "Feature", "properties": { "INMON": "M", "N_INMON": 0, "VECINO": null, "C": 0, "CODIGO": null, "NEW_INMON": 0.0, "EQUIPAM": null, "COD_CAT": 0.0, "ORIG_FID": 0, "SHAPE_LENG": 0.0, "SHAPE_AREA": 0.0, "AREA": 140.05941, "PERIMETER": 0.0, "INM_MON_": 0, "INM_MON_ID": 0, "INMON_ID": 0, "PR_OLD": null, "Nº_MENTOS": "MH68", "NOMBRE_MON": "Sede del Colegio de Enfermeras A.G", "ESTADO_CON": "BUENO", "Id": 0 }, "geometry": { "type": "Polygon", "coordinates": [ [ [ -70.6451507, -33.4355848 ], [ -70.6451411, -33.4356555 ], [ -70.6449489, -33.4356392 ], [ -70.644958, -33.4355702 ], [ -70.6451507, -33.4355848 ] ] ] } },
{ "type": "Feature", "properties": { "INMON": null, "N_INMON": 0, "VECINO": null, "C": 0, "CODIGO": null, "NEW_INMON": 0.0, "EQUIPAM": null, "COD_CAT": 0.0, "ORIG_FID": 0, "SHAPE_LENG": 0.0, "SHAPE_AREA": 0.0, "AREA": 2888.37157, "PERIMETER": 0.0, "INM_MON_": 0, "INM_MON_ID": 0, "INMON_ID": 0, "PR_OLD": null, "Nº_MENTOS": "MH40", "NOMBRE_MON": "Cuartel Cuerpo de Bomberos de Santiago", "ESTADO_CON": "BUENO", "Id": 0 }, "geometry": { "type": "Polygon", "coordinates": [ [ [ -70.6506139, -33.4364247 ], [ -70.6503417, -33.4363969 ], [ -70.6503617, -33.4362504 ], [ -70.6502801, -33.4362428 ], [ -70.6502703, -33.4363232 ], [ -70.6500187, -33.4362965 ], [ -70.6500475, -33.4360917 ], [ -70.6500594, -33.4360927 ], [ -70.6500884, -33.435855 ], [ -70.6506532, -33.4359118 ], [ -70.6506547, -33.4359118 ], [ -70.6506799, -33.4359364 ], [ -70.6506139, -33.4364247 ] ] ] } },
{ "type": "Feature", "properties": { "INMON": null, "N_INMON": 0, "VECINO": null, "C": 0, "CODIGO": null, "NEW_INMON": 0.0, "EQUIPAM": null, "COD_CAT": 0.0, "ORIG_FID": 0, "SHAPE_LENG": 0.0, "SHAPE_AREA": 0.0, "AREA": 2545.55487, "PERIMETER": 0.0, "INM_MON_": 0, "INM_MON_ID": 0, "INMON_ID": 0, "PR_OLD": null, "Nº_MENTOS": "MH27", "NOMBRE_MON": "Municipalidad de Santiago", "ESTADO_CON": "BUENO", "Id": 0 }, "geometry": { "type": "Polygon", "coordinates": [ [ [ -70.6498897, -33.4363462 ], [ -70.6498575, -33.4365736 ], [ -70.6498314, -33.4365708 ], [ -70.6498021, -33.4367899 ], [ -70.649818, -33.4367922 ], [ -70.6498104, -33.4368582 ], [ -70.6496724, -33.4368457 ], [ -70.6496716, -33.4368497 ], [ -70.6494557, -33.4368256 ], [ -70.6494561, -33.4368215 ], [ -70.6493374, -33.4368082 ], [ -70.6494002, -33.4362986 ], [ -70.6497044, -33.4363259 ], [ -70.6497092, -33.4363264 ], [ -70.6498897, -33.4363462 ] ] ] } },
{ "type": "Feature", "properties": { "INMON": null, "N_INMON": 0, "VECINO": null, "C": 0, "CODIGO": null, "NEW_INMON": 0.0, "EQUIPAM": null, "COD_CAT": 0.0, "ORIG_FID": 0, "SHAPE_LENG": 0.0, "SHAPE_AREA": 0.0, "AREA": 12545.97314, "PERIMETER": 0.0, "INM_MON_": 0, "INM_MON_ID": 0, "INMON_ID": 0, "PR_OLD": null, "Nº_MENTOS": "MH20", "NOMBRE_MON": "Cogreso Nacional y sus jardines", "ESTADO_CON": "BUENO", "Id": 0 }, "geometry": { "type": "Polygon", "coordinates": [ [ [ -70.653219, -33.4376753 ], [ -70.6532062, -33.4377669 ], [ -70.6532048, -33.4377679 ], [ -70.6532038, -33.4377679 ], [ -70.6531806, -33.4379285 ], [ -70.65319, -33.4379296 ], [ -70.6531666, -33.4380987 ], [ -70.6531574, -33.4380978 ], [ -70.6531242, -33.4383583 ], [ -70.6531227, -33.4383582 ], [ -70.6531224, -33.4383596 ], [ -70.6531209, -33.4383594 ], [ -70.6531205, -33.4383608 ], [ -70.6530039, -33.438349 ], [ -70.6530042, -33.4383476 ], [ -70.6530026, -33.4383475 ], [ -70.6530027, -33.4383463 ], [ -70.6528119, -33.4383272 ], [ -70.6528105, -33.4383383 ], [ -70.6526193, -33.4383191 ], [ -70.6526207, -33.4383079 ], [ -70.6524302, -33.4382888 ], [ -70.6524298, -33.4382903 ], [ -70.6524283, -33.4382902 ], [ -70.6524278, -33.4382915 ], [ -70.6523116, -33.4382794 ], [ -70.6523113, -33.4382781 ], [ -70.6523096, -33.4382779 ], [ -70.6523098, -33.4382766 ], [ -70.6523085, -33.4382762 ], [ -70.6523088, -33.4382738 ], [ -70.651971, -33.4382415 ], [ -70.6519094, -33.4381745 ], [ -70.6519805, -33.437681 ], [ -70.6520377, -33.4372735 ], [ -70.6520721, -33.4372508 ], [ -70.6532215, -33.4373739 ], [ -70.6532512, -33.4374033 ], [ -70.6532148, -33.4376586 ], [ -70.653218, -33.4376591 ], [ -70.6532195, -33.4376606 ], [ -70.6532196, -33.4376619 ], [ -70.6532209, -33.4376621 ], [ -70.653219, -33.4376753 ] ] ] } },
{ "type": "Feature", "properties": { "INMON": null, "N_INMON": 0, "VECINO": null, "C": 0, "CODIGO": null, "NEW_INMON": 0.0, "EQUIPAM": null, "COD_CAT": 0.0, "ORIG_FID": 0, "SHAPE_LENG": 0.0, "SHAPE_AREA": 0.0, "AREA": 6012.40052, "PERIMETER": 0.0, "INM_MON_": 0, "INM_MON_ID": 0, "INMON_ID": 0, "PR_OLD": null, "Nº_MENTOS": "MH15", "NOMBRE_MON": "Casa Central Univ. de Chile", "ESTADO_CON": "BUENO", "Id": 0 }, "geometry": { "type": "Polygon", "coordinates": [ [ [ -70.6498296, -33.4438491 ], [ -70.6498311, -33.4438483 ], [ -70.6498362, -33.4438465 ], [ -70.6498414, -33.4438458 ], [ -70.6498443, -33.4438456 ], [ -70.6498494, -33.4438458 ], [ -70.6498528, -33.4438463 ], [ -70.6498557, -33.443847 ], [ -70.6498561, -33.443846 ], [ -70.6498619, -33.4438475 ], [ -70.6498614, -33.4438488 ], [ -70.649905, -33.4438602 ], [ -70.6499055, -33.4438589 ], [ -70.6499113, -33.4438604 ], [ -70.6499104, -33.4438627 ], [ -70.6499376, -33.4438698 ], [ -70.6499385, -33.4438676 ], [ -70.6499442, -33.4438691 ], [ -70.6499437, -33.4438704 ], [ -70.6499842, -33.443881 ], [ -70.6499847, -33.4438797 ], [ -70.6499905, -33.4438812 ], [ -70.649991, -33.443879 ], [ -70.6500233, -33.4438886 ], [ -70.6500606, -33.4438985 ], [ -70.650061, -33.4438973 ], [ -70.650094, -33.4439063 ], [ -70.6500932, -33.4439081 ], [ -70.6502463, -33.443948 ], [ -70.650336, -33.4439715 ], [ -70.6503369, -33.4439695 ], [ -70.6503648, -33.4439772 ], [ -70.6503641, -33.4439786 ], [ -70.6504309, -33.4439961 ], [ -70.6504316, -33.4439944 ], [ -70.6504588, -33.4440016 ], [ -70.6504584, -33.4440031 ], [ -70.6506883, -33.4440635 ], [ -70.6507007, -33.4440665 ], [ -70.6507013, -33.4440644 ], [ -70.6507336, -33.4440732 ], [ -70.6507333, -33.4440741 ], [ -70.6507705, -33.4440839 ], [ -70.6507708, -33.444083 ], [ -70.6508032, -33.4440915 ], [ -70.6507823, -33.4442125 ], [ -70.6507802, -33.4442123 ], [ -70.6507697, -33.4442722 ], [ -70.6507709, -33.4442726 ], [ -70.6507694, -33.4442808 ], [ -70.6507683, -33.4442806 ], [ -70.6507654, -33.4442979 ], [ -70.6507662, -33.444298 ], [ -70.6507647, -33.4443062 ], [ -70.6507603, -33.4443056 ], [ -70.6507552, -33.4443373 ], [ -70.6507596, -33.4443379 ], [ -70.6507584, -33.4443461 ], [ -70.6507575, -33.444346 ], [ -70.6507543, -33.4443631 ], [ -70.6507555, -33.4443632 ], [ -70.6507541, -33.4443711 ], [ -70.650753, -33.4443711 ], [ -70.6507419, -33.4444317 ], [ -70.6507447, -33.4444321 ], [ -70.6507211, -33.44455 ], [ -70.6507236, -33.4445504 ], [ -70.6507155, -33.4445967 ], [ -70.6507133, -33.4445968 ], [ -70.649677, -33.4444367 ], [ -70.649674, -33.4444362 ], [ -70.6496747, -33.4444332 ], [ -70.6496758, -33.4444334 ], [ -70.64969, -33.4443679 ], [ -70.6497125, -33.4442788 ], [ -70.6497105, -33.4442784 ], [ -70.6497116, -33.4442735 ], [ -70.6497133, -33.4442738 ], [ -70.6497218, -33.4442373 ], [ -70.6497201, -33.444237 ], [ -70.6497213, -33.444232 ], [ -70.649723, -33.4442323 ], [ -70.6497314, -33.4441961 ], [ -70.6497297, -33.4441958 ], [ -70.6497309, -33.4441909 ], [ -70.6497326, -33.4441912 ], [ -70.649741, -33.444155 ], [ -70.6497393, -33.4441547 ], [ -70.6497405, -33.4441497 ], [ -70.6497422, -33.44415 ], [ -70.6497506, -33.4441138 ], [ -70.6497489, -33.4441135 ], [ -70.6497501, -33.4441086 ], [ -70.6497518, -33.4441089 ], [ -70.6497602, -33.4440727 ], [ -70.6497585, -33.4440724 ], [ -70.6497597, -33.4440674 ], [ -70.6497613, -33.4440677 ], [ -70.6497698, -33.4440315 ], [ -70.6497681, -33.4440311 ], [ -70.6497692, -33.4440263 ], [ -70.6497709, -33.4440266 ], [ -70.6497794, -33.4439904 ], [ -70.6497777, -33.4439901 ], [ -70.6497787, -33.4439855 ], [ -70.6497805, -33.4439854 ], [ -70.649789, -33.4439492 ], [ -70.6497873, -33.4439489 ], [ -70.6497884, -33.443944 ], [ -70.6497901, -33.4439443 ], [ -70.6497985, -33.4439081 ], [ -70.6497969, -33.4439078 ], [ -70.6497982, -33.443902 ], [ -70.6497994, -33.4439021 ], [ -70.6498121, -33.4438697 ], [ -70.6498108, -33.4438693 ], [ -70.6498127, -33.4438644 ], [ -70.6498141, -33.4438646 ], [ -70.6498163, -33.4438603 ], [ -70.6498178, -33.4438581 ], [ -70.6498197, -33.443856 ], [ -70.6498242, -33.443852 ], [ -70.649827, -33.4438503 ], [ -70.6498296, -33.4438491 ] ] ] } },
{ "type": "Feature", "properties": { "INMON": null, "N_INMON": 0, "VECINO": null, "C": 0, "CODIGO": null, "NEW_INMON": 0.0, "EQUIPAM": null, "COD_CAT": 0.0, "ORIG_FID": 0, "SHAPE_LENG": 0.0, "SHAPE_AREA": 0.0, "AREA": 848.69653, "PERIMETER": 0.0, "INM_MON_": 0, "INM_MON_ID": 0, "INMON_ID": 0, "PR_OLD": null, "Nº_MENTOS": "MH73", "NOMBRE_MON": "Sede Nacional del Colegio de Arquitectos de Chile A.G", "ESTADO_CON": "BUENO", "Id": 0 }, "geometry": { "type": "Polygon", "coordinates": [ [ [ -70.6365153, -33.4370473 ], [ -70.6364911, -33.4371805 ], [ -70.6364546, -33.4372652 ], [ -70.6364296, -33.4373201 ], [ -70.6362723, -33.4372398 ], [ -70.6361645, -33.4371881 ], [ -70.6361917, -33.4371222 ], [ -70.6362428, -33.4369501 ], [ -70.6363075, -33.4369594 ], [ -70.6363785, -33.4369697 ], [ -70.6363772, -33.4370045 ], [ -70.6363922, -33.4370071 ], [ -70.6365183, -33.4370308 ], [ -70.6365153, -33.4370473 ] ] ] } },
{ "type": "Feature", "properties": { "INMON": null, "N_INMON": 0, "VECINO": null, "C": 0, "CODIGO": null, "NEW_INMON": 0.0, "EQUIPAM": null, "COD_CAT": 0.0, "ORIG_FID": 0, "SHAPE_LENG": 0.0, "SHAPE_AREA": 0.0, "AREA": 5778.82874, "PERIMETER": 0.0, "INM_MON_": 0, "INM_MON_ID": 0, "INMON_ID": 0, "PR_OLD": null, "Nº_MENTOS": "MH23", "NOMBRE_MON": "Museo de Bellas Artes", "ESTADO_CON": "BUENO", "Id": 0 }, "geometry": { "type": "Polygon", "coordinates": [ [ [ -70.6439009, -33.4346695 ], [ -70.6439014, -33.4346694 ], [ -70.6439033, -33.4346744 ], [ -70.643898, -33.4346757 ], [ -70.6439035, -33.4346923 ], [ -70.6439088, -33.4346912 ], [ -70.6439104, -33.4346963 ], [ -70.6438746, -33.4347054 ], [ -70.6438812, -33.4347246 ], [ -70.6438817, -33.4347253 ], [ -70.6438823, -33.434726 ], [ -70.6438828, -33.4347266 ], [ -70.6438834, -33.4347273 ], [ -70.643884, -33.4347279 ], [ -70.6438846, -33.4347286 ], [ -70.6438852, -33.4347292 ], [ -70.6438858, -33.4347298 ], [ -70.6438864, -33.4347304 ], [ -70.6438871, -33.434731 ], [ -70.6438877, -33.4347316 ], [ -70.6438884, -33.4347322 ], [ -70.6438891, -33.4347327 ], [ -70.6438897, -33.4347333 ], [ -70.6438904, -33.4347338 ], [ -70.6438912, -33.4347344 ], [ -70.6438919, -33.4347349 ], [ -70.6438931, -33.4347357 ], [ -70.6438943, -33.4347375 ], [ -70.6438955, -33.4347393 ], [ -70.6438967, -33.434741 ], [ -70.6438978, -33.4347428 ], [ -70.6438989, -33.4347447 ], [ -70.6438999, -33.4347465 ], [ -70.643901, -33.4347484 ], [ -70.6439019, -33.4347502 ], [ -70.6439033, -33.4347529 ], [ -70.6439035, -33.4347543 ], [ -70.6439038, -33.4347558 ], [ -70.643904, -33.4347572 ], [ -70.6439042, -33.4347586 ], [ -70.6439044, -33.43476 ], [ -70.6439045, -33.4347615 ], [ -70.6439046, -33.4347629 ], [ -70.6439047, -33.4347643 ], [ -70.6439048, -33.4347657 ], [ -70.6439048, -33.4347672 ], [ -70.6439048, -33.4347686 ], [ -70.6439047, -33.4347704 ], [ -70.6439047, -33.4347706 ], [ -70.6439047, -33.4347708 ], [ -70.6439047, -33.434771 ], [ -70.6439046, -33.4347712 ], [ -70.6439046, -33.4347714 ], [ -70.6439046, -33.4347716 ], [ -70.6439045, -33.4347718 ], [ -70.6439045, -33.434772 ], [ -70.6439045, -33.4347722 ], [ -70.6439044, -33.4347724 ], [ -70.6439044, -33.4347726 ], [ -70.6439043, -33.4347728 ], [ -70.6439042, -33.434773 ], [ -70.6439042, -33.4347732 ], [ -70.6439041, -33.4347734 ], [ -70.643904, -33.4347736 ], [ -70.643904, -33.4347738 ], [ -70.6439039, -33.4347739 ], [ -70.6439038, -33.4347741 ], [ -70.6439037, -33.4347743 ], [ -70.6439036, -33.4347745 ], [ -70.6439035, -33.4347747 ], [ -70.6439034, -33.4347749 ], [ -70.6439033, -33.434775 ], [ -70.6439032, -33.4347752 ], [ -70.6439031, -33.4347754 ], [ -70.643903, -33.4347756 ], [ -70.6439029, -33.4347757 ], [ -70.6439028, -33.4347759 ], [ -70.6439026, -33.4347761 ], [ -70.6439025, -33.4347763 ], [ -70.6439024, -33.4347764 ], [ -70.6439022, -33.4347766 ], [ -70.6439021, -33.4347767 ], [ -70.643902, -33.4347769 ], [ -70.6439018, -33.4347771 ], [ -70.6439017, -33.4347772 ], [ -70.6439015, -33.4347774 ], [ -70.6439014, -33.4347775 ], [ -70.6439012, -33.4347777 ], [ -70.643901, -33.4347778 ], [ -70.6439009, -33.434778 ], [ -70.6439007, -33.4347781 ], [ -70.6439005, -33.4347782 ], [ -70.6439004, -33.4347784 ], [ -70.6439002, -33.4347785 ], [ -70.6439, -33.4347786 ], [ -70.6438998, -33.4347788 ], [ -70.6438995, -33.434779 ], [ -70.6439085, -33.4348053 ], [ -70.6439444, -33.4347973 ], [ -70.6439462, -33.4348027 ], [ -70.6439404, -33.434804 ], [ -70.6439459, -33.4348199 ], [ -70.6439514, -33.4348186 ], [ -70.6439532, -33.4348238 ], [ -70.6439356, -33.4348285 ], [ -70.6438589, -33.4348458 ], [ -70.6438587, -33.4348468 ], [ -70.6438437, -33.4348502 ], [ -70.6438447, -33.4348534 ], [ -70.643849, -33.4348649 ], [ -70.64385, -33.4348683 ], [ -70.6438517, -33.4348679 ], [ -70.6438704, -33.4349249 ], [ -70.6438684, -33.4349256 ], [ -70.6438492, -33.4349544 ], [ -70.6438496, -33.4349561 ], [ -70.6437798, -33.4349724 ], [ -70.6437796, -33.4349717 ], [ -70.6434819, -33.4350412 ], [ -70.6434767, -33.4350492 ], [ -70.6434774, -33.4350507 ], [ -70.6433995, -33.4350688 ], [ -70.6433992, -33.4350677 ], [ -70.6433863, -33.4350621 ], [ -70.6433625, -33.4350673 ], [ -70.6433643, -33.4350736 ], [ -70.6433656, -33.43508 ], [ -70.6433661, -33.4350865 ], [ -70.643366, -33.435093 ], [ -70.6433652, -33.4350994 ], [ -70.6433637, -33.4351058 ], [ -70.6433616, -33.435112 ], [ -70.64336, -33.4351157 ], [ -70.6433582, -33.4351193 ], [ -70.6433547, -33.4351251 ], [ -70.6433506, -33.4351306 ], [ -70.643346, -33.4351358 ], [ -70.6433408, -33.4351406 ], [ -70.6433352, -33.435145 ], [ -70.6433316, -33.4351475 ], [ -70.6433282, -33.4351496 ], [ -70.6433216, -33.4351531 ], [ -70.6433148, -33.435156 ], [ -70.6433076, -33.4351585 ], [ -70.6433003, -33.4351604 ], [ -70.6432927, -33.4351618 ], [ -70.643285, -33.4351627 ], [ -70.6432773, -33.4351629 ], [ -70.6432687, -33.4351626 ], [ -70.643261, -33.4351616 ], [ -70.6432534, -33.4351602 ], [ -70.643246, -33.4351581 ], [ -70.6432389, -33.4351556 ], [ -70.643232, -33.4351525 ], [ -70.6432255, -33.435149 ], [ -70.6432194, -33.4351449 ], [ -70.6432137, -33.4351405 ], [ -70.6432085, -33.4351356 ], [ -70.6432057, -33.4351325 ], [ -70.6432032, -33.4351296 ], [ -70.6431824, -33.4351341 ], [ -70.6431933, -33.4351672 ], [ -70.643191, -33.4351679 ], [ -70.6431934, -33.4351731 ], [ -70.6431948, -33.4351777 ], [ -70.6431957, -33.4351832 ], [ -70.6431958, -33.4351887 ], [ -70.6431951, -33.4351942 ], [ -70.6431936, -33.4351996 ], [ -70.6431913, -33.4352048 ], [ -70.6431901, -33.4352068 ], [ -70.6431888, -33.4352091 ], [ -70.6431851, -33.4352137 ], [ -70.6431815, -33.4352174 ], [ -70.643176, -33.4352219 ], [ -70.6431704, -33.4352256 ], [ -70.6431646, -33.4352288 ], [ -70.6431584, -33.4352317 ], [ -70.6431519, -33.435234 ], [ -70.6431447, -33.4352361 ], [ -70.6431451, -33.4352374 ], [ -70.6430969, -33.4352485 ], [ -70.6430949, -33.4352425 ], [ -70.6429035, -33.4352865 ], [ -70.6429054, -33.4352925 ], [ -70.6428538, -33.435305 ], [ -70.6428532, -33.4353029 ], [ -70.6428502, -33.4353038 ], [ -70.6428462, -33.4353048 ], [ -70.6428399, -33.4353058 ], [ -70.6428336, -33.4353063 ], [ -70.6428273, -33.4353063 ], [ -70.6428209, -33.4353056 ], [ -70.6428178, -33.4353051 ], [ -70.6428137, -33.4353042 ], [ -70.6428097, -33.4353031 ], [ -70.6428068, -33.4353021 ], [ -70.6428013, -33.4352998 ], [ -70.6428011, -33.4352997 ], [ -70.6427957, -33.4352968 ], [ -70.6427924, -33.4352947 ], [ -70.64279, -33.4352929 ], [ -70.6427856, -33.4352891 ], [ -70.6427835, -33.435287 ], [ -70.642781, -33.4352842 ], [ -70.6427787, -33.4352812 ], [ -70.6427772, -33.4352789 ], [ -70.6427746, -33.435274 ], [ -70.6427726, -33.4352689 ], [ -70.6427712, -33.4352637 ], [ -70.642769, -33.4352642 ], [ -70.6427559, -33.4352261 ], [ -70.6427635, -33.4352243 ], [ -70.6427254, -33.4351077 ], [ -70.6427129, -33.4351098 ], [ -70.6427125, -33.4351071 ], [ -70.642698, -33.4351009 ], [ -70.6426863, -33.435103 ], [ -70.6426795, -33.4350827 ], [ -70.6426668, -33.4350855 ], [ -70.6426649, -33.4350797 ], [ -70.6426779, -33.4350763 ], [ -70.6426771, -33.4350721 ], [ -70.6426894, -33.4350582 ], [ -70.6426872, -33.4350487 ], [ -70.6426885, -33.4350484 ], [ -70.642688, -33.435047 ], [ -70.642691, -33.4350461 ], [ -70.6426842, -33.4350248 ], [ -70.6426811, -33.4350255 ], [ -70.6426806, -33.4350243 ], [ -70.6426791, -33.4350246 ], [ -70.6426748, -33.4350147 ], [ -70.6426651, -33.4350069 ], [ -70.6426562, -33.4350085 ], [ -70.6426546, -33.4350045 ], [ -70.6426415, -33.4350077 ], [ -70.6426396, -33.4350016 ], [ -70.642652, -33.4349987 ], [ -70.6426455, -33.4349781 ], [ -70.6426576, -33.4349756 ], [ -70.6426646, -33.434964 ], [ -70.6426636, -33.4349609 ], [ -70.6426756, -33.4349585 ], [ -70.6426626, -33.4349192 ], [ -70.6426371, -33.4348415 ], [ -70.6426293, -33.4348428 ], [ -70.6426164, -33.4348036 ], [ -70.6426184, -33.4348031 ], [ -70.6426173, -33.4348006 ], [ -70.6426161, -33.4347972 ], [ -70.6426152, -33.4347937 ], [ -70.6426147, -33.434791 ], [ -70.6426143, -33.4347875 ], [ -70.6426142, -33.4347839 ], [ -70.6426144, -33.4347803 ], [ -70.6426148, -33.4347776 ], [ -70.6426153, -33.434775 ], [ -70.6426162, -33.4347715 ], [ -70.6426175, -33.4347681 ], [ -70.642619, -33.4347647 ], [ -70.6426208, -33.4347615 ], [ -70.6426212, -33.4347608 ], [ -70.6426223, -33.4347591 ], [ -70.6426245, -33.4347561 ], [ -70.6426264, -33.4347538 ], [ -70.6426298, -33.4347504 ], [ -70.6426336, -33.4347474 ], [ -70.6426384, -33.434744 ], [ -70.6426428, -33.4347416 ], [ -70.6426474, -33.4347395 ], [ -70.6426545, -33.4347368 ], [ -70.6426597, -33.4347352 ], [ -70.6426647, -33.434734 ], [ -70.6426644, -33.434733 ], [ -70.6427116, -33.4347219 ], [ -70.6427139, -33.4347279 ], [ -70.6429099, -33.4346823 ], [ -70.6429079, -33.4346762 ], [ -70.6429546, -33.4346649 ], [ -70.6429552, -33.4346667 ], [ -70.6429592, -33.4346655 ], [ -70.6429622, -33.4346647 ], [ -70.6429684, -33.4346636 ], [ -70.6429726, -33.4346631 ], [ -70.6429758, -33.434663 ], [ -70.6429821, -33.434663 ], [ -70.6429884, -33.4346637 ], [ -70.6429916, -33.4346642 ], [ -70.6429931, -33.4346645 ], [ -70.6429956, -33.4346651 ], [ -70.6430016, -33.4346669 ], [ -70.6430045, -33.434668 ], [ -70.6430083, -33.4346696 ], [ -70.6430119, -33.4346715 ], [ -70.6430145, -33.434673 ], [ -70.6430193, -33.4346764 ], [ -70.6430238, -33.4346802 ], [ -70.6430258, -33.4346823 ], [ -70.6430283, -33.4346851 ], [ -70.6430316, -33.4346897 ], [ -70.643033, -33.4346921 ], [ -70.6430347, -33.4346953 ], [ -70.6430367, -33.4347004 ], [ -70.6430381, -33.4347058 ], [ -70.6430403, -33.4347055 ], [ -70.6430467, -33.4347391 ], [ -70.6430667, -33.4347364 ], [ -70.6430671, -33.4347298 ], [ -70.6430684, -33.4347226 ], [ -70.6430704, -33.4347155 ], [ -70.643073, -33.4347092 ], [ -70.6430762, -33.4347031 ], [ -70.64308, -33.4346973 ], [ -70.6430848, -33.4346913 ], [ -70.6430898, -33.4346861 ], [ -70.6430954, -33.4346814 ], [ -70.643102, -33.4346766 ], [ -70.6431091, -33.4346724 ], [ -70.6431159, -33.4346691 ], [ -70.6431231, -33.4346663 ], [ -70.6431305, -33.434664 ], [ -70.6431382, -33.4346623 ], [ -70.6431467, -33.434661 ], [ -70.6431554, -33.4346604 ], [ -70.6431633, -33.4346605 ], [ -70.643172, -33.4346613 ], [ -70.6431797, -33.4346626 ], [ -70.6431873, -33.4346644 ], [ -70.6431947, -33.4346668 ], [ -70.6432018, -33.4346697 ], [ -70.6432093, -33.4346735 ], [ -70.6432162, -33.4346778 ], [ -70.6432221, -33.4346823 ], [ -70.6432275, -33.4346871 ], [ -70.6432329, -33.4346929 ], [ -70.6432376, -33.434699 ], [ -70.6432412, -33.4347049 ], [ -70.6432442, -33.4347111 ], [ -70.6432467, -33.4347177 ], [ -70.643274, -33.4347114 ], [ -70.6432767, -33.4346999 ], [ -70.6433549, -33.434682 ], [ -70.6433662, -33.4346871 ], [ -70.6435193, -33.4346515 ], [ -70.6437313, -33.4346016 ], [ -70.643732, -33.4346034 ], [ -70.6437665, -33.4346195 ], [ -70.6437688, -33.4346191 ], [ -70.6437877, -33.4346767 ], [ -70.6437859, -33.4346771 ], [ -70.6437912, -33.4346934 ], [ -70.6438066, -33.4346902 ], [ -70.6438075, -33.4346923 ], [ -70.6438711, -33.4346766 ], [ -70.6439009, -33.4346695 ] ] ] } },
{ "type": "Feature", "properties": { "INMON": null, "N_INMON": 0, "VECINO": null, "C": 0, "CODIGO": null, "NEW_INMON": 0.0, "EQUIPAM": null, "COD_CAT": 0.0, "ORIG_FID": 0, "SHAPE_LENG": 0.0, "SHAPE_AREA": 0.0, "AREA": 400.37784, "PERIMETER": 0.0, "INM_MON_": 0, "INM_MON_ID": 0, "INMON_ID": 0, "PR_OLD": null, "Nº_MENTOS": "MH74", "NOMBRE_MON": "Mural  Terremoto de Nemesio Antunéz", "ESTADO_CON": "REGULAR", "Id": 0 }, "geometry": { "type": "Polygon", "coordinates": [ [ [ -70.6488174, -33.4364605 ], [ -70.6488174, -33.4364587 ], [ -70.6488174, -33.4364569 ], [ -70.6488175, -33.4364552 ], [ -70.6488176, -33.4364534 ], [ -70.6488177, -33.4364516 ], [ -70.6488179, -33.4364498 ], [ -70.6488181, -33.4364481 ], [ -70.6488183, -33.4364463 ], [ -70.6488186, -33.4364445 ], [ -70.6488189, -33.4364428 ], [ -70.6488193, -33.436441 ], [ -70.6488197, -33.4364393 ], [ -70.6488201, -33.4364376 ], [ -70.6488205, -33.4364358 ], [ -70.648821, -33.4364341 ], [ -70.6488216, -33.4364324 ], [ -70.6488221, -33.4364307 ], [ -70.6488227, -33.436429 ], [ -70.6488234, -33.4364273 ], [ -70.6488241, -33.4364256 ], [ -70.6488248, -33.4364239 ], [ -70.6488255, -33.4364222 ], [ -70.6488263, -33.4364206 ], [ -70.6488271, -33.436419 ], [ -70.648828, -33.4364173 ], [ -70.6488288, -33.4364157 ], [ -70.6488298, -33.4364141 ], [ -70.6488307, -33.4364125 ], [ -70.6488317, -33.4364109 ], [ -70.6488327, -33.4364094 ], [ -70.6488337, -33.4364078 ], [ -70.6488348, -33.4364063 ], [ -70.6488359, -33.4364048 ], [ -70.6488371, -33.4364033 ], [ -70.6488382, -33.4364018 ], [ -70.6488395, -33.4364004 ], [ -70.6488407, -33.4363989 ], [ -70.6488419, -33.4363975 ], [ -70.6488432, -33.4363961 ], [ -70.6488446, -33.4363947 ], [ -70.6488459, -33.4363933 ], [ -70.6488473, -33.436392 ], [ -70.6488487, -33.4363906 ], [ -70.6488501, -33.4363893 ], [ -70.6488516, -33.436388 ], [ -70.6488531, -33.4363868 ], [ -70.6488546, -33.4363855 ], [ -70.6488561, -33.4363843 ], [ -70.6488577, -33.4363831 ], [ -70.6488593, -33.4363819 ], [ -70.6488609, -33.4363808 ], [ -70.6488625, -33.4363797 ], [ -70.6488642, -33.4363786 ], [ -70.6488659, -33.4363775 ], [ -70.6488676, -33.4363764 ], [ -70.6488693, -33.4363754 ], [ -70.6488711, -33.4363744 ], [ -70.6488728, -33.4363734 ], [ -70.6488746, -33.4363725 ], [ -70.6488764, -33.4363715 ], [ -70.6488783, -33.4363706 ], [ -70.6488801, -33.4363698 ], [ -70.648882, -33.4363689 ], [ -70.6488838, -33.4363681 ], [ -70.6488857, -33.4363673 ], [ -70.6488877, -33.4363665 ], [ -70.6488896, -33.4363658 ], [ -70.6488915, -33.4363651 ], [ -70.6488935, -33.4363644 ], [ -70.6488955, -33.4363638 ], [ -70.6488975, -33.4363632 ], [ -70.6488995, -33.4363626 ], [ -70.6489015, -33.436362 ], [ -70.6489035, -33.4363615 ], [ -70.6489055, -33.436361 ], [ -70.6489076, -33.4363605 ], [ -70.6489096, -33.4363601 ], [ -70.6489117, -33.4363597 ], [ -70.6489137, -33.4363593 ], [ -70.6489158, -33.4363589 ], [ -70.6489179, -33.4363586 ], [ -70.64892, -33.4363583 ], [ -70.6489221, -33.436358 ], [ -70.6489242, -33.4363578 ], [ -70.6489263, -33.4363576 ], [ -70.6489284, -33.4363575 ], [ -70.6489305, -33.4363573 ], [ -70.6489326, -33.4363572 ], [ -70.6489348, -33.4363571 ], [ -70.6489369, -33.4363571 ], [ -70.648939, -33.4363571 ], [ -70.6489411, -33.4363571 ], [ -70.6489432, -33.4363571 ], [ -70.6489453, -33.4363572 ], [ -70.6489475, -33.4363573 ], [ -70.6489496, -33.4363575 ], [ -70.6489517, -33.4363577 ], [ -70.6489538, -33.4363579 ], [ -70.6489559, -33.4363581 ], [ -70.648958, -33.4363584 ], [ -70.6489601, -33.4363587 ], [ -70.6489622, -33.436359 ], [ -70.6489642, -33.4363593 ], [ -70.6489663, -33.4363597 ], [ -70.6489684, -33.4363601 ], [ -70.6489704, -33.4363606 ], [ -70.6489725, -33.4363611 ], [ -70.6489745, -33.4363616 ], [ -70.6489765, -33.4363621 ], [ -70.6489785, -33.4363627 ], [ -70.6489805, -33.4363633 ], [ -70.6489825, -33.4363639 ], [ -70.6489845, -33.4363646 ], [ -70.6489864, -33.4363652 ], [ -70.6489884, -33.4363659 ], [ -70.6489903, -33.4363667 ], [ -70.6489922, -33.4363675 ], [ -70.6489941, -33.4363682 ], [ -70.648996, -33.4363691 ], [ -70.6489978, -33.4363699 ], [ -70.6489997, -33.4363708 ], [ -70.6490015, -33.4363717 ], [ -70.6490033, -33.4363726 ], [ -70.6490051, -33.4363736 ], [ -70.6490069, -33.4363746 ], [ -70.6490086, -33.4363756 ], [ -70.6490103, -33.4363766 ], [ -70.649012, -33.4363777 ], [ -70.6490137, -33.4363788 ], [ -70.6490154, -33.4363799 ], [ -70.649017, -33.436381 ], [ -70.6490186, -33.4363822 ], [ -70.6490202, -33.4363833 ], [ -70.6490217, -33.4363845 ], [ -70.6490233, -33.4363858 ], [ -70.6490248, -33.436387 ], [ -70.6490263, -33.4363883 ], [ -70.6490277, -33.4363896 ], [ -70.6490292, -33.4363909 ], [ -70.6490306, -33.4363922 ], [ -70.6490319, -33.4363936 ], [ -70.6490333, -33.4363949 ], [ -70.6490346, -33.4363963 ], [ -70.6490359, -33.4363977 ], [ -70.6490371, -33.4363992 ], [ -70.6490384, -33.4364006 ], [ -70.6490396, -33.4364021 ], [ -70.6490407, -33.4364036 ], [ -70.6490419, -33.4364051 ], [ -70.649043, -33.4364066 ], [ -70.649044, -33.4364081 ], [ -70.6490451, -33.4364097 ], [ -70.6490461, -33.4364112 ], [ -70.6490471, -33.4364128 ], [ -70.649048, -33.4364144 ], [ -70.6490489, -33.436416 ], [ -70.6490498, -33.4364176 ], [ -70.6490506, -33.4364192 ], [ -70.6490514, -33.4364209 ], [ -70.6490522, -33.4364225 ], [ -70.649053, -33.4364242 ], [ -70.6490537, -33.4364259 ], [ -70.6490543, -33.4364276 ], [ -70.649055, -33.4364293 ], [ -70.6490556, -33.436431 ], [ -70.6490561, -33.4364327 ], [ -70.6490567, -33.4364344 ], [ -70.6490571, -33.4364361 ], [ -70.6490576, -33.4364379 ], [ -70.649058, -33.4364396 ], [ -70.6490584, -33.4364414 ], [ -70.6490588, -33.4364431 ], [ -70.6490591, -33.4364449 ], [ -70.6490593, -33.4364466 ], [ -70.6490596, -33.4364484 ], [ -70.6490598, -33.4364502 ], [ -70.6490599, -33.4364519 ], [ -70.6490601, -33.4364537 ], [ -70.6490601, -33.4364555 ], [ -70.6490602, -33.4364573 ], [ -70.6490602, -33.436459 ], [ -70.6490602, -33.4364608 ], [ -70.6490601, -33.4364626 ], [ -70.64906, -33.4364644 ], [ -70.6490599, -33.4364661 ], [ -70.6490597, -33.4364679 ], [ -70.6490595, -33.4364697 ], [ -70.6490593, -33.4364714 ], [ -70.649059, -33.4364732 ], [ -70.6490587, -33.436475 ], [ -70.6490583, -33.4364767 ], [ -70.6490579, -33.4364785 ], [ -70.6490575, -33.4364802 ], [ -70.6490571, -33.4364819 ], [ -70.6490566, -33.4364837 ], [ -70.649056, -33.4364854 ], [ -70.6490555, -33.4364871 ], [ -70.6490549, -33.4364888 ], [ -70.6490542, -33.4364905 ], [ -70.6490535, -33.4364922 ], [ -70.6490528, -33.4364938 ], [ -70.6490521, -33.4364955 ], [ -70.6490513, -33.4364972 ], [ -70.6490505, -33.4364988 ], [ -70.6490496, -33.4365004 ], [ -70.6490488, -33.436502 ], [ -70.6490478, -33.4365036 ], [ -70.6490469, -33.4365052 ], [ -70.6490459, -33.4365068 ], [ -70.6490449, -33.4365084 ], [ -70.6490439, -33.4365099 ], [ -70.6490428, -33.4365114 ], [ -70.6490417, -33.436513 ], [ -70.6490405, -33.4365145 ], [ -70.6490394, -33.4365159 ], [ -70.6490381, -33.4365174 ], [ -70.6490369, -33.4365188 ], [ -70.6490357, -33.4365203 ], [ -70.6490344, -33.4365217 ], [ -70.649033, -33.4365231 ], [ -70.6490317, -33.4365244 ], [ -70.6490303, -33.4365258 ], [ -70.6490289, -33.4365271 ], [ -70.6490275, -33.4365284 ], [ -70.649026, -33.4365297 ], [ -70.6490245, -33.436531 ], [ -70.649023, -33.4365322 ], [ -70.6490215, -33.4365334 ], [ -70.6490199, -33.4365346 ], [ -70.6490183, -33.4365358 ], [ -70.6490167, -33.436537 ], [ -70.6490151, -33.4365381 ], [ -70.6490134, -33.4365392 ], [ -70.6490117, -33.4365403 ], [ -70.64901, -33.4365413 ], [ -70.6490083, -33.4365424 ], [ -70.6490065, -33.4365434 ], [ -70.6490048, -33.4365443 ], [ -70.649003, -33.4365453 ], [ -70.6490012, -33.4365462 ], [ -70.6489993, -33.4365471 ], [ -70.6489975, -33.436548 ], [ -70.6489956, -33.4365488 ], [ -70.6489937, -33.4365496 ], [ -70.6489919, -33.4365504 ], [ -70.6489899, -33.4365512 ], [ -70.648988, -33.4365519 ], [ -70.6489861, -33.4365526 ], [ -70.6489841, -33.4365533 ], [ -70.6489821, -33.436554 ], [ -70.6489801, -33.4365546 ], [ -70.6489781, -33.4365552 ], [ -70.6489761, -33.4365557 ], [ -70.6489741, -33.4365563 ], [ -70.6489721, -33.4365568 ], [ -70.64897, -33.4365572 ], [ -70.648968, -33.4365577 ], [ -70.6489659, -33.4365581 ], [ -70.6489639, -33.4365585 ], [ -70.6489618, -33.4365588 ], [ -70.6489597, -33.4365592 ], [ -70.6489576, -33.4365594 ], [ -70.6489555, -33.4365597 ], [ -70.6489534, -33.4365599 ], [ -70.6489513, -33.4365601 ], [ -70.6489492, -33.4365603 ], [ -70.6489471, -33.4365604 ], [ -70.648945, -33.4365605 ], [ -70.6489428, -33.4365606 ], [ -70.6489407, -33.4365607 ], [ -70.6489386, -33.4365607 ], [ -70.6489365, -33.4365607 ], [ -70.6489344, -33.4365606 ], [ -70.6489323, -33.4365605 ], [ -70.6489301, -33.4365604 ], [ -70.648928, -33.4365603 ], [ -70.6489259, -33.4365601 ], [ -70.6489238, -33.4365599 ], [ -70.6489217, -33.4365597 ], [ -70.6489196, -33.4365594 ], [ -70.6489175, -33.4365591 ], [ -70.6489154, -33.4365588 ], [ -70.6489134, -33.4365584 ], [ -70.6489113, -33.436558 ], [ -70.6489092, -33.4365576 ], [ -70.6489072, -33.4365572 ], [ -70.6489051, -33.4365567 ], [ -70.6489031, -33.4365562 ], [ -70.6489011, -33.4365556 ], [ -70.6488991, -33.4365551 ], [ -70.6488971, -33.4365545 ], [ -70.6488951, -33.4365539 ], [ -70.6488931, -33.4365532 ], [ -70.6488912, -33.4365525 ], [ -70.6488892, -33.4365518 ], [ -70.6488873, -33.4365511 ], [ -70.6488854, -33.4365503 ], [ -70.6488835, -33.4365495 ], [ -70.6488816, -33.4365487 ], [ -70.6488798, -33.4365478 ], [ -70.6488779, -33.436547 ], [ -70.6488761, -33.436546 ], [ -70.6488743, -33.4365451 ], [ -70.6488725, -33.4365442 ], [ -70.6488707, -33.4365432 ], [ -70.648869, -33.4365422 ], [ -70.6488673, -33.4365411 ], [ -70.6488656, -33.4365401 ], [ -70.6488639, -33.436539 ], [ -70.6488622, -33.4365379 ], [ -70.6488606, -33.4365368 ], [ -70.648859, -33.4365356 ], [ -70.6488574, -33.4365344 ], [ -70.6488559, -33.4365332 ], [ -70.6488543, -33.436532 ], [ -70.6488528, -33.4365307 ], [ -70.6488513, -33.4365295 ], [ -70.6488499, -33.4365282 ], [ -70.6488484, -33.4365269 ], [ -70.648847, -33.4365255 ], [ -70.6488457, -33.4365242 ], [ -70.6488443, -33.4365228 ], [ -70.648843, -33.4365214 ], [ -70.6488417, -33.43652 ], [ -70.6488405, -33.4365186 ], [ -70.6488392, -33.4365171 ], [ -70.648838, -33.4365157 ], [ -70.6488369, -33.4365142 ], [ -70.6488357, -33.4365127 ], [ -70.6488346, -33.4365112 ], [ -70.6488336, -33.4365096 ], [ -70.6488325, -33.4365081 ], [ -70.6488315, -33.4365065 ], [ -70.6488305, -33.4365049 ], [ -70.6488296, -33.4365034 ], [ -70.6488287, -33.4365017 ], [ -70.6488278, -33.4365001 ], [ -70.648827, -33.4364985 ], [ -70.6488262, -33.4364969 ], [ -70.6488254, -33.4364952 ], [ -70.6488246, -33.4364935 ], [ -70.6488239, -33.4364919 ], [ -70.6488233, -33.4364902 ], [ -70.6488226, -33.4364885 ], [ -70.648822, -33.4364868 ], [ -70.6488215, -33.4364851 ], [ -70.6488209, -33.4364833 ], [ -70.6488205, -33.4364816 ], [ -70.64882, -33.4364799 ], [ -70.6488196, -33.4364781 ], [ -70.6488192, -33.4364764 ], [ -70.6488188, -33.4364746 ], [ -70.6488185, -33.4364729 ], [ -70.6488183, -33.4364711 ], [ -70.648818, -33.4364694 ], [ -70.6488178, -33.4364676 ], [ -70.6488177, -33.4364658 ], [ -70.6488175, -33.436464 ], [ -70.6488174, -33.4364623 ], [ -70.6488174, -33.4364605 ] ] ] } },
{ "type": "Feature", "properties": { "INMON": null, "N_INMON": 0, "VECINO": null, "C": 0, "CODIGO": null, "NEW_INMON": 0.0, "EQUIPAM": null, "COD_CAT": 0.0, "ORIG_FID": 0, "SHAPE_LENG": 0.0, "SHAPE_AREA": 0.0, "AREA": 400.37784, "PERIMETER": 0.0, "INM_MON_": 0, "INM_MON_ID": 0, "INMON_ID": 0, "PR_OLD": null, "Nº_MENTOS": "MH74", "NOMBRE_MON": "Murales Sol y Luna de Nemesio Antunéz", "ESTADO_CON": "REGULAR", "Id": 0 }, "geometry": { "type": "Polygon", "coordinates": [ [ [ -70.6526333, -33.4398214 ], [ -70.6526333, -33.4398196 ], [ -70.6526333, -33.4398178 ], [ -70.6526334, -33.439816 ], [ -70.6526335, -33.4398143 ], [ -70.6526336, -33.4398125 ], [ -70.6526338, -33.4398107 ], [ -70.652634, -33.439809 ], [ -70.6526342, -33.4398072 ], [ -70.6526345, -33.4398054 ], [ -70.6526348, -33.4398037 ], [ -70.6526352, -33.4398019 ], [ -70.6526355, -33.4398002 ], [ -70.652636, -33.4397984 ], [ -70.6526364, -33.4397967 ], [ -70.6526369, -33.439795 ], [ -70.6526375, -33.4397933 ], [ -70.652638, -33.4397915 ], [ -70.6526386, -33.4397898 ], [ -70.6526393, -33.4397881 ], [ -70.65264, -33.4397865 ], [ -70.6526407, -33.4397848 ], [ -70.6526414, -33.4397831 ], [ -70.6526422, -33.4397815 ], [ -70.652643, -33.4397798 ], [ -70.6526438, -33.4397782 ], [ -70.6526447, -33.4397766 ], [ -70.6526456, -33.439775 ], [ -70.6526466, -33.4397734 ], [ -70.6526476, -33.4397718 ], [ -70.6526486, -33.4397703 ], [ -70.6526496, -33.4397687 ], [ -70.6526507, -33.4397672 ], [ -70.6526518, -33.4397657 ], [ -70.652653, -33.4397642 ], [ -70.6526541, -33.4397627 ], [ -70.6526553, -33.4397612 ], [ -70.6526566, -33.4397598 ], [ -70.6526578, -33.4397584 ], [ -70.6526591, -33.439757 ], [ -70.6526605, -33.4397556 ], [ -70.6526618, -33.4397542 ], [ -70.6526632, -33.4397529 ], [ -70.6526646, -33.4397515 ], [ -70.652666, -33.4397502 ], [ -70.6526675, -33.4397489 ], [ -70.652669, -33.4397477 ], [ -70.6526705, -33.4397464 ], [ -70.652672, -33.4397452 ], [ -70.6526736, -33.439744 ], [ -70.6526752, -33.4397428 ], [ -70.6526768, -33.4397417 ], [ -70.6526784, -33.4397405 ], [ -70.6526801, -33.4397394 ], [ -70.6526818, -33.4397384 ], [ -70.6526835, -33.4397373 ], [ -70.6526852, -33.4397363 ], [ -70.652687, -33.4397353 ], [ -70.6526887, -33.4397343 ], [ -70.6526905, -33.4397333 ], [ -70.6526923, -33.4397324 ], [ -70.6526941, -33.4397315 ], [ -70.652696, -33.4397306 ], [ -70.6526979, -33.4397298 ], [ -70.6526997, -33.439729 ], [ -70.6527016, -33.4397282 ], [ -70.6527036, -33.4397274 ], [ -70.6527055, -33.4397267 ], [ -70.6527074, -33.439726 ], [ -70.6527094, -33.4397253 ], [ -70.6527114, -33.4397247 ], [ -70.6527133, -33.439724 ], [ -70.6527153, -33.4397235 ], [ -70.6527174, -33.4397229 ], [ -70.6527194, -33.4397224 ], [ -70.6527214, -33.4397219 ], [ -70.6527235, -33.4397214 ], [ -70.6527255, -33.4397209 ], [ -70.6527276, -33.4397205 ], [ -70.6527296, -33.4397202 ], [ -70.6527317, -33.4397198 ], [ -70.6527338, -33.4397195 ], [ -70.6527359, -33.4397192 ], [ -70.652738, -33.4397189 ], [ -70.6527401, -33.4397187 ], [ -70.6527422, -33.4397185 ], [ -70.6527443, -33.4397183 ], [ -70.6527464, -33.4397182 ], [ -70.6527485, -33.4397181 ], [ -70.6527506, -33.439718 ], [ -70.6527528, -33.439718 ], [ -70.6527549, -33.439718 ], [ -70.652757, -33.439718 ], [ -70.6527591, -33.439718 ], [ -70.6527612, -33.4397181 ], [ -70.6527634, -33.4397182 ], [ -70.6527655, -33.4397184 ], [ -70.6527676, -33.4397185 ], [ -70.6527697, -33.4397187 ], [ -70.6527718, -33.439719 ], [ -70.6527739, -33.4397192 ], [ -70.652776, -33.4397195 ], [ -70.652778, -33.4397199 ], [ -70.6527801, -33.4397202 ], [ -70.6527822, -33.4397206 ], [ -70.6527843, -33.439721 ], [ -70.6527863, -33.4397215 ], [ -70.6527883, -33.4397219 ], [ -70.6527904, -33.4397225 ], [ -70.6527924, -33.439723 ], [ -70.6527944, -33.4397236 ], [ -70.6527964, -33.4397242 ], [ -70.6527984, -33.4397248 ], [ -70.6528004, -33.4397254 ], [ -70.6528023, -33.4397261 ], [ -70.6528043, -33.4397268 ], [ -70.6528062, -33.4397276 ], [ -70.6528081, -33.4397283 ], [ -70.65281, -33.4397291 ], [ -70.6528119, -33.4397299 ], [ -70.6528137, -33.4397308 ], [ -70.6528156, -33.4397317 ], [ -70.6528174, -33.4397326 ], [ -70.6528192, -33.4397335 ], [ -70.652821, -33.4397345 ], [ -70.6528228, -33.4397355 ], [ -70.6528245, -33.4397365 ], [ -70.6528262, -33.4397375 ], [ -70.6528279, -33.4397386 ], [ -70.6528296, -33.4397396 ], [ -70.6528313, -33.4397407 ], [ -70.6528329, -33.4397419 ], [ -70.6528345, -33.439743 ], [ -70.6528361, -33.4397442 ], [ -70.6528376, -33.4397454 ], [ -70.6528392, -33.4397466 ], [ -70.6528407, -33.4397479 ], [ -70.6528422, -33.4397492 ], [ -70.6528436, -33.4397504 ], [ -70.6528451, -33.4397518 ], [ -70.6528465, -33.4397531 ], [ -70.6528478, -33.4397544 ], [ -70.6528492, -33.4397558 ], [ -70.6528505, -33.4397572 ], [ -70.6528518, -33.4397586 ], [ -70.652853, -33.43976 ], [ -70.6528543, -33.4397615 ], [ -70.6528555, -33.439763 ], [ -70.6528566, -33.4397644 ], [ -70.6528578, -33.4397659 ], [ -70.6528589, -33.4397675 ], [ -70.6528599, -33.439769 ], [ -70.652861, -33.4397705 ], [ -70.652862, -33.4397721 ], [ -70.652863, -33.4397737 ], [ -70.6528639, -33.4397753 ], [ -70.6528648, -33.4397769 ], [ -70.6528657, -33.4397785 ], [ -70.6528665, -33.4397801 ], [ -70.6528673, -33.4397818 ], [ -70.6528681, -33.4397834 ], [ -70.6528689, -33.4397851 ], [ -70.6528696, -33.4397868 ], [ -70.6528702, -33.4397884 ], [ -70.6528709, -33.4397901 ], [ -70.6528715, -33.4397918 ], [ -70.652872, -33.4397936 ], [ -70.6528726, -33.4397953 ], [ -70.652873, -33.439797 ], [ -70.6528735, -33.4397987 ], [ -70.6528739, -33.4398005 ], [ -70.6528743, -33.4398022 ], [ -70.6528747, -33.439804 ], [ -70.652875, -33.4398057 ], [ -70.6528752, -33.4398075 ], [ -70.6528755, -33.4398093 ], [ -70.6528757, -33.439811 ], [ -70.6528758, -33.4398128 ], [ -70.652876, -33.4398146 ], [ -70.6528761, -33.4398164 ], [ -70.6528761, -33.4398181 ], [ -70.6528761, -33.4398199 ], [ -70.6528761, -33.4398217 ], [ -70.652876, -33.4398235 ], [ -70.6528759, -33.4398252 ], [ -70.6528758, -33.439827 ], [ -70.6528756, -33.4398288 ], [ -70.6528754, -33.4398306 ], [ -70.6528752, -33.4398323 ], [ -70.6528749, -33.4398341 ], [ -70.6528746, -33.4398358 ], [ -70.6528742, -33.4398376 ], [ -70.6528739, -33.4398393 ], [ -70.6528734, -33.4398411 ], [ -70.652873, -33.4398428 ], [ -70.6528725, -33.4398445 ], [ -70.6528719, -33.4398463 ], [ -70.6528714, -33.439848 ], [ -70.6528708, -33.4398497 ], [ -70.6528701, -33.4398514 ], [ -70.6528694, -33.439853 ], [ -70.6528687, -33.4398547 ], [ -70.652868, -33.4398564 ], [ -70.6528672, -33.439858 ], [ -70.6528664, -33.4398597 ], [ -70.6528655, -33.4398613 ], [ -70.6528647, -33.4398629 ], [ -70.6528637, -33.4398645 ], [ -70.6528628, -33.4398661 ], [ -70.6528618, -33.4398677 ], [ -70.6528608, -33.4398692 ], [ -70.6528598, -33.4398708 ], [ -70.6528587, -33.4398723 ], [ -70.6528576, -33.4398738 ], [ -70.6528564, -33.4398753 ], [ -70.6528553, -33.4398768 ], [ -70.6528541, -33.4398783 ], [ -70.6528528, -33.4398797 ], [ -70.6528516, -33.4398811 ], [ -70.6528503, -33.4398826 ], [ -70.6528489, -33.4398839 ], [ -70.6528476, -33.4398853 ], [ -70.6528462, -33.4398867 ], [ -70.6528448, -33.439888 ], [ -70.6528434, -33.4398893 ], [ -70.6528419, -33.4398906 ], [ -70.6528404, -33.4398918 ], [ -70.6528389, -33.4398931 ], [ -70.6528374, -33.4398943 ], [ -70.6528358, -33.4398955 ], [ -70.6528342, -33.4398967 ], [ -70.6528326, -33.4398978 ], [ -70.652831, -33.439899 ], [ -70.6528293, -33.4399001 ], [ -70.6528276, -33.4399011 ], [ -70.6528259, -33.4399022 ], [ -70.6528242, -33.4399032 ], [ -70.6528224, -33.4399042 ], [ -70.6528207, -33.4399052 ], [ -70.6528189, -33.4399062 ], [ -70.6528171, -33.4399071 ], [ -70.6528152, -33.439908 ], [ -70.6528134, -33.4399089 ], [ -70.6528115, -33.4399097 ], [ -70.6528097, -33.4399105 ], [ -70.6528078, -33.4399113 ], [ -70.6528058, -33.4399121 ], [ -70.6528039, -33.4399128 ], [ -70.652802, -33.4399135 ], [ -70.6528, -33.4399142 ], [ -70.652798, -33.4399148 ], [ -70.652796, -33.4399155 ], [ -70.652794, -33.4399161 ], [ -70.652792, -33.4399166 ], [ -70.65279, -33.4399171 ], [ -70.652788, -33.4399177 ], [ -70.6527859, -33.4399181 ], [ -70.6527839, -33.4399186 ], [ -70.6527818, -33.439919 ], [ -70.6527798, -33.4399194 ], [ -70.6527777, -33.4399197 ], [ -70.6527756, -33.43992 ], [ -70.6527735, -33.4399203 ], [ -70.6527714, -33.4399206 ], [ -70.6527693, -33.4399208 ], [ -70.6527672, -33.439921 ], [ -70.6527651, -33.4399212 ], [ -70.652763, -33.4399213 ], [ -70.6527609, -33.4399214 ], [ -70.6527587, -33.4399215 ], [ -70.6527566, -33.4399215 ], [ -70.6527545, -33.4399216 ], [ -70.6527524, -33.4399215 ], [ -70.6527503, -33.4399215 ], [ -70.6527482, -33.4399214 ], [ -70.652746, -33.4399213 ], [ -70.6527439, -33.4399211 ], [ -70.6527418, -33.439921 ], [ -70.6527397, -33.4399208 ], [ -70.6527376, -33.4399205 ], [ -70.6527355, -33.4399203 ], [ -70.6527334, -33.43992 ], [ -70.6527313, -33.4399197 ], [ -70.6527293, -33.4399193 ], [ -70.6527272, -33.4399189 ], [ -70.6527251, -33.4399185 ], [ -70.6527231, -33.439918 ], [ -70.652721, -33.4399176 ], [ -70.652719, -33.4399171 ], [ -70.652717, -33.4399165 ], [ -70.652715, -33.439916 ], [ -70.652713, -33.4399154 ], [ -70.652711, -33.4399147 ], [ -70.652709, -33.4399141 ], [ -70.6527071, -33.4399134 ], [ -70.6527051, -33.4399127 ], [ -70.6527032, -33.4399119 ], [ -70.6527013, -33.4399112 ], [ -70.6526994, -33.4399104 ], [ -70.6526975, -33.4399096 ], [ -70.6526957, -33.4399087 ], [ -70.6526938, -33.4399078 ], [ -70.652692, -33.4399069 ], [ -70.6526902, -33.439906 ], [ -70.6526884, -33.439905 ], [ -70.6526866, -33.4399041 ], [ -70.6526849, -33.4399031 ], [ -70.6526832, -33.439902 ], [ -70.6526815, -33.439901 ], [ -70.6526798, -33.4398999 ], [ -70.6526781, -33.4398988 ], [ -70.6526765, -33.4398976 ], [ -70.6526749, -33.4398965 ], [ -70.6526733, -33.4398953 ], [ -70.6526717, -33.4398941 ], [ -70.6526702, -33.4398929 ], [ -70.6526687, -33.4398916 ], [ -70.6526672, -33.4398904 ], [ -70.6526658, -33.4398891 ], [ -70.6526643, -33.4398878 ], [ -70.6526629, -33.4398864 ], [ -70.6526616, -33.4398851 ], [ -70.6526602, -33.4398837 ], [ -70.6526589, -33.4398823 ], [ -70.6526576, -33.4398809 ], [ -70.6526564, -33.4398795 ], [ -70.6526551, -33.439878 ], [ -70.6526539, -33.4398765 ], [ -70.6526528, -33.4398751 ], [ -70.6526516, -33.4398736 ], [ -70.6526505, -33.439872 ], [ -70.6526494, -33.4398705 ], [ -70.6526484, -33.439869 ], [ -70.6526474, -33.4398674 ], [ -70.6526464, -33.4398658 ], [ -70.6526455, -33.4398642 ], [ -70.6526446, -33.4398626 ], [ -70.6526437, -33.439861 ], [ -70.6526429, -33.4398594 ], [ -70.652642, -33.4398577 ], [ -70.6526413, -33.4398561 ], [ -70.6526405, -33.4398544 ], [ -70.6526398, -33.4398527 ], [ -70.6526392, -33.4398511 ], [ -70.6526385, -33.4398494 ], [ -70.6526379, -33.4398477 ], [ -70.6526374, -33.4398459 ], [ -70.6526368, -33.4398442 ], [ -70.6526363, -33.4398425 ], [ -70.6526359, -33.4398408 ], [ -70.6526355, -33.439839 ], [ -70.6526351, -33.4398373 ], [ -70.6526347, -33.4398355 ], [ -70.6526344, -33.4398338 ], [ -70.6526342, -33.439832 ], [ -70.6526339, -33.4398302 ], [ -70.6526337, -33.4398285 ], [ -70.6526336, -33.4398267 ], [ -70.6526334, -33.4398249 ], [ -70.6526333, -33.4398231 ], [ -70.6526333, -33.4398214 ] ] ] } },
{ "type": "Feature", "properties": { "INMON": null, "N_INMON": 0, "VECINO": null, "C": 0, "CODIGO": null, "NEW_INMON": 0.0, "EQUIPAM": null, "COD_CAT": 0.0, "ORIG_FID": 0, "SHAPE_LENG": 0.0, "SHAPE_AREA": 0.0, "AREA": 400.37784, "PERIMETER": 0.0, "INM_MON_": 0, "INM_MON_ID": 0, "INMON_ID": 0, "PR_OLD": null, "Nº_MENTOS": "MH74", "NOMBRE_MON": "Mural Quinchamalí de Nemesio Antunéz", "ESTADO_CON": "REGULAR", "Id": 0 }, "geometry": { "type": "Polygon", "coordinates": [ [ [ -70.6471812, -33.4387136 ], [ -70.6471812, -33.4387119 ], [ -70.6471812, -33.4387101 ], [ -70.6471812, -33.4387083 ], [ -70.6471813, -33.4387065 ], [ -70.6471815, -33.4387048 ], [ -70.6471816, -33.438703 ], [ -70.6471819, -33.4387012 ], [ -70.6471821, -33.4386995 ], [ -70.6471824, -33.4386977 ], [ -70.6471827, -33.4386959 ], [ -70.647183, -33.4386942 ], [ -70.6471834, -33.4386924 ], [ -70.6471839, -33.4386907 ], [ -70.6471843, -33.438689 ], [ -70.6471848, -33.4386872 ], [ -70.6471854, -33.4386855 ], [ -70.6471859, -33.4386838 ], [ -70.6471865, -33.4386821 ], [ -70.6471872, -33.4386804 ], [ -70.6471878, -33.4386787 ], [ -70.6471886, -33.438677 ], [ -70.6471893, -33.4386754 ], [ -70.6471901, -33.4386737 ], [ -70.6471909, -33.4386721 ], [ -70.6471917, -33.4386705 ], [ -70.6471926, -33.4386689 ], [ -70.6471935, -33.4386672 ], [ -70.6471945, -33.4386657 ], [ -70.6471955, -33.4386641 ], [ -70.6471965, -33.4386625 ], [ -70.6471975, -33.438661 ], [ -70.6471986, -33.4386595 ], [ -70.6471997, -33.4386579 ], [ -70.6472009, -33.4386564 ], [ -70.647202, -33.438655 ], [ -70.6472032, -33.4386535 ], [ -70.6472045, -33.4386521 ], [ -70.6472057, -33.4386506 ], [ -70.647207, -33.4386492 ], [ -70.6472083, -33.4386478 ], [ -70.6472097, -33.4386465 ], [ -70.6472111, -33.4386451 ], [ -70.6472125, -33.4386438 ], [ -70.6472139, -33.4386425 ], [ -70.6472154, -33.4386412 ], [ -70.6472169, -33.4386399 ], [ -70.6472184, -33.4386387 ], [ -70.6472199, -33.4386375 ], [ -70.6472215, -33.4386363 ], [ -70.6472231, -33.4386351 ], [ -70.6472247, -33.4386339 ], [ -70.6472263, -33.4386328 ], [ -70.647228, -33.4386317 ], [ -70.6472297, -33.4386306 ], [ -70.6472314, -33.4386296 ], [ -70.6472331, -33.4386285 ], [ -70.6472349, -33.4386275 ], [ -70.6472366, -33.4386266 ], [ -70.6472384, -33.4386256 ], [ -70.6472402, -33.4386247 ], [ -70.647242, -33.4386238 ], [ -70.6472439, -33.4386229 ], [ -70.6472458, -33.4386221 ], [ -70.6472476, -33.4386212 ], [ -70.6472495, -33.4386205 ], [ -70.6472514, -33.4386197 ], [ -70.6472534, -33.438619 ], [ -70.6472553, -33.4386183 ], [ -70.6472573, -33.4386176 ], [ -70.6472593, -33.4386169 ], [ -70.6472612, -33.4386163 ], [ -70.6472632, -33.4386157 ], [ -70.6472653, -33.4386152 ], [ -70.6472673, -33.4386146 ], [ -70.6472693, -33.4386141 ], [ -70.6472713, -33.4386137 ], [ -70.6472734, -33.4386132 ], [ -70.6472755, -33.4386128 ], [ -70.6472775, -33.4386124 ], [ -70.6472796, -33.4386121 ], [ -70.6472817, -33.4386117 ], [ -70.6472838, -33.4386115 ], [ -70.6472859, -33.4386112 ], [ -70.647288, -33.438611 ], [ -70.6472901, -33.4386108 ], [ -70.6472922, -33.4386106 ], [ -70.6472943, -33.4386105 ], [ -70.6472964, -33.4386104 ], [ -70.6472985, -33.4386103 ], [ -70.6473007, -33.4386102 ], [ -70.6473028, -33.4386102 ], [ -70.6473049, -33.4386102 ], [ -70.647307, -33.4386103 ], [ -70.6473091, -33.4386104 ], [ -70.6473113, -33.4386105 ], [ -70.6473134, -33.4386106 ], [ -70.6473155, -33.4386108 ], [ -70.6473176, -33.438611 ], [ -70.6473197, -33.4386112 ], [ -70.6473218, -33.4386115 ], [ -70.6473239, -33.4386118 ], [ -70.6473259, -33.4386121 ], [ -70.647328, -33.4386125 ], [ -70.6473301, -33.4386129 ], [ -70.6473321, -33.4386133 ], [ -70.6473342, -33.4386137 ], [ -70.6473362, -33.4386142 ], [ -70.6473383, -33.4386147 ], [ -70.6473403, -33.4386153 ], [ -70.6473423, -33.4386158 ], [ -70.6473443, -33.4386164 ], [ -70.6473463, -33.438617 ], [ -70.6473483, -33.4386177 ], [ -70.6473502, -33.4386184 ], [ -70.6473522, -33.4386191 ], [ -70.6473541, -33.4386198 ], [ -70.647356, -33.4386206 ], [ -70.6473579, -33.4386214 ], [ -70.6473598, -33.4386222 ], [ -70.6473616, -33.4386231 ], [ -70.6473635, -33.4386239 ], [ -70.6473653, -33.4386248 ], [ -70.6473671, -33.4386258 ], [ -70.6473689, -33.4386267 ], [ -70.6473706, -33.4386277 ], [ -70.6473724, -33.4386287 ], [ -70.6473741, -33.4386298 ], [ -70.6473758, -33.4386308 ], [ -70.6473775, -33.4386319 ], [ -70.6473792, -33.438633 ], [ -70.6473808, -33.4386341 ], [ -70.6473824, -33.4386353 ], [ -70.647384, -33.4386365 ], [ -70.6473855, -33.4386377 ], [ -70.6473871, -33.4386389 ], [ -70.6473886, -33.4386402 ], [ -70.6473901, -33.4386414 ], [ -70.6473915, -33.4386427 ], [ -70.6473929, -33.438644 ], [ -70.6473944, -33.4386454 ], [ -70.6473957, -33.4386467 ], [ -70.6473971, -33.4386481 ], [ -70.6473984, -33.4386495 ], [ -70.6473997, -33.4386509 ], [ -70.6474009, -33.4386523 ], [ -70.6474022, -33.4386538 ], [ -70.6474034, -33.4386552 ], [ -70.6474045, -33.4386567 ], [ -70.6474057, -33.4386582 ], [ -70.6474068, -33.4386597 ], [ -70.6474078, -33.4386613 ], [ -70.6474089, -33.4386628 ], [ -70.6474099, -33.4386644 ], [ -70.6474109, -33.438666 ], [ -70.6474118, -33.4386675 ], [ -70.6474127, -33.4386691 ], [ -70.6474136, -33.4386708 ], [ -70.6474144, -33.4386724 ], [ -70.6474152, -33.438674 ], [ -70.647416, -33.4386757 ], [ -70.6474168, -33.4386774 ], [ -70.6474175, -33.438679 ], [ -70.6474181, -33.4386807 ], [ -70.6474188, -33.4386824 ], [ -70.6474194, -33.4386841 ], [ -70.6474199, -33.4386858 ], [ -70.6474204, -33.4386876 ], [ -70.6474209, -33.4386893 ], [ -70.6474214, -33.438691 ], [ -70.6474218, -33.4386928 ], [ -70.6474222, -33.4386945 ], [ -70.6474225, -33.4386963 ], [ -70.6474229, -33.438698 ], [ -70.6474231, -33.4386998 ], [ -70.6474234, -33.4387015 ], [ -70.6474236, -33.4387033 ], [ -70.6474237, -33.4387051 ], [ -70.6474239, -33.4387069 ], [ -70.6474239, -33.4387086 ], [ -70.647424, -33.4387104 ], [ -70.647424, -33.4387122 ], [ -70.647424, -33.438714 ], [ -70.6474239, -33.4387157 ], [ -70.6474238, -33.4387175 ], [ -70.6474237, -33.4387193 ], [ -70.6474235, -33.4387211 ], [ -70.6474233, -33.4387228 ], [ -70.6474231, -33.4387246 ], [ -70.6474228, -33.4387263 ], [ -70.6474225, -33.4387281 ], [ -70.6474221, -33.4387299 ], [ -70.6474217, -33.4387316 ], [ -70.6474213, -33.4387333 ], [ -70.6474209, -33.4387351 ], [ -70.6474204, -33.4387368 ], [ -70.6474198, -33.4387385 ], [ -70.6474192, -33.4387402 ], [ -70.6474186, -33.4387419 ], [ -70.647418, -33.4387436 ], [ -70.6474173, -33.4387453 ], [ -70.6474166, -33.438747 ], [ -70.6474159, -33.4387487 ], [ -70.6474151, -33.4387503 ], [ -70.6474143, -33.4387519 ], [ -70.6474134, -33.4387536 ], [ -70.6474125, -33.4387552 ], [ -70.6474116, -33.4387568 ], [ -70.6474107, -33.4387584 ], [ -70.6474097, -33.43876 ], [ -70.6474087, -33.4387615 ], [ -70.6474076, -33.4387631 ], [ -70.6474066, -33.4387646 ], [ -70.6474055, -33.4387661 ], [ -70.6474043, -33.4387676 ], [ -70.6474031, -33.4387691 ], [ -70.6474019, -33.4387705 ], [ -70.6474007, -33.438772 ], [ -70.6473994, -33.4387734 ], [ -70.6473981, -33.4387748 ], [ -70.6473968, -33.4387762 ], [ -70.6473955, -33.4387776 ], [ -70.6473941, -33.4387789 ], [ -70.6473927, -33.4387803 ], [ -70.6473913, -33.4387816 ], [ -70.6473898, -33.4387829 ], [ -70.6473883, -33.4387841 ], [ -70.6473868, -33.4387854 ], [ -70.6473853, -33.4387866 ], [ -70.6473837, -33.4387878 ], [ -70.6473821, -33.438789 ], [ -70.6473805, -33.4387901 ], [ -70.6473788, -33.4387912 ], [ -70.6473772, -33.4387923 ], [ -70.6473755, -33.4387934 ], [ -70.6473738, -33.4387945 ], [ -70.6473721, -33.4387955 ], [ -70.6473703, -33.4387965 ], [ -70.6473686, -33.4387975 ], [ -70.6473668, -33.4387984 ], [ -70.647365, -33.4387994 ], [ -70.6473631, -33.4388003 ], [ -70.6473613, -33.4388011 ], [ -70.6473594, -33.438802 ], [ -70.6473575, -33.4388028 ], [ -70.6473556, -33.4388036 ], [ -70.6473537, -33.4388043 ], [ -70.6473518, -33.4388051 ], [ -70.6473498, -33.4388058 ], [ -70.6473479, -33.4388065 ], [ -70.6473459, -33.4388071 ], [ -70.6473439, -33.4388077 ], [ -70.6473419, -33.4388083 ], [ -70.6473399, -33.4388089 ], [ -70.6473379, -33.4388094 ], [ -70.6473359, -33.4388099 ], [ -70.6473338, -33.4388104 ], [ -70.6473318, -33.4388108 ], [ -70.6473297, -33.4388112 ], [ -70.6473276, -33.4388116 ], [ -70.6473256, -33.438812 ], [ -70.6473235, -33.4388123 ], [ -70.6473214, -33.4388126 ], [ -70.6473193, -33.4388128 ], [ -70.6473172, -33.4388131 ], [ -70.6473151, -33.4388133 ], [ -70.647313, -33.4388134 ], [ -70.6473109, -33.4388136 ], [ -70.6473087, -33.4388137 ], [ -70.6473066, -33.4388138 ], [ -70.6473045, -33.4388138 ], [ -70.6473024, -33.4388138 ], [ -70.6473003, -33.4388138 ], [ -70.6472982, -33.4388137 ], [ -70.647296, -33.4388137 ], [ -70.6472939, -33.4388136 ], [ -70.6472918, -33.4388134 ], [ -70.6472897, -33.4388132 ], [ -70.6472876, -33.438813 ], [ -70.6472855, -33.4388128 ], [ -70.6472834, -33.4388125 ], [ -70.6472813, -33.4388122 ], [ -70.6472792, -33.4388119 ], [ -70.6472772, -33.4388116 ], [ -70.6472751, -33.4388112 ], [ -70.647273, -33.4388108 ], [ -70.647271, -33.4388103 ], [ -70.6472689, -33.4388098 ], [ -70.6472669, -33.4388093 ], [ -70.6472649, -33.4388088 ], [ -70.6472629, -33.4388082 ], [ -70.6472609, -33.4388076 ], [ -70.6472589, -33.438807 ], [ -70.6472569, -33.4388063 ], [ -70.647255, -33.4388057 ], [ -70.647253, -33.4388049 ], [ -70.6472511, -33.4388042 ], [ -70.6472492, -33.4388034 ], [ -70.6472473, -33.4388026 ], [ -70.6472454, -33.4388018 ], [ -70.6472436, -33.438801 ], [ -70.6472417, -33.4388001 ], [ -70.6472399, -33.4387992 ], [ -70.6472381, -33.4387983 ], [ -70.6472363, -33.4387973 ], [ -70.6472345, -33.4387963 ], [ -70.6472328, -33.4387953 ], [ -70.6472311, -33.4387943 ], [ -70.6472294, -33.4387932 ], [ -70.6472277, -33.4387921 ], [ -70.647226, -33.438791 ], [ -70.6472244, -33.4387899 ], [ -70.6472228, -33.4387887 ], [ -70.6472212, -33.4387876 ], [ -70.6472196, -33.4387864 ], [ -70.6472181, -33.4387851 ], [ -70.6472166, -33.4387839 ], [ -70.6472151, -33.4387826 ], [ -70.6472137, -33.4387813 ], [ -70.6472122, -33.43878 ], [ -70.6472108, -33.4387787 ], [ -70.6472094, -33.4387773 ], [ -70.6472081, -33.438776 ], [ -70.6472068, -33.4387746 ], [ -70.6472055, -33.4387732 ], [ -70.6472042, -33.4387717 ], [ -70.647203, -33.4387703 ], [ -70.6472018, -33.4387688 ], [ -70.6472006, -33.4387673 ], [ -70.6471995, -33.4387658 ], [ -70.6471984, -33.4387643 ], [ -70.6471973, -33.4387628 ], [ -70.6471963, -33.4387612 ], [ -70.6471953, -33.4387597 ], [ -70.6471943, -33.4387581 ], [ -70.6471934, -33.4387565 ], [ -70.6471925, -33.4387549 ], [ -70.6471916, -33.4387533 ], [ -70.6471907, -33.4387516 ], [ -70.6471899, -33.43875 ], [ -70.6471892, -33.4387483 ], [ -70.6471884, -33.4387467 ], [ -70.6471877, -33.438745 ], [ -70.647187, -33.4387433 ], [ -70.6471864, -33.4387416 ], [ -70.6471858, -33.4387399 ], [ -70.6471853, -33.4387382 ], [ -70.6471847, -33.4387365 ], [ -70.6471842, -33.4387348 ], [ -70.6471838, -33.438733 ], [ -70.6471834, -33.4387313 ], [ -70.647183, -33.4387295 ], [ -70.6471826, -33.4387278 ], [ -70.6471823, -33.438726 ], [ -70.647182, -33.4387243 ], [ -70.6471818, -33.4387225 ], [ -70.6471816, -33.4387207 ], [ -70.6471814, -33.438719 ], [ -70.6471813, -33.4387172 ], [ -70.6471812, -33.4387154 ], [ -70.6471812, -33.4387136 ] ] ] } },
{ "type": "Feature", "properties": { "INMON": null, "N_INMON": 0, "VECINO": null, "C": 0, "CODIGO": null, "NEW_INMON": 0.0, "EQUIPAM": null, "COD_CAT": 0.0, "ORIG_FID": 0, "SHAPE_LENG": 0.0, "SHAPE_AREA": 0.0, "AREA": 886.92244, "PERIMETER": 0.0, "INM_MON_": 0, "INM_MON_ID": 0, "INMON_ID": 0, "PR_OLD": null, "Nº_MENTOS": "MH80", "NOMBRE_MON": "Edificio Sede del Tribunal calificador de elecciones", "ESTADO_CON": null, "Id": 0 }, "geometry": { "type": "Polygon", "coordinates": [ [ [ -70.6542368, -33.4388081 ], [ -70.6542413, -33.4387736 ], [ -70.6542519, -33.4387739 ], [ -70.6542747, -33.4386107 ], [ -70.6542788, -33.4385797 ], [ -70.6546046, -33.4386138 ], [ -70.6546141, -33.4386153 ], [ -70.6546242, -33.4386188 ], [ -70.6546344, -33.438625 ], [ -70.6546402, -33.4386302 ], [ -70.654646, -33.4386381 ], [ -70.6546499, -33.4386454 ], [ -70.6546526, -33.4386548 ], [ -70.6546521, -33.4386643 ], [ -70.6546378, -33.4387684 ], [ -70.6546284, -33.4388387 ], [ -70.6545953, -33.438836 ], [ -70.6545793, -33.4388343 ], [ -70.6545646, -33.4388329 ], [ -70.6542368, -33.4388081 ] ] ] } },
{ "type": "Feature", "properties": { "INMON": null, "N_INMON": 0, "VECINO": null, "C": 0, "CODIGO": null, "NEW_INMON": 0.0, "EQUIPAM": null, "COD_CAT": 0.0, "ORIG_FID": 0, "SHAPE_LENG": 0.0, "SHAPE_AREA": 0.0, "AREA": 3259.00603, "PERIMETER": 0.0, "INM_MON_": 0, "INM_MON_ID": 0, "INMON_ID": 0, "PR_OLD": null, "Nº_MENTOS": "MH54", "NOMBRE_MON": "archivo nacional", "ESTADO_CON": null, "Id": 0 }, "geometry": { "type": "Polygon", "coordinates": [ [ [ -70.6444389, -33.4413473 ], [ -70.6444659, -33.4411921 ], [ -70.644469, -33.441174 ], [ -70.6444692, -33.4411734 ], [ -70.6444695, -33.4411727 ], [ -70.6444697, -33.441172 ], [ -70.64447, -33.4411714 ], [ -70.6444703, -33.4411707 ], [ -70.6444706, -33.4411701 ], [ -70.6444709, -33.4411694 ], [ -70.6444712, -33.4411688 ], [ -70.6444715, -33.4411681 ], [ -70.6444719, -33.4411675 ], [ -70.6444722, -33.4411669 ], [ -70.6444726, -33.4411663 ], [ -70.644473, -33.4411656 ], [ -70.6444734, -33.441165 ], [ -70.6444738, -33.4411644 ], [ -70.6444742, -33.4411638 ], [ -70.6444747, -33.4411632 ], [ -70.6444751, -33.4411627 ], [ -70.6444756, -33.4411621 ], [ -70.6444761, -33.4411615 ], [ -70.6444765, -33.4411609 ], [ -70.644477, -33.4411604 ], [ -70.6444776, -33.4411598 ], [ -70.6444781, -33.4411593 ], [ -70.6444786, -33.4411588 ], [ -70.6444791, -33.4411582 ], [ -70.6444797, -33.4411577 ], [ -70.6444803, -33.4411572 ], [ -70.6444808, -33.4411567 ], [ -70.6444814, -33.4411562 ], [ -70.644482, -33.4411557 ], [ -70.6444826, -33.4411553 ], [ -70.6444832, -33.4411548 ], [ -70.6444839, -33.4411543 ], [ -70.6444845, -33.4411539 ], [ -70.6444851, -33.4411534 ], [ -70.6444858, -33.441153 ], [ -70.6444865, -33.4411526 ], [ -70.6444871, -33.4411522 ], [ -70.6444878, -33.4411518 ], [ -70.6444885, -33.4411514 ], [ -70.6444892, -33.441151 ], [ -70.6444899, -33.4411506 ], [ -70.6444906, -33.4411503 ], [ -70.6444913, -33.4411499 ], [ -70.644492, -33.4411496 ], [ -70.6444928, -33.4411493 ], [ -70.6444935, -33.4411489 ], [ -70.6444943, -33.4411486 ], [ -70.644495, -33.4411483 ], [ -70.6444958, -33.4411481 ], [ -70.6444965, -33.4411478 ], [ -70.6444973, -33.4411475 ], [ -70.6444981, -33.4411473 ], [ -70.6444988, -33.441147 ], [ -70.6444996, -33.4411468 ], [ -70.6445004, -33.4411466 ], [ -70.6445012, -33.4411464 ], [ -70.6445023, -33.4411461 ], [ -70.644503, -33.441146 ], [ -70.6445036, -33.4411458 ], [ -70.6445043, -33.4411457 ], [ -70.6445049, -33.4411456 ], [ -70.6445056, -33.4411455 ], [ -70.6445063, -33.4411454 ], [ -70.6445069, -33.4411453 ], [ -70.6445076, -33.4411452 ], [ -70.6445083, -33.4411452 ], [ -70.6445089, -33.4411451 ], [ -70.6445096, -33.4411451 ], [ -70.6445103, -33.441145 ], [ -70.644511, -33.441145 ], [ -70.6445116, -33.441145 ], [ -70.6445123, -33.441145 ], [ -70.644513, -33.441145 ], [ -70.6445137, -33.441145 ], [ -70.6445143, -33.441145 ], [ -70.644515, -33.441145 ], [ -70.6445157, -33.4411451 ], [ -70.6445164, -33.4411451 ], [ -70.644517, -33.4411452 ], [ -70.6445177, -33.4411453 ], [ -70.6445184, -33.4411453 ], [ -70.644519, -33.4411454 ], [ -70.6445197, -33.4411455 ], [ -70.6445204, -33.4411456 ], [ -70.644521, -33.4411458 ], [ -70.6445217, -33.4411459 ], [ -70.6445223, -33.441146 ], [ -70.6445232, -33.4411462 ], [ -70.6445838, -33.4411521 ], [ -70.6445652, -33.4412876 ], [ -70.6445755, -33.44129 ], [ -70.6445798, -33.4412883 ], [ -70.6445842, -33.4412868 ], [ -70.6445885, -33.4412856 ], [ -70.6445928, -33.4412846 ], [ -70.6445979, -33.441284 ], [ -70.644603, -33.4412836 ], [ -70.644608, -33.4412834 ], [ -70.644613, -33.4412835 ], [ -70.6446181, -33.4412839 ], [ -70.644622, -33.4412843 ], [ -70.6446259, -33.4412851 ], [ -70.6446297, -33.441286 ], [ -70.6446336, -33.441287 ], [ -70.6446374, -33.4412882 ], [ -70.6446412, -33.4412896 ], [ -70.6446448, -33.4412912 ], [ -70.644648, -33.4412927 ], [ -70.6446512, -33.4412944 ], [ -70.6446544, -33.4412964 ], [ -70.6446577, -33.4412985 ], [ -70.6446688, -33.4412997 ], [ -70.6446687, -33.4413014 ], [ -70.6446842, -33.4413034 ], [ -70.6446843, -33.4413024 ], [ -70.644754, -33.4413101 ], [ -70.6447539, -33.4413108 ], [ -70.6447816, -33.4413127 ], [ -70.6447817, -33.4413138 ], [ -70.6447829, -33.4413138 ], [ -70.6447922, -33.4413008 ], [ -70.6448143, -33.4412944 ], [ -70.6448704, -33.4413007 ], [ -70.6448457, -33.4414431 ], [ -70.6448585, -33.4414441 ], [ -70.644852, -33.4414852 ], [ -70.6448455, -33.4414846 ], [ -70.6448283, -33.4416015 ], [ -70.6447975, -33.4417954 ], [ -70.6448099, -33.4417965 ], [ -70.6447954, -33.4418451 ], [ -70.6447898, -33.4418477 ], [ -70.6447866, -33.4418498 ], [ -70.6447835, -33.4418521 ], [ -70.6447806, -33.4418546 ], [ -70.644778, -33.4418572 ], [ -70.6447755, -33.44186 ], [ -70.6447733, -33.4418629 ], [ -70.6447713, -33.4418659 ], [ -70.6447692, -33.4418697 ], [ -70.6447645, -33.4418898 ], [ -70.6446701, -33.4418694 ], [ -70.6446459, -33.4419516 ], [ -70.6445698, -33.4419368 ], [ -70.6445322, -33.4420849 ], [ -70.644364, -33.4420449 ], [ -70.6443009, -33.4420269 ], [ -70.6442952, -33.4420247 ], [ -70.644295, -33.4420247 ], [ -70.6442949, -33.4420247 ], [ -70.6442947, -33.4420246 ], [ -70.6442946, -33.4420246 ], [ -70.6442944, -33.4420246 ], [ -70.6442943, -33.4420245 ], [ -70.6442941, -33.4420245 ], [ -70.644294, -33.4420244 ], [ -70.6442938, -33.4420244 ], [ -70.6442937, -33.4420243 ], [ -70.6442935, -33.4420243 ], [ -70.6442934, -33.4420242 ], [ -70.6442933, -33.4420242 ], [ -70.6442931, -33.4420241 ], [ -70.644293, -33.4420241 ], [ -70.6442928, -33.442024 ], [ -70.6442927, -33.4420239 ], [ -70.6442926, -33.4420239 ], [ -70.6442924, -33.4420238 ], [ -70.6442923, -33.4420237 ], [ -70.6442922, -33.4420237 ], [ -70.644292, -33.4420236 ], [ -70.6442919, -33.4420235 ], [ -70.6442918, -33.4420234 ], [ -70.6442917, -33.4420234 ], [ -70.6442915, -33.4420233 ], [ -70.6442914, -33.4420232 ], [ -70.6442913, -33.4420231 ], [ -70.6442912, -33.442023 ], [ -70.6442911, -33.442023 ], [ -70.644291, -33.4420229 ], [ -70.6442908, -33.4420228 ], [ -70.6442907, -33.4420227 ], [ -70.6442906, -33.4420226 ], [ -70.6442905, -33.4420225 ], [ -70.6442904, -33.4420224 ], [ -70.6442903, -33.4420223 ], [ -70.6442902, -33.4420222 ], [ -70.6442901, -33.4420221 ], [ -70.64429, -33.442022 ], [ -70.6442899, -33.4420219 ], [ -70.6442898, -33.4420218 ], [ -70.6442897, -33.4420217 ], [ -70.6442897, -33.4420216 ], [ -70.6442896, -33.4420215 ], [ -70.6442895, -33.4420214 ], [ -70.6442894, -33.4420213 ], [ -70.6442893, -33.4420211 ], [ -70.6442892, -33.442021 ], [ -70.6442892, -33.4420209 ], [ -70.6442891, -33.4420208 ], [ -70.644289, -33.4420207 ], [ -70.644289, -33.4420206 ], [ -70.6442889, -33.4420204 ], [ -70.6442888, -33.4420203 ], [ -70.6442888, -33.4420202 ], [ -70.6442887, -33.4420201 ], [ -70.6442887, -33.44202 ], [ -70.6442886, -33.4420198 ], [ -70.6442886, -33.4420197 ], [ -70.6442885, -33.4420196 ], [ -70.6442885, -33.4420195 ], [ -70.6442884, -33.4420193 ], [ -70.6442884, -33.4420192 ], [ -70.6442884, -33.4420191 ], [ -70.6442883, -33.442019 ], [ -70.6442883, -33.4420188 ], [ -70.6442883, -33.4420187 ], [ -70.6442882, -33.4420186 ], [ -70.6442882, -33.4420185 ], [ -70.6442882, -33.4420183 ], [ -70.6442882, -33.4420182 ], [ -70.6442882, -33.4420181 ], [ -70.6442882, -33.4420179 ], [ -70.6442882, -33.4420178 ], [ -70.6442881, -33.4420177 ], [ -70.6442881, -33.4420175 ], [ -70.6442881, -33.4420174 ], [ -70.6442881, -33.4420173 ], [ -70.6442881, -33.4420172 ], [ -70.6442882, -33.442017 ], [ -70.6442882, -33.4420169 ], [ -70.6442882, -33.4420168 ], [ -70.6442882, -33.4420166 ], [ -70.6442882, -33.4420165 ], [ -70.6442882, -33.4420164 ], [ -70.6442883, -33.4420162 ], [ -70.6442883, -33.4420161 ], [ -70.6442883, -33.442016 ], [ -70.6442883, -33.4420159 ], [ -70.6442884, -33.4420157 ], [ -70.6442884, -33.4420156 ], [ -70.6442885, -33.4420154 ], [ -70.6442893, -33.4420137 ], [ -70.6442902, -33.4420119 ], [ -70.6442911, -33.4420102 ], [ -70.6442921, -33.4420085 ], [ -70.6442931, -33.4420068 ], [ -70.6442941, -33.4420051 ], [ -70.6442951, -33.4420034 ], [ -70.6442962, -33.4420017 ], [ -70.6442974, -33.4420001 ], [ -70.6442985, -33.4419985 ], [ -70.6442997, -33.4419969 ], [ -70.6443016, -33.4419944 ], [ -70.6443036, -33.4419922 ], [ -70.6443055, -33.44199 ], [ -70.6443074, -33.4419878 ], [ -70.6443092, -33.4419855 ], [ -70.644311, -33.4419833 ], [ -70.6443127, -33.4419809 ], [ -70.6443144, -33.4419786 ], [ -70.644316, -33.4419763 ], [ -70.6443176, -33.4419739 ], [ -70.6443192, -33.4419715 ], [ -70.6443206, -33.441969 ], [ -70.6443221, -33.4419666 ], [ -70.6443235, -33.4419641 ], [ -70.6443248, -33.4419616 ], [ -70.6443261, -33.4419591 ], [ -70.6443273, -33.4419566 ], [ -70.6443285, -33.441954 ], [ -70.6443296, -33.4419515 ], [ -70.6443312, -33.4419475 ], [ -70.644333, -33.4419427 ], [ -70.644334, -33.4419402 ], [ -70.6443351, -33.4419378 ], [ -70.644336, -33.4419353 ], [ -70.6443369, -33.4419328 ], [ -70.6443378, -33.4419303 ], [ -70.6443386, -33.4419277 ], [ -70.6443394, -33.4419252 ], [ -70.6443401, -33.4419226 ], [ -70.6443407, -33.4419201 ], [ -70.6443413, -33.4419175 ], [ -70.6443418, -33.4419149 ], [ -70.6443423, -33.4419124 ], [ -70.6443428, -33.4419098 ], [ -70.6443431, -33.4419072 ], [ -70.6443436, -33.4419031 ], [ -70.6443441, -33.4418976 ], [ -70.6443808, -33.4416858 ], [ -70.6444143, -33.4414916 ], [ -70.6444389, -33.4413473 ] ] ] } },
{ "type": "Feature", "properties": { "INMON": null, "N_INMON": 0, "VECINO": null, "C": 0, "CODIGO": null, "NEW_INMON": 0.0, "EQUIPAM": null, "COD_CAT": 0.0, "ORIG_FID": 0, "SHAPE_LENG": 0.0, "SHAPE_AREA": 0.0, "AREA": 9702.44368, "PERIMETER": 0.0, "INM_MON_": 0, "INM_MON_ID": 0, "INMON_ID": 0, "PR_OLD": null, "Nº_MENTOS": "MH22", "NOMBRE_MON": "Biblioteca Nacional", "ESTADO_CON": null, "Id": 0 }, "geometry": { "type": "Polygon", "coordinates": [ [ [ -70.6448455, -33.4414846 ], [ -70.644852, -33.4414852 ], [ -70.6448585, -33.4414441 ], [ -70.6448457, -33.4414431 ], [ -70.6448704, -33.4413007 ], [ -70.6448143, -33.4412944 ], [ -70.6447922, -33.4413008 ], [ -70.6447836, -33.4413129 ], [ -70.6447539, -33.4413108 ], [ -70.644754, -33.4413101 ], [ -70.6446843, -33.4413024 ], [ -70.6446842, -33.4413034 ], [ -70.6446687, -33.4413014 ], [ -70.6446688, -33.4412997 ], [ -70.6446577, -33.4412985 ], [ -70.6446528, -33.4412953 ], [ -70.6446471, -33.4412922 ], [ -70.6446394, -33.4412888 ], [ -70.6446336, -33.441287 ], [ -70.6446297, -33.441286 ], [ -70.644624, -33.4412846 ], [ -70.6446156, -33.4412836 ], [ -70.644608, -33.4412834 ], [ -70.6446005, -33.4412837 ], [ -70.6445928, -33.4412846 ], [ -70.6445864, -33.4412861 ], [ -70.6445751, -33.4412899 ], [ -70.6445652, -33.4412876 ], [ -70.6445838, -33.4411521 ], [ -70.6450732, -33.4411962 ], [ -70.6456889, -33.4412515 ], [ -70.6457101, -33.441256 ], [ -70.645732, -33.4412758 ], [ -70.6457329, -33.4412957 ], [ -70.6457058, -33.4414595 ], [ -70.6457043, -33.4414799 ], [ -70.6456989, -33.4415168 ], [ -70.6456711, -33.4416853 ], [ -70.6456365, -33.4418918 ], [ -70.645631, -33.4419153 ], [ -70.6456065, -33.4420638 ], [ -70.645573, -33.4422671 ], [ -70.6455264, -33.4422946 ], [ -70.6455067, -33.4422968 ], [ -70.6454747, -33.4422903 ], [ -70.6453889, -33.4422716 ], [ -70.6452778, -33.442249 ], [ -70.6447461, -33.4421325 ], [ -70.6446821, -33.4421168 ], [ -70.6445322, -33.4420849 ], [ -70.6445698, -33.4419368 ], [ -70.6446459, -33.4419516 ], [ -70.6446701, -33.4418694 ], [ -70.6447645, -33.4418898 ], [ -70.6447692, -33.4418697 ], [ -70.6447713, -33.4418659 ], [ -70.6447733, -33.4418629 ], [ -70.6447755, -33.44186 ], [ -70.644778, -33.4418572 ], [ -70.6447806, -33.4418546 ], [ -70.6447835, -33.4418521 ], [ -70.6447866, -33.4418498 ], [ -70.6447898, -33.4418477 ], [ -70.6447954, -33.4418451 ], [ -70.6448099, -33.4417965 ], [ -70.6447975, -33.4417954 ], [ -70.6448283, -33.4416015 ], [ -70.6448455, -33.4414846 ] ] ] } },
{ "type": "Feature", "properties": { "INMON": null, "N_INMON": 0, "VECINO": null, "C": 0, "CODIGO": null, "NEW_INMON": 0.0, "EQUIPAM": null, "COD_CAT": 0.0, "ORIG_FID": 0, "SHAPE_LENG": 0.0, "SHAPE_AREA": 0.0, "AREA": 5425.70159, "PERIMETER": 0.0, "INM_MON_": 0, "INM_MON_ID": 0, "INMON_ID": 0, "PR_OLD": null, "Nº_MENTOS": "MH83", "NOMBRE_MON": "Casa Matriz del Banco de Chile", "ESTADO_CON": null, "Id": 0 }, "geometry": { "type": "Polygon", "coordinates": [ [ [ -70.6494082, -33.440121 ], [ -70.6494246, -33.4400099 ], [ -70.6494095, -33.4400082 ], [ -70.6494828, -33.4395185 ], [ -70.6501421, -33.4395929 ], [ -70.6503597, -33.4396162 ], [ -70.6503245, -33.4398646 ], [ -70.6502904, -33.4401355 ], [ -70.6502336, -33.4401319 ], [ -70.650231, -33.4401483 ], [ -70.6502245, -33.440192 ], [ -70.6500622, -33.4401796 ], [ -70.6499595, -33.4401689 ], [ -70.6499576, -33.4401793 ], [ -70.6494082, -33.440121 ] ] ] } },
{ "type": "Feature", "properties": { "INMON": null, "N_INMON": 0, "VECINO": null, "C": 0, "CODIGO": null, "NEW_INMON": 0.0, "EQUIPAM": null, "COD_CAT": 0.0, "ORIG_FID": 0, "SHAPE_LENG": 0.0, "SHAPE_AREA": 0.0, "AREA": 475.91656, "PERIMETER": 0.0, "INM_MON_": 0, "INM_MON_ID": 0, "INMON_ID": 0, "PR_OLD": null, "Nº_MENTOS": "MH 86", "NOMBRE_MON": "SEDE SOCIAL DE LA AGRUPACIÓN DE EMPLEADOS FISCALES", "ESTADO_CON": null, "Id": 0 }, "geometry": { "type": "Polygon", "coordinates": [ [ [ -70.6582402, -33.4448026 ], [ -70.6581823, -33.4450389 ], [ -70.658167, -33.445098 ], [ -70.6580658, -33.4450739 ], [ -70.6580524, -33.4450669 ], [ -70.6580422, -33.4450605 ], [ -70.6580365, -33.4450501 ], [ -70.6580341, -33.4450449 ], [ -70.658034, -33.4450396 ], [ -70.6580321, -33.4450239 ], [ -70.6580349, -33.4450069 ], [ -70.6580469, -33.444938 ], [ -70.6580623, -33.4448449 ], [ -70.6580727, -33.4447793 ], [ -70.6581298, -33.4447876 ], [ -70.6582402, -33.4448026 ] ] ] } },
{ "type": "Feature", "properties": { "INMON": null, "N_INMON": 0, "VECINO": null, "C": 0, "CODIGO": null, "NEW_INMON": 0.0, "EQUIPAM": null, "COD_CAT": 0.0, "ORIG_FID": 0, "SHAPE_LENG": 0.0, "SHAPE_AREA": 0.0, "AREA": 971.39168, "PERIMETER": 0.0, "INM_MON_": 0, "INM_MON_ID": 0, "INMON_ID": 0, "PR_OLD": null, "Nº_MENTOS": "MH87", "NOMBRE_MON": "Archivo y sede de la fundación de ayuda social de las igles", "ESTADO_CON": null, "Id": 0 }, "geometry": { "type": "Polygon", "coordinates": [ [ [ -70.6589251, -33.444309 ], [ -70.6595055, -33.4443689 ], [ -70.6595478, -33.444373 ], [ -70.6595264, -33.4445266 ], [ -70.6594863, -33.4445213 ], [ -70.6591978, -33.4444838 ], [ -70.6588937, -33.4444421 ], [ -70.6588796, -33.4444399 ], [ -70.6589097, -33.4443073 ], [ -70.6589251, -33.444309 ] ] ] } },
{ "type": "Feature", "properties": { "INMON": null, "N_INMON": 0, "VECINO": null, "C": 0, "CODIGO": null, "NEW_INMON": 0.0, "EQUIPAM": null, "COD_CAT": 0.0, "ORIG_FID": 0, "SHAPE_LENG": 0.0, "SHAPE_AREA": 0.0, "AREA": 400.37784, "PERIMETER": 0.0, "INM_MON_": 0, "INM_MON_ID": 0, "INMON_ID": 0, "PR_OLD": null, "Nº_MENTOS": "MH88", "NOMBRE_MON": "Sitio de Memoria Cuartel N°1 del SICAR", "ESTADO_CON": null, "Id": 0 }, "geometry": { "type": "Polygon", "coordinates": [ [ [ -70.6537012, -33.4409768 ], [ -70.6537012, -33.4409751 ], [ -70.6537012, -33.4409733 ], [ -70.6537013, -33.4409715 ], [ -70.6537014, -33.4409697 ], [ -70.6537015, -33.440968 ], [ -70.6537017, -33.4409662 ], [ -70.6537019, -33.4409644 ], [ -70.6537021, -33.4409626 ], [ -70.6537024, -33.4409609 ], [ -70.6537027, -33.4409591 ], [ -70.6537031, -33.4409574 ], [ -70.6537035, -33.4409556 ], [ -70.6537039, -33.4409539 ], [ -70.6537044, -33.4409522 ], [ -70.6537049, -33.4409504 ], [ -70.6537054, -33.4409487 ], [ -70.653706, -33.440947 ], [ -70.6537066, -33.4409453 ], [ -70.6537072, -33.4409436 ], [ -70.6537079, -33.4409419 ], [ -70.6537086, -33.4409402 ], [ -70.6537093, -33.4409386 ], [ -70.6537101, -33.4409369 ], [ -70.6537109, -33.4409353 ], [ -70.6537118, -33.4409337 ], [ -70.6537127, -33.440932 ], [ -70.6537136, -33.4409304 ], [ -70.6537145, -33.4409289 ], [ -70.6537155, -33.4409273 ], [ -70.6537165, -33.4409257 ], [ -70.6537176, -33.4409242 ], [ -70.6537187, -33.4409226 ], [ -70.6537198, -33.4409211 ], [ -70.6537209, -33.4409196 ], [ -70.6537221, -33.4409182 ], [ -70.6537233, -33.4409167 ], [ -70.6537245, -33.4409152 ], [ -70.6537258, -33.4409138 ], [ -70.6537271, -33.4409124 ], [ -70.6537284, -33.440911 ], [ -70.6537297, -33.4409097 ], [ -70.6537311, -33.4409083 ], [ -70.6537325, -33.440907 ], [ -70.653734, -33.4409057 ], [ -70.6537354, -33.4409044 ], [ -70.6537369, -33.4409031 ], [ -70.6537384, -33.4409019 ], [ -70.65374, -33.4409007 ], [ -70.6537415, -33.4408995 ], [ -70.6537431, -33.4408983 ], [ -70.6537447, -33.4408971 ], [ -70.6537464, -33.440896 ], [ -70.653748, -33.4408949 ], [ -70.6537497, -33.4408938 ], [ -70.6537514, -33.4408928 ], [ -70.6537531, -33.4408917 ], [ -70.6537549, -33.4408907 ], [ -70.6537567, -33.4408898 ], [ -70.6537585, -33.4408888 ], [ -70.6537603, -33.4408879 ], [ -70.6537621, -33.440887 ], [ -70.6537639, -33.4408861 ], [ -70.6537658, -33.4408853 ], [ -70.6537677, -33.4408844 ], [ -70.6537696, -33.4408836 ], [ -70.6537715, -33.4408829 ], [ -70.6537734, -33.4408821 ], [ -70.6537754, -33.4408814 ], [ -70.6537773, -33.4408808 ], [ -70.6537793, -33.4408801 ], [ -70.6537813, -33.4408795 ], [ -70.6537833, -33.4408789 ], [ -70.6537853, -33.4408783 ], [ -70.6537873, -33.4408778 ], [ -70.6537893, -33.4408773 ], [ -70.6537914, -33.4408768 ], [ -70.6537934, -33.4408764 ], [ -70.6537955, -33.440876 ], [ -70.6537976, -33.4408756 ], [ -70.6537997, -33.4408753 ], [ -70.6538017, -33.4408749 ], [ -70.6538038, -33.4408746 ], [ -70.6538059, -33.4408744 ], [ -70.653808, -33.4408742 ], [ -70.6538101, -33.440874 ], [ -70.6538122, -33.4408738 ], [ -70.6538144, -33.4408736 ], [ -70.6538165, -33.4408735 ], [ -70.6538186, -33.4408735 ], [ -70.6538207, -33.4408734 ], [ -70.6538228, -33.4408734 ], [ -70.6538249, -33.4408734 ], [ -70.6538271, -33.4408735 ], [ -70.6538292, -33.4408736 ], [ -70.6538313, -33.4408737 ], [ -70.6538334, -33.4408738 ], [ -70.6538355, -33.440874 ], [ -70.6538376, -33.4408742 ], [ -70.6538397, -33.4408744 ], [ -70.6538418, -33.4408747 ], [ -70.6538439, -33.440875 ], [ -70.653846, -33.4408753 ], [ -70.6538481, -33.4408757 ], [ -70.6538501, -33.4408761 ], [ -70.6538522, -33.4408765 ], [ -70.6538542, -33.4408769 ], [ -70.6538563, -33.4408774 ], [ -70.6538583, -33.4408779 ], [ -70.6538603, -33.4408784 ], [ -70.6538623, -33.440879 ], [ -70.6538643, -33.4408796 ], [ -70.6538663, -33.4408802 ], [ -70.6538683, -33.4408809 ], [ -70.6538703, -33.4408816 ], [ -70.6538722, -33.4408823 ], [ -70.6538741, -33.440883 ], [ -70.653876, -33.4408838 ], [ -70.6538779, -33.4408846 ], [ -70.6538798, -33.4408854 ], [ -70.6538817, -33.4408863 ], [ -70.6538835, -33.4408871 ], [ -70.6538853, -33.440888 ], [ -70.6538871, -33.440889 ], [ -70.6538889, -33.4408899 ], [ -70.6538907, -33.4408909 ], [ -70.6538924, -33.4408919 ], [ -70.6538942, -33.4408929 ], [ -70.6538959, -33.440894 ], [ -70.6538975, -33.4408951 ], [ -70.6538992, -33.4408962 ], [ -70.6539008, -33.4408973 ], [ -70.6539024, -33.4408985 ], [ -70.653904, -33.4408997 ], [ -70.6539056, -33.4409009 ], [ -70.6539071, -33.4409021 ], [ -70.6539086, -33.4409033 ], [ -70.6539101, -33.4409046 ], [ -70.6539116, -33.4409059 ], [ -70.653913, -33.4409072 ], [ -70.6539144, -33.4409085 ], [ -70.6539158, -33.4409099 ], [ -70.6539171, -33.4409113 ], [ -70.6539184, -33.4409127 ], [ -70.6539197, -33.4409141 ], [ -70.653921, -33.4409155 ], [ -70.6539222, -33.4409169 ], [ -70.6539234, -33.4409184 ], [ -70.6539246, -33.4409199 ], [ -70.6539257, -33.4409214 ], [ -70.6539268, -33.4409229 ], [ -70.6539279, -33.4409244 ], [ -70.6539289, -33.440926 ], [ -70.6539299, -33.4409276 ], [ -70.6539309, -33.4409291 ], [ -70.6539319, -33.4409307 ], [ -70.6539328, -33.4409323 ], [ -70.6539336, -33.4409339 ], [ -70.6539345, -33.4409356 ], [ -70.6539353, -33.4409372 ], [ -70.6539361, -33.4409389 ], [ -70.6539368, -33.4409405 ], [ -70.6539375, -33.4409422 ], [ -70.6539382, -33.4409439 ], [ -70.6539388, -33.4409456 ], [ -70.6539394, -33.4409473 ], [ -70.65394, -33.440949 ], [ -70.6539405, -33.4409507 ], [ -70.653941, -33.4409525 ], [ -70.6539414, -33.4409542 ], [ -70.6539419, -33.4409559 ], [ -70.6539422, -33.4409577 ], [ -70.6539426, -33.4409594 ], [ -70.6539429, -33.4409612 ], [ -70.6539432, -33.440963 ], [ -70.6539434, -33.4409647 ], [ -70.6539436, -33.4409665 ], [ -70.6539438, -33.4409683 ], [ -70.6539439, -33.44097 ], [ -70.653944, -33.4409718 ], [ -70.653944, -33.4409736 ], [ -70.6539441, -33.4409754 ], [ -70.653944, -33.4409771 ], [ -70.653944, -33.4409789 ], [ -70.6539439, -33.4409807 ], [ -70.6539437, -33.4409825 ], [ -70.6539436, -33.4409842 ], [ -70.6539434, -33.440986 ], [ -70.6539431, -33.4409878 ], [ -70.6539429, -33.4409895 ], [ -70.6539425, -33.4409913 ], [ -70.6539422, -33.440993 ], [ -70.6539418, -33.4409948 ], [ -70.6539414, -33.4409965 ], [ -70.6539409, -33.4409983 ], [ -70.6539404, -33.441 ], [ -70.6539399, -33.4410017 ], [ -70.6539393, -33.4410034 ], [ -70.6539387, -33.4410051 ], [ -70.6539381, -33.4410068 ], [ -70.6539374, -33.4410085 ], [ -70.6539367, -33.4410102 ], [ -70.6539359, -33.4410118 ], [ -70.6539351, -33.4410135 ], [ -70.6539343, -33.4410151 ], [ -70.6539335, -33.4410168 ], [ -70.6539326, -33.4410184 ], [ -70.6539317, -33.44102 ], [ -70.6539307, -33.4410216 ], [ -70.6539298, -33.4410231 ], [ -70.6539287, -33.4410247 ], [ -70.6539277, -33.4410262 ], [ -70.6539266, -33.4410278 ], [ -70.6539255, -33.4410293 ], [ -70.6539244, -33.4410308 ], [ -70.6539232, -33.4410323 ], [ -70.653922, -33.4410337 ], [ -70.6539208, -33.4410352 ], [ -70.6539195, -33.4410366 ], [ -70.6539182, -33.441038 ], [ -70.6539169, -33.4410394 ], [ -70.6539155, -33.4410408 ], [ -70.6539142, -33.4410421 ], [ -70.6539127, -33.4410434 ], [ -70.6539113, -33.4410447 ], [ -70.6539099, -33.441046 ], [ -70.6539084, -33.4410473 ], [ -70.6539068, -33.4410485 ], [ -70.6539053, -33.4410498 ], [ -70.6539037, -33.441051 ], [ -70.6539022, -33.4410521 ], [ -70.6539005, -33.4410533 ], [ -70.6538989, -33.4410544 ], [ -70.6538972, -33.4410555 ], [ -70.6538956, -33.4410566 ], [ -70.6538939, -33.4410577 ], [ -70.6538921, -33.4410587 ], [ -70.6538904, -33.4410597 ], [ -70.6538886, -33.4410607 ], [ -70.6538868, -33.4410616 ], [ -70.653885, -33.4410625 ], [ -70.6538832, -33.4410634 ], [ -70.6538813, -33.4410643 ], [ -70.6538795, -33.4410652 ], [ -70.6538776, -33.441066 ], [ -70.6538757, -33.4410668 ], [ -70.6538738, -33.4410675 ], [ -70.6538719, -33.4410683 ], [ -70.6538699, -33.441069 ], [ -70.6538679, -33.4410697 ], [ -70.653866, -33.4410703 ], [ -70.653864, -33.4410709 ], [ -70.653862, -33.4410715 ], [ -70.65386, -33.4410721 ], [ -70.653858, -33.4410726 ], [ -70.6538559, -33.4410731 ], [ -70.6538539, -33.4410736 ], [ -70.6538518, -33.441074 ], [ -70.6538498, -33.4410744 ], [ -70.6538477, -33.4410748 ], [ -70.6538456, -33.4410752 ], [ -70.6538435, -33.4410755 ], [ -70.6538414, -33.4410758 ], [ -70.6538393, -33.441076 ], [ -70.6538372, -33.4410763 ], [ -70.6538351, -33.4410765 ], [ -70.653833, -33.4410766 ], [ -70.6538309, -33.4410768 ], [ -70.6538288, -33.4410769 ], [ -70.6538267, -33.4410769 ], [ -70.6538246, -33.441077 ], [ -70.6538224, -33.441077 ], [ -70.6538203, -33.441077 ], [ -70.6538182, -33.4410769 ], [ -70.6538161, -33.4410769 ], [ -70.653814, -33.4410767 ], [ -70.6538119, -33.4410766 ], [ -70.6538098, -33.4410764 ], [ -70.6538077, -33.4410762 ], [ -70.6538056, -33.441076 ], [ -70.6538035, -33.4410757 ], [ -70.6538014, -33.4410754 ], [ -70.6537993, -33.4410751 ], [ -70.6537972, -33.4410747 ], [ -70.6537951, -33.4410744 ], [ -70.6537931, -33.4410739 ], [ -70.653791, -33.4410735 ], [ -70.653789, -33.441073 ], [ -70.653787, -33.4410725 ], [ -70.6537849, -33.441072 ], [ -70.6537829, -33.4410714 ], [ -70.6537809, -33.4410708 ], [ -70.6537789, -33.4410702 ], [ -70.653777, -33.4410695 ], [ -70.653775, -33.4410689 ], [ -70.6537731, -33.4410681 ], [ -70.6537712, -33.4410674 ], [ -70.6537692, -33.4410666 ], [ -70.6537673, -33.4410658 ], [ -70.6537655, -33.441065 ], [ -70.6537636, -33.4410642 ], [ -70.6537618, -33.4410633 ], [ -70.6537599, -33.4410624 ], [ -70.6537581, -33.4410615 ], [ -70.6537563, -33.4410605 ], [ -70.6537546, -33.4410595 ], [ -70.6537528, -33.4410585 ], [ -70.6537511, -33.4410575 ], [ -70.6537494, -33.4410564 ], [ -70.6537477, -33.4410553 ], [ -70.6537461, -33.4410542 ], [ -70.6537444, -33.4410531 ], [ -70.6537428, -33.4410519 ], [ -70.6537412, -33.4410508 ], [ -70.6537397, -33.4410496 ], [ -70.6537382, -33.4410483 ], [ -70.6537366, -33.4410471 ], [ -70.6537352, -33.4410458 ], [ -70.6537337, -33.4410445 ], [ -70.6537323, -33.4410432 ], [ -70.6537309, -33.4410419 ], [ -70.6537295, -33.4410405 ], [ -70.6537282, -33.4410391 ], [ -70.6537268, -33.4410378 ], [ -70.6537256, -33.4410363 ], [ -70.6537243, -33.4410349 ], [ -70.6537231, -33.4410335 ], [ -70.6537219, -33.441032 ], [ -70.6537207, -33.4410305 ], [ -70.6537196, -33.441029 ], [ -70.6537185, -33.4410275 ], [ -70.6537174, -33.441026 ], [ -70.6537163, -33.4410244 ], [ -70.6537153, -33.4410229 ], [ -70.6537144, -33.4410213 ], [ -70.6537134, -33.4410197 ], [ -70.6537125, -33.4410181 ], [ -70.6537116, -33.4410165 ], [ -70.6537108, -33.4410148 ], [ -70.65371, -33.4410132 ], [ -70.6537092, -33.4410115 ], [ -70.6537085, -33.4410099 ], [ -70.6537078, -33.4410082 ], [ -70.6537071, -33.4410065 ], [ -70.6537065, -33.4410048 ], [ -70.6537059, -33.4410031 ], [ -70.6537053, -33.4410014 ], [ -70.6537048, -33.4409997 ], [ -70.6537043, -33.440998 ], [ -70.6537038, -33.4409962 ], [ -70.6537034, -33.4409945 ], [ -70.653703, -33.4409927 ], [ -70.6537027, -33.440991 ], [ -70.6537024, -33.4409892 ], [ -70.6537021, -33.4409875 ], [ -70.6537019, -33.4409857 ], [ -70.6537017, -33.4409839 ], [ -70.6537015, -33.4409822 ], [ -70.6537014, -33.4409804 ], [ -70.6537013, -33.4409786 ], [ -70.6537012, -33.4409768 ] ] ] } },
{ "type": "Feature", "properties": { "INMON": null, "N_INMON": 0, "VECINO": null, "C": 0, "CODIGO": null, "NEW_INMON": 0.0, "EQUIPAM": null, "COD_CAT": 0.0, "ORIG_FID": 0, "SHAPE_LENG": 0.0, "SHAPE_AREA": 0.0, "AREA": 2761.35313, "PERIMETER": 273.20827, "INM_MON_": 0, "INM_MON_ID": 0, "INMON_ID": 0, "PR_OLD": null, "Nº_MENTOS": "MH8 Y MH26", "NOMBRE_MON": "Correo Central - Real Audiencia", "ESTADO_CON": "BUENO", "Id": 0 }, "geometry": { "type": "Polygon", "coordinates": [ [ [ -70.6506139, -33.4364247 ], [ -70.6506272, -33.436426 ], [ -70.6505551, -33.4369383 ], [ -70.6505539, -33.4369452 ], [ -70.6502206, -33.4369052 ], [ -70.6502186, -33.4369049 ], [ -70.650257, -33.436648 ], [ -70.6502037, -33.4366404 ], [ -70.6502124, -33.436574 ], [ -70.6499477, -33.4365465 ], [ -70.6499751, -33.4363551 ], [ -70.649976, -33.4363552 ], [ -70.6500254, -33.4363603 ], [ -70.650032, -33.4363146 ], [ -70.6500163, -33.4363128 ], [ -70.6500187, -33.4362965 ], [ -70.6502703, -33.4363232 ], [ -70.6502801, -33.4362428 ], [ -70.6503617, -33.4362504 ], [ -70.6503417, -33.4363969 ], [ -70.6506139, -33.4364247 ] ] ] } },
{ "type": "Feature", "properties": { "INMON": null, "N_INMON": 0, "VECINO": null, "C": 0, "CODIGO": null, "NEW_INMON": 0.0, "EQUIPAM": null, "COD_CAT": 0.0, "ORIG_FID": 0, "SHAPE_LENG": 0.0, "SHAPE_AREA": 0.0, "AREA": 1567.36988, "PERIMETER": 196.54867, "INM_MON_": 0, "INM_MON_ID": 0, "INMON_ID": 0, "PR_OLD": null, "Nº_MENTOS": "MH8 Y MH26", "NOMBRE_MON": "Correo Central - Real Audiencia", "ESTADO_CON": "BUENO", "Id": 0 }, "geometry": { "type": "Polygon", "coordinates": [ [ [ -70.6499751, -33.4363551 ], [ -70.6499477, -33.4365465 ], [ -70.6502124, -33.436574 ], [ -70.6502037, -33.4366404 ], [ -70.650257, -33.436648 ], [ -70.6502186, -33.4369049 ], [ -70.6500281, -33.4368826 ], [ -70.6500266, -33.4368914 ], [ -70.6499372, -33.4368805 ], [ -70.6499377, -33.4368731 ], [ -70.6499165, -33.4368703 ], [ -70.6498458, -33.4368615 ], [ -70.6498104, -33.4368582 ], [ -70.649818, -33.4367922 ], [ -70.6498021, -33.4367899 ], [ -70.6498314, -33.4365708 ], [ -70.6498575, -33.4365736 ], [ -70.6498897, -33.4363462 ], [ -70.6498911, -33.4363463 ], [ -70.6499751, -33.4363551 ] ] ] } },
{ "type": "Feature", "properties": { "INMON": null, "N_INMON": 0, "VECINO": null, "C": 0, "CODIGO": null, "NEW_INMON": 0.0, "EQUIPAM": null, "COD_CAT": 0.0, "ORIG_FID": 0, "SHAPE_LENG": 0.0, "SHAPE_AREA": 0.0, "AREA": 1523.36169, "PERIMETER": 0.0, "INM_MON_": 0, "INM_MON_ID": 0, "INMON_ID": 0, "PR_OLD": null, "Nº_MENTOS": "MH92", "NOMBRE_MON": "Edificio de la ex Caja de Credito Hipotecario", "ESTADO_CON": null, "Id": 0 }, "geometry": { "type": "Polygon", "coordinates": [ [ [ -70.65363, -33.440017 ], [ -70.6534762, -33.4399981 ], [ -70.6533989, -33.4399889 ], [ -70.6534573, -33.4396755 ], [ -70.6534842, -33.4395339 ], [ -70.6536914, -33.439551 ], [ -70.6537996, -33.4395681 ], [ -70.6537755, -33.4397196 ], [ -70.6537692, -33.4397715 ], [ -70.6537509, -33.4397696 ], [ -70.6537166, -33.4400293 ], [ -70.65363, -33.440017 ] ] ] } },
{ "type": "Feature", "properties": { "INMON": "M", "N_INMON": 0, "VECINO": null, "C": 0, "CODIGO": null, "NEW_INMON": 0.0, "EQUIPAM": null, "COD_CAT": 0.0, "ORIG_FID": 0, "SHAPE_LENG": 0.0, "SHAPE_AREA": 0.0, "AREA": 65764.23868, "PERIMETER": 0.0, "INM_MON_": 0, "INM_MON_ID": 0, "INMON_ID": 0, "PR_OLD": null, "Nº_MENTOS": "MH43", "NOMBRE_MON": "Cerro Santa Lucía", "ESTADO_CON": "BUENO", "Id": 0 }, "geometry": { "type": "Polygon", "coordinates": [ [ [ -70.6425753, -33.437635 ], [ -70.6425762, -33.4376322 ], [ -70.6426318, -33.4376449 ], [ -70.6426316, -33.4376465 ], [ -70.6426344, -33.4376472 ], [ -70.6426629, -33.4376677 ], [ -70.6426845, -33.4376983 ], [ -70.6427285, -33.43777 ], [ -70.6427077, -33.4377746 ], [ -70.6427253, -33.4378046 ], [ -70.6427438, -33.4377972 ], [ -70.6427569, -33.4378203 ], [ -70.6428239, -33.4379482 ], [ -70.642831, -33.4379617 ], [ -70.6428627, -33.4380223 ], [ -70.6428698, -33.4380358 ], [ -70.6428933, -33.4380808 ], [ -70.6429004, -33.4380943 ], [ -70.642943, -33.4381756 ], [ -70.6429501, -33.4381891 ], [ -70.642965, -33.4382177 ], [ -70.6429721, -33.4382312 ], [ -70.6429813, -33.4382487 ], [ -70.6430145, -33.438312 ], [ -70.6430216, -33.4383256 ], [ -70.6430628, -33.438404 ], [ -70.6430699, -33.4384175 ], [ -70.6431125, -33.4384988 ], [ -70.6431196, -33.4385123 ], [ -70.6431607, -33.4385908 ], [ -70.6431626, -33.4385942 ], [ -70.6431642, -33.4385935 ], [ -70.6432062, -33.438681 ], [ -70.6432045, -33.4386816 ], [ -70.6432076, -33.4386883 ], [ -70.6432205, -33.4387145 ], [ -70.6432272, -33.4387275 ], [ -70.6432869, -33.438842 ], [ -70.643293, -33.4388551 ], [ -70.6433059, -33.4388785 ], [ -70.6433127, -33.4388915 ], [ -70.6433272, -33.4389196 ], [ -70.6433274, -33.43892 ], [ -70.6433275, -33.4389203 ], [ -70.6433276, -33.4389206 ], [ -70.6433278, -33.4389209 ], [ -70.6433279, -33.4389212 ], [ -70.643328, -33.4389215 ], [ -70.6433281, -33.4389218 ], [ -70.6433282, -33.4389222 ], [ -70.6433283, -33.4389225 ], [ -70.6433283, -33.4389228 ], [ -70.6433284, -33.4389231 ], [ -70.6433285, -33.4389234 ], [ -70.6433285, -33.4389238 ], [ -70.6433286, -33.4389241 ], [ -70.6433286, -33.4389244 ], [ -70.6433287, -33.4389247 ], [ -70.6433287, -33.4389251 ], [ -70.6433287, -33.4389254 ], [ -70.6433288, -33.4389257 ], [ -70.6433288, -33.438926 ], [ -70.6433288, -33.4389264 ], [ -70.6433288, -33.4389267 ], [ -70.6433298, -33.4389263 ], [ -70.6433453, -33.4389555 ], [ -70.6433467, -33.4389534 ], [ -70.6433489, -33.4389501 ], [ -70.6433651, -33.4389826 ], [ -70.6433674, -33.4389862 ], [ -70.643491, -33.4392312 ], [ -70.6434833, -33.439234 ], [ -70.6434941, -33.4392542 ], [ -70.6435015, -33.4392525 ], [ -70.6435431, -33.4393338 ], [ -70.6435509, -33.4393487 ], [ -70.6435484, -33.4393498 ], [ -70.6435609, -33.4393729 ], [ -70.6435638, -33.4393745 ], [ -70.6436032, -33.4394516 ], [ -70.643674, -33.4395839 ], [ -70.6436807, -33.4395822 ], [ -70.6437035, -33.4396255 ], [ -70.6436953, -33.4396285 ], [ -70.6437525, -33.4397417 ], [ -70.6437526, -33.4397427 ], [ -70.6437527, -33.4397438 ], [ -70.6437527, -33.4397449 ], [ -70.6437527, -33.4397459 ], [ -70.6437527, -33.439747 ], [ -70.6437527, -33.4397481 ], [ -70.6437527, -33.4397491 ], [ -70.6437526, -33.4397502 ], [ -70.6437526, -33.4397513 ], [ -70.6437525, -33.4397514 ], [ -70.6437654, -33.4397703 ], [ -70.6437798, -33.4397914 ], [ -70.6437913, -33.4398122 ], [ -70.6438212, -33.4398745 ], [ -70.6438215, -33.439875 ], [ -70.6438202, -33.4398769 ], [ -70.6438266, -33.4398938 ], [ -70.6438276, -33.4398946 ], [ -70.643829, -33.4398959 ], [ -70.6438502, -33.4399213 ], [ -70.6439073, -33.4400561 ], [ -70.6439097, -33.4400629 ], [ -70.6439238, -33.4401121 ], [ -70.6439433, -33.440193 ], [ -70.6439554, -33.4402444 ], [ -70.6439569, -33.4402508 ], [ -70.6439571, -33.4402514 ], [ -70.6440156, -33.4404899 ], [ -70.6440147, -33.4404902 ], [ -70.6440178, -33.4405073 ], [ -70.6440192, -33.4405068 ], [ -70.6440215, -33.440516 ], [ -70.6440229, -33.4405219 ], [ -70.6440241, -33.4405279 ], [ -70.6440252, -33.4405339 ], [ -70.644027, -33.4405449 ], [ -70.6440426, -33.4405464 ], [ -70.6440426, -33.4405462 ], [ -70.644046, -33.4405465 ], [ -70.6440455, -33.4405582 ], [ -70.6440416, -33.4405771 ], [ -70.6440355, -33.4406071 ], [ -70.6440354, -33.4406075 ], [ -70.6440294, -33.4406271 ], [ -70.6440146, -33.4406762 ], [ -70.6440141, -33.4406778 ], [ -70.6440084, -33.4406966 ], [ -70.6440067, -33.4407021 ], [ -70.6439997, -33.4407254 ], [ -70.6439843, -33.4407761 ], [ -70.6439754, -33.4408056 ], [ -70.6439709, -33.4408203 ], [ -70.6439693, -33.4408251 ], [ -70.6439686, -33.4408274 ], [ -70.6439677, -33.4408291 ], [ -70.6439659, -33.4408329 ], [ -70.6439633, -33.4408372 ], [ -70.6439393, -33.4408773 ], [ -70.6439336, -33.4408867 ], [ -70.643827, -33.4410633 ], [ -70.6438219, -33.4410717 ], [ -70.6438185, -33.4410775 ], [ -70.6438117, -33.4410888 ], [ -70.6437386, -33.4412096 ], [ -70.6437086, -33.4412592 ], [ -70.6436505, -33.441355 ], [ -70.6435703, -33.4414864 ], [ -70.6435702, -33.4414865 ], [ -70.6435687, -33.4414892 ], [ -70.643553, -33.4415178 ], [ -70.6435518, -33.44152 ], [ -70.6434801, -33.4416343 ], [ -70.6434759, -33.4416406 ], [ -70.6434716, -33.4416469 ], [ -70.643471, -33.4416478 ], [ -70.6434708, -33.441648 ], [ -70.6434672, -33.441653 ], [ -70.6434626, -33.4416592 ], [ -70.6434579, -33.4416652 ], [ -70.6434531, -33.4416712 ], [ -70.643447, -33.4416783 ], [ -70.6434349, -33.4416929 ], [ -70.6434329, -33.4416953 ], [ -70.6434304, -33.4416983 ], [ -70.6434243, -33.4417056 ], [ -70.6434199, -33.441711 ], [ -70.6434161, -33.4417154 ], [ -70.6434153, -33.4417164 ], [ -70.6434106, -33.4417218 ], [ -70.6434057, -33.4417274 ], [ -70.6434033, -33.4417302 ], [ -70.6434026, -33.4417301 ], [ -70.6434005, -33.44173 ], [ -70.6433983, -33.4417298 ], [ -70.6433961, -33.4417296 ], [ -70.6433939, -33.4417293 ], [ -70.6433917, -33.441729 ], [ -70.6433896, -33.4417287 ], [ -70.6433874, -33.4417283 ], [ -70.6433853, -33.4417279 ], [ -70.6433831, -33.4417275 ], [ -70.643381, -33.4417271 ], [ -70.6433789, -33.4417266 ], [ -70.6433768, -33.4417261 ], [ -70.6433747, -33.4417255 ], [ -70.6433726, -33.441725 ], [ -70.6433705, -33.4417244 ], [ -70.6433684, -33.4417237 ], [ -70.6433664, -33.4417231 ], [ -70.6433644, -33.4417224 ], [ -70.6433623, -33.4417216 ], [ -70.6433603, -33.4417209 ], [ -70.6433583, -33.4417201 ], [ -70.6433564, -33.4417193 ], [ -70.6433544, -33.4417185 ], [ -70.6433525, -33.4417176 ], [ -70.6433493, -33.4417161 ], [ -70.6433481, -33.4417156 ], [ -70.6433469, -33.4417151 ], [ -70.6433457, -33.4417146 ], [ -70.6433445, -33.4417141 ], [ -70.6433433, -33.4417136 ], [ -70.6433422, -33.441713 ], [ -70.643341, -33.4417125 ], [ -70.6433399, -33.4417119 ], [ -70.6433388, -33.4417113 ], [ -70.6433376, -33.4417106 ], [ -70.6433365, -33.44171 ], [ -70.6433354, -33.4417094 ], [ -70.6433344, -33.4417087 ], [ -70.6433333, -33.441708 ], [ -70.6433323, -33.4417073 ], [ -70.6433312, -33.4417066 ], [ -70.6433302, -33.4417059 ], [ -70.6433292, -33.4417051 ], [ -70.6433282, -33.4417044 ], [ -70.6433273, -33.4417036 ], [ -70.6433263, -33.4417028 ], [ -70.6433254, -33.441702 ], [ -70.6433245, -33.4417012 ], [ -70.6433235, -33.4417004 ], [ -70.6433227, -33.4416995 ], [ -70.6433218, -33.4416987 ], [ -70.6433208, -33.4416977 ], [ -70.6433206, -33.4416974 ], [ -70.6433203, -33.4416971 ], [ -70.64332, -33.4416968 ], [ -70.6433198, -33.4416965 ], [ -70.6433195, -33.4416962 ], [ -70.643319, -33.4416955 ], [ -70.6433188, -33.4416952 ], [ -70.6433186, -33.4416949 ], [ -70.6433183, -33.4416945 ], [ -70.6433181, -33.4416942 ], [ -70.6433179, -33.4416939 ], [ -70.6433177, -33.4416935 ], [ -70.6433175, -33.4416932 ], [ -70.6433173, -33.4416929 ], [ -70.6433172, -33.4416925 ], [ -70.643317, -33.4416922 ], [ -70.6433168, -33.4416918 ], [ -70.6433167, -33.4416915 ], [ -70.6433165, -33.4416911 ], [ -70.6433164, -33.4416907 ], [ -70.6433162, -33.4416902 ], [ -70.6433126, -33.4416905 ], [ -70.6433005, -33.4416908 ], [ -70.6432906, -33.4416905 ], [ -70.6432772, -33.441689 ], [ -70.6432686, -33.4416873 ], [ -70.6432535, -33.4416831 ], [ -70.6431751, -33.4416588 ], [ -70.6431738, -33.4416585 ], [ -70.6431725, -33.4416582 ], [ -70.6431711, -33.4416579 ], [ -70.6431698, -33.4416576 ], [ -70.6431685, -33.4416572 ], [ -70.6431672, -33.4416568 ], [ -70.6431659, -33.4416564 ], [ -70.6431646, -33.441656 ], [ -70.6431633, -33.4416555 ], [ -70.643162, -33.4416551 ], [ -70.6431608, -33.4416546 ], [ -70.6431595, -33.4416541 ], [ -70.6431583, -33.4416536 ], [ -70.6431571, -33.441653 ], [ -70.6431558, -33.4416525 ], [ -70.6431546, -33.4416519 ], [ -70.6431534, -33.4416513 ], [ -70.6431523, -33.4416507 ], [ -70.6431511, -33.4416501 ], [ -70.6431499, -33.4416495 ], [ -70.6431488, -33.4416488 ], [ -70.6431477, -33.4416481 ], [ -70.6431455, -33.4416468 ], [ -70.6431438, -33.4416458 ], [ -70.643142, -33.4416449 ], [ -70.6431403, -33.4416438 ], [ -70.6431386, -33.4416428 ], [ -70.6431369, -33.4416417 ], [ -70.6431352, -33.4416407 ], [ -70.6431336, -33.4416395 ], [ -70.6431319, -33.4416384 ], [ -70.6431291, -33.4416363 ], [ -70.6431289, -33.4416361 ], [ -70.6431286, -33.441636 ], [ -70.6431284, -33.4416358 ], [ -70.6431282, -33.4416356 ], [ -70.643128, -33.4416354 ], [ -70.6431277, -33.4416353 ], [ -70.6431275, -33.4416351 ], [ -70.6431273, -33.4416349 ], [ -70.6431271, -33.4416347 ], [ -70.6431269, -33.4416345 ], [ -70.6431267, -33.4416343 ], [ -70.6431265, -33.4416341 ], [ -70.6431263, -33.4416339 ], [ -70.6431261, -33.4416337 ], [ -70.643126, -33.4416335 ], [ -70.6431258, -33.4416332 ], [ -70.6431256, -33.441633 ], [ -70.6431254, -33.4416328 ], [ -70.6431253, -33.4416326 ], [ -70.6431251, -33.4416324 ], [ -70.643125, -33.4416321 ], [ -70.6431248, -33.4416319 ], [ -70.6431247, -33.4416317 ], [ -70.6431245, -33.4416315 ], [ -70.6431244, -33.4416312 ], [ -70.6431243, -33.441631 ], [ -70.6431241, -33.4416307 ], [ -70.643124, -33.4416305 ], [ -70.6431239, -33.4416303 ], [ -70.6431238, -33.44163 ], [ -70.6431237, -33.4416298 ], [ -70.6431236, -33.4416295 ], [ -70.6431235, -33.4416293 ], [ -70.6431234, -33.441629 ], [ -70.6431233, -33.4416288 ], [ -70.6431232, -33.4416285 ], [ -70.6431232, -33.4416283 ], [ -70.6431231, -33.441628 ], [ -70.643123, -33.4416278 ], [ -70.643123, -33.4416275 ], [ -70.6431229, -33.4416273 ], [ -70.6431229, -33.441627 ], [ -70.6431228, -33.4416267 ], [ -70.6431228, -33.4416263 ], [ -70.6431228, -33.4416257 ], [ -70.6431229, -33.4416251 ], [ -70.643123, -33.4416245 ], [ -70.643123, -33.4416239 ], [ -70.6431231, -33.4416233 ], [ -70.6431232, -33.4416227 ], [ -70.6431234, -33.4416221 ], [ -70.6431235, -33.4416215 ], [ -70.6431236, -33.441621 ], [ -70.6431238, -33.4416204 ], [ -70.643124, -33.4416197 ], [ -70.643124, -33.4416196 ], [ -70.643124, -33.4416195 ], [ -70.6431241, -33.4416194 ], [ -70.6431241, -33.4416193 ], [ -70.6431241, -33.4416192 ], [ -70.6431242, -33.4416191 ], [ -70.6431242, -33.441619 ], [ -70.6431242, -33.4416189 ], [ -70.6431243, -33.4416188 ], [ -70.6431243, -33.4416187 ], [ -70.6431244, -33.4416186 ], [ -70.6431244, -33.4416185 ], [ -70.6431244, -33.4416184 ], [ -70.6431245, -33.4416183 ], [ -70.6431245, -33.4416182 ], [ -70.6431246, -33.4416182 ], [ -70.6431247, -33.4416181 ], [ -70.6431247, -33.441618 ], [ -70.6431248, -33.4416179 ], [ -70.6431117, -33.4415882 ], [ -70.6431102, -33.4415888 ], [ -70.6431096, -33.4415873 ], [ -70.6430858, -33.4415926 ], [ -70.6430849, -33.4415928 ], [ -70.643084, -33.4415929 ], [ -70.6430831, -33.4415931 ], [ -70.6430822, -33.4415933 ], [ -70.6430813, -33.4415934 ], [ -70.6430804, -33.4415935 ], [ -70.6430795, -33.4415936 ], [ -70.6430786, -33.4415937 ], [ -70.6430777, -33.4415938 ], [ -70.6430768, -33.4415939 ], [ -70.6430759, -33.4415939 ], [ -70.643075, -33.441594 ], [ -70.6430741, -33.441594 ], [ -70.6430732, -33.441594 ], [ -70.6430723, -33.441594 ], [ -70.6430713, -33.441594 ], [ -70.6430704, -33.441594 ], [ -70.6430695, -33.441594 ], [ -70.6430686, -33.4415939 ], [ -70.6430677, -33.4415938 ], [ -70.6430668, -33.4415938 ], [ -70.6430659, -33.4415937 ], [ -70.6430643, -33.4415935 ], [ -70.6430586, -33.4415927 ], [ -70.6430529, -33.4415918 ], [ -70.6430428, -33.44159 ], [ -70.6428799, -33.4415184 ], [ -70.6428708, -33.4415147 ], [ -70.6428599, -33.4415104 ], [ -70.6428585, -33.4415117 ], [ -70.6424373, -33.4413315 ], [ -70.6423994, -33.4413141 ], [ -70.642353, -33.4412911 ], [ -70.6422999, -33.4412635 ], [ -70.6422277, -33.4412233 ], [ -70.6421628, -33.4411833 ], [ -70.6421139, -33.4411539 ], [ -70.6420732, -33.4411259 ], [ -70.6420555, -33.4411144 ], [ -70.6418889, -33.440998 ], [ -70.6415149, -33.4407365 ], [ -70.6414563, -33.4406989 ], [ -70.6414577, -33.440697 ], [ -70.6414751, -33.4406787 ], [ -70.641433, -33.4406511 ], [ -70.6414326, -33.4406511 ], [ -70.6414163, -33.4406393 ], [ -70.6414158, -33.4406398 ], [ -70.6413732, -33.4406124 ], [ -70.6413557, -33.4406316 ], [ -70.6413545, -33.4406329 ], [ -70.6413016, -33.4405988 ], [ -70.6413023, -33.4405969 ], [ -70.6413005, -33.4405954 ], [ -70.6413031, -33.440593 ], [ -70.6413054, -33.4405906 ], [ -70.6413077, -33.4405882 ], [ -70.64131, -33.4405858 ], [ -70.6413122, -33.4405833 ], [ -70.6413143, -33.4405808 ], [ -70.6413164, -33.4405783 ], [ -70.6413185, -33.4405758 ], [ -70.641319, -33.440575 ], [ -70.6413204, -33.4405732 ], [ -70.6413224, -33.4405706 ], [ -70.6413243, -33.440568 ], [ -70.6413261, -33.4405653 ], [ -70.6413279, -33.4405626 ], [ -70.6413296, -33.4405599 ], [ -70.6413312, -33.4405572 ], [ -70.6413328, -33.4405544 ], [ -70.6413332, -33.4405544 ], [ -70.6413342, -33.4405518 ], [ -70.6413348, -33.4405504 ], [ -70.6413353, -33.4405489 ], [ -70.6413357, -33.4405474 ], [ -70.6413362, -33.4405459 ], [ -70.6413366, -33.4405444 ], [ -70.641337, -33.4405429 ], [ -70.6413373, -33.4405414 ], [ -70.6413377, -33.4405399 ], [ -70.6413379, -33.4405388 ], [ -70.641338, -33.4405384 ], [ -70.6413382, -33.4405369 ], [ -70.6413384, -33.4405353 ], [ -70.6413386, -33.4405338 ], [ -70.6413388, -33.4405323 ], [ -70.6413389, -33.4405308 ], [ -70.641339, -33.4405292 ], [ -70.6413391, -33.4405277 ], [ -70.6413391, -33.4405262 ], [ -70.6413391, -33.4405246 ], [ -70.6413391, -33.4405231 ], [ -70.641339, -33.4405216 ], [ -70.641339, -33.44052 ], [ -70.6413388, -33.4405185 ], [ -70.6413387, -33.440517 ], [ -70.6413385, -33.4405154 ], [ -70.6413383, -33.4405139 ], [ -70.641338, -33.4405124 ], [ -70.6413377, -33.4405109 ], [ -70.6413374, -33.4405094 ], [ -70.6413371, -33.4405078 ], [ -70.6413367, -33.4405063 ], [ -70.6413363, -33.4405049 ], [ -70.6413359, -33.4405034 ], [ -70.6413354, -33.4405019 ], [ -70.6413347, -33.4405001 ], [ -70.6413342, -33.4404986 ], [ -70.6413336, -33.4404971 ], [ -70.641333, -33.4404956 ], [ -70.6413324, -33.4404941 ], [ -70.6413317, -33.4404926 ], [ -70.641331, -33.4404911 ], [ -70.6413302, -33.4404897 ], [ -70.6413295, -33.4404883 ], [ -70.6413287, -33.4404868 ], [ -70.6413279, -33.4404854 ], [ -70.641327, -33.440484 ], [ -70.6413261, -33.4404826 ], [ -70.6413252, -33.4404812 ], [ -70.6413243, -33.4404798 ], [ -70.6413233, -33.4404785 ], [ -70.6413223, -33.4404772 ], [ -70.641364, -33.4404384 ], [ -70.641423, -33.4403851 ], [ -70.6414247, -33.4403844 ], [ -70.6414264, -33.4403836 ], [ -70.641428, -33.4403829 ], [ -70.6414297, -33.4403822 ], [ -70.6414314, -33.4403816 ], [ -70.6414332, -33.4403809 ], [ -70.6414349, -33.4403803 ], [ -70.6414352, -33.4403802 ], [ -70.6414984, -33.4403196 ], [ -70.6414984, -33.4403195 ], [ -70.6414984, -33.4403193 ], [ -70.6414985, -33.4403191 ], [ -70.6414985, -33.4403189 ], [ -70.6414985, -33.4403186 ], [ -70.6414985, -33.4403184 ], [ -70.6414986, -33.4403182 ], [ -70.6414986, -33.4403179 ], [ -70.6414987, -33.4403177 ], [ -70.6414987, -33.4403174 ], [ -70.6414988, -33.4403172 ], [ -70.6414988, -33.440317 ], [ -70.6414989, -33.4403167 ], [ -70.641499, -33.4403165 ], [ -70.6414991, -33.4403163 ], [ -70.6414992, -33.4403161 ], [ -70.6414992, -33.4403158 ], [ -70.6414993, -33.4403156 ], [ -70.6414994, -33.4403154 ], [ -70.6414995, -33.4403152 ], [ -70.6414996, -33.4403149 ], [ -70.6414998, -33.4403147 ], [ -70.6414999, -33.4403145 ], [ -70.6415, -33.4403143 ], [ -70.6415001, -33.4403141 ], [ -70.6415002, -33.4403138 ], [ -70.6415004, -33.4403136 ], [ -70.6415692, -33.4402502 ], [ -70.6415928, -33.4402299 ], [ -70.6415955, -33.4402275 ], [ -70.6415986, -33.4402248 ], [ -70.6416013, -33.4402224 ], [ -70.6416075, -33.4401959 ], [ -70.6416082, -33.440196 ], [ -70.6416091, -33.4401961 ], [ -70.64161, -33.4401962 ], [ -70.6416109, -33.4401964 ], [ -70.6416117, -33.4401966 ], [ -70.6416126, -33.4401967 ], [ -70.6416134, -33.4401969 ], [ -70.6416143, -33.4401971 ], [ -70.641682, -33.4402082 ], [ -70.6417138, -33.4402134 ], [ -70.6417147, -33.4402098 ], [ -70.641739, -33.4402136 ], [ -70.6417397, -33.4402099 ], [ -70.6417412, -33.4402019 ], [ -70.6417452, -33.4401814 ], [ -70.6417469, -33.4401751 ], [ -70.6417531, -33.4401425 ], [ -70.6417587, -33.4401013 ], [ -70.64176, -33.4400806 ], [ -70.6417633, -33.4400545 ], [ -70.6417667, -33.4400548 ], [ -70.6417711, -33.440055 ], [ -70.6417855, -33.4400561 ], [ -70.6417847, -33.4400039 ], [ -70.6417845, -33.439976 ], [ -70.6417776, -33.4399758 ], [ -70.6417767, -33.4399782 ], [ -70.6417721, -33.439978 ], [ -70.6417717, -33.4399759 ], [ -70.6417667, -33.4399755 ], [ -70.6417652, -33.439952 ], [ -70.6417611, -33.4396875 ], [ -70.6417623, -33.4396711 ], [ -70.6417597, -33.4395099 ], [ -70.6417592, -33.4395096 ], [ -70.6417582, -33.4394285 ], [ -70.6417551, -33.4393281 ], [ -70.6417563, -33.4392968 ], [ -70.6417554, -33.4392081 ], [ -70.6417553, -33.4392025 ], [ -70.6417716, -33.4392025 ], [ -70.6417711, -33.4391632 ], [ -70.6417714, -33.4391632 ], [ -70.6417668, -33.4391369 ], [ -70.6417648, -33.4391367 ], [ -70.6417554, -33.4391355 ], [ -70.6417601, -33.439119 ], [ -70.6417645, -33.4391026 ], [ -70.6417809, -33.4390429 ], [ -70.6417985, -33.4389827 ], [ -70.6418315, -33.4388668 ], [ -70.6418315, -33.4388667 ], [ -70.6418316, -33.4388667 ], [ -70.6418317, -33.4388666 ], [ -70.6418317, -33.4388665 ], [ -70.6418318, -33.4388665 ], [ -70.6418319, -33.4388664 ], [ -70.641832, -33.4388663 ], [ -70.6418321, -33.4388663 ], [ -70.6418321, -33.4388662 ], [ -70.6418322, -33.4388662 ], [ -70.6418323, -33.4388661 ], [ -70.6418324, -33.438866 ], [ -70.6418325, -33.438866 ], [ -70.6418325, -33.4388659 ], [ -70.6418326, -33.4388659 ], [ -70.6418327, -33.4388658 ], [ -70.6418328, -33.4388658 ], [ -70.6418329, -33.4388657 ], [ -70.641833, -33.4388657 ], [ -70.6418331, -33.4388656 ], [ -70.6418332, -33.4388656 ], [ -70.6418333, -33.4388655 ], [ -70.6418334, -33.4388655 ], [ -70.6418335, -33.4388654 ], [ -70.6418336, -33.4388654 ], [ -70.6418337, -33.4388653 ], [ -70.6418338, -33.4388653 ], [ -70.6418339, -33.4388653 ], [ -70.641834, -33.4388652 ], [ -70.6418341, -33.4388652 ], [ -70.6418342, -33.4388652 ], [ -70.6418343, -33.4388651 ], [ -70.6418344, -33.4388651 ], [ -70.6418345, -33.4388651 ], [ -70.6418346, -33.438865 ], [ -70.6418347, -33.438865 ], [ -70.6418348, -33.438865 ], [ -70.6418349, -33.438865 ], [ -70.641835, -33.438865 ], [ -70.6418351, -33.4388649 ], [ -70.6418352, -33.4388649 ], [ -70.6418353, -33.4388649 ], [ -70.6418354, -33.4388649 ], [ -70.6418355, -33.4388649 ], [ -70.6418356, -33.4388649 ], [ -70.6418357, -33.4388649 ], [ -70.6418358, -33.4388648 ], [ -70.641836, -33.4388648 ], [ -70.6418361, -33.4388648 ], [ -70.6418362, -33.4388648 ], [ -70.6418363, -33.4388648 ], [ -70.6418364, -33.4388648 ], [ -70.6418365, -33.4388648 ], [ -70.6418366, -33.4388648 ], [ -70.6418367, -33.4388648 ], [ -70.6418368, -33.4388648 ], [ -70.6418369, -33.4388648 ], [ -70.641837, -33.4388649 ], [ -70.6418371, -33.4388649 ], [ -70.6418373, -33.4388649 ], [ -70.6418374, -33.4388649 ], [ -70.6418375, -33.4388649 ], [ -70.6418376, -33.4388649 ], [ -70.6418377, -33.4388649 ], [ -70.6418378, -33.438865 ], [ -70.6418379, -33.438865 ], [ -70.6418381, -33.438865 ], [ -70.6418409, -33.4388569 ], [ -70.64185, -33.4388236 ], [ -70.6418782, -33.4387226 ], [ -70.6419474, -33.4384733 ], [ -70.642049, -33.438136 ], [ -70.6420766, -33.4380867 ], [ -70.6420788, -33.4380822 ], [ -70.642081, -33.4380778 ], [ -70.6420834, -33.4380734 ], [ -70.6420858, -33.4380691 ], [ -70.6420883, -33.4380648 ], [ -70.6420909, -33.4380605 ], [ -70.6420936, -33.4380563 ], [ -70.6420964, -33.4380521 ], [ -70.6420992, -33.4380479 ], [ -70.6421022, -33.4380438 ], [ -70.6421073, -33.438037 ], [ -70.6421245, -33.4380153 ], [ -70.6421422, -33.4379938 ], [ -70.6421603, -33.4379726 ], [ -70.6421788, -33.4379517 ], [ -70.6421978, -33.437931 ], [ -70.6422172, -33.4379106 ], [ -70.642237, -33.4378905 ], [ -70.6422573, -33.4378707 ], [ -70.6422907, -33.4378395 ], [ -70.6423464, -33.4377924 ], [ -70.6424196, -33.4377287 ], [ -70.6424201, -33.4377283 ], [ -70.6424812, -33.4376738 ], [ -70.642481, -33.4376736 ], [ -70.642497, -33.4376603 ], [ -70.6424982, -33.4376593 ], [ -70.6424995, -33.4376583 ], [ -70.6425007, -33.4376574 ], [ -70.642502, -33.4376564 ], [ -70.6425032, -33.4376555 ], [ -70.6425045, -33.4376546 ], [ -70.6425059, -33.4376537 ], [ -70.6425072, -33.4376529 ], [ -70.6425086, -33.437652 ], [ -70.6425099, -33.4376512 ], [ -70.6425113, -33.4376504 ], [ -70.6425127, -33.4376496 ], [ -70.6425141, -33.4376489 ], [ -70.6425156, -33.4376481 ], [ -70.642517, -33.4376474 ], [ -70.6425185, -33.4376467 ], [ -70.64252, -33.4376461 ], [ -70.6425215, -33.4376454 ], [ -70.642523, -33.4376448 ], [ -70.6425245, -33.4376442 ], [ -70.642526, -33.4376436 ], [ -70.6425276, -33.437643 ], [ -70.6425291, -33.4376425 ], [ -70.6425307, -33.437642 ], [ -70.6425323, -33.4376415 ], [ -70.6425339, -33.437641 ], [ -70.6425355, -33.4376406 ], [ -70.6425371, -33.4376401 ], [ -70.6425387, -33.4376397 ], [ -70.6425403, -33.4376394 ], [ -70.642542, -33.437639 ], [ -70.6425436, -33.4376387 ], [ -70.6425452, -33.4376384 ], [ -70.6425469, -33.4376381 ], [ -70.6425486, -33.4376378 ], [ -70.6425502, -33.4376376 ], [ -70.6425519, -33.4376374 ], [ -70.6425536, -33.4376372 ], [ -70.6425552, -33.4376371 ], [ -70.6425569, -33.4376369 ], [ -70.6425586, -33.4376368 ], [ -70.6425603, -33.4376367 ], [ -70.642562, -33.4376367 ], [ -70.6425636, -33.4376366 ], [ -70.6425653, -33.4376366 ], [ -70.642567, -33.4376366 ], [ -70.6425687, -33.4376367 ], [ -70.6425704, -33.4376367 ], [ -70.6425721, -33.4376368 ], [ -70.6425747, -33.437637 ], [ -70.6425753, -33.437635 ] ] ] } },
{ "type": "Feature", "properties": { "INMON": null, "N_INMON": 0, "VECINO": null, "C": 0, "CODIGO": null, "NEW_INMON": 0.0, "EQUIPAM": null, "COD_CAT": 0.0, "ORIG_FID": 0, "SHAPE_LENG": 0.0, "SHAPE_AREA": 0.0, "AREA": 1537.95663, "PERIMETER": 0.0, "INM_MON_": 0, "INM_MON_ID": 0, "INMON_ID": 0, "PR_OLD": null, "Nº_MENTOS": "MH94", "NOMBRE_MON": "Mural paso bajo nivel Santa Lucía", "ESTADO_CON": "REGULAR", "Id": 0 }, "geometry": { "type": "Polygon", "coordinates": [ [ [ -70.6428772, -33.4419886 ], [ -70.6429103, -33.4419812 ], [ -70.6430681, -33.4420242 ], [ -70.6431268, -33.4420401 ], [ -70.6431134, -33.4420456 ], [ -70.6430959, -33.4420528 ], [ -70.6430915, -33.4420546 ], [ -70.643091, -33.4420548 ], [ -70.6430902, -33.4420551 ], [ -70.6430817, -33.4420592 ], [ -70.643068, -33.4420657 ], [ -70.6430675, -33.442066 ], [ -70.6430626, -33.4420683 ], [ -70.6430516, -33.4420736 ], [ -70.6430511, -33.4420739 ], [ -70.6430432, -33.4420776 ], [ -70.6430346, -33.4420817 ], [ -70.64303, -33.4420839 ], [ -70.64303, -33.4420839 ], [ -70.6429559, -33.4421193 ], [ -70.6429051, -33.4421436 ], [ -70.6428707, -33.4421601 ], [ -70.6428423, -33.4421778 ], [ -70.6428249, -33.4421905 ], [ -70.6428042, -33.4422066 ], [ -70.642804, -33.4422068 ], [ -70.6428037, -33.442207 ], [ -70.6427999, -33.4422102 ], [ -70.6427975, -33.4422122 ], [ -70.6427857, -33.4422226 ], [ -70.6427842, -33.4422241 ], [ -70.6427744, -33.4422334 ], [ -70.6427731, -33.4422347 ], [ -70.6427583, -33.4422502 ], [ -70.6427432, -33.4422676 ], [ -70.6427349, -33.4422792 ], [ -70.6427204, -33.4422993 ], [ -70.6427096, -33.4423157 ], [ -70.6426995, -33.4423335 ], [ -70.6426916, -33.4423487 ], [ -70.642687, -33.4423586 ], [ -70.6426814, -33.4423708 ], [ -70.6426775, -33.4423808 ], [ -70.6426764, -33.442384 ], [ -70.642674, -33.4423909 ], [ -70.6426702, -33.4424039 ], [ -70.6426696, -33.4424059 ], [ -70.6426691, -33.4424079 ], [ -70.6426634, -33.4424321 ], [ -70.6426632, -33.4424328 ], [ -70.6426631, -33.4424333 ], [ -70.6426607, -33.4424434 ], [ -70.6426589, -33.4424512 ], [ -70.6426519, -33.4424809 ], [ -70.6426515, -33.4424824 ], [ -70.6426503, -33.4424873 ], [ -70.6426492, -33.442492 ], [ -70.6426475, -33.4424993 ], [ -70.6426474, -33.4424999 ], [ -70.642623, -33.4426033 ], [ -70.6426222, -33.4426068 ], [ -70.642622, -33.4426074 ], [ -70.6426181, -33.4426218 ], [ -70.6426072, -33.4426624 ], [ -70.642606, -33.4426667 ], [ -70.6426013, -33.4426841 ], [ -70.6425503, -33.4426281 ], [ -70.6425466, -33.4426241 ], [ -70.6425347, -33.4426111 ], [ -70.6425289, -33.4426046 ], [ -70.6425254, -33.4426008 ], [ -70.6425071, -33.4425801 ], [ -70.6425401, -33.4425643 ], [ -70.6425596, -33.4424788 ], [ -70.6425711, -33.4424282 ], [ -70.6425772, -33.4424003 ], [ -70.6425906, -33.4423401 ], [ -70.6425906, -33.44234 ], [ -70.6426037, -33.442312 ], [ -70.6426098, -33.4422997 ], [ -70.6426166, -33.4422857 ], [ -70.6426273, -33.4422766 ], [ -70.6426376, -33.4422679 ], [ -70.6426401, -33.4422658 ], [ -70.6426436, -33.4422626 ], [ -70.6426466, -33.442259 ], [ -70.6426489, -33.4422551 ], [ -70.6426496, -33.4422536 ], [ -70.64265, -33.4422527 ], [ -70.6426521, -33.442253 ], [ -70.642667, -33.4422518 ], [ -70.6426843, -33.4422421 ], [ -70.6427048, -33.4422164 ], [ -70.6427087, -33.4422115 ], [ -70.6427344, -33.4421881 ], [ -70.6427427, -33.4421813 ], [ -70.6427639, -33.4421637 ], [ -70.6427808, -33.4421526 ], [ -70.6427898, -33.4421466 ], [ -70.6428118, -33.442136 ], [ -70.6428232, -33.4421305 ], [ -70.6428589, -33.4421091 ], [ -70.642875, -33.4420984 ], [ -70.6428798, -33.44209 ], [ -70.6428797, -33.4420827 ], [ -70.6428696, -33.4420797 ], [ -70.6428597, -33.4420809 ], [ -70.642836, -33.4420854 ], [ -70.6427665, -33.4420999 ], [ -70.6426634, -33.4421232 ], [ -70.6425354, -33.44215 ], [ -70.6425073, -33.4421549 ], [ -70.6424372, -33.4421671 ], [ -70.6424021, -33.4421732 ], [ -70.6423505, -33.4421822 ], [ -70.642334, -33.4421851 ], [ -70.6423341, -33.4421903 ], [ -70.6420171, -33.4422716 ], [ -70.6420124, -33.4422698 ], [ -70.6420063, -33.4422674 ], [ -70.6419829, -33.4422584 ], [ -70.641973, -33.4422546 ], [ -70.6419594, -33.4422494 ], [ -70.6419586, -33.4422491 ], [ -70.6419584, -33.442249 ], [ -70.6419285, -33.4422375 ], [ -70.6419275, -33.4422371 ], [ -70.641911, -33.4422308 ], [ -70.6419046, -33.4422283 ], [ -70.6418921, -33.4422235 ], [ -70.6421003, -33.4421694 ], [ -70.6421123, -33.4421663 ], [ -70.6422756, -33.4421244 ], [ -70.6423011, -33.4421179 ], [ -70.6423079, -33.4421162 ], [ -70.6428772, -33.4419886 ] ] ] } },
{ "type": "Feature", "properties": { "INMON": null, "N_INMON": 0, "VECINO": null, "C": 0, "CODIGO": null, "NEW_INMON": 0.0, "EQUIPAM": null, "COD_CAT": 0.0, "ORIG_FID": 0, "SHAPE_LENG": 0.0, "SHAPE_AREA": 0.0, "AREA": 2285.60751, "PERIMETER": 0.0, "INM_MON_": 0, "INM_MON_ID": 0, "INMON_ID": 0, "PR_OLD": null, "Nº_MENTOS": "MH94", "NOMBRE_MON": "Mural paso bajo nivel Santa Lucía", "ESTADO_CON": "REGULAR", "Id": 0 }, "geometry": { "type": "Polygon", "coordinates": [ [ [ -70.6438117, -33.4410888 ], [ -70.6438185, -33.4410775 ], [ -70.6438219, -33.4410717 ], [ -70.643827, -33.4410633 ], [ -70.6439336, -33.4408867 ], [ -70.6439393, -33.4408773 ], [ -70.6439633, -33.4408372 ], [ -70.6439659, -33.4408329 ], [ -70.6439677, -33.4408291 ], [ -70.6439686, -33.4408274 ], [ -70.6439693, -33.4408251 ], [ -70.6439709, -33.4408203 ], [ -70.6439754, -33.4408056 ], [ -70.6439843, -33.4407761 ], [ -70.6439997, -33.4407254 ], [ -70.6440067, -33.4407021 ], [ -70.6440084, -33.4406966 ], [ -70.6440141, -33.4406778 ], [ -70.6440146, -33.4406762 ], [ -70.6440294, -33.4406271 ], [ -70.6440354, -33.4406075 ], [ -70.6440355, -33.4406071 ], [ -70.6440416, -33.4405771 ], [ -70.6440436, -33.4405768 ], [ -70.6440487, -33.4405761 ], [ -70.6440965, -33.4405695 ], [ -70.6441251, -33.4405656 ], [ -70.6441747, -33.4405587 ], [ -70.6441951, -33.4405559 ], [ -70.6441951, -33.4405561 ], [ -70.6441806, -33.4406014 ], [ -70.644118, -33.4407983 ], [ -70.6441011, -33.4408549 ], [ -70.644087, -33.4409024 ], [ -70.6440756, -33.4409412 ], [ -70.6440671, -33.4409704 ], [ -70.6440713, -33.4409713 ], [ -70.6440693, -33.44098 ], [ -70.644069, -33.4409812 ], [ -70.6440688, -33.4409819 ], [ -70.6440687, -33.4409827 ], [ -70.6440686, -33.4409835 ], [ -70.6440685, -33.4409843 ], [ -70.6440684, -33.4409851 ], [ -70.6440683, -33.4409859 ], [ -70.6440683, -33.4409867 ], [ -70.6440682, -33.4409875 ], [ -70.6440682, -33.4409883 ], [ -70.6440682, -33.4409891 ], [ -70.6440682, -33.4409899 ], [ -70.6440683, -33.4409907 ], [ -70.6440683, -33.4409915 ], [ -70.6440684, -33.4409923 ], [ -70.6440684, -33.440993 ], [ -70.6440685, -33.4409938 ], [ -70.6440687, -33.4409946 ], [ -70.6440688, -33.4409954 ], [ -70.6440689, -33.4409962 ], [ -70.6440691, -33.440997 ], [ -70.6440693, -33.4409978 ], [ -70.6440695, -33.4409985 ], [ -70.6440697, -33.4409993 ], [ -70.6440699, -33.4410001 ], [ -70.6440701, -33.4410009 ], [ -70.6440704, -33.4410016 ], [ -70.6440707, -33.4410024 ], [ -70.644071, -33.4410031 ], [ -70.6440713, -33.4410039 ], [ -70.6440716, -33.4410046 ], [ -70.6440719, -33.4410054 ], [ -70.6440723, -33.4410061 ], [ -70.6440726, -33.4410069 ], [ -70.644073, -33.4410076 ], [ -70.6440734, -33.4410083 ], [ -70.6440738, -33.441009 ], [ -70.6440743, -33.4410097 ], [ -70.6440747, -33.4410104 ], [ -70.6440752, -33.4410111 ], [ -70.6440756, -33.4410118 ], [ -70.6440761, -33.4410125 ], [ -70.6440766, -33.4410132 ], [ -70.6440771, -33.4410138 ], [ -70.6440777, -33.4410145 ], [ -70.6440782, -33.4410152 ], [ -70.6440785, -33.4410155 ], [ -70.6440788, -33.4410158 ], [ -70.6440793, -33.4410164 ], [ -70.6440799, -33.4410171 ], [ -70.6440805, -33.4410177 ], [ -70.6440811, -33.4410183 ], [ -70.6440817, -33.4410189 ], [ -70.6440824, -33.4410195 ], [ -70.644083, -33.4410201 ], [ -70.6440837, -33.4410207 ], [ -70.6440843, -33.4410212 ], [ -70.644085, -33.4410218 ], [ -70.6440857, -33.4410223 ], [ -70.6440864, -33.4410229 ], [ -70.6440871, -33.4410234 ], [ -70.6440878, -33.4410239 ], [ -70.6440886, -33.4410244 ], [ -70.6440893, -33.4410249 ], [ -70.644091, -33.4410258 ], [ -70.6440918, -33.4410263 ], [ -70.6440927, -33.4410267 ], [ -70.6440936, -33.4410271 ], [ -70.6440945, -33.4410276 ], [ -70.6440954, -33.441028 ], [ -70.6440963, -33.4410284 ], [ -70.6440972, -33.4410287 ], [ -70.6440982, -33.4410291 ], [ -70.6440991, -33.4410295 ], [ -70.6441, -33.4410298 ], [ -70.644101, -33.4410301 ], [ -70.644102, -33.4410304 ], [ -70.6441029, -33.4410307 ], [ -70.6441039, -33.441031 ], [ -70.6441049, -33.4410313 ], [ -70.6441058, -33.4410315 ], [ -70.6441068, -33.4410318 ], [ -70.6441078, -33.441032 ], [ -70.6441088, -33.4410322 ], [ -70.6441098, -33.4410324 ], [ -70.6441108, -33.4410326 ], [ -70.6441118, -33.4410328 ], [ -70.6441128, -33.4410329 ], [ -70.6441138, -33.4410331 ], [ -70.6441149, -33.4410332 ], [ -70.6441159, -33.4410333 ], [ -70.6441169, -33.4410334 ], [ -70.6443574, -33.4410556 ], [ -70.6443243, -33.4411831 ], [ -70.6441925, -33.441159 ], [ -70.6440836, -33.4411451 ], [ -70.6440463, -33.4411474 ], [ -70.6440203, -33.441152 ], [ -70.6439929, -33.441158 ], [ -70.6439742, -33.4411661 ], [ -70.643969, -33.4411685 ], [ -70.6439583, -33.4411735 ], [ -70.6439488, -33.441178 ], [ -70.643921, -33.4411954 ], [ -70.6438909, -33.4412188 ], [ -70.6438652, -33.4412451 ], [ -70.6438335, -33.4412952 ], [ -70.6437444, -33.4414357 ], [ -70.6437162, -33.4414803 ], [ -70.6437125, -33.4414861 ], [ -70.6436197, -33.4416329 ], [ -70.6436178, -33.4416359 ], [ -70.6436103, -33.4416479 ], [ -70.643603, -33.4416593 ], [ -70.643603, -33.4416594 ], [ -70.6436021, -33.4416608 ], [ -70.6435621, -33.441724 ], [ -70.6435515, -33.4417401 ], [ -70.6435513, -33.4417403 ], [ -70.6435507, -33.4417413 ], [ -70.6435345, -33.4417355 ], [ -70.6435142, -33.4417283 ], [ -70.6434383, -33.4417012 ], [ -70.6434304, -33.4416983 ], [ -70.6434329, -33.4416953 ], [ -70.6434349, -33.4416929 ], [ -70.643447, -33.4416783 ], [ -70.6434531, -33.4416712 ], [ -70.6434579, -33.4416652 ], [ -70.6434626, -33.4416592 ], [ -70.6434672, -33.441653 ], [ -70.6434708, -33.441648 ], [ -70.643471, -33.4416478 ], [ -70.6434716, -33.4416469 ], [ -70.6434759, -33.4416406 ], [ -70.6434801, -33.4416343 ], [ -70.6435518, -33.44152 ], [ -70.643553, -33.4415178 ], [ -70.6435687, -33.4414892 ], [ -70.6435702, -33.4414865 ], [ -70.6435703, -33.4414864 ], [ -70.6436505, -33.441355 ], [ -70.6437086, -33.4412592 ], [ -70.6437386, -33.4412096 ], [ -70.6438117, -33.4410888 ] ] ] } },
{ "type": "Feature", "properties": { "INMON": null, "N_INMON": 0, "VECINO": null, "C": 0, "CODIGO": null, "NEW_INMON": 0.0, "EQUIPAM": null, "COD_CAT": 0.0, "ORIG_FID": 0, "SHAPE_LENG": 0.0, "SHAPE_AREA": 0.0, "AREA": 388.21051, "PERIMETER": 0.0, "INM_MON_": 0, "INM_MON_ID": 0, "INMON_ID": 0, "PR_OLD": null, "Nº_MENTOS": "MH94", "NOMBRE_MON": "Mural paso bajo nivel Santa Lucía", "ESTADO_CON": "REGULAR", "Id": 0 }, "geometry": { "type": "Polygon", "coordinates": [ [ [ -70.6423341, -33.4421903 ], [ -70.642334, -33.4421851 ], [ -70.6423505, -33.4421822 ], [ -70.6424021, -33.4421732 ], [ -70.6424372, -33.4421671 ], [ -70.6425073, -33.4421549 ], [ -70.6425354, -33.44215 ], [ -70.6426634, -33.4421232 ], [ -70.6427665, -33.4420999 ], [ -70.642836, -33.4420854 ], [ -70.6428597, -33.4420809 ], [ -70.6428696, -33.4420797 ], [ -70.6428797, -33.4420827 ], [ -70.6428798, -33.44209 ], [ -70.642875, -33.4420984 ], [ -70.6428589, -33.4421091 ], [ -70.6428232, -33.4421305 ], [ -70.6428118, -33.442136 ], [ -70.6427898, -33.4421466 ], [ -70.6427808, -33.4421526 ], [ -70.6427639, -33.4421637 ], [ -70.6427427, -33.4421813 ], [ -70.6427344, -33.4421881 ], [ -70.6427087, -33.4422115 ], [ -70.6427048, -33.4422164 ], [ -70.6426843, -33.4422421 ], [ -70.642667, -33.4422518 ], [ -70.6426521, -33.442253 ], [ -70.64265, -33.4422527 ], [ -70.6426115, -33.4422458 ], [ -70.6426014, -33.442244 ], [ -70.6425511, -33.442235 ], [ -70.6424126, -33.4422104 ], [ -70.6423602, -33.4422011 ], [ -70.6423404, -33.4421975 ], [ -70.6423341, -33.4421914 ], [ -70.6423341, -33.4421903 ] ] ] } },
{ "type": "Feature", "properties": { "INMON": null, "N_INMON": 0, "VECINO": null, "C": 0, "CODIGO": null, "NEW_INMON": 0.0, "EQUIPAM": null, "COD_CAT": 0.0, "ORIG_FID": 0, "SHAPE_LENG": 0.0, "SHAPE_AREA": 0.0, "AREA": 2951.84102, "PERIMETER": 0.0, "INM_MON_": 0, "INM_MON_ID": 0, "INMON_ID": 0, "PR_OLD": null, "Nº_MENTOS": "MH96", "NOMBRE_MON": "Edificio Aillavilu", "ESTADO_CON": null, "Id": 0 }, "geometry": { "type": "Polygon", "coordinates": [ [ [ -70.6514949, -33.4327894 ], [ -70.6515093, -33.4327835 ], [ -70.6515323, -33.4327796 ], [ -70.6515476, -33.432778 ], [ -70.6515664, -33.432777 ], [ -70.6521265, -33.4327817 ], [ -70.6521544, -33.4327828 ], [ -70.6521681, -33.4327826 ], [ -70.6521858, -33.4327833 ], [ -70.652208, -33.432784 ], [ -70.6522256, -33.4327833 ], [ -70.6522393, -33.4327831 ], [ -70.6522518, -33.4327829 ], [ -70.6522655, -33.4327842 ], [ -70.6522848, -33.4327858 ], [ -70.6523002, -33.432787 ], [ -70.6523156, -33.4327873 ], [ -70.6523361, -33.4327899 ], [ -70.6523482, -33.4327916 ], [ -70.6523682, -33.4327931 ], [ -70.652397, -33.4327952 ], [ -70.6524027, -33.4327957 ], [ -70.6524098, -33.4327962 ], [ -70.6524305, -33.4327977 ], [ -70.6524485, -33.4328005 ], [ -70.6524545, -33.4328014 ], [ -70.6524617, -33.4328035 ], [ -70.65247, -33.4328071 ], [ -70.6524776, -33.4328115 ], [ -70.6524844, -33.4328168 ], [ -70.6524902, -33.4328228 ], [ -70.6524943, -33.4328283 ], [ -70.6524975, -33.432834 ], [ -70.6524999, -33.4328399 ], [ -70.6525016, -33.4328466 ], [ -70.6525024, -33.4328535 ], [ -70.6525023, -33.4328571 ], [ -70.6525028, -33.432862 ], [ -70.6525039, -33.4328748 ], [ -70.6525054, -33.432907 ], [ -70.6524976, -33.4330381 ], [ -70.6524944, -33.433046 ], [ -70.6524902, -33.4330525 ], [ -70.6524852, -33.4330561 ], [ -70.6524813, -33.4330571 ], [ -70.6524767, -33.4330572 ], [ -70.6524499, -33.4330573 ], [ -70.6524175, -33.4330579 ], [ -70.6523777, -33.4330583 ], [ -70.6523654, -33.4330584 ], [ -70.6523414, -33.4330586 ], [ -70.6523021, -33.433059 ], [ -70.6522241, -33.4330597 ], [ -70.6521315, -33.4330606 ], [ -70.6521213, -33.4330607 ], [ -70.6520898, -33.433061 ], [ -70.6520536, -33.4330613 ], [ -70.6520234, -33.4330616 ], [ -70.6519878, -33.433062 ], [ -70.6519559, -33.4330623 ], [ -70.6519444, -33.4330624 ], [ -70.651912, -33.4330628 ], [ -70.6518772, -33.4330632 ], [ -70.6518495, -33.4330635 ], [ -70.6518224, -33.4330638 ], [ -70.6517797, -33.4330643 ], [ -70.6517393, -33.4330648 ], [ -70.651614, -33.4330663 ], [ -70.6515151, -33.4330674 ], [ -70.6514727, -33.433034 ], [ -70.6514635, -33.4330268 ], [ -70.6514634, -33.4330196 ], [ -70.651464, -33.4330074 ], [ -70.6514667, -33.4329688 ], [ -70.6514669, -33.4329322 ], [ -70.6514681, -33.4329043 ], [ -70.6514672, -33.4328614 ], [ -70.6514706, -33.4328365 ], [ -70.651471, -33.4328334 ], [ -70.6514741, -33.4328183 ], [ -70.6514797, -33.4327996 ], [ -70.6514949, -33.4327894 ] ] ] } },
{ "type": "Feature", "properties": { "INMON": null, "N_INMON": 0, "VECINO": null, "C": 0, "CODIGO": null, "NEW_INMON": 0.0, "EQUIPAM": null, "COD_CAT": 0.0, "ORIG_FID": 0, "SHAPE_LENG": 0.0, "SHAPE_AREA": 0.0, "AREA": 4488.71762, "PERIMETER": 0.0, "INM_MON_": 0, "INM_MON_ID": 0, "INMON_ID": 0, "PR_OLD": null, "Nº_MENTOS": "MH12 y MH 98", "NOMBRE_MON": "Casas Plazoleta Patricio Mekis - Plazoleta Patricio Mekis", "ESTADO_CON": null, "Id": 0 }, "geometry": { "type": "Polygon", "coordinates": [ [ [ -70.647271, -33.4402337 ], [ -70.6472629, -33.4402317 ], [ -70.6472576, -33.440231 ], [ -70.647228, -33.44023 ], [ -70.6472256, -33.4402299 ], [ -70.647202, -33.4402291 ], [ -70.6472011, -33.4402291 ], [ -70.6471987, -33.440229 ], [ -70.646598, -33.4401745 ], [ -70.646534, -33.4401687 ], [ -70.6463329, -33.4401504 ], [ -70.6463357, -33.440128 ], [ -70.6463367, -33.4401203 ], [ -70.6463387, -33.4401047 ], [ -70.6463391, -33.4401014 ], [ -70.6463397, -33.4400962 ], [ -70.6463426, -33.4400732 ], [ -70.646343, -33.4400702 ], [ -70.6463445, -33.4400586 ], [ -70.6463469, -33.4400395 ], [ -70.6463479, -33.4400316 ], [ -70.6463755, -33.4398778 ], [ -70.6464367, -33.4395237 ], [ -70.6465889, -33.4395365 ], [ -70.6467354, -33.4395494 ], [ -70.6467653, -33.4395528 ], [ -70.6468746, -33.4395631 ], [ -70.6468541, -33.4397186 ], [ -70.6469031, -33.4397219 ], [ -70.6468875, -33.4398675 ], [ -70.6469474, -33.4398731 ], [ -70.6469428, -33.4399347 ], [ -70.6472547, -33.4399644 ], [ -70.6473049, -33.4399694 ], [ -70.6473262, -33.4399716 ], [ -70.6473055, -33.4401032 ], [ -70.6473027, -33.4401209 ], [ -70.6472919, -33.4401897 ], [ -70.6472848, -33.440235 ], [ -70.647271, -33.4402337 ] ] ] } },
{ "type": "Feature", "properties": { "INMON": null, "N_INMON": 0, "VECINO": null, "C": 0, "CODIGO": null, "NEW_INMON": 0.0, "EQUIPAM": null, "COD_CAT": 0.0, "ORIG_FID": 0, "SHAPE_LENG": 0.0, "SHAPE_AREA": 0.0, "AREA": 6856.411, "PERIMETER": 0.0, "INM_MON_": 0, "INM_MON_ID": 0, "INMON_ID": 0, "PR_OLD": null, "Nº_MENTOS": "MH16", "NOMBRE_MON": "Teatro Municipal de Santiago", "ESTADO_CON": null, "Id": 0 }, "geometry": { "type": "Polygon", "coordinates": [ [ [ -70.6471549, -33.441164 ], [ -70.6471445, -33.4411631 ], [ -70.6471348, -33.4411622 ], [ -70.6468739, -33.4411355 ], [ -70.6468033, -33.4411266 ], [ -70.6468249, -33.440961 ], [ -70.6465813, -33.4409375 ], [ -70.646555, -33.4409349 ], [ -70.6464697, -33.4409269 ], [ -70.6464274, -33.440923 ], [ -70.6464295, -33.4409073 ], [ -70.6464341, -33.4408726 ], [ -70.6464577, -33.4406958 ], [ -70.6464671, -33.4406238 ], [ -70.6464685, -33.4406144 ], [ -70.6464759, -33.4405645 ], [ -70.6464777, -33.4405525 ], [ -70.6464828, -33.4405184 ], [ -70.6464856, -33.4404998 ], [ -70.6464882, -33.4404825 ], [ -70.6464884, -33.440481 ], [ -70.6464982, -33.440415 ], [ -70.6464995, -33.4404065 ], [ -70.6465003, -33.4404014 ], [ -70.6465131, -33.4403132 ], [ -70.6465138, -33.4403081 ], [ -70.6465199, -33.4402659 ], [ -70.6465206, -33.4402609 ], [ -70.6465245, -33.4402343 ], [ -70.6465276, -33.4402128 ], [ -70.6465297, -33.4401985 ], [ -70.6465313, -33.4401871 ], [ -70.646534, -33.4401687 ], [ -70.646598, -33.4401745 ], [ -70.6471987, -33.440229 ], [ -70.6472011, -33.4402291 ], [ -70.647202, -33.4402291 ], [ -70.6472256, -33.4402299 ], [ -70.647228, -33.44023 ], [ -70.6472576, -33.440231 ], [ -70.6472629, -33.4402317 ], [ -70.647271, -33.4402337 ], [ -70.6472731, -33.4402343 ], [ -70.6472768, -33.4402358 ], [ -70.6472827, -33.4402383 ], [ -70.6472882, -33.4402417 ], [ -70.6472912, -33.4402436 ], [ -70.647296, -33.4402478 ], [ -70.6473001, -33.4402518 ], [ -70.6473032, -33.440257 ], [ -70.6473057, -33.4402647 ], [ -70.6473104, -33.440279 ], [ -70.6473109, -33.440288 ], [ -70.6472988, -33.4403676 ], [ -70.6472939, -33.4403937 ], [ -70.6472911, -33.4404179 ], [ -70.6472601, -33.4406333 ], [ -70.6472157, -33.4409503 ], [ -70.647204, -33.4410388 ], [ -70.6471861, -33.4411671 ], [ -70.6471549, -33.441164 ] ] ] } },
{ "type": "Feature", "properties": { "INMON": null, "N_INMON": 0, "VECINO": null, "C": 0, "CODIGO": null, "NEW_INMON": 0.0, "EQUIPAM": null, "COD_CAT": 8000601048.0, "ORIG_FID": 0, "SHAPE_LENG": 0.0, "SHAPE_AREA": 0.0, "AREA": 185.51145, "PERIMETER": 0.0, "INM_MON_": 0, "INM_MON_ID": 0, "INMON_ID": 0, "PR_OLD": null, "Nº_MENTOS": "MH99", "NOMBRE_MON": "LA CASA DE MEMORIA SOLA SIERRA", "ESTADO_CON": null, "Id": 0 }, "geometry": { "type": "Polygon", "coordinates": [ [ [ -70.6684743, -33.4311131 ], [ -70.6685067, -33.4311139 ], [ -70.668499, -33.431194 ], [ -70.6684668, -33.4311936 ], [ -70.6683795, -33.4311924 ], [ -70.668379, -33.4312 ], [ -70.6682752, -33.4311987 ], [ -70.6682757, -33.4311909 ], [ -70.6682877, -33.4311912 ], [ -70.6682937, -33.4311095 ], [ -70.6684743, -33.4311131 ] ] ] } },
{ "type": "Feature", "properties": { "INMON": null, "N_INMON": 0, "VECINO": null, "C": 0, "CODIGO": null, "NEW_INMON": 0.0, "EQUIPAM": null, "COD_CAT": 0.0, "ORIG_FID": 0, "SHAPE_LENG": 0.0, "SHAPE_AREA": 0.0, "AREA": 9561.21067, "PERIMETER": 0.0, "INM_MON_": 0, "INM_MON_ID": 0, "INMON_ID": 0, "PR_OLD": null, "Nº_MENTOS": "MH103", "NOMBRE_MON": "Liceo de Aplicacion Rector Jorge Enrique Schneider", "ESTADO_CON": "BUENO", "Id": 0 }, "geometry": { "type": "Polygon", "coordinates": [ [ [ -70.6669419, -33.445362 ], [ -70.6669031, -33.4458946 ], [ -70.6668887, -33.4460554 ], [ -70.6668629, -33.4463882 ], [ -70.6668362, -33.4463807 ], [ -70.6661944, -33.4462482 ], [ -70.6662001, -33.4462308 ], [ -70.6663068, -33.4459045 ], [ -70.6663471, -33.4457749 ], [ -70.6663108, -33.4457655 ], [ -70.6662684, -33.4457545 ], [ -70.6661066, -33.4457124 ], [ -70.665989, -33.4456818 ], [ -70.6659161, -33.4456629 ], [ -70.6658494, -33.4456455 ], [ -70.6657889, -33.4456298 ], [ -70.6657426, -33.4456177 ], [ -70.6657152, -33.445593 ], [ -70.6657086, -33.445354 ], [ -70.6657059, -33.4451943 ], [ -70.6657057, -33.4449651 ], [ -70.6657092, -33.4448343 ], [ -70.6657145, -33.4447556 ], [ -70.6657608, -33.4447237 ], [ -70.6658611, -33.444734 ], [ -70.6658521, -33.4448812 ], [ -70.6658442, -33.4450425 ], [ -70.665838, -33.445115 ], [ -70.665826, -33.4452675 ], [ -70.6659685, -33.4452795 ], [ -70.6661212, -33.4452925 ], [ -70.6662654, -33.4453047 ], [ -70.6664187, -33.4453177 ], [ -70.6665684, -33.4453303 ], [ -70.6667155, -33.4453428 ], [ -70.6669419, -33.445362 ] ] ] } },
{ "type": "Feature", "properties": { "INMON": null, "N_INMON": 0, "VECINO": null, "C": 0, "CODIGO": null, "NEW_INMON": 0.0, "EQUIPAM": null, "COD_CAT": 0.0, "ORIG_FID": 0, "SHAPE_LENG": 0.0, "SHAPE_AREA": 0.0, "AREA": 0.0, "PERIMETER": 0.0, "INM_MON_": 0, "INM_MON_ID": 0, "INMON_ID": 0, "PR_OLD": null, "Nº_MENTOS": "MH104", "NOMBRE_MON": "Liceo N° 4 Bicentenario Isaura Dinator", "ESTADO_CON": null, "Id": 0 }, "geometry": { "type": "Polygon", "coordinates": [ [ [ -70.6786112, -33.4457049 ], [ -70.6777103, -33.4456787 ], [ -70.6777638, -33.4450694 ], [ -70.67801, -33.4450842 ], [ -70.6780015, -33.4451615 ], [ -70.6781818, -33.4451728 ], [ -70.6782217, -33.4447134 ], [ -70.6786626, -33.4447474 ], [ -70.6786931, -33.44475 ], [ -70.6786908, -33.4447759 ], [ -70.6786304, -33.445496 ], [ -70.6786112, -33.4457049 ] ] ] } },
{ "type": "Feature", "properties": { "INMON": null, "N_INMON": 0, "VECINO": null, "C": 0, "CODIGO": null, "NEW_INMON": 0.0, "EQUIPAM": null, "COD_CAT": 0.0, "ORIG_FID": 0, "SHAPE_LENG": 0.0, "SHAPE_AREA": 0.0, "AREA": 0.0, "PERIMETER": 0.0, "INM_MON_": 0, "INM_MON_ID": 0, "INMON_ID": 0, "PR_OLD": null, "Nº_MENTOS": "MH105", "NOMBRE_MON": "Liceo de Niñas Nº6 Teresa Prats \r\n", "ESTADO_CON": null, "Id": 0 }, "geometry": { "type": "Polygon", "coordinates": [ [ [ -70.6455487, -33.4696555 ], [ -70.6455465, -33.4696931 ], [ -70.645537, -33.469856 ], [ -70.6455229, -33.4700976 ], [ -70.645513, -33.470267 ], [ -70.6455054, -33.4703965 ], [ -70.6455032, -33.470423 ], [ -70.6453854, -33.470411 ], [ -70.6452687, -33.470399 ], [ -70.6450554, -33.4703772 ], [ -70.6447502, -33.4703459 ], [ -70.6447385, -33.4703447 ], [ -70.6447257, -33.4703398 ], [ -70.6447157, -33.4703359 ], [ -70.6447121, -33.4703334 ], [ -70.6447048, -33.4703271 ], [ -70.6446988, -33.4703199 ], [ -70.6446946, -33.4703129 ], [ -70.6446906, -33.4703016 ], [ -70.6446897, -33.4702965 ], [ -70.6446913, -33.4702703 ], [ -70.644699, -33.4701421 ], [ -70.6447093, -33.4699686 ], [ -70.644719, -33.469806 ], [ -70.6447286, -33.4696449 ], [ -70.6447766, -33.4696462 ], [ -70.6452062, -33.4696568 ], [ -70.6452067, -33.4696485 ], [ -70.6453011, -33.4696495 ], [ -70.6453815, -33.4696504 ], [ -70.6454201, -33.4696508 ], [ -70.6455487, -33.4696555 ] ] ] } }
]
}
