{
"type": "FeatureCollection",
"name": "PRC_ICH",
"features": [
{ "type": "Feature", "properties": { "INMUEBLES_": 956, "COUNT": 1, "INMUEBLE": null, "NUEVO_NUM": 0 }, "geometry": { "type": "Polygon", "coordinates": [ [ [ -70.63181, -33.452377 ], [ -70.632144, -33.452435 ], [ -70.632108, -33.452556 ], [ -70.631793, -33.452502 ], [ -70.631785, -33.452501 ], [ -70.63157, -33.452463 ], [ -70.631579, -33.452418 ], [ -70.631582, -33.452402 ], [ -70.631583, -33.452399 ], [ -70.631595, -33.452337 ], [ -70.63181, -33.452377 ] ] ] } },
{ "type": "Feature", "properties": { "INMUEBLES_": 985, "COUNT": 1, "INMUEBLE": null, "NUEVO_NUM": 0 }, "geometry": { "type": "Polygon", "coordinates": [ [ [ -70.631809, -33.454105 ], [ -70.631924, -33.454125 ], [ -70.632008, -33.454142 ], [ -70.632091, -33.454156 ], [ -70.632143, -33.454166 ], [ -70.63218, -33.454174 ], [ -70.632283, -33.454193 ], [ -70.63238, -33.454212 ], [ -70.632498, -33.454233 ], [ -70.632475, -33.454312 ], [ -70.632464, -33.45435 ], [ -70.632442, -33.454428 ], [ -70.632325, -33.454407 ], [ -70.632226, -33.454389 ], [ -70.632124, -33.45437 ], [ -70.632054, -33.454356 ], [ -70.632032, -33.454352 ], [ -70.63195, -33.454337 ], [ -70.631869, -33.454322 ], [ -70.631752, -33.454301 ], [ -70.631774, -33.454224 ], [ -70.631786, -33.454185 ], [ -70.631809, -33.454105 ] ] ] } },
{ "type": "Feature", "properties": { "INMUEBLES_": 988, "COUNT": 1, "INMUEBLE": null, "NUEVO_NUM": 0 }, "geometry": { "type": "Polygon", "coordinates": [ [ [ -70.631458, -33.455377 ], [ -70.631485, -33.455279 ], [ -70.631793, -33.455344 ], [ -70.631779, -33.455395 ], [ -70.631693, -33.455376 ], [ -70.631676, -33.455425 ], [ -70.631639, -33.455417 ], [ -70.631458, -33.455377 ] ] ] } },
{ "type": "Feature", "properties": { "INMUEBLES_": 936, "COUNT": 1, "INMUEBLE": null, "NUEVO_NUM": 0 }, "geometry": { "type": "Polygon", "coordinates": [ [ [ -70.633992, -33.451263 ], [ -70.634, -33.451263 ], [ -70.63402, -33.451264 ], [ -70.63407, -33.451266 ], [ -70.634122, -33.451268 ], [ -70.634133, -33.451268 ], [ -70.634194, -33.451271 ], [ -70.634205, -33.451271 ], [ -70.634385, -33.451279 ], [ -70.634373, -33.451326 ], [ -70.634364, -33.451365 ], [ -70.634342, -33.451454 ], [ -70.63434, -33.451462 ], [ -70.634308, -33.451484 ], [ -70.634298, -33.451484 ], [ -70.634184, -33.451484 ], [ -70.634111, -33.451484 ], [ -70.634099, -33.451484 ], [ -70.634044, -33.451485 ], [ -70.633964, -33.451484 ], [ -70.633962, -33.451484 ], [ -70.633992, -33.451263 ] ] ] } },
{ "type": "Feature", "properties": { "INMUEBLES_": 955, "COUNT": 7, "INMUEBLE": null, "NUEVO_NUM": 0 }, "geometry": { "type": "MultiPolygon", "coordinates": [ [ [ [ -70.634538, -33.454271 ], [ -70.634456, -33.454254 ], [ -70.6345, -33.454072 ], [ -70.634582, -33.45409 ], [ -70.634663, -33.454107 ], [ -70.634726, -33.454119 ], [ -70.634748, -33.45415 ], [ -70.634712, -33.454307 ], [ -70.63462, -33.454289 ], [ -70.634538, -33.454271 ] ] ], [ [ [ -70.634621, -33.453911 ], [ -70.634541, -33.453894 ], [ -70.634453, -33.453874 ], [ -70.634498, -33.453697 ], [ -70.634584, -33.453715 ], [ -70.634667, -33.453733 ], [ -70.634749, -33.45375 ], [ -70.634837, -33.453768 ], [ -70.634825, -33.453816 ], [ -70.634801, -33.453923 ], [ -70.634764, -33.453942 ], [ -70.634711, -33.45393 ], [ -70.63471, -33.45393 ], [ -70.634621, -33.453911 ] ] ] ] } },
{ "type": "Feature", "properties": { "INMUEBLES_": 983, "COUNT": 1, "INMUEBLE": null, "NUEVO_NUM": 0 }, "geometry": { "type": "Polygon", "coordinates": [ [ [ -70.634042, -33.455629 ], [ -70.634118, -33.455645 ], [ -70.634126, -33.455647 ], [ -70.634212, -33.455665 ], [ -70.634242, -33.455671 ], [ -70.634299, -33.455683 ], [ -70.634388, -33.455702 ], [ -70.634353, -33.455847 ], [ -70.634204, -33.455816 ], [ -70.634147, -33.455804 ], [ -70.634082, -33.45579 ], [ -70.634049, -33.455783 ], [ -70.633954, -33.455764 ], [ -70.63396, -33.455743 ], [ -70.633972, -33.455695 ], [ -70.633973, -33.455689 ], [ -70.633991, -33.455619 ], [ -70.634042, -33.455629 ] ] ] } },
{ "type": "Feature", "properties": { "INMUEBLES_": 946, "COUNT": 3, "INMUEBLE": null, "NUEVO_NUM": 0 }, "geometry": { "type": "Polygon", "coordinates": [ [ [ -70.636808, -33.452844 ], [ -70.636827, -33.452769 ], [ -70.636872, -33.45259 ], [ -70.637106, -33.452636 ], [ -70.637217, -33.452658 ], [ -70.637509, -33.452718 ], [ -70.637497, -33.452771 ], [ -70.637485, -33.452826 ], [ -70.637474, -33.452882 ], [ -70.637468, -33.452905 ], [ -70.637463, -33.452934 ], [ -70.637452, -33.452988 ], [ -70.637441, -33.453042 ], [ -70.637431, -33.453088 ], [ -70.637329, -33.453065 ], [ -70.637225, -33.453042 ], [ -70.637126, -33.45302 ], [ -70.637029, -33.452998 ], [ -70.636948, -33.45298 ], [ -70.636786, -33.452944 ], [ -70.636808, -33.452844 ] ] ] } },
{ "type": "Feature", "properties": { "INMUEBLES_": 979, "COUNT": 1, "INMUEBLE": null, "NUEVO_NUM": 0 }, "geometry": { "type": "Polygon", "coordinates": [ [ [ -70.637323, -33.454707 ], [ -70.637289, -33.454852 ], [ -70.637018, -33.454804 ], [ -70.637022, -33.454786 ], [ -70.637052, -33.454658 ], [ -70.637144, -33.454675 ], [ -70.637323, -33.454707 ] ] ] } },
{ "type": "Feature", "properties": { "INMUEBLES_": 981, "COUNT": 1, "INMUEBLE": null, "NUEVO_NUM": 0 }, "geometry": { "type": "Polygon", "coordinates": [ [ [ -70.636931, -33.456408 ], [ -70.636917, -33.456471 ], [ -70.636901, -33.456542 ], [ -70.636629, -33.456484 ], [ -70.636645, -33.456414 ], [ -70.636661, -33.456345 ], [ -70.636931, -33.456408 ] ] ] } },
{ "type": "Feature", "properties": { "INMUEBLES_": 982, "COUNT": 1, "INMUEBLE": null, "NUEVO_NUM": 0 }, "geometry": { "type": "Polygon", "coordinates": [ [ [ -70.6363, -33.455993 ], [ -70.636089, -33.455949 ], [ -70.63611, -33.455859 ], [ -70.636147, -33.45584 ], [ -70.636327, -33.455879 ], [ -70.6363, -33.455993 ] ] ] } },
{ "type": "Feature", "properties": { "INMUEBLES_": 945, "COUNT": 1, "INMUEBLE": null, "NUEVO_NUM": 0 }, "geometry": { "type": "Polygon", "coordinates": [ [ [ -70.638273, -33.453018 ], [ -70.638256, -33.453091 ], [ -70.638187, -33.45308 ], [ -70.637919, -33.453033 ], [ -70.637942, -33.452934 ], [ -70.637947, -33.452914 ], [ -70.637967, -33.452917 ], [ -70.637983, -33.452921 ], [ -70.638283, -33.45298 ], [ -70.638273, -33.453018 ] ] ] } },
{ "type": "Feature", "properties": { "INMUEBLES_": 978, "COUNT": 6, "INMUEBLE": null, "NUEVO_NUM": 0 }, "geometry": { "type": "Polygon", "coordinates": [ [ [ -70.63714, -33.456454 ], [ -70.63716, -33.456368 ], [ -70.637179, -33.456282 ], [ -70.6372, -33.456192 ], [ -70.637221, -33.4561 ], [ -70.637257, -33.456079 ], [ -70.637259, -33.456079 ], [ -70.637473, -33.456121 ], [ -70.637444, -33.456237 ], [ -70.637572, -33.456262 ], [ -70.637557, -33.456326 ], [ -70.637474, -33.456309 ], [ -70.637469, -33.45633 ], [ -70.637452, -33.456397 ], [ -70.637447, -33.456416 ], [ -70.637425, -33.456504 ], [ -70.637402, -33.456594 ], [ -70.6374, -33.456602 ], [ -70.637378, -33.456687 ], [ -70.637329, -33.456678 ], [ -70.637217, -33.456655 ], [ -70.6371, -33.45663 ], [ -70.637119, -33.456545 ], [ -70.63714, -33.456454 ] ] ] } },
{ "type": "Feature", "properties": { "INMUEBLES_": 944, "COUNT": 1, "INMUEBLE": null, "NUEVO_NUM": 0 }, "geometry": { "type": "Polygon", "coordinates": [ [ [ -70.640791, -33.453073 ], [ -70.640849, -33.452834 ], [ -70.640857, -33.452824 ], [ -70.640874, -33.452813 ], [ -70.640958, -33.452827 ], [ -70.640894, -33.453092 ], [ -70.640791, -33.453073 ] ] ] } },
{ "type": "Feature", "properties": { "INMUEBLES_": 973, "COUNT": 9, "INMUEBLE": null, "NUEVO_NUM": 0 }, "geometry": { "type": "Polygon", "coordinates": [ [ [ -70.640025, -33.45603 ], [ -70.640044, -33.455956 ], [ -70.640067, -33.455868 ], [ -70.640127, -33.455879 ], [ -70.640123, -33.455897 ], [ -70.640451, -33.455959 ], [ -70.640445, -33.455982 ], [ -70.640432, -33.456032 ], [ -70.640429, -33.456042 ], [ -70.640416, -33.456093 ], [ -70.640402, -33.456144 ], [ -70.640393, -33.456176 ], [ -70.640383, -33.456215 ], [ -70.64037, -33.456261 ], [ -70.640349, -33.456337 ], [ -70.640331, -33.456403 ], [ -70.640311, -33.456477 ], [ -70.640132, -33.456445 ], [ -70.640101, -33.456439 ], [ -70.639956, -33.456413 ], [ -70.639955, -33.456411 ], [ -70.639932, -33.456382 ], [ -70.639946, -33.456328 ], [ -70.639966, -33.456253 ], [ -70.639986, -33.456179 ], [ -70.640007, -33.4561 ], [ -70.640025, -33.45603 ] ] ] } },
{ "type": "Feature", "properties": { "INMUEBLES_": 974, "COUNT": 3, "INMUEBLE": null, "NUEVO_NUM": 0 }, "geometry": { "type": "Polygon", "coordinates": [ [ [ -70.640784, -33.457248 ], [ -70.640833, -33.457259 ], [ -70.640914, -33.457277 ], [ -70.640972, -33.457289 ], [ -70.640954, -33.457365 ], [ -70.64103, -33.457381 ], [ -70.640976, -33.4576 ], [ -70.640939, -33.45762 ], [ -70.640898, -33.45761 ], [ -70.640828, -33.457596 ], [ -70.640828, -33.457597 ], [ -70.640737, -33.457578 ], [ -70.640634, -33.457556 ], [ -70.640726, -33.457236 ], [ -70.640784, -33.457248 ] ] ] } },
{ "type": "Feature", "properties": { "INMUEBLES_": 954, "COUNT": 23, "INMUEBLE": null, "NUEVO_NUM": 0 }, "geometry": { "type": "Polygon", "coordinates": [ [ [ -70.642356, -33.454568 ], [ -70.642687, -33.454603 ], [ -70.642662, -33.454736 ], [ -70.642634, -33.454882 ], [ -70.642615, -33.45498 ], [ -70.642598, -33.455068 ], [ -70.642599, -33.455068 ], [ -70.642582, -33.455158 ], [ -70.642581, -33.455157 ], [ -70.642563, -33.455246 ], [ -70.642564, -33.455246 ], [ -70.642521, -33.455479 ], [ -70.642484, -33.4555 ], [ -70.642433, -33.455491 ], [ -70.642347, -33.455475 ], [ -70.642264, -33.455458 ], [ -70.64218, -33.455442 ], [ -70.642096, -33.455425 ], [ -70.642012, -33.455409 ], [ -70.641928, -33.455393 ], [ -70.641847, -33.455377 ], [ -70.641792, -33.455366 ], [ -70.641768, -33.455334 ], [ -70.641829, -33.455102 ], [ -70.641843, -33.455045 ], [ -70.641859, -33.454979 ], [ -70.641859, -33.454979 ], [ -70.641877, -33.454911 ], [ -70.641895, -33.454842 ], [ -70.641912, -33.454774 ], [ -70.642247, -33.454844 ], [ -70.642283, -33.45485 ], [ -70.642306, -33.454761 ], [ -70.642325, -33.454685 ], [ -70.642333, -33.454655 ], [ -70.642356, -33.454568 ] ] ] } },
{ "type": "Feature", "properties": { "INMUEBLES_": 953, "COUNT": 1, "INMUEBLE": null, "NUEVO_NUM": 0 }, "geometry": { "type": "Polygon", "coordinates": [ [ [ -70.642715, -33.455306 ], [ -70.642804, -33.455317 ], [ -70.642792, -33.455368 ], [ -70.642788, -33.455384 ], [ -70.642745, -33.455542 ], [ -70.642743, -33.455551 ], [ -70.642699, -33.455542 ], [ -70.642677, -33.455508 ], [ -70.642702, -33.455374 ], [ -70.642715, -33.455306 ] ] ] } },
{ "type": "Feature", "properties": { "INMUEBLES_": 972, "COUNT": 1, "INMUEBLE": null, "NUEVO_NUM": 0 }, "geometry": { "type": "Polygon", "coordinates": [ [ [ -70.641452, -33.457308 ], [ -70.641358, -33.457708 ], [ -70.641183, -33.457672 ], [ -70.641183, -33.457672 ], [ -70.641176, -33.45767 ], [ -70.641173, -33.457669 ], [ -70.641169, -33.457667 ], [ -70.641165, -33.457665 ], [ -70.641162, -33.457662 ], [ -70.64116, -33.457658 ], [ -70.641159, -33.457654 ], [ -70.641159, -33.45765 ], [ -70.641159, -33.457646 ], [ -70.641159, -33.457641 ], [ -70.641258, -33.457265 ], [ -70.641452, -33.457308 ] ] ] } },
{ "type": "Feature", "properties": { "INMUEBLES_": 951, "COUNT": 3, "INMUEBLE": null, "NUEVO_NUM": 0 }, "geometry": { "type": "Polygon", "coordinates": [ [ [ -70.646244, -33.455363 ], [ -70.646259, -33.455294 ], [ -70.646263, -33.455272 ], [ -70.646274, -33.455219 ], [ -70.646678, -33.455301 ], [ -70.646668, -33.455333 ], [ -70.646651, -33.455386 ], [ -70.646638, -33.455428 ], [ -70.646633, -33.455445 ], [ -70.646625, -33.455472 ], [ -70.646607, -33.455528 ], [ -70.646583, -33.455605 ], [ -70.646519, -33.455594 ], [ -70.6462, -33.455552 ], [ -70.646223, -33.455456 ], [ -70.646244, -33.455363 ] ] ] } },
{ "type": "Feature", "properties": { "INMUEBLES_": 943, "COUNT": 4, "INMUEBLE": null, "NUEVO_NUM": 0 }, "geometry": { "type": "Polygon", "coordinates": [ [ [ -70.647819, -33.45498 ], [ -70.64802, -33.455016 ], [ -70.647997, -33.455119 ], [ -70.647961, -33.455137 ], [ -70.64796, -33.455137 ], [ -70.647881, -33.45512 ], [ -70.647784, -33.4551 ], [ -70.647819, -33.45498 ] ] ] } },
{ "type": "Feature", "properties": { "INMUEBLES_": 970, "COUNT": 8, "INMUEBLE": null, "NUEVO_NUM": 0 }, "geometry": { "type": "MultiPolygon", "coordinates": [ [ [ [ -70.647354, -33.458245 ], [ -70.647009, -33.458176 ], [ -70.647107, -33.457753 ], [ -70.647131, -33.457739 ], [ -70.647416, -33.457796 ], [ -70.64744, -33.457826 ], [ -70.647354, -33.458245 ] ] ], [ [ [ -70.646974, -33.457708 ], [ -70.647062, -33.457725 ], [ -70.647079, -33.457746 ], [ -70.647062, -33.457819 ], [ -70.647049, -33.457872 ], [ -70.647035, -33.457932 ], [ -70.647021, -33.457993 ], [ -70.647007, -33.458057 ], [ -70.646992, -33.458118 ], [ -70.64698, -33.45817 ], [ -70.646864, -33.458149 ], [ -70.646878, -33.458095 ], [ -70.646894, -33.458034 ], [ -70.646909, -33.45797 ], [ -70.646923, -33.45791 ], [ -70.646938, -33.457851 ], [ -70.646952, -33.457797 ], [ -70.646974, -33.457708 ] ] ] ] } },
{ "type": "Feature", "properties": { "INMUEBLES_": 950, "COUNT": 18, "INMUEBLE": null, "NUEVO_NUM": 0 }, "geometry": { "type": "MultiPolygon", "coordinates": [ [ [ [ -70.648349, -33.456143 ], [ -70.648361, -33.456078 ], [ -70.648372, -33.456012 ], [ -70.648394, -33.456015 ], [ -70.648486, -33.456027 ], [ -70.648474, -33.456093 ], [ -70.648466, -33.456157 ], [ -70.648456, -33.456221 ], [ -70.648446, -33.456287 ], [ -70.648437, -33.456351 ], [ -70.648428, -33.456413 ], [ -70.64842, -33.456472 ], [ -70.648411, -33.456533 ], [ -70.648397, -33.456634 ], [ -70.648391, -33.456633 ], [ -70.648328, -33.456623 ], [ -70.648344, -33.456522 ], [ -70.648341, -33.456522 ], [ -70.648282, -33.456512 ], [ -70.648287, -33.456482 ], [ -70.648293, -33.456452 ], [ -70.648304, -33.456396 ], [ -70.648314, -33.456337 ], [ -70.648326, -33.456272 ], [ -70.648338, -33.456207 ], [ -70.648349, -33.456143 ] ] ], [ [ [ -70.648501, -33.456161 ], [ -70.648511, -33.456095 ], [ -70.648522, -33.456031 ], [ -70.648636, -33.456047 ], [ -70.648759, -33.456063 ], [ -70.648729, -33.456254 ], [ -70.648709, -33.456386 ], [ -70.64869, -33.456518 ], [ -70.648667, -33.456654 ], [ -70.648632, -33.456673 ], [ -70.64858, -33.456666 ], [ -70.648505, -33.456654 ], [ -70.648502, -33.456653 ], [ -70.648432, -33.456642 ], [ -70.648427, -33.456641 ], [ -70.648427, -33.45664 ], [ -70.648443, -33.45654 ], [ -70.648453, -33.456475 ], [ -70.648462, -33.456415 ], [ -70.648472, -33.456354 ], [ -70.648481, -33.45629 ], [ -70.64849, -33.456224 ], [ -70.648501, -33.456161 ] ] ] ] } },
{ "type": "Feature", "properties": { "INMUEBLES_": 969, "COUNT": 1, "INMUEBLE": null, "NUEVO_NUM": 0 }, "geometry": { "type": "Polygon", "coordinates": [ [ [ -70.6475, -33.45845 ], [ -70.648189, -33.458571 ], [ -70.648152, -33.458997 ], [ -70.64813, -33.459121 ], [ -70.64813, -33.459123 ], [ -70.648048, -33.459107 ], [ -70.647995, -33.459096 ], [ -70.647995, -33.459097 ], [ -70.647939, -33.459085 ], [ -70.647939, -33.459085 ], [ -70.647877, -33.459073 ], [ -70.647705, -33.459037 ], [ -70.647694, -33.459035 ], [ -70.647653, -33.459026 ], [ -70.647643, -33.459024 ], [ -70.647592, -33.459014 ], [ -70.647581, -33.459012 ], [ -70.647541, -33.459004 ], [ -70.647507, -33.458996 ], [ -70.647462, -33.458987 ], [ -70.647452, -33.458985 ], [ -70.647373, -33.458969 ], [ -70.647371, -33.458968 ], [ -70.64737, -33.458968 ], [ -70.647364, -33.458966 ], [ -70.647342, -33.458935 ], [ -70.647382, -33.458737 ], [ -70.647404, -33.458637 ], [ -70.647405, -33.458636 ], [ -70.647406, -33.45863 ], [ -70.647405, -33.45863 ], [ -70.64741, -33.458599 ], [ -70.647411, -33.458599 ], [ -70.647417, -33.45857 ], [ -70.647417, -33.45857 ], [ -70.647424, -33.458541 ], [ -70.647424, -33.458541 ], [ -70.647434, -33.458485 ], [ -70.647435, -33.458484 ], [ -70.64744, -33.458459 ], [ -70.647441, -33.458458 ], [ -70.647462, -33.458448 ], [ -70.647463, -33.458447 ], [ -70.647465, -33.458446 ], [ -70.647468, -33.458446 ], [ -70.6475, -33.45845 ] ] ] } },
{ "type": "Feature", "properties": { "INMUEBLES_": 963, "COUNT": 1, "INMUEBLE": null, "NUEVO_NUM": 0 }, "geometry": { "type": "Polygon", "coordinates": [ [ [ -70.648446, -33.457777 ], [ -70.648502, -33.457787 ], [ -70.648515, -33.45779 ], [ -70.648549, -33.457796 ], [ -70.648563, -33.457798 ], [ -70.648646, -33.457812 ], [ -70.648757, -33.457832 ], [ -70.648779, -33.457836 ], [ -70.648811, -33.457841 ], [ -70.64883, -33.457845 ], [ -70.648849, -33.457848 ], [ -70.648851, -33.457848 ], [ -70.648873, -33.457852 ], [ -70.648882, -33.457854 ], [ -70.64889, -33.457855 ], [ -70.648914, -33.457859 ], [ -70.648927, -33.457862 ], [ -70.648952, -33.457866 ], [ -70.648957, -33.457867 ], [ -70.648974, -33.45787 ], [ -70.648988, -33.457872 ], [ -70.648996, -33.457874 ], [ -70.649018, -33.457878 ], [ -70.649033, -33.45788 ], [ -70.649058, -33.457885 ], [ -70.649072, -33.457887 ], [ -70.64909, -33.45789 ], [ -70.649179, -33.457906 ], [ -70.649184, -33.457907 ], [ -70.649236, -33.457916 ], [ -70.649285, -33.457923 ], [ -70.649274, -33.457989 ], [ -70.649269, -33.458016 ], [ -70.649263, -33.458051 ], [ -70.649263, -33.458051 ], [ -70.649259, -33.458077 ], [ -70.649258, -33.458077 ], [ -70.649258, -33.458079 ], [ -70.649166, -33.458066 ], [ -70.649083, -33.458052 ], [ -70.649076, -33.45805 ], [ -70.649042, -33.458044 ], [ -70.649035, -33.458043 ], [ -70.649025, -33.458041 ], [ -70.649022, -33.458041 ], [ -70.649001, -33.458037 ], [ -70.648995, -33.458036 ], [ -70.648973, -33.458032 ], [ -70.64896, -33.45803 ], [ -70.648949, -33.458028 ], [ -70.648941, -33.458026 ], [ -70.648917, -33.458022 ], [ -70.648893, -33.458018 ], [ -70.648876, -33.458015 ], [ -70.648867, -33.458013 ], [ -70.648859, -33.458012 ], [ -70.648836, -33.458008 ], [ -70.648811, -33.458003 ], [ -70.648793, -33.458 ], [ -70.648787, -33.457999 ], [ -70.648773, -33.457996 ], [ -70.648755, -33.457993 ], [ -70.648726, -33.457988 ], [ -70.648712, -33.457986 ], [ -70.648674, -33.457979 ], [ -70.64863, -33.457971 ], [ -70.648612, -33.457968 ], [ -70.64859, -33.457964 ], [ -70.648548, -33.457956 ], [ -70.64853, -33.457953 ], [ -70.648506, -33.457949 ], [ -70.648482, -33.457945 ], [ -70.648469, -33.457942 ], [ -70.648461, -33.457941 ], [ -70.648423, -33.457934 ], [ -70.648427, -33.457908 ], [ -70.648429, -33.457897 ], [ -70.648446, -33.457777 ] ] ] } },
{ "type": "Feature", "properties": { "INMUEBLES_": 964, "COUNT": 1, "INMUEBLE": null, "NUEVO_NUM": 0 }, "geometry": { "type": "Polygon", "coordinates": [ [ [ -70.648646, -33.457812 ], [ -70.648649, -33.457786 ], [ -70.64865, -33.457775 ], [ -70.648657, -33.457728 ], [ -70.648657, -33.457722 ], [ -70.64869, -33.457728 ], [ -70.648745, -33.457737 ], [ -70.64876, -33.45774 ], [ -70.648792, -33.457745 ], [ -70.648804, -33.457747 ], [ -70.648839, -33.457754 ], [ -70.648856, -33.457756 ], [ -70.648871, -33.457759 ], [ -70.648916, -33.457767 ], [ -70.648951, -33.457773 ], [ -70.648967, -33.457776 ], [ -70.64898, -33.457778 ], [ -70.649022, -33.457785 ], [ -70.64906, -33.457792 ], [ -70.649075, -33.457794 ], [ -70.649141, -33.457806 ], [ -70.649159, -33.457809 ], [ -70.6493, -33.45783 ], [ -70.649298, -33.457837 ], [ -70.649297, -33.457837 ], [ -70.649292, -33.457864 ], [ -70.649294, -33.457864 ], [ -70.649292, -33.457873 ], [ -70.649291, -33.457873 ], [ -70.649284, -33.457916 ], [ -70.649285, -33.457916 ], [ -70.649285, -33.457923 ], [ -70.649236, -33.457916 ], [ -70.649184, -33.457907 ], [ -70.649179, -33.457906 ], [ -70.64909, -33.45789 ], [ -70.649072, -33.457887 ], [ -70.649058, -33.457885 ], [ -70.649033, -33.45788 ], [ -70.649018, -33.457878 ], [ -70.648996, -33.457874 ], [ -70.648988, -33.457872 ], [ -70.648974, -33.45787 ], [ -70.648957, -33.457867 ], [ -70.648952, -33.457866 ], [ -70.648927, -33.457862 ], [ -70.648914, -33.457859 ], [ -70.64889, -33.457855 ], [ -70.648882, -33.457854 ], [ -70.648873, -33.457852 ], [ -70.648851, -33.457848 ], [ -70.648849, -33.457848 ], [ -70.64883, -33.457845 ], [ -70.648811, -33.457841 ], [ -70.648779, -33.457836 ], [ -70.648757, -33.457832 ], [ -70.648646, -33.457812 ] ] ] } },
{ "type": "Feature", "properties": { "INMUEBLES_": 965, "COUNT": 1, "INMUEBLE": null, "NUEVO_NUM": 0 }, "geometry": { "type": "Polygon", "coordinates": [ [ [ -70.648534, -33.457476 ], [ -70.649334, -33.457622 ], [ -70.649316, -33.457725 ], [ -70.649149, -33.457698 ], [ -70.648513, -33.457585 ], [ -70.648525, -33.457521 ], [ -70.648534, -33.457476 ] ] ] } },
{ "type": "Feature", "properties": { "INMUEBLES_": 966, "COUNT": 1, "INMUEBLE": null, "NUEVO_NUM": 0 }, "geometry": { "type": "Polygon", "coordinates": [ [ [ -70.648587, -33.457194 ], [ -70.648625, -33.457201 ], [ -70.64865, -33.457205 ], [ -70.648776, -33.457226 ], [ -70.648795, -33.457229 ], [ -70.648841, -33.457237 ], [ -70.648878, -33.457243 ], [ -70.648903, -33.457247 ], [ -70.648921, -33.45725 ], [ -70.648966, -33.457258 ], [ -70.649004, -33.457264 ], [ -70.64903, -33.457268 ], [ -70.649048, -33.457271 ], [ -70.649092, -33.457278 ], [ -70.649131, -33.457285 ], [ -70.649153, -33.457289 ], [ -70.649173, -33.457292 ], [ -70.649216, -33.457299 ], [ -70.649384, -33.457331 ], [ -70.649376, -33.457374 ], [ -70.64937, -33.457408 ], [ -70.649371, -33.457408 ], [ -70.64937, -33.457409 ], [ -70.649371, -33.457409 ], [ -70.64937, -33.457412 ], [ -70.649367, -33.457433 ], [ -70.649359, -33.457478 ], [ -70.649352, -33.457522 ], [ -70.649182, -33.457494 ], [ -70.649114, -33.457483 ], [ -70.649053, -33.457473 ], [ -70.649013, -33.457466 ], [ -70.64901, -33.457484 ], [ -70.648985, -33.457481 ], [ -70.648978, -33.45748 ], [ -70.648971, -33.457507 ], [ -70.648913, -33.457498 ], [ -70.648854, -33.457488 ], [ -70.648788, -33.457478 ], [ -70.648724, -33.457468 ], [ -70.648711, -33.457466 ], [ -70.648671, -33.457459 ], [ -70.648664, -33.457458 ], [ -70.6486, -33.457448 ], [ -70.648541, -33.457439 ], [ -70.648548, -33.457398 ], [ -70.648559, -33.457341 ], [ -70.648566, -33.457304 ], [ -70.648571, -33.457278 ], [ -70.648581, -33.457221 ], [ -70.648587, -33.457194 ] ] ] } },
{ "type": "Feature", "properties": { "INMUEBLES_": 967, "COUNT": 20, "INMUEBLE": null, "NUEVO_NUM": 0 }, "geometry": { "type": "MultiPolygon", "coordinates": [ [ [ [ -70.648157, -33.457026 ], [ -70.648163, -33.457 ], [ -70.64817, -33.45697 ], [ -70.648173, -33.456958 ], [ -70.648183, -33.456914 ], [ -70.648265, -33.456929 ], [ -70.648365, -33.456948 ], [ -70.648376, -33.456965 ], [ -70.648367, -33.457006 ], [ -70.648355, -33.457062 ], [ -70.648341, -33.457122 ], [ -70.648328, -33.457182 ], [ -70.648315, -33.457242 ], [ -70.648302, -33.457301 ], [ -70.648289, -33.45736 ], [ -70.648276, -33.45742 ], [ -70.648263, -33.45748 ], [ -70.648251, -33.457538 ], [ -70.648048, -33.457503 ], [ -70.648062, -33.457442 ], [ -70.648075, -33.457383 ], [ -70.648078, -33.457373 ], [ -70.64809, -33.457322 ], [ -70.64809, -33.457319 ], [ -70.648097, -33.457289 ], [ -70.648102, -33.457266 ], [ -70.648103, -33.457263 ], [ -70.648115, -33.45721 ], [ -70.648116, -33.457204 ], [ -70.648128, -33.457153 ], [ -70.648128, -33.457153 ], [ -70.64813, -33.457145 ], [ -70.64814, -33.4571 ], [ -70.648143, -33.457087 ], [ -70.648146, -33.457075 ], [ -70.648152, -33.457047 ], [ -70.648157, -33.457026 ] ] ], [ [ [ -70.648595, -33.457161 ], [ -70.648587, -33.457194 ], [ -70.648581, -33.457221 ], [ -70.648571, -33.457278 ], [ -70.648566, -33.457304 ], [ -70.648559, -33.457341 ], [ -70.648548, -33.457398 ], [ -70.648541, -33.457439 ], [ -70.648537, -33.45746 ], [ -70.648534, -33.457476 ], [ -70.648525, -33.457521 ], [ -70.648513, -33.457585 ], [ -70.648476, -33.457577 ], [ -70.648306, -33.457547 ], [ -70.648317, -33.457488 ], [ -70.648329, -33.457428 ], [ -70.648341, -33.45737 ], [ -70.648354, -33.45731 ], [ -70.648366, -33.457251 ], [ -70.648378, -33.45719 ], [ -70.648391, -33.45713 ], [ -70.648403, -33.45707 ], [ -70.648415, -33.457013 ], [ -70.648424, -33.456968 ], [ -70.648436, -33.456961 ], [ -70.64852, -33.456974 ], [ -70.648635, -33.45699 ], [ -70.648631, -33.457007 ], [ -70.648622, -33.457043 ], [ -70.648617, -33.457064 ], [ -70.648609, -33.4571 ], [ -70.648595, -33.457161 ] ] ] ] } },
{ "type": "Feature", "properties": { "INMUEBLES_": 968, "COUNT": 21, "INMUEBLE": null, "NUEVO_NUM": 0 }, "geometry": { "type": "Polygon", "coordinates": [ [ [ -70.648173, -33.456958 ], [ -70.64817, -33.45697 ], [ -70.648163, -33.457 ], [ -70.648157, -33.457026 ], [ -70.648152, -33.457047 ], [ -70.647996, -33.457019 ], [ -70.647884, -33.456999 ], [ -70.647797, -33.456982 ], [ -70.647806, -33.456938 ], [ -70.647816, -33.456894 ], [ -70.647825, -33.456849 ], [ -70.647834, -33.456806 ], [ -70.647844, -33.456763 ], [ -70.647855, -33.456709 ], [ -70.647891, -33.456688 ], [ -70.647943, -33.456697 ], [ -70.647994, -33.456706 ], [ -70.648039, -33.456714 ], [ -70.648058, -33.456717 ], [ -70.648101, -33.456724 ], [ -70.648158, -33.456734 ], [ -70.648222, -33.456745 ], [ -70.648201, -33.456834 ], [ -70.648193, -33.456872 ], [ -70.648183, -33.456914 ], [ -70.648173, -33.456958 ] ] ] } },
{ "type": "Feature", "properties": { "INMUEBLES_": 959, "COUNT": 1, "INMUEBLE": null, "NUEVO_NUM": 0 }, "geometry": { "type": "Polygon", "coordinates": [ [ [ -70.649679, -33.45872 ], [ -70.649696, -33.45872 ], [ -70.649744, -33.45872 ], [ -70.649732, -33.458914 ], [ -70.649785, -33.458919 ], [ -70.649835, -33.458924 ], [ -70.649891, -33.458929 ], [ -70.649944, -33.458933 ], [ -70.649996, -33.458938 ], [ -70.650045, -33.458941 ], [ -70.650056, -33.458724 ], [ -70.650056, -33.458721 ], [ -70.650102, -33.458721 ], [ -70.650102, -33.458724 ], [ -70.650094, -33.458955 ], [ -70.650118, -33.458956 ], [ -70.650093, -33.459136 ], [ -70.649946, -33.459125 ], [ -70.649458, -33.459081 ], [ -70.649467, -33.459008 ], [ -70.649328, -33.458996 ], [ -70.649325, -33.458996 ], [ -70.649334, -33.45894 ], [ -70.649336, -33.458941 ], [ -70.649337, -33.458941 ], [ -70.649473, -33.458952 ], [ -70.649481, -33.458894 ], [ -70.649504, -33.458895 ], [ -70.649508, -33.458866 ], [ -70.649563, -33.458871 ], [ -70.649563, -33.458861 ], [ -70.649589, -33.458863 ], [ -70.649677, -33.45887 ], [ -70.649679, -33.45872 ] ] ] } },
{ "type": "Feature", "properties": { "INMUEBLES_": 960, "COUNT": 1, "INMUEBLE": null, "NUEVO_NUM": 0 }, "geometry": { "type": "Polygon", "coordinates": [ [ [ -70.650093, -33.459136 ], [ -70.650327, -33.459154 ], [ -70.650309, -33.459339 ], [ -70.650297, -33.459456 ], [ -70.649706, -33.459387 ], [ -70.649716, -33.459326 ], [ -70.649709, -33.459325 ], [ -70.649716, -33.459214 ], [ -70.649933, -33.459235 ], [ -70.649946, -33.459125 ], [ -70.650093, -33.459136 ] ] ] } },
{ "type": "Feature", "properties": { "INMUEBLES_": 941, "COUNT": 9, "INMUEBLE": null, "NUEVO_NUM": 0 }, "geometry": { "type": "MultiPolygon", "coordinates": [ [ [ [ -70.651948, -33.45567 ], [ -70.651806, -33.455653 ], [ -70.651832, -33.455512 ], [ -70.651976, -33.45553 ], [ -70.652187, -33.455553 ], [ -70.652247, -33.45556 ], [ -70.652236, -33.455632 ], [ -70.652229, -33.455678 ], [ -70.652194, -33.4557 ], [ -70.652165, -33.455697 ], [ -70.651948, -33.45567 ] ] ], [ [ [ -70.652129, -33.455516 ], [ -70.652055, -33.455508 ], [ -70.651983, -33.4555 ], [ -70.65191, -33.455491 ], [ -70.651838, -33.455482 ], [ -70.651861, -33.455342 ], [ -70.651934, -33.45535 ], [ -70.652007, -33.455357 ], [ -70.65208, -33.455365 ], [ -70.652152, -33.455372 ], [ -70.652191, -33.455376 ], [ -70.652215, -33.455379 ], [ -70.652274, -33.455386 ], [ -70.652264, -33.455456 ], [ -70.652252, -33.455529 ], [ -70.652192, -33.455523 ], [ -70.652129, -33.455516 ] ] ] ] } },
{ "type": "Feature", "properties": { "INMUEBLES_": 942, "COUNT": 1, "INMUEBLE": null, "NUEVO_NUM": 0 }, "geometry": { "type": "Polygon", "coordinates": [ [ [ -70.651484, -33.454909 ], [ -70.651492, -33.454851 ], [ -70.651499, -33.454798 ], [ -70.651503, -33.454769 ], [ -70.65151, -33.454713 ], [ -70.651518, -33.454656 ], [ -70.651535, -33.454512 ], [ -70.651569, -33.454487 ], [ -70.651633, -33.454488 ], [ -70.651711, -33.45449 ], [ -70.651785, -33.454491 ], [ -70.651868, -33.454492 ], [ -70.65195, -33.454494 ], [ -70.65195, -33.45465 ], [ -70.65195, -33.454675 ], [ -70.651946, -33.454784 ], [ -70.651943, -33.454945 ], [ -70.651879, -33.454941 ], [ -70.651844, -33.454939 ], [ -70.651821, -33.454937 ], [ -70.65177, -33.454933 ], [ -70.651715, -33.454929 ], [ -70.651484, -33.454909 ] ] ] } },
{ "type": "Feature", "properties": { "INMUEBLES_": 948, "COUNT": 25, "INMUEBLE": null, "NUEVO_NUM": 0 }, "geometry": { "type": "MultiPolygon", "coordinates": [ [ [ [ -70.651748, -33.45595 ], [ -70.651752, -33.455919 ], [ -70.651768, -33.455787 ], [ -70.651851, -33.455797 ], [ -70.65194, -33.455807 ], [ -70.651931, -33.455891 ], [ -70.651925, -33.455942 ], [ -70.651922, -33.45597 ], [ -70.651911, -33.456064 ], [ -70.651737, -33.456047 ], [ -70.651748, -33.45595 ] ] ], [ [ [ -70.6515, -33.455934 ], [ -70.651507, -33.455886 ], [ -70.651508, -33.45588 ], [ -70.651512, -33.455851 ], [ -70.651526, -33.455757 ], [ -70.6516, -33.455766 ], [ -70.651685, -33.455776 ], [ -70.65167, -33.455907 ], [ -70.651664, -33.455953 ], [ -70.651654, -33.456044 ], [ -70.651643, -33.456135 ], [ -70.651632, -33.456224 ], [ -70.651626, -33.456275 ], [ -70.651621, -33.456322 ], [ -70.651615, -33.45637 ], [ -70.651609, -33.456418 ], [ -70.651603, -33.456465 ], [ -70.651598, -33.456511 ], [ -70.651592, -33.456561 ], [ -70.651586, -33.456607 ], [ -70.651581, -33.456655 ], [ -70.651415, -33.456637 ], [ -70.651252, -33.456618 ], [ -70.651273, -33.456475 ], [ -70.651312, -33.456188 ], [ -70.651466, -33.456204 ], [ -70.651476, -33.456116 ], [ -70.651487, -33.45603 ], [ -70.6515, -33.455934 ] ] ] ] } },
{ "type": "Feature", "properties": { "INMUEBLES_": 940, "COUNT": 10, "INMUEBLE": null, "NUEVO_NUM": 0 }, "geometry": { "type": "Polygon", "coordinates": [ [ [ -70.652837, -33.454881 ], [ -70.652849, -33.454787 ], [ -70.652859, -33.454708 ], [ -70.652856, -33.454708 ], [ -70.652761, -33.454705 ], [ -70.652662, -33.454703 ], [ -70.652546, -33.4547 ], [ -70.652551, -33.454664 ], [ -70.652569, -33.454535 ], [ -70.652604, -33.454511 ], [ -70.652681, -33.454513 ], [ -70.652778, -33.454516 ], [ -70.652877, -33.454519 ], [ -70.652974, -33.454521 ], [ -70.653072, -33.454524 ], [ -70.653147, -33.454526 ], [ -70.653175, -33.454554 ], [ -70.653156, -33.454682 ], [ -70.653154, -33.454716 ], [ -70.653143, -33.454796 ], [ -70.65313, -33.454889 ], [ -70.653118, -33.454982 ], [ -70.653103, -33.455096 ], [ -70.652812, -33.455068 ], [ -70.652819, -33.455018 ], [ -70.652825, -33.454973 ], [ -70.652837, -33.454881 ] ] ] } },
{ "type": "Feature", "properties": { "INMUEBLES_": 938, "COUNT": 29, "INMUEBLE": null, "NUEVO_NUM": 0 }, "geometry": { "type": "MultiPolygon", "coordinates": [ [ [ [ -70.653389, -33.454805 ], [ -70.65348, -33.454807 ], [ -70.653551, -33.454809 ], [ -70.653577, -33.454831 ], [ -70.653562, -33.454925 ], [ -70.65355, -33.454996 ], [ -70.65354, -33.455056 ], [ -70.65353, -33.455118 ], [ -70.65352, -33.455177 ], [ -70.653595, -33.455185 ], [ -70.653603, -33.45513 ], [ -70.653614, -33.455062 ], [ -70.653624, -33.454995 ], [ -70.653635, -33.454926 ], [ -70.65365, -33.454832 ], [ -70.653675, -33.454812 ], [ -70.653724, -33.454813 ], [ -70.653788, -33.454815 ], [ -70.653907, -33.454818 ], [ -70.65393, -33.45484 ], [ -70.653928, -33.454857 ], [ -70.653922, -33.454902 ], [ -70.653917, -33.454947 ], [ -70.653911, -33.454993 ], [ -70.653906, -33.455036 ], [ -70.653901, -33.45508 ], [ -70.65389, -33.455168 ], [ -70.653884, -33.455217 ], [ -70.653868, -33.455329 ], [ -70.653853, -33.455341 ], [ -70.653758, -33.455328 ], [ -70.653672, -33.455319 ], [ -70.653585, -33.455309 ], [ -70.653527, -33.455303 ], [ -70.653523, -33.455327 ], [ -70.653521, -33.455346 ], [ -70.65358, -33.455352 ], [ -70.653667, -33.455362 ], [ -70.653753, -33.455371 ], [ -70.653848, -33.45538 ], [ -70.653861, -33.455393 ], [ -70.653846, -33.455508 ], [ -70.653835, -33.455597 ], [ -70.65383, -33.455641 ], [ -70.653819, -33.455729 ], [ -70.65367, -33.455712 ], [ -70.653651, -33.45571 ], [ -70.653521, -33.455696 ], [ -70.653478, -33.455692 ], [ -70.653416, -33.455685 ], [ -70.653396, -33.455847 ], [ -70.653191, -33.455821 ], [ -70.653166, -33.455791 ], [ -70.65319, -33.455635 ], [ -70.653259, -33.455145 ], [ -70.653264, -33.455102 ], [ -70.653269, -33.45506 ], [ -70.653275, -33.455013 ], [ -70.653281, -33.454964 ], [ -70.653286, -33.454921 ], [ -70.653298, -33.454822 ], [ -70.653325, -33.454804 ], [ -70.653389, -33.454805 ] ] ], [ [ [ -70.653798, -33.45466 ], [ -70.653872, -33.454661 ], [ -70.653951, -33.454663 ], [ -70.65394, -33.454755 ], [ -70.653914, -33.454774 ], [ -70.653864, -33.454773 ], [ -70.653788, -33.454772 ], [ -70.653715, -33.454769 ], [ -70.65364, -33.454767 ], [ -70.653564, -33.454765 ], [ -70.653489, -33.454763 ], [ -70.653414, -33.454761 ], [ -70.653333, -33.454759 ], [ -70.653339, -33.454647 ], [ -70.653423, -33.45465 ], [ -70.653495, -33.454652 ], [ -70.653572, -33.454654 ], [ -70.653647, -33.454655 ], [ -70.653723, -33.454658 ], [ -70.653798, -33.45466 ] ] ] ] } },
{ "type": "Feature", "properties": { "INMUEBLES_": 958, "COUNT": 1, "INMUEBLE": null, "NUEVO_NUM": 0 }, "geometry": { "type": "Polygon", "coordinates": [ [ [ -70.654675, -33.459929 ], [ -70.654759, -33.459936 ], [ -70.654809, -33.45994 ], [ -70.654874, -33.459945 ], [ -70.654865, -33.460065 ], [ -70.654757, -33.460052 ], [ -70.65466, -33.460041 ], [ -70.654675, -33.459929 ] ] ] } },
{ "type": "Feature", "properties": { "INMUEBLES_": 1174, "COUNT": 81, "INMUEBLE": null, "NUEVO_NUM": 0 }, "geometry": { "type": "MultiPolygon", "coordinates": [ [ [ [ -70.652444, -33.4695 ], [ -70.652435, -33.46957 ], [ -70.65233, -33.469559 ], [ -70.652302, -33.469531 ], [ -70.652307, -33.469488 ], [ -70.652314, -33.469428 ], [ -70.652321, -33.469368 ], [ -70.652328, -33.469308 ], [ -70.652335, -33.469247 ], [ -70.652343, -33.469187 ], [ -70.652347, -33.469143 ], [ -70.652381, -33.46912 ], [ -70.652508, -33.469134 ], [ -70.652569, -33.46914 ], [ -70.65264, -33.469148 ], [ -70.652704, -33.469155 ], [ -70.652769, -33.469162 ], [ -70.652835, -33.469169 ], [ -70.6529, -33.469176 ], [ -70.652965, -33.469183 ], [ -70.65303, -33.46919 ], [ -70.653098, -33.469197 ], [ -70.65316, -33.469204 ], [ -70.653226, -33.469211 ], [ -70.653275, -33.469216 ], [ -70.653302, -33.469245 ], [ -70.653291, -33.469361 ], [ -70.653286, -33.46942 ], [ -70.653281, -33.469476 ], [ -70.653276, -33.469531 ], [ -70.653271, -33.469585 ], [ -70.653267, -33.469622 ], [ -70.653234, -33.469645 ], [ -70.65313, -33.469635 ], [ -70.653138, -33.469572 ], [ -70.653144, -33.46952 ], [ -70.653152, -33.469463 ], [ -70.653159, -33.469409 ], [ -70.653167, -33.46935 ], [ -70.653169, -33.469335 ], [ -70.653147, -33.469333 ], [ -70.653086, -33.469327 ], [ -70.65308, -33.469364 ], [ -70.653075, -33.469402 ], [ -70.65307, -33.46944 ], [ -70.653064, -33.469479 ], [ -70.653045, -33.469627 ], [ -70.652979, -33.469621 ], [ -70.652913, -33.469615 ], [ -70.652847, -33.469609 ], [ -70.652782, -33.469602 ], [ -70.652717, -33.469597 ], [ -70.652652, -33.46959 ], [ -70.652587, -33.469584 ], [ -70.652547, -33.46958 ], [ -70.65252, -33.469578 ], [ -70.652538, -33.469419 ], [ -70.652543, -33.46938 ], [ -70.652547, -33.469342 ], [ -70.652551, -33.469304 ], [ -70.652555, -33.469267 ], [ -70.652494, -33.469262 ], [ -70.652471, -33.46926 ], [ -70.652465, -33.469319 ], [ -70.652458, -33.469379 ], [ -70.652451, -33.469439 ], [ -70.652444, -33.4695 ] ] ], [ [ [ -70.652486, -33.469838 ], [ -70.652507, -33.469684 ], [ -70.652575, -33.469691 ], [ -70.652639, -33.469697 ], [ -70.652703, -33.469703 ], [ -70.65277, -33.469709 ], [ -70.652835, -33.469715 ], [ -70.652898, -33.469721 ], [ -70.652963, -33.469727 ], [ -70.653031, -33.469734 ], [ -70.65301, -33.469897 ], [ -70.653005, -33.469939 ], [ -70.653, -33.469978 ], [ -70.652995, -33.470013 ], [ -70.65299, -33.470049 ], [ -70.653019, -33.470051 ], [ -70.653083, -33.470057 ], [ -70.653086, -33.470029 ], [ -70.653091, -33.469975 ], [ -70.653097, -33.46992 ], [ -70.653103, -33.469865 ], [ -70.653109, -33.46981 ], [ -70.653116, -33.469742 ], [ -70.653225, -33.469752 ], [ -70.653253, -33.469781 ], [ -70.65325, -33.469819 ], [ -70.653245, -33.469876 ], [ -70.65324, -33.469931 ], [ -70.653235, -33.469988 ], [ -70.65323, -33.470042 ], [ -70.653225, -33.470096 ], [ -70.653216, -33.470184 ], [ -70.653183, -33.470207 ], [ -70.653135, -33.470202 ], [ -70.653068, -33.470195 ], [ -70.653004, -33.470188 ], [ -70.65294, -33.47018 ], [ -70.652874, -33.470173 ], [ -70.652808, -33.470166 ], [ -70.652744, -33.470159 ], [ -70.652677, -33.470152 ], [ -70.652613, -33.470145 ], [ -70.652546, -33.470137 ], [ -70.652483, -33.470131 ], [ -70.652417, -33.470124 ], [ -70.652266, -33.470108 ], [ -70.652239, -33.470078 ], [ -70.652245, -33.470034 ], [ -70.652251, -33.469973 ], [ -70.652258, -33.469912 ], [ -70.652265, -33.469852 ], [ -70.652272, -33.469792 ], [ -70.65228, -33.469731 ], [ -70.652285, -33.469689 ], [ -70.652318, -33.469666 ], [ -70.652422, -33.469677 ], [ -70.652414, -33.469746 ], [ -70.652406, -33.469804 ], [ -70.652398, -33.469862 ], [ -70.65239, -33.469923 ], [ -70.652381, -33.469983 ], [ -70.652436, -33.469989 ], [ -70.652466, -33.469992 ], [ -70.652471, -33.469954 ], [ -70.652477, -33.469916 ], [ -70.652481, -33.469876 ], [ -70.652486, -33.469838 ] ] ] ] } },
{ "type": "Feature", "properties": { "INMUEBLES_": 1097, "COUNT": 18, "INMUEBLE": null, "NUEVO_NUM": 0 }, "geometry": { "type": "Polygon", "coordinates": [ [ [ -70.652567, -33.46347 ], [ -70.652484, -33.463463 ], [ -70.65246, -33.463462 ], [ -70.652458, -33.463476 ], [ -70.652457, -33.463493 ], [ -70.652505, -33.463495 ], [ -70.652601, -33.463504 ], [ -70.652702, -33.463512 ], [ -70.652806, -33.463521 ], [ -70.652819, -33.463535 ], [ -70.652814, -33.463579 ], [ -70.652691, -33.46357 ], [ -70.652591, -33.463561 ], [ -70.652494, -33.463553 ], [ -70.652405, -33.463545 ], [ -70.652407, -33.463539 ], [ -70.652413, -33.463474 ], [ -70.652417, -33.463443 ], [ -70.652423, -33.463394 ], [ -70.652426, -33.463378 ], [ -70.652431, -33.463337 ], [ -70.652436, -33.463301 ], [ -70.652438, -33.463285 ], [ -70.652442, -33.463253 ], [ -70.652451, -33.463187 ], [ -70.652523, -33.463194 ], [ -70.652518, -33.463223 ], [ -70.652542, -33.463225 ], [ -70.652638, -33.463233 ], [ -70.652737, -33.463241 ], [ -70.652854, -33.463249 ], [ -70.652849, -33.463297 ], [ -70.652832, -33.463304 ], [ -70.652731, -33.463297 ], [ -70.652632, -33.463287 ], [ -70.652534, -33.463278 ], [ -70.652484, -33.463273 ], [ -70.652483, -33.463289 ], [ -70.652481, -33.463306 ], [ -70.652507, -33.463308 ], [ -70.652585, -33.463315 ], [ -70.652667, -33.463323 ], [ -70.652746, -33.46333 ], [ -70.652826, -33.463339 ], [ -70.652841, -33.463357 ], [ -70.652835, -33.463412 ], [ -70.652829, -33.463453 ], [ -70.652826, -33.463478 ], [ -70.652808, -33.46349 ], [ -70.65273, -33.463483 ], [ -70.652649, -33.463477 ], [ -70.652567, -33.46347 ] ] ] } },
{ "type": "Feature", "properties": { "INMUEBLES_": 1176, "COUNT": 13, "INMUEBLE": null, "NUEVO_NUM": 0 }, "geometry": { "type": "Polygon", "coordinates": [ [ [ -70.650754, -33.46931 ], [ -70.650738, -33.469308 ], [ -70.650747, -33.469251 ], [ -70.650749, -33.469235 ], [ -70.650761, -33.469162 ], [ -70.650772, -33.46909 ], [ -70.65079, -33.468972 ], [ -70.650816, -33.468956 ], [ -70.650882, -33.468963 ], [ -70.650967, -33.468972 ], [ -70.650945, -33.46911 ], [ -70.650943, -33.469127 ], [ -70.650938, -33.46916 ], [ -70.650934, -33.469183 ], [ -70.650924, -33.469256 ], [ -70.650913, -33.469328 ], [ -70.650909, -33.469356 ], [ -70.650903, -33.469397 ], [ -70.650891, -33.469481 ], [ -70.650684, -33.469458 ], [ -70.650643, -33.469454 ], [ -70.650522, -33.46944 ], [ -70.650479, -33.469435 ], [ -70.650492, -33.46935 ], [ -70.650495, -33.469329 ], [ -70.650502, -33.469283 ], [ -70.650503, -33.469276 ], [ -70.650512, -33.469212 ], [ -70.650513, -33.469206 ], [ -70.650524, -33.469135 ], [ -70.650529, -33.469106 ], [ -70.650535, -33.469064 ], [ -70.650537, -33.469053 ], [ -70.650557, -33.468928 ], [ -70.650644, -33.468938 ], [ -70.650708, -33.468945 ], [ -70.650729, -33.468965 ], [ -70.650711, -33.469085 ], [ -70.650702, -33.469142 ], [ -70.6507, -33.469155 ], [ -70.65069, -33.469229 ], [ -70.650679, -33.469302 ], [ -70.650662, -33.469301 ], [ -70.650651, -33.469369 ], [ -70.650698, -33.469375 ], [ -70.650743, -33.469379 ], [ -70.650754, -33.46931 ] ] ] } },
{ "type": "Feature", "properties": { "INMUEBLES_": 991, "COUNT": 21, "INMUEBLE": null, "NUEVO_NUM": 0 }, "geometry": { "type": "MultiPolygon", "coordinates": [ [ [ [ -70.649355, -33.460197 ], [ -70.649424, -33.460203 ], [ -70.649424, -33.460202 ], [ -70.649575, -33.460216 ], [ -70.649575, -33.460217 ], [ -70.649642, -33.460222 ], [ -70.649704, -33.460228 ], [ -70.649704, -33.460227 ], [ -70.649822, -33.460237 ], [ -70.649822, -33.460238 ], [ -70.649883, -33.460243 ], [ -70.649944, -33.460248 ], [ -70.649944, -33.460247 ], [ -70.650062, -33.460258 ], [ -70.650062, -33.460259 ], [ -70.650121, -33.460264 ], [ -70.650184, -33.460269 ], [ -70.650184, -33.460268 ], [ -70.650303, -33.460278 ], [ -70.650302, -33.460279 ], [ -70.650359, -33.460284 ], [ -70.650404, -33.460288 ], [ -70.650404, -33.460287 ], [ -70.650483, -33.460293 ], [ -70.650492, -33.460294 ], [ -70.650499, -33.460297 ], [ -70.650506, -33.4603 ], [ -70.65051, -33.460302 ], [ -70.650516, -33.460307 ], [ -70.65052, -33.460312 ], [ -70.650524, -33.460317 ], [ -70.650527, -33.460323 ], [ -70.650528, -33.46033 ], [ -70.650529, -33.460337 ], [ -70.650528, -33.460344 ], [ -70.650504, -33.460506 ], [ -70.650496, -33.460558 ], [ -70.650495, -33.460564 ], [ -70.650493, -33.46057 ], [ -70.650489, -33.460576 ], [ -70.650486, -33.46058 ], [ -70.65048, -33.460585 ], [ -70.650475, -33.460588 ], [ -70.65047, -33.460591 ], [ -70.650463, -33.460593 ], [ -70.650455, -33.460595 ], [ -70.650444, -33.460595 ], [ -70.65033, -33.460585 ], [ -70.65033, -33.460584 ], [ -70.650271, -33.460579 ], [ -70.650271, -33.46058 ], [ -70.650153, -33.46057 ], [ -70.650153, -33.460569 ], [ -70.650148, -33.460569 ], [ -70.650089, -33.460564 ], [ -70.650031, -33.460559 ], [ -70.650031, -33.46056 ], [ -70.649913, -33.46055 ], [ -70.649913, -33.460549 ], [ -70.649851, -33.460544 ], [ -70.649791, -33.460539 ], [ -70.649791, -33.46054 ], [ -70.649674, -33.46053 ], [ -70.649674, -33.460529 ], [ -70.649611, -33.460523 ], [ -70.649548, -33.460518 ], [ -70.649548, -33.460519 ], [ -70.649399, -33.460506 ], [ -70.649399, -33.460505 ], [ -70.649339, -33.4605 ], [ -70.649338, -33.460502 ], [ -70.649337, -33.460502 ], [ -70.649333, -33.460501 ], [ -70.649333, -33.460501 ], [ -70.649257, -33.460494 ], [ -70.649257, -33.460495 ], [ -70.649162, -33.460487 ], [ -70.649142, -33.460467 ], [ -70.649148, -33.460345 ], [ -70.649156, -33.460197 ], [ -70.649178, -33.46018 ], [ -70.64927, -33.460189 ], [ -70.649272, -33.46019 ], [ -70.649344, -33.460196 ], [ -70.649344, -33.460195 ], [ -70.649351, -33.460196 ], [ -70.64935, -33.460197 ], [ -70.649355, -33.460197 ] ] ], [ [ [ -70.650367, -33.46007 ], [ -70.650369, -33.46007 ], [ -70.65039, -33.460073 ], [ -70.650412, -33.460076 ], [ -70.650564, -33.460098 ], [ -70.650552, -33.460185 ], [ -70.650551, -33.46019 ], [ -70.650549, -33.460196 ], [ -70.650546, -33.460202 ], [ -70.650542, -33.460206 ], [ -70.650538, -33.46021 ], [ -70.650531, -33.460215 ], [ -70.650526, -33.460218 ], [ -70.65052, -33.46022 ], [ -70.650513, -33.460222 ], [ -70.650506, -33.460223 ], [ -70.650499, -33.460223 ], [ -70.650489, -33.460222 ], [ -70.650306, -33.460206 ], [ -70.650306, -33.460205 ], [ -70.650258, -33.460201 ], [ -70.650198, -33.460196 ], [ -70.650197, -33.460197 ], [ -70.650191, -33.460196 ], [ -70.650077, -33.460186 ], [ -70.650078, -33.460185 ], [ -70.650018, -33.46018 ], [ -70.649957, -33.460175 ], [ -70.649956, -33.460176 ], [ -70.649836, -33.460165 ], [ -70.649836, -33.460164 ], [ -70.649777, -33.460159 ], [ -70.64971, -33.460153 ], [ -70.64971, -33.460154 ], [ -70.649551, -33.46014 ], [ -70.649551, -33.460139 ], [ -70.649496, -33.460135 ], [ -70.649421, -33.460128 ], [ -70.649421, -33.460129 ], [ -70.649209, -33.460111 ], [ -70.649198, -33.460109 ], [ -70.649193, -33.460108 ], [ -70.649187, -33.460105 ], [ -70.649182, -33.460102 ], [ -70.649175, -33.460097 ], [ -70.649172, -33.460093 ], [ -70.649168, -33.460087 ], [ -70.649166, -33.460082 ], [ -70.649164, -33.460071 ], [ -70.649172, -33.459909 ], [ -70.649173, -33.459909 ], [ -70.649339, -33.459932 ], [ -70.649373, -33.459936 ], [ -70.649452, -33.459947 ], [ -70.649517, -33.459955 ], [ -70.649567, -33.459962 ], [ -70.649619, -33.459969 ], [ -70.64977, -33.459989 ], [ -70.649801, -33.459993 ], [ -70.649812, -33.459995 ], [ -70.649861, -33.460001 ], [ -70.649875, -33.460003 ], [ -70.649909, -33.460008 ], [ -70.649965, -33.460015 ], [ -70.650009, -33.460021 ], [ -70.65004, -33.460026 ], [ -70.650063, -33.460029 ], [ -70.650103, -33.460034 ], [ -70.650129, -33.460038 ], [ -70.650165, -33.460043 ], [ -70.650201, -33.460048 ], [ -70.650262, -33.460056 ], [ -70.650279, -33.460058 ], [ -70.650306, -33.460062 ], [ -70.650367, -33.46007 ] ] ], [ [ [ -70.650173, -33.460804 ], [ -70.650098, -33.460804 ], [ -70.649971, -33.460803 ], [ -70.649932, -33.460803 ], [ -70.649689, -33.460802 ], [ -70.649451, -33.460803 ], [ -70.649126, -33.460789 ], [ -70.649126, -33.460789 ], [ -70.649135, -33.460599 ], [ -70.649137, -33.460592 ], [ -70.649139, -33.460586 ], [ -70.649143, -33.46058 ], [ -70.649147, -33.460575 ], [ -70.649154, -33.46057 ], [ -70.649162, -33.460565 ], [ -70.649169, -33.460563 ], [ -70.649174, -33.460562 ], [ -70.649183, -33.46056 ], [ -70.649191, -33.460561 ], [ -70.649406, -33.460579 ], [ -70.649406, -33.46058 ], [ -70.649472, -33.460586 ], [ -70.649531, -33.460591 ], [ -70.649531, -33.46059 ], [ -70.649648, -33.460599 ], [ -70.649648, -33.4606 ], [ -70.649712, -33.460606 ], [ -70.64977, -33.460611 ], [ -70.64977, -33.46061 ], [ -70.649888, -33.46062 ], [ -70.649887, -33.460621 ], [ -70.649951, -33.460626 ], [ -70.650009, -33.460631 ], [ -70.650009, -33.46063 ], [ -70.650122, -33.46064 ], [ -70.650127, -33.46064 ], [ -70.650127, -33.460641 ], [ -70.65019, -33.460646 ], [ -70.650235, -33.46065 ], [ -70.650235, -33.460649 ], [ -70.650429, -33.460665 ], [ -70.650434, -33.460666 ], [ -70.650445, -33.460669 ], [ -70.650454, -33.460673 ], [ -70.650457, -33.460675 ], [ -70.650458, -33.460676 ], [ -70.650461, -33.460678 ], [ -70.650465, -33.460681 ], [ -70.65047, -33.460688 ], [ -70.650472, -33.460694 ], [ -70.650474, -33.460702 ], [ -70.650475, -33.460709 ], [ -70.650473, -33.460718 ], [ -70.650461, -33.460805 ], [ -70.650173, -33.460804 ] ] ] ] } },
{ "type": "Feature", "properties": { "INMUEBLES_": 1098, "COUNT": 9, "INMUEBLE": null, "NUEVO_NUM": 0 }, "geometry": { "type": "Polygon", "coordinates": [ [ [ -70.649875, -33.46305 ], [ -70.649798, -33.463046 ], [ -70.649717, -33.463042 ], [ -70.649602, -33.463036 ], [ -70.649606, -33.462998 ], [ -70.64961, -33.462954 ], [ -70.649619, -33.462865 ], [ -70.649632, -33.462865 ], [ -70.649674, -33.462867 ], [ -70.649715, -33.462868 ], [ -70.649736, -33.462869 ], [ -70.649756, -33.462869 ], [ -70.649799, -33.462871 ], [ -70.650178, -33.462883 ], [ -70.650171, -33.462928 ], [ -70.650167, -33.462927 ], [ -70.650163, -33.462962 ], [ -70.650121, -33.46296 ], [ -70.650042, -33.462958 ], [ -70.649965, -33.462955 ], [ -70.649883, -33.462952 ], [ -70.649808, -33.46295 ], [ -70.649727, -33.462949 ], [ -70.649703, -33.462948 ], [ -70.649701, -33.462959 ], [ -70.649699, -33.462974 ], [ -70.649724, -33.462974 ], [ -70.649804, -33.462976 ], [ -70.649879, -33.462978 ], [ -70.649964, -33.462981 ], [ -70.650038, -33.462983 ], [ -70.650117, -33.462986 ], [ -70.650159, -33.462987 ], [ -70.650155, -33.463022 ], [ -70.650159, -33.463022 ], [ -70.650153, -33.463065 ], [ -70.650152, -33.463065 ], [ -70.650106, -33.463062 ], [ -70.650032, -33.463058 ], [ -70.649958, -33.463056 ], [ -70.649875, -33.46305 ] ] ] } },
{ "type": "Feature", "properties": { "INMUEBLES_": 1140, "COUNT": 1, "INMUEBLE": null, "NUEVO_NUM": 0 }, "geometry": { "type": "Polygon", "coordinates": [ [ [ -70.648842, -33.466679 ], [ -70.64967, -33.46671 ], [ -70.649595, -33.467293 ], [ -70.648812, -33.467183 ], [ -70.648825, -33.466991 ], [ -70.648842, -33.466679 ] ] ] } },
{ "type": "Feature", "properties": { "INMUEBLES_": 1113, "COUNT": 1, "INMUEBLE": null, "NUEVO_NUM": 0 }, "geometry": { "type": "Polygon", "coordinates": [ [ [ -70.647095, -33.464328 ], [ -70.647768, -33.464433 ], [ -70.648716, -33.464564 ], [ -70.648699, -33.464903 ], [ -70.647081, -33.464666 ], [ -70.647095, -33.464328 ] ] ] } },
{ "type": "Feature", "properties": { "INMUEBLES_": 1114, "COUNT": 1, "INMUEBLE": null, "NUEVO_NUM": 0 }, "geometry": { "type": "Polygon", "coordinates": [ [ [ -70.647278, -33.464938 ], [ -70.647358, -33.464951 ], [ -70.647443, -33.464964 ], [ -70.64748, -33.46497 ], [ -70.647525, -33.464978 ], [ -70.647594, -33.464989 ], [ -70.647675, -33.465002 ], [ -70.647763, -33.465016 ], [ -70.647848, -33.465029 ], [ -70.647901, -33.465038 ], [ -70.647921, -33.465041 ], [ -70.647932, -33.465043 ], [ -70.648006, -33.465055 ], [ -70.648017, -33.465056 ], [ -70.648089, -33.465068 ], [ -70.648102, -33.46507 ], [ -70.648123, -33.465073 ], [ -70.648186, -33.465084 ], [ -70.648271, -33.465097 ], [ -70.648314, -33.465104 ], [ -70.648356, -33.46511 ], [ -70.648561, -33.465137 ], [ -70.648685, -33.465148 ], [ -70.648669, -33.465442 ], [ -70.648659, -33.465441 ], [ -70.648655, -33.465494 ], [ -70.648666, -33.465495 ], [ -70.648665, -33.465512 ], [ -70.648665, -33.465512 ], [ -70.648649, -33.465788 ], [ -70.648647, -33.465809 ], [ -70.648523, -33.465804 ], [ -70.648426, -33.465799 ], [ -70.648266, -33.465791 ], [ -70.648214, -33.465788 ], [ -70.648149, -33.465786 ], [ -70.648072, -33.465782 ], [ -70.647845, -33.46577 ], [ -70.647621, -33.465757 ], [ -70.647427, -33.465746 ], [ -70.647353, -33.465742 ], [ -70.647229, -33.465735 ], [ -70.647233, -33.465677 ], [ -70.647151, -33.465669 ], [ -70.647036, -33.465659 ], [ -70.647048, -33.465414 ], [ -70.64705, -33.465363 ], [ -70.647257, -33.465374 ], [ -70.64726, -33.465281 ], [ -70.647264, -33.465194 ], [ -70.647266, -33.46515 ], [ -70.647269, -33.465093 ], [ -70.647274, -33.465004 ], [ -70.647278, -33.464938 ] ] ] } },
{ "type": "Feature", "properties": { "INMUEBLES_": 1141, "COUNT": 1, "INMUEBLE": null, "NUEVO_NUM": 0 }, "geometry": { "type": "Polygon", "coordinates": [ [ [ -70.647499, -33.467666 ], [ -70.647582, -33.467671 ], [ -70.647668, -33.467677 ], [ -70.647753, -33.467683 ], [ -70.647729, -33.468023 ], [ -70.647696, -33.468424 ], [ -70.647648, -33.468419 ], [ -70.647647, -33.468431 ], [ -70.647598, -33.468425 ], [ -70.647599, -33.468414 ], [ -70.64754, -33.468408 ], [ -70.64754, -33.468419 ], [ -70.64736, -33.468399 ], [ -70.647374, -33.468172 ], [ -70.647378, -33.468109 ], [ -70.647382, -33.468053 ], [ -70.647385, -33.467996 ], [ -70.647389, -33.467936 ], [ -70.647391, -33.467901 ], [ -70.647393, -33.467876 ], [ -70.647405, -33.46767 ], [ -70.647406, -33.467659 ], [ -70.647499, -33.467666 ] ] ] } },
{ "type": "Feature", "properties": { "INMUEBLES_": 1178, "COUNT": 1, "INMUEBLE": null, "NUEVO_NUM": 0 }, "geometry": { "type": "Polygon", "coordinates": [ [ [ -70.64611, -33.469037 ], [ -70.646106, -33.469143 ], [ -70.646103, -33.469243 ], [ -70.646094, -33.469431 ], [ -70.645644, -33.469379 ], [ -70.645643, -33.469381 ], [ -70.645501, -33.469364 ], [ -70.645474, -33.469336 ], [ -70.645504, -33.468974 ], [ -70.64611, -33.469037 ] ] ] } },
{ "type": "Feature", "properties": { "INMUEBLES_": 995, "COUNT": 30, "INMUEBLE": null, "NUEVO_NUM": 0 }, "geometry": { "type": "MultiPolygon", "coordinates": [ [ [ [ -70.645543, -33.460454 ], [ -70.645536, -33.46051 ], [ -70.64553, -33.460567 ], [ -70.645523, -33.460625 ], [ -70.645521, -33.460681 ], [ -70.645507, -33.460807 ], [ -70.645405, -33.460797 ], [ -70.645416, -33.460677 ], [ -70.645416, -33.460672 ], [ -70.645423, -33.460616 ], [ -70.64543, -33.460559 ], [ -70.645438, -33.460502 ], [ -70.645445, -33.460446 ], [ -70.645446, -33.460439 ], [ -70.645452, -33.46039 ], [ -70.645461, -33.460317 ], [ -70.645468, -33.460262 ], [ -70.645476, -33.460198 ], [ -70.645482, -33.460154 ], [ -70.645486, -33.460118 ], [ -70.645491, -33.460081 ], [ -70.645495, -33.460046 ], [ -70.6455, -33.460009 ], [ -70.645505, -33.459973 ], [ -70.645505, -33.459963 ], [ -70.645508, -33.459938 ], [ -70.645513, -33.459899 ], [ -70.645605, -33.459907 ], [ -70.645601, -33.459946 ], [ -70.645598, -33.459981 ], [ -70.645593, -33.460018 ], [ -70.645589, -33.460053 ], [ -70.645585, -33.46009 ], [ -70.645581, -33.460127 ], [ -70.645577, -33.460162 ], [ -70.645564, -33.460269 ], [ -70.645549, -33.460398 ], [ -70.645543, -33.460454 ] ] ], [ [ [ -70.645636, -33.459949 ], [ -70.64564, -33.459911 ], [ -70.645736, -33.459921 ], [ -70.645732, -33.459958 ], [ -70.645731, -33.459981 ], [ -70.645729, -33.459993 ], [ -70.645725, -33.460029 ], [ -70.645721, -33.460066 ], [ -70.645717, -33.460102 ], [ -70.645713, -33.460139 ], [ -70.645709, -33.460175 ], [ -70.645704, -33.460218 ], [ -70.645697, -33.46028 ], [ -70.645691, -33.46034 ], [ -70.645682, -33.46041 ], [ -70.645677, -33.46045 ], [ -70.645676, -33.460466 ], [ -70.645669, -33.460521 ], [ -70.645664, -33.46057 ], [ -70.645663, -33.460578 ], [ -70.645656, -33.460636 ], [ -70.64565, -33.460691 ], [ -70.64565, -33.460695 ], [ -70.645638, -33.460817 ], [ -70.645536, -33.460809 ], [ -70.64555, -33.460683 ], [ -70.64556, -33.460628 ], [ -70.645567, -33.46057 ], [ -70.645573, -33.460513 ], [ -70.645579, -33.460458 ], [ -70.645586, -33.460401 ], [ -70.645601, -33.460272 ], [ -70.645613, -33.460166 ], [ -70.645617, -33.46013 ], [ -70.645621, -33.460093 ], [ -70.645625, -33.460057 ], [ -70.645629, -33.460022 ], [ -70.645633, -33.459984 ], [ -70.645636, -33.459949 ] ] ] ] } },
{ "type": "Feature", "properties": { "INMUEBLES_": 994, "COUNT": 2, "INMUEBLE": null, "NUEVO_NUM": 0 }, "geometry": { "type": "Polygon", "coordinates": [ [ [ -70.645392, -33.459187 ], [ -70.645267, -33.459172 ], [ -70.645286, -33.459008 ], [ -70.645322, -33.458987 ], [ -70.64542, -33.459007 ], [ -70.645605, -33.459045 ], [ -70.645529, -33.459349 ], [ -70.645369, -33.459334 ], [ -70.645392, -33.459187 ] ] ] } },
{ "type": "Feature", "properties": { "INMUEBLES_": 1042, "COUNT": 4, "INMUEBLE": null, "NUEVO_NUM": 0 }, "geometry": { "type": "Polygon", "coordinates": [ [ [ -70.644807, -33.462929 ], [ -70.644816, -33.462858 ], [ -70.645304, -33.462913 ], [ -70.645294, -33.463002 ], [ -70.645288, -33.463065 ], [ -70.644798, -33.463006 ], [ -70.644807, -33.462929 ] ] ] } },
{ "type": "Feature", "properties": { "INMUEBLES_": 55, "COUNT": 1, "INMUEBLE": null, "NUEVO_NUM": 0 }, "geometry": { "type": "Polygon", "coordinates": [ [ [ -70.645308, -33.463595 ], [ -70.645431, -33.463606 ], [ -70.645502, -33.463614 ], [ -70.645687, -33.463635 ], [ -70.645667, -33.463859 ], [ -70.645721, -33.463862 ], [ -70.64571, -33.463993 ], [ -70.645663, -33.464544 ], [ -70.645146, -33.46449 ], [ -70.64462, -33.464437 ], [ -70.64467, -33.464046 ], [ -70.644676, -33.46399 ], [ -70.644683, -33.463931 ], [ -70.644694, -33.463844 ], [ -70.644927, -33.463863 ], [ -70.64499, -33.463868 ], [ -70.645269, -33.46389 ], [ -70.645277, -33.463824 ], [ -70.645287, -33.463741 ], [ -70.645308, -33.463595 ] ] ] } },
{ "type": "Feature", "properties": { "INMUEBLES_": 1142, "COUNT": 1, "INMUEBLE": null, "NUEVO_NUM": 0 }, "geometry": { "type": "Polygon", "coordinates": [ [ [ -70.644219, -33.467717 ], [ -70.644731, -33.467764 ], [ -70.645387, -33.467823 ], [ -70.645381, -33.467899 ], [ -70.645377, -33.467973 ], [ -70.645128, -33.467955 ], [ -70.644711, -33.467916 ], [ -70.6442, -33.467871 ], [ -70.644219, -33.467717 ] ] ] } },
{ "type": "Feature", "properties": { "INMUEBLES_": 996, "COUNT": 1, "INMUEBLE": null, "NUEVO_NUM": 0 }, "geometry": { "type": "Polygon", "coordinates": [ [ [ -70.644855, -33.459016 ], [ -70.644703, -33.458988 ], [ -70.644736, -33.458863 ], [ -70.644883, -33.458894 ], [ -70.644882, -33.458896 ], [ -70.644885, -33.458897 ], [ -70.644855, -33.459016 ] ] ] } },
{ "type": "Feature", "properties": { "INMUEBLES_": 1044, "COUNT": 1, "INMUEBLE": null, "NUEVO_NUM": 0 }, "geometry": { "type": "Polygon", "coordinates": [ [ [ -70.643003, -33.461191 ], [ -70.643611, -33.461364 ], [ -70.643884, -33.461449 ], [ -70.643838, -33.461848 ], [ -70.643812, -33.462078 ], [ -70.643778, -33.462101 ], [ -70.643701, -33.462095 ], [ -70.643508, -33.462079 ], [ -70.643377, -33.462069 ], [ -70.643347, -33.462067 ], [ -70.643154, -33.462052 ], [ -70.642939, -33.462035 ], [ -70.64291, -33.462008 ], [ -70.642948, -33.461679 ], [ -70.642948, -33.461673 ], [ -70.642957, -33.4616 ], [ -70.642957, -33.461595 ], [ -70.642958, -33.461591 ], [ -70.643003, -33.461191 ] ] ] } },
{ "type": "Feature", "properties": { "INMUEBLES_": 1043, "COUNT": 39, "INMUEBLE": null, "NUEVO_NUM": 0 }, "geometry": { "type": "MultiPolygon", "coordinates": [ [ [ [ -70.64435, -33.461649 ], [ -70.644357, -33.461585 ], [ -70.644395, -33.461596 ], [ -70.644471, -33.461618 ], [ -70.644467, -33.461655 ], [ -70.644463, -33.461694 ], [ -70.644459, -33.461733 ], [ -70.644455, -33.461772 ], [ -70.644453, -33.46179 ], [ -70.644451, -33.461811 ], [ -70.644447, -33.461849 ], [ -70.644443, -33.461887 ], [ -70.64444, -33.461911 ], [ -70.644439, -33.461925 ], [ -70.644438, -33.46193 ], [ -70.644435, -33.461966 ], [ -70.644431, -33.462004 ], [ -70.644426, -33.462042 ], [ -70.644422, -33.462081 ], [ -70.644418, -33.462151 ], [ -70.644367, -33.462146 ], [ -70.644322, -33.462143 ], [ -70.644322, -33.462142 ], [ -70.644319, -33.462142 ], [ -70.644316, -33.462142 ], [ -70.644313, -33.462141 ], [ -70.644311, -33.462141 ], [ -70.644309, -33.46214 ], [ -70.644308, -33.462139 ], [ -70.644307, -33.462139 ], [ -70.644304, -33.462137 ], [ -70.644302, -33.462135 ], [ -70.6443, -33.462132 ], [ -70.644298, -33.462129 ], [ -70.644296, -33.462125 ], [ -70.644296, -33.462121 ], [ -70.644306, -33.462032 ], [ -70.64431, -33.461996 ], [ -70.644315, -33.461958 ], [ -70.644319, -33.461919 ], [ -70.644324, -33.461879 ], [ -70.644328, -33.461841 ], [ -70.644332, -33.461803 ], [ -70.644336, -33.461765 ], [ -70.644341, -33.461728 ], [ -70.644345, -33.461688 ], [ -70.64435, -33.461649 ] ] ], [ [ [ -70.64426, -33.461677 ], [ -70.644255, -33.461715 ], [ -70.644251, -33.461755 ], [ -70.644247, -33.461797 ], [ -70.644244, -33.46183 ], [ -70.644239, -33.461872 ], [ -70.644235, -33.461908 ], [ -70.64423, -33.461947 ], [ -70.644226, -33.461985 ], [ -70.644221, -33.462026 ], [ -70.644212, -33.462111 ], [ -70.644211, -33.462117 ], [ -70.644208, -33.462121 ], [ -70.644205, -33.462124 ], [ -70.644201, -33.462127 ], [ -70.644198, -33.462129 ], [ -70.644194, -33.46213 ], [ -70.644189, -33.462131 ], [ -70.644182, -33.462131 ], [ -70.644182, -33.462132 ], [ -70.644135, -33.462128 ], [ -70.644087, -33.462124 ], [ -70.644041, -33.462121 ], [ -70.643997, -33.462117 ], [ -70.643997, -33.462117 ], [ -70.643989, -33.462115 ], [ -70.643985, -33.462114 ], [ -70.643982, -33.462112 ], [ -70.643979, -33.46211 ], [ -70.643977, -33.462107 ], [ -70.643974, -33.462102 ], [ -70.643973, -33.4621 ], [ -70.643972, -33.462096 ], [ -70.643972, -33.46209 ], [ -70.643981, -33.462007 ], [ -70.643986, -33.46197 ], [ -70.643991, -33.461931 ], [ -70.643995, -33.461894 ], [ -70.644, -33.461854 ], [ -70.644005, -33.461815 ], [ -70.644009, -33.461776 ], [ -70.644015, -33.461739 ], [ -70.644019, -33.461703 ], [ -70.644024, -33.461665 ], [ -70.644029, -33.461625 ], [ -70.644033, -33.461588 ], [ -70.644045, -33.461495 ], [ -70.644151, -33.461525 ], [ -70.644271, -33.461561 ], [ -70.644267, -33.461604 ], [ -70.644263, -33.461637 ], [ -70.64426, -33.461677 ] ] ] ] } },
{ "type": "Feature", "properties": { "INMUEBLES_": 1046, "COUNT": 6, "INMUEBLE": null, "NUEVO_NUM": 0 }, "geometry": { "type": "MultiPolygon", "coordinates": [ [ [ [ -70.642947, -33.463023 ], [ -70.642961, -33.462898 ], [ -70.64281, -33.462887 ], [ -70.642817, -33.462827 ], [ -70.642824, -33.46276 ], [ -70.642832, -33.462695 ], [ -70.64284, -33.462631 ], [ -70.643008, -33.462644 ], [ -70.643046, -33.462647 ], [ -70.64304, -33.462709 ], [ -70.643032, -33.462777 ], [ -70.643032, -33.462789 ], [ -70.643019, -33.46291 ], [ -70.643216, -33.462925 ], [ -70.643199, -33.463047 ], [ -70.643104, -33.463038 ], [ -70.643013, -33.463028 ], [ -70.643002, -33.463029 ], [ -70.642947, -33.463023 ] ] ], [ [ [ -70.643405, -33.463067 ], [ -70.643304, -33.463057 ], [ -70.643326, -33.4629 ], [ -70.64334, -33.462799 ], [ -70.643443, -33.46281 ], [ -70.643495, -33.462816 ], [ -70.643537, -33.46282 ], [ -70.643632, -33.462829 ], [ -70.643728, -33.462838 ], [ -70.643701, -33.463073 ], [ -70.643666, -33.463095 ], [ -70.643599, -33.463088 ], [ -70.643498, -33.463077 ], [ -70.643405, -33.463067 ] ] ] ] } },
{ "type": "Feature", "properties": { "INMUEBLES_": 1045, "COUNT": 10, "INMUEBLE": null, "NUEVO_NUM": 0 }, "geometry": { "type": "MultiPolygon", "coordinates": [ [ [ [ -70.643188, -33.462292 ], [ -70.642881, -33.462263 ], [ -70.642887, -33.462211 ], [ -70.642919, -33.462186 ], [ -70.6432, -33.462208 ], [ -70.643281, -33.462215 ], [ -70.6433, -33.462233 ], [ -70.64328, -33.462397 ], [ -70.643176, -33.462384 ], [ -70.643188, -33.462292 ] ] ], [ [ [ -70.643376, -33.462492 ], [ -70.643387, -33.462403 ], [ -70.643407, -33.462242 ], [ -70.643428, -33.462226 ], [ -70.643512, -33.462232 ], [ -70.643491, -33.462411 ], [ -70.643581, -33.462418 ], [ -70.643585, -33.462386 ], [ -70.643683, -33.462392 ], [ -70.643779, -33.462399 ], [ -70.64377, -33.462475 ], [ -70.643761, -33.462552 ], [ -70.643752, -33.462628 ], [ -70.643743, -33.462704 ], [ -70.643556, -33.462689 ], [ -70.643549, -33.462688 ], [ -70.643354, -33.462673 ], [ -70.643365, -33.462582 ], [ -70.643376, -33.462492 ] ] ] ] } },
{ "type": "Feature", "properties": { "INMUEBLES_": 997, "COUNT": 1, "INMUEBLE": null, "NUEVO_NUM": 0 }, "geometry": { "type": "Polygon", "coordinates": [ [ [ -70.642971, -33.458495 ], [ -70.6431, -33.458524 ], [ -70.643115, -33.45854 ], [ -70.643098, -33.45867 ], [ -70.643085, -33.458771 ], [ -70.642927, -33.458739 ], [ -70.642943, -33.458642 ], [ -70.642971, -33.458495 ] ] ] } },
{ "type": "Feature", "properties": { "INMUEBLES_": 998, "COUNT": 1, "INMUEBLE": null, "NUEVO_NUM": 0 }, "geometry": { "type": "Polygon", "coordinates": [ [ [ -70.642971, -33.458495 ], [ -70.642943, -33.458642 ], [ -70.642927, -33.458739 ], [ -70.642912, -33.458838 ], [ -70.642893, -33.458938 ], [ -70.642718, -33.458906 ], [ -70.642795, -33.458458 ], [ -70.642971, -33.458495 ] ] ] } },
{ "type": "Feature", "properties": { "INMUEBLES_": 999, "COUNT": 6, "INMUEBLE": null, "NUEVO_NUM": 0 }, "geometry": { "type": "Polygon", "coordinates": [ [ [ -70.641937, -33.459049 ], [ -70.641951, -33.458973 ], [ -70.641968, -33.458889 ], [ -70.641984, -33.458814 ], [ -70.642, -33.458734 ], [ -70.642016, -33.458654 ], [ -70.64203, -33.458574 ], [ -70.642119, -33.458593 ], [ -70.642277, -33.458624 ], [ -70.642324, -33.458632 ], [ -70.642309, -33.458697 ], [ -70.642337, -33.458701 ], [ -70.642334, -33.458715 ], [ -70.642316, -33.458792 ], [ -70.642316, -33.458793 ], [ -70.642297, -33.458872 ], [ -70.642277, -33.458949 ], [ -70.642259, -33.459028 ], [ -70.64224, -33.459108 ], [ -70.642234, -33.459131 ], [ -70.642221, -33.459183 ], [ -70.64219, -33.459178 ], [ -70.642173, -33.459175 ], [ -70.642077, -33.459157 ], [ -70.64192, -33.459133 ], [ -70.641937, -33.459049 ] ] ] } },
{ "type": "Feature", "properties": { "INMUEBLES_": 1002, "COUNT": 2, "INMUEBLE": null, "NUEVO_NUM": 0 }, "geometry": { "type": "Polygon", "coordinates": [ [ [ -70.641591, -33.458204 ], [ -70.641897, -33.458268 ], [ -70.641921, -33.458297 ], [ -70.641921, -33.458301 ], [ -70.641911, -33.458349 ], [ -70.64191, -33.458349 ], [ -70.641816, -33.45883 ], [ -70.641799, -33.458919 ], [ -70.64178, -33.459018 ], [ -70.641566, -33.458978 ], [ -70.641439, -33.458953 ], [ -70.641455, -33.458873 ], [ -70.641472, -33.458788 ], [ -70.641591, -33.458204 ] ] ] } },
{ "type": "Feature", "properties": { "INMUEBLES_": 1003, "COUNT": 1, "INMUEBLE": null, "NUEVO_NUM": 0 }, "geometry": { "type": "Polygon", "coordinates": [ [ [ -70.641325, -33.458148 ], [ -70.641591, -33.458204 ], [ -70.641472, -33.458788 ], [ -70.641455, -33.458873 ], [ -70.641439, -33.458953 ], [ -70.641343, -33.458935 ], [ -70.641191, -33.458906 ], [ -70.641125, -33.458893 ], [ -70.641136, -33.458842 ], [ -70.641153, -33.45877 ], [ -70.641173, -33.458691 ], [ -70.641193, -33.458615 ], [ -70.641294, -33.458253 ], [ -70.641325, -33.458148 ] ] ] } },
{ "type": "Feature", "properties": { "INMUEBLES_": 1005, "COUNT": 1, "INMUEBLE": null, "NUEVO_NUM": 0 }, "geometry": { "type": "Polygon", "coordinates": [ [ [ -70.640726, -33.458421 ], [ -70.640718, -33.458447 ], [ -70.640811, -33.458467 ], [ -70.6408, -33.45851 ], [ -70.6408, -33.458511 ], [ -70.640796, -33.458524 ], [ -70.640692, -33.458501 ], [ -70.640403, -33.458437 ], [ -70.640425, -33.458356 ], [ -70.640726, -33.458421 ] ] ] } },
{ "type": "Feature", "properties": { "INMUEBLES_": 1006, "COUNT": 3, "INMUEBLE": null, "NUEVO_NUM": 0 }, "geometry": { "type": "Polygon", "coordinates": [ [ [ -70.641191, -33.458906 ], [ -70.641343, -33.458935 ], [ -70.641439, -33.458953 ], [ -70.641566, -33.458978 ], [ -70.641547, -33.45906 ], [ -70.641527, -33.459142 ], [ -70.641314, -33.459097 ], [ -70.641194, -33.459072 ], [ -70.641087, -33.459049 ], [ -70.64112, -33.458915 ], [ -70.641125, -33.458893 ], [ -70.641191, -33.458906 ] ] ] } },
{ "type": "Feature", "properties": { "INMUEBLES_": 1000, "COUNT": 1, "INMUEBLE": null, "NUEVO_NUM": 0 }, "geometry": { "type": "Polygon", "coordinates": [ [ [ -70.642721, -33.459668 ], [ -70.642967, -33.45971 ], [ -70.642954, -33.459815 ], [ -70.64293, -33.45983 ], [ -70.642709, -33.45979 ], [ -70.642565, -33.459765 ], [ -70.642577, -33.459672 ], [ -70.642719, -33.459695 ], [ -70.642721, -33.459668 ] ] ] } },
{ "type": "Feature", "properties": { "INMUEBLES_": 1001, "COUNT": 1, "INMUEBLE": null, "NUEVO_NUM": 0 }, "geometry": { "type": "Polygon", "coordinates": [ [ [ -70.642327, -33.459376 ], [ -70.642484, -33.459405 ], [ -70.642453, -33.45952 ], [ -70.642296, -33.459493 ], [ -70.642327, -33.459376 ] ] ] } },
{ "type": "Feature", "properties": { "INMUEBLES_": 1008, "COUNT": 6, "INMUEBLE": null, "NUEVO_NUM": 0 }, "geometry": { "type": "Polygon", "coordinates": [ [ [ -70.641165, -33.459254 ], [ -70.641244, -33.459269 ], [ -70.641242, -33.459277 ], [ -70.641325, -33.459296 ], [ -70.641261, -33.459511 ], [ -70.641179, -33.459493 ], [ -70.641093, -33.459474 ], [ -70.641014, -33.459457 ], [ -70.640932, -33.459439 ], [ -70.64071, -33.45939 ], [ -70.640638, -33.459374 ], [ -70.640627, -33.459359 ], [ -70.640689, -33.45914 ], [ -70.640777, -33.459161 ], [ -70.640843, -33.459179 ], [ -70.640884, -33.459189 ], [ -70.640949, -33.459205 ], [ -70.640991, -33.459216 ], [ -70.641074, -33.459236 ], [ -70.641071, -33.459246 ], [ -70.641154, -33.459265 ], [ -70.641162, -33.459266 ], [ -70.641165, -33.459254 ] ] ] } },
{ "type": "Feature", "properties": { "INMUEBLES_": 1048, "COUNT": 143, "INMUEBLE": null, "NUEVO_NUM": 0 }, "geometry": { "type": "MultiPolygon", "coordinates": [ [ [ [ -70.640156, -33.462359 ], [ -70.640289, -33.462371 ], [ -70.640283, -33.462416 ], [ -70.640277, -33.462463 ], [ -70.640271, -33.462507 ], [ -70.640265, -33.462553 ], [ -70.640258, -33.462599 ], [ -70.64024, -33.462735 ], [ -70.640166, -33.462728 ], [ -70.640105, -33.462721 ], [ -70.640042, -33.462715 ], [ -70.639978, -33.462708 ], [ -70.639997, -33.462575 ], [ -70.640004, -33.46253 ], [ -70.640011, -33.462484 ], [ -70.640017, -33.46244 ], [ -70.640024, -33.462393 ], [ -70.640031, -33.462349 ], [ -70.640156, -33.462359 ] ] ], [ [ [ -70.641219, -33.462526 ], [ -70.64121, -33.462589 ], [ -70.641202, -33.462653 ], [ -70.641193, -33.462716 ], [ -70.641177, -33.462833 ], [ -70.641053, -33.462821 ], [ -70.640987, -33.462814 ], [ -70.640945, -33.46281 ], [ -70.640925, -33.462789 ], [ -70.640936, -33.46271 ], [ -70.640945, -33.462651 ], [ -70.640953, -33.462592 ], [ -70.640961, -33.462532 ], [ -70.640974, -33.46244 ], [ -70.641041, -33.462446 ], [ -70.641042, -33.462446 ], [ -70.641104, -33.462452 ], [ -70.64114, -33.462455 ], [ -70.641228, -33.462463 ], [ -70.641219, -33.462526 ] ] ], [ [ [ -70.640913, -33.462528 ], [ -70.640905, -33.462587 ], [ -70.640897, -33.462645 ], [ -70.640889, -33.462704 ], [ -70.640877, -33.462785 ], [ -70.640858, -33.4628 ], [ -70.640806, -33.462795 ], [ -70.640746, -33.462789 ], [ -70.640674, -33.462781 ], [ -70.64061, -33.462774 ], [ -70.640628, -33.462633 ], [ -70.640634, -33.46259 ], [ -70.640639, -33.462546 ], [ -70.640645, -33.4625 ], [ -70.640651, -33.462455 ], [ -70.640657, -33.462408 ], [ -70.640794, -33.462422 ], [ -70.640852, -33.462428 ], [ -70.640854, -33.462428 ], [ -70.640926, -33.462435 ], [ -70.640913, -33.462528 ] ] ], [ [ [ -70.641158, -33.462042 ], [ -70.641283, -33.462054 ], [ -70.641276, -33.462108 ], [ -70.641267, -33.46217 ], [ -70.641259, -33.462234 ], [ -70.64125, -33.462297 ], [ -70.641241, -33.462363 ], [ -70.641233, -33.462424 ], [ -70.641109, -33.462413 ], [ -70.641047, -33.462408 ], [ -70.640979, -33.462401 ], [ -70.640992, -33.46231 ], [ -70.640999, -33.462261 ], [ -70.641005, -33.462213 ], [ -70.641011, -33.462168 ], [ -70.641018, -33.462118 ], [ -70.641031, -33.462028 ], [ -70.641094, -33.462035 ], [ -70.641158, -33.462042 ] ] ], [ [ [ -70.64097, -33.462114 ], [ -70.640963, -33.462164 ], [ -70.640956, -33.462211 ], [ -70.64095, -33.462257 ], [ -70.640943, -33.462305 ], [ -70.640931, -33.462398 ], [ -70.640861, -33.462392 ], [ -70.64086, -33.462391 ], [ -70.640799, -33.462386 ], [ -70.640661, -33.462374 ], [ -70.640668, -33.462324 ], [ -70.640674, -33.462279 ], [ -70.64068, -33.46223 ], [ -70.640686, -33.462184 ], [ -70.640692, -33.462139 ], [ -70.640698, -33.462092 ], [ -70.640713, -33.461996 ], [ -70.640786, -33.462003 ], [ -70.640849, -33.46201 ], [ -70.640918, -33.462017 ], [ -70.640982, -33.462023 ], [ -70.64097, -33.462114 ] ] ], [ [ [ -70.640529, -33.461979 ], [ -70.640602, -33.461986 ], [ -70.640666, -33.461992 ], [ -70.640654, -33.462088 ], [ -70.640648, -33.462133 ], [ -70.640642, -33.462181 ], [ -70.640636, -33.462226 ], [ -70.64063, -33.462274 ], [ -70.640624, -33.462319 ], [ -70.640617, -33.46237 ], [ -70.640613, -33.462401 ], [ -70.640607, -33.462447 ], [ -70.640601, -33.462494 ], [ -70.640595, -33.462539 ], [ -70.64059, -33.462585 ], [ -70.640584, -33.462628 ], [ -70.640566, -33.46277 ], [ -70.640492, -33.462762 ], [ -70.640421, -33.462754 ], [ -70.640359, -33.462748 ], [ -70.640288, -33.46274 ], [ -70.640305, -33.462603 ], [ -70.64031, -33.46256 ], [ -70.640316, -33.462514 ], [ -70.640322, -33.462468 ], [ -70.640328, -33.462424 ], [ -70.640333, -33.462378 ], [ -70.640472, -33.46239 ], [ -70.640477, -33.462358 ], [ -70.640337, -33.462345 ], [ -70.640343, -33.462298 ], [ -70.640349, -33.462253 ], [ -70.640355, -33.462205 ], [ -70.640361, -33.462161 ], [ -70.640366, -33.462115 ], [ -70.640372, -33.46207 ], [ -70.640385, -33.461964 ], [ -70.640529, -33.461979 ] ] ], [ [ [ -70.639894, -33.462023 ], [ -70.63992, -33.461919 ], [ -70.639977, -33.461925 ], [ -70.640036, -33.461931 ], [ -70.640022, -33.462034 ], [ -70.640016, -33.46208 ], [ -70.64001, -33.462125 ], [ -70.640003, -33.46217 ], [ -70.639997, -33.462217 ], [ -70.639991, -33.462262 ], [ -70.639985, -33.462308 ], [ -70.63998, -33.462344 ], [ -70.639973, -33.46239 ], [ -70.639967, -33.462437 ], [ -70.639961, -33.462482 ], [ -70.639955, -33.462526 ], [ -70.639949, -33.462572 ], [ -70.639931, -33.462703 ], [ -70.639871, -33.462696 ], [ -70.639809, -33.46269 ], [ -70.63972, -33.46268 ], [ -70.639749, -33.462563 ], [ -70.639751, -33.462553 ], [ -70.639763, -33.46251 ], [ -70.639763, -33.462509 ], [ -70.639775, -33.462464 ], [ -70.639787, -33.462421 ], [ -70.639791, -33.462405 ], [ -70.639795, -33.462391 ], [ -70.639799, -33.462376 ], [ -70.6398, -33.462375 ], [ -70.639812, -33.462328 ], [ -70.639812, -33.462327 ], [ -70.639818, -33.462303 ], [ -70.639821, -33.462292 ], [ -70.639824, -33.46228 ], [ -70.639833, -33.462248 ], [ -70.639833, -33.462247 ], [ -70.639844, -33.462204 ], [ -70.639845, -33.462202 ], [ -70.639856, -33.462162 ], [ -70.639858, -33.462157 ], [ -70.639865, -33.462131 ], [ -70.63987, -33.462112 ], [ -70.639874, -33.462094 ], [ -70.639881, -33.462067 ], [ -70.639887, -33.462042 ], [ -70.639888, -33.462039 ], [ -70.639894, -33.462023 ] ] ], [ [ [ -70.640213, -33.461948 ], [ -70.640276, -33.461954 ], [ -70.640345, -33.461961 ], [ -70.640331, -33.462065 ], [ -70.640324, -33.462112 ], [ -70.640318, -33.462158 ], [ -70.640312, -33.4622 ], [ -70.640306, -33.462248 ], [ -70.6403, -33.462294 ], [ -70.640293, -33.46234 ], [ -70.64016, -33.462328 ], [ -70.640035, -33.462319 ], [ -70.640042, -33.46227 ], [ -70.640048, -33.462225 ], [ -70.640054, -33.462178 ], [ -70.64006, -33.462133 ], [ -70.640066, -33.462087 ], [ -70.640072, -33.462043 ], [ -70.640086, -33.461936 ], [ -70.640149, -33.461942 ], [ -70.640213, -33.461948 ] ] ], [ [ [ -70.641315, -33.462175 ], [ -70.641324, -33.462112 ], [ -70.641331, -33.462059 ], [ -70.641452, -33.462071 ], [ -70.641558, -33.462082 ], [ -70.641585, -33.46211 ], [ -70.64158, -33.462165 ], [ -70.641574, -33.462233 ], [ -70.641567, -33.462309 ], [ -70.641561, -33.462379 ], [ -70.641555, -33.462453 ], [ -70.641548, -33.462526 ], [ -70.641542, -33.462597 ], [ -70.641536, -33.46267 ], [ -70.641529, -33.462744 ], [ -70.64152, -33.462844 ], [ -70.641485, -33.462867 ], [ -70.641411, -33.462859 ], [ -70.641339, -33.462851 ], [ -70.641275, -33.462844 ], [ -70.641225, -33.462839 ], [ -70.641241, -33.46272 ], [ -70.64125, -33.462657 ], [ -70.641259, -33.462592 ], [ -70.641267, -33.462531 ], [ -70.641276, -33.462466 ], [ -70.641289, -33.462368 ], [ -70.641298, -33.462302 ], [ -70.641307, -33.462238 ], [ -70.641315, -33.462175 ] ] ] ] } },
{ "type": "Feature", "properties": { "INMUEBLES_": 1116, "COUNT": 1, "INMUEBLE": null, "NUEVO_NUM": 0 }, "geometry": { "type": "Polygon", "coordinates": [ [ [ -70.640705, -33.46296 ], [ -70.640616, -33.463872 ], [ -70.64028, -33.463826 ], [ -70.640373, -33.462924 ], [ -70.640705, -33.46296 ] ] ] } },
{ "type": "Feature", "properties": { "INMUEBLES_": 1117, "COUNT": 1, "INMUEBLE": null, "NUEVO_NUM": 0 }, "geometry": { "type": "Polygon", "coordinates": [ [ [ -70.639721, -33.464235 ], [ -70.64002, -33.46428 ], [ -70.639996, -33.464521 ], [ -70.639621, -33.464466 ], [ -70.639629, -33.464426 ], [ -70.639663, -33.464225 ], [ -70.639719, -33.464235 ], [ -70.639721, -33.464235 ] ] ] } },
{ "type": "Feature", "properties": { "INMUEBLES_": 1145, "COUNT": 3, "INMUEBLE": null, "NUEVO_NUM": 0 }, "geometry": { "type": "Polygon", "coordinates": [ [ [ -70.639, -33.465062 ], [ -70.639027, -33.464918 ], [ -70.639113, -33.464933 ], [ -70.639198, -33.464949 ], [ -70.639198, -33.464948 ], [ -70.63931, -33.464963 ], [ -70.639329, -33.464981 ], [ -70.639302, -33.465122 ], [ -70.639288, -33.46519 ], [ -70.639155, -33.465168 ], [ -70.639166, -33.465112 ], [ -70.63917, -33.465089 ], [ -70.63908, -33.465075 ], [ -70.639, -33.465062 ] ] ] } },
{ "type": "Feature", "properties": { "INMUEBLES_": 1144, "COUNT": 3, "INMUEBLE": null, "NUEVO_NUM": 0 }, "geometry": { "type": "Polygon", "coordinates": [ [ [ -70.641872, -33.467001 ], [ -70.642179, -33.467032 ], [ -70.642176, -33.467097 ], [ -70.642173, -33.467164 ], [ -70.642166, -33.467302 ], [ -70.641617, -33.467248 ], [ -70.641629, -33.467111 ], [ -70.641908, -33.467138 ], [ -70.641913, -33.467091 ], [ -70.641863, -33.467086 ], [ -70.641872, -33.467001 ] ] ] } },
{ "type": "Feature", "properties": { "INMUEBLES_": 1146, "COUNT": 1, "INMUEBLE": null, "NUEVO_NUM": 0 }, "geometry": { "type": "Polygon", "coordinates": [ [ [ -70.63857, -33.46786 ], [ -70.638632, -33.467867 ], [ -70.638708, -33.467875 ], [ -70.63875, -33.467879 ], [ -70.638786, -33.467883 ], [ -70.638882, -33.467894 ], [ -70.638875, -33.467958 ], [ -70.638872, -33.467994 ], [ -70.638865, -33.468065 ], [ -70.638858, -33.468136 ], [ -70.638854, -33.468172 ], [ -70.638847, -33.468241 ], [ -70.63884, -33.468312 ], [ -70.638836, -33.468358 ], [ -70.638829, -33.468429 ], [ -70.638727, -33.468418 ], [ -70.638677, -33.468413 ], [ -70.63864, -33.468409 ], [ -70.638597, -33.468404 ], [ -70.638558, -33.4684 ], [ -70.638563, -33.468367 ], [ -70.638567, -33.468333 ], [ -70.638573, -33.468291 ], [ -70.638582, -33.468219 ], [ -70.638501, -33.468212 ], [ -70.63851, -33.468144 ], [ -70.638516, -33.468108 ], [ -70.638526, -33.468041 ], [ -70.638538, -33.467967 ], [ -70.638543, -33.467931 ], [ -70.638553, -33.467858 ], [ -70.63857, -33.46786 ] ] ] } },
{ "type": "Feature", "properties": { "INMUEBLES_": 1010, "COUNT": 16, "INMUEBLE": null, "NUEVO_NUM": 0 }, "geometry": { "type": "MultiPolygon", "coordinates": [ [ [ [ -70.63976, -33.458554 ], [ -70.640166, -33.458641 ], [ -70.640147, -33.458716 ], [ -70.640127, -33.458789 ], [ -70.640117, -33.458828 ], [ -70.640109, -33.458861 ], [ -70.640088, -33.458939 ], [ -70.63973, -33.458862 ], [ -70.639766, -33.458712 ], [ -70.639791, -33.458716 ], [ -70.639803, -33.458676 ], [ -70.639722, -33.45866 ], [ -70.639733, -33.458625 ], [ -70.63976, -33.458554 ] ] ], [ [ [ -70.639249, -33.458911 ], [ -70.639277, -33.458803 ], [ -70.639424, -33.458834 ], [ -70.639513, -33.458852 ], [ -70.639595, -33.45887 ], [ -70.639631, -33.458877 ], [ -70.639682, -33.458888 ], [ -70.639764, -33.458905 ], [ -70.639847, -33.458924 ], [ -70.639934, -33.458942 ], [ -70.640079, -33.458975 ], [ -70.640051, -33.459079 ], [ -70.64003, -33.459162 ], [ -70.639994, -33.459181 ], [ -70.63987, -33.459154 ], [ -70.639902, -33.459048 ], [ -70.639826, -33.459033 ], [ -70.639818, -33.459032 ], [ -70.639735, -33.459015 ], [ -70.639651, -33.458997 ], [ -70.639573, -33.458981 ], [ -70.639565, -33.458979 ], [ -70.639483, -33.458962 ], [ -70.639396, -33.458943 ], [ -70.639372, -33.459048 ], [ -70.63925, -33.459021 ], [ -70.639227, -33.45899 ], [ -70.639249, -33.458911 ] ] ] ] } },
{ "type": "Feature", "properties": { "INMUEBLES_": 1050, "COUNT": 7, "INMUEBLE": null, "NUEVO_NUM": 0 }, "geometry": { "type": "Polygon", "coordinates": [ [ [ -70.639536, -33.460349 ], [ -70.639541, -33.460325 ], [ -70.639559, -33.460261 ], [ -70.639387, -33.460223 ], [ -70.63941, -33.460134 ], [ -70.639582, -33.460172 ], [ -70.639605, -33.460084 ], [ -70.63954, -33.460071 ], [ -70.639555, -33.460019 ], [ -70.63956, -33.460002 ], [ -70.63957, -33.459962 ], [ -70.639591, -33.459893 ], [ -70.639648, -33.459904 ], [ -70.639671, -33.459822 ], [ -70.63968, -33.459824 ], [ -70.639704, -33.459736 ], [ -70.639697, -33.459734 ], [ -70.639709, -33.459687 ], [ -70.63972, -33.459642 ], [ -70.639855, -33.459668 ], [ -70.639894, -33.459676 ], [ -70.639848, -33.459852 ], [ -70.639825, -33.45994 ], [ -70.639807, -33.46001 ], [ -70.639792, -33.460067 ], [ -70.63978, -33.460111 ], [ -70.639777, -33.460121 ], [ -70.639755, -33.460208 ], [ -70.639731, -33.460296 ], [ -70.639708, -33.460384 ], [ -70.639691, -33.460451 ], [ -70.639673, -33.460518 ], [ -70.639655, -33.460586 ], [ -70.639541, -33.460565 ], [ -70.63948, -33.460552 ], [ -70.639482, -33.460545 ], [ -70.639486, -33.460532 ], [ -70.639498, -33.460486 ], [ -70.639505, -33.46046 ], [ -70.639516, -33.460419 ], [ -70.639536, -33.460349 ] ] ] } },
{ "type": "Feature", "properties": { "INMUEBLES_": 1052, "COUNT": 5, "INMUEBLE": null, "NUEVO_NUM": 0 }, "geometry": { "type": "MultiPolygon", "coordinates": [ [ [ [ -70.639008, -33.461342 ], [ -70.63902, -33.461344 ], [ -70.639103, -33.461362 ], [ -70.639196, -33.461381 ], [ -70.639434, -33.461429 ], [ -70.63941, -33.461521 ], [ -70.639387, -33.461608 ], [ -70.639368, -33.461679 ], [ -70.639341, -33.461693 ], [ -70.639121, -33.461649 ], [ -70.639028, -33.461631 ], [ -70.638936, -33.461612 ], [ -70.638844, -33.461594 ], [ -70.638919, -33.461324 ], [ -70.639008, -33.461342 ] ] ], [ [ [ -70.63888, -33.46193 ], [ -70.638936, -33.461703 ], [ -70.638982, -33.461713 ], [ -70.639029, -33.461723 ], [ -70.639117, -33.46174 ], [ -70.639321, -33.46178 ], [ -70.63933, -33.461795 ], [ -70.639335, -33.461811 ], [ -70.639301, -33.461938 ], [ -70.639075, -33.461892 ], [ -70.639055, -33.461967 ], [ -70.638965, -33.461948 ], [ -70.63888, -33.46193 ] ] ] ] } },
{ "type": "Feature", "properties": { "INMUEBLES_": 1053, "COUNT": 4, "INMUEBLE": null, "NUEVO_NUM": 0 }, "geometry": { "type": "MultiPolygon", "coordinates": [ [ [ [ -70.638935, -33.462279 ], [ -70.638943, -33.462253 ], [ -70.638951, -33.462215 ], [ -70.638976, -33.462204 ], [ -70.639128, -33.462231 ], [ -70.639222, -33.462248 ], [ -70.639201, -33.46233 ], [ -70.638935, -33.462279 ] ] ], [ [ [ -70.639244, -33.46216 ], [ -70.639225, -33.462234 ], [ -70.63902, -33.462197 ], [ -70.639023, -33.462188 ], [ -70.638916, -33.462168 ], [ -70.638845, -33.462154 ], [ -70.638818, -33.462148 ], [ -70.638837, -33.462082 ], [ -70.638859, -33.462005 ], [ -70.638865, -33.461984 ], [ -70.638872, -33.461959 ], [ -70.63888, -33.46193 ], [ -70.638965, -33.461948 ], [ -70.639055, -33.461967 ], [ -70.639081, -33.461972 ], [ -70.639283, -33.462013 ], [ -70.639264, -33.462085 ], [ -70.639244, -33.46216 ] ] ] ] } },
{ "type": "Feature", "properties": { "INMUEBLES_": 1054, "COUNT": 1, "INMUEBLE": null, "NUEVO_NUM": 0 }, "geometry": { "type": "Polygon", "coordinates": [ [ [ -70.638617, -33.462077 ], [ -70.638609, -33.462107 ], [ -70.638598, -33.462148 ], [ -70.63841, -33.462109 ], [ -70.638428, -33.462039 ], [ -70.638617, -33.462077 ] ] ] } },
{ "type": "Feature", "properties": { "INMUEBLES_": 1118, "COUNT": 5, "INMUEBLE": null, "NUEVO_NUM": 0 }, "geometry": { "type": "Polygon", "coordinates": [ [ [ -70.638389, -33.46434 ], [ -70.638452, -33.464351 ], [ -70.638433, -33.464439 ], [ -70.638503, -33.464452 ], [ -70.63849, -33.464498 ], [ -70.638554, -33.464511 ], [ -70.638623, -33.464524 ], [ -70.638594, -33.464632 ], [ -70.63856, -33.46465 ], [ -70.63852, -33.464643 ], [ -70.638453, -33.464631 ], [ -70.638388, -33.464619 ], [ -70.638317, -33.464606 ], [ -70.638253, -33.464595 ], [ -70.638184, -33.464583 ], [ -70.638241, -33.464374 ], [ -70.638258, -33.464314 ], [ -70.638308, -33.464324 ], [ -70.63832, -33.464327 ], [ -70.638389, -33.46434 ] ] ] } },
{ "type": "Feature", "properties": { "INMUEBLES_": 1057, "COUNT": 8, "INMUEBLE": null, "NUEVO_NUM": 0 }, "geometry": { "type": "Polygon", "coordinates": [ [ [ -70.637735, -33.460779 ], [ -70.637853, -33.460803 ], [ -70.637973, -33.460827 ], [ -70.637946, -33.460928 ], [ -70.637915, -33.461036 ], [ -70.637914, -33.46104 ], [ -70.637792, -33.461016 ], [ -70.637676, -33.460993 ], [ -70.637557, -33.460969 ], [ -70.637393, -33.460937 ], [ -70.637416, -33.460848 ], [ -70.637579, -33.46088 ], [ -70.637701, -33.460904 ], [ -70.637816, -33.460927 ], [ -70.637887, -33.46094 ], [ -70.637894, -33.460916 ], [ -70.637898, -33.460896 ], [ -70.637831, -33.460882 ], [ -70.637713, -33.460859 ], [ -70.637593, -33.460834 ], [ -70.637428, -33.460804 ], [ -70.637449, -33.460721 ], [ -70.637613, -33.460754 ], [ -70.637735, -33.460779 ] ] ] } },
{ "type": "Feature", "properties": { "INMUEBLES_": 1056, "COUNT": 1, "INMUEBLE": null, "NUEVO_NUM": 0 }, "geometry": { "type": "Polygon", "coordinates": [ [ [ -70.637393, -33.460937 ], [ -70.637557, -33.460969 ], [ -70.637676, -33.460993 ], [ -70.637792, -33.461016 ], [ -70.637914, -33.46104 ], [ -70.637915, -33.461036 ], [ -70.638443, -33.461146 ], [ -70.638407, -33.461283 ], [ -70.638185, -33.461237 ], [ -70.638049, -33.461208 ], [ -70.637924, -33.461182 ], [ -70.637878, -33.461173 ], [ -70.637849, -33.461167 ], [ -70.637783, -33.461153 ], [ -70.637532, -33.461101 ], [ -70.637358, -33.461066 ], [ -70.637393, -33.460937 ] ] ] } },
{ "type": "Feature", "properties": { "INMUEBLES_": 1055, "COUNT": 3, "INMUEBLE": null, "NUEVO_NUM": 0 }, "geometry": { "type": "MultiPolygon", "coordinates": [ [ [ [ -70.637342, -33.461382 ], [ -70.637385, -33.46139 ], [ -70.637436, -33.461401 ], [ -70.637484, -33.461411 ], [ -70.637529, -33.46142 ], [ -70.637578, -33.461429 ], [ -70.637625, -33.461439 ], [ -70.63767, -33.461448 ], [ -70.637718, -33.461457 ], [ -70.637763, -33.461467 ], [ -70.637811, -33.461477 ], [ -70.637858, -33.461486 ], [ -70.6379, -33.461495 ], [ -70.637953, -33.461506 ], [ -70.638, -33.461515 ], [ -70.638047, -33.461525 ], [ -70.638092, -33.461534 ], [ -70.638139, -33.461543 ], [ -70.63831, -33.461577 ], [ -70.638325, -33.461597 ], [ -70.638314, -33.461639 ], [ -70.638302, -33.461683 ], [ -70.638287, -33.461741 ], [ -70.638274, -33.461791 ], [ -70.638268, -33.461816 ], [ -70.638249, -33.461825 ], [ -70.638076, -33.461791 ], [ -70.638027, -33.461781 ], [ -70.63798, -33.461772 ], [ -70.637934, -33.461762 ], [ -70.637887, -33.461753 ], [ -70.637841, -33.461744 ], [ -70.637793, -33.461734 ], [ -70.637746, -33.461724 ], [ -70.637699, -33.461715 ], [ -70.637652, -33.461705 ], [ -70.637607, -33.461696 ], [ -70.637555, -33.461687 ], [ -70.637512, -33.461677 ], [ -70.637464, -33.461667 ], [ -70.637419, -33.461658 ], [ -70.637371, -33.461648 ], [ -70.637232, -33.461619 ], [ -70.637217, -33.4616 ], [ -70.637225, -33.46157 ], [ -70.637236, -33.461532 ], [ -70.637247, -33.461488 ], [ -70.637275, -33.461385 ], [ -70.637298, -33.461373 ], [ -70.637342, -33.461382 ] ] ], [ [ [ -70.637168, -33.462202 ], [ -70.637091, -33.462187 ], [ -70.637069, -33.462158 ], [ -70.637095, -33.462059 ], [ -70.637124, -33.461949 ], [ -70.637147, -33.461937 ], [ -70.637191, -33.461945 ], [ -70.637233, -33.461953 ], [ -70.637274, -33.46196 ], [ -70.637315, -33.461968 ], [ -70.637361, -33.461976 ], [ -70.637403, -33.461984 ], [ -70.637445, -33.461992 ], [ -70.637487, -33.462 ], [ -70.637529, -33.462007 ], [ -70.637569, -33.462014 ], [ -70.637613, -33.462022 ], [ -70.637655, -33.46203 ], [ -70.637697, -33.462038 ], [ -70.637739, -33.462045 ], [ -70.637781, -33.462053 ], [ -70.637823, -33.462061 ], [ -70.637872, -33.462069 ], [ -70.637917, -33.462078 ], [ -70.637959, -33.462085 ], [ -70.638, -33.462093 ], [ -70.638172, -33.462124 ], [ -70.638183, -33.46214 ], [ -70.638172, -33.462181 ], [ -70.63816, -33.462224 ], [ -70.638149, -33.462269 ], [ -70.638137, -33.462315 ], [ -70.638125, -33.462361 ], [ -70.638099, -33.462376 ], [ -70.638098, -33.462375 ], [ -70.637931, -33.462345 ], [ -70.637883, -33.462336 ], [ -70.637841, -33.462328 ], [ -70.637822, -33.462325 ], [ -70.637799, -33.46232 ], [ -70.637758, -33.462313 ], [ -70.637714, -33.462304 ], [ -70.637673, -33.462297 ], [ -70.637631, -33.462289 ], [ -70.637589, -33.462281 ], [ -70.637547, -33.462273 ], [ -70.637503, -33.462265 ], [ -70.637462, -33.462257 ], [ -70.63742, -33.462249 ], [ -70.637378, -33.462241 ], [ -70.637335, -33.462233 ], [ -70.637294, -33.462225 ], [ -70.637252, -33.462218 ], [ -70.637209, -33.46221 ], [ -70.637168, -33.462202 ] ] ] ] } },
{ "type": "Feature", "properties": { "INMUEBLES_": 1121, "COUNT": 1, "INMUEBLE": null, "NUEVO_NUM": 0 }, "geometry": { "type": "Polygon", "coordinates": [ [ [ -70.63743, -33.462435 ], [ -70.637403, -33.462539 ], [ -70.637449, -33.462549 ], [ -70.637419, -33.462665 ], [ -70.637372, -33.462657 ], [ -70.637358, -33.462706 ], [ -70.637406, -33.462715 ], [ -70.637396, -33.462756 ], [ -70.637345, -33.462747 ], [ -70.637332, -33.462793 ], [ -70.637371, -33.462801 ], [ -70.637346, -33.462882 ], [ -70.637309, -33.462875 ], [ -70.637293, -33.462933 ], [ -70.637316, -33.462936 ], [ -70.637305, -33.46299 ], [ -70.637282, -33.462986 ], [ -70.637269, -33.463042 ], [ -70.637291, -33.463046 ], [ -70.637281, -33.463094 ], [ -70.637272, -33.463135 ], [ -70.637253, -33.463132 ], [ -70.637241, -33.463185 ], [ -70.637254, -33.463187 ], [ -70.637236, -33.463266 ], [ -70.637227, -33.463265 ], [ -70.637195, -33.463399 ], [ -70.636923, -33.463364 ], [ -70.636788, -33.463344 ], [ -70.636764, -33.463313 ], [ -70.636822, -33.463104 ], [ -70.63693, -33.462681 ], [ -70.636991, -33.462449 ], [ -70.636996, -33.462449 ], [ -70.637004, -33.462421 ], [ -70.637005, -33.462415 ], [ -70.637008, -33.462406 ], [ -70.637011, -33.462398 ], [ -70.637014, -33.462393 ], [ -70.637017, -33.462388 ], [ -70.637021, -33.462385 ], [ -70.637026, -33.462381 ], [ -70.63703, -33.462378 ], [ -70.637036, -33.462376 ], [ -70.637042, -33.462374 ], [ -70.637048, -33.462373 ], [ -70.637054, -33.462373 ], [ -70.63706, -33.462373 ], [ -70.637065, -33.462373 ], [ -70.637114, -33.462382 ], [ -70.637115, -33.462377 ], [ -70.63743, -33.462435 ] ] ] } },
{ "type": "Feature", "properties": { "INMUEBLES_": 1120, "COUNT": 3, "INMUEBLE": null, "NUEVO_NUM": 0 }, "geometry": { "type": "Polygon", "coordinates": [ [ [ -70.63722, -33.463886 ], [ -70.637241, -33.463812 ], [ -70.637448, -33.463851 ], [ -70.637439, -33.463887 ], [ -70.637446, -33.463888 ], [ -70.637436, -33.463928 ], [ -70.637428, -33.463927 ], [ -70.637418, -33.463965 ], [ -70.637426, -33.463966 ], [ -70.637417, -33.464001 ], [ -70.63741, -33.464 ], [ -70.637391, -33.464073 ], [ -70.637181, -33.464035 ], [ -70.6372, -33.463962 ], [ -70.63722, -33.463886 ] ] ] } },
{ "type": "Feature", "properties": { "INMUEBLES_": 1011, "COUNT": 1, "INMUEBLE": null, "NUEVO_NUM": 0 }, "geometry": { "type": "Polygon", "coordinates": [ [ [ -70.63751, -33.458166 ], [ -70.637462, -33.458342 ], [ -70.637098, -33.458274 ], [ -70.637113, -33.45822 ], [ -70.637104, -33.458218 ], [ -70.637121, -33.45816 ], [ -70.637109, -33.458157 ], [ -70.637121, -33.458112 ], [ -70.637153, -33.458119 ], [ -70.63716, -33.458094 ], [ -70.63751, -33.458166 ] ] ] } },
{ "type": "Feature", "properties": { "INMUEBLES_": 1012, "COUNT": 1, "INMUEBLE": null, "NUEVO_NUM": 0 }, "geometry": { "type": "Polygon", "coordinates": [ [ [ -70.637117, -33.457515 ], [ -70.637218, -33.457537 ], [ -70.637328, -33.45756 ], [ -70.637439, -33.457584 ], [ -70.637549, -33.457609 ], [ -70.637661, -33.457633 ], [ -70.63751, -33.458166 ], [ -70.63716, -33.458094 ], [ -70.637165, -33.458074 ], [ -70.636774, -33.457996 ], [ -70.636887, -33.457466 ], [ -70.637117, -33.457515 ] ] ] } },
{ "type": "Feature", "properties": { "INMUEBLES_": 1060, "COUNT": 4, "INMUEBLE": null, "NUEVO_NUM": 0 }, "geometry": { "type": "Polygon", "coordinates": [ [ [ -70.636699, -33.460058 ], [ -70.636715, -33.46 ], [ -70.63673, -33.459944 ], [ -70.636752, -33.459864 ], [ -70.636668, -33.459846 ], [ -70.63669, -33.459765 ], [ -70.636724, -33.459771 ], [ -70.63705, -33.459823 ], [ -70.637021, -33.459925 ], [ -70.637, -33.460001 ], [ -70.636983, -33.460058 ], [ -70.636968, -33.460116 ], [ -70.636699, -33.460058 ] ] ] } },
{ "type": "Feature", "properties": { "INMUEBLES_": 1058, "COUNT": 1, "INMUEBLE": null, "NUEVO_NUM": 0 }, "geometry": { "type": "Polygon", "coordinates": [ [ [ -70.637269, -33.459037 ], [ -70.637248, -33.459111 ], [ -70.637227, -33.45919 ], [ -70.636867, -33.459118 ], [ -70.636884, -33.459044 ], [ -70.636902, -33.458964 ], [ -70.637269, -33.459037 ] ] ] } },
{ "type": "Feature", "properties": { "INMUEBLES_": 1059, "COUNT": 2, "INMUEBLE": null, "NUEVO_NUM": 0 }, "geometry": { "type": "Polygon", "coordinates": [ [ [ -70.636542, -33.459064 ], [ -70.636551, -33.459022 ], [ -70.636559, -33.458988 ], [ -70.636884, -33.459044 ], [ -70.636867, -33.459118 ], [ -70.637227, -33.45919 ], [ -70.637203, -33.459278 ], [ -70.636848, -33.459205 ], [ -70.63685, -33.459196 ], [ -70.636526, -33.459138 ], [ -70.636542, -33.459064 ] ] ] } },
{ "type": "Feature", "properties": { "INMUEBLES_": 1061, "COUNT": 1, "INMUEBLE": null, "NUEVO_NUM": 0 }, "geometry": { "type": "Polygon", "coordinates": [ [ [ -70.636789, -33.459477 ], [ -70.63678, -33.459516 ], [ -70.636763, -33.459591 ], [ -70.636439, -33.45954 ], [ -70.636465, -33.459421 ], [ -70.636789, -33.459477 ] ] ] } },
{ "type": "Feature", "properties": { "INMUEBLES_": 1062, "COUNT": 3, "INMUEBLE": null, "NUEVO_NUM": 0 }, "geometry": { "type": "Polygon", "coordinates": [ [ [ -70.636019, -33.458566 ], [ -70.636035, -33.458511 ], [ -70.636073, -33.458492 ], [ -70.636259, -33.458532 ], [ -70.636404, -33.458563 ], [ -70.636426, -33.458591 ], [ -70.636409, -33.458664 ], [ -70.6363, -33.458644 ], [ -70.636285, -33.45869 ], [ -70.636233, -33.458681 ], [ -70.63623, -33.458691 ], [ -70.636216, -33.458689 ], [ -70.63622, -33.458674 ], [ -70.636001, -33.458629 ], [ -70.636019, -33.458566 ] ] ] } },
{ "type": "Feature", "properties": { "INMUEBLES_": 1063, "COUNT": 2, "INMUEBLE": null, "NUEVO_NUM": 0 }, "geometry": { "type": "Polygon", "coordinates": [ [ [ -70.635819, -33.459245 ], [ -70.636054, -33.459291 ], [ -70.636038, -33.459338 ], [ -70.636044, -33.45934 ], [ -70.636042, -33.459348 ], [ -70.636031, -33.459385 ], [ -70.636026, -33.459403 ], [ -70.636018, -33.459431 ], [ -70.636009, -33.459431 ], [ -70.636001, -33.459457 ], [ -70.635996, -33.459475 ], [ -70.635765, -33.459429 ], [ -70.635791, -33.459338 ], [ -70.635819, -33.459245 ] ] ] } },
{ "type": "Feature", "properties": { "INMUEBLES_": 1064, "COUNT": 3, "INMUEBLE": null, "NUEVO_NUM": 0 }, "geometry": { "type": "Polygon", "coordinates": [ [ [ -70.635974, -33.459794 ], [ -70.635951, -33.459887 ], [ -70.635924, -33.459985 ], [ -70.635857, -33.459971 ], [ -70.635647, -33.459928 ], [ -70.635629, -33.459899 ], [ -70.635644, -33.459846 ], [ -70.63588, -33.459893 ], [ -70.635897, -33.459836 ], [ -70.635908, -33.459782 ], [ -70.635974, -33.459794 ] ] ] } },
{ "type": "Feature", "properties": { "INMUEBLES_": 1065, "COUNT": 3, "INMUEBLE": null, "NUEVO_NUM": 0 }, "geometry": { "type": "Polygon", "coordinates": [ [ [ -70.636055, -33.460271 ], [ -70.636034, -33.46035 ], [ -70.635867, -33.460315 ], [ -70.635785, -33.460298 ], [ -70.635778, -33.460296 ], [ -70.635783, -33.460278 ], [ -70.635793, -33.46028 ], [ -70.635798, -33.460265 ], [ -70.635787, -33.460262 ], [ -70.635803, -33.460207 ], [ -70.63583, -33.460122 ], [ -70.635914, -33.46014 ], [ -70.636053, -33.460169 ], [ -70.636075, -33.4602 ], [ -70.636055, -33.460271 ] ] ] } },
{ "type": "Feature", "properties": { "INMUEBLES_": 1013, "COUNT": 1, "INMUEBLE": null, "NUEVO_NUM": 0 }, "geometry": { "type": "Polygon", "coordinates": [ [ [ -70.636082, -33.457789 ], [ -70.636076, -33.457809 ], [ -70.636069, -33.457834 ], [ -70.636052, -33.457891 ], [ -70.635837, -33.457851 ], [ -70.635846, -33.457823 ], [ -70.635839, -33.45782 ], [ -70.635845, -33.457796 ], [ -70.635855, -33.45776 ], [ -70.635866, -33.457758 ], [ -70.635871, -33.457741 ], [ -70.636082, -33.457789 ] ] ] } },
{ "type": "Feature", "properties": { "INMUEBLES_": 1014, "COUNT": 5, "INMUEBLE": null, "NUEVO_NUM": 0 }, "geometry": { "type": "Polygon", "coordinates": [ [ [ -70.63556, -33.457968 ], [ -70.63559, -33.457859 ], [ -70.635605, -33.457805 ], [ -70.635622, -33.457751 ], [ -70.635655, -33.45764 ], [ -70.635877, -33.457691 ], [ -70.635869, -33.45772 ], [ -70.635876, -33.457723 ], [ -70.635871, -33.457741 ], [ -70.635866, -33.457758 ], [ -70.635855, -33.45776 ], [ -70.635845, -33.457796 ], [ -70.635839, -33.45782 ], [ -70.635846, -33.457823 ], [ -70.635837, -33.457851 ], [ -70.635836, -33.457855 ], [ -70.635827, -33.457887 ], [ -70.635821, -33.457886 ], [ -70.635814, -33.45791 ], [ -70.635811, -33.457918 ], [ -70.635801, -33.457956 ], [ -70.635808, -33.457958 ], [ -70.635799, -33.457993 ], [ -70.63579, -33.458023 ], [ -70.635787, -33.458033 ], [ -70.635781, -33.458032 ], [ -70.635773, -33.458062 ], [ -70.635765, -33.458092 ], [ -70.635536, -33.458045 ], [ -70.63556, -33.457968 ] ] ] } },
{ "type": "Feature", "properties": { "INMUEBLES_": 1067, "COUNT": 1, "INMUEBLE": null, "NUEVO_NUM": 0 }, "geometry": { "type": "Polygon", "coordinates": [ [ [ -70.63545, -33.459125 ], [ -70.63556, -33.459146 ], [ -70.635675, -33.45917 ], [ -70.635641, -33.459282 ], [ -70.635423, -33.459236 ], [ -70.635427, -33.459222 ], [ -70.635422, -33.459221 ], [ -70.635428, -33.4592 ], [ -70.635435, -33.459202 ], [ -70.635444, -33.459164 ], [ -70.635438, -33.459162 ], [ -70.63545, -33.459125 ] ] ] } },
{ "type": "Feature", "properties": { "INMUEBLES_": 1069, "COUNT": 7, "INMUEBLE": null, "NUEVO_NUM": 0 }, "geometry": { "type": "Polygon", "coordinates": [ [ [ -70.634842, -33.459085 ], [ -70.634847, -33.459086 ], [ -70.634967, -33.45911 ], [ -70.635057, -33.459129 ], [ -70.635036, -33.459201 ], [ -70.635017, -33.459265 ], [ -70.635004, -33.459313 ], [ -70.634982, -33.459385 ], [ -70.634949, -33.459496 ], [ -70.634928, -33.45957 ], [ -70.634719, -33.459524 ], [ -70.634723, -33.459508 ], [ -70.634716, -33.459505 ], [ -70.634722, -33.459486 ], [ -70.634727, -33.459467 ], [ -70.634734, -33.459467 ], [ -70.634739, -33.459449 ], [ -70.634748, -33.459451 ], [ -70.634754, -33.459433 ], [ -70.634735, -33.459429 ], [ -70.63474, -33.45941 ], [ -70.63452, -33.45937 ], [ -70.634541, -33.459297 ], [ -70.634761, -33.459338 ], [ -70.634771, -33.459302 ], [ -70.634778, -33.459303 ], [ -70.634789, -33.459265 ], [ -70.634792, -33.459253 ], [ -70.634784, -33.459251 ], [ -70.634792, -33.459228 ], [ -70.634795, -33.45922 ], [ -70.634804, -33.459192 ], [ -70.634814, -33.459193 ], [ -70.634818, -33.459178 ], [ -70.634824, -33.459157 ], [ -70.634814, -33.459155 ], [ -70.634825, -33.459118 ], [ -70.63483, -33.45912 ], [ -70.634842, -33.459085 ] ] ] } },
{ "type": "Feature", "properties": { "INMUEBLES_": 1070, "COUNT": 1, "INMUEBLE": null, "NUEVO_NUM": 0 }, "geometry": { "type": "Polygon", "coordinates": [ [ [ -70.63452, -33.45937 ], [ -70.63474, -33.45941 ], [ -70.634735, -33.459429 ], [ -70.634754, -33.459433 ], [ -70.634748, -33.459451 ], [ -70.634739, -33.459449 ], [ -70.634734, -33.459467 ], [ -70.634727, -33.459467 ], [ -70.634722, -33.459486 ], [ -70.634498, -33.459445 ], [ -70.63452, -33.45937 ] ] ] } },
{ "type": "Feature", "properties": { "INMUEBLES_": 1151, "COUNT": 12, "INMUEBLE": null, "NUEVO_NUM": 0 }, "geometry": { "type": "Polygon", "coordinates": [ [ [ -70.633074, -33.464512 ], [ -70.633093, -33.464438 ], [ -70.633094, -33.464438 ], [ -70.633115, -33.464364 ], [ -70.633336, -33.464402 ], [ -70.633326, -33.464442 ], [ -70.633335, -33.464445 ], [ -70.633324, -33.464481 ], [ -70.633301, -33.464477 ], [ -70.63329, -33.464513 ], [ -70.633314, -33.464519 ], [ -70.633305, -33.464554 ], [ -70.633301, -33.46457 ], [ -70.633293, -33.464597 ], [ -70.633283, -33.464595 ], [ -70.633275, -33.464626 ], [ -70.633265, -33.464662 ], [ -70.633275, -33.464666 ], [ -70.633266, -33.464701 ], [ -70.633257, -33.464699 ], [ -70.633247, -33.464734 ], [ -70.633257, -33.464737 ], [ -70.633247, -33.464775 ], [ -70.633237, -33.464811 ], [ -70.633227, -33.464809 ], [ -70.633217, -33.464847 ], [ -70.633208, -33.46488 ], [ -70.63322, -33.464883 ], [ -70.633208, -33.464923 ], [ -70.633197, -33.464962 ], [ -70.633187, -33.46496 ], [ -70.633178, -33.464996 ], [ -70.633169, -33.465029 ], [ -70.63318, -33.465031 ], [ -70.633169, -33.465069 ], [ -70.633159, -33.465067 ], [ -70.633148, -33.465106 ], [ -70.633159, -33.46511 ], [ -70.63315, -33.465144 ], [ -70.633139, -33.465142 ], [ -70.633119, -33.465218 ], [ -70.63311, -33.465252 ], [ -70.633118, -33.465255 ], [ -70.633107, -33.465293 ], [ -70.632877, -33.465246 ], [ -70.632896, -33.465174 ], [ -70.632916, -33.465101 ], [ -70.632936, -33.465026 ], [ -70.632946, -33.464986 ], [ -70.632955, -33.464955 ], [ -70.632976, -33.464877 ], [ -70.632982, -33.464854 ], [ -70.632995, -33.464805 ], [ -70.633015, -33.464733 ], [ -70.633034, -33.464658 ], [ -70.633039, -33.464641 ], [ -70.633054, -33.464584 ], [ -70.633073, -33.464511 ], [ -70.633074, -33.464512 ] ] ] } },
{ "type": "Feature", "properties": { "INMUEBLES_": 1152, "COUNT": 3, "INMUEBLE": null, "NUEVO_NUM": 0 }, "geometry": { "type": "Polygon", "coordinates": [ [ [ -70.632877, -33.466126 ], [ -70.63309, -33.466165 ], [ -70.633082, -33.466196 ], [ -70.633071, -33.466239 ], [ -70.633051, -33.466313 ], [ -70.633032, -33.466386 ], [ -70.632812, -33.466351 ], [ -70.632828, -33.466274 ], [ -70.632821, -33.466273 ], [ -70.632832, -33.466237 ], [ -70.632844, -33.466239 ], [ -70.632856, -33.466201 ], [ -70.632867, -33.466164 ], [ -70.63286, -33.466162 ], [ -70.632872, -33.466125 ], [ -70.632877, -33.466126 ] ] ] } },
{ "type": "Feature", "properties": { "INMUEBLES_": 1154, "COUNT": 2, "INMUEBLE": null, "NUEVO_NUM": 0 }, "geometry": { "type": "Polygon", "coordinates": [ [ [ -70.632309, -33.467367 ], [ -70.632329, -33.467292 ], [ -70.632539, -33.467331 ], [ -70.632528, -33.467375 ], [ -70.632537, -33.467379 ], [ -70.632529, -33.46741 ], [ -70.632519, -33.467447 ], [ -70.63251, -33.467445 ], [ -70.632502, -33.467479 ], [ -70.63229, -33.467439 ], [ -70.632309, -33.467367 ] ] ] } },
{ "type": "Feature", "properties": { "INMUEBLES_": 1018, "COUNT": 8, "INMUEBLE": null, "NUEVO_NUM": 0 }, "geometry": { "type": "Polygon", "coordinates": [ [ [ -70.634711, -33.457384 ], [ -70.634924, -33.457425 ], [ -70.634909, -33.457477 ], [ -70.634892, -33.457535 ], [ -70.634876, -33.45759 ], [ -70.634855, -33.457663 ], [ -70.634834, -33.457736 ], [ -70.634812, -33.45781 ], [ -70.634791, -33.457881 ], [ -70.634768, -33.457955 ], [ -70.634551, -33.457908 ], [ -70.634561, -33.457869 ], [ -70.634551, -33.457865 ], [ -70.634561, -33.457832 ], [ -70.634572, -33.457796 ], [ -70.634589, -33.457799 ], [ -70.634599, -33.457763 ], [ -70.63461, -33.457725 ], [ -70.634595, -33.457722 ], [ -70.634606, -33.457687 ], [ -70.634617, -33.457651 ], [ -70.634617, -33.45765 ], [ -70.634636, -33.457653 ], [ -70.634645, -33.457619 ], [ -70.634646, -33.457617 ], [ -70.634632, -33.457614 ], [ -70.634643, -33.457578 ], [ -70.634647, -33.457578 ], [ -70.634656, -33.457546 ], [ -70.634663, -33.457518 ], [ -70.634669, -33.457519 ], [ -70.634678, -33.457491 ], [ -70.634684, -33.457471 ], [ -70.634677, -33.457468 ], [ -70.634687, -33.457436 ], [ -70.634701, -33.45739 ], [ -70.63471, -33.45739 ], [ -70.634711, -33.457384 ] ] ] } },
{ "type": "Feature", "properties": { "INMUEBLES_": 1016, "COUNT": 2, "INMUEBLE": null, "NUEVO_NUM": 0 }, "geometry": { "type": "Polygon", "coordinates": [ [ [ -70.634905, -33.456934 ], [ -70.634957, -33.456751 ], [ -70.635045, -33.45677 ], [ -70.635078, -33.456777 ], [ -70.635101, -33.456808 ], [ -70.635055, -33.456965 ], [ -70.635023, -33.457077 ], [ -70.635002, -33.457151 ], [ -70.634795, -33.457106 ], [ -70.634782, -33.457103 ], [ -70.634795, -33.457061 ], [ -70.634812, -33.457064 ], [ -70.63482, -33.457034 ], [ -70.634873, -33.457045 ], [ -70.634905, -33.456934 ] ] ] } },
{ "type": "Feature", "properties": { "INMUEBLES_": 1017, "COUNT": 2, "INMUEBLE": null, "NUEVO_NUM": 0 }, "geometry": { "type": "Polygon", "coordinates": [ [ [ -70.634566, -33.457051 ], [ -70.634587, -33.456983 ], [ -70.634683, -33.457005 ], [ -70.63477, -33.457023 ], [ -70.63482, -33.457034 ], [ -70.634812, -33.457064 ], [ -70.634795, -33.457061 ], [ -70.634782, -33.457103 ], [ -70.634795, -33.457106 ], [ -70.634787, -33.457142 ], [ -70.634776, -33.457141 ], [ -70.634764, -33.457178 ], [ -70.634543, -33.457129 ], [ -70.634566, -33.457051 ] ] ] } },
{ "type": "Feature", "properties": { "INMUEBLES_": 1071, "COUNT": 2, "INMUEBLE": null, "NUEVO_NUM": 0 }, "geometry": { "type": "Polygon", "coordinates": [ [ [ -70.634246, -33.458964 ], [ -70.634251, -33.458947 ], [ -70.634241, -33.458944 ], [ -70.634246, -33.458926 ], [ -70.634254, -33.458907 ], [ -70.634263, -33.458908 ], [ -70.634267, -33.458893 ], [ -70.634271, -33.458879 ], [ -70.634279, -33.458852 ], [ -70.634272, -33.458851 ], [ -70.634281, -33.458817 ], [ -70.634364, -33.458833 ], [ -70.634505, -33.458862 ], [ -70.634486, -33.458925 ], [ -70.634472, -33.458972 ], [ -70.63445, -33.459046 ], [ -70.634234, -33.459006 ], [ -70.634224, -33.459004 ], [ -70.63423, -33.458983 ], [ -70.634239, -33.458984 ], [ -70.634246, -33.458964 ] ] ] } },
{ "type": "Feature", "properties": { "INMUEBLES_": 1073, "COUNT": 1, "INMUEBLE": null, "NUEVO_NUM": 0 }, "geometry": { "type": "Polygon", "coordinates": [ [ [ -70.634201, -33.459115 ], [ -70.63419, -33.459148 ], [ -70.634182, -33.459148 ], [ -70.634172, -33.459183 ], [ -70.633951, -33.45914 ], [ -70.633973, -33.459067 ], [ -70.633994, -33.458993 ], [ -70.634216, -33.459037 ], [ -70.634209, -33.459059 ], [ -70.634203, -33.459079 ], [ -70.634212, -33.459081 ], [ -70.634201, -33.459115 ] ] ] } },
{ "type": "Feature", "properties": { "INMUEBLES_": 1156, "COUNT": 5, "INMUEBLE": null, "NUEVO_NUM": 0 }, "geometry": { "type": "Polygon", "coordinates": [ [ [ -70.632436, -33.464566 ], [ -70.632456, -33.464492 ], [ -70.632475, -33.464418 ], [ -70.632495, -33.464344 ], [ -70.632534, -33.464197 ], [ -70.632759, -33.46424 ], [ -70.632747, -33.464277 ], [ -70.632736, -33.464275 ], [ -70.632734, -33.464285 ], [ -70.632727, -33.464311 ], [ -70.632721, -33.464337 ], [ -70.632717, -33.464349 ], [ -70.632728, -33.464352 ], [ -70.632717, -33.464386 ], [ -70.632711, -33.464385 ], [ -70.6327, -33.464424 ], [ -70.632709, -33.464426 ], [ -70.6327, -33.464456 ], [ -70.632688, -33.464497 ], [ -70.632682, -33.464494 ], [ -70.63267, -33.464534 ], [ -70.632679, -33.464535 ], [ -70.63267, -33.464569 ], [ -70.632664, -33.464568 ], [ -70.632653, -33.464607 ], [ -70.632436, -33.464566 ] ] ] } },
{ "type": "Feature", "properties": { "INMUEBLES_": 1158, "COUNT": 2, "INMUEBLE": null, "NUEVO_NUM": 0 }, "geometry": { "type": "Polygon", "coordinates": [ [ [ -70.63182, -33.467707 ], [ -70.631827, -33.467673 ], [ -70.631834, -33.467674 ], [ -70.631844, -33.467634 ], [ -70.632065, -33.467674 ], [ -70.632045, -33.467746 ], [ -70.632025, -33.467823 ], [ -70.631808, -33.467783 ], [ -70.631793, -33.46778 ], [ -70.631805, -33.467739 ], [ -70.631812, -33.46774 ], [ -70.63182, -33.467707 ] ] ] } },
{ "type": "Feature", "properties": { "INMUEBLES_": 1157, "COUNT": 5, "INMUEBLE": null, "NUEVO_NUM": 0 }, "geometry": { "type": "Polygon", "coordinates": [ [ [ -70.631683, -33.467374 ], [ -70.631704, -33.4673 ], [ -70.631923, -33.467339 ], [ -70.631903, -33.467414 ], [ -70.631884, -33.467488 ], [ -70.631863, -33.467561 ], [ -70.631844, -33.467634 ], [ -70.631834, -33.467674 ], [ -70.631827, -33.467673 ], [ -70.63182, -33.467707 ], [ -70.631604, -33.467672 ], [ -70.631623, -33.467599 ], [ -70.631643, -33.467524 ], [ -70.631663, -33.467449 ], [ -70.631683, -33.467374 ] ] ] } },
{ "type": "Feature", "properties": { "INMUEBLES_": 1020, "COUNT": 2, "INMUEBLE": null, "NUEVO_NUM": 0 }, "geometry": { "type": "Polygon", "coordinates": [ [ [ -70.634383, -33.456629 ], [ -70.634411, -33.456635 ], [ -70.63449, -33.456653 ], [ -70.634509, -33.456681 ], [ -70.634488, -33.456751 ], [ -70.634358, -33.456724 ], [ -70.634383, -33.456629 ] ] ] } },
{ "type": "Feature", "properties": { "INMUEBLES_": 1074, "COUNT": 6, "INMUEBLE": null, "NUEVO_NUM": 0 }, "geometry": { "type": "Polygon", "coordinates": [ [ [ -70.633728, -33.458551 ], [ -70.633735, -33.458552 ], [ -70.633719, -33.458605 ], [ -70.633712, -33.458627 ], [ -70.633703, -33.458626 ], [ -70.633683, -33.4587 ], [ -70.633686, -33.458701 ], [ -70.633692, -33.458702 ], [ -70.633679, -33.45874 ], [ -70.633671, -33.458739 ], [ -70.63366, -33.458774 ], [ -70.63365, -33.458808 ], [ -70.633659, -33.458811 ], [ -70.633646, -33.458847 ], [ -70.63364, -33.458846 ], [ -70.633628, -33.458883 ], [ -70.633638, -33.458886 ], [ -70.633626, -33.45892 ], [ -70.633615, -33.458956 ], [ -70.633608, -33.458955 ], [ -70.633597, -33.458992 ], [ -70.633605, -33.458993 ], [ -70.633591, -33.459039 ], [ -70.633582, -33.459038 ], [ -70.633569, -33.459083 ], [ -70.633578, -33.459085 ], [ -70.633564, -33.45913 ], [ -70.633557, -33.459129 ], [ -70.633543, -33.459176 ], [ -70.633274, -33.459122 ], [ -70.6333, -33.459028 ], [ -70.633325, -33.458937 ], [ -70.633345, -33.458862 ], [ -70.63336, -33.458809 ], [ -70.633365, -33.458791 ], [ -70.633405, -33.458641 ], [ -70.633444, -33.458496 ], [ -70.633728, -33.458551 ] ] ] } },
{ "type": "Feature", "properties": { "INMUEBLES_": 1075, "COUNT": 8, "INMUEBLE": null, "NUEVO_NUM": 0 }, "geometry": { "type": "Polygon", "coordinates": [ [ [ -70.633131, -33.459657 ], [ -70.633147, -33.459601 ], [ -70.633174, -33.459587 ], [ -70.633416, -33.459636 ], [ -70.633401, -33.459683 ], [ -70.633385, -33.45968 ], [ -70.633377, -33.45971 ], [ -70.633365, -33.459748 ], [ -70.633372, -33.459749 ], [ -70.633363, -33.459782 ], [ -70.633355, -33.459781 ], [ -70.633344, -33.45982 ], [ -70.633353, -33.459821 ], [ -70.633347, -33.459837 ], [ -70.63334, -33.459836 ], [ -70.633335, -33.459853 ], [ -70.633324, -33.459892 ], [ -70.633336, -33.459894 ], [ -70.633325, -33.459931 ], [ -70.633072, -33.459878 ], [ -70.633092, -33.459804 ], [ -70.633111, -33.459731 ], [ -70.633131, -33.459657 ] ] ] } },
{ "type": "Feature", "properties": { "INMUEBLES_": 1128, "COUNT": 2, "INMUEBLE": null, "NUEVO_NUM": 0 }, "geometry": { "type": "Polygon", "coordinates": [ [ [ -70.632619, -33.462388 ], [ -70.63261, -33.462422 ], [ -70.632622, -33.462424 ], [ -70.632609, -33.462466 ], [ -70.632606, -33.462477 ], [ -70.632596, -33.462474 ], [ -70.63259, -33.462495 ], [ -70.632586, -33.46251 ], [ -70.632596, -33.462513 ], [ -70.632589, -33.46254 ], [ -70.632583, -33.462565 ], [ -70.632572, -33.462563 ], [ -70.63256, -33.46261 ], [ -70.632571, -33.462613 ], [ -70.632563, -33.462647 ], [ -70.632553, -33.462646 ], [ -70.63254, -33.462696 ], [ -70.632438, -33.462678 ], [ -70.632344, -33.46266 ], [ -70.632332, -33.462644 ], [ -70.632353, -33.462563 ], [ -70.632383, -33.46245 ], [ -70.632413, -33.462341 ], [ -70.632619, -33.462388 ] ] ] } },
{ "type": "Feature", "properties": { "INMUEBLES_": 1129, "COUNT": 1, "INMUEBLE": null, "NUEVO_NUM": 0 }, "geometry": { "type": "Polygon", "coordinates": [ [ [ -70.632409, -33.463193 ], [ -70.6324, -33.463229 ], [ -70.632409, -33.463231 ], [ -70.6324, -33.463269 ], [ -70.632389, -33.463267 ], [ -70.632177, -33.46323 ], [ -70.632197, -33.463154 ], [ -70.632409, -33.463193 ] ] ] } },
{ "type": "Feature", "properties": { "INMUEBLES_": 1159, "COUNT": 1, "INMUEBLE": null, "NUEVO_NUM": 0 }, "geometry": { "type": "Polygon", "coordinates": [ [ [ -70.63173, -33.465698 ], [ -70.631711, -33.465767 ], [ -70.631511, -33.465727 ], [ -70.631529, -33.465663 ], [ -70.63173, -33.465698 ] ] ] } },
{ "type": "Feature", "properties": { "INMUEBLES_": 60, "COUNT": 3, "INMUEBLE": null, "NUEVO_NUM": 0 }, "geometry": { "type": "Polygon", "coordinates": [ [ [ -70.633309, -33.45669 ], [ -70.633327, -33.456623 ], [ -70.63338, -33.456439 ], [ -70.633415, -33.456421 ], [ -70.633468, -33.456433 ], [ -70.633558, -33.456452 ], [ -70.633645, -33.456471 ], [ -70.633736, -33.456491 ], [ -70.633785, -33.456501 ], [ -70.633809, -33.456531 ], [ -70.63376, -33.456711 ], [ -70.633741, -33.456779 ], [ -70.633723, -33.456845 ], [ -70.633507, -33.456805 ], [ -70.633505, -33.456804 ], [ -70.633288, -33.456761 ], [ -70.633309, -33.45669 ] ] ] } },
{ "type": "Feature", "properties": { "INMUEBLES_": 1023, "COUNT": 1, "INMUEBLE": null, "NUEVO_NUM": 0 }, "geometry": { "type": "Polygon", "coordinates": [ [ [ -70.633317, -33.457499 ], [ -70.633307, -33.457537 ], [ -70.633294, -33.457584 ], [ -70.633074, -33.457544 ], [ -70.633098, -33.457455 ], [ -70.633317, -33.457499 ] ] ] } },
{ "type": "Feature", "properties": { "INMUEBLES_": 1077, "COUNT": 2, "INMUEBLE": null, "NUEVO_NUM": 0 }, "geometry": { "type": "Polygon", "coordinates": [ [ [ -70.633095, -33.458353 ], [ -70.633106, -33.458318 ], [ -70.633097, -33.458317 ], [ -70.633107, -33.458282 ], [ -70.633115, -33.45825 ], [ -70.633124, -33.458251 ], [ -70.633134, -33.458212 ], [ -70.63314, -33.458213 ], [ -70.633141, -33.458209 ], [ -70.63323, -33.458222 ], [ -70.633347, -33.458243 ], [ -70.633318, -33.458354 ], [ -70.633305, -33.458403 ], [ -70.633288, -33.458468 ], [ -70.633068, -33.458426 ], [ -70.633076, -33.458394 ], [ -70.633084, -33.458394 ], [ -70.633095, -33.458353 ] ] ] } },
{ "type": "Feature", "properties": { "INMUEBLES_": 1078, "COUNT": 5, "INMUEBLE": null, "NUEVO_NUM": 0 }, "geometry": { "type": "Polygon", "coordinates": [ [ [ -70.633134, -33.458212 ], [ -70.633124, -33.458251 ], [ -70.633115, -33.45825 ], [ -70.633107, -33.458282 ], [ -70.633097, -33.458317 ], [ -70.633106, -33.458318 ], [ -70.633095, -33.458353 ], [ -70.633084, -33.458394 ], [ -70.633076, -33.458394 ], [ -70.633068, -33.458426 ], [ -70.633059, -33.458453 ], [ -70.633068, -33.458454 ], [ -70.633056, -33.458499 ], [ -70.633047, -33.458531 ], [ -70.633039, -33.45853 ], [ -70.633028, -33.45857 ], [ -70.632812, -33.458527 ], [ -70.632832, -33.458453 ], [ -70.632851, -33.458382 ], [ -70.63287, -33.458309 ], [ -70.632889, -33.458239 ], [ -70.632908, -33.458167 ], [ -70.633134, -33.458212 ] ] ] } },
{ "type": "Feature", "properties": { "INMUEBLES_": 1079, "COUNT": 1, "INMUEBLE": null, "NUEVO_NUM": 0 }, "geometry": { "type": "Polygon", "coordinates": [ [ [ -70.632829, -33.459308 ], [ -70.632838, -33.459309 ], [ -70.632828, -33.459346 ], [ -70.63282, -33.459346 ], [ -70.632809, -33.45938 ], [ -70.632723, -33.459364 ], [ -70.632614, -33.459342 ], [ -70.632597, -33.459319 ], [ -70.632613, -33.459261 ], [ -70.632758, -33.459292 ], [ -70.632829, -33.459308 ] ] ] } },
{ "type": "Feature", "properties": { "INMUEBLES_": 1080, "COUNT": 2, "INMUEBLE": null, "NUEVO_NUM": 0 }, "geometry": { "type": "Polygon", "coordinates": [ [ [ -70.63256, -33.46032 ], [ -70.632778, -33.460363 ], [ -70.632738, -33.46051 ], [ -70.632302, -33.460417 ], [ -70.63234, -33.460274 ], [ -70.63256, -33.46032 ] ] ] } },
{ "type": "Feature", "properties": { "INMUEBLES_": 1130, "COUNT": 1, "INMUEBLE": null, "NUEVO_NUM": 0 }, "geometry": { "type": "Polygon", "coordinates": [ [ [ -70.632146, -33.461574 ], [ -70.632177, -33.461464 ], [ -70.632289, -33.461485 ], [ -70.632253, -33.461599 ], [ -70.632216, -33.46159 ], [ -70.632146, -33.461574 ] ] ] } },
{ "type": "Feature", "properties": { "INMUEBLES_": 1131, "COUNT": 1, "INMUEBLE": null, "NUEVO_NUM": 0 }, "geometry": { "type": "Polygon", "coordinates": [ [ [ -70.632098, -33.462032 ], [ -70.632176, -33.462051 ], [ -70.632149, -33.462156 ], [ -70.632099, -33.462146 ], [ -70.631854, -33.462098 ], [ -70.631869, -33.462038 ], [ -70.631884, -33.46198 ], [ -70.632098, -33.462032 ] ] ] } },
{ "type": "Feature", "properties": { "INMUEBLES_": 1132, "COUNT": 1, "INMUEBLE": null, "NUEVO_NUM": 0 }, "geometry": { "type": "Polygon", "coordinates": [ [ [ -70.632005, -33.462393 ], [ -70.632002, -33.462404 ], [ -70.631994, -33.462435 ], [ -70.632006, -33.462437 ], [ -70.631998, -33.462465 ], [ -70.631768, -33.46242 ], [ -70.631787, -33.462348 ], [ -70.632005, -33.462393 ] ] ] } },
{ "type": "Feature", "properties": { "INMUEBLES_": 1162, "COUNT": 17, "INMUEBLE": null, "NUEVO_NUM": 0 }, "geometry": { "type": "Polygon", "coordinates": [ [ [ -70.631466, -33.464348 ], [ -70.631476, -33.464312 ], [ -70.631484, -33.464314 ], [ -70.631495, -33.464277 ], [ -70.631507, -33.464236 ], [ -70.631491, -33.464233 ], [ -70.631501, -33.4642 ], [ -70.631507, -33.464201 ], [ -70.631517, -33.464163 ], [ -70.631524, -33.464165 ], [ -70.631534, -33.464131 ], [ -70.631525, -33.464129 ], [ -70.631537, -33.464091 ], [ -70.631543, -33.464092 ], [ -70.631554, -33.464057 ], [ -70.631543, -33.464055 ], [ -70.631555, -33.464014 ], [ -70.631565, -33.464016 ], [ -70.631573, -33.463983 ], [ -70.631584, -33.463945 ], [ -70.631569, -33.463942 ], [ -70.63158, -33.463906 ], [ -70.631603, -33.463911 ], [ -70.631822, -33.46395 ], [ -70.631802, -33.464025 ], [ -70.631783, -33.464099 ], [ -70.631762, -33.464172 ], [ -70.631743, -33.464247 ], [ -70.631724, -33.464318 ], [ -70.631704, -33.464391 ], [ -70.631684, -33.464467 ], [ -70.631664, -33.46454 ], [ -70.631644, -33.464613 ], [ -70.631624, -33.464687 ], [ -70.631606, -33.46476 ], [ -70.631604, -33.464759 ], [ -70.631584, -33.464834 ], [ -70.631586, -33.464834 ], [ -70.631566, -33.464905 ], [ -70.631546, -33.46498 ], [ -70.631526, -33.465052 ], [ -70.631509, -33.465121 ], [ -70.631487, -33.465202 ], [ -70.631267, -33.465162 ], [ -70.631251, -33.46516 ], [ -70.63126, -33.465124 ], [ -70.631275, -33.465126 ], [ -70.631286, -33.465085 ], [ -70.631293, -33.465057 ], [ -70.631303, -33.465014 ], [ -70.631311, -33.464984 ], [ -70.631322, -33.464941 ], [ -70.631328, -33.464918 ], [ -70.631331, -33.464906 ], [ -70.63132, -33.464903 ], [ -70.631328, -33.464865 ], [ -70.631342, -33.464867 ], [ -70.631352, -33.464831 ], [ -70.631338, -33.464828 ], [ -70.631348, -33.464791 ], [ -70.631362, -33.464793 ], [ -70.631369, -33.464756 ], [ -70.631358, -33.464754 ], [ -70.631368, -33.464714 ], [ -70.631385, -33.464644 ], [ -70.631399, -33.464647 ], [ -70.631407, -33.464611 ], [ -70.631396, -33.464609 ], [ -70.631406, -33.464573 ], [ -70.631411, -33.464554 ], [ -70.631421, -33.464556 ], [ -70.631427, -33.464534 ], [ -70.631445, -33.46447 ], [ -70.631434, -33.464467 ], [ -70.631446, -33.464422 ], [ -70.631456, -33.464424 ], [ -70.631467, -33.464386 ], [ -70.631456, -33.464383 ], [ -70.631466, -33.464348 ] ] ] } },
{ "type": "Feature", "properties": { "INMUEBLES_": 1164, "COUNT": 4, "INMUEBLE": null, "NUEVO_NUM": 0 }, "geometry": { "type": "Polygon", "coordinates": [ [ [ -70.630927, -33.465584 ], [ -70.630946, -33.465511 ], [ -70.631096, -33.465545 ], [ -70.631081, -33.465617 ], [ -70.631139, -33.465628 ], [ -70.631129, -33.465665 ], [ -70.631138, -33.465667 ], [ -70.631128, -33.465703 ], [ -70.631121, -33.465702 ], [ -70.631111, -33.465739 ], [ -70.631118, -33.465741 ], [ -70.631107, -33.465778 ], [ -70.631097, -33.465811 ], [ -70.631093, -33.465811 ], [ -70.631082, -33.465849 ], [ -70.630868, -33.465803 ], [ -70.630888, -33.465729 ], [ -70.630907, -33.465654 ], [ -70.630922, -33.465603 ], [ -70.630927, -33.465584 ] ] ] } },
{ "type": "Feature", "properties": { "INMUEBLES_": 1028, "COUNT": 1, "INMUEBLE": null, "NUEVO_NUM": 0 }, "geometry": { "type": "Polygon", "coordinates": [ [ [ -70.63267, -33.458245 ], [ -70.632671, -33.458245 ], [ -70.632661, -33.458281 ], [ -70.63266, -33.458281 ], [ -70.632636, -33.45837 ], [ -70.632637, -33.458371 ], [ -70.632629, -33.458399 ], [ -70.632596, -33.458419 ], [ -70.632467, -33.45839 ], [ -70.632392, -33.458373 ], [ -70.632406, -33.458328 ], [ -70.632406, -33.458327 ], [ -70.632394, -33.458325 ], [ -70.632406, -33.458281 ], [ -70.632417, -33.458241 ], [ -70.632429, -33.458243 ], [ -70.632441, -33.458204 ], [ -70.63267, -33.458245 ] ] ] } },
{ "type": "Feature", "properties": { "INMUEBLES_": 1026, "COUNT": 1, "INMUEBLE": null, "NUEVO_NUM": 0 }, "geometry": { "type": "Polygon", "coordinates": [ [ [ -70.632735, -33.457086 ], [ -70.632711, -33.457172 ], [ -70.632687, -33.45726 ], [ -70.63293, -33.457308 ], [ -70.632883, -33.457483 ], [ -70.63245, -33.457402 ], [ -70.632448, -33.457402 ], [ -70.632463, -33.457352 ], [ -70.6325, -33.457225 ], [ -70.632524, -33.457139 ], [ -70.632546, -33.457048 ], [ -70.632548, -33.457049 ], [ -70.632735, -33.457086 ] ] ] } },
{ "type": "Feature", "properties": { "INMUEBLES_": 1025, "COUNT": 1, "INMUEBLE": null, "NUEVO_NUM": 0 }, "geometry": { "type": "Polygon", "coordinates": [ [ [ -70.632886, -33.456557 ], [ -70.632865, -33.456639 ], [ -70.632841, -33.456733 ], [ -70.633074, -33.456774 ], [ -70.633055, -33.456846 ], [ -70.633036, -33.456917 ], [ -70.633017, -33.456987 ], [ -70.633002, -33.457041 ], [ -70.632977, -33.457131 ], [ -70.632975, -33.45713 ], [ -70.632735, -33.457086 ], [ -70.632548, -33.457049 ], [ -70.632596, -33.456872 ], [ -70.632616, -33.4568 ], [ -70.632637, -33.45673 ], [ -70.632657, -33.456658 ], [ -70.632677, -33.456587 ], [ -70.632697, -33.456515 ], [ -70.632886, -33.456557 ] ] ] } },
{ "type": "Feature", "properties": { "INMUEBLES_": 1082, "COUNT": 2, "INMUEBLE": null, "NUEVO_NUM": 0 }, "geometry": { "type": "Polygon", "coordinates": [ [ [ -70.631976, -33.459789 ], [ -70.632238, -33.459844 ], [ -70.632216, -33.459928 ], [ -70.632191, -33.460025 ], [ -70.631952, -33.459979 ], [ -70.631929, -33.459975 ], [ -70.631952, -33.459879 ], [ -70.631976, -33.459789 ] ] ] } },
{ "type": "Feature", "properties": { "INMUEBLES_": 1081, "COUNT": 4, "INMUEBLE": null, "NUEVO_NUM": 0 }, "geometry": { "type": "Polygon", "coordinates": [ [ [ -70.632268, -33.458831 ], [ -70.632288, -33.458758 ], [ -70.632518, -33.458803 ], [ -70.6325, -33.458875 ], [ -70.632478, -33.458943 ], [ -70.632477, -33.458947 ], [ -70.632467, -33.458987 ], [ -70.632468, -33.458987 ], [ -70.63246, -33.459015 ], [ -70.632459, -33.459015 ], [ -70.632437, -33.459102 ], [ -70.631993, -33.459018 ], [ -70.632017, -33.458933 ], [ -70.632229, -33.458974 ], [ -70.632249, -33.458902 ], [ -70.632268, -33.458831 ] ] ] } },
{ "type": "Feature", "properties": { "INMUEBLES_": 1084, "COUNT": 13, "INMUEBLE": null, "NUEVO_NUM": 0 }, "geometry": { "type": "MultiPolygon", "coordinates": [ [ [ [ -70.63166, -33.460214 ], [ -70.631684, -33.460126 ], [ -70.631701, -33.460129 ], [ -70.631899, -33.460169 ], [ -70.631897, -33.460178 ], [ -70.631876, -33.460257 ], [ -70.631871, -33.460257 ], [ -70.631848, -33.460344 ], [ -70.631801, -33.460335 ], [ -70.631751, -33.460515 ], [ -70.631669, -33.460498 ], [ -70.631616, -33.460487 ], [ -70.631592, -33.460456 ], [ -70.631635, -33.460302 ], [ -70.63166, -33.460214 ] ] ], [ [ [ -70.631496, -33.460791 ], [ -70.631539, -33.460635 ], [ -70.631577, -33.460618 ], [ -70.631652, -33.460632 ], [ -70.631635, -33.46069 ], [ -70.631604, -33.460814 ], [ -70.631704, -33.460833 ], [ -70.631694, -33.460872 ], [ -70.631715, -33.460875 ], [ -70.631705, -33.460913 ], [ -70.631693, -33.460956 ], [ -70.631671, -33.460952 ], [ -70.631661, -33.460985 ], [ -70.631454, -33.46094 ], [ -70.631475, -33.460865 ], [ -70.631496, -33.460791 ] ] ], [ [ [ -70.631147, -33.460618 ], [ -70.631122, -33.460695 ], [ -70.631018, -33.460673 ], [ -70.631063, -33.460513 ], [ -70.63117, -33.460535 ], [ -70.631361, -33.460575 ], [ -70.631383, -33.460606 ], [ -70.631368, -33.460662 ], [ -70.631147, -33.460618 ] ] ], [ [ [ -70.631204, -33.460403 ], [ -70.631099, -33.460381 ], [ -70.631183, -33.460098 ], [ -70.631286, -33.46012 ], [ -70.631508, -33.460168 ], [ -70.631489, -33.460238 ], [ -70.631469, -33.460308 ], [ -70.631449, -33.460378 ], [ -70.631436, -33.460424 ], [ -70.631399, -33.460444 ], [ -70.631204, -33.460403 ] ] ] ] } },
{ "type": "Feature", "properties": { "INMUEBLES_": 1136, "COUNT": 1, "INMUEBLE": null, "NUEVO_NUM": 0 }, "geometry": { "type": "Polygon", "coordinates": [ [ [ -70.631382, -33.462041 ], [ -70.631638, -33.462095 ], [ -70.631616, -33.462178 ], [ -70.631363, -33.462124 ], [ -70.63135, -33.462122 ], [ -70.631373, -33.462039 ], [ -70.631382, -33.462041 ] ] ] } },
{ "type": "Feature", "properties": { "INMUEBLES_": 1133, "COUNT": 4, "INMUEBLE": null, "NUEVO_NUM": 0 }, "geometry": { "type": "Polygon", "coordinates": [ [ [ -70.631662, -33.461068 ], [ -70.631672, -33.461034 ], [ -70.631648, -33.46103 ], [ -70.631661, -33.460985 ], [ -70.631671, -33.460952 ], [ -70.631693, -33.460956 ], [ -70.631705, -33.460913 ], [ -70.631715, -33.460875 ], [ -70.631694, -33.460872 ], [ -70.631704, -33.460833 ], [ -70.631706, -33.460825 ], [ -70.631964, -33.460875 ], [ -70.631942, -33.460958 ], [ -70.631921, -33.461039 ], [ -70.6319, -33.461114 ], [ -70.631877, -33.461202 ], [ -70.631639, -33.461151 ], [ -70.631615, -33.461146 ], [ -70.631625, -33.46111 ], [ -70.63165, -33.461114 ], [ -70.631662, -33.461068 ] ] ] } },
{ "type": "Feature", "properties": { "INMUEBLES_": 1169, "COUNT": 1, "INMUEBLE": null, "NUEVO_NUM": 0 }, "geometry": { "type": "Polygon", "coordinates": [ [ [ -70.630864, -33.465006 ], [ -70.630837, -33.465102 ], [ -70.630546, -33.46504 ], [ -70.63056, -33.464989 ], [ -70.630536, -33.464983 ], [ -70.630549, -33.464943 ], [ -70.630864, -33.465006 ] ] ] } },
{ "type": "Feature", "properties": { "INMUEBLES_": 1168, "COUNT": 2, "INMUEBLE": null, "NUEVO_NUM": 0 }, "geometry": { "type": "Polygon", "coordinates": [ [ [ -70.631189, -33.463777 ], [ -70.631191, -33.463778 ], [ -70.631168, -33.463862 ], [ -70.631119, -33.464042 ], [ -70.630841, -33.463985 ], [ -70.630852, -33.463943 ], [ -70.630845, -33.463942 ], [ -70.630857, -33.463897 ], [ -70.630851, -33.463896 ], [ -70.630861, -33.463862 ], [ -70.63088, -33.463865 ], [ -70.630895, -33.463808 ], [ -70.630878, -33.463805 ], [ -70.63089, -33.463762 ], [ -70.6309, -33.463763 ], [ -70.630913, -33.463717 ], [ -70.631189, -33.463777 ] ] ] } },
{ "type": "Feature", "properties": { "INMUEBLES_": 1029, "COUNT": 2, "INMUEBLE": null, "NUEVO_NUM": 0 }, "geometry": { "type": "Polygon", "coordinates": [ [ [ -70.632367, -33.456582 ], [ -70.632508, -33.456609 ], [ -70.632497, -33.456647 ], [ -70.632467, -33.456752 ], [ -70.632436, -33.456865 ], [ -70.632157, -33.456806 ], [ -70.632186, -33.456695 ], [ -70.632206, -33.456699 ], [ -70.632212, -33.456673 ], [ -70.632182, -33.456668 ], [ -70.632216, -33.456553 ], [ -70.632367, -33.456582 ] ] ] } },
{ "type": "Feature", "properties": { "INMUEBLES_": 1030, "COUNT": 1, "INMUEBLE": null, "NUEVO_NUM": 0 }, "geometry": { "type": "Polygon", "coordinates": [ [ [ -70.632475, -33.456223 ], [ -70.632407, -33.456451 ], [ -70.632367, -33.456582 ], [ -70.632216, -33.456553 ], [ -70.632182, -33.456668 ], [ -70.632212, -33.456673 ], [ -70.632206, -33.456699 ], [ -70.632186, -33.456695 ], [ -70.632157, -33.456806 ], [ -70.632078, -33.45679 ], [ -70.631977, -33.45677 ], [ -70.632004, -33.456679 ], [ -70.631896, -33.456657 ], [ -70.631798, -33.456637 ], [ -70.631883, -33.456357 ], [ -70.63196, -33.456115 ], [ -70.632131, -33.456151 ], [ -70.632475, -33.456223 ] ] ] } },
{ "type": "Feature", "properties": { "INMUEBLES_": 1031, "COUNT": 13, "INMUEBLE": null, "NUEVO_NUM": 0 }, "geometry": { "type": "MultiPolygon", "coordinates": [ [ [ [ -70.631878, -33.457128 ], [ -70.631938, -33.45714 ], [ -70.631982, -33.457149 ], [ -70.63208, -33.45717 ], [ -70.632193, -33.457192 ], [ -70.632308, -33.457216 ], [ -70.63233, -33.457247 ], [ -70.632306, -33.457331 ], [ -70.632282, -33.457419 ], [ -70.632025, -33.457365 ], [ -70.631935, -33.457349 ], [ -70.631915, -33.457435 ], [ -70.631809, -33.457414 ], [ -70.631789, -33.457503 ], [ -70.631721, -33.457489 ], [ -70.631686, -33.457481 ], [ -70.631648, -33.457473 ], [ -70.631583, -33.45746 ], [ -70.631573, -33.457458 ], [ -70.631502, -33.457443 ], [ -70.631477, -33.457438 ], [ -70.631497, -33.457348 ], [ -70.631389, -33.457327 ], [ -70.631409, -33.457237 ], [ -70.631301, -33.457213 ], [ -70.631324, -33.457121 ], [ -70.631022, -33.45706 ], [ -70.631046, -33.45698 ], [ -70.631082, -33.456962 ], [ -70.631082, -33.456962 ], [ -70.631291, -33.457006 ], [ -70.631351, -33.457018 ], [ -70.631457, -33.45704 ], [ -70.6315, -33.457049 ], [ -70.631563, -33.457062 ], [ -70.631668, -33.457084 ], [ -70.631774, -33.457106 ], [ -70.631878, -33.457128 ] ] ], [ [ [ -70.631896, -33.456657 ], [ -70.632004, -33.456679 ], [ -70.631977, -33.45677 ], [ -70.632436, -33.456865 ], [ -70.63241, -33.456951 ], [ -70.632387, -33.457041 ], [ -70.632368, -33.457112 ], [ -70.632329, -33.457131 ], [ -70.631899, -33.45704 ], [ -70.631791, -33.457018 ], [ -70.631689, -33.456997 ], [ -70.631584, -33.456975 ], [ -70.631377, -33.456931 ], [ -70.631408, -33.456834 ], [ -70.631432, -33.456748 ], [ -70.63154, -33.456772 ], [ -70.631566, -33.456686 ], [ -70.631666, -33.456708 ], [ -70.631694, -33.456615 ], [ -70.631798, -33.456637 ], [ -70.631896, -33.456657 ] ] ] ] } },
{ "type": "Feature", "properties": { "INMUEBLES_": 1032, "COUNT": 13, "INMUEBLE": null, "NUEVO_NUM": 0 }, "geometry": { "type": "MultiPolygon", "coordinates": [ [ [ [ -70.631279, -33.457673 ], [ -70.631226, -33.457848 ], [ -70.631116, -33.457824 ], [ -70.630816, -33.457763 ], [ -70.630843, -33.457678 ], [ -70.630874, -33.457591 ], [ -70.6309, -33.457499 ], [ -70.631305, -33.457583 ], [ -70.631279, -33.457673 ] ] ], [ [ [ -70.631721, -33.457604 ], [ -70.631733, -33.457555 ], [ -70.631739, -33.457533 ], [ -70.631709, -33.457527 ], [ -70.631682, -33.457615 ], [ -70.631635, -33.457607 ], [ -70.631631, -33.45762 ], [ -70.631605, -33.457614 ], [ -70.631572, -33.457607 ], [ -70.631576, -33.457593 ], [ -70.631537, -33.457585 ], [ -70.631496, -33.457576 ], [ -70.631492, -33.457591 ], [ -70.631462, -33.457584 ], [ -70.631416, -33.457575 ], [ -70.63142, -33.457558 ], [ -70.631391, -33.457553 ], [ -70.631354, -33.457547 ], [ -70.63135, -33.457561 ], [ -70.631311, -33.457553 ], [ -70.631283, -33.457547 ], [ -70.631286, -33.457533 ], [ -70.631192, -33.457513 ], [ -70.631188, -33.457528 ], [ -70.631154, -33.457521 ], [ -70.631055, -33.4575 ], [ -70.630908, -33.45747 ], [ -70.630925, -33.4574 ], [ -70.631074, -33.45743 ], [ -70.631096, -33.457358 ], [ -70.631192, -33.457378 ], [ -70.631349, -33.457411 ], [ -70.631426, -33.457427 ], [ -70.631477, -33.457438 ], [ -70.631502, -33.457443 ], [ -70.631573, -33.457458 ], [ -70.631583, -33.45746 ], [ -70.631648, -33.457473 ], [ -70.631686, -33.457481 ], [ -70.631721, -33.457489 ], [ -70.631789, -33.457503 ], [ -70.631911, -33.457528 ], [ -70.631895, -33.457591 ], [ -70.631888, -33.457616 ], [ -70.631881, -33.45764 ], [ -70.631864, -33.457701 ], [ -70.63182, -33.457692 ], [ -70.631704, -33.457665 ], [ -70.631721, -33.457604 ] ] ] ] } },
{ "type": "Feature", "properties": { "INMUEBLES_": 1085, "COUNT": 4, "INMUEBLE": null, "NUEVO_NUM": 0 }, "geometry": { "type": "MultiPolygon", "coordinates": [ [ [ [ -70.630323, -33.460531 ], [ -70.630343, -33.46046 ], [ -70.63037, -33.460368 ], [ -70.63048, -33.460391 ], [ -70.630591, -33.460415 ], [ -70.630718, -33.460442 ], [ -70.630705, -33.460485 ], [ -70.630663, -33.460627 ], [ -70.63054, -33.460604 ], [ -70.630548, -33.460579 ], [ -70.630433, -33.460555 ], [ -70.630323, -33.460531 ] ] ], [ [ [ -70.630721, -33.459922 ], [ -70.630892, -33.45996 ], [ -70.630786, -33.460316 ], [ -70.630618, -33.460282 ], [ -70.6305, -33.460257 ], [ -70.630404, -33.460236 ], [ -70.630404, -33.460236 ], [ -70.630424, -33.460166 ], [ -70.630446, -33.460095 ], [ -70.630466, -33.460024 ], [ -70.630485, -33.459953 ], [ -70.630506, -33.459876 ], [ -70.630721, -33.459922 ] ] ] ] } },
{ "type": "Feature", "properties": { "INMUEBLES_": 1033, "COUNT": 1, "INMUEBLE": null, "NUEVO_NUM": 0 }, "geometry": { "type": "Polygon", "coordinates": [ [ [ -70.630708, -33.456403 ], [ -70.63098, -33.456463 ], [ -70.630946, -33.456575 ], [ -70.630923, -33.456648 ], [ -70.630582, -33.456576 ], [ -70.630253, -33.456507 ], [ -70.630309, -33.456321 ], [ -70.630708, -33.456403 ] ] ] } },
{ "type": "Feature", "properties": { "INMUEBLES_": 1086, "COUNT": 8, "INMUEBLE": null, "NUEVO_NUM": 0 }, "geometry": { "type": "Polygon", "coordinates": [ [ [ -70.629453, -33.459239 ], [ -70.629459, -33.45924 ], [ -70.62966, -33.459282 ], [ -70.629655, -33.459301 ], [ -70.629644, -33.459341 ], [ -70.629636, -33.459373 ], [ -70.629628, -33.4594 ], [ -70.629617, -33.459443 ], [ -70.629613, -33.459456 ], [ -70.629598, -33.459521 ], [ -70.629391, -33.459475 ], [ -70.62934, -33.459464 ], [ -70.629323, -33.459461 ], [ -70.629286, -33.459603 ], [ -70.628865, -33.459513 ], [ -70.628906, -33.459372 ], [ -70.629251, -33.459446 ], [ -70.629279, -33.459352 ], [ -70.629327, -33.459362 ], [ -70.62933, -33.459355 ], [ -70.629368, -33.459363 ], [ -70.629366, -33.45937 ], [ -70.629404, -33.459378 ], [ -70.629385, -33.459448 ], [ -70.629396, -33.45945 ], [ -70.629415, -33.459453 ], [ -70.629425, -33.459417 ], [ -70.629441, -33.459362 ], [ -70.629457, -33.459305 ], [ -70.629467, -33.459271 ], [ -70.629447, -33.459267 ], [ -70.629435, -33.459264 ], [ -70.629415, -33.459337 ], [ -70.629377, -33.45933 ], [ -70.629376, -33.459336 ], [ -70.629338, -33.459328 ], [ -70.62934, -33.459321 ], [ -70.629291, -33.459311 ], [ -70.629255, -33.459304 ], [ -70.629253, -33.45931 ], [ -70.629171, -33.459292 ], [ -70.629172, -33.459288 ], [ -70.629187, -33.459242 ], [ -70.629202, -33.459188 ], [ -70.629323, -33.459213 ], [ -70.629453, -33.459239 ] ] ] } },
{ "type": "Feature", "properties": { "INMUEBLES_": 1171, "COUNT": 14, "INMUEBLE": null, "NUEVO_NUM": 0 }, "geometry": { "type": "MultiPolygon", "coordinates": [ [ [ [ -70.628119, -33.46454 ], [ -70.62814, -33.464476 ], [ -70.628144, -33.464471 ], [ -70.628153, -33.464469 ], [ -70.628258, -33.464494 ], [ -70.628264, -33.464497 ], [ -70.628266, -33.4645 ], [ -70.628266, -33.464505 ], [ -70.628246, -33.464571 ], [ -70.628119, -33.46454 ] ] ], [ [ [ -70.627951, -33.464425 ], [ -70.627972, -33.464352 ], [ -70.627994, -33.46428 ], [ -70.628017, -33.464202 ], [ -70.628119, -33.464226 ], [ -70.628096, -33.464303 ], [ -70.628075, -33.464373 ], [ -70.628053, -33.464446 ], [ -70.628031, -33.46452 ], [ -70.627929, -33.464498 ], [ -70.627951, -33.464425 ] ] ], [ [ [ -70.628194, -33.464243 ], [ -70.628335, -33.464276 ], [ -70.628405, -33.464292 ], [ -70.628656, -33.46435 ], [ -70.628628, -33.464447 ], [ -70.62861, -33.464509 ], [ -70.628606, -33.464515 ], [ -70.628602, -33.464518 ], [ -70.628596, -33.46452 ], [ -70.628588, -33.46452 ], [ -70.628479, -33.464495 ], [ -70.628367, -33.464468 ], [ -70.628362, -33.464466 ], [ -70.628359, -33.464463 ], [ -70.628358, -33.464456 ], [ -70.628378, -33.464391 ], [ -70.628328, -33.46438 ], [ -70.628305, -33.464374 ], [ -70.628286, -33.464439 ], [ -70.628284, -33.464443 ], [ -70.628279, -33.464445 ], [ -70.628271, -33.464446 ], [ -70.628215, -33.464433 ], [ -70.628143, -33.464413 ], [ -70.628142, -33.464407 ], [ -70.628169, -33.46432 ], [ -70.628194, -33.464243 ] ] ], [ [ [ -70.628318, -33.464588 ], [ -70.628338, -33.464522 ], [ -70.628341, -33.464519 ], [ -70.628344, -33.464516 ], [ -70.628352, -33.464516 ], [ -70.628467, -33.464542 ], [ -70.628574, -33.464567 ], [ -70.628583, -33.464571 ], [ -70.628587, -33.464576 ], [ -70.628588, -33.464582 ], [ -70.628586, -33.464586 ], [ -70.628568, -33.464649 ], [ -70.628446, -33.464619 ], [ -70.628318, -33.464588 ] ] ] ] } },
{ "type": "Feature", "properties": { "INMUEBLES_": 1173, "COUNT": 27, "INMUEBLE": null, "NUEVO_NUM": 0 }, "geometry": { "type": "MultiPolygon", "coordinates": [ [ [ [ -70.655526, -33.470502 ], [ -70.655632, -33.470507 ], [ -70.655816, -33.470516 ], [ -70.655834, -33.470517 ], [ -70.655833, -33.470537 ], [ -70.655834, -33.470537 ], [ -70.655832, -33.470582 ], [ -70.65583, -33.470643 ], [ -70.655825, -33.470705 ], [ -70.655624, -33.470695 ], [ -70.655517, -33.470689 ], [ -70.655409, -33.470684 ], [ -70.655199, -33.470673 ], [ -70.655204, -33.47061 ], [ -70.655207, -33.470546 ], [ -70.655417, -33.470556 ], [ -70.65542, -33.470497 ], [ -70.655526, -33.470502 ] ] ], [ [ [ -70.654863, -33.470924 ], [ -70.654619, -33.470911 ], [ -70.654624, -33.470848 ], [ -70.654629, -33.470788 ], [ -70.654634, -33.470727 ], [ -70.654639, -33.470663 ], [ -70.654649, -33.470535 ], [ -70.654769, -33.470542 ], [ -70.65489, -33.470549 ], [ -70.65501, -33.470556 ], [ -70.655112, -33.470561 ], [ -70.655115, -33.470561 ], [ -70.655109, -33.470689 ], [ -70.655105, -33.470751 ], [ -70.655101, -33.470813 ], [ -70.655097, -33.470874 ], [ -70.655092, -33.470937 ], [ -70.654863, -33.470924 ] ] ], [ [ [ -70.655183, -33.470879 ], [ -70.655188, -33.470819 ], [ -70.655193, -33.470756 ], [ -70.655401, -33.470769 ], [ -70.655509, -33.470775 ], [ -70.655617, -33.470782 ], [ -70.655823, -33.470794 ], [ -70.65582, -33.470857 ], [ -70.655816, -33.470917 ], [ -70.655811, -33.470983 ], [ -70.655764, -33.470981 ], [ -70.655605, -33.47097 ], [ -70.655495, -33.470962 ], [ -70.655386, -33.470955 ], [ -70.655214, -33.470944 ], [ -70.655178, -33.470942 ], [ -70.655183, -33.470879 ] ] ] ] } },
{ "type": "Feature", "properties": { "INMUEBLES_": 1175, "COUNT": 3, "INMUEBLE": null, "NUEVO_NUM": 0 }, "geometry": { "type": "Polygon", "coordinates": [ [ [ -70.652806, -33.47047 ], [ -70.652829, -33.47032 ], [ -70.652921, -33.47033 ], [ -70.653015, -33.47034 ], [ -70.653081, -33.470347 ], [ -70.653137, -33.470354 ], [ -70.653173, -33.470358 ], [ -70.653199, -33.470386 ], [ -70.653183, -33.470508 ], [ -70.653116, -33.470501 ], [ -70.653058, -33.470495 ], [ -70.65299, -33.470488 ], [ -70.652896, -33.470479 ], [ -70.652806, -33.47047 ] ] ] } },
{ "type": "Feature", "properties": { "INMUEBLES_": 1177, "COUNT": 2, "INMUEBLE": null, "NUEVO_NUM": 0 }, "geometry": { "type": "Polygon", "coordinates": [ [ [ -70.650988, -33.470622 ], [ -70.65096, -33.471086 ], [ -70.650954, -33.471187 ], [ -70.650952, -33.471188 ], [ -70.650953, -33.471189 ], [ -70.650921, -33.471211 ], [ -70.650467, -33.471165 ], [ -70.650054, -33.471123 ], [ -70.650051, -33.47112 ], [ -70.650023, -33.47109 ], [ -70.650019, -33.471086 ], [ -70.650034, -33.470993 ], [ -70.650041, -33.470994 ], [ -70.650097, -33.470646 ], [ -70.650095, -33.470646 ], [ -70.650097, -33.470637 ], [ -70.650095, -33.470637 ], [ -70.6501, -33.470603 ], [ -70.650098, -33.470603 ], [ -70.650099, -33.470598 ], [ -70.650097, -33.470598 ], [ -70.650103, -33.47056 ], [ -70.650105, -33.47056 ], [ -70.650106, -33.470555 ], [ -70.650109, -33.470555 ], [ -70.650114, -33.470522 ], [ -70.650117, -33.470523 ], [ -70.650168, -33.470164 ], [ -70.650161, -33.470163 ], [ -70.650175, -33.47007 ], [ -70.650179, -33.470068 ], [ -70.650214, -33.470045 ], [ -70.650386, -33.47006 ], [ -70.650386, -33.47006 ], [ -70.650651, -33.470089 ], [ -70.650651, -33.470088 ], [ -70.650659, -33.470089 ], [ -70.650659, -33.470088 ], [ -70.650992, -33.470124 ], [ -70.651021, -33.47015 ], [ -70.651022, -33.470151 ], [ -70.651009, -33.47033 ], [ -70.650988, -33.470622 ] ] ] } },
{ "type": "Feature", "properties": { "INMUEBLES_": 1179, "COUNT": 1, "INMUEBLE": null, "NUEVO_NUM": 0 }, "geometry": { "type": "Polygon", "coordinates": [ [ [ -70.63361, -33.468261 ], [ -70.633808, -33.468284 ], [ -70.633868, -33.46829 ], [ -70.63387, -33.468292 ], [ -70.633893, -33.468319 ], [ -70.633819, -33.468602 ], [ -70.63373, -33.468582 ], [ -70.63354, -33.468543 ], [ -70.63361, -33.468261 ] ] ] } },
{ "type": "Feature", "properties": { "INMUEBLES_": 1181, "COUNT": 1, "INMUEBLE": null, "NUEVO_NUM": 0 }, "geometry": { "type": "Polygon", "coordinates": [ [ [ -70.633162, -33.468837 ], [ -70.633452, -33.468897 ], [ -70.633461, -33.468899 ], [ -70.633449, -33.468937 ], [ -70.633442, -33.468936 ], [ -70.633435, -33.468966 ], [ -70.633395, -33.468958 ], [ -70.633337, -33.468947 ], [ -70.633142, -33.46891 ], [ -70.633162, -33.468837 ] ] ] } },
{ "type": "Feature", "properties": { "INMUEBLES_": 1183, "COUNT": 1, "INMUEBLE": null, "NUEVO_NUM": 0 }, "geometry": { "type": "Polygon", "coordinates": [ [ [ -70.632198, -33.468652 ], [ -70.632193, -33.468673 ], [ -70.632186, -33.468672 ], [ -70.632177, -33.468703 ], [ -70.632171, -33.468724 ], [ -70.631959, -33.468684 ], [ -70.63198, -33.468607 ], [ -70.632198, -33.468652 ] ] ] } },
{ "type": "Feature", "properties": { "INMUEBLES_": 1184, "COUNT": 9, "INMUEBLE": null, "NUEVO_NUM": 0 }, "geometry": { "type": "Polygon", "coordinates": [ [ [ -70.631303, -33.468793 ], [ -70.631322, -33.468722 ], [ -70.631342, -33.468646 ], [ -70.631349, -33.468621 ], [ -70.631362, -33.468572 ], [ -70.631381, -33.468499 ], [ -70.631401, -33.468426 ], [ -70.631421, -33.468352 ], [ -70.631425, -33.468337 ], [ -70.631441, -33.46828 ], [ -70.631461, -33.468206 ], [ -70.631671, -33.468246 ], [ -70.631664, -33.46828 ], [ -70.631674, -33.468282 ], [ -70.631664, -33.468321 ], [ -70.631656, -33.468351 ], [ -70.631642, -33.46835 ], [ -70.631632, -33.468393 ], [ -70.631623, -33.468429 ], [ -70.631632, -33.46843 ], [ -70.631622, -33.468467 ], [ -70.631615, -33.468465 ], [ -70.631605, -33.468502 ], [ -70.631613, -33.468503 ], [ -70.631603, -33.468543 ], [ -70.631591, -33.46854 ], [ -70.631584, -33.468573 ], [ -70.631593, -33.468576 ], [ -70.631583, -33.468616 ], [ -70.631572, -33.468614 ], [ -70.631564, -33.468644 ], [ -70.631579, -33.468646 ], [ -70.631569, -33.468691 ], [ -70.631554, -33.468687 ], [ -70.631544, -33.468724 ], [ -70.631559, -33.468726 ], [ -70.631549, -33.468761 ], [ -70.631538, -33.468801 ], [ -70.631525, -33.468799 ], [ -70.631514, -33.468833 ], [ -70.631517, -33.468834 ], [ -70.631525, -33.468835 ], [ -70.631514, -33.468872 ], [ -70.63152, -33.468874 ], [ -70.631511, -33.468909 ], [ -70.631504, -33.468908 ], [ -70.631283, -33.468867 ], [ -70.631303, -33.468793 ] ] ] } },
{ "type": "Feature", "properties": { "INMUEBLES_": 1187, "COUNT": 3, "INMUEBLE": null, "NUEVO_NUM": 0 }, "geometry": { "type": "Polygon", "coordinates": [ [ [ -70.630151, -33.468473 ], [ -70.63017, -33.468398 ], [ -70.630373, -33.468453 ], [ -70.630364, -33.468489 ], [ -70.630373, -33.468491 ], [ -70.630371, -33.468498 ], [ -70.630364, -33.468529 ], [ -70.630371, -33.468532 ], [ -70.630349, -33.468603 ], [ -70.630409, -33.468619 ], [ -70.630387, -33.468702 ], [ -70.630326, -33.468692 ], [ -70.630105, -33.468648 ], [ -70.630131, -33.468547 ], [ -70.630151, -33.468473 ] ] ] } },
{ "type": "Feature", "properties": { "INMUEBLES_": 1188, "COUNT": 1, "INMUEBLE": null, "NUEVO_NUM": 0 }, "geometry": { "type": "Polygon", "coordinates": [ [ [ -70.65267, -33.472684 ], [ -70.652463, -33.47267 ], [ -70.652467, -33.472627 ], [ -70.652471, -33.472584 ], [ -70.652476, -33.472535 ], [ -70.65248, -33.472487 ], [ -70.652485, -33.47244 ], [ -70.652693, -33.472453 ], [ -70.652688, -33.472501 ], [ -70.652683, -33.472546 ], [ -70.652679, -33.472595 ], [ -70.652674, -33.472639 ], [ -70.65267, -33.472684 ] ] ] } },
{ "type": "Feature", "properties": { "INMUEBLES_": 1189, "COUNT": 1, "INMUEBLE": null, "NUEVO_NUM": 0 }, "geometry": { "type": "Polygon", "coordinates": [ [ [ -70.649872, -33.472017 ], [ -70.64996, -33.472025 ], [ -70.650058, -33.472033 ], [ -70.650158, -33.472042 ], [ -70.650258, -33.472051 ], [ -70.650353, -33.47206 ], [ -70.650344, -33.472115 ], [ -70.650341, -33.472142 ], [ -70.650338, -33.472161 ], [ -70.650332, -33.472203 ], [ -70.65033, -33.472213 ], [ -70.650373, -33.472218 ], [ -70.650371, -33.472231 ], [ -70.650364, -33.472269 ], [ -70.650361, -33.472294 ], [ -70.650359, -33.472306 ], [ -70.650353, -33.472356 ], [ -70.650262, -33.472348 ], [ -70.650175, -33.47234 ], [ -70.650087, -33.472332 ], [ -70.65, -33.472324 ], [ -70.649911, -33.472316 ], [ -70.649858, -33.472313 ], [ -70.649827, -33.472308 ], [ -70.649836, -33.472246 ], [ -70.649839, -33.472222 ], [ -70.649841, -33.472223 ], [ -70.649846, -33.472164 ], [ -70.649854, -33.472101 ], [ -70.649857, -33.472078 ], [ -70.649864, -33.472016 ], [ -70.649872, -33.472017 ] ] ] } },
{ "type": "Feature", "properties": { "INMUEBLES_": 1191, "COUNT": 1, "INMUEBLE": null, "NUEVO_NUM": 0 }, "geometry": { "type": "Polygon", "coordinates": [ [ [ -70.645081, -33.472881 ], [ -70.645078, -33.472981 ], [ -70.645043, -33.472999 ], [ -70.64504, -33.473001 ], [ -70.644802, -33.472986 ], [ -70.644806, -33.472867 ], [ -70.645081, -33.472881 ] ] ] } },
{ "type": "Feature", "properties": { "INMUEBLES_": 1192, "COUNT": 1, "INMUEBLE": null, "NUEVO_NUM": 0 }, "geometry": { "type": "Polygon", "coordinates": [ [ [ -70.64418, -33.47213 ], [ -70.644352, -33.472142 ], [ -70.644352, -33.472157 ], [ -70.644338, -33.472441 ], [ -70.644335, -33.472531 ], [ -70.643881, -33.472511 ], [ -70.643894, -33.472112 ], [ -70.643897, -33.472112 ], [ -70.643901, -33.472112 ], [ -70.644156, -33.472129 ], [ -70.64418, -33.47213 ] ] ] } },
{ "type": "Feature", "properties": { "INMUEBLES_": 1190, "COUNT": 1, "INMUEBLE": null, "NUEVO_NUM": 0 }, "geometry": { "type": "Polygon", "coordinates": [ [ [ -70.644345, -33.471237 ], [ -70.644338, -33.471289 ], [ -70.644332, -33.471331 ], [ -70.6443, -33.471328 ], [ -70.644298, -33.471343 ], [ -70.644243, -33.471338 ], [ -70.644232, -33.471415 ], [ -70.644123, -33.471405 ], [ -70.644023, -33.471396 ], [ -70.643922, -33.471387 ], [ -70.643926, -33.471313 ], [ -70.643927, -33.471284 ], [ -70.643931, -33.471205 ], [ -70.64396, -33.471208 ], [ -70.644042, -33.471214 ], [ -70.64407, -33.471216 ], [ -70.644145, -33.471222 ], [ -70.64418, -33.471225 ], [ -70.644256, -33.47123 ], [ -70.644287, -33.471233 ], [ -70.644345, -33.471237 ] ] ] } },
{ "type": "Feature", "properties": { "INMUEBLES_": 1194, "COUNT": 1, "INMUEBLE": null, "NUEVO_NUM": 0 }, "geometry": { "type": "Polygon", "coordinates": [ [ [ -70.643133, -33.472542 ], [ -70.643703, -33.472565 ], [ -70.643697, -33.472663 ], [ -70.643212, -33.472634 ], [ -70.643207, -33.472736 ], [ -70.6432, -33.472887 ], [ -70.64255, -33.472854 ], [ -70.642549, -33.472757 ], [ -70.642543, -33.472757 ], [ -70.64255, -33.47264 ], [ -70.642428, -33.472633 ], [ -70.642438, -33.472519 ], [ -70.642684, -33.472537 ], [ -70.642947, -33.472564 ], [ -70.642949, -33.472535 ], [ -70.643133, -33.472542 ] ] ] } },
{ "type": "Feature", "properties": { "INMUEBLES_": 1193, "COUNT": 1, "INMUEBLE": null, "NUEVO_NUM": 0 }, "geometry": { "type": "Polygon", "coordinates": [ [ [ -70.643028, -33.471796 ], [ -70.643708, -33.471849 ], [ -70.643735, -33.471877 ], [ -70.643729, -33.472013 ], [ -70.643717, -33.472232 ], [ -70.643142, -33.472209 ], [ -70.642973, -33.472202 ], [ -70.642972, -33.472213 ], [ -70.642925, -33.47221 ], [ -70.642924, -33.472171 ], [ -70.643019, -33.472175 ], [ -70.643035, -33.472028 ], [ -70.643006, -33.472026 ], [ -70.643028, -33.471796 ] ] ] } },
{ "type": "Feature", "properties": { "INMUEBLES_": 1195, "COUNT": 1, "INMUEBLE": null, "NUEVO_NUM": 0 }, "geometry": { "type": "Polygon", "coordinates": [ [ [ -70.631562, -33.471059 ], [ -70.631542, -33.47113 ], [ -70.631521, -33.471204 ], [ -70.631286, -33.471162 ], [ -70.63132, -33.471035 ], [ -70.631354, -33.471017 ], [ -70.631563, -33.471058 ], [ -70.631562, -33.471059 ] ] ] } },
{ "type": "Feature", "properties": { "INMUEBLES_": 1196, "COUNT": 2, "INMUEBLE": null, "NUEVO_NUM": 0 }, "geometry": { "type": "Polygon", "coordinates": [ [ [ -70.630336, -33.47098 ], [ -70.630364, -33.470874 ], [ -70.630366, -33.470864 ], [ -70.630375, -33.470833 ], [ -70.630458, -33.470847 ], [ -70.630496, -33.470855 ], [ -70.63058, -33.470871 ], [ -70.63058, -33.470871 ], [ -70.630599, -33.470898 ], [ -70.630565, -33.471024 ], [ -70.630544, -33.4711 ], [ -70.630505, -33.471244 ], [ -70.630278, -33.471202 ], [ -70.630298, -33.471127 ], [ -70.630301, -33.471117 ], [ -70.630317, -33.471054 ], [ -70.630336, -33.47098 ] ] ] } },
{ "type": "Feature", "properties": { "INMUEBLES_": 1197, "COUNT": 6, "INMUEBLE": null, "NUEVO_NUM": 0 }, "geometry": { "type": "Polygon", "coordinates": [ [ [ -70.62996, -33.469183 ], [ -70.629972, -33.46914 ], [ -70.630008, -33.469121 ], [ -70.630206, -33.469157 ], [ -70.630187, -33.469227 ], [ -70.63017, -33.469293 ], [ -70.630169, -33.469297 ], [ -70.630152, -33.469359 ], [ -70.630134, -33.469431 ], [ -70.630165, -33.469437 ], [ -70.630146, -33.469512 ], [ -70.630126, -33.469584 ], [ -70.630089, -33.469578 ], [ -70.630077, -33.46962 ], [ -70.630111, -33.469626 ], [ -70.630104, -33.469658 ], [ -70.63007, -33.469652 ], [ -70.629847, -33.469611 ], [ -70.629886, -33.469463 ], [ -70.629905, -33.469389 ], [ -70.629926, -33.469315 ], [ -70.629943, -33.46925 ], [ -70.62996, -33.469183 ] ] ] } },
{ "type": "Feature", "properties": { "INMUEBLES_": 1198, "COUNT": 7, "INMUEBLE": null, "NUEVO_NUM": 0 }, "geometry": { "type": "Polygon", "coordinates": [ [ [ -70.628767, -33.470659 ], [ -70.628793, -33.470563 ], [ -70.628828, -33.470544 ], [ -70.628893, -33.470556 ], [ -70.628984, -33.470573 ], [ -70.629075, -33.47059 ], [ -70.62925, -33.470624 ], [ -70.629322, -33.470637 ], [ -70.629345, -33.470667 ], [ -70.629332, -33.470719 ], [ -70.629312, -33.470793 ], [ -70.629304, -33.470819 ], [ -70.629292, -33.470866 ], [ -70.629015, -33.470813 ], [ -70.628923, -33.470795 ], [ -70.628837, -33.470779 ], [ -70.628741, -33.470761 ], [ -70.628744, -33.470747 ], [ -70.628767, -33.470659 ] ] ] } },
{ "type": "Feature", "properties": { "INMUEBLES_": 1199, "COUNT": 2, "INMUEBLE": null, "NUEVO_NUM": 0 }, "geometry": { "type": "Polygon", "coordinates": [ [ [ -70.628661, -33.471056 ], [ -70.628679, -33.470989 ], [ -70.628965, -33.471046 ], [ -70.628948, -33.47111 ], [ -70.628928, -33.471107 ], [ -70.62891, -33.471179 ], [ -70.628892, -33.471256 ], [ -70.628622, -33.471204 ], [ -70.628628, -33.471183 ], [ -70.628634, -33.47116 ], [ -70.628642, -33.471128 ], [ -70.628661, -33.471056 ] ] ] } },
{ "type": "Feature", "properties": { "INMUEBLES_": 1200, "COUNT": 2, "INMUEBLE": null, "NUEVO_NUM": 0 }, "geometry": { "type": "Polygon", "coordinates": [ [ [ -70.62748, -33.470683 ], [ -70.627478, -33.470689 ], [ -70.6274, -33.470976 ], [ -70.627295, -33.470959 ], [ -70.627201, -33.47094 ], [ -70.626963, -33.470894 ], [ -70.627048, -33.470602 ], [ -70.62748, -33.470683 ] ] ] } },
{ "type": "Feature", "properties": { "INMUEBLES_": 1201, "COUNT": 31, "INMUEBLE": null, "NUEVO_NUM": 0 }, "geometry": { "type": "MultiPolygon", "coordinates": [ [ [ [ -70.653885, -33.473995 ], [ -70.653892, -33.473923 ], [ -70.653899, -33.473855 ], [ -70.653905, -33.473789 ], [ -70.653916, -33.473686 ], [ -70.654002, -33.473691 ], [ -70.653993, -33.473793 ], [ -70.653988, -33.473793 ], [ -70.653983, -33.473859 ], [ -70.653977, -33.473929 ], [ -70.653971, -33.474001 ], [ -70.653965, -33.474075 ], [ -70.653959, -33.474147 ], [ -70.653953, -33.474219 ], [ -70.653966, -33.47422 ], [ -70.65396, -33.474269 ], [ -70.653954, -33.474323 ], [ -70.653916, -33.474321 ], [ -70.653852, -33.474315 ], [ -70.653858, -33.47426 ], [ -70.653863, -33.474211 ], [ -70.65387, -33.474141 ], [ -70.653877, -33.474069 ], [ -70.653885, -33.473995 ] ] ], [ [ [ -70.653585, -33.474059 ], [ -70.653588, -33.474011 ], [ -70.653589, -33.473988 ], [ -70.653594, -33.473916 ], [ -70.653599, -33.473846 ], [ -70.653599, -33.47384 ], [ -70.653604, -33.473772 ], [ -70.653611, -33.47367 ], [ -70.653711, -33.473675 ], [ -70.653704, -33.473755 ], [ -70.653694, -33.473754 ], [ -70.653692, -33.473778 ], [ -70.653686, -33.473852 ], [ -70.653681, -33.473921 ], [ -70.653676, -33.473994 ], [ -70.65367, -33.474065 ], [ -70.653665, -33.474137 ], [ -70.653657, -33.474244 ], [ -70.653652, -33.474303 ], [ -70.653568, -33.474298 ], [ -70.653573, -33.474238 ], [ -70.653581, -33.474132 ], [ -70.653585, -33.474059 ] ] ], [ [ [ -70.653863, -33.473859 ], [ -70.653857, -33.473927 ], [ -70.653849, -33.473998 ], [ -70.653838, -33.47411 ], [ -70.653831, -33.474182 ], [ -70.653823, -33.474254 ], [ -70.653817, -33.474313 ], [ -70.653745, -33.474308 ], [ -70.65367, -33.474304 ], [ -70.653676, -33.474244 ], [ -70.653683, -33.474172 ], [ -70.65369, -33.474101 ], [ -70.6537, -33.473988 ], [ -70.653707, -33.473917 ], [ -70.653714, -33.473848 ], [ -70.65372, -33.473778 ], [ -70.65373, -33.473676 ], [ -70.653793, -33.473679 ], [ -70.653881, -33.473684 ], [ -70.653871, -33.473788 ], [ -70.653863, -33.473859 ] ] ] ] } },
{ "type": "Feature", "properties": { "INMUEBLES_": 1202, "COUNT": 7, "INMUEBLE": null, "NUEVO_NUM": 0 }, "geometry": { "type": "Polygon", "coordinates": [ [ [ -70.653078, -33.473841 ], [ -70.653085, -33.473771 ], [ -70.653087, -33.47375 ], [ -70.653096, -33.47365 ], [ -70.653107, -33.473641 ], [ -70.653148, -33.473644 ], [ -70.65314, -33.473753 ], [ -70.653137, -33.473795 ], [ -70.653134, -33.473843 ], [ -70.653127, -33.473936 ], [ -70.653124, -33.473984 ], [ -70.652999, -33.473977 ], [ -70.652978, -33.473976 ], [ -70.652984, -33.473927 ], [ -70.652994, -33.473836 ], [ -70.653001, -33.473772 ], [ -70.653004, -33.473745 ], [ -70.653017, -33.473637 ], [ -70.653055, -33.473638 ], [ -70.653065, -33.473648 ], [ -70.653057, -33.473749 ], [ -70.653047, -33.47384 ], [ -70.653038, -33.473926 ], [ -70.653045, -33.473935 ], [ -70.653061, -33.473936 ], [ -70.653069, -33.473929 ], [ -70.653078, -33.473841 ] ] ] } },
{ "type": "Feature", "properties": { "INMUEBLES_": 1205, "COUNT": 1, "INMUEBLE": null, "NUEVO_NUM": 0 }, "geometry": { "type": "Polygon", "coordinates": [ [ [ -70.649423, -33.475049 ], [ -70.649466, -33.475051 ], [ -70.650405, -33.475083 ], [ -70.650363, -33.4756 ], [ -70.650362, -33.4756 ], [ -70.650348, -33.475611 ], [ -70.650333, -33.475611 ], [ -70.650332, -33.475624 ], [ -70.650208, -33.475617 ], [ -70.650208, -33.47561 ], [ -70.649795, -33.475598 ], [ -70.649767, -33.475597 ], [ -70.649766, -33.475599 ], [ -70.649721, -33.475597 ], [ -70.649721, -33.475598 ], [ -70.649721, -33.4756 ], [ -70.64972, -33.475601 ], [ -70.649719, -33.475602 ], [ -70.649718, -33.475602 ], [ -70.649716, -33.475602 ], [ -70.649715, -33.475603 ], [ -70.649607, -33.475599 ], [ -70.649607, -33.475595 ], [ -70.64959, -33.475595 ], [ -70.64958, -33.475592 ], [ -70.649575, -33.47559 ], [ -70.649571, -33.475587 ], [ -70.649567, -33.475583 ], [ -70.649565, -33.475579 ], [ -70.649563, -33.475574 ], [ -70.649562, -33.47557 ], [ -70.649561, -33.475561 ], [ -70.649562, -33.475555 ], [ -70.64943, -33.475549 ], [ -70.649419, -33.475548 ], [ -70.64941, -33.475546 ], [ -70.649401, -33.475542 ], [ -70.649394, -33.475538 ], [ -70.649389, -33.475532 ], [ -70.649384, -33.475525 ], [ -70.64938, -33.475518 ], [ -70.649379, -33.475512 ], [ -70.649378, -33.475505 ], [ -70.649423, -33.475049 ] ] ] } },
{ "type": "Feature", "properties": { "INMUEBLES_": 1204, "COUNT": 1, "INMUEBLE": null, "NUEVO_NUM": 0 }, "geometry": { "type": "Polygon", "coordinates": [ [ [ -70.649669, -33.473445 ], [ -70.6497, -33.473447 ], [ -70.650007, -33.473464 ], [ -70.650176, -33.473473 ], [ -70.650483, -33.473491 ], [ -70.650515, -33.473492 ], [ -70.650513, -33.473519 ], [ -70.650437, -33.474479 ], [ -70.650436, -33.474491 ], [ -70.650423, -33.474491 ], [ -70.650344, -33.474486 ], [ -70.650241, -33.474481 ], [ -70.650139, -33.474475 ], [ -70.65003, -33.474469 ], [ -70.649935, -33.474464 ], [ -70.649827, -33.474458 ], [ -70.649729, -33.474452 ], [ -70.649611, -33.474446 ], [ -70.649535, -33.474442 ], [ -70.649516, -33.474441 ], [ -70.649519, -33.474428 ], [ -70.649519, -33.474425 ], [ -70.649586, -33.473997 ], [ -70.649665, -33.47347 ], [ -70.649669, -33.473445 ] ] ] } },
{ "type": "Feature", "properties": { "INMUEBLES_": 1207, "COUNT": 1, "INMUEBLE": null, "NUEVO_NUM": 0 }, "geometry": { "type": "Polygon", "coordinates": [ [ [ -70.648795, -33.473905 ], [ -70.648979, -33.473914 ], [ -70.648977, -33.47394 ], [ -70.649001, -33.473941 ], [ -70.649088, -33.473945 ], [ -70.649341, -33.473956 ], [ -70.649338, -33.47398 ], [ -70.649282, -33.474358 ], [ -70.649275, -33.474357 ], [ -70.649269, -33.4744 ], [ -70.649268, -33.474418 ], [ -70.649244, -33.474417 ], [ -70.649199, -33.474415 ], [ -70.648882, -33.4744 ], [ -70.648842, -33.474398 ], [ -70.648545, -33.474384 ], [ -70.648545, -33.474383 ], [ -70.648501, -33.474381 ], [ -70.648477, -33.47438 ], [ -70.648479, -33.474361 ], [ -70.648481, -33.47432 ], [ -70.648475, -33.474319 ], [ -70.648496, -33.47389 ], [ -70.64856, -33.473894 ], [ -70.648795, -33.473905 ] ] ] } },
{ "type": "Feature", "properties": { "INMUEBLES_": 1206, "COUNT": 1, "INMUEBLE": null, "NUEVO_NUM": 0 }, "geometry": { "type": "Polygon", "coordinates": [ [ [ -70.648514, -33.473541 ], [ -70.648724, -33.473553 ], [ -70.648901, -33.473562 ], [ -70.649065, -33.473571 ], [ -70.649164, -33.473577 ], [ -70.649159, -33.47378 ], [ -70.649367, -33.473792 ], [ -70.649361, -33.473834 ], [ -70.648801, -33.473805 ], [ -70.648501, -33.47379 ], [ -70.648504, -33.473744 ], [ -70.648514, -33.473541 ] ] ] } },
{ "type": "Feature", "properties": { "INMUEBLES_": 1208, "COUNT": 1, "INMUEBLE": null, "NUEVO_NUM": 0 }, "geometry": { "type": "Polygon", "coordinates": [ [ [ -70.646456, -33.474788 ], [ -70.646069, -33.474766 ], [ -70.646078, -33.474649 ], [ -70.64608, -33.474621 ], [ -70.646364, -33.474443 ], [ -70.646403, -33.474444 ], [ -70.646433, -33.474445 ], [ -70.646472, -33.474446 ], [ -70.646472, -33.474455 ], [ -70.64647, -33.4745 ], [ -70.646468, -33.474501 ], [ -70.646464, -33.474657 ], [ -70.646462, -33.474701 ], [ -70.646456, -33.474788 ] ] ] } },
{ "type": "Feature", "properties": { "INMUEBLES_": 1209, "COUNT": 1, "INMUEBLE": null, "NUEVO_NUM": 0 }, "geometry": { "type": "Polygon", "coordinates": [ [ [ -70.646486, -33.47408 ], [ -70.646478, -33.474275 ], [ -70.646361, -33.474263 ], [ -70.64603, -33.474237 ], [ -70.646045, -33.474048 ], [ -70.646055, -33.474048 ], [ -70.646486, -33.47408 ] ] ] } },
{ "type": "Feature", "properties": { "INMUEBLES_": 1210, "COUNT": 1, "INMUEBLE": null, "NUEVO_NUM": 0 }, "geometry": { "type": "Polygon", "coordinates": [ [ [ -70.645547, -33.474005 ], [ -70.645799, -33.474014 ], [ -70.645769, -33.474396 ], [ -70.645759, -33.47452 ], [ -70.645759, -33.474524 ], [ -70.645489, -33.474509 ], [ -70.645522, -33.474045 ], [ -70.645529, -33.474005 ], [ -70.645547, -33.474005 ] ] ] } },
{ "type": "Feature", "properties": { "INMUEBLES_": 1211, "COUNT": 1, "INMUEBLE": null, "NUEVO_NUM": 0 }, "geometry": { "type": "Polygon", "coordinates": [ [ [ -70.645675, -33.474744 ], [ -70.645669, -33.474868 ], [ -70.644483, -33.474799 ], [ -70.644493, -33.474682 ], [ -70.644684, -33.474692 ], [ -70.64501, -33.474711 ], [ -70.645012, -33.474686 ], [ -70.645156, -33.474694 ], [ -70.645154, -33.474718 ], [ -70.64557, -33.474741 ], [ -70.645675, -33.474744 ] ] ] } },
{ "type": "Feature", "properties": { "INMUEBLES_": 980, "COUNT": 0, "INMUEBLE": null, "NUEVO_NUM": 0 }, "geometry": { "type": "Polygon", "coordinates": [ [ [ -70.636675, -33.455059 ], [ -70.636784, -33.455082 ], [ -70.636767, -33.455152 ], [ -70.636735, -33.455145 ], [ -70.636725, -33.455192 ], [ -70.636647, -33.455175 ], [ -70.636657, -33.455135 ], [ -70.636675, -33.455059 ] ] ] } },
{ "type": "Feature", "properties": { "INMUEBLES_": 980, "COUNT": 0, "INMUEBLE": null, "NUEVO_NUM": 0 }, "geometry": { "type": "Polygon", "coordinates": [ [ [ -70.636784, -33.455082 ], [ -70.636945, -33.455115 ], [ -70.636941, -33.455135 ], [ -70.636924, -33.455209 ], [ -70.636918, -33.455233 ], [ -70.636785, -33.455207 ], [ -70.636796, -33.455157 ], [ -70.636767, -33.455152 ], [ -70.636784, -33.455082 ] ] ] } },
{ "type": "Feature", "properties": { "INMUEBLES_": 980, "COUNT": 0, "INMUEBLE": null, "NUEVO_NUM": 0 }, "geometry": { "type": "Polygon", "coordinates": [ [ [ -70.636725, -33.455192 ], [ -70.636701, -33.455288 ], [ -70.636577, -33.455263 ], [ -70.636588, -33.455218 ], [ -70.636633, -33.455227 ], [ -70.636638, -33.455213 ], [ -70.636647, -33.455175 ], [ -70.636725, -33.455192 ] ] ] } },
{ "type": "Feature", "properties": { "INMUEBLES_": 980, "COUNT": 0, "INMUEBLE": null, "NUEVO_NUM": 0 }, "geometry": { "type": "Polygon", "coordinates": [ [ [ -70.636918, -33.455233 ], [ -70.636906, -33.455283 ], [ -70.636895, -33.455331 ], [ -70.636762, -33.455303 ], [ -70.636785, -33.455207 ], [ -70.636918, -33.455233 ] ] ] } },
{ "type": "Feature", "properties": { "INMUEBLES_": 980, "COUNT": 0, "INMUEBLE": null, "NUEVO_NUM": 0 }, "geometry": { "type": "Polygon", "coordinates": [ [ [ -70.636577, -33.455263 ], [ -70.636701, -33.455288 ], [ -70.636677, -33.455386 ], [ -70.636555, -33.455359 ], [ -70.636559, -33.455341 ], [ -70.636572, -33.455284 ], [ -70.636577, -33.455263 ] ] ] } },
{ "type": "Feature", "properties": { "INMUEBLES_": 980, "COUNT": 0, "INMUEBLE": null, "NUEVO_NUM": 0 }, "geometry": { "type": "Polygon", "coordinates": [ [ [ -70.636895, -33.455331 ], [ -70.636888, -33.45536 ], [ -70.636872, -33.455429 ], [ -70.636738, -33.455399 ], [ -70.636762, -33.455303 ], [ -70.636895, -33.455331 ] ] ] } },
{ "type": "Feature", "properties": { "INMUEBLES_": 980, "COUNT": 0, "INMUEBLE": null, "NUEVO_NUM": 0 }, "geometry": { "type": "Polygon", "coordinates": [ [ [ -70.636677, -33.455386 ], [ -70.636653, -33.455482 ], [ -70.636532, -33.455455 ], [ -70.636544, -33.455405 ], [ -70.636555, -33.455359 ], [ -70.636677, -33.455386 ] ] ] } },
{ "type": "Feature", "properties": { "INMUEBLES_": 980, "COUNT": 0, "INMUEBLE": null, "NUEVO_NUM": 0 }, "geometry": { "type": "Polygon", "coordinates": [ [ [ -70.636872, -33.455429 ], [ -70.636871, -33.455433 ], [ -70.636854, -33.455508 ], [ -70.636849, -33.455528 ], [ -70.636714, -33.455497 ], [ -70.636738, -33.455399 ], [ -70.636872, -33.455429 ] ] ] } },
{ "type": "Feature", "properties": { "INMUEBLES_": 980, "COUNT": 0, "INMUEBLE": null, "NUEVO_NUM": 0 }, "geometry": { "type": "Polygon", "coordinates": [ [ [ -70.636532, -33.455455 ], [ -70.636653, -33.455482 ], [ -70.636629, -33.455579 ], [ -70.636509, -33.455553 ], [ -70.636529, -33.455469 ], [ -70.636532, -33.455455 ] ] ] } },
{ "type": "Feature", "properties": { "INMUEBLES_": 980, "COUNT": 0, "INMUEBLE": null, "NUEVO_NUM": 0 }, "geometry": { "type": "Polygon", "coordinates": [ [ [ -70.636714, -33.455497 ], [ -70.636849, -33.455528 ], [ -70.636837, -33.455579 ], [ -70.636827, -33.455622 ], [ -70.636773, -33.45561 ], [ -70.636691, -33.455593 ], [ -70.636714, -33.455497 ] ] ] } },
{ "type": "Feature", "properties": { "INMUEBLES_": 980, "COUNT": 0, "INMUEBLE": null, "NUEVO_NUM": 0 }, "geometry": { "type": "Polygon", "coordinates": [ [ [ -70.636629, -33.455579 ], [ -70.63662, -33.455617 ], [ -70.636612, -33.455647 ], [ -70.636619, -33.455649 ], [ -70.636599, -33.455747 ], [ -70.636598, -33.455752 ], [ -70.636583, -33.455749 ], [ -70.636469, -33.455725 ], [ -70.636509, -33.455553 ], [ -70.636629, -33.455579 ] ] ] } },
{ "type": "Feature", "properties": { "INMUEBLES_": 980, "COUNT": 0, "INMUEBLE": null, "NUEVO_NUM": 0 }, "geometry": { "type": "Polygon", "coordinates": [ [ [ -70.636827, -33.455622 ], [ -70.636822, -33.455646 ], [ -70.636805, -33.455716 ], [ -70.636787, -33.455793 ], [ -70.63667, -33.455768 ], [ -70.636647, -33.455763 ], [ -70.636649, -33.455756 ], [ -70.63667, -33.455659 ], [ -70.636675, -33.455659 ], [ -70.636691, -33.455593 ], [ -70.636773, -33.45561 ], [ -70.636827, -33.455622 ] ] ] } },
{ "type": "Feature", "properties": { "INMUEBLES_": 996, "COUNT": 0, "INMUEBLE": null, "NUEVO_NUM": 0 }, "geometry": { "type": "Polygon", "coordinates": [ [ [ -70.644855, -33.459016 ], [ -70.644832, -33.459109 ], [ -70.644682, -33.459081 ], [ -70.644703, -33.458988 ], [ -70.644855, -33.459016 ] ] ] } },
{ "type": "Feature", "properties": { "INMUEBLES_": 996, "COUNT": 0, "INMUEBLE": null, "NUEVO_NUM": 0 }, "geometry": { "type": "Polygon", "coordinates": [ [ [ -70.644832, -33.459109 ], [ -70.644812, -33.459188 ], [ -70.644668, -33.459161 ], [ -70.644677, -33.459123 ], [ -70.644673, -33.459121 ], [ -70.644682, -33.459081 ], [ -70.644832, -33.459109 ] ] ] } },
{ "type": "Feature", "properties": { "INMUEBLES_": 996, "COUNT": 0, "INMUEBLE": null, "NUEVO_NUM": 0 }, "geometry": { "type": "Polygon", "coordinates": [ [ [ -70.644573, -33.459139 ], [ -70.644601, -33.459144 ], [ -70.644611, -33.459154 ], [ -70.644602, -33.459188 ], [ -70.644621, -33.459191 ], [ -70.644607, -33.459242 ], [ -70.64448, -33.459218 ], [ -70.644494, -33.459125 ], [ -70.644573, -33.459139 ] ] ] } },
{ "type": "Feature", "properties": { "INMUEBLES_": 996, "COUNT": 0, "INMUEBLE": null, "NUEVO_NUM": 0 }, "geometry": { "type": "Polygon", "coordinates": [ [ [ -70.644812, -33.459188 ], [ -70.644798, -33.459242 ], [ -70.644787, -33.459277 ], [ -70.644646, -33.45925 ], [ -70.644668, -33.459161 ], [ -70.644812, -33.459188 ] ] ] } },
{ "type": "Feature", "properties": { "INMUEBLES_": 996, "COUNT": 0, "INMUEBLE": null, "NUEVO_NUM": 0 }, "geometry": { "type": "Polygon", "coordinates": [ [ [ -70.644607, -33.459242 ], [ -70.644584, -33.459328 ], [ -70.644467, -33.459306 ], [ -70.64448, -33.459218 ], [ -70.644607, -33.459242 ] ] ] } },
{ "type": "Feature", "properties": { "INMUEBLES_": 996, "COUNT": 0, "INMUEBLE": null, "NUEVO_NUM": 0 }, "geometry": { "type": "Polygon", "coordinates": [ [ [ -70.644787, -33.459277 ], [ -70.644768, -33.459339 ], [ -70.644761, -33.459361 ], [ -70.644624, -33.459336 ], [ -70.644646, -33.45925 ], [ -70.644787, -33.459277 ] ] ] } },
{ "type": "Feature", "properties": { "INMUEBLES_": 996, "COUNT": 0, "INMUEBLE": null, "NUEVO_NUM": 0 }, "geometry": { "type": "Polygon", "coordinates": [ [ [ -70.644584, -33.459328 ], [ -70.644562, -33.459414 ], [ -70.644454, -33.459395 ], [ -70.644467, -33.459306 ], [ -70.644584, -33.459328 ] ] ] } },
{ "type": "Feature", "properties": { "INMUEBLES_": 996, "COUNT": 0, "INMUEBLE": null, "NUEVO_NUM": 0 }, "geometry": { "type": "Polygon", "coordinates": [ [ [ -70.644761, -33.459361 ], [ -70.644735, -33.459445 ], [ -70.644603, -33.459421 ], [ -70.644624, -33.459336 ], [ -70.644761, -33.459361 ] ] ] } },
{ "type": "Feature", "properties": { "INMUEBLES_": 996, "COUNT": 0, "INMUEBLE": null, "NUEVO_NUM": 0 }, "geometry": { "type": "Polygon", "coordinates": [ [ [ -70.644562, -33.459414 ], [ -70.644546, -33.459473 ], [ -70.64453, -33.45947 ], [ -70.644523, -33.459497 ], [ -70.644513, -33.459495 ], [ -70.644441, -33.459481 ], [ -70.644454, -33.459395 ], [ -70.644562, -33.459414 ] ] ] } },
{ "type": "Feature", "properties": { "INMUEBLES_": 996, "COUNT": 0, "INMUEBLE": null, "NUEVO_NUM": 0 }, "geometry": { "type": "Polygon", "coordinates": [ [ [ -70.644735, -33.459445 ], [ -70.644709, -33.45953 ], [ -70.644609, -33.459513 ], [ -70.644601, -33.459511 ], [ -70.644609, -33.459479 ], [ -70.644589, -33.459475 ], [ -70.644603, -33.459421 ], [ -70.644735, -33.459445 ] ] ] } },
{ "type": "Feature", "properties": { "INMUEBLES_": 996, "COUNT": 0, "INMUEBLE": null, "NUEVO_NUM": 0 }, "geometry": { "type": "Polygon", "coordinates": [ [ [ -70.644513, -33.459495 ], [ -70.644507, -33.459524 ], [ -70.64451, -33.459525 ], [ -70.644486, -33.459621 ], [ -70.644423, -33.459603 ], [ -70.644441, -33.459481 ], [ -70.644513, -33.459495 ] ] ] } },
{ "type": "Feature", "properties": { "INMUEBLES_": 996, "COUNT": 0, "INMUEBLE": null, "NUEVO_NUM": 0 }, "geometry": { "type": "Polygon", "coordinates": [ [ [ -70.644709, -33.45953 ], [ -70.644699, -33.459562 ], [ -70.644664, -33.459674 ], [ -70.644575, -33.459648 ], [ -70.644602, -33.459543 ], [ -70.644609, -33.459513 ], [ -70.644709, -33.45953 ] ] ] } },
{ "type": "Feature", "properties": { "INMUEBLES_": 996, "COUNT": 0, "INMUEBLE": null, "NUEVO_NUM": 0 }, "geometry": { "type": "Polygon", "coordinates": [ [ [ -70.64451, -33.459525 ], [ -70.644602, -33.459543 ], [ -70.644575, -33.459648 ], [ -70.644486, -33.459621 ], [ -70.64451, -33.459525 ] ] ] } },
{ "type": "Feature", "properties": { "INMUEBLES_": 1112, "COUNT": 0, "INMUEBLE": null, "NUEVO_NUM": 0 }, "geometry": { "type": "Polygon", "coordinates": [ [ [ -70.654175, -33.46466 ], [ -70.654178, -33.464635 ], [ -70.654187, -33.464556 ], [ -70.654106, -33.46455 ], [ -70.654127, -33.46441 ], [ -70.654221, -33.46442 ], [ -70.654304, -33.464429 ], [ -70.654324, -33.464455 ], [ -70.654311, -33.464564 ], [ -70.654302, -33.464645 ], [ -70.654302, -33.464648 ], [ -70.654293, -33.46473 ], [ -70.654284, -33.464814 ], [ -70.654274, -33.464893 ], [ -70.654266, -33.464975 ], [ -70.65426, -33.465029 ], [ -70.654257, -33.465061 ], [ -70.654249, -33.465131 ], [ -70.65423, -33.465146 ], [ -70.654124, -33.46514 ], [ -70.654138, -33.465015 ], [ -70.654142, -33.464968 ], [ -70.654151, -33.464884 ], [ -70.654155, -33.464841 ], [ -70.654159, -33.464807 ], [ -70.65416, -33.46479 ], [ -70.654168, -33.46472 ], [ -70.654175, -33.46466 ] ] ] } },
{ "type": "Feature", "properties": { "INMUEBLES_": 1112, "COUNT": 0, "INMUEBLE": null, "NUEVO_NUM": 0 }, "geometry": { "type": "Polygon", "coordinates": [ [ [ -70.654492, -33.464451 ], [ -70.654483, -33.464543 ], [ -70.654482, -33.464549 ], [ -70.654479, -33.464582 ], [ -70.654475, -33.464618 ], [ -70.654471, -33.464653 ], [ -70.654467, -33.464689 ], [ -70.654466, -33.464693 ], [ -70.654463, -33.464725 ], [ -70.654459, -33.46476 ], [ -70.654458, -33.464767 ], [ -70.654455, -33.464797 ], [ -70.654451, -33.464834 ], [ -70.65445, -33.464841 ], [ -70.654448, -33.464866 ], [ -70.654444, -33.464901 ], [ -70.654442, -33.464917 ], [ -70.65444, -33.464936 ], [ -70.654436, -33.464971 ], [ -70.654434, -33.464991 ], [ -70.654432, -33.465007 ], [ -70.654429, -33.465042 ], [ -70.654426, -33.465064 ], [ -70.654424, -33.465079 ], [ -70.654415, -33.465159 ], [ -70.654314, -33.465153 ], [ -70.654299, -33.465135 ], [ -70.654306, -33.46507 ], [ -70.654311, -33.465034 ], [ -70.654315, -33.464999 ], [ -70.654319, -33.464964 ], [ -70.654321, -33.464946 ], [ -70.654323, -33.464929 ], [ -70.654326, -33.464893 ], [ -70.65433, -33.464858 ], [ -70.654334, -33.464825 ], [ -70.654337, -33.464789 ], [ -70.65434, -33.464765 ], [ -70.654341, -33.464751 ], [ -70.654345, -33.464718 ], [ -70.654349, -33.464679 ], [ -70.654353, -33.464645 ], [ -70.654357, -33.46461 ], [ -70.65436, -33.464574 ], [ -70.654364, -33.464539 ], [ -70.654365, -33.464535 ], [ -70.654373, -33.464463 ], [ -70.654407, -33.464441 ], [ -70.654492, -33.464451 ] ] ] } },
{ "type": "Feature", "properties": { "INMUEBLES_": 1112, "COUNT": 0, "INMUEBLE": null, "NUEVO_NUM": 0 }, "geometry": { "type": "Polygon", "coordinates": [ [ [ -70.654492, -33.464451 ], [ -70.654581, -33.464461 ], [ -70.654605, -33.464486 ], [ -70.654597, -33.464551 ], [ -70.654589, -33.464626 ], [ -70.654582, -33.4647 ], [ -70.654581, -33.464706 ], [ -70.654574, -33.464774 ], [ -70.654567, -33.464847 ], [ -70.65456, -33.464912 ], [ -70.654559, -33.464923 ], [ -70.654552, -33.464997 ], [ -70.654544, -33.465071 ], [ -70.654543, -33.465084 ], [ -70.654536, -33.465147 ], [ -70.654514, -33.465164 ], [ -70.654415, -33.465159 ], [ -70.654424, -33.465079 ], [ -70.654426, -33.465064 ], [ -70.654429, -33.465042 ], [ -70.654432, -33.465007 ], [ -70.654434, -33.464991 ], [ -70.654436, -33.464971 ], [ -70.65444, -33.464936 ], [ -70.654442, -33.464917 ], [ -70.654444, -33.464901 ], [ -70.654448, -33.464866 ], [ -70.65445, -33.464841 ], [ -70.654451, -33.464834 ], [ -70.654455, -33.464797 ], [ -70.654458, -33.464767 ], [ -70.654459, -33.46476 ], [ -70.654463, -33.464725 ], [ -70.654466, -33.464693 ], [ -70.654467, -33.464689 ], [ -70.654471, -33.464653 ], [ -70.654475, -33.464618 ], [ -70.654479, -33.464582 ], [ -70.654482, -33.464549 ], [ -70.654483, -33.464543 ], [ -70.654492, -33.464451 ] ] ] } },
{ "type": "Feature", "properties": { "INMUEBLES_": 1112, "COUNT": 0, "INMUEBLE": null, "NUEVO_NUM": 0 }, "geometry": { "type": "Polygon", "coordinates": [ [ [ -70.654772, -33.464568 ], [ -70.654765, -33.464641 ], [ -70.654733, -33.464936 ], [ -70.654726, -33.465016 ], [ -70.654608, -33.465007 ], [ -70.654616, -33.464925 ], [ -70.654619, -33.464883 ], [ -70.654622, -33.464855 ], [ -70.654629, -33.464779 ], [ -70.654637, -33.464704 ], [ -70.654644, -33.464632 ], [ -70.654651, -33.46456 ], [ -70.654655, -33.464491 ], [ -70.654687, -33.464473 ], [ -70.654779, -33.464484 ], [ -70.654772, -33.464568 ] ] ] } },
{ "type": "Feature", "properties": { "INMUEBLES_": 1112, "COUNT": 0, "INMUEBLE": null, "NUEVO_NUM": 0 }, "geometry": { "type": "Polygon", "coordinates": [ [ [ -70.654726, -33.465016 ], [ -70.654717, -33.465096 ], [ -70.6546, -33.465088 ], [ -70.654608, -33.465007 ], [ -70.654726, -33.465016 ] ] ] } },
{ "type": "Feature", "properties": { "INMUEBLES_": 1112, "COUNT": 0, "INMUEBLE": null, "NUEVO_NUM": 0 }, "geometry": { "type": "Polygon", "coordinates": [ [ [ -70.654717, -33.465096 ], [ -70.65491, -33.465111 ], [ -70.654903, -33.465174 ], [ -70.65488, -33.465191 ], [ -70.654709, -33.465177 ], [ -70.654611, -33.465171 ], [ -70.654594, -33.465157 ], [ -70.6546, -33.465088 ], [ -70.654717, -33.465096 ] ] ] } },
{ "type": "Feature", "properties": { "INMUEBLES_": 1112, "COUNT": 0, "INMUEBLE": null, "NUEVO_NUM": 0 }, "geometry": { "type": "Polygon", "coordinates": [ [ [ -70.654252, -33.465291 ], [ -70.654124, -33.465283 ], [ -70.654017, -33.465277 ], [ -70.6539, -33.46527 ], [ -70.653908, -33.465187 ], [ -70.653931, -33.46517 ], [ -70.654026, -33.465175 ], [ -70.654133, -33.465181 ], [ -70.654223, -33.465187 ], [ -70.654242, -33.465202 ], [ -70.654238, -33.465245 ], [ -70.654252, -33.465245 ], [ -70.65425, -33.465264 ], [ -70.654273, -33.465267 ], [ -70.654276, -33.465246 ], [ -70.654289, -33.465247 ], [ -70.654293, -33.465207 ], [ -70.654306, -33.465193 ], [ -70.654412, -33.4652 ], [ -70.654404, -33.465301 ], [ -70.654252, -33.465291 ] ] ] } },
{ "type": "Feature", "properties": { "INMUEBLES_": 1112, "COUNT": 0, "INMUEBLE": null, "NUEVO_NUM": 0 }, "geometry": { "type": "Polygon", "coordinates": [ [ [ -70.654404, -33.465301 ], [ -70.654412, -33.4652 ], [ -70.654516, -33.465207 ], [ -70.654534, -33.465221 ], [ -70.654527, -33.465308 ], [ -70.654404, -33.465301 ] ] ] } },
{ "type": "Feature", "properties": { "INMUEBLES_": 1112, "COUNT": 0, "INMUEBLE": null, "NUEVO_NUM": 0 }, "geometry": { "type": "Polygon", "coordinates": [ [ [ -70.65489, -33.46533 ], [ -70.654694, -33.465318 ], [ -70.654576, -33.465311 ], [ -70.654584, -33.465229 ], [ -70.654606, -33.465213 ], [ -70.654704, -33.46522 ], [ -70.654876, -33.465234 ], [ -70.654896, -33.465253 ], [ -70.65489, -33.46533 ] ] ] } },
{ "type": "Feature", "properties": { "INMUEBLES_": 957, "COUNT": 0, "INMUEBLE": null, "NUEVO_NUM": 0 }, "geometry": { "type": "Polygon", "coordinates": [ [ [ -70.64982, -33.457187 ], [ -70.649873, -33.457196 ], [ -70.649925, -33.457204 ], [ -70.649984, -33.457213 ], [ -70.650037, -33.457222 ], [ -70.65009, -33.45723 ], [ -70.650144, -33.457239 ], [ -70.6502, -33.457248 ], [ -70.650252, -33.457256 ], [ -70.650226, -33.457396 ], [ -70.64962, -33.45729 ], [ -70.64961, -33.457289 ], [ -70.64963, -33.457157 ], [ -70.64982, -33.457187 ] ] ] } },
{ "type": "Feature", "properties": { "INMUEBLES_": 1166, "COUNT": 0, "INMUEBLE": null, "NUEVO_NUM": 0 }, "geometry": { "type": "Polygon", "coordinates": [ [ [ -70.630881, -33.467466 ], [ -70.630862, -33.467541 ], [ -70.630842, -33.467615 ], [ -70.630749, -33.467602 ], [ -70.630713, -33.467761 ], [ -70.630623, -33.467751 ], [ -70.630535, -33.467741 ], [ -70.630385, -33.467724 ], [ -70.630359, -33.467695 ], [ -70.630421, -33.46746 ], [ -70.630441, -33.467381 ], [ -70.630881, -33.467466 ] ] ] } },
{ "type": "Feature", "properties": { "INMUEBLES_": 1166, "COUNT": 0, "INMUEBLE": null, "NUEVO_NUM": 0 }, "geometry": { "type": "Polygon", "coordinates": [ [ [ -70.630842, -33.467615 ], [ -70.630807, -33.467744 ], [ -70.630777, -33.467767 ], [ -70.630713, -33.467761 ], [ -70.630749, -33.467602 ], [ -70.630842, -33.467615 ] ] ] } },
{ "type": "Feature", "properties": { "INMUEBLES_": 1019, "COUNT": 0, "INMUEBLE": null, "NUEVO_NUM": 0 }, "geometry": { "type": "Polygon", "coordinates": [ [ [ -70.634414, -33.45757 ], [ -70.634632, -33.457614 ], [ -70.634646, -33.457617 ], [ -70.634636, -33.457653 ], [ -70.634617, -33.45765 ], [ -70.634606, -33.457687 ], [ -70.634393, -33.457641 ], [ -70.634414, -33.45757 ] ] ] } },
{ "type": "Feature", "properties": { "INMUEBLES_": 947, "COUNT": 2, "INMUEBLE": null, "NUEVO_NUM": 0 }, "geometry": { "type": "Polygon", "coordinates": [ [ [ -70.653025, -33.456821 ], [ -70.653662, -33.456897 ], [ -70.653591, -33.457497 ], [ -70.653589, -33.457502 ], [ -70.653585, -33.457507 ], [ -70.653583, -33.457508 ], [ -70.65358, -33.45751 ], [ -70.653572, -33.457513 ], [ -70.653564, -33.457513 ], [ -70.653222, -33.457456 ], [ -70.653135, -33.457442 ], [ -70.653055, -33.457428 ], [ -70.652985, -33.457416 ], [ -70.652977, -33.457414 ], [ -70.652971, -33.457411 ], [ -70.652966, -33.457407 ], [ -70.652962, -33.457402 ], [ -70.65296, -33.457397 ], [ -70.652958, -33.457391 ], [ -70.653025, -33.456821 ] ] ] } },
{ "type": "Feature", "properties": { "INMUEBLES_": 1203, "COUNT": 0, "INMUEBLE": null, "NUEVO_NUM": 0 }, "geometry": { "type": "MultiPolygon", "coordinates": [ [ [ [ -70.650943, -33.473965 ], [ -70.650939, -33.474021 ], [ -70.650931, -33.474135 ], [ -70.650907, -33.474133 ], [ -70.650828, -33.474129 ], [ -70.650644, -33.474119 ], [ -70.650642, -33.474119 ], [ -70.650664, -33.473836 ], [ -70.650666, -33.473795 ], [ -70.650683, -33.473574 ], [ -70.650687, -33.473535 ], [ -70.650691, -33.473504 ], [ -70.650727, -33.473506 ], [ -70.650976, -33.473519 ], [ -70.650976, -33.47352 ], [ -70.651069, -33.473525 ], [ -70.651164, -33.47353 ], [ -70.651152, -33.473687 ], [ -70.651147, -33.473747 ], [ -70.651144, -33.47379 ], [ -70.651143, -33.473803 ], [ -70.651139, -33.47386 ], [ -70.651134, -33.47392 ], [ -70.65113, -33.473978 ], [ -70.650943, -33.473965 ] ] ], [ [ [ -70.651103, -33.474306 ], [ -70.651098, -33.474366 ], [ -70.651085, -33.47453 ], [ -70.650992, -33.474525 ], [ -70.650896, -33.47452 ], [ -70.6509, -33.474472 ], [ -70.650909, -33.474352 ], [ -70.650979, -33.474301 ], [ -70.651103, -33.474306 ] ] ] ] } },
{ "type": "Feature", "properties": { "INMUEBLES_": 1203, "COUNT": 0, "INMUEBLE": null, "NUEVO_NUM": 0 }, "geometry": { "type": "MultiPolygon", "coordinates": [ [ [ [ -70.651948, -33.474718 ], [ -70.651979, -33.474746 ], [ -70.651955, -33.474998 ], [ -70.651618, -33.474977 ], [ -70.651626, -33.474887 ], [ -70.651619, -33.474887 ], [ -70.651627, -33.47479 ], [ -70.651635, -33.474791 ], [ -70.651642, -33.474698 ], [ -70.651948, -33.474718 ] ] ], [ [ [ -70.65115, -33.475065 ], [ -70.651154, -33.475014 ], [ -70.651159, -33.474957 ], [ -70.651228, -33.474962 ], [ -70.651235, -33.474875 ], [ -70.651292, -33.474878 ], [ -70.651294, -33.474857 ], [ -70.651386, -33.474863 ], [ -70.651384, -33.474883 ], [ -70.65144, -33.474887 ], [ -70.651434, -33.474974 ], [ -70.651503, -33.474978 ], [ -70.651498, -33.47503 ], [ -70.651498, -33.475031 ], [ -70.651493, -33.475084 ], [ -70.651489, -33.475138 ], [ -70.651484, -33.475194 ], [ -70.65148, -33.475247 ], [ -70.651475, -33.475301 ], [ -70.65147, -33.475356 ], [ -70.651466, -33.475408 ], [ -70.651461, -33.475462 ], [ -70.651456, -33.475516 ], [ -70.651451, -33.475576 ], [ -70.65144, -33.475695 ], [ -70.651271, -33.475686 ], [ -70.651187, -33.475682 ], [ -70.651136, -33.475678 ], [ -70.651131, -33.475678 ], [ -70.651104, -33.47565 ], [ -70.651111, -33.475551 ], [ -70.651116, -33.475496 ], [ -70.65112, -33.475441 ], [ -70.651124, -33.475387 ], [ -70.651129, -33.475333 ], [ -70.651133, -33.47528 ], [ -70.651137, -33.475227 ], [ -70.651141, -33.475173 ], [ -70.651146, -33.475118 ], [ -70.65115, -33.475065 ] ] ] ] } },
{ "type": "Feature", "properties": { "INMUEBLES_": 1203, "COUNT": 0, "INMUEBLE": null, "NUEVO_NUM": 0 }, "geometry": { "type": "Polygon", "coordinates": [ [ [ -70.650757, -33.475657 ], [ -70.650638, -33.47565 ], [ -70.650652, -33.475486 ], [ -70.650534, -33.47548 ], [ -70.650541, -33.475394 ], [ -70.650548, -33.475311 ], [ -70.650554, -33.475227 ], [ -70.650561, -33.475144 ], [ -70.650567, -33.47506 ], [ -70.650574, -33.474977 ], [ -70.650581, -33.474894 ], [ -70.650587, -33.47481 ], [ -70.650599, -33.474662 ], [ -70.650627, -33.474641 ], [ -70.650637, -33.474639 ], [ -70.65072, -33.474644 ], [ -70.650837, -33.474651 ], [ -70.650954, -33.474658 ], [ -70.651074, -33.474665 ], [ -70.65106, -33.474838 ], [ -70.651053, -33.474922 ], [ -70.651046, -33.475005 ], [ -70.65104, -33.475088 ], [ -70.651034, -33.475171 ], [ -70.651027, -33.475255 ], [ -70.651021, -33.475338 ], [ -70.651014, -33.475422 ], [ -70.651007, -33.475505 ], [ -70.650993, -33.475671 ], [ -70.650875, -33.475664 ], [ -70.650757, -33.475657 ] ] ] } },
{ "type": "Feature", "properties": { "INMUEBLES_": 1115, "COUNT": 2, "INMUEBLE": null, "NUEVO_NUM": 0 }, "geometry": { "type": "MultiPolygon", "coordinates": [ [ [ [ -70.647007, -33.466264 ], [ -70.647011, -33.466175 ], [ -70.647015, -33.466083 ], [ -70.647046, -33.46606 ], [ -70.647108, -33.466066 ], [ -70.647215, -33.466076 ], [ -70.647264, -33.466079 ], [ -70.647324, -33.466085 ], [ -70.647323, -33.466092 ], [ -70.647396, -33.466097 ], [ -70.647396, -33.466095 ], [ -70.647396, -33.466091 ], [ -70.647458, -33.466097 ], [ -70.647509, -33.466102 ], [ -70.647618, -33.466112 ], [ -70.647726, -33.466121 ], [ -70.647725, -33.46613 ], [ -70.647728, -33.46613 ], [ -70.647728, -33.466135 ], [ -70.647798, -33.466134 ], [ -70.647798, -33.466129 ], [ -70.647862, -33.466135 ], [ -70.647915, -33.46614 ], [ -70.648023, -33.466151 ], [ -70.648073, -33.466155 ], [ -70.648127, -33.466161 ], [ -70.648098, -33.466546 ], [ -70.648059, -33.466543 ], [ -70.648031, -33.466542 ], [ -70.647975, -33.466539 ], [ -70.647971, -33.466539 ], [ -70.647886, -33.466535 ], [ -70.6478, -33.46653 ], [ -70.64773, -33.466526 ], [ -70.647714, -33.466526 ], [ -70.647668, -33.466523 ], [ -70.647626, -33.466521 ], [ -70.647599, -33.46652 ], [ -70.64754, -33.466517 ], [ -70.647537, -33.466517 ], [ -70.647452, -33.466513 ], [ -70.647374, -33.466509 ], [ -70.647365, -33.466508 ], [ -70.647293, -33.466505 ], [ -70.64719, -33.466501 ], [ -70.647196, -33.466402 ], [ -70.647201, -33.46631 ], [ -70.647204, -33.466268 ], [ -70.647194, -33.466268 ], [ -70.647007, -33.466264 ] ] ], [ [ [ -70.647229, -33.465735 ], [ -70.647353, -33.465742 ], [ -70.647427, -33.465746 ], [ -70.647621, -33.465757 ], [ -70.647845, -33.46577 ], [ -70.648072, -33.465782 ], [ -70.648149, -33.465786 ], [ -70.648146, -33.465878 ], [ -70.648142, -33.465978 ], [ -70.648081, -33.465975 ], [ -70.64803, -33.46597 ], [ -70.647923, -33.46596 ], [ -70.647875, -33.465956 ], [ -70.647815, -33.46595 ], [ -70.647685, -33.465938 ], [ -70.647633, -33.465934 ], [ -70.647525, -33.465923 ], [ -70.647479, -33.465919 ], [ -70.647418, -33.465913 ], [ -70.647286, -33.465901 ], [ -70.647224, -33.465896 ], [ -70.647225, -33.465818 ], [ -70.647229, -33.465735 ] ] ] ] } },
{ "type": "Feature", "properties": { "INMUEBLES_": 952, "COUNT": 0, "INMUEBLE": null, "NUEVO_NUM": 0 }, "geometry": { "type": "Polygon", "coordinates": [ [ [ -70.643269, -33.45462 ], [ -70.643267, -33.454635 ], [ -70.64325, -33.454735 ], [ -70.643216, -33.454932 ], [ -70.643019, -33.454904 ], [ -70.643009, -33.45495 ], [ -70.642787, -33.454925 ], [ -70.642822, -33.454742 ], [ -70.642854, -33.454569 ], [ -70.643269, -33.45462 ] ] ] } },
{ "type": "Feature", "properties": { "INMUEBLES_": 1004, "COUNT": 10, "INMUEBLE": null, "NUEVO_NUM": 0 }, "geometry": { "type": "MultiPolygon", "coordinates": [ [ [ [ -70.640754, -33.458686 ], [ -70.640762, -33.458656 ], [ -70.64077, -33.458624 ], [ -70.640777, -33.458598 ], [ -70.640778, -33.458595 ], [ -70.640796, -33.458524 ], [ -70.6408, -33.458511 ], [ -70.6408, -33.45851 ], [ -70.640811, -33.458467 ], [ -70.640811, -33.458466 ], [ -70.640822, -33.45842 ], [ -70.640845, -33.458329 ], [ -70.640914, -33.458061 ], [ -70.641101, -33.458101 ], [ -70.641057, -33.45827 ], [ -70.641051, -33.458269 ], [ -70.641024, -33.458364 ], [ -70.641001, -33.458454 ], [ -70.640978, -33.458548 ], [ -70.640956, -33.458635 ], [ -70.640933, -33.458725 ], [ -70.640927, -33.458724 ], [ -70.640754, -33.458686 ] ] ], [ [ [ -70.641153, -33.45877 ], [ -70.641136, -33.458842 ], [ -70.641125, -33.458893 ], [ -70.64112, -33.458915 ], [ -70.641087, -33.459049 ], [ -70.640996, -33.459031 ], [ -70.640906, -33.459011 ], [ -70.640937, -33.458877 ], [ -70.640944, -33.458879 ], [ -70.640962, -33.458809 ], [ -70.640983, -33.458737 ], [ -70.640976, -33.458736 ], [ -70.640996, -33.458658 ], [ -70.641017, -33.458582 ], [ -70.641094, -33.45828 ], [ -70.641089, -33.458279 ], [ -70.641096, -33.458252 ], [ -70.641136, -33.458108 ], [ -70.641192, -33.45812 ], [ -70.641251, -33.458132 ], [ -70.641325, -33.458148 ], [ -70.641294, -33.458253 ], [ -70.641193, -33.458615 ], [ -70.641173, -33.458691 ], [ -70.641153, -33.45877 ] ] ] ] } },
{ "type": "Feature", "properties": { "INMUEBLES_": 1004, "COUNT": 10, "INMUEBLE": null, "NUEVO_NUM": 0 }, "geometry": { "type": "Polygon", "coordinates": [ [ [ -70.640715, -33.458833 ], [ -70.640809, -33.458854 ], [ -70.640889, -33.458869 ], [ -70.640894, -33.45887 ], [ -70.64086, -33.459002 ], [ -70.640771, -33.458983 ], [ -70.64068, -33.458963 ], [ -70.640715, -33.458833 ] ] ] } },
{ "type": "Feature", "properties": { "INMUEBLES_": 992, "COUNT": 0, "INMUEBLE": null, "NUEVO_NUM": 0 }, "geometry": { "type": "Polygon", "coordinates": [ [ [ -70.646536, -33.459238 ], [ -70.646528, -33.459339 ], [ -70.64654, -33.459341 ], [ -70.646494, -33.459969 ], [ -70.646598, -33.459976 ], [ -70.646591, -33.460055 ], [ -70.646581, -33.460168 ], [ -70.646217, -33.460132 ], [ -70.646243, -33.459828 ], [ -70.646262, -33.459596 ], [ -70.646281, -33.459371 ], [ -70.646294, -33.459212 ], [ -70.64633, -33.459191 ], [ -70.64651, -33.459232 ], [ -70.646536, -33.459238 ] ] ] } },
{ "type": "Feature", "properties": { "INMUEBLES_": 993, "COUNT": 0, "INMUEBLE": null, "NUEVO_NUM": 0 }, "geometry": { "type": "Polygon", "coordinates": [ [ [ -70.645891, -33.459104 ], [ -70.645959, -33.459118 ], [ -70.645998, -33.459126 ], [ -70.646095, -33.459145 ], [ -70.646121, -33.459176 ], [ -70.646115, -33.459234 ], [ -70.646113, -33.459252 ], [ -70.646107, -33.459308 ], [ -70.646104, -33.459348 ], [ -70.645961, -33.459324 ], [ -70.645951, -33.459322 ], [ -70.645922, -33.459315 ], [ -70.6459, -33.459312 ], [ -70.645848, -33.459302 ], [ -70.645891, -33.459104 ] ] ] } },
{ "type": "Feature", "properties": { "INMUEBLES_": 1007, "COUNT": 0, "INMUEBLE": null, "NUEVO_NUM": 0 }, "geometry": { "type": "Polygon", "coordinates": [ [ [ -70.641104, -33.45913 ], [ -70.641191, -33.459148 ], [ -70.641359, -33.459183 ], [ -70.641325, -33.459295 ], [ -70.641241, -33.459277 ], [ -70.641243, -33.459269 ], [ -70.641165, -33.459254 ], [ -70.641162, -33.459266 ], [ -70.641154, -33.459265 ], [ -70.641071, -33.459246 ], [ -70.641074, -33.459236 ], [ -70.640689, -33.459139 ], [ -70.640715, -33.459048 ], [ -70.640913, -33.459089 ], [ -70.641104, -33.45913 ] ] ] } },
{ "type": "Feature", "properties": { "INMUEBLES_": 1009, "COUNT": 0, "INMUEBLE": null, "NUEVO_NUM": 0 }, "geometry": { "type": "Polygon", "coordinates": [ [ [ -70.640363, -33.459145 ], [ -70.640449, -33.459162 ], [ -70.640621, -33.459195 ], [ -70.640578, -33.459348 ], [ -70.640557, -33.459356 ], [ -70.640407, -33.459322 ], [ -70.640319, -33.459302 ], [ -70.640214, -33.459279 ], [ -70.640192, -33.459249 ], [ -70.640226, -33.459115 ], [ -70.640363, -33.459145 ] ] ] } },
{ "type": "Feature", "properties": { "INMUEBLES_": 1049, "COUNT": 0, "INMUEBLE": null, "NUEVO_NUM": 0 }, "geometry": { "type": "Polygon", "coordinates": [ [ [ -70.639952, -33.459459 ], [ -70.639919, -33.459583 ], [ -70.639744, -33.459551 ], [ -70.639765, -33.459471 ], [ -70.639777, -33.459426 ], [ -70.639952, -33.459459 ] ] ] } },
{ "type": "Feature", "properties": { "INMUEBLES_": 976, "COUNT": 0, "INMUEBLE": null, "NUEVO_NUM": 0 }, "geometry": { "type": "Polygon", "coordinates": [ [ [ -70.639784, -33.456939 ], [ -70.639843, -33.45695 ], [ -70.63985, -33.456924 ], [ -70.640061, -33.456967 ], [ -70.640051, -33.45701 ], [ -70.640029, -33.457096 ], [ -70.639928, -33.457077 ], [ -70.639887, -33.457221 ], [ -70.639839, -33.457388 ], [ -70.639822, -33.457385 ], [ -70.639815, -33.457384 ], [ -70.639698, -33.45736 ], [ -70.639697, -33.457359 ], [ -70.639679, -33.457334 ], [ -70.639718, -33.457187 ], [ -70.639756, -33.457043 ], [ -70.639784, -33.456939 ] ] ] } },
{ "type": "Feature", "properties": { "INMUEBLES_": 975, "COUNT": 0, "INMUEBLE": null, "NUEVO_NUM": 0 }, "geometry": { "type": "Polygon", "coordinates": [ [ [ -70.64005, -33.4571 ], [ -70.640159, -33.457121 ], [ -70.640071, -33.457437 ], [ -70.640053, -33.457433 ], [ -70.640046, -33.457432 ], [ -70.639959, -33.457414 ], [ -70.64005, -33.4571 ] ] ] } },
{ "type": "Feature", "properties": { "INMUEBLES_": 977, "COUNT": 0, "INMUEBLE": null, "NUEVO_NUM": 0 }, "geometry": { "type": "Polygon", "coordinates": [ [ [ -70.639307, -33.456928 ], [ -70.639549, -33.456977 ], [ -70.639503, -33.457149 ], [ -70.63946, -33.457309 ], [ -70.639425, -33.457326 ], [ -70.63934, -33.457309 ], [ -70.639121, -33.457262 ], [ -70.639097, -33.457231 ], [ -70.639134, -33.457077 ], [ -70.639262, -33.457101 ], [ -70.639285, -33.457014 ], [ -70.639307, -33.456928 ] ] ] } },
{ "type": "Feature", "properties": { "INMUEBLES_": 984, "COUNT": 0, "INMUEBLE": null, "NUEVO_NUM": 0 }, "geometry": { "type": "Polygon", "coordinates": [ [ [ -70.634352, -33.455457 ], [ -70.634412, -33.455469 ], [ -70.634436, -33.4555 ], [ -70.634388, -33.455702 ], [ -70.634299, -33.455683 ], [ -70.634126, -33.455647 ], [ -70.634177, -33.455421 ], [ -70.634352, -33.455457 ] ] ] } },
{ "type": "Feature", "properties": { "INMUEBLES_": 986, "COUNT": 0, "INMUEBLE": null, "NUEVO_NUM": 0 }, "geometry": { "type": "Polygon", "coordinates": [ [ [ -70.632772, -33.455636 ], [ -70.632741, -33.455629 ], [ -70.632731, -33.455661 ], [ -70.632689, -33.455651 ], [ -70.632694, -33.455634 ], [ -70.632571, -33.455607 ], [ -70.632685, -33.45518 ], [ -70.632787, -33.4552 ], [ -70.632829, -33.455037 ], [ -70.632913, -33.455054 ], [ -70.632925, -33.455072 ], [ -70.632886, -33.455218 ], [ -70.632885, -33.455218 ], [ -70.632853, -33.45534 ], [ -70.632818, -33.455465 ], [ -70.632819, -33.455467 ], [ -70.632772, -33.455636 ] ] ] } },
{ "type": "Feature", "properties": { "INMUEBLES_": 986, "COUNT": 0, "INMUEBLE": null, "NUEVO_NUM": 0 }, "geometry": { "type": "Polygon", "coordinates": [ [ [ -70.632958, -33.455235 ], [ -70.632998, -33.455087 ], [ -70.633019, -33.455076 ], [ -70.633104, -33.455094 ], [ -70.633064, -33.455257 ], [ -70.633168, -33.455278 ], [ -70.63306, -33.455707 ], [ -70.632921, -33.455681 ], [ -70.632925, -33.455666 ], [ -70.632887, -33.455658 ], [ -70.632879, -33.455689 ], [ -70.632836, -33.455679 ], [ -70.632958, -33.455235 ] ] ] } },
{ "type": "Feature", "properties": { "INMUEBLES_": 989, "COUNT": 0, "INMUEBLE": null, "NUEVO_NUM": 0 }, "geometry": { "type": "Polygon", "coordinates": [ [ [ -70.631404, -33.454942 ], [ -70.63112, -33.454886 ], [ -70.631146, -33.454792 ], [ -70.6314, -33.454846 ], [ -70.631422, -33.454877 ], [ -70.631404, -33.454942 ] ] ] } },
{ "type": "Feature", "properties": { "INMUEBLES_": 987, "COUNT": 0, "INMUEBLE": null, "NUEVO_NUM": 0 }, "geometry": { "type": "Polygon", "coordinates": [ [ [ -70.632013, -33.454925 ], [ -70.632014, -33.454924 ], [ -70.632079, -33.454938 ], [ -70.632171, -33.454958 ], [ -70.632257, -33.454977 ], [ -70.632281, -33.455007 ], [ -70.632268, -33.455051 ], [ -70.632153, -33.455029 ], [ -70.63208, -33.455013 ], [ -70.632065, -33.455067 ], [ -70.63198, -33.45505 ], [ -70.632013, -33.454925 ] ] ] } },
{ "type": "Feature", "properties": { "INMUEBLES_": 990, "COUNT": 0, "INMUEBLE": null, "NUEVO_NUM": 0 }, "geometry": { "type": "Polygon", "coordinates": [ [ [ -70.655477, -33.460509 ], [ -70.655485, -33.46051 ], [ -70.656289, -33.460601 ], [ -70.656255, -33.46132 ], [ -70.655611, -33.461291 ], [ -70.655412, -33.461282 ], [ -70.655414, -33.461257 ], [ -70.655467, -33.460626 ], [ -70.655477, -33.460509 ] ] ] } },
{ "type": "Feature", "properties": { "INMUEBLES_": 1035, "COUNT": 0, "INMUEBLE": null, "NUEVO_NUM": 0 }, "geometry": { "type": "Polygon", "coordinates": [ [ [ -70.655388, -33.461621 ], [ -70.655395, -33.46152 ], [ -70.655402, -33.461441 ], [ -70.655434, -33.461417 ], [ -70.655513, -33.46142 ], [ -70.655712, -33.461426 ], [ -70.655821, -33.461431 ], [ -70.655926, -33.461437 ], [ -70.65591, -33.461651 ], [ -70.655805, -33.461643 ], [ -70.655691, -33.461637 ], [ -70.655388, -33.461621 ] ] ] } },
{ "type": "Feature", "properties": { "INMUEBLES_": 1034, "COUNT": 0, "INMUEBLE": null, "NUEVO_NUM": 0 }, "geometry": { "type": "Polygon", "coordinates": [ [ [ -70.655926, -33.461437 ], [ -70.656219, -33.461453 ], [ -70.656248, -33.46148 ], [ -70.656249, -33.461483 ], [ -70.656247, -33.461547 ], [ -70.655919, -33.461531 ], [ -70.655926, -33.461437 ] ] ] } },
{ "type": "Feature", "properties": { "INMUEBLES_": 1037, "COUNT": 0, "INMUEBLE": null, "NUEVO_NUM": 0 }, "geometry": { "type": "Polygon", "coordinates": [ [ [ -70.655388, -33.461621 ], [ -70.655588, -33.461631 ], [ -70.655748, -33.46164 ], [ -70.65591, -33.461651 ], [ -70.655898, -33.461823 ], [ -70.655822, -33.461818 ], [ -70.655579, -33.461803 ], [ -70.655579, -33.4618 ], [ -70.655385, -33.461788 ], [ -70.655374, -33.461779 ], [ -70.655388, -33.461621 ] ] ] } },
{ "type": "Feature", "properties": { "INMUEBLES_": 1036, "COUNT": 0, "INMUEBLE": null, "NUEVO_NUM": 0 }, "geometry": { "type": "Polygon", "coordinates": [ [ [ -70.656241, -33.461635 ], [ -70.656237, -33.461716 ], [ -70.656235, -33.461811 ], [ -70.656228, -33.461906 ], [ -70.656225, -33.462004 ], [ -70.655924, -33.461997 ], [ -70.655891, -33.461957 ], [ -70.655906, -33.461704 ], [ -70.65591, -33.461651 ], [ -70.655912, -33.461622 ], [ -70.655912, -33.461615 ], [ -70.656241, -33.461635 ] ] ] } },
{ "type": "Feature", "properties": { "INMUEBLES_": 1039, "COUNT": 0, "INMUEBLE": null, "NUEVO_NUM": 0 }, "geometry": { "type": "Polygon", "coordinates": [ [ [ -70.655802, -33.462416 ], [ -70.655883, -33.46242 ], [ -70.655879, -33.462513 ], [ -70.656202, -33.462524 ], [ -70.656199, -33.462595 ], [ -70.656166, -33.462618 ], [ -70.655874, -33.462611 ], [ -70.655745, -33.462608 ], [ -70.655616, -33.462605 ], [ -70.655622, -33.462508 ], [ -70.655627, -33.462407 ], [ -70.655755, -33.462413 ], [ -70.655802, -33.462416 ] ] ] } },
{ "type": "Feature", "properties": { "INMUEBLES_": 1036, "COUNT": 0, "INMUEBLE": null, "NUEVO_NUM": 0 }, "geometry": { "type": "Polygon", "coordinates": [ [ [ -70.656206, -33.46243 ], [ -70.655883, -33.46242 ], [ -70.655888, -33.462324 ], [ -70.655891, -33.462246 ], [ -70.655894, -33.462067 ], [ -70.65593, -33.462032 ], [ -70.656223, -33.462045 ], [ -70.656206, -33.46243 ] ] ] } },
{ "type": "Feature", "properties": { "INMUEBLES_": 1037, "COUNT": 0, "INMUEBLE": null, "NUEVO_NUM": 0 }, "geometry": { "type": "Polygon", "coordinates": [ [ [ -70.655605, -33.461856 ], [ -70.655598, -33.461941 ], [ -70.655366, -33.461923 ], [ -70.655371, -33.461848 ], [ -70.655382, -33.461839 ], [ -70.655605, -33.461856 ] ] ] } },
{ "type": "Feature", "properties": { "INMUEBLES_": 1037, "COUNT": 0, "INMUEBLE": null, "NUEVO_NUM": 0 }, "geometry": { "type": "Polygon", "coordinates": [ [ [ -70.655843, -33.462029 ], [ -70.655841, -33.462164 ], [ -70.655807, -33.46219 ], [ -70.655638, -33.462184 ], [ -70.655647, -33.462074 ], [ -70.655652, -33.462018 ], [ -70.655665, -33.461859 ], [ -70.655813, -33.461869 ], [ -70.655847, -33.461895 ], [ -70.655843, -33.462029 ] ] ] } },
{ "type": "Feature", "properties": { "INMUEBLES_": 1037, "COUNT": 0, "INMUEBLE": null, "NUEVO_NUM": 0 }, "geometry": { "type": "Polygon", "coordinates": [ [ [ -70.655353, -33.462085 ], [ -70.655575, -33.462097 ], [ -70.655571, -33.462182 ], [ -70.655356, -33.46217 ], [ -70.655346, -33.46216 ], [ -70.655353, -33.462085 ] ] ] } },
{ "type": "Feature", "properties": { "INMUEBLES_": 1037, "COUNT": 0, "INMUEBLE": null, "NUEVO_NUM": 0 }, "geometry": { "type": "Polygon", "coordinates": [ [ [ -70.655481, -33.462228 ], [ -70.655478, -33.462273 ], [ -70.655499, -33.462274 ], [ -70.655498, -33.462292 ], [ -70.655552, -33.462294 ], [ -70.655555, -33.462232 ], [ -70.655721, -33.46224 ], [ -70.655891, -33.462247 ], [ -70.655887, -33.462324 ], [ -70.655883, -33.46242 ], [ -70.655627, -33.462407 ], [ -70.655547, -33.462402 ], [ -70.655325, -33.462389 ], [ -70.655332, -33.462304 ], [ -70.655338, -33.462229 ], [ -70.65535, -33.462221 ], [ -70.655481, -33.462228 ] ] ] } },
{ "type": "Feature", "properties": { "INMUEBLES_": 1040, "COUNT": 0, "INMUEBLE": null, "NUEVO_NUM": 0 }, "geometry": { "type": "Polygon", "coordinates": [ [ [ -70.655622, -33.462508 ], [ -70.655616, -33.462605 ], [ -70.655336, -33.462596 ], [ -70.655307, -33.462569 ], [ -70.655315, -33.462489 ], [ -70.655325, -33.462389 ], [ -70.655627, -33.462407 ], [ -70.655622, -33.462508 ] ] ] } },
{ "type": "Feature", "properties": { "INMUEBLES_": 1089, "COUNT": 0, "INMUEBLE": null, "NUEVO_NUM": 0 }, "geometry": { "type": "Polygon", "coordinates": [ [ [ -70.655597, -33.462844 ], [ -70.655284, -33.462831 ], [ -70.655291, -33.462754 ], [ -70.655323, -33.46273 ], [ -70.655509, -33.462735 ], [ -70.655606, -33.462737 ], [ -70.655597, -33.462844 ] ] ] } },
{ "type": "Feature", "properties": { "INMUEBLES_": 1088, "COUNT": 0, "INMUEBLE": null, "NUEVO_NUM": 0 }, "geometry": { "type": "Polygon", "coordinates": [ [ [ -70.655863, -33.462839 ], [ -70.655859, -33.462919 ], [ -70.655856, -33.462964 ], [ -70.655777, -33.46296 ], [ -70.655726, -33.462957 ], [ -70.655589, -33.46295 ], [ -70.655597, -33.462845 ], [ -70.655605, -33.462737 ], [ -70.655736, -33.462741 ], [ -70.655867, -33.462745 ], [ -70.655867, -33.462746 ], [ -70.655863, -33.462839 ] ] ] } },
{ "type": "Feature", "properties": { "INMUEBLES_": 1087, "COUNT": 0, "INMUEBLE": null, "NUEVO_NUM": 0 }, "geometry": { "type": "Polygon", "coordinates": [ [ [ -70.655863, -33.462839 ], [ -70.655867, -33.462746 ], [ -70.65616, -33.462752 ], [ -70.656188, -33.462781 ], [ -70.656185, -33.462849 ], [ -70.656182, -33.462933 ], [ -70.655858, -33.462919 ], [ -70.655863, -33.462839 ] ] ] } },
{ "type": "Feature", "properties": { "INMUEBLES_": 1090, "COUNT": 0, "INMUEBLE": null, "NUEVO_NUM": 0 }, "geometry": { "type": "Polygon", "coordinates": [ [ [ -70.655597, -33.462844 ], [ -70.655589, -33.46295 ], [ -70.655535, -33.462947 ], [ -70.655454, -33.462943 ], [ -70.655275, -33.462933 ], [ -70.655284, -33.462831 ], [ -70.655284, -33.462831 ], [ -70.655597, -33.462844 ] ] ] } },
{ "type": "Feature", "properties": { "INMUEBLES_": 1091, "COUNT": 0, "INMUEBLE": null, "NUEVO_NUM": 0 }, "geometry": { "type": "Polygon", "coordinates": [ [ [ -70.655777, -33.46296 ], [ -70.655856, -33.462964 ], [ -70.655855, -33.463001 ], [ -70.65585, -33.463092 ], [ -70.65585, -33.463102 ], [ -70.655801, -33.463101 ], [ -70.655802, -33.46309 ], [ -70.655766, -33.463089 ], [ -70.655736, -33.463088 ], [ -70.655736, -33.463099 ], [ -70.655687, -33.463099 ], [ -70.65564, -33.463098 ], [ -70.655641, -33.463085 ], [ -70.655608, -33.463086 ], [ -70.655575, -33.463086 ], [ -70.655575, -33.463097 ], [ -70.655527, -33.463096 ], [ -70.655481, -33.463095 ], [ -70.655482, -33.463081 ], [ -70.655446, -33.46308 ], [ -70.655447, -33.463095 ], [ -70.655263, -33.463083 ], [ -70.655268, -33.46302 ], [ -70.655275, -33.462933 ], [ -70.655454, -33.462942 ], [ -70.655777, -33.46296 ] ] ] } },
{ "type": "Feature", "properties": { "INMUEBLES_": 1092, "COUNT": 0, "INMUEBLE": null, "NUEVO_NUM": 0 }, "geometry": { "type": "Polygon", "coordinates": [ [ [ -70.65585, -33.463102 ], [ -70.65585, -33.463092 ], [ -70.656175, -33.463102 ], [ -70.656171, -33.463184 ], [ -70.656171, -33.463184 ], [ -70.655848, -33.463173 ], [ -70.65585, -33.463102 ] ] ] } },
{ "type": "Feature", "properties": { "INMUEBLES_": 1091, "COUNT": 0, "INMUEBLE": null, "NUEVO_NUM": 0 }, "geometry": { "type": "Polygon", "coordinates": [ [ [ -70.655844, -33.463262 ], [ -70.655841, -33.463346 ], [ -70.655838, -33.463428 ], [ -70.655834, -33.46351 ], [ -70.655832, -33.463572 ], [ -70.655779, -33.463567 ], [ -70.655787, -33.463336 ], [ -70.655758, -33.463334 ], [ -70.655669, -33.463329 ], [ -70.655557, -33.463323 ], [ -70.655442, -33.463318 ], [ -70.655244, -33.463305 ], [ -70.655252, -33.463218 ], [ -70.655257, -33.463155 ], [ -70.655444, -33.463165 ], [ -70.655445, -33.463176 ], [ -70.655484, -33.463176 ], [ -70.655484, -33.463166 ], [ -70.655526, -33.463167 ], [ -70.655572, -33.463168 ], [ -70.655571, -33.463178 ], [ -70.655636, -33.463181 ], [ -70.655637, -33.463168 ], [ -70.655733, -33.463171 ], [ -70.655733, -33.463182 ], [ -70.655766, -33.463183 ], [ -70.655799, -33.463184 ], [ -70.6558, -33.463172 ], [ -70.655848, -33.463173 ], [ -70.655844, -33.463262 ] ] ] } },
{ "type": "Feature", "properties": { "INMUEBLES_": 1093, "COUNT": 0, "INMUEBLE": null, "NUEVO_NUM": 0 }, "geometry": { "type": "Polygon", "coordinates": [ [ [ -70.656167, -33.463268 ], [ -70.656167, -33.463268 ], [ -70.656163, -33.463352 ], [ -70.656157, -33.463436 ], [ -70.656156, -33.463521 ], [ -70.656154, -33.463572 ], [ -70.656113, -33.4636 ], [ -70.655833, -33.463572 ], [ -70.655838, -33.463428 ], [ -70.655841, -33.463346 ], [ -70.655844, -33.463262 ], [ -70.656167, -33.463268 ] ] ] } },
{ "type": "Feature", "properties": { "INMUEBLES_": 1095, "COUNT": 0, "INMUEBLE": null, "NUEVO_NUM": 0 }, "geometry": { "type": "Polygon", "coordinates": [ [ [ -70.655444, -33.463318 ], [ -70.65551, -33.463321 ], [ -70.655523, -33.463322 ], [ -70.655557, -33.463324 ], [ -70.65555, -33.463428 ], [ -70.655439, -33.463421 ], [ -70.65543, -33.463531 ], [ -70.655259, -33.463514 ], [ -70.655231, -33.463485 ], [ -70.655237, -33.463406 ], [ -70.655244, -33.463305 ], [ -70.655444, -33.463318 ] ] ] } },
{ "type": "Feature", "properties": { "INMUEBLES_": 1094, "COUNT": 0, "INMUEBLE": null, "NUEVO_NUM": 0 }, "geometry": { "type": "Polygon", "coordinates": [ [ [ -70.655682, -33.46333 ], [ -70.655758, -33.463334 ], [ -70.655787, -33.463336 ], [ -70.655779, -33.463567 ], [ -70.655658, -33.463554 ], [ -70.655541, -33.463542 ], [ -70.65555, -33.463428 ], [ -70.655557, -33.463324 ], [ -70.655669, -33.463329 ], [ -70.655682, -33.46333 ] ] ] } },
{ "type": "Feature", "properties": { "INMUEBLES_": 1096, "COUNT": 0, "INMUEBLE": null, "NUEVO_NUM": 0 }, "geometry": { "type": "Polygon", "coordinates": [ [ [ -70.655236, -33.463647 ], [ -70.655468, -33.463672 ], [ -70.655913, -33.463717 ], [ -70.656047, -33.463731 ], [ -70.656075, -33.46376 ], [ -70.6561, -33.464436 ], [ -70.656077, -33.464459 ], [ -70.655926, -33.464441 ], [ -70.655184, -33.464351 ], [ -70.655157, -33.464325 ], [ -70.655163, -33.464266 ], [ -70.655215, -33.463661 ], [ -70.655236, -33.463647 ] ] ] } },
{ "type": "Feature", "properties": { "INMUEBLES_": 1100, "COUNT": 0, "INMUEBLE": null, "NUEVO_NUM": 0 }, "geometry": { "type": "Polygon", "coordinates": [ [ [ -70.655441, -33.464715 ], [ -70.655466, -33.464561 ], [ -70.655574, -33.464573 ], [ -70.655538, -33.464821 ], [ -70.655427, -33.464815 ], [ -70.655441, -33.464715 ] ] ] } },
{ "type": "Feature", "properties": { "INMUEBLES_": 1099, "COUNT": 0, "INMUEBLE": null, "NUEVO_NUM": 0 }, "geometry": { "type": "Polygon", "coordinates": [ [ [ -70.655644, -33.464827 ], [ -70.65568, -33.464584 ], [ -70.655786, -33.464596 ], [ -70.655748, -33.464832 ], [ -70.655676, -33.464828 ], [ -70.655644, -33.464827 ] ] ] } },
{ "type": "Feature", "properties": { "INMUEBLES_": 1104, "COUNT": 0, "INMUEBLE": null, "NUEVO_NUM": 0 }, "geometry": { "type": "Polygon", "coordinates": [ [ [ -70.655644, -33.464827 ], [ -70.655676, -33.464828 ], [ -70.655748, -33.464832 ], [ -70.655858, -33.464839 ], [ -70.656097, -33.464851 ], [ -70.656098, -33.464851 ], [ -70.656091, -33.464971 ], [ -70.656091, -33.464971 ], [ -70.656086, -33.46509 ], [ -70.655558, -33.465065 ], [ -70.655564, -33.464944 ], [ -70.655565, -33.464929 ], [ -70.65557, -33.464823 ], [ -70.655644, -33.464827 ] ] ] } },
{ "type": "Feature", "properties": { "INMUEBLES_": 1103, "COUNT": 0, "INMUEBLE": null, "NUEVO_NUM": 0 }, "geometry": { "type": "Polygon", "coordinates": [ [ [ -70.656081, -33.465206 ], [ -70.656076, -33.465324 ], [ -70.655571, -33.4653 ], [ -70.655549, -33.465298 ], [ -70.655552, -33.46523 ], [ -70.655554, -33.465182 ], [ -70.656081, -33.465206 ] ] ] } },
{ "type": "Feature", "properties": { "INMUEBLES_": 1101, "COUNT": 0, "INMUEBLE": null, "NUEVO_NUM": 0 }, "geometry": { "type": "Polygon", "coordinates": [ [ [ -70.655565, -33.465431 ], [ -70.65556, -33.465591 ], [ -70.65556, -33.465593 ], [ -70.655397, -33.465584 ], [ -70.655398, -33.465582 ], [ -70.655398, -33.465581 ], [ -70.655407, -33.465421 ], [ -70.655565, -33.465431 ] ] ] } },
{ "type": "Feature", "properties": { "INMUEBLES_": 1102, "COUNT": 0, "INMUEBLE": null, "NUEVO_NUM": 0 }, "geometry": { "type": "Polygon", "coordinates": [ [ [ -70.656068, -33.465461 ], [ -70.656061, -33.465598 ], [ -70.656029, -33.465622 ], [ -70.655725, -33.465603 ], [ -70.655728, -33.46544 ], [ -70.655858, -33.465448 ], [ -70.656068, -33.465461 ] ] ] } },
{ "type": "Feature", "properties": { "INMUEBLES_": 1105, "COUNT": 0, "INMUEBLE": null, "NUEVO_NUM": 0 }, "geometry": { "type": "Polygon", "coordinates": [ [ [ -70.655784, -33.465767 ], [ -70.65579, -33.465674 ], [ -70.656047, -33.465688 ], [ -70.656058, -33.465699 ], [ -70.656054, -33.465789 ], [ -70.656014, -33.466645 ], [ -70.655733, -33.466619 ], [ -70.655784, -33.465779 ], [ -70.655784, -33.465767 ] ] ] } },
{ "type": "Feature", "properties": { "INMUEBLES_": 1106, "COUNT": 0, "INMUEBLE": null, "NUEVO_NUM": 0 }, "geometry": { "type": "Polygon", "coordinates": [ [ [ -70.655784, -33.465767 ], [ -70.655784, -33.465779 ], [ -70.655779, -33.465863 ], [ -70.655766, -33.466064 ], [ -70.655542, -33.466047 ], [ -70.655548, -33.465951 ], [ -70.655556, -33.465854 ], [ -70.655562, -33.465758 ], [ -70.655784, -33.465767 ] ] ] } },
{ "type": "Feature", "properties": { "INMUEBLES_": 1109, "COUNT": 0, "INMUEBLE": null, "NUEVO_NUM": 0 }, "geometry": { "type": "Polygon", "coordinates": [ [ [ -70.65522, -33.466129 ], [ -70.655451, -33.466139 ], [ -70.655448, -33.466179 ], [ -70.655444, -33.466234 ], [ -70.655212, -33.466223 ], [ -70.655218, -33.46614 ], [ -70.65522, -33.466129 ] ] ] } },
{ "type": "Feature", "properties": { "INMUEBLES_": 1110, "COUNT": 0, "INMUEBLE": null, "NUEVO_NUM": 0 }, "geometry": { "type": "Polygon", "coordinates": [ [ [ -70.655755, -33.466251 ], [ -70.655754, -33.466263 ], [ -70.655747, -33.466353 ], [ -70.655523, -33.466337 ], [ -70.65553, -33.466241 ], [ -70.655532, -33.466141 ], [ -70.655759, -33.466154 ], [ -70.655755, -33.466251 ] ] ] } },
{ "type": "Feature", "properties": { "INMUEBLES_": 1108, "COUNT": 0, "INMUEBLE": null, "NUEVO_NUM": 0 }, "geometry": { "type": "Polygon", "coordinates": [ [ [ -70.655298, -33.466506 ], [ -70.655283, -33.46667 ], [ -70.655173, -33.466657 ], [ -70.655188, -33.466497 ], [ -70.655283, -33.466504 ], [ -70.655298, -33.466506 ] ] ] } },
{ "type": "Feature", "properties": { "INMUEBLES_": 1111, "COUNT": 0, "INMUEBLE": null, "NUEVO_NUM": 0 }, "geometry": { "type": "Polygon", "coordinates": [ [ [ -70.655738, -33.466542 ], [ -70.655733, -33.466619 ], [ -70.655726, -33.466723 ], [ -70.65562, -33.466709 ], [ -70.655632, -33.466531 ], [ -70.655738, -33.466542 ] ] ] } },
{ "type": "Feature", "properties": { "INMUEBLES_": 1106, "COUNT": 0, "INMUEBLE": null, "NUEVO_NUM": 0 }, "geometry": { "type": "Polygon", "coordinates": [ [ [ -70.655264, -33.465643 ], [ -70.655482, -33.465656 ], [ -70.655457, -33.466043 ], [ -70.655227, -33.466033 ], [ -70.655225, -33.466049 ], [ -70.655225, -33.466049 ], [ -70.655259, -33.465643 ], [ -70.655264, -33.465643 ] ] ] } },
{ "type": "Feature", "properties": { "INMUEBLES_": 1107, "COUNT": 0, "INMUEBLE": null, "NUEVO_NUM": 0 }, "geometry": { "type": "Polygon", "coordinates": [ [ [ -70.655259, -33.465643 ], [ -70.655225, -33.466049 ], [ -70.655012, -33.466031 ], [ -70.655035, -33.465762 ], [ -70.655044, -33.465657 ], [ -70.655077, -33.465634 ], [ -70.655259, -33.465643 ] ] ] } },
{ "type": "Feature", "properties": { "INMUEBLES_": 1138, "COUNT": 0, "INMUEBLE": null, "NUEVO_NUM": 0 }, "geometry": { "type": "Polygon", "coordinates": [ [ [ -70.655445, -33.467616 ], [ -70.655965, -33.467677 ], [ -70.655958, -33.467822 ], [ -70.655432, -33.467776 ], [ -70.655445, -33.467616 ] ] ] } },
{ "type": "Feature", "properties": { "INMUEBLES_": 1139, "COUNT": 0, "INMUEBLE": null, "NUEVO_NUM": 0 }, "geometry": { "type": "Polygon", "coordinates": [ [ [ -70.654901, -33.46832 ], [ -70.655039, -33.46833 ], [ -70.655116, -33.468336 ], [ -70.655224, -33.468344 ], [ -70.655295, -33.468349 ], [ -70.655322, -33.468351 ], [ -70.655407, -33.468358 ], [ -70.655491, -33.468366 ], [ -70.655566, -33.468372 ], [ -70.655656, -33.468379 ], [ -70.655857, -33.468396 ], [ -70.655931, -33.468402 ], [ -70.655922, -33.468622 ], [ -70.655915, -33.468781 ], [ -70.655839, -33.468775 ], [ -70.655725, -33.468767 ], [ -70.655618, -33.468758 ], [ -70.655534, -33.468752 ], [ -70.655454, -33.468745 ], [ -70.655347, -33.468736 ], [ -70.655266, -33.468729 ], [ -70.655187, -33.468723 ], [ -70.655078, -33.468714 ], [ -70.654866, -33.468694 ], [ -70.654791, -33.468688 ], [ -70.654805, -33.46853 ], [ -70.654809, -33.468472 ], [ -70.654824, -33.468314 ], [ -70.654901, -33.46832 ] ] ] } },
{ "type": "Feature", "properties": { "INMUEBLES_": 1172, "COUNT": 0, "INMUEBLE": null, "NUEVO_NUM": 0 }, "geometry": { "type": "Polygon", "coordinates": [ [ [ -70.655689, -33.469749 ], [ -70.655706, -33.46975 ], [ -70.655871, -33.469762 ], [ -70.655866, -33.469869 ], [ -70.655835, -33.469894 ], [ -70.655676, -33.469885 ], [ -70.655689, -33.469749 ] ] ] } },
{ "type": "Feature", "properties": { "INMUEBLES_": 961, "COUNT": 2, "INMUEBLE": null, "NUEVO_NUM": 0 }, "geometry": { "type": "Polygon", "coordinates": [ [ [ -70.649114, -33.458927 ], [ -70.648895, -33.45889 ], [ -70.648943, -33.458587 ], [ -70.649167, -33.458627 ], [ -70.649148, -33.458735 ], [ -70.649136, -33.458806 ], [ -70.649114, -33.458927 ] ] ] } },
{ "type": "Feature", "properties": { "INMUEBLES_": 962, "COUNT": 2, "INMUEBLE": null, "NUEVO_NUM": 0 }, "geometry": { "type": "Polygon", "coordinates": [ [ [ -70.649114, -33.458928 ], [ -70.649115, -33.458928 ], [ -70.649113, -33.458942 ], [ -70.649104, -33.458994 ], [ -70.649059, -33.459265 ], [ -70.649057, -33.45927 ], [ -70.649054, -33.459276 ], [ -70.64905, -33.45928 ], [ -70.649045, -33.459284 ], [ -70.649042, -33.459286 ], [ -70.64904, -33.459287 ], [ -70.649033, -33.45929 ], [ -70.649026, -33.459292 ], [ -70.649019, -33.459293 ], [ -70.649011, -33.459293 ], [ -70.64899, -33.459291 ], [ -70.64896, -33.459286 ], [ -70.64896, -33.459286 ], [ -70.648824, -33.459259 ], [ -70.648825, -33.459259 ], [ -70.648746, -33.459243 ], [ -70.648746, -33.459244 ], [ -70.64852, -33.459198 ], [ -70.648423, -33.459179 ], [ -70.648356, -33.459167 ], [ -70.648357, -33.459166 ], [ -70.648289, -33.459153 ], [ -70.648289, -33.459154 ], [ -70.648242, -33.459146 ], [ -70.648209, -33.45914 ], [ -70.64816, -33.459129 ], [ -70.64813, -33.459123 ], [ -70.64813, -33.459121 ], [ -70.648152, -33.458997 ], [ -70.648189, -33.458571 ], [ -70.648315, -33.458593 ], [ -70.648336, -33.458463 ], [ -70.648369, -33.45847 ], [ -70.648387, -33.458474 ], [ -70.648404, -33.458477 ], [ -70.648411, -33.458479 ], [ -70.648437, -33.458484 ], [ -70.648459, -33.458488 ], [ -70.648479, -33.458493 ], [ -70.648511, -33.458499 ], [ -70.648529, -33.458503 ], [ -70.64855, -33.458507 ], [ -70.648582, -33.458513 ], [ -70.648603, -33.458518 ], [ -70.648623, -33.458522 ], [ -70.648656, -33.458528 ], [ -70.648674, -33.458532 ], [ -70.648694, -33.458536 ], [ -70.648727, -33.458543 ], [ -70.648747, -33.458547 ], [ -70.648768, -33.458551 ], [ -70.648802, -33.458558 ], [ -70.648822, -33.458562 ], [ -70.648826, -33.458563 ], [ -70.648843, -33.458566 ], [ -70.648881, -33.458574 ], [ -70.648942, -33.458586 ], [ -70.648943, -33.458587 ], [ -70.648895, -33.45889 ], [ -70.649114, -33.458927 ], [ -70.649114, -33.458928 ] ] ] } },
{ "type": "Feature", "properties": { "INMUEBLES_": 1062, "COUNT": 0, "INMUEBLE": null, "NUEVO_NUM": 0 }, "geometry": { "type": "Polygon", "coordinates": [ [ [ -70.636303, -33.458305 ], [ -70.636308, -33.458306 ], [ -70.636296, -33.458357 ], [ -70.636292, -33.458356 ], [ -70.63628, -33.458399 ], [ -70.636108, -33.458364 ], [ -70.636087, -33.458332 ], [ -70.636108, -33.458265 ], [ -70.636303, -33.458305 ] ] ] } },
{ "type": "Feature", "properties": { "INMUEBLES_": 1051, "COUNT": 11, "INMUEBLE": null, "NUEVO_NUM": 0 }, "geometry": { "type": "Polygon", "coordinates": [ [ [ -70.639154, -33.460034 ], [ -70.638964, -33.459993 ], [ -70.638993, -33.459884 ], [ -70.63902, -33.459779 ], [ -70.639046, -33.459681 ], [ -70.639072, -33.45958 ], [ -70.639099, -33.459478 ], [ -70.639127, -33.459371 ], [ -70.639152, -33.459272 ], [ -70.639175, -33.459184 ], [ -70.639212, -33.459165 ], [ -70.639369, -33.459198 ], [ -70.639517, -33.45923 ], [ -70.639531, -33.459249 ], [ -70.63949, -33.459409 ], [ -70.639328, -33.459375 ], [ -70.639318, -33.459413 ], [ -70.639305, -33.459462 ], [ -70.63929, -33.459519 ], [ -70.63928, -33.459554 ], [ -70.639263, -33.459619 ], [ -70.639259, -33.459636 ], [ -70.639237, -33.459718 ], [ -70.639234, -33.459728 ], [ -70.639211, -33.459817 ], [ -70.639189, -33.459902 ], [ -70.639183, -33.459925 ], [ -70.639165, -33.45999 ], [ -70.639154, -33.460034 ] ] ] } },
{ "type": "Feature", "properties": { "INMUEBLES_": 1051, "COUNT": 11, "INMUEBLE": null, "NUEVO_NUM": 0 }, "geometry": { "type": "Polygon", "coordinates": [ [ [ -70.638937, -33.460098 ], [ -70.639126, -33.46014 ], [ -70.639112, -33.460192 ], [ -70.6391, -33.460236 ], [ -70.639089, -33.460279 ], [ -70.639072, -33.460343 ], [ -70.638883, -33.460303 ], [ -70.638911, -33.460197 ], [ -70.638937, -33.460098 ] ] ] } },
{ "type": "Feature", "properties": { "INMUEBLES_": 1021, "COUNT": 0, "INMUEBLE": null, "NUEVO_NUM": 0 }, "geometry": { "type": "Polygon", "coordinates": [ [ [ -70.634312, -33.457354 ], [ -70.63428, -33.457461 ], [ -70.63394, -33.457397 ], [ -70.633945, -33.457378 ], [ -70.633966, -33.457299 ], [ -70.633969, -33.457288 ], [ -70.634312, -33.457354 ] ] ] } },
{ "type": "Feature", "properties": { "INMUEBLES_": 1021, "COUNT": 0, "INMUEBLE": null, "NUEVO_NUM": 0 }, "geometry": { "type": "Polygon", "coordinates": [ [ [ -70.63394, -33.457397 ], [ -70.63428, -33.457461 ], [ -70.634256, -33.457542 ], [ -70.633919, -33.457478 ], [ -70.633925, -33.457455 ], [ -70.63394, -33.457397 ] ] ] } },
{ "type": "Feature", "properties": { "INMUEBLES_": 1021, "COUNT": 0, "INMUEBLE": null, "NUEVO_NUM": 0 }, "geometry": { "type": "Polygon", "coordinates": [ [ [ -70.633919, -33.457478 ], [ -70.634256, -33.457542 ], [ -70.63423, -33.45763 ], [ -70.633895, -33.457566 ], [ -70.633904, -33.457533 ], [ -70.633909, -33.457516 ], [ -70.633919, -33.457478 ] ] ] } },
{ "type": "Feature", "properties": { "INMUEBLES_": 1021, "COUNT": 0, "INMUEBLE": null, "NUEVO_NUM": 0 }, "geometry": { "type": "Polygon", "coordinates": [ [ [ -70.633895, -33.457566 ], [ -70.63423, -33.45763 ], [ -70.634204, -33.457718 ], [ -70.633872, -33.45765 ], [ -70.633881, -33.45762 ], [ -70.633895, -33.457566 ] ] ] } },
{ "type": "Feature", "properties": { "INMUEBLES_": 1024, "COUNT": 0, "INMUEBLE": null, "NUEVO_NUM": 0 }, "geometry": { "type": "Polygon", "coordinates": [ [ [ -70.633242, -33.457773 ], [ -70.63324, -33.457779 ], [ -70.633214, -33.457873 ], [ -70.63322, -33.457875 ], [ -70.633191, -33.457969 ], [ -70.633, -33.457945 ], [ -70.632974, -33.457916 ], [ -70.633025, -33.457731 ], [ -70.633242, -33.457773 ] ] ] } },
{ "type": "Feature", "properties": { "INMUEBLES_": 1015, "COUNT": 0, "INMUEBLE": null, "NUEVO_NUM": 0 }, "geometry": { "type": "Polygon", "coordinates": [ [ [ -70.635209, -33.457773 ], [ -70.635436, -33.457825 ], [ -70.635403, -33.457938 ], [ -70.635187, -33.457889 ], [ -70.635199, -33.457845 ], [ -70.635188, -33.457843 ], [ -70.635198, -33.457809 ], [ -70.635209, -33.457773 ] ] ] } },
{ "type": "Feature", "properties": { "INMUEBLES_": 1022, "COUNT": 0, "INMUEBLE": null, "NUEVO_NUM": 0 }, "geometry": { "type": "Polygon", "coordinates": [ [ [ -70.633741, -33.457882 ], [ -70.63373, -33.457932 ], [ -70.63371, -33.457929 ], [ -70.633704, -33.457951 ], [ -70.633596, -33.457931 ], [ -70.633615, -33.457857 ], [ -70.633741, -33.457882 ] ] ] } },
{ "type": "Feature", "properties": { "INMUEBLES_": 1022, "COUNT": 0, "INMUEBLE": null, "NUEVO_NUM": 0 }, "geometry": { "type": "Polygon", "coordinates": [ [ [ -70.633807, -33.457894 ], [ -70.633803, -33.457908 ], [ -70.633766, -33.458045 ], [ -70.633683, -33.458034 ], [ -70.633704, -33.457951 ], [ -70.63371, -33.457929 ], [ -70.63373, -33.457932 ], [ -70.633741, -33.457882 ], [ -70.633764, -33.457886 ], [ -70.633807, -33.457894 ] ] ] } },
{ "type": "Feature", "properties": { "INMUEBLES_": 1027, "COUNT": 0, "INMUEBLE": null, "NUEVO_NUM": 0 }, "geometry": { "type": "Polygon", "coordinates": [ [ [ -70.63251, -33.457955 ], [ -70.632494, -33.458012 ], [ -70.632488, -33.458032 ], [ -70.632278, -33.45799 ], [ -70.6323, -33.457912 ], [ -70.63251, -33.457955 ] ] ] } },
{ "type": "Feature", "properties": { "INMUEBLES_": 1022, "COUNT": 0, "INMUEBLE": null, "NUEVO_NUM": 0 }, "geometry": { "type": "Polygon", "coordinates": [ [ [ -70.633704, -33.457951 ], [ -70.633683, -33.458034 ], [ -70.633598, -33.458024 ], [ -70.633595, -33.458023 ], [ -70.633578, -33.458004 ], [ -70.633577, -33.458002 ], [ -70.633596, -33.457931 ], [ -70.633704, -33.457951 ] ] ] } },
{ "type": "Feature", "properties": { "INMUEBLES_": 1027, "COUNT": 0, "INMUEBLE": null, "NUEVO_NUM": 0 }, "geometry": { "type": "Polygon", "coordinates": [ [ [ -70.632488, -33.458032 ], [ -70.632475, -33.458084 ], [ -70.632264, -33.458044 ], [ -70.632278, -33.45799 ], [ -70.632488, -33.458032 ] ] ] } },
{ "type": "Feature", "properties": { "INMUEBLES_": 1083, "COUNT": 0, "INMUEBLE": null, "NUEVO_NUM": 0 }, "geometry": { "type": "Polygon", "coordinates": [ [ [ -70.631932, -33.458653 ], [ -70.631909, -33.458731 ], [ -70.631573, -33.458666 ], [ -70.631595, -33.458589 ], [ -70.631932, -33.458653 ] ] ] } },
{ "type": "Feature", "properties": { "INMUEBLES_": 1083, "COUNT": 0, "INMUEBLE": null, "NUEVO_NUM": 0 }, "geometry": { "type": "Polygon", "coordinates": [ [ [ -70.631909, -33.458731 ], [ -70.631888, -33.458806 ], [ -70.631553, -33.458739 ], [ -70.631573, -33.458666 ], [ -70.631909, -33.458731 ] ] ] } },
{ "type": "Feature", "properties": { "INMUEBLES_": 1083, "COUNT": 0, "INMUEBLE": null, "NUEVO_NUM": 0 }, "geometry": { "type": "Polygon", "coordinates": [ [ [ -70.631888, -33.458806 ], [ -70.631868, -33.458879 ], [ -70.631533, -33.458813 ], [ -70.631553, -33.458739 ], [ -70.631888, -33.458806 ] ] ] } },
{ "type": "Feature", "properties": { "INMUEBLES_": 1083, "COUNT": 0, "INMUEBLE": null, "NUEVO_NUM": 0 }, "geometry": { "type": "Polygon", "coordinates": [ [ [ -70.631514, -33.458884 ], [ -70.631533, -33.458813 ], [ -70.631868, -33.458879 ], [ -70.631846, -33.458956 ], [ -70.631514, -33.458884 ] ] ] } },
{ "type": "Feature", "properties": { "INMUEBLES_": 1072, "COUNT": 0, "INMUEBLE": null, "NUEVO_NUM": 0 }, "geometry": { "type": "Polygon", "coordinates": [ [ [ -70.634333, -33.459449 ], [ -70.63431, -33.45952 ], [ -70.634095, -33.459478 ], [ -70.634087, -33.459477 ], [ -70.634097, -33.459443 ], [ -70.634104, -33.459444 ], [ -70.634117, -33.459405 ], [ -70.634333, -33.459449 ] ] ] } },
{ "type": "Feature", "properties": { "INMUEBLES_": 1072, "COUNT": 0, "INMUEBLE": null, "NUEVO_NUM": 0 }, "geometry": { "type": "Polygon", "coordinates": [ [ [ -70.63431, -33.45952 ], [ -70.634289, -33.459593 ], [ -70.634075, -33.45955 ], [ -70.634067, -33.459549 ], [ -70.634076, -33.459514 ], [ -70.634084, -33.459515 ], [ -70.634095, -33.459478 ], [ -70.63431, -33.45952 ] ] ] } },
{ "type": "Feature", "properties": { "INMUEBLES_": 1076, "COUNT": 0, "INMUEBLE": null, "NUEVO_NUM": 0 }, "geometry": { "type": "Polygon", "coordinates": [ [ [ -70.633435, -33.460338 ], [ -70.633414, -33.460412 ], [ -70.633197, -33.460371 ], [ -70.633208, -33.460334 ], [ -70.633199, -33.460332 ], [ -70.633209, -33.460295 ], [ -70.633435, -33.460338 ] ] ] } },
{ "type": "Feature", "properties": { "INMUEBLES_": 1076, "COUNT": 0, "INMUEBLE": null, "NUEVO_NUM": 0 }, "geometry": { "type": "Polygon", "coordinates": [ [ [ -70.633197, -33.460371 ], [ -70.633414, -33.460412 ], [ -70.633393, -33.460484 ], [ -70.633177, -33.460447 ], [ -70.633182, -33.460429 ], [ -70.633187, -33.460412 ], [ -70.633179, -33.46041 ], [ -70.633188, -33.460369 ], [ -70.633197, -33.460371 ] ] ] } },
{ "type": "Feature", "properties": { "INMUEBLES_": 1068, "COUNT": 0, "INMUEBLE": null, "NUEVO_NUM": 0 }, "geometry": { "type": "Polygon", "coordinates": [ [ [ -70.635095, -33.460362 ], [ -70.635314, -33.460405 ], [ -70.635294, -33.460477 ], [ -70.635072, -33.460435 ], [ -70.635082, -33.4604 ], [ -70.635075, -33.460398 ], [ -70.635086, -33.46036 ], [ -70.635095, -33.460362 ] ] ] } },
{ "type": "Feature", "properties": { "INMUEBLES_": 1076, "COUNT": 0, "INMUEBLE": null, "NUEVO_NUM": 0 }, "geometry": { "type": "Polygon", "coordinates": [ [ [ -70.633161, -33.460477 ], [ -70.633165, -33.460462 ], [ -70.633173, -33.460463 ], [ -70.633177, -33.460447 ], [ -70.633393, -33.460484 ], [ -70.633384, -33.460516 ], [ -70.633161, -33.460477 ] ] ] } },
{ "type": "Feature", "properties": { "INMUEBLES_": 1076, "COUNT": 0, "INMUEBLE": null, "NUEVO_NUM": 0 }, "geometry": { "type": "Polygon", "coordinates": [ [ [ -70.633384, -33.460516 ], [ -70.633372, -33.460557 ], [ -70.633157, -33.46052 ], [ -70.633163, -33.460502 ], [ -70.633154, -33.4605 ], [ -70.633161, -33.460477 ], [ -70.633384, -33.460516 ] ] ] } },
{ "type": "Feature", "properties": { "INMUEBLES_": 1076, "COUNT": 0, "INMUEBLE": null, "NUEVO_NUM": 0 }, "geometry": { "type": "Polygon", "coordinates": [ [ [ -70.633372, -33.460557 ], [ -70.633351, -33.46063 ], [ -70.633136, -33.460593 ], [ -70.633127, -33.460591 ], [ -70.633137, -33.460555 ], [ -70.633146, -33.460556 ], [ -70.633157, -33.46052 ], [ -70.633372, -33.460557 ] ] ] } },
{ "type": "Feature", "properties": { "INMUEBLES_": 1134, "COUNT": 0, "INMUEBLE": null, "NUEVO_NUM": 0 }, "geometry": { "type": "Polygon", "coordinates": [ [ [ -70.631589, -33.461313 ], [ -70.631605, -33.461316 ], [ -70.631587, -33.461384 ], [ -70.631346, -33.46133 ], [ -70.631363, -33.461265 ], [ -70.631589, -33.461313 ] ] ] } },
{ "type": "Feature", "properties": { "INMUEBLES_": 1134, "COUNT": 0, "INMUEBLE": null, "NUEVO_NUM": 0 }, "geometry": { "type": "Polygon", "coordinates": [ [ [ -70.631587, -33.461384 ], [ -70.631571, -33.461446 ], [ -70.631327, -33.461394 ], [ -70.631346, -33.46133 ], [ -70.631587, -33.461384 ] ] ] } },
{ "type": "Feature", "properties": { "INMUEBLES_": 1137, "COUNT": 0, "INMUEBLE": null, "NUEVO_NUM": 0 }, "geometry": { "type": "Polygon", "coordinates": [ [ [ -70.631816, -33.461429 ], [ -70.631798, -33.461494 ], [ -70.631781, -33.461559 ], [ -70.631553, -33.46151 ], [ -70.631571, -33.461446 ], [ -70.631587, -33.461384 ], [ -70.631816, -33.461429 ] ] ] } },
{ "type": "Feature", "properties": { "INMUEBLES_": 1135, "COUNT": 0, "INMUEBLE": null, "NUEVO_NUM": 0 }, "geometry": { "type": "Polygon", "coordinates": [ [ [ -70.631535, -33.461577 ], [ -70.631517, -33.461645 ], [ -70.631491, -33.461639 ], [ -70.631479, -33.461679 ], [ -70.631505, -33.461685 ], [ -70.631495, -33.461724 ], [ -70.631249, -33.461672 ], [ -70.631272, -33.461591 ], [ -70.631291, -33.461523 ], [ -70.631535, -33.461577 ] ] ] } },
{ "type": "Feature", "properties": { "INMUEBLES_": 1127, "COUNT": 0, "INMUEBLE": null, "NUEVO_NUM": 0 }, "geometry": { "type": "Polygon", "coordinates": [ [ [ -70.632607, -33.461614 ], [ -70.632619, -33.461567 ], [ -70.632653, -33.46155 ], [ -70.632738, -33.461565 ], [ -70.632836, -33.461584 ], [ -70.632814, -33.46166 ], [ -70.632717, -33.461639 ], [ -70.632607, -33.461614 ] ] ] } },
{ "type": "Feature", "properties": { "INMUEBLES_": 1127, "COUNT": 0, "INMUEBLE": null, "NUEVO_NUM": 0 }, "geometry": { "type": "Polygon", "coordinates": [ [ [ -70.632814, -33.46166 ], [ -70.632836, -33.461584 ], [ -70.632871, -33.461591 ], [ -70.63303, -33.461621 ], [ -70.633052, -33.461651 ], [ -70.633037, -33.461708 ], [ -70.632824, -33.461662 ], [ -70.632814, -33.46166 ] ] ] } },
{ "type": "Feature", "properties": { "INMUEBLES_": 1066, "COUNT": 0, "INMUEBLE": null, "NUEVO_NUM": 0 }, "geometry": { "type": "Polygon", "coordinates": [ [ [ -70.635215, -33.461633 ], [ -70.635163, -33.461825 ], [ -70.635098, -33.461813 ], [ -70.635075, -33.461782 ], [ -70.635124, -33.461616 ], [ -70.635215, -33.461633 ] ] ] } },
{ "type": "Feature", "properties": { "INMUEBLES_": 1066, "COUNT": 0, "INMUEBLE": null, "NUEVO_NUM": 0 }, "geometry": { "type": "Polygon", "coordinates": [ [ [ -70.635303, -33.46165 ], [ -70.635252, -33.461842 ], [ -70.635163, -33.461825 ], [ -70.635215, -33.461633 ], [ -70.635303, -33.46165 ] ] ] } },
{ "type": "Feature", "properties": { "INMUEBLES_": 1066, "COUNT": 0, "INMUEBLE": null, "NUEVO_NUM": 0 }, "geometry": { "type": "Polygon", "coordinates": [ [ [ -70.635397, -33.461667 ], [ -70.635341, -33.46186 ], [ -70.635252, -33.461842 ], [ -70.635303, -33.46165 ], [ -70.635397, -33.461667 ] ] ] } },
{ "type": "Feature", "properties": { "INMUEBLES_": 1066, "COUNT": 0, "INMUEBLE": null, "NUEVO_NUM": 0 }, "geometry": { "type": "Polygon", "coordinates": [ [ [ -70.635483, -33.461684 ], [ -70.635429, -33.461876 ], [ -70.635341, -33.46186 ], [ -70.635397, -33.461667 ], [ -70.635483, -33.461684 ] ] ] } },
{ "type": "Feature", "properties": { "INMUEBLES_": 1066, "COUNT": 0, "INMUEBLE": null, "NUEVO_NUM": 0 }, "geometry": { "type": "Polygon", "coordinates": [ [ [ -70.635571, -33.461701 ], [ -70.635518, -33.461893 ], [ -70.635429, -33.461876 ], [ -70.635483, -33.461684 ], [ -70.635571, -33.461701 ] ] ] } },
{ "type": "Feature", "properties": { "INMUEBLES_": 1066, "COUNT": 0, "INMUEBLE": null, "NUEVO_NUM": 0 }, "geometry": { "type": "Polygon", "coordinates": [ [ [ -70.635668, -33.46172 ], [ -70.635621, -33.461888 ], [ -70.635584, -33.461906 ], [ -70.635518, -33.461893 ], [ -70.635571, -33.461701 ], [ -70.635668, -33.46172 ] ] ] } },
{ "type": "Feature", "properties": { "INMUEBLES_": 1167, "COUNT": 0, "INMUEBLE": null, "NUEVO_NUM": 0 }, "geometry": { "type": "Polygon", "coordinates": [ [ [ -70.631074, -33.46273 ], [ -70.631186, -33.462755 ], [ -70.631173, -33.462798 ], [ -70.631151, -33.462794 ], [ -70.631139, -33.46284 ], [ -70.630937, -33.462794 ], [ -70.630963, -33.462707 ], [ -70.631074, -33.46273 ] ] ] } },
{ "type": "Feature", "properties": { "INMUEBLES_": 1123, "COUNT": 0, "INMUEBLE": null, "NUEVO_NUM": 0 }, "geometry": { "type": "Polygon", "coordinates": [ [ [ -70.635063, -33.462778 ], [ -70.635353, -33.462839 ], [ -70.635341, -33.46288 ], [ -70.63534, -33.46288 ], [ -70.635321, -33.462945 ], [ -70.635322, -33.462945 ], [ -70.635312, -33.462986 ], [ -70.635117, -33.462946 ], [ -70.635023, -33.462923 ], [ -70.635035, -33.462876 ], [ -70.635023, -33.462873 ], [ -70.635043, -33.462809 ], [ -70.635047, -33.462797 ], [ -70.635058, -33.462799 ], [ -70.635063, -33.462778 ] ] ] } },
{ "type": "Feature", "properties": { "INMUEBLES_": 1126, "COUNT": 0, "INMUEBLE": null, "NUEVO_NUM": 0 }, "geometry": { "type": "Polygon", "coordinates": [ [ [ -70.633054, -33.463084 ], [ -70.633043, -33.463124 ], [ -70.633051, -33.463125 ], [ -70.633041, -33.463158 ], [ -70.63282, -33.463118 ], [ -70.63284, -33.463044 ], [ -70.633054, -33.463084 ] ] ] } },
{ "type": "Feature", "properties": { "INMUEBLES_": 1126, "COUNT": 0, "INMUEBLE": null, "NUEVO_NUM": 0 }, "geometry": { "type": "Polygon", "coordinates": [ [ [ -70.633041, -33.463158 ], [ -70.633032, -33.463192 ], [ -70.633024, -33.463191 ], [ -70.633012, -33.463228 ], [ -70.632802, -33.463188 ], [ -70.63282, -33.463118 ], [ -70.633041, -33.463158 ] ] ] } },
{ "type": "Feature", "properties": { "INMUEBLES_": 1125, "COUNT": 0, "INMUEBLE": null, "NUEVO_NUM": 0 }, "geometry": { "type": "Polygon", "coordinates": [ [ [ -70.633816, -33.463458 ], [ -70.633797, -33.463532 ], [ -70.633583, -33.463492 ], [ -70.633574, -33.46349 ], [ -70.633586, -33.463451 ], [ -70.633594, -33.463453 ], [ -70.633603, -33.463419 ], [ -70.633816, -33.463458 ] ] ] } },
{ "type": "Feature", "properties": { "INMUEBLES_": 1122, "COUNT": 0, "INMUEBLE": null, "NUEVO_NUM": 0 }, "geometry": { "type": "Polygon", "coordinates": [ [ [ -70.636971, -33.463552 ], [ -70.63695, -33.463621 ], [ -70.636957, -33.463622 ], [ -70.636954, -33.463636 ], [ -70.63697, -33.463638 ], [ -70.636959, -33.463685 ], [ -70.636935, -33.463681 ], [ -70.636913, -33.463677 ], [ -70.636887, -33.463672 ], [ -70.636841, -33.463664 ], [ -70.636677, -33.463633 ], [ -70.636687, -33.463593 ], [ -70.636704, -33.463536 ], [ -70.636728, -33.463522 ], [ -70.636843, -33.463536 ], [ -70.636918, -33.463545 ], [ -70.636933, -33.463547 ], [ -70.636971, -33.463552 ] ] ] } },
{ "type": "Feature", "properties": { "INMUEBLES_": 1124, "COUNT": 0, "INMUEBLE": null, "NUEVO_NUM": 0 }, "geometry": { "type": "Polygon", "coordinates": [ [ [ -70.634104, -33.463821 ], [ -70.634092, -33.46387 ], [ -70.634104, -33.463873 ], [ -70.634092, -33.463918 ], [ -70.633897, -33.463887 ], [ -70.633874, -33.463857 ], [ -70.633894, -33.463782 ], [ -70.634104, -33.463821 ] ] ] } },
{ "type": "Feature", "properties": { "INMUEBLES_": 1119, "COUNT": 0, "INMUEBLE": null, "NUEVO_NUM": 0 }, "geometry": { "type": "Polygon", "coordinates": [ [ [ -70.637391, -33.464073 ], [ -70.637658, -33.46412 ], [ -70.637638, -33.464195 ], [ -70.63738, -33.464147 ], [ -70.637389, -33.464111 ], [ -70.637382, -33.464109 ], [ -70.637391, -33.464073 ] ] ] } },
{ "type": "Feature", "properties": { "INMUEBLES_": 1119, "COUNT": 0, "INMUEBLE": null, "NUEVO_NUM": 0 }, "geometry": { "type": "Polygon", "coordinates": [ [ [ -70.637372, -33.464145 ], [ -70.63738, -33.464147 ], [ -70.637638, -33.464195 ], [ -70.637619, -33.464268 ], [ -70.637361, -33.464222 ], [ -70.637371, -33.464184 ], [ -70.637363, -33.464182 ], [ -70.637372, -33.464145 ] ] ] } },
{ "type": "Feature", "properties": { "INMUEBLES_": 1119, "COUNT": 0, "INMUEBLE": null, "NUEVO_NUM": 0 }, "geometry": { "type": "Polygon", "coordinates": [ [ [ -70.637353, -33.464221 ], [ -70.637361, -33.464222 ], [ -70.637619, -33.464268 ], [ -70.6376, -33.46434 ], [ -70.637502, -33.464322 ], [ -70.637414, -33.464307 ], [ -70.637343, -33.464294 ], [ -70.637352, -33.464259 ], [ -70.637343, -33.464257 ], [ -70.637353, -33.464221 ] ] ] } },
{ "type": "Feature", "properties": { "INMUEBLES_": 1147, "COUNT": 0, "INMUEBLE": null, "NUEVO_NUM": 0 }, "geometry": { "type": "Polygon", "coordinates": [ [ [ -70.636898, -33.464692 ], [ -70.636881, -33.464757 ], [ -70.636858, -33.464844 ], [ -70.636653, -33.464807 ], [ -70.636664, -33.46477 ], [ -70.636637, -33.464764 ], [ -70.636647, -33.464728 ], [ -70.636651, -33.464712 ], [ -70.636658, -33.464692 ], [ -70.636683, -33.464696 ], [ -70.636695, -33.464656 ], [ -70.636898, -33.464692 ] ] ] } },
{ "type": "Feature", "properties": { "INMUEBLES_": 1147, "COUNT": 0, "INMUEBLE": null, "NUEVO_NUM": 0 }, "geometry": { "type": "Polygon", "coordinates": [ [ [ -70.636653, -33.464807 ], [ -70.636858, -33.464844 ], [ -70.63684, -33.464919 ], [ -70.636618, -33.464875 ], [ -70.636627, -33.46484 ], [ -70.636636, -33.464842 ], [ -70.636646, -33.464805 ], [ -70.636653, -33.464807 ] ] ] } },
{ "type": "Feature", "properties": { "INMUEBLES_": 1170, "COUNT": 0, "INMUEBLE": null, "NUEVO_NUM": 0 }, "geometry": { "type": "Polygon", "coordinates": [ [ [ -70.630549, -33.464943 ], [ -70.630536, -33.464983 ], [ -70.63056, -33.464989 ], [ -70.630546, -33.46504 ], [ -70.630837, -33.465102 ], [ -70.630824, -33.465151 ], [ -70.630714, -33.465133 ], [ -70.630609, -33.465117 ], [ -70.630517, -33.4651 ], [ -70.630509, -33.465126 ], [ -70.630296, -33.465074 ], [ -70.630321, -33.464988 ], [ -70.630347, -33.4649 ], [ -70.630549, -33.464943 ] ] ] } },
{ "type": "Feature", "properties": { "INMUEBLES_": 1147, "COUNT": 0, "INMUEBLE": null, "NUEVO_NUM": 0 }, "geometry": { "type": "Polygon", "coordinates": [ [ [ -70.63684, -33.464919 ], [ -70.636821, -33.464989 ], [ -70.636608, -33.46495 ], [ -70.63662, -33.464904 ], [ -70.63661, -33.464901 ], [ -70.636618, -33.464875 ], [ -70.63684, -33.464919 ] ] ] } },
{ "type": "Feature", "properties": { "INMUEBLES_": 1163, "COUNT": 0, "INMUEBLE": null, "NUEVO_NUM": 0 }, "geometry": { "type": "Polygon", "coordinates": [ [ [ -70.631096, -33.465545 ], [ -70.630946, -33.465511 ], [ -70.63096, -33.465458 ], [ -70.630997, -33.465438 ], [ -70.631118, -33.465452 ], [ -70.631096, -33.465545 ] ] ] } },
{ "type": "Feature", "properties": { "INMUEBLES_": 1163, "COUNT": 0, "INMUEBLE": null, "NUEVO_NUM": 0 }, "geometry": { "type": "Polygon", "coordinates": [ [ [ -70.631096, -33.465545 ], [ -70.631118, -33.465452 ], [ -70.631189, -33.465461 ], [ -70.63117, -33.465539 ], [ -70.631162, -33.465538 ], [ -70.631152, -33.465583 ], [ -70.631159, -33.465585 ], [ -70.631147, -33.46563 ], [ -70.631139, -33.465628 ], [ -70.631081, -33.465617 ], [ -70.631096, -33.465545 ] ] ] } },
{ "type": "Feature", "properties": { "INMUEBLES_": 1163, "COUNT": 0, "INMUEBLE": null, "NUEVO_NUM": 0 }, "geometry": { "type": "Polygon", "coordinates": [ [ [ -70.631159, -33.465585 ], [ -70.631152, -33.465583 ], [ -70.631162, -33.465538 ], [ -70.63117, -33.465539 ], [ -70.631189, -33.465461 ], [ -70.631236, -33.465467 ], [ -70.63127, -33.465472 ], [ -70.631334, -33.465479 ], [ -70.631303, -33.465604 ], [ -70.631235, -33.465595 ], [ -70.631159, -33.465585 ] ] ] } },
{ "type": "Feature", "properties": { "INMUEBLES_": 1163, "COUNT": 0, "INMUEBLE": null, "NUEVO_NUM": 0 }, "geometry": { "type": "Polygon", "coordinates": [ [ [ -70.631235, -33.465595 ], [ -70.631303, -33.465604 ], [ -70.631334, -33.465479 ], [ -70.631381, -33.465485 ], [ -70.631404, -33.465514 ], [ -70.631378, -33.465613 ], [ -70.631363, -33.465668 ], [ -70.631147, -33.46563 ], [ -70.631159, -33.465585 ], [ -70.631235, -33.465595 ] ] ] } },
{ "type": "Feature", "properties": { "INMUEBLES_": 1149, "COUNT": 0, "INMUEBLE": null, "NUEVO_NUM": 0 }, "geometry": { "type": "Polygon", "coordinates": [ [ [ -70.634325, -33.465549 ], [ -70.634313, -33.465594 ], [ -70.634297, -33.465592 ], [ -70.634288, -33.465623 ], [ -70.634235, -33.465617 ], [ -70.634032, -33.46559 ], [ -70.634052, -33.465515 ], [ -70.634325, -33.465549 ] ] ] } },
{ "type": "Feature", "properties": { "INMUEBLES_": 1149, "COUNT": 0, "INMUEBLE": null, "NUEVO_NUM": 0 }, "geometry": { "type": "Polygon", "coordinates": [ [ [ -70.634235, -33.465617 ], [ -70.634288, -33.465623 ], [ -70.63427, -33.465678 ], [ -70.634218, -33.465672 ], [ -70.634045, -33.46565 ], [ -70.634023, -33.465622 ], [ -70.634032, -33.46559 ], [ -70.634235, -33.465617 ] ] ] } },
{ "type": "Feature", "properties": { "INMUEBLES_": 1163, "COUNT": 0, "INMUEBLE": null, "NUEVO_NUM": 0 }, "geometry": { "type": "Polygon", "coordinates": [ [ [ -70.631147, -33.46563 ], [ -70.631363, -33.465668 ], [ -70.631356, -33.465693 ], [ -70.631343, -33.465742 ], [ -70.631128, -33.465703 ], [ -70.631138, -33.465667 ], [ -70.631129, -33.465665 ], [ -70.631139, -33.465628 ], [ -70.631147, -33.46563 ] ] ] } },
{ "type": "Feature", "properties": { "INMUEBLES_": 1148, "COUNT": 0, "INMUEBLE": null, "NUEVO_NUM": 0 }, "geometry": { "type": "Polygon", "coordinates": [ [ [ -70.635092, -33.465656 ], [ -70.635079, -33.46571 ], [ -70.635071, -33.465709 ], [ -70.635055, -33.46577 ], [ -70.634822, -33.465744 ], [ -70.634798, -33.465714 ], [ -70.634822, -33.46562 ], [ -70.635092, -33.465656 ] ] ] } },
{ "type": "Feature", "properties": { "INMUEBLES_": 1150, "COUNT": 0, "INMUEBLE": null, "NUEVO_NUM": 0 }, "geometry": { "type": "Polygon", "coordinates": [ [ [ -70.634133, -33.466284 ], [ -70.63413, -33.466299 ], [ -70.634121, -33.466338 ], [ -70.634109, -33.46639 ], [ -70.634106, -33.466405 ], [ -70.633821, -33.466368 ], [ -70.633838, -33.466305 ], [ -70.633843, -33.466284 ], [ -70.633853, -33.46625 ], [ -70.634133, -33.466284 ] ] ] } },
{ "type": "Feature", "properties": { "INMUEBLES_": 1153, "COUNT": 0, "INMUEBLE": null, "NUEVO_NUM": 0 }, "geometry": { "type": "Polygon", "coordinates": [ [ [ -70.632798, -33.46642 ], [ -70.63279, -33.466458 ], [ -70.632781, -33.466457 ], [ -70.632776, -33.466472 ], [ -70.63277, -33.466495 ], [ -70.632556, -33.46645 ], [ -70.632576, -33.466374 ], [ -70.632798, -33.46642 ] ] ] } },
{ "type": "Feature", "properties": { "INMUEBLES_": 1165, "COUNT": 0, "INMUEBLE": null, "NUEVO_NUM": 0 }, "geometry": { "type": "Polygon", "coordinates": [ [ [ -70.63064, -33.466648 ], [ -70.630654, -33.466597 ], [ -70.630689, -33.466577 ], [ -70.630839, -33.466594 ], [ -70.630914, -33.466603 ], [ -70.630935, -33.466606 ], [ -70.631011, -33.466615 ], [ -70.630988, -33.46671 ], [ -70.63089, -33.466693 ], [ -70.630813, -33.466679 ], [ -70.63064, -33.466648 ] ] ] } },
{ "type": "Feature", "properties": { "INMUEBLES_": 1155, "COUNT": 0, "INMUEBLE": null, "NUEVO_NUM": 0 }, "geometry": { "type": "Polygon", "coordinates": [ [ [ -70.632669, -33.467744 ], [ -70.632665, -33.467758 ], [ -70.632654, -33.467801 ], [ -70.632629, -33.467891 ], [ -70.632531, -33.467872 ], [ -70.632411, -33.46785 ], [ -70.632422, -33.467807 ], [ -70.632414, -33.467805 ], [ -70.632423, -33.467773 ], [ -70.63243, -33.467774 ], [ -70.632435, -33.467757 ], [ -70.632441, -33.467737 ], [ -70.632432, -33.467735 ], [ -70.632435, -33.467723 ], [ -70.632443, -33.467699 ], [ -70.632669, -33.467744 ] ] ] } },
{ "type": "Feature", "properties": { "INMUEBLES_": 1186, "COUNT": 0, "INMUEBLE": null, "NUEVO_NUM": 0 }, "geometry": { "type": "Polygon", "coordinates": [ [ [ -70.630289, -33.467958 ], [ -70.63031, -33.467877 ], [ -70.630345, -33.467857 ], [ -70.630346, -33.467856 ], [ -70.630547, -33.467879 ], [ -70.630526, -33.46795 ], [ -70.630516, -33.467948 ], [ -70.630508, -33.467979 ], [ -70.630499, -33.468014 ], [ -70.630289, -33.467958 ] ] ] } },
{ "type": "Feature", "properties": { "INMUEBLES_": 1186, "COUNT": 0, "INMUEBLE": null, "NUEVO_NUM": 0 }, "geometry": { "type": "Polygon", "coordinates": [ [ [ -70.630547, -33.467879 ], [ -70.630649, -33.467891 ], [ -70.63062, -33.468007 ], [ -70.63059, -33.468002 ], [ -70.63058, -33.468035 ], [ -70.630499, -33.468014 ], [ -70.630508, -33.467979 ], [ -70.630516, -33.467948 ], [ -70.630526, -33.46795 ], [ -70.630547, -33.467879 ] ] ] } },
{ "type": "Feature", "properties": { "INMUEBLES_": 1186, "COUNT": 0, "INMUEBLE": null, "NUEVO_NUM": 0 }, "geometry": { "type": "Polygon", "coordinates": [ [ [ -70.630649, -33.467891 ], [ -70.630737, -33.4679 ], [ -70.630758, -33.467924 ], [ -70.630758, -33.467925 ], [ -70.630737, -33.468003 ], [ -70.630719, -33.468072 ], [ -70.63058, -33.468035 ], [ -70.63059, -33.468002 ], [ -70.63062, -33.468007 ], [ -70.630649, -33.467891 ] ] ] } },
{ "type": "Feature", "properties": { "INMUEBLES_": 1186, "COUNT": 0, "INMUEBLE": null, "NUEVO_NUM": 0 }, "geometry": { "type": "Polygon", "coordinates": [ [ [ -70.630289, -33.467958 ], [ -70.630499, -33.468014 ], [ -70.630491, -33.468046 ], [ -70.63048, -33.468087 ], [ -70.63027, -33.46803 ], [ -70.630289, -33.467958 ] ] ] } },
{ "type": "Feature", "properties": { "INMUEBLES_": 1186, "COUNT": 0, "INMUEBLE": null, "NUEVO_NUM": 0 }, "geometry": { "type": "Polygon", "coordinates": [ [ [ -70.630499, -33.468014 ], [ -70.63058, -33.468035 ], [ -70.630719, -33.468072 ], [ -70.6307, -33.468143 ], [ -70.63048, -33.468087 ], [ -70.630491, -33.468046 ], [ -70.630499, -33.468014 ] ] ] } },
{ "type": "Feature", "properties": { "INMUEBLES_": 1186, "COUNT": 0, "INMUEBLE": null, "NUEVO_NUM": 0 }, "geometry": { "type": "Polygon", "coordinates": [ [ [ -70.63027, -33.46803 ], [ -70.63048, -33.468087 ], [ -70.63046, -33.46816 ], [ -70.63025, -33.468103 ], [ -70.63027, -33.46803 ] ] ] } },
{ "type": "Feature", "properties": { "INMUEBLES_": 1186, "COUNT": 0, "INMUEBLE": null, "NUEVO_NUM": 0 }, "geometry": { "type": "Polygon", "coordinates": [ [ [ -70.63048, -33.468087 ], [ -70.6307, -33.468143 ], [ -70.630681, -33.468215 ], [ -70.63046, -33.46816 ], [ -70.63048, -33.468087 ] ] ] } },
{ "type": "Feature", "properties": { "INMUEBLES_": 1186, "COUNT": 0, "INMUEBLE": null, "NUEVO_NUM": 0 }, "geometry": { "type": "Polygon", "coordinates": [ [ [ -70.63025, -33.468103 ], [ -70.63046, -33.46816 ], [ -70.630451, -33.468193 ], [ -70.630442, -33.468232 ], [ -70.63023, -33.468176 ], [ -70.63025, -33.468103 ] ] ] } },
{ "type": "Feature", "properties": { "INMUEBLES_": 1186, "COUNT": 0, "INMUEBLE": null, "NUEVO_NUM": 0 }, "geometry": { "type": "Polygon", "coordinates": [ [ [ -70.63046, -33.46816 ], [ -70.630681, -33.468215 ], [ -70.630662, -33.468287 ], [ -70.630442, -33.468232 ], [ -70.630451, -33.468193 ], [ -70.63046, -33.46816 ] ] ] } },
{ "type": "Feature", "properties": { "INMUEBLES_": 1186, "COUNT": 0, "INMUEBLE": null, "NUEVO_NUM": 0 }, "geometry": { "type": "Polygon", "coordinates": [ [ [ -70.63023, -33.468176 ], [ -70.630442, -33.468232 ], [ -70.630422, -33.468307 ], [ -70.63021, -33.468249 ], [ -70.63023, -33.468176 ] ] ] } },
{ "type": "Feature", "properties": { "INMUEBLES_": 1186, "COUNT": 0, "INMUEBLE": null, "NUEVO_NUM": 0 }, "geometry": { "type": "Polygon", "coordinates": [ [ [ -70.630442, -33.468232 ], [ -70.630662, -33.468287 ], [ -70.630644, -33.468362 ], [ -70.630422, -33.468307 ], [ -70.630442, -33.468232 ] ] ] } },
{ "type": "Feature", "properties": { "INMUEBLES_": 1180, "COUNT": 0, "INMUEBLE": null, "NUEVO_NUM": 0 }, "geometry": { "type": "Polygon", "coordinates": [ [ [ -70.633256, -33.468486 ], [ -70.633304, -33.468309 ], [ -70.63331, -33.468289 ], [ -70.63332, -33.468252 ], [ -70.633355, -33.468232 ], [ -70.633515, -33.46825 ], [ -70.633445, -33.468523 ], [ -70.633256, -33.468486 ] ] ] } },
{ "type": "Feature", "properties": { "INMUEBLES_": 1185, "COUNT": 0, "INMUEBLE": null, "NUEVO_NUM": 0 }, "geometry": { "type": "Polygon", "coordinates": [ [ [ -70.630815, -33.468318 ], [ -70.631027, -33.468355 ], [ -70.631026, -33.468361 ], [ -70.631006, -33.468429 ], [ -70.630796, -33.468393 ], [ -70.630815, -33.468318 ] ] ] } },
{ "type": "Feature", "properties": { "INMUEBLES_": 1185, "COUNT": 0, "INMUEBLE": null, "NUEVO_NUM": 0 }, "geometry": { "type": "Polygon", "coordinates": [ [ [ -70.630796, -33.468393 ], [ -70.631006, -33.468429 ], [ -70.630991, -33.468486 ], [ -70.630987, -33.468501 ], [ -70.630778, -33.468466 ], [ -70.630796, -33.468393 ] ] ] } },
{ "type": "Feature", "properties": { "INMUEBLES_": 1185, "COUNT": 0, "INMUEBLE": null, "NUEVO_NUM": 0 }, "geometry": { "type": "Polygon", "coordinates": [ [ [ -70.630778, -33.468466 ], [ -70.630987, -33.468501 ], [ -70.630966, -33.468578 ], [ -70.630758, -33.46854 ], [ -70.630778, -33.468466 ] ] ] } },
{ "type": "Feature", "properties": { "INMUEBLES_": 1182, "COUNT": 0, "INMUEBLE": null, "NUEVO_NUM": 0 }, "geometry": { "type": "Polygon", "coordinates": [ [ [ -70.633386, -33.469179 ], [ -70.633649, -33.469236 ], [ -70.63363, -33.469307 ], [ -70.633457, -33.469269 ], [ -70.633454, -33.469269 ], [ -70.633364, -33.46925 ], [ -70.633386, -33.469179 ] ] ] } },
{ "type": "Feature", "properties": { "INMUEBLES_": 1161, "COUNT": 0, "INMUEBLE": null, "NUEVO_NUM": 0 }, "geometry": { "type": "Polygon", "coordinates": [ [ [ -70.631623, -33.46376 ], [ -70.631422, -33.463722 ], [ -70.631436, -33.46367 ], [ -70.631469, -33.463653 ], [ -70.631669, -33.463683 ], [ -70.631648, -33.463765 ], [ -70.631623, -33.46376 ] ] ] } },
{ "type": "Feature", "properties": { "INMUEBLES_": 1160, "COUNT": 0, "INMUEBLE": null, "NUEVO_NUM": 0 }, "geometry": { "type": "Polygon", "coordinates": [ [ [ -70.632229, -33.46385 ], [ -70.632245, -33.463853 ], [ -70.632237, -33.463884 ], [ -70.632228, -33.463881 ], [ -70.632216, -33.463926 ], [ -70.632205, -33.463924 ], [ -70.632004, -33.463885 ], [ -70.632023, -33.463812 ], [ -70.632229, -33.46385 ] ] ] } },
{ "type": "Feature", "properties": { "INMUEBLES_": 1124, "COUNT": 0, "INMUEBLE": null, "NUEVO_NUM": 0 }, "geometry": { "type": "Polygon", "coordinates": [ [ [ -70.634041, -33.464122 ], [ -70.634031, -33.464168 ], [ -70.634021, -33.464209 ], [ -70.634011, -33.464208 ], [ -70.634006, -33.464226 ], [ -70.633995, -33.464268 ], [ -70.633964, -33.464263 ], [ -70.633773, -33.464233 ], [ -70.633826, -33.464039 ], [ -70.633862, -33.464019 ], [ -70.634058, -33.464049 ], [ -70.634045, -33.464112 ], [ -70.634035, -33.46411 ], [ -70.634032, -33.46412 ], [ -70.634041, -33.464122 ] ] ] } },
{ "type": "Feature", "properties": { "INMUEBLES_": 144, "COUNT": 0, "INMUEBLE": null, "NUEVO_NUM": 0 }, "geometry": { "type": "Polygon", "coordinates": [ [ [ -70.65404, -33.474947 ], [ -70.653964, -33.474945 ], [ -70.653967, -33.474909 ], [ -70.653952, -33.474888 ], [ -70.653918, -33.474887 ], [ -70.653914, -33.474942 ], [ -70.653865, -33.47494 ], [ -70.653824, -33.474928 ], [ -70.65383, -33.47486 ], [ -70.653744, -33.474855 ], [ -70.653746, -33.474841 ], [ -70.653699, -33.474838 ], [ -70.6537, -33.474821 ], [ -70.654018, -33.474839 ], [ -70.654048, -33.474868 ], [ -70.65404, -33.474947 ] ] ] } },
{ "type": "Feature", "properties": { "INMUEBLES_": 1212, "COUNT": 0, "INMUEBLE": null, "NUEVO_NUM": 0 }, "geometry": { "type": "Polygon", "coordinates": [ [ [ -70.630887, -33.458274 ], [ -70.630681, -33.458228 ], [ -70.630696, -33.458176 ], [ -70.630734, -33.458157 ], [ -70.630912, -33.458194 ], [ -70.630887, -33.458274 ] ] ] } },
{ "type": "Feature", "properties": { "INMUEBLES_": 1212, "COUNT": 0, "INMUEBLE": null, "NUEVO_NUM": 0 }, "geometry": { "type": "Polygon", "coordinates": [ [ [ -70.630887, -33.458274 ], [ -70.63087, -33.45833 ], [ -70.630666, -33.458282 ], [ -70.630681, -33.458228 ], [ -70.630887, -33.458274 ] ] ] } },
{ "type": "Feature", "properties": { "INMUEBLES_": 1212, "COUNT": 0, "INMUEBLE": null, "NUEVO_NUM": 0 }, "geometry": { "type": "Polygon", "coordinates": [ [ [ -70.63087, -33.45833 ], [ -70.630855, -33.458381 ], [ -70.630649, -33.458337 ], [ -70.630666, -33.458282 ], [ -70.63087, -33.45833 ] ] ] } },
{ "type": "Feature", "properties": { "INMUEBLES_": 1212, "COUNT": 0, "INMUEBLE": null, "NUEVO_NUM": 0 }, "geometry": { "type": "Polygon", "coordinates": [ [ [ -70.630855, -33.458381 ], [ -70.630851, -33.458393 ], [ -70.630913, -33.458406 ], [ -70.630978, -33.45842 ], [ -70.631045, -33.458434 ], [ -70.630995, -33.458587 ], [ -70.630603, -33.4585 ], [ -70.630633, -33.458392 ], [ -70.630649, -33.458337 ], [ -70.630855, -33.458381 ] ] ] } },
{ "type": "Feature", "properties": { "INMUEBLES_": 1213, "COUNT": 0, "INMUEBLE": null, "NUEVO_NUM": 0 }, "geometry": { "type": "Polygon", "coordinates": [ [ [ -70.631945, -33.459189 ], [ -70.632393, -33.459271 ], [ -70.632369, -33.459359 ], [ -70.631922, -33.459272 ], [ -70.631945, -33.459189 ] ] ] } },
{ "type": "Feature", "properties": { "INMUEBLES_": 1213, "COUNT": 0, "INMUEBLE": null, "NUEVO_NUM": 0 }, "geometry": { "type": "Polygon", "coordinates": [ [ [ -70.631922, -33.459272 ], [ -70.632369, -33.459359 ], [ -70.632346, -33.459444 ], [ -70.632107, -33.459395 ], [ -70.631899, -33.459354 ], [ -70.631922, -33.459272 ] ] ] } },
{ "type": "Feature", "properties": { "INMUEBLES_": 1215, "COUNT": 0, "INMUEBLE": null, "NUEVO_NUM": 0 }, "geometry": { "type": "Polygon", "coordinates": [ [ [ -70.634875, -33.455946 ], [ -70.634983, -33.455968 ], [ -70.634971, -33.456018 ], [ -70.634962, -33.456059 ], [ -70.634952, -33.456101 ], [ -70.634942, -33.456144 ], [ -70.634932, -33.456186 ], [ -70.634923, -33.456226 ], [ -70.634913, -33.456266 ], [ -70.634894, -33.456348 ], [ -70.634788, -33.456326 ], [ -70.634875, -33.455946 ] ] ] } },
{ "type": "Feature", "properties": { "INMUEBLES_": 1216, "COUNT": 0, "INMUEBLE": null, "NUEVO_NUM": 0 }, "geometry": { "type": "Polygon", "coordinates": [ [ [ -70.63697, -33.458794 ], [ -70.636999, -33.45869 ], [ -70.637134, -33.458719 ], [ -70.63708, -33.458913 ], [ -70.636993, -33.458896 ], [ -70.636944, -33.458887 ], [ -70.63697, -33.458794 ] ] ] } },
{ "type": "Feature", "properties": { "INMUEBLES_": 1216, "COUNT": 0, "INMUEBLE": null, "NUEVO_NUM": 0 }, "geometry": { "type": "Polygon", "coordinates": [ [ [ -70.63708, -33.458913 ], [ -70.637134, -33.458719 ], [ -70.637224, -33.458739 ], [ -70.63717, -33.458932 ], [ -70.63708, -33.458913 ] ] ] } },
{ "type": "Feature", "properties": { "INMUEBLES_": 1216, "COUNT": 0, "INMUEBLE": null, "NUEVO_NUM": 0 }, "geometry": { "type": "Polygon", "coordinates": [ [ [ -70.63717, -33.458932 ], [ -70.637224, -33.458739 ], [ -70.637319, -33.45876 ], [ -70.637337, -33.458791 ], [ -70.637291, -33.458958 ], [ -70.63717, -33.458932 ] ] ] } },
{ "type": "Feature", "properties": { "INMUEBLES_": 1217, "COUNT": 0, "INMUEBLE": null, "NUEVO_NUM": 0 }, "geometry": { "type": "Polygon", "coordinates": [ [ [ -70.63683, -33.460486 ], [ -70.636849, -33.46042 ], [ -70.636864, -33.46036 ], [ -70.636894, -33.460347 ], [ -70.636902, -33.460344 ], [ -70.636997, -33.460364 ], [ -70.637078, -33.460381 ], [ -70.63704, -33.460529 ], [ -70.63683, -33.460486 ] ] ] } },
{ "type": "Feature", "properties": { "INMUEBLES_": 1217, "COUNT": 0, "INMUEBLE": null, "NUEVO_NUM": 0 }, "geometry": { "type": "Polygon", "coordinates": [ [ [ -70.637078, -33.460381 ], [ -70.637161, -33.460398 ], [ -70.637217, -33.46041 ], [ -70.63718, -33.460556 ], [ -70.637122, -33.460545 ], [ -70.63705, -33.460531 ], [ -70.63704, -33.460529 ], [ -70.637078, -33.460381 ] ] ] } },
{ "type": "Feature", "properties": { "INMUEBLES_": 1217, "COUNT": 0, "INMUEBLE": null, "NUEVO_NUM": 0 }, "geometry": { "type": "Polygon", "coordinates": [ [ [ -70.637217, -33.46041 ], [ -70.637295, -33.460426 ], [ -70.637315, -33.46043 ], [ -70.637333, -33.460454 ], [ -70.6373, -33.460579 ], [ -70.637199, -33.46056 ], [ -70.63718, -33.460556 ], [ -70.637217, -33.46041 ] ] ] } },
{ "type": "Feature", "properties": { "INMUEBLES_": 1217, "COUNT": 0, "INMUEBLE": null, "NUEVO_NUM": 0 }, "geometry": { "type": "Polygon", "coordinates": [ [ [ -70.63683, -33.460486 ], [ -70.63704, -33.460529 ], [ -70.63705, -33.460531 ], [ -70.63704, -33.460571 ], [ -70.637025, -33.460574 ], [ -70.637019, -33.460602 ], [ -70.63681, -33.46056 ], [ -70.63683, -33.460486 ] ] ] } },
{ "type": "Feature", "properties": { "INMUEBLES_": 1218, "COUNT": 0, "INMUEBLE": null, "NUEVO_NUM": 0 }, "geometry": { "type": "Polygon", "coordinates": [ [ [ -70.637469, -33.460651 ], [ -70.637511, -33.460494 ], [ -70.637543, -33.460478 ], [ -70.63765, -33.4605 ], [ -70.637601, -33.460678 ], [ -70.637469, -33.460651 ] ] ] } },
{ "type": "Feature", "properties": { "INMUEBLES_": 1218, "COUNT": 0, "INMUEBLE": null, "NUEVO_NUM": 0 }, "geometry": { "type": "Polygon", "coordinates": [ [ [ -70.63765, -33.4605 ], [ -70.637733, -33.460518 ], [ -70.637684, -33.460695 ], [ -70.637601, -33.460678 ], [ -70.63765, -33.4605 ] ] ] } },
{ "type": "Feature", "properties": { "INMUEBLES_": 1218, "COUNT": 0, "INMUEBLE": null, "NUEVO_NUM": 0 }, "geometry": { "type": "Polygon", "coordinates": [ [ [ -70.637817, -33.460536 ], [ -70.637797, -33.460606 ], [ -70.637768, -33.460713 ], [ -70.637684, -33.460695 ], [ -70.637733, -33.460518 ], [ -70.637817, -33.460536 ] ] ] } },
{ "type": "Feature", "properties": { "INMUEBLES_": 1218, "COUNT": 0, "INMUEBLE": null, "NUEVO_NUM": 0 }, "geometry": { "type": "Polygon", "coordinates": [ [ [ -70.637817, -33.460536 ], [ -70.637881, -33.460549 ], [ -70.637944, -33.460563 ], [ -70.637895, -33.460739 ], [ -70.637768, -33.460713 ], [ -70.637797, -33.460606 ], [ -70.637817, -33.460536 ] ] ] } },
{ "type": "Feature", "properties": { "INMUEBLES_": 1218, "COUNT": 0, "INMUEBLE": null, "NUEVO_NUM": 0 }, "geometry": { "type": "Polygon", "coordinates": [ [ [ -70.637469, -33.460651 ], [ -70.637601, -33.460678 ], [ -70.637684, -33.460695 ], [ -70.637768, -33.460713 ], [ -70.637895, -33.460739 ], [ -70.637994, -33.460759 ], [ -70.63799, -33.460768 ], [ -70.637973, -33.460827 ], [ -70.637853, -33.460803 ], [ -70.637735, -33.460779 ], [ -70.637613, -33.460754 ], [ -70.637449, -33.460721 ], [ -70.637469, -33.460651 ] ] ] } },
{ "type": "Feature", "properties": { "INMUEBLES_": 1220, "COUNT": 0, "INMUEBLE": null, "NUEVO_NUM": 0 }, "geometry": { "type": "Polygon", "coordinates": [ [ [ -70.638598, -33.462148 ], [ -70.638575, -33.462237 ], [ -70.638386, -33.462201 ], [ -70.63841, -33.462109 ], [ -70.638598, -33.462148 ] ] ] } },
{ "type": "Feature", "properties": { "INMUEBLES_": 1219, "COUNT": 0, "INMUEBLE": null, "NUEVO_NUM": 0 }, "geometry": { "type": "Polygon", "coordinates": [ [ [ -70.639621, -33.464466 ], [ -70.639996, -33.464521 ], [ -70.639985, -33.464614 ], [ -70.639602, -33.464562 ], [ -70.639612, -33.464512 ], [ -70.639619, -33.464481 ], [ -70.639621, -33.464466 ] ] ] } },
{ "type": "Feature", "properties": { "INMUEBLES_": 1219, "COUNT": 0, "INMUEBLE": null, "NUEVO_NUM": 0 }, "geometry": { "type": "Polygon", "coordinates": [ [ [ -70.639985, -33.464614 ], [ -70.639972, -33.464729 ], [ -70.639783, -33.464699 ], [ -70.63971, -33.46469 ], [ -70.639585, -33.464671 ], [ -70.639591, -33.464633 ], [ -70.639602, -33.464562 ], [ -70.639985, -33.464614 ] ] ] } },
{ "type": "Feature", "properties": { "INMUEBLES_": 1219, "COUNT": 0, "INMUEBLE": null, "NUEVO_NUM": 0 }, "geometry": { "type": "Polygon", "coordinates": [ [ [ -70.639783, -33.464699 ], [ -70.63978, -33.464765 ], [ -70.639774, -33.464852 ], [ -70.639691, -33.464839 ], [ -70.63971, -33.46469 ], [ -70.639783, -33.464699 ] ] ] } },
{ "type": "Feature", "properties": { "INMUEBLES_": 1219, "COUNT": 0, "INMUEBLE": null, "NUEVO_NUM": 0 }, "geometry": { "type": "Polygon", "coordinates": [ [ [ -70.639972, -33.464729 ], [ -70.639968, -33.464791 ], [ -70.639963, -33.464861 ], [ -70.639936, -33.464878 ], [ -70.639803, -33.464856 ], [ -70.639774, -33.464852 ], [ -70.63978, -33.464765 ], [ -70.639783, -33.464699 ], [ -70.639972, -33.464729 ] ] ] } },
{ "type": "Feature", "properties": { "INMUEBLES_": 1214, "COUNT": 0, "INMUEBLE": null, "NUEVO_NUM": 0 }, "geometry": { "type": "Polygon", "coordinates": [ [ [ -70.634092, -33.456025 ], [ -70.634145, -33.456037 ], [ -70.634301, -33.456067 ], [ -70.63427, -33.456202 ], [ -70.634238, -33.45622 ], [ -70.634107, -33.456192 ], [ -70.634055, -33.456181 ], [ -70.634092, -33.456025 ] ] ] } },
{ "type": "Feature", "properties": { "INMUEBLES_": 1203, "COUNT": 0, "INMUEBLE": null, "NUEVO_NUM": 0 }, "geometry": { "type": "MultiPolygon", "coordinates": [ [ [ [ -70.651575, -33.474161 ], [ -70.65157, -33.474217 ], [ -70.651565, -33.474271 ], [ -70.651491, -33.474267 ], [ -70.651288, -33.474255 ], [ -70.651216, -33.474252 ], [ -70.651218, -33.474198 ], [ -70.651225, -33.47414 ], [ -70.651395, -33.47415 ], [ -70.651406, -33.474036 ], [ -70.651585, -33.474049 ], [ -70.65158, -33.474106 ], [ -70.651575, -33.474161 ] ] ], [ [ [ -70.651693, -33.474122 ], [ -70.651684, -33.474122 ], [ -70.651689, -33.47407 ], [ -70.651695, -33.474014 ], [ -70.6517, -33.473952 ], [ -70.651884, -33.473964 ], [ -70.651889, -33.473904 ], [ -70.65206, -33.473913 ], [ -70.652053, -33.473974 ], [ -70.652048, -33.474033 ], [ -70.652042, -33.47409 ], [ -70.652037, -33.474143 ], [ -70.652032, -33.474143 ], [ -70.652029, -33.474185 ], [ -70.652033, -33.474186 ], [ -70.652026, -33.474262 ], [ -70.652022, -33.474262 ], [ -70.652018, -33.474306 ], [ -70.652022, -33.474306 ], [ -70.651998, -33.474558 ], [ -70.651963, -33.474583 ], [ -70.651653, -33.474565 ], [ -70.651662, -33.474472 ], [ -70.651655, -33.474471 ], [ -70.651663, -33.474375 ], [ -70.65167, -33.474376 ], [ -70.651678, -33.474284 ], [ -70.651693, -33.474122 ] ] ], [ [ [ -70.651271, -33.473537 ], [ -70.651365, -33.473543 ], [ -70.651453, -33.473548 ], [ -70.651538, -33.473553 ], [ -70.651627, -33.473558 ], [ -70.651618, -33.473668 ], [ -70.651613, -33.473723 ], [ -70.651609, -33.47378 ], [ -70.651434, -33.473769 ], [ -70.651429, -33.473824 ], [ -70.651385, -33.473876 ], [ -70.651246, -33.47387 ], [ -70.65125, -33.473814 ], [ -70.651254, -33.473759 ], [ -70.651259, -33.473704 ], [ -70.651263, -33.473648 ], [ -70.651271, -33.473537 ] ] ] ] } },
{ "type": "Feature", "properties": { "INMUEBLES_": 937, "COUNT": 1, "INMUEBLE": null, "NUEVO_NUM": 0 }, "geometry": { "type": "Polygon", "coordinates": [ [ [ -70.63322, -33.45149 ], [ -70.633235, -33.451344 ], [ -70.633238, -33.451344 ], [ -70.633385, -33.451344 ], [ -70.633352, -33.451466 ], [ -70.633319, -33.451488 ], [ -70.633318, -33.451489 ], [ -70.633234, -33.451489 ], [ -70.63322, -33.45149 ] ] ] } },
{ "type": "Feature", "properties": { "INMUEBLES_": 830, "COUNT": 5, "INMUEBLE": null, "NUEVO_NUM": 0 }, "geometry": { "type": "Polygon", "coordinates": [ [ [ -70.677716, -33.451239 ], [ -70.67772, -33.451293 ], [ -70.677721, -33.451293 ], [ -70.677722, -33.4513 ], [ -70.677718, -33.451306 ], [ -70.677717, -33.451305 ], [ -70.677703, -33.451324 ], [ -70.677704, -33.451325 ], [ -70.677699, -33.45133 ], [ -70.677693, -33.451333 ], [ -70.677692, -33.451332 ], [ -70.677627, -33.451353 ], [ -70.677504, -33.451392 ], [ -70.677453, -33.451408 ], [ -70.677271, -33.451358 ], [ -70.677252, -33.451326 ], [ -70.677291, -33.451229 ], [ -70.67737, -33.451034 ], [ -70.677458, -33.450813 ], [ -70.677458, -33.450813 ], [ -70.677458, -33.450812 ], [ -70.677459, -33.450811 ], [ -70.677499, -33.450796 ], [ -70.677584, -33.45082 ], [ -70.677657, -33.450842 ], [ -70.677663, -33.450847 ], [ -70.677682, -33.450865 ], [ -70.677687, -33.450869 ], [ -70.677688, -33.450875 ], [ -70.677697, -33.451005 ], [ -70.6777, -33.451048 ], [ -70.677716, -33.451239 ] ] ] } },
{ "type": "Feature", "properties": { "INMUEBLES_": 856, "COUNT": 1, "INMUEBLE": null, "NUEVO_NUM": 0 }, "geometry": { "type": "Polygon", "coordinates": [ [ [ -70.677683, -33.455171 ], [ -70.677687, -33.455267 ], [ -70.677629, -33.45527 ], [ -70.677633, -33.455434 ], [ -70.677532, -33.455428 ], [ -70.677503, -33.455402 ], [ -70.677499, -33.455175 ], [ -70.677683, -33.455171 ] ] ] } },
{ "type": "Feature", "properties": { "INMUEBLES_": 905, "COUNT": 1, "INMUEBLE": null, "NUEVO_NUM": 0 }, "geometry": { "type": "Polygon", "coordinates": [ [ [ -70.674793, -33.459161 ], [ -70.674867, -33.458843 ], [ -70.674895, -33.458724 ], [ -70.674969, -33.458736 ], [ -70.674972, -33.458736 ], [ -70.675005, -33.458741 ], [ -70.675035, -33.458746 ], [ -70.67517, -33.458768 ], [ -70.675172, -33.458744 ], [ -70.67545, -33.458761 ], [ -70.675418, -33.458952 ], [ -70.675108, -33.458924 ], [ -70.675029, -33.459224 ], [ -70.674793, -33.459161 ] ] ] } },
{ "type": "Feature", "properties": { "INMUEBLES_": 906, "COUNT": 1, "INMUEBLE": null, "NUEVO_NUM": 0 }, "geometry": { "type": "Polygon", "coordinates": [ [ [ -70.674161, -33.458683 ], [ -70.674084, -33.459068 ], [ -70.673814, -33.459021 ], [ -70.673894, -33.458667 ], [ -70.674161, -33.458683 ] ] ] } },
{ "type": "Feature", "properties": { "INMUEBLES_": 907, "COUNT": 39, "INMUEBLE": null, "NUEVO_NUM": 0 }, "geometry": { "type": "MultiPolygon", "coordinates": [ [ [ [ -70.67499, -33.460498 ], [ -70.67497, -33.46058 ], [ -70.67497, -33.460581 ], [ -70.674933, -33.460601 ], [ -70.674839, -33.460583 ], [ -70.674754, -33.460566 ], [ -70.674655, -33.460547 ], [ -70.674508, -33.460518 ], [ -70.674485, -33.460487 ], [ -70.674506, -33.460396 ], [ -70.674681, -33.460431 ], [ -70.674703, -33.460334 ], [ -70.674528, -33.4603 ], [ -70.674547, -33.460219 ], [ -70.674566, -33.460138 ], [ -70.674585, -33.460059 ], [ -70.674603, -33.459979 ], [ -70.674623, -33.459897 ], [ -70.674898, -33.459948 ], [ -70.674906, -33.459916 ], [ -70.674917, -33.45987 ], [ -70.674922, -33.459852 ], [ -70.674937, -33.459792 ], [ -70.675119, -33.459828 ], [ -70.67514, -33.459859 ], [ -70.675132, -33.459895 ], [ -70.675116, -33.459958 ], [ -70.675102, -33.46002 ], [ -70.675087, -33.460082 ], [ -70.675073, -33.460145 ], [ -70.675058, -33.460206 ], [ -70.675044, -33.460268 ], [ -70.675029, -33.46033 ], [ -70.675014, -33.460394 ], [ -70.674888, -33.460372 ], [ -70.674864, -33.460476 ], [ -70.67499, -33.460498 ] ] ], [ [ [ -70.675402, -33.460471 ], [ -70.675308, -33.460452 ], [ -70.675258, -33.460665 ], [ -70.675173, -33.460649 ], [ -70.675078, -33.460629 ], [ -70.675054, -33.460598 ], [ -70.675073, -33.460517 ], [ -70.675098, -33.46041 ], [ -70.675112, -33.460349 ], [ -70.675127, -33.460286 ], [ -70.675141, -33.460224 ], [ -70.675157, -33.460162 ], [ -70.675171, -33.4601 ], [ -70.675185, -33.460039 ], [ -70.6752, -33.459975 ], [ -70.675215, -33.459913 ], [ -70.675224, -33.459875 ], [ -70.675225, -33.459875 ], [ -70.67526, -33.459856 ], [ -70.675439, -33.459891 ], [ -70.675686, -33.45994 ], [ -70.675709, -33.459971 ], [ -70.675699, -33.460009 ], [ -70.675686, -33.46007 ], [ -70.675671, -33.460133 ], [ -70.675656, -33.460195 ], [ -70.675642, -33.460256 ], [ -70.675627, -33.460318 ], [ -70.675598, -33.460442 ], [ -70.675583, -33.460505 ], [ -70.675571, -33.460557 ], [ -70.675389, -33.460527 ], [ -70.675402, -33.460471 ] ] ] ] } },
{ "type": "Feature", "properties": { "INMUEBLES_": 908, "COUNT": 2, "INMUEBLE": null, "NUEVO_NUM": 0 }, "geometry": { "type": "MultiPolygon", "coordinates": [ [ [ [ -70.677558, -33.461342 ], [ -70.677446, -33.461321 ], [ -70.677461, -33.461252 ], [ -70.677576, -33.461275 ], [ -70.677558, -33.461342 ] ] ], [ [ [ -70.6775, -33.462135 ], [ -70.67748, -33.462216 ], [ -70.677257, -33.462181 ], [ -70.677282, -33.462099 ], [ -70.6775, -33.462135 ] ] ] ] } },
{ "type": "Feature", "properties": { "INMUEBLES_": 909, "COUNT": 1, "INMUEBLE": null, "NUEVO_NUM": 0 }, "geometry": { "type": "Polygon", "coordinates": [ [ [ -70.678571, -33.462815 ], [ -70.678577, -33.462941 ], [ -70.677693, -33.462989 ], [ -70.677694, -33.462853 ], [ -70.678571, -33.462815 ] ] ] } },
{ "type": "Feature", "properties": { "INMUEBLES_": 910, "COUNT": 1, "INMUEBLE": null, "NUEVO_NUM": 0 }, "geometry": { "type": "Polygon", "coordinates": [ [ [ -70.678577, -33.462945 ], [ -70.678588, -33.463123 ], [ -70.677685, -33.463167 ], [ -70.677697, -33.462989 ], [ -70.678577, -33.462945 ] ] ] } },
{ "type": "Feature", "properties": { "INMUEBLES_": 911, "COUNT": 1, "INMUEBLE": null, "NUEVO_NUM": 0 }, "geometry": { "type": "Polygon", "coordinates": [ [ [ -70.67567, -33.462471 ], [ -70.675616, -33.462705 ], [ -70.675548, -33.462692 ], [ -70.675552, -33.462669 ], [ -70.675331, -33.462628 ], [ -70.675379, -33.462417 ], [ -70.67567, -33.462471 ] ] ] } },
{ "type": "Feature", "properties": { "INMUEBLES_": 912, "COUNT": 28, "INMUEBLE": null, "NUEVO_NUM": 0 }, "geometry": { "type": "MultiPolygon", "coordinates": [ [ [ [ -70.673011, -33.462541 ], [ -70.672921, -33.462525 ], [ -70.672936, -33.46245 ], [ -70.672954, -33.462376 ], [ -70.672971, -33.462303 ], [ -70.673017, -33.462311 ], [ -70.673035, -33.462236 ], [ -70.673052, -33.462162 ], [ -70.673069, -33.462089 ], [ -70.673086, -33.462015 ], [ -70.673103, -33.46194 ], [ -70.67312, -33.461867 ], [ -70.673138, -33.461791 ], [ -70.673092, -33.461783 ], [ -70.67311, -33.461714 ], [ -70.673131, -33.461634 ], [ -70.673147, -33.461563 ], [ -70.67324, -33.461581 ], [ -70.673409, -33.461613 ], [ -70.673427, -33.461636 ], [ -70.673415, -33.461689 ], [ -70.673397, -33.461764 ], [ -70.67338, -33.461835 ], [ -70.673363, -33.461911 ], [ -70.673345, -33.461985 ], [ -70.673328, -33.462059 ], [ -70.673311, -33.462133 ], [ -70.673293, -33.462207 ], [ -70.673276, -33.462281 ], [ -70.673259, -33.462355 ], [ -70.673241, -33.462429 ], [ -70.673223, -33.462503 ], [ -70.673211, -33.462558 ], [ -70.673183, -33.462572 ], [ -70.673011, -33.462541 ] ] ], [ [ [ -70.673345, -33.462448 ], [ -70.673362, -33.462374 ], [ -70.673379, -33.4623 ], [ -70.673397, -33.462229 ], [ -70.673414, -33.462155 ], [ -70.673431, -33.462082 ], [ -70.673449, -33.462003 ], [ -70.673467, -33.461931 ], [ -70.673484, -33.461858 ], [ -70.673501, -33.461783 ], [ -70.673514, -33.461728 ], [ -70.673519, -33.461709 ], [ -70.673531, -33.461656 ], [ -70.673532, -33.461656 ], [ -70.673559, -33.461641 ], [ -70.67373, -33.461673 ], [ -70.673714, -33.461744 ], [ -70.673697, -33.461824 ], [ -70.67368, -33.461895 ], [ -70.673722, -33.461903 ], [ -70.673705, -33.461977 ], [ -70.673689, -33.46205 ], [ -70.673671, -33.462126 ], [ -70.673655, -33.462199 ], [ -70.673638, -33.462273 ], [ -70.673621, -33.462346 ], [ -70.673605, -33.46242 ], [ -70.673559, -33.462411 ], [ -70.673542, -33.462482 ], [ -70.673523, -33.462559 ], [ -70.673506, -33.462631 ], [ -70.673332, -33.462599 ], [ -70.673314, -33.462577 ], [ -70.673314, -33.462577 ], [ -70.673327, -33.462522 ], [ -70.673345, -33.462448 ] ] ] ] } },
{ "type": "Feature", "properties": { "INMUEBLES_": 913, "COUNT": 1, "INMUEBLE": null, "NUEVO_NUM": 0 }, "geometry": { "type": "Polygon", "coordinates": [ [ [ -70.672275, -33.462107 ], [ -70.67226, -33.462107 ], [ -70.672248, -33.462201 ], [ -70.67195, -33.462168 ], [ -70.671963, -33.462072 ], [ -70.67195, -33.462069 ], [ -70.672, -33.461699 ], [ -70.672324, -33.461736 ], [ -70.672275, -33.462107 ] ] ] } },
{ "type": "Feature", "properties": { "INMUEBLES_": 914, "COUNT": 1, "INMUEBLE": null, "NUEVO_NUM": 0 }, "geometry": { "type": "Polygon", "coordinates": [ [ [ -70.678614, -33.463449 ], [ -70.678635, -33.46376 ], [ -70.678029, -33.463791 ], [ -70.678015, -33.463467 ], [ -70.678614, -33.463449 ] ] ] } },
{ "type": "Feature", "properties": { "INMUEBLES_": 915, "COUNT": 53, "INMUEBLE": null, "NUEVO_NUM": 0 }, "geometry": { "type": "MultiPolygon", "coordinates": [ [ [ [ -70.673642, -33.464101 ], [ -70.673829, -33.46414 ], [ -70.673915, -33.464156 ], [ -70.673941, -33.464161 ], [ -70.673957, -33.464164 ], [ -70.674, -33.464172 ], [ -70.674085, -33.464187 ], [ -70.67417, -33.464202 ], [ -70.674171, -33.464197 ], [ -70.674254, -33.46421 ], [ -70.674285, -33.464079 ], [ -70.67437, -33.464095 ], [ -70.674453, -33.46411 ], [ -70.674538, -33.464125 ], [ -70.6747, -33.464155 ], [ -70.674725, -33.464185 ], [ -70.674715, -33.464226 ], [ -70.6747, -33.464292 ], [ -70.674684, -33.464356 ], [ -70.674674, -33.464402 ], [ -70.674674, -33.464402 ], [ -70.674646, -33.464417 ], [ -70.674476, -33.464386 ], [ -70.67439, -33.464371 ], [ -70.674307, -33.464356 ], [ -70.674224, -33.46434 ], [ -70.67414, -33.464325 ], [ -70.674055, -33.464309 ], [ -70.673969, -33.464293 ], [ -70.673886, -33.464278 ], [ -70.673801, -33.464262 ], [ -70.673633, -33.464231 ], [ -70.673617, -33.464207 ], [ -70.673617, -33.464207 ], [ -70.673627, -33.464164 ], [ -70.673642, -33.464101 ] ] ], [ [ [ -70.673707, -33.464666 ], [ -70.673791, -33.464681 ], [ -70.673876, -33.464696 ], [ -70.67396, -33.464712 ], [ -70.674043, -33.464727 ], [ -70.674128, -33.464742 ], [ -70.674211, -33.464757 ], [ -70.674295, -33.464772 ], [ -70.674381, -33.464788 ], [ -70.674553, -33.46482 ], [ -70.674571, -33.464844 ], [ -70.674561, -33.464889 ], [ -70.674545, -33.464951 ], [ -70.674526, -33.465033 ], [ -70.674361, -33.465006 ], [ -70.674381, -33.464921 ], [ -70.674352, -33.464915 ], [ -70.67431, -33.464907 ], [ -70.674266, -33.464899 ], [ -70.674233, -33.464893 ], [ -70.674181, -33.464883 ], [ -70.674098, -33.464868 ], [ -70.674012, -33.464852 ], [ -70.673929, -33.464836 ], [ -70.673845, -33.464821 ], [ -70.673759, -33.464805 ], [ -70.673694, -33.464793 ], [ -70.673679, -33.46479 ], [ -70.673484, -33.464755 ], [ -70.673499, -33.464693 ], [ -70.673511, -33.464648 ], [ -70.673537, -33.464635 ], [ -70.673707, -33.464666 ] ] ], [ [ [ -70.673784, -33.464337 ], [ -70.67387, -33.464353 ], [ -70.673952, -33.464368 ], [ -70.674037, -33.464385 ], [ -70.67412, -33.4644 ], [ -70.674204, -33.464415 ], [ -70.67429, -33.464431 ], [ -70.674373, -33.464447 ], [ -70.674457, -33.464462 ], [ -70.674629, -33.464494 ], [ -70.674647, -33.464517 ], [ -70.674647, -33.464517 ], [ -70.674637, -33.464562 ], [ -70.674623, -33.464623 ], [ -70.674608, -33.464685 ], [ -70.674596, -33.464729 ], [ -70.674595, -33.46473 ], [ -70.67457, -33.464745 ], [ -70.674398, -33.464713 ], [ -70.674312, -33.464697 ], [ -70.674229, -33.464682 ], [ -70.674145, -33.464666 ], [ -70.674061, -33.464651 ], [ -70.673977, -33.464636 ], [ -70.673893, -33.46462 ], [ -70.673809, -33.464605 ], [ -70.673725, -33.46459 ], [ -70.673555, -33.464559 ], [ -70.673538, -33.464536 ], [ -70.673552, -33.464472 ], [ -70.673574, -33.464386 ], [ -70.673589, -33.464321 ], [ -70.673616, -33.464307 ], [ -70.673784, -33.464337 ] ] ] ] } },
{ "type": "Feature", "properties": { "INMUEBLES_": 916, "COUNT": 80, "INMUEBLE": null, "NUEVO_NUM": 0 }, "geometry": { "type": "MultiPolygon", "coordinates": [ [ [ [ -70.675862, -33.466441 ], [ -70.675771, -33.466437 ], [ -70.675706, -33.466433 ], [ -70.675681, -33.466406 ], [ -70.675681, -33.466406 ], [ -70.675708, -33.466286 ], [ -70.675723, -33.46622 ], [ -70.675738, -33.466154 ], [ -70.675754, -33.466086 ], [ -70.675768, -33.46602 ], [ -70.675784, -33.465953 ], [ -70.675799, -33.465886 ], [ -70.675811, -33.465834 ], [ -70.675823, -33.465781 ], [ -70.675836, -33.465726 ], [ -70.675848, -33.465673 ], [ -70.675876, -33.465551 ], [ -70.675912, -33.465531 ], [ -70.675913, -33.465532 ], [ -70.675975, -33.465543 ], [ -70.676064, -33.465559 ], [ -70.676134, -33.465571 ], [ -70.676148, -33.465592 ], [ -70.676148, -33.465592 ], [ -70.676119, -33.465724 ], [ -70.676107, -33.465778 ], [ -70.676095, -33.46583 ], [ -70.67609, -33.465852 ], [ -70.676084, -33.46588 ], [ -70.676072, -33.465933 ], [ -70.676057, -33.465999 ], [ -70.676042, -33.466066 ], [ -70.676027, -33.46613 ], [ -70.676013, -33.466194 ], [ -70.675998, -33.466259 ], [ -70.675984, -33.466326 ], [ -70.675961, -33.466427 ], [ -70.675934, -33.466444 ], [ -70.675862, -33.466441 ] ] ], [ [ [ -70.676464, -33.466465 ], [ -70.676376, -33.466461 ], [ -70.676288, -33.466459 ], [ -70.6762, -33.466455 ], [ -70.67611, -33.466451 ], [ -70.676041, -33.466449 ], [ -70.67602, -33.466427 ], [ -70.676049, -33.4663 ], [ -70.676065, -33.466234 ], [ -70.67608, -33.466167 ], [ -70.676095, -33.466105 ], [ -70.676104, -33.466064 ], [ -70.676138, -33.466042 ], [ -70.676151, -33.465979 ], [ -70.67613, -33.46595 ], [ -70.67614, -33.465906 ], [ -70.676153, -33.465853 ], [ -70.676164, -33.465802 ], [ -70.676177, -33.465749 ], [ -70.676188, -33.465698 ], [ -70.67621, -33.465603 ], [ -70.676235, -33.465589 ], [ -70.676286, -33.465598 ], [ -70.676354, -33.465611 ], [ -70.676407, -33.465626 ], [ -70.676421, -33.465651 ], [ -70.676421, -33.465653 ], [ -70.676403, -33.465733 ], [ -70.676392, -33.46578 ], [ -70.676391, -33.465786 ], [ -70.676379, -33.46584 ], [ -70.676367, -33.465892 ], [ -70.676363, -33.465908 ], [ -70.67636, -33.465925 ], [ -70.676374, -33.465925 ], [ -70.676377, -33.465925 ], [ -70.676401, -33.465926 ], [ -70.676413, -33.465927 ], [ -70.676431, -33.465849 ], [ -70.676443, -33.465797 ], [ -70.676448, -33.465777 ], [ -70.676455, -33.465743 ], [ -70.676475, -33.465657 ], [ -70.676493, -33.465647 ], [ -70.676499, -33.465643 ], [ -70.676552, -33.465646 ], [ -70.676621, -33.465659 ], [ -70.67667, -33.465668 ], [ -70.67669, -33.465706 ], [ -70.67667, -33.465785 ], [ -70.676659, -33.465831 ], [ -70.676658, -33.465838 ], [ -70.676645, -33.465891 ], [ -70.676633, -33.465937 ], [ -70.676597, -33.465935 ], [ -70.676587, -33.465935 ], [ -70.676583, -33.465994 ], [ -70.67658, -33.466046 ], [ -70.676577, -33.466103 ], [ -70.67642, -33.466093 ], [ -70.676353, -33.466088 ], [ -70.67627, -33.466083 ], [ -70.676263, -33.466117 ], [ -70.676345, -33.466123 ], [ -70.67641, -33.466128 ], [ -70.67646, -33.466132 ], [ -70.676574, -33.466141 ], [ -70.67657, -33.4662 ], [ -70.676567, -33.466254 ], [ -70.676566, -33.466268 ], [ -70.676563, -33.466313 ], [ -70.676556, -33.466425 ], [ -70.676555, -33.466468 ], [ -70.676464, -33.466465 ] ] ], [ [ [ -70.676635, -33.466313 ], [ -70.676637, -33.46628 ], [ -70.676639, -33.466251 ], [ -70.676642, -33.466188 ], [ -70.676646, -33.466127 ], [ -70.67665, -33.46606 ], [ -70.676651, -33.466047 ], [ -70.676654, -33.465999 ], [ -70.676657, -33.465945 ], [ -70.676655, -33.465933 ], [ -70.676676, -33.465934 ], [ -70.676689, -33.465935 ], [ -70.676703, -33.465876 ], [ -70.676716, -33.465821 ], [ -70.676722, -33.465797 ], [ -70.67673, -33.465762 ], [ -70.676748, -33.465694 ], [ -70.676766, -33.465684 ], [ -70.676845, -33.465699 ], [ -70.676842, -33.465783 ], [ -70.676839, -33.465843 ], [ -70.676836, -33.465892 ], [ -70.676836, -33.465901 ], [ -70.676833, -33.465942 ], [ -70.67683, -33.466007 ], [ -70.676826, -33.466069 ], [ -70.676822, -33.466136 ], [ -70.676821, -33.466162 ], [ -70.676819, -33.466198 ], [ -70.676815, -33.466261 ], [ -70.676812, -33.466322 ], [ -70.676809, -33.466379 ], [ -70.676808, -33.466479 ], [ -70.676713, -33.466474 ], [ -70.676626, -33.46647 ], [ -70.676635, -33.466313 ] ] ] ] } },
{ "type": "Feature", "properties": { "INMUEBLES_": 917, "COUNT": 1, "INMUEBLE": null, "NUEVO_NUM": 0 }, "geometry": { "type": "Polygon", "coordinates": [ [ [ -70.673556, -33.466776 ], [ -70.673556, -33.466676 ], [ -70.673556, -33.466654 ], [ -70.673556, -33.466649 ], [ -70.67355, -33.466649 ], [ -70.673549, -33.46657 ], [ -70.673557, -33.46657 ], [ -70.673557, -33.466563 ], [ -70.673604, -33.466564 ], [ -70.673604, -33.46657 ], [ -70.673791, -33.466572 ], [ -70.673791, -33.466565 ], [ -70.67394, -33.466567 ], [ -70.673941, -33.466574 ], [ -70.674096, -33.466575 ], [ -70.674096, -33.46657 ], [ -70.674163, -33.466571 ], [ -70.674179, -33.466586 ], [ -70.674178, -33.466601 ], [ -70.674177, -33.466652 ], [ -70.674171, -33.466652 ], [ -70.674171, -33.466658 ], [ -70.67417, -33.466679 ], [ -70.674169, -33.46678 ], [ -70.674169, -33.466788 ], [ -70.674175, -33.466788 ], [ -70.674174, -33.466863 ], [ -70.674167, -33.466869 ], [ -70.674164, -33.466996 ], [ -70.674164, -33.467003 ], [ -70.674172, -33.467003 ], [ -70.674171, -33.467054 ], [ -70.674171, -33.467072 ], [ -70.674153, -33.467086 ], [ -70.674111, -33.467086 ], [ -70.674111, -33.467078 ], [ -70.673902, -33.467076 ], [ -70.673902, -33.467086 ], [ -70.673815, -33.467085 ], [ -70.673815, -33.467076 ], [ -70.673597, -33.467074 ], [ -70.673597, -33.467082 ], [ -70.673545, -33.467081 ], [ -70.673546, -33.467074 ], [ -70.673546, -33.467 ], [ -70.673555, -33.467 ], [ -70.673555, -33.466991 ], [ -70.673557, -33.46687 ], [ -70.673557, -33.466864 ], [ -70.673547, -33.466864 ], [ -70.673548, -33.466785 ], [ -70.673556, -33.466784 ], [ -70.673556, -33.466776 ] ] ] } },
{ "type": "Feature", "properties": { "INMUEBLES_": 918, "COUNT": 107, "INMUEBLE": null, "NUEVO_NUM": 0 }, "geometry": { "type": "MultiPolygon", "coordinates": [ [ [ [ -70.673473, -33.467352 ], [ -70.673474, -33.467254 ], [ -70.673551, -33.467254 ], [ -70.673627, -33.467255 ], [ -70.673702, -33.467255 ], [ -70.673779, -33.467255 ], [ -70.673777, -33.467356 ], [ -70.673776, -33.467402 ], [ -70.673776, -33.467447 ], [ -70.673775, -33.467491 ], [ -70.673774, -33.467536 ], [ -70.673773, -33.467581 ], [ -70.673773, -33.467629 ], [ -70.673619, -33.467626 ], [ -70.673467, -33.467625 ], [ -70.673467, -33.467578 ], [ -70.673468, -33.467532 ], [ -70.673469, -33.467485 ], [ -70.67347, -33.467442 ], [ -70.673471, -33.467397 ], [ -70.673473, -33.467352 ] ] ], [ [ [ -70.673471, -33.468118 ], [ -70.673472, -33.468073 ], [ -70.673472, -33.468027 ], [ -70.673473, -33.467984 ], [ -70.673475, -33.467882 ], [ -70.67354, -33.467882 ], [ -70.673582, -33.467882 ], [ -70.673612, -33.467883 ], [ -70.673689, -33.467883 ], [ -70.673765, -33.467884 ], [ -70.673764, -33.467985 ], [ -70.673764, -33.46803 ], [ -70.673764, -33.468075 ], [ -70.673763, -33.468121 ], [ -70.673763, -33.468165 ], [ -70.673763, -33.46821 ], [ -70.673764, -33.468256 ], [ -70.67361, -33.468255 ], [ -70.673471, -33.468255 ], [ -70.67347, -33.468207 ], [ -70.673471, -33.468163 ], [ -70.673471, -33.468118 ] ] ], [ [ [ -70.67307, -33.468122 ], [ -70.673071, -33.468067 ], [ -70.673072, -33.468003 ], [ -70.673072, -33.467978 ], [ -70.673073, -33.46794 ], [ -70.673074, -33.467877 ], [ -70.673075, -33.467814 ], [ -70.673076, -33.467751 ], [ -70.673078, -33.467688 ], [ -70.673079, -33.467625 ], [ -70.67308, -33.46759 ], [ -70.67308, -33.467561 ], [ -70.673081, -33.467498 ], [ -70.673082, -33.467435 ], [ -70.673084, -33.467372 ], [ -70.673084, -33.46731 ], [ -70.673086, -33.467277 ], [ -70.673117, -33.467251 ], [ -70.673239, -33.467252 ], [ -70.673388, -33.467253 ], [ -70.673388, -33.467302 ], [ -70.673386, -33.467346 ], [ -70.673386, -33.467391 ], [ -70.673385, -33.467436 ], [ -70.673384, -33.467481 ], [ -70.673382, -33.467524 ], [ -70.673382, -33.467568 ], [ -70.673381, -33.467616 ], [ -70.67338, -33.467659 ], [ -70.67338, -33.467705 ], [ -70.673379, -33.467751 ], [ -70.673378, -33.467794 ], [ -70.673378, -33.46784 ], [ -70.673377, -33.467891 ], [ -70.673376, -33.467929 ], [ -70.673375, -33.467975 ], [ -70.673374, -33.468019 ], [ -70.673373, -33.46807 ], [ -70.673372, -33.468108 ], [ -70.673371, -33.468153 ], [ -70.67337, -33.468199 ], [ -70.673369, -33.468254 ], [ -70.673221, -33.468254 ], [ -70.673099, -33.468253 ], [ -70.673068, -33.468224 ], [ -70.67307, -33.468122 ] ] ], [ [ [ -70.673853, -33.468109 ], [ -70.673854, -33.468066 ], [ -70.673854, -33.468048 ], [ -70.673855, -33.46802 ], [ -70.673855, -33.467977 ], [ -70.673856, -33.46793 ], [ -70.673857, -33.467886 ], [ -70.673857, -33.46784 ], [ -70.673858, -33.467796 ], [ -70.673859, -33.46775 ], [ -70.673859, -33.467742 ], [ -70.67386, -33.467705 ], [ -70.67386, -33.467661 ], [ -70.673861, -33.467617 ], [ -70.673862, -33.467573 ], [ -70.673863, -33.46753 ], [ -70.673863, -33.467484 ], [ -70.673864, -33.467452 ], [ -70.673864, -33.46744 ], [ -70.673865, -33.467395 ], [ -70.673866, -33.467349 ], [ -70.673866, -33.467305 ], [ -70.673866, -33.467257 ], [ -70.674014, -33.467257 ], [ -70.674137, -33.467258 ], [ -70.674168, -33.467284 ], [ -70.674167, -33.467317 ], [ -70.674166, -33.467379 ], [ -70.674166, -33.467442 ], [ -70.674165, -33.467505 ], [ -70.674163, -33.467568 ], [ -70.674163, -33.467631 ], [ -70.674162, -33.467694 ], [ -70.674161, -33.467757 ], [ -70.67416, -33.46782 ], [ -70.674159, -33.467884 ], [ -70.674158, -33.467946 ], [ -70.674157, -33.468009 ], [ -70.674156, -33.468072 ], [ -70.674155, -33.468135 ], [ -70.674154, -33.4682 ], [ -70.674154, -33.46823 ], [ -70.674123, -33.468258 ], [ -70.674123, -33.468258 ], [ -70.674, -33.468257 ], [ -70.673851, -33.468257 ], [ -70.673851, -33.468204 ], [ -70.673852, -33.468155 ], [ -70.673853, -33.468109 ] ] ] ] } },
{ "type": "Feature", "properties": { "INMUEBLES_": 919, "COUNT": 2, "INMUEBLE": null, "NUEVO_NUM": 0 }, "geometry": { "type": "Polygon", "coordinates": [ [ [ -70.673446, -33.469344 ], [ -70.673115, -33.469341 ], [ -70.673107, -33.469335 ], [ -70.673055, -33.469294 ], [ -70.673055, -33.469283 ], [ -70.673064, -33.468455 ], [ -70.673094, -33.46843 ], [ -70.674121, -33.468437 ], [ -70.67415, -33.46846 ], [ -70.674151, -33.46846 ], [ -70.67414, -33.469167 ], [ -70.674138, -33.469323 ], [ -70.674106, -33.469349 ], [ -70.673446, -33.469344 ] ] ] } },
{ "type": "Feature", "properties": { "INMUEBLES_": 920, "COUNT": 1, "INMUEBLE": null, "NUEVO_NUM": 0 }, "geometry": { "type": "Polygon", "coordinates": [ [ [ -70.677872, -33.469563 ], [ -70.677871, -33.469692 ], [ -70.677826, -33.469692 ], [ -70.677827, -33.469667 ], [ -70.677726, -33.469667 ], [ -70.677726, -33.469692 ], [ -70.677685, -33.469692 ], [ -70.677684, -33.469561 ], [ -70.677872, -33.469563 ] ] ] } },
{ "type": "Feature", "properties": { "INMUEBLES_": 921, "COUNT": 270, "INMUEBLE": null, "NUEVO_NUM": 0 }, "geometry": { "type": "MultiPolygon", "coordinates": [ [ [ [ -70.672051, -33.469133 ], [ -70.67205, -33.469198 ], [ -70.672049, -33.469264 ], [ -70.672048, -33.469325 ], [ -70.672048, -33.469357 ], [ -70.672034, -33.469357 ], [ -70.671904, -33.469356 ], [ -70.671781, -33.469354 ], [ -70.67176, -33.469354 ], [ -70.67176, -33.469333 ], [ -70.671761, -33.469261 ], [ -70.671762, -33.469195 ], [ -70.671762, -33.46913 ], [ -70.671763, -33.469059 ], [ -70.671763, -33.468998 ], [ -70.671764, -33.46893 ], [ -70.671764, -33.468828 ], [ -70.671765, -33.468756 ], [ -70.671766, -33.468697 ], [ -70.671767, -33.46863 ], [ -70.671768, -33.468565 ], [ -70.671769, -33.468498 ], [ -70.67177, -33.468426 ], [ -70.671771, -33.468407 ], [ -70.67179, -33.468407 ], [ -70.671911, -33.468408 ], [ -70.672021, -33.468408 ], [ -70.672059, -33.468408 ], [ -70.672059, -33.468441 ], [ -70.672057, -33.468496 ], [ -70.672056, -33.468563 ], [ -70.672056, -33.46863 ], [ -70.672055, -33.468697 ], [ -70.672055, -33.468759 ], [ -70.672054, -33.468831 ], [ -70.672053, -33.468934 ], [ -70.672052, -33.469001 ], [ -70.672051, -33.469066 ], [ -70.672051, -33.469133 ] ] ], [ [ [ -70.67231, -33.468409 ], [ -70.67242, -33.46841 ], [ -70.672458, -33.46841 ], [ -70.672457, -33.468444 ], [ -70.672456, -33.468503 ], [ -70.672456, -33.468569 ], [ -70.672455, -33.468635 ], [ -70.672454, -33.468701 ], [ -70.672453, -33.468767 ], [ -70.672452, -33.468832 ], [ -70.672451, -33.468934 ], [ -70.672451, -33.469003 ], [ -70.67245, -33.469066 ], [ -70.67245, -33.469134 ], [ -70.67245, -33.469199 ], [ -70.672449, -33.469265 ], [ -70.672449, -33.469323 ], [ -70.672449, -33.469359 ], [ -70.672421, -33.469358 ], [ -70.672308, -33.469358 ], [ -70.672191, -33.469358 ], [ -70.672153, -33.469358 ], [ -70.672154, -33.469325 ], [ -70.672154, -33.469266 ], [ -70.672154, -33.469195 ], [ -70.672155, -33.469134 ], [ -70.672155, -33.469067 ], [ -70.672156, -33.469002 ], [ -70.672157, -33.468935 ], [ -70.672157, -33.468833 ], [ -70.672158, -33.468767 ], [ -70.67216, -33.4687 ], [ -70.67216, -33.468635 ], [ -70.67216, -33.468567 ], [ -70.672161, -33.468503 ], [ -70.672163, -33.468429 ], [ -70.672163, -33.468408 ], [ -70.672182, -33.468408 ], [ -70.67231, -33.468409 ] ] ], [ [ [ -70.672704, -33.468412 ], [ -70.672818, -33.468413 ], [ -70.672852, -33.468413 ], [ -70.672852, -33.468433 ], [ -70.672853, -33.468502 ], [ -70.672854, -33.468572 ], [ -70.672853, -33.468638 ], [ -70.672853, -33.468679 ], [ -70.672852, -33.468704 ], [ -70.672852, -33.468769 ], [ -70.672851, -33.468837 ], [ -70.67285, -33.468938 ], [ -70.67285, -33.468948 ], [ -70.67285, -33.469004 ], [ -70.672848, -33.46907 ], [ -70.672848, -33.469136 ], [ -70.672847, -33.469201 ], [ -70.672846, -33.469268 ], [ -70.672845, -33.46933 ], [ -70.672844, -33.469361 ], [ -70.672807, -33.46936 ], [ -70.672701, -33.469359 ], [ -70.672585, -33.469359 ], [ -70.672554, -33.469358 ], [ -70.672554, -33.469328 ], [ -70.672554, -33.469266 ], [ -70.672555, -33.469199 ], [ -70.672555, -33.469132 ], [ -70.672555, -33.469067 ], [ -70.672556, -33.469002 ], [ -70.672557, -33.468936 ], [ -70.672558, -33.468835 ], [ -70.672559, -33.468766 ], [ -70.672559, -33.468701 ], [ -70.67256, -33.468633 ], [ -70.67256, -33.468569 ], [ -70.672559, -33.468499 ], [ -70.672561, -33.468432 ], [ -70.672562, -33.468411 ], [ -70.672588, -33.468411 ], [ -70.672704, -33.468412 ] ] ], [ [ [ -70.671864, -33.470709 ], [ -70.672007, -33.470711 ], [ -70.672006, -33.470779 ], [ -70.672005, -33.470847 ], [ -70.672004, -33.470911 ], [ -70.672003, -33.470977 ], [ -70.672002, -33.471043 ], [ -70.672001, -33.471108 ], [ -70.672, -33.471174 ], [ -70.671999, -33.471239 ], [ -70.671998, -33.471305 ], [ -70.671997, -33.471371 ], [ -70.671996, -33.471437 ], [ -70.671995, -33.471502 ], [ -70.671994, -33.471568 ], [ -70.671993, -33.471634 ], [ -70.671992, -33.4717 ], [ -70.671991, -33.471766 ], [ -70.671989, -33.471852 ], [ -70.671844, -33.47185 ], [ -70.671719, -33.471847 ], [ -70.671696, -33.471831 ], [ -70.671697, -33.471762 ], [ -70.671698, -33.471696 ], [ -70.671699, -33.47163 ], [ -70.671701, -33.471564 ], [ -70.671702, -33.471498 ], [ -70.671703, -33.471432 ], [ -70.671704, -33.471367 ], [ -70.671705, -33.471299 ], [ -70.671706, -33.471236 ], [ -70.671707, -33.471169 ], [ -70.671708, -33.471104 ], [ -70.671709, -33.471038 ], [ -70.67171, -33.470972 ], [ -70.671711, -33.470906 ], [ -70.671712, -33.47084 ], [ -70.671714, -33.470775 ], [ -70.671715, -33.470708 ], [ -70.671864, -33.470709 ] ] ], [ [ [ -70.672258, -33.470713 ], [ -70.672403, -33.470714 ], [ -70.672402, -33.470781 ], [ -70.672401, -33.470847 ], [ -70.672401, -33.470914 ], [ -70.6724, -33.470981 ], [ -70.672399, -33.471043 ], [ -70.672398, -33.471111 ], [ -70.672397, -33.471176 ], [ -70.672396, -33.471244 ], [ -70.672396, -33.471306 ], [ -70.672395, -33.471374 ], [ -70.672394, -33.471439 ], [ -70.672393, -33.471505 ], [ -70.672392, -33.471571 ], [ -70.672391, -33.471638 ], [ -70.67239, -33.471701 ], [ -70.67239, -33.471771 ], [ -70.672388, -33.471853 ], [ -70.672234, -33.471852 ], [ -70.672093, -33.471852 ], [ -70.672094, -33.471763 ], [ -70.672095, -33.471699 ], [ -70.672096, -33.471632 ], [ -70.672097, -33.471566 ], [ -70.672098, -33.471501 ], [ -70.6721, -33.471435 ], [ -70.672101, -33.471368 ], [ -70.672102, -33.471303 ], [ -70.672103, -33.471238 ], [ -70.672104, -33.471172 ], [ -70.672105, -33.471105 ], [ -70.672106, -33.471041 ], [ -70.672107, -33.471012 ], [ -70.672107, -33.470975 ], [ -70.672108, -33.470909 ], [ -70.67211, -33.470842 ], [ -70.672111, -33.470776 ], [ -70.672112, -33.470711 ], [ -70.672258, -33.470713 ] ] ], [ [ [ -70.672658, -33.470717 ], [ -70.672799, -33.470719 ], [ -70.672798, -33.470783 ], [ -70.672797, -33.470851 ], [ -70.672796, -33.470917 ], [ -70.672795, -33.470972 ], [ -70.672794, -33.470982 ], [ -70.672793, -33.471048 ], [ -70.672792, -33.471113 ], [ -70.672791, -33.471181 ], [ -70.672791, -33.471194 ], [ -70.67279, -33.471247 ], [ -70.672789, -33.47131 ], [ -70.672788, -33.471376 ], [ -70.672786, -33.471441 ], [ -70.672786, -33.471457 ], [ -70.672785, -33.471509 ], [ -70.672784, -33.471575 ], [ -70.672783, -33.47164 ], [ -70.672782, -33.471707 ], [ -70.672782, -33.471709 ], [ -70.672781, -33.471772 ], [ -70.672779, -33.471858 ], [ -70.672639, -33.471857 ], [ -70.672501, -33.471856 ], [ -70.672492, -33.471839 ], [ -70.672493, -33.471765 ], [ -70.672494, -33.471699 ], [ -70.672495, -33.471634 ], [ -70.672496, -33.471568 ], [ -70.672497, -33.471502 ], [ -70.672499, -33.471435 ], [ -70.6725, -33.471371 ], [ -70.672501, -33.471307 ], [ -70.672502, -33.471241 ], [ -70.672503, -33.471175 ], [ -70.672504, -33.471109 ], [ -70.672506, -33.471044 ], [ -70.672507, -33.470977 ], [ -70.672508, -33.470912 ], [ -70.672509, -33.470845 ], [ -70.67251, -33.470779 ], [ -70.672511, -33.470716 ], [ -70.672636, -33.470717 ], [ -70.672658, -33.470717 ] ] ], [ [ [ -70.672147, -33.469914 ], [ -70.672148, -33.469848 ], [ -70.672149, -33.469783 ], [ -70.67215, -33.469716 ], [ -70.67215, -33.46965 ], [ -70.67215, -33.469585 ], [ -70.67215, -33.46952 ], [ -70.67215, -33.469495 ], [ -70.672173, -33.469496 ], [ -70.672299, -33.469498 ], [ -70.67241, -33.469499 ], [ -70.672444, -33.469499 ], [ -70.672444, -33.469528 ], [ -70.672445, -33.469585 ], [ -70.672444, -33.469652 ], [ -70.672444, -33.469717 ], [ -70.672444, -33.469782 ], [ -70.672443, -33.46985 ], [ -70.672442, -33.469916 ], [ -70.672442, -33.46998 ], [ -70.67244, -33.470062 ], [ -70.672439, -33.470126 ], [ -70.672439, -33.470191 ], [ -70.672438, -33.470258 ], [ -70.672438, -33.470325 ], [ -70.672438, -33.470389 ], [ -70.672437, -33.470457 ], [ -70.672437, -33.470525 ], [ -70.672418, -33.470525 ], [ -70.672289, -33.470523 ], [ -70.672141, -33.470522 ], [ -70.672142, -33.470454 ], [ -70.672143, -33.470388 ], [ -70.672144, -33.470322 ], [ -70.672146, -33.470257 ], [ -70.672147, -33.470191 ], [ -70.672146, -33.470124 ], [ -70.672147, -33.470059 ], [ -70.672147, -33.469982 ], [ -70.672147, -33.469914 ] ] ], [ [ [ -70.672548, -33.469916 ], [ -70.672546, -33.46985 ], [ -70.672547, -33.469785 ], [ -70.672548, -33.46972 ], [ -70.672549, -33.469651 ], [ -70.672549, -33.469586 ], [ -70.67255, -33.469535 ], [ -70.67255, -33.469499 ], [ -70.672586, -33.469499 ], [ -70.672696, -33.4695 ], [ -70.672823, -33.469501 ], [ -70.672842, -33.469501 ], [ -70.672842, -33.469521 ], [ -70.672842, -33.469589 ], [ -70.672842, -33.469655 ], [ -70.672841, -33.46972 ], [ -70.67284, -33.469786 ], [ -70.67284, -33.469851 ], [ -70.672839, -33.469917 ], [ -70.672839, -33.469985 ], [ -70.672838, -33.470063 ], [ -70.672837, -33.470129 ], [ -70.672837, -33.470194 ], [ -70.672836, -33.470261 ], [ -70.672836, -33.470327 ], [ -70.672835, -33.470393 ], [ -70.672835, -33.470457 ], [ -70.672834, -33.470526 ], [ -70.672689, -33.470525 ], [ -70.672552, -33.470524 ], [ -70.672541, -33.470524 ], [ -70.672541, -33.470515 ], [ -70.672542, -33.470457 ], [ -70.672543, -33.470391 ], [ -70.672544, -33.470323 ], [ -70.672544, -33.470259 ], [ -70.672545, -33.470193 ], [ -70.672546, -33.470125 ], [ -70.672546, -33.47006 ], [ -70.672547, -33.469982 ], [ -70.672548, -33.469916 ] ] ], [ [ [ -70.672041, -33.470321 ], [ -70.672039, -33.470387 ], [ -70.672039, -33.470453 ], [ -70.672038, -33.470521 ], [ -70.671891, -33.47052 ], [ -70.671746, -33.47052 ], [ -70.671746, -33.470519 ], [ -70.671746, -33.470452 ], [ -70.671747, -33.470385 ], [ -70.671748, -33.470321 ], [ -70.671749, -33.470254 ], [ -70.67175, -33.470186 ], [ -70.671751, -33.470123 ], [ -70.671751, -33.470055 ], [ -70.671752, -33.46998 ], [ -70.671753, -33.469911 ], [ -70.671753, -33.469846 ], [ -70.671754, -33.46978 ], [ -70.671754, -33.469715 ], [ -70.671755, -33.469649 ], [ -70.671756, -33.469583 ], [ -70.671757, -33.469522 ], [ -70.671758, -33.469495 ], [ -70.671788, -33.469495 ], [ -70.671903, -33.469496 ], [ -70.672025, -33.469497 ], [ -70.672047, -33.469497 ], [ -70.672048, -33.469512 ], [ -70.672047, -33.469585 ], [ -70.672046, -33.46965 ], [ -70.672046, -33.469716 ], [ -70.672045, -33.469782 ], [ -70.672044, -33.469846 ], [ -70.672044, -33.469912 ], [ -70.672043, -33.469981 ], [ -70.672043, -33.470058 ], [ -70.672042, -33.470125 ], [ -70.672042, -33.470189 ], [ -70.672042, -33.470255 ], [ -70.672041, -33.470288 ], [ -70.672041, -33.470321 ] ] ] ] } },
{ "type": "Feature", "properties": { "INMUEBLES_": 922, "COUNT": 1, "INMUEBLE": null, "NUEVO_NUM": 0 }, "geometry": { "type": "Polygon", "coordinates": [ [ [ -70.670714, -33.469932 ], [ -70.670889, -33.469929 ], [ -70.671077, -33.469929 ], [ -70.671074, -33.470043 ], [ -70.671072, -33.470129 ], [ -70.671072, -33.470135 ], [ -70.67107, -33.470221 ], [ -70.671067, -33.470311 ], [ -70.671065, -33.470334 ], [ -70.671058, -33.470527 ], [ -70.670417, -33.470521 ], [ -70.670417, -33.470517 ], [ -70.670418, -33.470457 ], [ -70.670419, -33.470399 ], [ -70.670421, -33.470342 ], [ -70.670422, -33.470285 ], [ -70.670423, -33.470229 ], [ -70.670425, -33.470174 ], [ -70.670426, -33.470118 ], [ -70.670427, -33.47006 ], [ -70.670429, -33.470004 ], [ -70.67043, -33.469947 ], [ -70.670431, -33.469937 ], [ -70.670607, -33.469933 ], [ -70.670714, -33.469932 ] ] ] } },
{ "type": "Feature", "properties": { "INMUEBLES_": 923, "COUNT": 227, "INMUEBLE": null, "NUEVO_NUM": 0 }, "geometry": { "type": "MultiPolygon", "coordinates": [ [ [ [ -70.668159, -33.470423 ], [ -70.668157, -33.470482 ], [ -70.66807, -33.47048 ], [ -70.668071, -33.470421 ], [ -70.668073, -33.470362 ], [ -70.668161, -33.470365 ], [ -70.668159, -33.470423 ] ] ], [ [ [ -70.668378, -33.470192 ], [ -70.668376, -33.470251 ], [ -70.668375, -33.47031 ], [ -70.668373, -33.470368 ], [ -70.668371, -33.470427 ], [ -70.66837, -33.470485 ], [ -70.668284, -33.470484 ], [ -70.668286, -33.470425 ], [ -70.668288, -33.470367 ], [ -70.668289, -33.470308 ], [ -70.668291, -33.470249 ], [ -70.668292, -33.470191 ], [ -70.668294, -33.470132 ], [ -70.668379, -33.470134 ], [ -70.668378, -33.470192 ] ] ], [ [ [ -70.668509, -33.46996 ], [ -70.66851, -33.469901 ], [ -70.668595, -33.469903 ], [ -70.668594, -33.469962 ], [ -70.668592, -33.47002 ], [ -70.668591, -33.470079 ], [ -70.668589, -33.470137 ], [ -70.668588, -33.470196 ], [ -70.668586, -33.470255 ], [ -70.668585, -33.470313 ], [ -70.668583, -33.470372 ], [ -70.668581, -33.47043 ], [ -70.66858, -33.470489 ], [ -70.668495, -33.470487 ], [ -70.668496, -33.470429 ], [ -70.668498, -33.47037 ], [ -70.6685, -33.470312 ], [ -70.668501, -33.470253 ], [ -70.668503, -33.470194 ], [ -70.668504, -33.470136 ], [ -70.668506, -33.470077 ], [ -70.668507, -33.470019 ], [ -70.668509, -33.46996 ] ] ], [ [ [ -70.670633, -33.467812 ], [ -70.670633, -33.467869 ], [ -70.670632, -33.467932 ], [ -70.670631, -33.467987 ], [ -70.67063, -33.468048 ], [ -70.67063, -33.468106 ], [ -70.670541, -33.468106 ], [ -70.670541, -33.468045 ], [ -70.670542, -33.467985 ], [ -70.670542, -33.46793 ], [ -70.670542, -33.467869 ], [ -70.670542, -33.467812 ], [ -70.670541, -33.467749 ], [ -70.670633, -33.46775 ], [ -70.670633, -33.467812 ] ] ], [ [ [ -70.670846, -33.467574 ], [ -70.670845, -33.467633 ], [ -70.670844, -33.467692 ], [ -70.670843, -33.467751 ], [ -70.670842, -33.46781 ], [ -70.670841, -33.467867 ], [ -70.67084, -33.467926 ], [ -70.670839, -33.467984 ], [ -70.670837, -33.468046 ], [ -70.670836, -33.468104 ], [ -70.670749, -33.468103 ], [ -70.67075, -33.468044 ], [ -70.670752, -33.467983 ], [ -70.670753, -33.467924 ], [ -70.670754, -33.467866 ], [ -70.670755, -33.467809 ], [ -70.670756, -33.46775 ], [ -70.670757, -33.467691 ], [ -70.670758, -33.467631 ], [ -70.670759, -33.467574 ], [ -70.670763, -33.467512 ], [ -70.670846, -33.467515 ], [ -70.670846, -33.467574 ] ] ], [ [ [ -70.669759, -33.468681 ], [ -70.669691, -33.468755 ], [ -70.669621, -33.46883 ], [ -70.669552, -33.468906 ], [ -70.669481, -33.468982 ], [ -70.669413, -33.469055 ], [ -70.669413, -33.469056 ], [ -70.669345, -33.46913 ], [ -70.669272, -33.46921 ], [ -70.669212, -33.469169 ], [ -70.669286, -33.469091 ], [ -70.669355, -33.469016 ], [ -70.669425, -33.468941 ], [ -70.669495, -33.468866 ], [ -70.669566, -33.468791 ], [ -70.669635, -33.468717 ], [ -70.669635, -33.468716 ], [ -70.669704, -33.468642 ], [ -70.669774, -33.468567 ], [ -70.669829, -33.468604 ], [ -70.669759, -33.468681 ] ] ], [ [ [ -70.668864, -33.469518 ], [ -70.668931, -33.469446 ], [ -70.668998, -33.469374 ], [ -70.669066, -33.469302 ], [ -70.669121, -33.469339 ], [ -70.669054, -33.469412 ], [ -70.668987, -33.469485 ], [ -70.668922, -33.469556 ], [ -70.66885, -33.469635 ], [ -70.668791, -33.469595 ], [ -70.668864, -33.469518 ] ] ], [ [ [ -70.670931, -33.468467 ], [ -70.670931, -33.468522 ], [ -70.670931, -33.468579 ], [ -70.670931, -33.468636 ], [ -70.670931, -33.468692 ], [ -70.67093, -33.468748 ], [ -70.67093, -33.4688 ], [ -70.67093, -33.468805 ], [ -70.67093, -33.468862 ], [ -70.67093, -33.46889 ], [ -70.67093, -33.468919 ], [ -70.67093, -33.468975 ], [ -70.67093, -33.469 ], [ -70.67093, -33.469032 ], [ -70.67093, -33.469089 ], [ -70.670929, -33.469146 ], [ -70.670929, -33.469171 ], [ -70.670929, -33.469203 ], [ -70.670929, -33.469259 ], [ -70.670929, -33.469316 ], [ -70.67076, -33.469314 ], [ -70.670761, -33.469257 ], [ -70.670762, -33.4692 ], [ -70.670763, -33.469144 ], [ -70.670765, -33.469087 ], [ -70.670766, -33.46903 ], [ -70.670767, -33.468973 ], [ -70.670768, -33.468916 ], [ -70.670769, -33.46886 ], [ -70.67077, -33.468803 ], [ -70.670771, -33.468746 ], [ -70.670772, -33.468689 ], [ -70.670774, -33.468632 ], [ -70.670775, -33.468576 ], [ -70.670776, -33.468519 ], [ -70.670777, -33.468466 ], [ -70.670779, -33.468403 ], [ -70.670931, -33.468407 ], [ -70.670931, -33.468467 ] ] ], [ [ [ -70.670502, -33.468397 ], [ -70.670673, -33.468399 ], [ -70.670672, -33.468461 ], [ -70.670671, -33.468516 ], [ -70.670669, -33.468575 ], [ -70.670668, -33.46863 ], [ -70.670666, -33.468686 ], [ -70.670665, -33.468743 ], [ -70.670664, -33.468801 ], [ -70.670663, -33.468857 ], [ -70.670662, -33.468913 ], [ -70.67066, -33.468971 ], [ -70.670659, -33.469027 ], [ -70.670659, -33.469084 ], [ -70.670657, -33.469141 ], [ -70.670656, -33.469199 ], [ -70.670654, -33.469256 ], [ -70.670653, -33.469313 ], [ -70.670486, -33.469309 ], [ -70.670405, -33.469306 ], [ -70.670405, -33.469292 ], [ -70.670315, -33.46929 ], [ -70.670317, -33.469221 ], [ -70.670318, -33.469154 ], [ -70.670319, -33.46909 ], [ -70.670319, -33.469088 ], [ -70.67032, -33.46902 ], [ -70.670322, -33.468964 ], [ -70.670323, -33.468907 ], [ -70.670324, -33.46885 ], [ -70.670325, -33.468792 ], [ -70.670327, -33.468737 ], [ -70.670328, -33.468685 ], [ -70.670329, -33.468617 ], [ -70.670331, -33.468545 ], [ -70.670332, -33.468479 ], [ -70.670335, -33.468413 ], [ -70.670427, -33.468415 ], [ -70.670428, -33.468396 ], [ -70.670502, -33.468397 ] ] ], [ [ [ -70.670421, -33.470342 ], [ -70.670419, -33.470399 ], [ -70.670418, -33.470457 ], [ -70.670417, -33.470517 ], [ -70.670255, -33.470514 ], [ -70.670255, -33.470456 ], [ -70.670257, -33.470399 ], [ -70.670258, -33.470342 ], [ -70.67026, -33.470285 ], [ -70.670261, -33.470229 ], [ -70.670262, -33.470172 ], [ -70.670264, -33.470115 ], [ -70.670265, -33.470058 ], [ -70.670266, -33.470002 ], [ -70.670268, -33.469945 ], [ -70.670269, -33.469888 ], [ -70.670271, -33.469831 ], [ -70.670272, -33.469774 ], [ -70.670273, -33.469719 ], [ -70.670274, -33.469661 ], [ -70.670275, -33.469606 ], [ -70.670277, -33.469546 ], [ -70.670437, -33.469548 ], [ -70.670439, -33.469546 ], [ -70.670615, -33.469551 ], [ -70.670614, -33.46961 ], [ -70.670613, -33.469667 ], [ -70.670611, -33.469728 ], [ -70.67061, -33.46978 ], [ -70.670609, -33.469837 ], [ -70.670608, -33.469892 ], [ -70.670608, -33.469915 ], [ -70.670607, -33.469933 ], [ -70.670431, -33.469937 ], [ -70.67043, -33.469947 ], [ -70.670429, -33.470004 ], [ -70.670427, -33.47006 ], [ -70.670426, -33.470118 ], [ -70.670425, -33.470174 ], [ -70.670423, -33.470229 ], [ -70.670422, -33.470285 ], [ -70.670421, -33.470342 ] ] ], [ [ [ -70.669257, -33.470321 ], [ -70.669256, -33.470377 ], [ -70.669256, -33.47038 ], [ -70.669255, -33.470416 ], [ -70.669254, -33.470439 ], [ -70.669254, -33.47046 ], [ -70.669253, -33.470498 ], [ -70.669167, -33.470497 ], [ -70.669169, -33.470438 ], [ -70.66917, -33.470379 ], [ -70.669171, -33.47032 ], [ -70.669173, -33.470261 ], [ -70.669174, -33.470202 ], [ -70.669176, -33.470143 ], [ -70.669177, -33.470085 ], [ -70.669178, -33.470026 ], [ -70.66918, -33.469967 ], [ -70.669181, -33.469908 ], [ -70.669182, -33.469849 ], [ -70.669184, -33.46979 ], [ -70.669268, -33.469791 ], [ -70.669268, -33.469831 ], [ -70.669267, -33.46985 ], [ -70.669267, -33.469875 ], [ -70.669266, -33.469909 ], [ -70.669266, -33.469911 ], [ -70.669265, -33.469968 ], [ -70.669263, -33.470027 ], [ -70.669262, -33.470086 ], [ -70.669262, -33.47011 ], [ -70.669261, -33.470145 ], [ -70.66926, -33.470204 ], [ -70.669259, -33.470227 ], [ -70.669258, -33.470262 ], [ -70.669257, -33.470299 ], [ -70.669257, -33.470321 ] ] ], [ [ [ -70.669828, -33.469767 ], [ -70.669829, -33.46971 ], [ -70.66983, -33.469655 ], [ -70.669832, -33.469598 ], [ -70.669833, -33.469539 ], [ -70.669847, -33.469539 ], [ -70.670009, -33.469542 ], [ -70.670166, -33.469544 ], [ -70.67017, -33.469544 ], [ -70.670169, -33.469602 ], [ -70.670168, -33.469659 ], [ -70.670166, -33.469721 ], [ -70.670165, -33.469772 ], [ -70.670163, -33.469829 ], [ -70.670162, -33.469885 ], [ -70.670161, -33.469942 ], [ -70.67016, -33.469999 ], [ -70.670158, -33.470056 ], [ -70.670157, -33.470113 ], [ -70.670156, -33.47017 ], [ -70.670154, -33.470227 ], [ -70.670153, -33.470283 ], [ -70.670152, -33.47034 ], [ -70.670151, -33.470398 ], [ -70.670149, -33.470454 ], [ -70.670148, -33.470512 ], [ -70.669992, -33.47051 ], [ -70.66981, -33.470506 ], [ -70.669811, -33.470447 ], [ -70.669812, -33.470393 ], [ -70.669814, -33.470335 ], [ -70.669815, -33.470278 ], [ -70.669816, -33.470222 ], [ -70.669818, -33.470165 ], [ -70.669819, -33.470108 ], [ -70.66982, -33.470051 ], [ -70.669822, -33.469997 ], [ -70.669824, -33.469938 ], [ -70.669825, -33.469881 ], [ -70.669826, -33.469824 ], [ -70.669828, -33.469767 ] ] ], [ [ [ -70.669422, -33.469875 ], [ -70.669424, -33.469818 ], [ -70.669425, -33.46976 ], [ -70.669426, -33.469704 ], [ -70.669428, -33.469648 ], [ -70.66943, -33.469592 ], [ -70.669431, -33.469532 ], [ -70.669591, -33.469535 ], [ -70.66974, -33.469537 ], [ -70.669749, -33.469537 ], [ -70.669748, -33.469596 ], [ -70.669747, -33.469652 ], [ -70.669745, -33.469709 ], [ -70.669744, -33.469766 ], [ -70.669743, -33.469823 ], [ -70.669741, -33.469879 ], [ -70.66974, -33.469937 ], [ -70.669739, -33.469993 ], [ -70.669738, -33.47005 ], [ -70.669736, -33.470107 ], [ -70.669734, -33.470163 ], [ -70.669734, -33.47022 ], [ -70.669732, -33.470277 ], [ -70.669731, -33.470334 ], [ -70.66973, -33.470391 ], [ -70.669727, -33.470447 ], [ -70.669726, -33.470505 ], [ -70.669716, -33.470505 ], [ -70.669562, -33.470503 ], [ -70.669408, -33.4705 ], [ -70.669408, -33.470442 ], [ -70.66941, -33.470387 ], [ -70.669412, -33.470328 ], [ -70.669412, -33.470271 ], [ -70.669415, -33.470214 ], [ -70.669415, -33.470158 ], [ -70.669417, -33.470103 ], [ -70.669418, -33.470044 ], [ -70.669419, -33.469988 ], [ -70.669421, -33.469932 ], [ -70.669422, -33.469875 ] ] ], [ [ [ -70.670718, -33.469744 ], [ -70.670719, -33.469687 ], [ -70.67072, -33.469632 ], [ -70.670722, -33.469573 ], [ -70.670723, -33.469515 ], [ -70.670894, -33.469509 ], [ -70.670893, -33.469574 ], [ -70.670892, -33.469633 ], [ -70.670892, -33.469688 ], [ -70.670891, -33.469745 ], [ -70.670891, -33.469786 ], [ -70.67089, -33.469806 ], [ -70.67089, -33.469862 ], [ -70.670889, -33.469929 ], [ -70.670714, -33.469932 ], [ -70.670714, -33.469917 ], [ -70.670715, -33.469858 ], [ -70.670717, -33.469802 ], [ -70.670718, -33.469744 ] ] ], [ [ [ -70.668805, -33.470374 ], [ -70.668804, -33.470433 ], [ -70.668802, -33.470492 ], [ -70.668716, -33.470491 ], [ -70.668717, -33.470432 ], [ -70.668719, -33.470373 ], [ -70.66872, -33.470314 ], [ -70.668722, -33.470255 ], [ -70.668723, -33.470196 ], [ -70.668724, -33.470137 ], [ -70.668726, -33.470078 ], [ -70.668727, -33.470019 ], [ -70.668729, -33.46996 ], [ -70.66873, -33.4699 ], [ -70.668732, -33.469841 ], [ -70.668733, -33.469783 ], [ -70.668817, -33.469784 ], [ -70.668816, -33.469843 ], [ -70.668815, -33.469902 ], [ -70.668814, -33.469961 ], [ -70.668812, -33.47002 ], [ -70.668811, -33.470079 ], [ -70.66881, -33.470138 ], [ -70.668809, -33.470197 ], [ -70.668807, -33.470256 ], [ -70.668806, -33.470315 ], [ -70.668805, -33.470374 ] ] ], [ [ [ -70.668952, -33.470081 ], [ -70.668953, -33.470022 ], [ -70.668955, -33.469963 ], [ -70.668956, -33.469904 ], [ -70.668957, -33.469845 ], [ -70.668958, -33.469786 ], [ -70.669044, -33.469788 ], [ -70.669043, -33.469845 ], [ -70.669042, -33.469904 ], [ -70.66904, -33.469963 ], [ -70.669039, -33.470022 ], [ -70.669038, -33.470081 ], [ -70.669036, -33.47014 ], [ -70.669035, -33.470199 ], [ -70.669034, -33.470259 ], [ -70.669032, -33.470318 ], [ -70.669031, -33.470377 ], [ -70.669029, -33.470436 ], [ -70.669028, -33.470495 ], [ -70.668943, -33.470494 ], [ -70.668944, -33.470435 ], [ -70.668946, -33.470376 ], [ -70.668947, -33.470317 ], [ -70.668948, -33.470258 ], [ -70.668949, -33.470199 ], [ -70.668951, -33.47014 ], [ -70.668952, -33.470081 ] ] ] ] } },
{ "type": "Feature", "properties": { "INMUEBLES_": 924, "COUNT": 1, "INMUEBLE": null, "NUEVO_NUM": 0 }, "geometry": { "type": "Polygon", "coordinates": [ [ [ -70.671705, -33.471998 ], [ -70.671708, -33.471995 ], [ -70.671711, -33.471993 ], [ -70.671714, -33.471991 ], [ -70.671718, -33.471989 ], [ -70.671723, -33.471988 ], [ -70.671729, -33.471987 ], [ -70.672742, -33.471998 ], [ -70.672747, -33.471999 ], [ -70.672753, -33.472 ], [ -70.672757, -33.472001 ], [ -70.672762, -33.472004 ], [ -70.672764, -33.472006 ], [ -70.672767, -33.472009 ], [ -70.672768, -33.472012 ], [ -70.672769, -33.472017 ], [ -70.672768, -33.472023 ], [ -70.672764, -33.472601 ], [ -70.672764, -33.472605 ], [ -70.672763, -33.472608 ], [ -70.672763, -33.472611 ], [ -70.672762, -33.472614 ], [ -70.67276, -33.472617 ], [ -70.672758, -33.472619 ], [ -70.672756, -33.472622 ], [ -70.672753, -33.472623 ], [ -70.67275, -33.472625 ], [ -70.672748, -33.472626 ], [ -70.672744, -33.472626 ], [ -70.672732, -33.472626 ], [ -70.672693, -33.472626 ], [ -70.67269, -33.472626 ], [ -70.672688, -33.472626 ], [ -70.672685, -33.472626 ], [ -70.672682, -33.472626 ], [ -70.6724, -33.472624 ], [ -70.672001, -33.472622 ], [ -70.671719, -33.47262 ], [ -70.671716, -33.472619 ], [ -70.671713, -33.472618 ], [ -70.67171, -33.472616 ], [ -70.671707, -33.472615 ], [ -70.671705, -33.472614 ], [ -70.671703, -33.472612 ], [ -70.671701, -33.47261 ], [ -70.671698, -33.472608 ], [ -70.671696, -33.472606 ], [ -70.671695, -33.472604 ], [ -70.671693, -33.472603 ], [ -70.671692, -33.4726 ], [ -70.671691, -33.472598 ], [ -70.67169, -33.472596 ], [ -70.671689, -33.472593 ], [ -70.671688, -33.47259 ], [ -70.671688, -33.472586 ], [ -70.671688, -33.472578 ], [ -70.671697, -33.472014 ], [ -70.671697, -33.472012 ], [ -70.671697, -33.472011 ], [ -70.671698, -33.472009 ], [ -70.671698, -33.472008 ], [ -70.671699, -33.472007 ], [ -70.671699, -33.472006 ], [ -70.6717, -33.472004 ], [ -70.671702, -33.472002 ], [ -70.671703, -33.472 ], [ -70.671705, -33.471998 ] ] ] } },
{ "type": "Feature", "properties": { "INMUEBLES_": 925, "COUNT": 1, "INMUEBLE": null, "NUEVO_NUM": 0 }, "geometry": { "type": "Polygon", "coordinates": [ [ [ -70.669013, -33.471365 ], [ -70.669011, -33.471818 ], [ -70.668801, -33.471817 ], [ -70.668813, -33.471364 ], [ -70.669013, -33.471365 ] ] ] } },
{ "type": "Feature", "properties": { "INMUEBLES_": 926, "COUNT": 1, "INMUEBLE": null, "NUEVO_NUM": 0 }, "geometry": { "type": "Polygon", "coordinates": [ [ [ -70.664615, -33.470838 ], [ -70.664437, -33.47083 ], [ -70.664434, -33.470875 ], [ -70.66443, -33.470921 ], [ -70.664427, -33.470966 ], [ -70.664424, -33.471013 ], [ -70.664419, -33.47108 ], [ -70.664415, -33.471129 ], [ -70.664411, -33.471173 ], [ -70.664407, -33.471218 ], [ -70.664403, -33.471265 ], [ -70.664154, -33.471252 ], [ -70.663492, -33.471217 ], [ -70.663488, -33.471217 ], [ -70.663463, -33.471215 ], [ -70.663504, -33.470804 ], [ -70.663512, -33.470734 ], [ -70.663513, -33.470726 ], [ -70.663515, -33.470719 ], [ -70.663518, -33.470712 ], [ -70.663523, -33.470705 ], [ -70.663528, -33.470701 ], [ -70.663534, -33.470696 ], [ -70.663536, -33.470695 ], [ -70.66354, -33.470693 ], [ -70.663546, -33.47069 ], [ -70.663551, -33.470688 ], [ -70.663557, -33.470686 ], [ -70.663563, -33.470685 ], [ -70.663568, -33.470684 ], [ -70.663572, -33.470684 ], [ -70.663579, -33.470684 ], [ -70.663754, -33.470695 ], [ -70.663754, -33.470701 ], [ -70.663753, -33.470708 ], [ -70.66382, -33.470712 ], [ -70.663835, -33.470725 ], [ -70.663881, -33.470727 ], [ -70.6639, -33.470717 ], [ -70.663896, -33.47071 ], [ -70.664578, -33.470754 ], [ -70.664587, -33.470754 ], [ -70.664588, -33.470746 ], [ -70.664627, -33.470748 ], [ -70.664638, -33.470748 ], [ -70.664637, -33.470781 ], [ -70.664627, -33.470781 ], [ -70.664617, -33.470781 ], [ -70.664615, -33.470838 ] ] ] } },
{ "type": "Feature", "properties": { "INMUEBLES_": 927, "COUNT": 100, "INMUEBLE": null, "NUEVO_NUM": 0 }, "geometry": { "type": "MultiPolygon", "coordinates": [ [ [ [ -70.672547, -33.47278 ], [ -70.672735, -33.472781 ], [ -70.672765, -33.472807 ], [ -70.672765, -33.472867 ], [ -70.672764, -33.472948 ], [ -70.672762, -33.47303 ], [ -70.672762, -33.473112 ], [ -70.67276, -33.473197 ], [ -70.67276, -33.473276 ], [ -70.672759, -33.473359 ], [ -70.672757, -33.473439 ], [ -70.672756, -33.473521 ], [ -70.672755, -33.473603 ], [ -70.672755, -33.473661 ], [ -70.672724, -33.473687 ], [ -70.672538, -33.473685 ], [ -70.672531, -33.473685 ], [ -70.672351, -33.473684 ], [ -70.672322, -33.473658 ], [ -70.672322, -33.4736 ], [ -70.672323, -33.473518 ], [ -70.672324, -33.473436 ], [ -70.672325, -33.473356 ], [ -70.672325, -33.473349 ], [ -70.672326, -33.473271 ], [ -70.672327, -33.47319 ], [ -70.672328, -33.473108 ], [ -70.672328, -33.473045 ], [ -70.672328, -33.473026 ], [ -70.672329, -33.472944 ], [ -70.67233, -33.472863 ], [ -70.672332, -33.472804 ], [ -70.672363, -33.47278 ], [ -70.672547, -33.47278 ] ] ], [ [ [ -70.671668, -33.474693 ], [ -70.671667, -33.474622 ], [ -70.671669, -33.474564 ], [ -70.671667, -33.474506 ], [ -70.671669, -33.474464 ], [ -70.67167, -33.474436 ], [ -70.671668, -33.474372 ], [ -70.671669, -33.474311 ], [ -70.671669, -33.474253 ], [ -70.67167, -33.474215 ], [ -70.67167, -33.474183 ], [ -70.67167, -33.474115 ], [ -70.671671, -33.474058 ], [ -70.671671, -33.473999 ], [ -70.671673, -33.47393 ], [ -70.671673, -33.47388 ], [ -70.671709, -33.47386 ], [ -70.671892, -33.473861 ], [ -70.672072, -33.473862 ], [ -70.672107, -33.473884 ], [ -70.672107, -33.473943 ], [ -70.672107, -33.474012 ], [ -70.672105, -33.474071 ], [ -70.672106, -33.474128 ], [ -70.672106, -33.474197 ], [ -70.672106, -33.474267 ], [ -70.672104, -33.474326 ], [ -70.672103, -33.474383 ], [ -70.672102, -33.474453 ], [ -70.672102, -33.474522 ], [ -70.672101, -33.47458 ], [ -70.672101, -33.474638 ], [ -70.6721, -33.474708 ], [ -70.672099, -33.474747 ], [ -70.672063, -33.474768 ], [ -70.6719, -33.474768 ], [ -70.671701, -33.474766 ], [ -70.671668, -33.474741 ], [ -70.671668, -33.474693 ] ] ], [ [ [ -70.671683, -33.472859 ], [ -70.671685, -33.4728 ], [ -70.671716, -33.472774 ], [ -70.6719, -33.472775 ], [ -70.672086, -33.472776 ], [ -70.672117, -33.472802 ], [ -70.672118, -33.472861 ], [ -70.672116, -33.472942 ], [ -70.672116, -33.473024 ], [ -70.672114, -33.473106 ], [ -70.672114, -33.47319 ], [ -70.672112, -33.473271 ], [ -70.672112, -33.473354 ], [ -70.672111, -33.473434 ], [ -70.67211, -33.473517 ], [ -70.672109, -33.473598 ], [ -70.672106, -33.473657 ], [ -70.672078, -33.473683 ], [ -70.671887, -33.473682 ], [ -70.671706, -33.47368 ], [ -70.671675, -33.473655 ], [ -70.671676, -33.473587 ], [ -70.671676, -33.473505 ], [ -70.671677, -33.473423 ], [ -70.671678, -33.473341 ], [ -70.671679, -33.473259 ], [ -70.671679, -33.473177 ], [ -70.671681, -33.473104 ], [ -70.671682, -33.473021 ], [ -70.671683, -33.472937 ], [ -70.671683, -33.472859 ] ] ], [ [ [ -70.672313, -33.474695 ], [ -70.672314, -33.474627 ], [ -70.672315, -33.474569 ], [ -70.672315, -33.47454 ], [ -70.672315, -33.47451 ], [ -70.672316, -33.474443 ], [ -70.672315, -33.474373 ], [ -70.672317, -33.474312 ], [ -70.672316, -33.474254 ], [ -70.672318, -33.474188 ], [ -70.672319, -33.474119 ], [ -70.672319, -33.474099 ], [ -70.672319, -33.474062 ], [ -70.67232, -33.474004 ], [ -70.672321, -33.473937 ], [ -70.672321, -33.473907 ], [ -70.672322, -33.473888 ], [ -70.672353, -33.473863 ], [ -70.672539, -33.473866 ], [ -70.672552, -33.473866 ], [ -70.672724, -33.473868 ], [ -70.672755, -33.473896 ], [ -70.672755, -33.473947 ], [ -70.672754, -33.474017 ], [ -70.672753, -33.474074 ], [ -70.672754, -33.474132 ], [ -70.672752, -33.4742 ], [ -70.672752, -33.474271 ], [ -70.672751, -33.474329 ], [ -70.67275, -33.474389 ], [ -70.67275, -33.474456 ], [ -70.67275, -33.474527 ], [ -70.672748, -33.474584 ], [ -70.672749, -33.474644 ], [ -70.672747, -33.474712 ], [ -70.672746, -33.474757 ], [ -70.672716, -33.474774 ], [ -70.672526, -33.474773 ], [ -70.672513, -33.474772 ], [ -70.672344, -33.474771 ], [ -70.672338, -33.474766 ], [ -70.672313, -33.474745 ], [ -70.672313, -33.474695 ] ] ] ] } },
{ "type": "Feature", "properties": { "INMUEBLES_": 928, "COUNT": 454, "INMUEBLE": null, "NUEVO_NUM": 0 }, "geometry": { "type": "MultiPolygon", "coordinates": [ [ [ [ -70.667104, -33.471988 ], [ -70.667307, -33.471989 ], [ -70.667306, -33.47205 ], [ -70.667301, -33.472192 ], [ -70.667301, -33.472214 ], [ -70.667297, -33.472351 ], [ -70.667294, -33.472361 ], [ -70.66729, -33.472368 ], [ -70.667284, -33.472375 ], [ -70.667275, -33.472382 ], [ -70.667266, -33.472387 ], [ -70.667262, -33.472388 ], [ -70.667255, -33.47239 ], [ -70.667242, -33.472391 ], [ -70.66723, -33.472389 ], [ -70.66722, -33.472385 ], [ -70.667213, -33.472382 ], [ -70.667213, -33.472381 ], [ -70.667206, -33.472376 ], [ -70.667152, -33.47231 ], [ -70.667127, -33.472281 ], [ -70.6671, -33.47225 ], [ -70.667073, -33.472219 ], [ -70.667045, -33.472188 ], [ -70.667018, -33.472158 ], [ -70.667037, -33.472145 ], [ -70.667039, -33.472143 ], [ -70.667041, -33.47214 ], [ -70.667043, -33.472138 ], [ -70.667045, -33.472136 ], [ -70.667047, -33.472134 ], [ -70.667049, -33.472132 ], [ -70.66705, -33.472129 ], [ -70.667052, -33.472127 ], [ -70.667054, -33.472125 ], [ -70.667056, -33.472122 ], [ -70.667058, -33.47212 ], [ -70.667059, -33.472118 ], [ -70.667061, -33.472115 ], [ -70.667063, -33.472113 ], [ -70.667064, -33.47211 ], [ -70.667066, -33.472108 ], [ -70.667067, -33.472106 ], [ -70.667069, -33.472103 ], [ -70.66707, -33.472101 ], [ -70.667072, -33.472098 ], [ -70.667073, -33.472096 ], [ -70.667075, -33.472093 ], [ -70.667076, -33.472091 ], [ -70.667077, -33.472088 ], [ -70.667079, -33.472086 ], [ -70.66708, -33.472083 ], [ -70.667081, -33.472081 ], [ -70.667083, -33.472078 ], [ -70.667084, -33.472075 ], [ -70.667085, -33.472073 ], [ -70.667086, -33.47207 ], [ -70.667087, -33.472068 ], [ -70.667088, -33.472065 ], [ -70.667089, -33.472062 ], [ -70.66709, -33.47206 ], [ -70.667091, -33.472057 ], [ -70.667092, -33.472054 ], [ -70.667094, -33.47205 ], [ -70.667096, -33.472041 ], [ -70.667097, -33.472038 ], [ -70.667098, -33.472035 ], [ -70.667098, -33.472033 ], [ -70.667099, -33.47203 ], [ -70.667099, -33.472027 ], [ -70.6671, -33.472024 ], [ -70.667101, -33.472022 ], [ -70.667101, -33.472019 ], [ -70.667101, -33.472016 ], [ -70.667102, -33.472013 ], [ -70.667102, -33.472011 ], [ -70.667103, -33.472008 ], [ -70.667103, -33.472005 ], [ -70.667103, -33.472002 ], [ -70.667103, -33.471999 ], [ -70.667104, -33.471988 ] ] ], [ [ [ -70.668745, -33.473497 ], [ -70.668744, -33.473537 ], [ -70.668744, -33.473575 ], [ -70.668744, -33.473613 ], [ -70.668743, -33.47365 ], [ -70.668742, -33.473689 ], [ -70.668741, -33.473728 ], [ -70.66874, -33.473765 ], [ -70.668741, -33.473803 ], [ -70.668741, -33.473842 ], [ -70.668741, -33.473881 ], [ -70.668739, -33.47392 ], [ -70.668737, -33.474004 ], [ -70.668735, -33.474011 ], [ -70.668732, -33.474015 ], [ -70.668726, -33.474021 ], [ -70.668719, -33.474023 ], [ -70.66871, -33.474025 ], [ -70.668701, -33.474024 ], [ -70.668694, -33.474021 ], [ -70.668631, -33.473986 ], [ -70.668552, -33.47394 ], [ -70.668483, -33.4739 ], [ -70.668386, -33.473844 ], [ -70.668338, -33.473816 ], [ -70.668276, -33.473783 ], [ -70.668277, -33.473781 ], [ -70.668278, -33.473779 ], [ -70.668278, -33.473777 ], [ -70.668279, -33.473776 ], [ -70.66828, -33.473774 ], [ -70.66828, -33.473772 ], [ -70.668281, -33.47377 ], [ -70.668282, -33.473769 ], [ -70.668282, -33.473767 ], [ -70.668283, -33.473765 ], [ -70.668283, -33.473763 ], [ -70.668284, -33.473761 ], [ -70.668285, -33.47376 ], [ -70.668285, -33.473758 ], [ -70.668286, -33.473756 ], [ -70.668286, -33.473754 ], [ -70.668287, -33.473752 ], [ -70.668287, -33.473751 ], [ -70.668288, -33.473749 ], [ -70.668288, -33.473747 ], [ -70.668288, -33.473746 ], [ -70.668289, -33.473743 ], [ -70.668289, -33.473742 ], [ -70.66829, -33.47374 ], [ -70.66829, -33.473738 ], [ -70.668291, -33.473736 ], [ -70.668291, -33.473734 ], [ -70.668291, -33.473732 ], [ -70.668292, -33.473731 ], [ -70.668292, -33.473729 ], [ -70.668292, -33.473727 ], [ -70.668293, -33.473725 ], [ -70.668293, -33.473723 ], [ -70.668293, -33.473721 ], [ -70.668293, -33.47372 ], [ -70.668294, -33.473718 ], [ -70.668294, -33.473716 ], [ -70.668294, -33.473714 ], [ -70.668294, -33.473712 ], [ -70.668295, -33.47371 ], [ -70.668295, -33.473709 ], [ -70.668295, -33.473707 ], [ -70.668295, -33.473705 ], [ -70.668295, -33.473703 ], [ -70.668295, -33.473701 ], [ -70.668296, -33.473699 ], [ -70.668296, -33.473697 ], [ -70.668296, -33.473696 ], [ -70.668296, -33.473694 ], [ -70.668296, -33.473692 ], [ -70.668296, -33.47369 ], [ -70.668296, -33.473688 ], [ -70.668296, -33.473686 ], [ -70.668296, -33.473684 ], [ -70.668296, -33.473683 ], [ -70.668296, -33.473681 ], [ -70.668296, -33.473679 ], [ -70.668296, -33.473677 ], [ -70.668296, -33.473675 ], [ -70.668296, -33.473673 ], [ -70.668296, -33.473671 ], [ -70.668296, -33.47367 ], [ -70.668296, -33.473668 ], [ -70.668296, -33.473666 ], [ -70.668296, -33.473664 ], [ -70.668295, -33.473662 ], [ -70.668295, -33.47366 ], [ -70.668295, -33.473659 ], [ -70.668295, -33.473657 ], [ -70.668295, -33.473655 ], [ -70.668295, -33.473653 ], [ -70.668294, -33.473651 ], [ -70.668294, -33.473649 ], [ -70.668294, -33.473647 ], [ -70.668294, -33.473646 ], [ -70.668293, -33.473644 ], [ -70.668293, -33.473642 ], [ -70.668293, -33.47364 ], [ -70.668293, -33.473638 ], [ -70.668292, -33.473636 ], [ -70.668292, -33.473635 ], [ -70.668292, -33.473633 ], [ -70.668291, -33.473631 ], [ -70.668291, -33.473629 ], [ -70.66829, -33.473627 ], [ -70.66829, -33.473625 ], [ -70.66829, -33.473624 ], [ -70.668289, -33.473622 ], [ -70.668289, -33.47362 ], [ -70.668288, -33.473618 ], [ -70.668288, -33.473616 ], [ -70.668288, -33.473614 ], [ -70.668287, -33.473613 ], [ -70.668287, -33.473611 ], [ -70.668284, -33.473606 ], [ -70.668339, -33.473577 ], [ -70.668397, -33.473548 ], [ -70.668481, -33.473504 ], [ -70.668556, -33.473466 ], [ -70.668707, -33.47339 ], [ -70.668714, -33.473388 ], [ -70.66872, -33.473388 ], [ -70.668728, -33.473389 ], [ -70.668733, -33.47339 ], [ -70.668739, -33.473394 ], [ -70.668743, -33.473398 ], [ -70.668746, -33.473404 ], [ -70.668748, -33.473411 ], [ -70.668745, -33.473497 ] ] ], [ [ [ -70.669243, -33.473299 ], [ -70.669242, -33.473342 ], [ -70.669241, -33.473384 ], [ -70.66924, -33.473427 ], [ -70.66924, -33.473469 ], [ -70.669239, -33.47351 ], [ -70.669238, -33.473553 ], [ -70.669238, -33.473596 ], [ -70.669237, -33.473637 ], [ -70.669236, -33.473681 ], [ -70.669236, -33.473723 ], [ -70.669235, -33.473764 ], [ -70.669234, -33.473808 ], [ -70.669234, -33.473851 ], [ -70.669233, -33.473891 ], [ -70.669233, -33.473934 ], [ -70.669232, -33.473978 ], [ -70.669232, -33.474018 ], [ -70.669231, -33.474062 ], [ -70.66923, -33.474105 ], [ -70.669229, -33.474146 ], [ -70.669228, -33.474189 ], [ -70.669227, -33.474258 ], [ -70.669222, -33.474265 ], [ -70.669217, -33.474271 ], [ -70.669214, -33.474275 ], [ -70.669207, -33.47428 ], [ -70.669178, -33.474289 ], [ -70.669171, -33.47429 ], [ -70.669164, -33.47429 ], [ -70.669156, -33.474288 ], [ -70.669006, -33.474202 ], [ -70.668848, -33.474109 ], [ -70.66884, -33.474104 ], [ -70.668832, -33.474097 ], [ -70.668828, -33.474092 ], [ -70.668825, -33.474087 ], [ -70.668822, -33.474079 ], [ -70.668821, -33.474073 ], [ -70.66882, -33.474067 ], [ -70.668821, -33.474055 ], [ -70.668821, -33.474019 ], [ -70.668821, -33.473979 ], [ -70.668822, -33.47394 ], [ -70.668823, -33.473902 ], [ -70.668824, -33.473864 ], [ -70.668825, -33.473826 ], [ -70.668825, -33.473788 ], [ -70.668826, -33.473749 ], [ -70.668827, -33.473711 ], [ -70.668827, -33.473672 ], [ -70.668828, -33.473634 ], [ -70.668829, -33.473596 ], [ -70.66883, -33.473557 ], [ -70.66883, -33.473519 ], [ -70.668832, -33.473481 ], [ -70.668832, -33.473443 ], [ -70.668832, -33.473404 ], [ -70.668833, -33.473365 ], [ -70.668834, -33.473346 ], [ -70.668836, -33.473339 ], [ -70.66884, -33.473334 ], [ -70.668843, -33.473329 ], [ -70.668852, -33.47332 ], [ -70.668865, -33.47331 ], [ -70.668916, -33.473284 ], [ -70.668969, -33.473256 ], [ -70.668969, -33.473257 ], [ -70.669001, -33.473243 ], [ -70.669013, -33.47324 ], [ -70.669021, -33.473238 ], [ -70.669029, -33.473236 ], [ -70.669039, -33.473235 ], [ -70.669049, -33.473234 ], [ -70.669059, -33.473233 ], [ -70.669069, -33.473233 ], [ -70.669083, -33.473234 ], [ -70.669129, -33.473235 ], [ -70.669235, -33.473235 ], [ -70.669239, -33.473237 ], [ -70.669241, -33.473238 ], [ -70.669243, -33.47324 ], [ -70.669244, -33.473243 ], [ -70.669243, -33.473299 ] ] ], [ [ [ -70.669638, -33.473295 ], [ -70.669635, -33.473343 ], [ -70.669635, -33.473386 ], [ -70.669635, -33.473428 ], [ -70.669635, -33.47347 ], [ -70.669635, -33.473513 ], [ -70.669635, -33.473543 ], [ -70.669635, -33.473555 ], [ -70.669634, -33.473598 ], [ -70.669634, -33.473616 ], [ -70.669634, -33.47364 ], [ -70.669633, -33.473682 ], [ -70.669633, -33.473725 ], [ -70.669632, -33.47373 ], [ -70.669632, -33.473767 ], [ -70.669632, -33.473789 ], [ -70.669632, -33.473809 ], [ -70.669632, -33.473843 ], [ -70.669631, -33.473852 ], [ -70.669631, -33.473894 ], [ -70.669631, -33.473914 ], [ -70.669631, -33.473937 ], [ -70.66963, -33.473979 ], [ -70.66963, -33.47399 ], [ -70.66963, -33.474021 ], [ -70.66963, -33.474064 ], [ -70.669629, -33.474106 ], [ -70.669629, -33.474148 ], [ -70.669628, -33.474191 ], [ -70.669626, -33.474233 ], [ -70.669624, -33.474295 ], [ -70.66932, -33.474292 ], [ -70.669317, -33.474291 ], [ -70.669314, -33.47429 ], [ -70.669313, -33.474288 ], [ -70.669311, -33.474286 ], [ -70.669311, -33.474284 ], [ -70.669312, -33.47423 ], [ -70.669313, -33.474189 ], [ -70.669356, -33.47419 ], [ -70.669356, -33.474146 ], [ -70.669357, -33.474105 ], [ -70.669357, -33.47406 ], [ -70.669358, -33.474018 ], [ -70.669359, -33.473976 ], [ -70.669359, -33.473933 ], [ -70.66936, -33.473891 ], [ -70.669361, -33.473849 ], [ -70.669361, -33.473806 ], [ -70.669362, -33.473764 ], [ -70.669363, -33.473722 ], [ -70.669364, -33.473679 ], [ -70.669364, -33.473637 ], [ -70.669365, -33.473594 ], [ -70.669366, -33.473552 ], [ -70.669367, -33.47351 ], [ -70.669367, -33.473467 ], [ -70.669368, -33.473425 ], [ -70.669369, -33.473382 ], [ -70.66937, -33.47334 ], [ -70.669327, -33.473339 ], [ -70.669328, -33.473293 ], [ -70.669328, -33.473265 ], [ -70.669328, -33.473249 ], [ -70.669328, -33.473245 ], [ -70.669329, -33.473243 ], [ -70.66933, -33.473239 ], [ -70.669332, -33.473238 ], [ -70.669334, -33.473237 ], [ -70.669339, -33.473236 ], [ -70.669638, -33.473239 ], [ -70.669638, -33.473295 ] ] ], [ [ [ -70.668558, -33.475032 ], [ -70.668559, -33.47499 ], [ -70.668559, -33.474967 ], [ -70.668561, -33.474909 ], [ -70.668562, -33.474842 ], [ -70.668562, -33.474812 ], [ -70.668563, -33.474781 ], [ -70.668565, -33.47477 ], [ -70.668565, -33.474768 ], [ -70.668565, -33.474766 ], [ -70.668566, -33.474764 ], [ -70.668566, -33.474762 ], [ -70.668567, -33.47476 ], [ -70.668567, -33.474758 ], [ -70.668567, -33.474756 ], [ -70.668568, -33.474753 ], [ -70.668568, -33.474751 ], [ -70.668568, -33.474749 ], [ -70.668569, -33.474747 ], [ -70.668569, -33.474745 ], [ -70.66857, -33.474743 ], [ -70.66857, -33.474741 ], [ -70.66857, -33.474739 ], [ -70.668571, -33.474737 ], [ -70.668571, -33.474735 ], [ -70.668572, -33.474733 ], [ -70.668572, -33.474731 ], [ -70.668572, -33.474729 ], [ -70.668573, -33.474727 ], [ -70.668573, -33.474725 ], [ -70.668573, -33.474723 ], [ -70.668574, -33.474721 ], [ -70.668574, -33.474719 ], [ -70.668575, -33.474717 ], [ -70.668575, -33.474715 ], [ -70.668575, -33.474713 ], [ -70.668576, -33.474711 ], [ -70.668576, -33.474709 ], [ -70.668577, -33.474707 ], [ -70.668577, -33.474704 ], [ -70.668577, -33.474702 ], [ -70.668578, -33.4747 ], [ -70.668578, -33.474698 ], [ -70.668578, -33.474696 ], [ -70.668579, -33.474694 ], [ -70.668579, -33.474693 ], [ -70.668579, -33.474692 ], [ -70.66858, -33.47469 ], [ -70.66858, -33.474688 ], [ -70.66858, -33.474686 ], [ -70.668581, -33.474684 ], [ -70.668581, -33.474682 ], [ -70.668582, -33.47468 ], [ -70.668582, -33.474678 ], [ -70.668582, -33.474676 ], [ -70.668583, -33.474674 ], [ -70.668583, -33.474672 ], [ -70.668583, -33.47467 ], [ -70.668584, -33.474668 ], [ -70.668584, -33.474666 ], [ -70.668585, -33.474664 ], [ -70.668585, -33.474661 ], [ -70.668585, -33.474659 ], [ -70.668586, -33.474657 ], [ -70.668586, -33.474655 ], [ -70.668587, -33.474653 ], [ -70.668587, -33.474651 ], [ -70.668587, -33.474649 ], [ -70.668588, -33.474647 ], [ -70.668588, -33.474645 ], [ -70.668588, -33.474643 ], [ -70.668589, -33.474641 ], [ -70.668589, -33.474639 ], [ -70.66859, -33.474637 ], [ -70.66859, -33.474634 ], [ -70.66859, -33.474633 ], [ -70.668591, -33.474631 ], [ -70.668591, -33.474629 ], [ -70.668592, -33.474627 ], [ -70.668592, -33.474625 ], [ -70.668592, -33.474623 ], [ -70.668593, -33.474621 ], [ -70.668593, -33.474618 ], [ -70.668593, -33.474616 ], [ -70.668594, -33.474614 ], [ -70.668594, -33.474612 ], [ -70.668595, -33.47461 ], [ -70.668595, -33.474608 ], [ -70.668595, -33.474606 ], [ -70.668596, -33.474604 ], [ -70.668596, -33.474602 ], [ -70.668597, -33.4746 ], [ -70.668597, -33.474598 ], [ -70.668597, -33.474596 ], [ -70.668598, -33.474594 ], [ -70.668598, -33.474592 ], [ -70.668598, -33.47459 ], [ -70.668599, -33.474588 ], [ -70.668601, -33.474577 ], [ -70.668628, -33.47452 ], [ -70.668629, -33.474518 ], [ -70.66863, -33.474517 ], [ -70.66863, -33.474515 ], [ -70.668631, -33.474513 ], [ -70.668632, -33.474511 ], [ -70.668633, -33.474509 ], [ -70.668634, -33.474507 ], [ -70.668635, -33.474505 ], [ -70.668636, -33.474503 ], [ -70.668637, -33.474501 ], [ -70.668638, -33.474499 ], [ -70.668639, -33.474497 ], [ -70.66864, -33.474495 ], [ -70.66864, -33.474493 ], [ -70.668641, -33.474492 ], [ -70.668642, -33.47449 ], [ -70.668643, -33.474488 ], [ -70.668644, -33.474486 ], [ -70.668645, -33.474484 ], [ -70.668646, -33.474482 ], [ -70.668647, -33.47448 ], [ -70.668648, -33.474478 ], [ -70.668649, -33.474476 ], [ -70.66865, -33.474474 ], [ -70.668654, -33.474465 ], [ -70.668661, -33.474454 ], [ -70.668663, -33.474453 ], [ -70.668664, -33.474451 ], [ -70.668665, -33.474449 ], [ -70.668666, -33.474447 ], [ -70.668668, -33.474446 ], [ -70.668669, -33.474444 ], [ -70.66867, -33.474442 ], [ -70.668671, -33.47444 ], [ -70.668673, -33.474438 ], [ -70.668674, -33.474437 ], [ -70.668675, -33.474435 ], [ -70.668676, -33.474433 ], [ -70.668678, -33.474431 ], [ -70.668679, -33.47443 ], [ -70.66868, -33.474428 ], [ -70.668681, -33.474426 ], [ -70.668683, -33.474424 ], [ -70.668684, -33.474422 ], [ -70.668685, -33.474421 ], [ -70.668686, -33.474419 ], [ -70.668688, -33.474417 ], [ -70.668689, -33.474415 ], [ -70.668691, -33.474413 ], [ -70.668691, -33.474412 ], [ -70.668693, -33.47441 ], [ -70.668694, -33.474408 ], [ -70.668695, -33.474406 ], [ -70.668696, -33.474405 ], [ -70.668698, -33.474403 ], [ -70.668699, -33.474401 ], [ -70.6687, -33.474399 ], [ -70.668701, -33.474398 ], [ -70.668703, -33.474396 ], [ -70.668704, -33.474394 ], [ -70.668705, -33.474392 ], [ -70.668706, -33.47439 ], [ -70.668708, -33.474389 ], [ -70.668709, -33.474387 ], [ -70.66871, -33.474385 ], [ -70.668711, -33.474383 ], [ -70.668713, -33.474382 ], [ -70.668714, -33.47438 ], [ -70.668715, -33.474378 ], [ -70.668716, -33.474376 ], [ -70.668718, -33.474374 ], [ -70.668719, -33.474373 ], [ -70.66872, -33.474371 ], [ -70.668726, -33.474363 ], [ -70.668785, -33.474301 ], [ -70.668798, -33.4743 ], [ -70.668856, -33.474333 ], [ -70.668865, -33.474341 ], [ -70.668866, -33.474343 ], [ -70.668871, -33.474349 ], [ -70.668875, -33.474355 ], [ -70.668876, -33.474358 ], [ -70.668879, -33.474369 ], [ -70.668878, -33.474381 ], [ -70.668876, -33.474389 ], [ -70.668866, -33.474403 ], [ -70.668844, -33.474427 ], [ -70.668843, -33.474428 ], [ -70.668842, -33.474429 ], [ -70.668834, -33.474437 ], [ -70.668829, -33.474446 ], [ -70.668827, -33.474448 ], [ -70.668826, -33.47445 ], [ -70.668825, -33.474451 ], [ -70.668824, -33.474453 ], [ -70.668823, -33.474455 ], [ -70.668821, -33.474457 ], [ -70.66882, -33.474459 ], [ -70.668819, -33.47446 ], [ -70.668818, -33.474462 ], [ -70.668816, -33.474464 ], [ -70.668815, -33.474466 ], [ -70.668814, -33.474468 ], [ -70.668813, -33.474469 ], [ -70.668812, -33.474471 ], [ -70.66881, -33.474473 ], [ -70.668809, -33.474475 ], [ -70.668808, -33.474477 ], [ -70.668807, -33.474478 ], [ -70.668806, -33.47448 ], [ -70.668804, -33.474482 ], [ -70.668803, -33.474484 ], [ -70.668802, -33.474486 ], [ -70.668801, -33.474487 ], [ -70.668799, -33.474489 ], [ -70.668798, -33.474491 ], [ -70.668797, -33.474493 ], [ -70.668796, -33.474495 ], [ -70.668795, -33.474496 ], [ -70.668793, -33.474498 ], [ -70.668792, -33.4745 ], [ -70.668791, -33.474502 ], [ -70.66879, -33.474504 ], [ -70.668789, -33.474505 ], [ -70.668787, -33.474507 ], [ -70.668786, -33.474509 ], [ -70.668785, -33.474511 ], [ -70.668778, -33.47452 ], [ -70.668774, -33.474531 ], [ -70.668773, -33.474533 ], [ -70.668772, -33.474535 ], [ -70.668771, -33.474537 ], [ -70.66877, -33.474539 ], [ -70.668769, -33.474541 ], [ -70.668768, -33.474543 ], [ -70.668768, -33.474545 ], [ -70.668767, -33.474547 ], [ -70.668766, -33.474548 ], [ -70.668765, -33.47455 ], [ -70.668764, -33.474552 ], [ -70.668763, -33.474554 ], [ -70.668762, -33.474556 ], [ -70.668761, -33.474558 ], [ -70.668761, -33.47456 ], [ -70.66876, -33.474562 ], [ -70.668759, -33.474564 ], [ -70.668758, -33.474566 ], [ -70.668757, -33.474568 ], [ -70.668756, -33.47457 ], [ -70.668755, -33.474572 ], [ -70.668754, -33.474574 ], [ -70.668754, -33.474576 ], [ -70.668753, -33.474578 ], [ -70.668752, -33.474579 ], [ -70.668751, -33.474581 ], [ -70.66875, -33.474583 ], [ -70.668749, -33.474585 ], [ -70.668748, -33.474587 ], [ -70.668748, -33.474589 ], [ -70.668747, -33.474591 ], [ -70.668746, -33.474593 ], [ -70.668745, -33.474595 ], [ -70.668744, -33.474597 ], [ -70.668743, -33.474599 ], [ -70.668742, -33.474601 ], [ -70.668741, -33.474603 ], [ -70.668737, -33.474613 ], [ -70.668731, -33.474625 ], [ -70.668727, -33.474636 ], [ -70.668723, -33.474649 ], [ -70.668721, -33.474659 ], [ -70.66872, -33.474673 ], [ -70.66872, -33.474683 ], [ -70.668721, -33.474694 ], [ -70.668723, -33.474707 ], [ -70.668732, -33.474723 ], [ -70.668736, -33.474729 ], [ -70.668743, -33.474736 ], [ -70.668748, -33.474741 ], [ -70.668756, -33.474747 ], [ -70.668765, -33.474751 ], [ -70.668772, -33.474755 ], [ -70.668791, -33.474761 ], [ -70.668812, -33.474762 ], [ -70.668837, -33.474763 ], [ -70.668837, -33.474785 ], [ -70.668836, -33.474845 ], [ -70.668834, -33.474913 ], [ -70.668833, -33.474972 ], [ -70.668832, -33.475039 ], [ -70.668831, -33.475099 ], [ -70.66883, -33.475165 ], [ -70.668829, -33.475229 ], [ -70.668828, -33.47529 ], [ -70.668827, -33.475356 ], [ -70.668826, -33.475418 ], [ -70.668824, -33.475481 ], [ -70.668824, -33.475502 ], [ -70.668823, -33.475544 ], [ -70.668822, -33.475606 ], [ -70.668821, -33.47567 ], [ -70.668821, -33.475707 ], [ -70.66879, -33.475732 ], [ -70.668686, -33.475731 ], [ -70.668632, -33.47573 ], [ -70.668577, -33.475729 ], [ -70.668552, -33.475704 ], [ -70.668548, -33.475666 ], [ -70.668549, -33.475601 ], [ -70.66855, -33.475539 ], [ -70.668551, -33.475489 ], [ -70.668551, -33.475478 ], [ -70.668552, -33.475413 ], [ -70.668553, -33.475349 ], [ -70.668554, -33.475286 ], [ -70.668555, -33.475225 ], [ -70.668555, -33.475206 ], [ -70.668556, -33.475164 ], [ -70.668557, -33.475094 ], [ -70.668558, -33.475032 ] ] ], [ [ [ -70.668917, -33.47504 ], [ -70.668918, -33.474983 ], [ -70.668918, -33.474973 ], [ -70.668919, -33.474915 ], [ -70.66892, -33.474844 ], [ -70.668921, -33.474824 ], [ -70.668921, -33.474783 ], [ -70.668922, -33.474765 ], [ -70.668937, -33.474767 ], [ -70.668939, -33.474767 ], [ -70.668942, -33.474767 ], [ -70.668944, -33.474767 ], [ -70.668947, -33.474767 ], [ -70.668949, -33.474767 ], [ -70.668952, -33.474767 ], [ -70.668954, -33.474767 ], [ -70.668956, -33.474767 ], [ -70.668959, -33.474766 ], [ -70.668961, -33.474766 ], [ -70.668964, -33.474766 ], [ -70.668966, -33.474765 ], [ -70.668969, -33.474765 ], [ -70.668971, -33.474765 ], [ -70.668973, -33.474764 ], [ -70.668976, -33.474763 ], [ -70.668978, -33.474763 ], [ -70.668981, -33.474762 ], [ -70.668983, -33.474762 ], [ -70.668985, -33.474761 ], [ -70.668987, -33.47476 ], [ -70.66899, -33.474759 ], [ -70.668992, -33.474758 ], [ -70.668994, -33.474757 ], [ -70.668996, -33.474757 ], [ -70.668999, -33.474756 ], [ -70.669001, -33.474755 ], [ -70.669003, -33.474753 ], [ -70.669005, -33.474752 ], [ -70.669007, -33.474751 ], [ -70.669009, -33.47475 ], [ -70.669011, -33.474749 ], [ -70.669013, -33.474748 ], [ -70.669015, -33.474746 ], [ -70.669017, -33.474745 ], [ -70.669019, -33.474744 ], [ -70.66902, -33.474742 ], [ -70.669022, -33.474741 ], [ -70.669024, -33.474739 ], [ -70.669026, -33.474738 ], [ -70.669027, -33.474736 ], [ -70.669029, -33.474735 ], [ -70.66903, -33.474733 ], [ -70.669032, -33.474731 ], [ -70.669033, -33.47473 ], [ -70.669035, -33.474728 ], [ -70.669035, -33.474727 ], [ -70.669036, -33.474726 ], [ -70.669037, -33.474725 ], [ -70.669039, -33.474723 ], [ -70.66904, -33.474721 ], [ -70.669041, -33.474719 ], [ -70.669042, -33.474717 ], [ -70.669043, -33.474716 ], [ -70.669044, -33.474714 ], [ -70.669045, -33.474712 ], [ -70.669046, -33.47471 ], [ -70.669047, -33.474708 ], [ -70.669048, -33.474706 ], [ -70.669049, -33.474704 ], [ -70.66905, -33.474702 ], [ -70.66905, -33.4747 ], [ -70.669051, -33.474698 ], [ -70.669052, -33.474696 ], [ -70.669052, -33.474694 ], [ -70.669052, -33.474692 ], [ -70.669053, -33.47469 ], [ -70.669053, -33.474688 ], [ -70.669054, -33.474686 ], [ -70.669054, -33.474684 ], [ -70.669054, -33.474682 ], [ -70.669054, -33.47468 ], [ -70.669054, -33.474678 ], [ -70.669058, -33.474622 ], [ -70.66906, -33.474568 ], [ -70.669061, -33.474559 ], [ -70.66906, -33.474547 ], [ -70.66906, -33.474542 ], [ -70.66906, -33.474538 ], [ -70.66906, -33.474534 ], [ -70.66906, -33.47453 ], [ -70.669061, -33.474526 ], [ -70.669061, -33.474522 ], [ -70.669061, -33.474518 ], [ -70.669062, -33.474511 ], [ -70.669064, -33.474504 ], [ -70.669065, -33.474502 ], [ -70.669065, -33.4745 ], [ -70.669066, -33.474499 ], [ -70.669067, -33.474496 ], [ -70.669068, -33.474495 ], [ -70.669069, -33.474493 ], [ -70.66907, -33.474492 ], [ -70.669078, -33.474483 ], [ -70.669089, -33.474476 ], [ -70.669092, -33.474475 ], [ -70.669094, -33.474474 ], [ -70.669096, -33.474473 ], [ -70.669099, -33.474472 ], [ -70.669101, -33.474472 ], [ -70.669103, -33.474471 ], [ -70.669106, -33.47447 ], [ -70.669108, -33.47447 ], [ -70.669111, -33.47447 ], [ -70.669113, -33.47447 ], [ -70.669115, -33.47447 ], [ -70.669118, -33.47447 ], [ -70.669133, -33.474472 ], [ -70.669198, -33.474489 ], [ -70.669201, -33.474493 ], [ -70.669199, -33.474572 ], [ -70.669199, -33.474625 ], [ -70.669198, -33.474683 ], [ -70.669197, -33.474731 ], [ -70.669196, -33.474791 ], [ -70.669195, -33.474822 ], [ -70.669195, -33.474846 ], [ -70.669194, -33.474919 ], [ -70.669193, -33.474978 ], [ -70.669191, -33.475042 ], [ -70.669191, -33.475094 ], [ -70.66919, -33.475106 ], [ -70.669189, -33.475171 ], [ -70.669188, -33.475235 ], [ -70.669187, -33.475299 ], [ -70.669186, -33.475364 ], [ -70.669185, -33.475415 ], [ -70.669185, -33.475426 ], [ -70.669184, -33.475489 ], [ -70.669183, -33.475552 ], [ -70.669182, -33.475614 ], [ -70.669181, -33.475636 ], [ -70.669181, -33.475677 ], [ -70.66918, -33.475714 ], [ -70.66915, -33.475739 ], [ -70.669046, -33.475737 ], [ -70.668935, -33.475735 ], [ -70.668906, -33.475709 ], [ -70.668906, -33.475673 ], [ -70.668907, -33.475609 ], [ -70.668909, -33.475545 ], [ -70.66891, -33.475484 ], [ -70.668911, -33.475419 ], [ -70.668912, -33.475359 ], [ -70.668913, -33.475292 ], [ -70.668914, -33.475231 ], [ -70.668915, -33.475184 ], [ -70.668915, -33.475166 ], [ -70.668916, -33.475101 ], [ -70.668917, -33.47504 ] ] ], [ [ [ -70.667922, -33.475042 ], [ -70.667924, -33.474971 ], [ -70.667926, -33.474904 ], [ -70.667928, -33.474837 ], [ -70.667931, -33.474769 ], [ -70.667933, -33.474702 ], [ -70.667935, -33.474635 ], [ -70.667937, -33.474563 ], [ -70.667939, -33.474503 ], [ -70.667941, -33.474427 ], [ -70.667944, -33.474359 ], [ -70.667946, -33.474292 ], [ -70.667949, -33.474198 ], [ -70.667951, -33.474109 ], [ -70.667957, -33.474009 ], [ -70.667957, -33.474008 ], [ -70.667957, -33.474007 ], [ -70.667958, -33.473984 ], [ -70.668008, -33.473981 ], [ -70.668057, -33.473967 ], [ -70.668105, -33.473947 ], [ -70.668141, -33.473924 ], [ -70.668167, -33.473938 ], [ -70.66821, -33.473963 ], [ -70.668271, -33.473997 ], [ -70.668342, -33.474035 ], [ -70.668389, -33.474063 ], [ -70.668411, -33.474076 ], [ -70.668477, -33.474114 ], [ -70.668542, -33.474151 ], [ -70.668676, -33.474229 ], [ -70.66868, -33.47424 ], [ -70.668617, -33.474308 ], [ -70.668608, -33.47432 ], [ -70.668607, -33.474322 ], [ -70.668605, -33.474324 ], [ -70.668604, -33.474326 ], [ -70.668603, -33.474327 ], [ -70.668601, -33.474329 ], [ -70.6686, -33.474331 ], [ -70.668599, -33.474333 ], [ -70.668598, -33.474334 ], [ -70.668596, -33.474336 ], [ -70.668595, -33.474338 ], [ -70.668594, -33.47434 ], [ -70.668592, -33.474341 ], [ -70.668591, -33.474343 ], [ -70.66859, -33.474345 ], [ -70.668589, -33.474347 ], [ -70.668587, -33.474348 ], [ -70.668586, -33.47435 ], [ -70.668585, -33.474352 ], [ -70.668583, -33.474354 ], [ -70.668582, -33.474355 ], [ -70.668581, -33.474357 ], [ -70.66858, -33.474359 ], [ -70.668578, -33.474361 ], [ -70.668577, -33.474363 ], [ -70.668576, -33.474364 ], [ -70.668574, -33.474366 ], [ -70.668573, -33.474368 ], [ -70.668572, -33.47437 ], [ -70.668571, -33.474371 ], [ -70.668569, -33.474373 ], [ -70.668568, -33.474375 ], [ -70.668567, -33.474377 ], [ -70.668565, -33.474378 ], [ -70.668564, -33.47438 ], [ -70.668563, -33.474382 ], [ -70.668562, -33.474384 ], [ -70.66856, -33.474385 ], [ -70.668551, -33.474398 ], [ -70.668544, -33.474411 ], [ -70.668543, -33.474413 ], [ -70.668542, -33.474415 ], [ -70.668541, -33.474417 ], [ -70.66854, -33.474418 ], [ -70.668539, -33.47442 ], [ -70.668538, -33.474422 ], [ -70.668537, -33.474424 ], [ -70.668536, -33.474426 ], [ -70.668535, -33.474428 ], [ -70.668534, -33.47443 ], [ -70.668533, -33.474432 ], [ -70.668532, -33.474434 ], [ -70.668531, -33.474435 ], [ -70.66853, -33.474437 ], [ -70.668529, -33.474439 ], [ -70.668528, -33.474441 ], [ -70.668527, -33.474442 ], [ -70.668499, -33.474495 ], [ -70.668494, -33.474508 ], [ -70.668479, -33.474546 ], [ -70.668475, -33.474559 ], [ -70.668467, -33.474593 ], [ -70.668453, -33.47465 ], [ -70.66844, -33.4747 ], [ -70.668435, -33.474751 ], [ -70.668434, -33.474814 ], [ -70.668433, -33.474876 ], [ -70.668432, -33.474933 ], [ -70.668431, -33.474995 ], [ -70.66843, -33.475054 ], [ -70.668429, -33.475118 ], [ -70.668428, -33.475158 ], [ -70.668428, -33.475176 ], [ -70.668426, -33.475241 ], [ -70.668425, -33.475296 ], [ -70.668424, -33.475359 ], [ -70.668423, -33.475416 ], [ -70.668423, -33.475452 ], [ -70.668422, -33.475481 ], [ -70.668421, -33.475537 ], [ -70.66842, -33.475599 ], [ -70.668419, -33.475658 ], [ -70.668419, -33.475701 ], [ -70.668387, -33.475726 ], [ -70.668161, -33.475722 ], [ -70.668091, -33.475721 ], [ -70.668075, -33.475721 ], [ -70.668067, -33.475721 ], [ -70.668058, -33.47572 ], [ -70.668051, -33.475718 ], [ -70.668045, -33.475715 ], [ -70.668033, -33.475708 ], [ -70.668019, -33.475698 ], [ -70.667923, -33.475624 ], [ -70.667913, -33.475614 ], [ -70.667909, -33.475607 ], [ -70.667907, -33.4756 ], [ -70.667906, -33.475598 ], [ -70.667905, -33.475585 ], [ -70.667905, -33.475566 ], [ -70.667908, -33.475477 ], [ -70.667911, -33.475382 ], [ -70.667913, -33.475313 ], [ -70.667916, -33.475245 ], [ -70.667918, -33.475176 ], [ -70.66792, -33.475107 ], [ -70.667922, -33.475042 ] ] ], [ [ [ -70.66932, -33.475012 ], [ -70.669321, -33.47496 ], [ -70.669322, -33.474904 ], [ -70.669323, -33.474844 ], [ -70.669323, -33.474816 ], [ -70.669324, -33.474791 ], [ -70.669325, -33.474737 ], [ -70.669325, -33.474683 ], [ -70.669326, -33.474626 ], [ -70.669327, -33.474574 ], [ -70.669328, -33.474498 ], [ -70.669329, -33.474481 ], [ -70.66934, -33.474472 ], [ -70.669623, -33.474474 ], [ -70.669622, -33.474575 ], [ -70.669622, -33.47463 ], [ -70.669621, -33.474685 ], [ -70.669621, -33.474741 ], [ -70.669621, -33.474779 ], [ -70.66962, -33.474795 ], [ -70.66962, -33.474849 ], [ -70.66962, -33.474887 ], [ -70.66962, -33.474905 ], [ -70.669619, -33.474962 ], [ -70.669619, -33.475014 ], [ -70.669619, -33.475071 ], [ -70.669618, -33.475126 ], [ -70.669618, -33.475162 ], [ -70.669618, -33.47518 ], [ -70.669617, -33.47523 ], [ -70.669617, -33.475249 ], [ -70.669617, -33.475295 ], [ -70.669617, -33.47535 ], [ -70.669616, -33.475403 ], [ -70.669616, -33.475436 ], [ -70.669616, -33.47546 ], [ -70.669616, -33.475513 ], [ -70.669615, -33.47557 ], [ -70.669615, -33.475625 ], [ -70.669614, -33.47568 ], [ -70.669614, -33.475746 ], [ -70.669338, -33.475742 ], [ -70.669308, -33.475715 ], [ -70.669308, -33.475676 ], [ -70.669309, -33.475619 ], [ -70.66931, -33.475563 ], [ -70.669311, -33.475511 ], [ -70.669312, -33.475453 ], [ -70.669313, -33.475409 ], [ -70.669313, -33.475396 ], [ -70.669314, -33.475343 ], [ -70.669315, -33.47529 ], [ -70.669316, -33.475233 ], [ -70.669317, -33.475176 ], [ -70.669318, -33.475123 ], [ -70.669319, -33.475065 ], [ -70.66932, -33.475012 ] ] ], [ [ [ -70.668758, -33.472941 ], [ -70.668757, -33.472983 ], [ -70.668755, -33.473026 ], [ -70.668754, -33.473068 ], [ -70.668753, -33.47311 ], [ -70.668752, -33.473153 ], [ -70.668752, -33.473154 ], [ -70.668751, -33.473156 ], [ -70.668751, -33.473157 ], [ -70.668749, -33.473158 ], [ -70.668746, -33.47316 ], [ -70.668562, -33.473255 ], [ -70.6684, -33.473336 ], [ -70.66838, -33.473339 ], [ -70.668362, -33.473334 ], [ -70.668356, -33.473331 ], [ -70.668353, -33.473329 ], [ -70.668347, -33.473322 ], [ -70.66834, -33.473308 ], [ -70.668342, -33.473231 ], [ -70.668342, -33.473189 ], [ -70.668343, -33.473126 ], [ -70.668344, -33.473063 ], [ -70.668346, -33.473 ], [ -70.668346, -33.472938 ], [ -70.668348, -33.472873 ], [ -70.668349, -33.472809 ], [ -70.66835, -33.472737 ], [ -70.668554, -33.472742 ], [ -70.668764, -33.472747 ], [ -70.668762, -33.472814 ], [ -70.66876, -33.472856 ], [ -70.668759, -33.472899 ], [ -70.668758, -33.472941 ] ] ], [ [ [ -70.667767, -33.472953 ], [ -70.667766, -33.472991 ], [ -70.667766, -33.473028 ], [ -70.667765, -33.473067 ], [ -70.667764, -33.473105 ], [ -70.667764, -33.473143 ], [ -70.667763, -33.473184 ], [ -70.667762, -33.473222 ], [ -70.667762, -33.47326 ], [ -70.667761, -33.473299 ], [ -70.66776, -33.473338 ], [ -70.66776, -33.473342 ], [ -70.66776, -33.473343 ], [ -70.66776, -33.473343 ], [ -70.66776, -33.473343 ], [ -70.667759, -33.473344 ], [ -70.667759, -33.473344 ], [ -70.667759, -33.473345 ], [ -70.667759, -33.473345 ], [ -70.667759, -33.473345 ], [ -70.667759, -33.473346 ], [ -70.667759, -33.473346 ], [ -70.667758, -33.473347 ], [ -70.667758, -33.473347 ], [ -70.667758, -33.473347 ], [ -70.667758, -33.473348 ], [ -70.667758, -33.473348 ], [ -70.667758, -33.473349 ], [ -70.667757, -33.473349 ], [ -70.667757, -33.473349 ], [ -70.667757, -33.47335 ], [ -70.667757, -33.47335 ], [ -70.667756, -33.47335 ], [ -70.667756, -33.473351 ], [ -70.667756, -33.473351 ], [ -70.667756, -33.473351 ], [ -70.667755, -33.473352 ], [ -70.667755, -33.473352 ], [ -70.667755, -33.473353 ], [ -70.667755, -33.473353 ], [ -70.667754, -33.473353 ], [ -70.667754, -33.473354 ], [ -70.667754, -33.473354 ], [ -70.667753, -33.473354 ], [ -70.667753, -33.473354 ], [ -70.667753, -33.473355 ], [ -70.667752, -33.473355 ], [ -70.667752, -33.473355 ], [ -70.667752, -33.473356 ], [ -70.667751, -33.473356 ], [ -70.667751, -33.473356 ], [ -70.667751, -33.473357 ], [ -70.66775, -33.473357 ], [ -70.66775, -33.473357 ], [ -70.667749, -33.473357 ], [ -70.667749, -33.473358 ], [ -70.667749, -33.473358 ], [ -70.667748, -33.473358 ], [ -70.667748, -33.473358 ], [ -70.667747, -33.473359 ], [ -70.667747, -33.473359 ], [ -70.667747, -33.473359 ], [ -70.667746, -33.473359 ], [ -70.667746, -33.473359 ], [ -70.667745, -33.47336 ], [ -70.667745, -33.47336 ], [ -70.667744, -33.47336 ], [ -70.667744, -33.47336 ], [ -70.667743, -33.47336 ], [ -70.667743, -33.473361 ], [ -70.667743, -33.473361 ], [ -70.667742, -33.473361 ], [ -70.667742, -33.473361 ], [ -70.667741, -33.473361 ], [ -70.667741, -33.473361 ], [ -70.667549, -33.473357 ], [ -70.667354, -33.473352 ], [ -70.667354, -33.473352 ], [ -70.667353, -33.473352 ], [ -70.667353, -33.473352 ], [ -70.667352, -33.473352 ], [ -70.667352, -33.473352 ], [ -70.667351, -33.473351 ], [ -70.667351, -33.473351 ], [ -70.66735, -33.473351 ], [ -70.66735, -33.473351 ], [ -70.667349, -33.47335 ], [ -70.667349, -33.47335 ], [ -70.667348, -33.47335 ], [ -70.667348, -33.47335 ], [ -70.667347, -33.473349 ], [ -70.667347, -33.473349 ], [ -70.667346, -33.473349 ], [ -70.667346, -33.473349 ], [ -70.667346, -33.473348 ], [ -70.667345, -33.473348 ], [ -70.667345, -33.473348 ], [ -70.667344, -33.473347 ], [ -70.667344, -33.473347 ], [ -70.667343, -33.473347 ], [ -70.667343, -33.473347 ], [ -70.667343, -33.473346 ], [ -70.667342, -33.473346 ], [ -70.667342, -33.473346 ], [ -70.667342, -33.473345 ], [ -70.667341, -33.473345 ], [ -70.667341, -33.473344 ], [ -70.66734, -33.473344 ], [ -70.66734, -33.473344 ], [ -70.66734, -33.473343 ], [ -70.667339, -33.473343 ], [ -70.667339, -33.473343 ], [ -70.667339, -33.473342 ], [ -70.667338, -33.473342 ], [ -70.667338, -33.473341 ], [ -70.667338, -33.473341 ], [ -70.667338, -33.473341 ], [ -70.667337, -33.47334 ], [ -70.667337, -33.47334 ], [ -70.667337, -33.473339 ], [ -70.667337, -33.473339 ], [ -70.667336, -33.473339 ], [ -70.667336, -33.473338 ], [ -70.667336, -33.473338 ], [ -70.667336, -33.473337 ], [ -70.667335, -33.473337 ], [ -70.667335, -33.473336 ], [ -70.667335, -33.473336 ], [ -70.667335, -33.473336 ], [ -70.667335, -33.473335 ], [ -70.667335, -33.473335 ], [ -70.667334, -33.473334 ], [ -70.667334, -33.473334 ], [ -70.667334, -33.473333 ], [ -70.667334, -33.473333 ], [ -70.667334, -33.473332 ], [ -70.667334, -33.473332 ], [ -70.667334, -33.473331 ], [ -70.667334, -33.473331 ], [ -70.667334, -33.473331 ], [ -70.667334, -33.47333 ], [ -70.667334, -33.47333 ], [ -70.667333, -33.473329 ], [ -70.667333, -33.473329 ], [ -70.667333, -33.473328 ], [ -70.667333, -33.473327 ], [ -70.667334, -33.473289 ], [ -70.667335, -33.47325 ], [ -70.667336, -33.473212 ], [ -70.667337, -33.473174 ], [ -70.667338, -33.473136 ], [ -70.667339, -33.473096 ], [ -70.66734, -33.473058 ], [ -70.667342, -33.473019 ], [ -70.667343, -33.472982 ], [ -70.667344, -33.472943 ], [ -70.667345, -33.472905 ], [ -70.667346, -33.472867 ], [ -70.667347, -33.472829 ], [ -70.667348, -33.47279 ], [ -70.66735, -33.472721 ], [ -70.667563, -33.472727 ], [ -70.667754, -33.472732 ], [ -70.66777, -33.472732 ], [ -70.66777, -33.472746 ], [ -70.667769, -33.472799 ], [ -70.667769, -33.472838 ], [ -70.667768, -33.472876 ], [ -70.667768, -33.472914 ], [ -70.667767, -33.472953 ] ] ], [ [ [ -70.66826, -33.472998 ], [ -70.668259, -33.473062 ], [ -70.668258, -33.473123 ], [ -70.668257, -33.473187 ], [ -70.668257, -33.47323 ], [ -70.668255, -33.473318 ], [ -70.668255, -33.473369 ], [ -70.668252, -33.473389 ], [ -70.668252, -33.473391 ], [ -70.668249, -33.473404 ], [ -70.668242, -33.473421 ], [ -70.66823, -33.473433 ], [ -70.668213, -33.473444 ], [ -70.66819, -33.473452 ], [ -70.668169, -33.473458 ], [ -70.668167, -33.473456 ], [ -70.668165, -33.473455 ], [ -70.668163, -33.473454 ], [ -70.668161, -33.473452 ], [ -70.668159, -33.473451 ], [ -70.668157, -33.473449 ], [ -70.668155, -33.473448 ], [ -70.668154, -33.473447 ], [ -70.668152, -33.473445 ], [ -70.66815, -33.473444 ], [ -70.668148, -33.473443 ], [ -70.668146, -33.473441 ], [ -70.668143, -33.47344 ], [ -70.668141, -33.473439 ], [ -70.668139, -33.473438 ], [ -70.668137, -33.473436 ], [ -70.668135, -33.473435 ], [ -70.668133, -33.473434 ], [ -70.668131, -33.473433 ], [ -70.668129, -33.473431 ], [ -70.668127, -33.47343 ], [ -70.668126, -33.47343 ], [ -70.668118, -33.473425 ], [ -70.668116, -33.473424 ], [ -70.668114, -33.473423 ], [ -70.668112, -33.473422 ], [ -70.66811, -33.473421 ], [ -70.668108, -33.47342 ], [ -70.668106, -33.473419 ], [ -70.668103, -33.473418 ], [ -70.668101, -33.473417 ], [ -70.668099, -33.473415 ], [ -70.668097, -33.473414 ], [ -70.668095, -33.473413 ], [ -70.668092, -33.473412 ], [ -70.66809, -33.473411 ], [ -70.668088, -33.47341 ], [ -70.668086, -33.473409 ], [ -70.668083, -33.473408 ], [ -70.668081, -33.473407 ], [ -70.668079, -33.473406 ], [ -70.668077, -33.473406 ], [ -70.668074, -33.473405 ], [ -70.668072, -33.473404 ], [ -70.66807, -33.473403 ], [ -70.668067, -33.473402 ], [ -70.668065, -33.473401 ], [ -70.668063, -33.4734 ], [ -70.66806, -33.473399 ], [ -70.668058, -33.473398 ], [ -70.668056, -33.473398 ], [ -70.668053, -33.473397 ], [ -70.668051, -33.473396 ], [ -70.668049, -33.473395 ], [ -70.668046, -33.473394 ], [ -70.668044, -33.473394 ], [ -70.668042, -33.473393 ], [ -70.668039, -33.473392 ], [ -70.668037, -33.473391 ], [ -70.668035, -33.473391 ], [ -70.668032, -33.47339 ], [ -70.66803, -33.473389 ], [ -70.668028, -33.473389 ], [ -70.668027, -33.473388 ], [ -70.668025, -33.473388 ], [ -70.668023, -33.473387 ], [ -70.66802, -33.473386 ], [ -70.668018, -33.473386 ], [ -70.668015, -33.473385 ], [ -70.668013, -33.473385 ], [ -70.66801, -33.473384 ], [ -70.668008, -33.473383 ], [ -70.668006, -33.473383 ], [ -70.668003, -33.473382 ], [ -70.668001, -33.473382 ], [ -70.667998, -33.473381 ], [ -70.667996, -33.473381 ], [ -70.667993, -33.47338 ], [ -70.667991, -33.47338 ], [ -70.667988, -33.473379 ], [ -70.667986, -33.473379 ], [ -70.667983, -33.473378 ], [ -70.667982, -33.473378 ], [ -70.667979, -33.473377 ], [ -70.667976, -33.473377 ], [ -70.667974, -33.473376 ], [ -70.667971, -33.473376 ], [ -70.667969, -33.473376 ], [ -70.667967, -33.473375 ], [ -70.667966, -33.473375 ], [ -70.667964, -33.473375 ], [ -70.667961, -33.473375 ], [ -70.667959, -33.473374 ], [ -70.667956, -33.473374 ], [ -70.667954, -33.473374 ], [ -70.667951, -33.473373 ], [ -70.667949, -33.473373 ], [ -70.667946, -33.473373 ], [ -70.667944, -33.473373 ], [ -70.667941, -33.473372 ], [ -70.667939, -33.473372 ], [ -70.667936, -33.473372 ], [ -70.667934, -33.473372 ], [ -70.667931, -33.473372 ], [ -70.667928, -33.473371 ], [ -70.667926, -33.473371 ], [ -70.667923, -33.473371 ], [ -70.667921, -33.473371 ], [ -70.667918, -33.473371 ], [ -70.667916, -33.473371 ], [ -70.667913, -33.473371 ], [ -70.667911, -33.47337 ], [ -70.667908, -33.47337 ], [ -70.667906, -33.47337 ], [ -70.667903, -33.47337 ], [ -70.667901, -33.47337 ], [ -70.667898, -33.47337 ], [ -70.667896, -33.47337 ], [ -70.667893, -33.47337 ], [ -70.66789, -33.47337 ], [ -70.667888, -33.47337 ], [ -70.667886, -33.473369 ], [ -70.667878, -33.473367 ], [ -70.667869, -33.473363 ], [ -70.667861, -33.473358 ], [ -70.667854, -33.473351 ], [ -70.667853, -33.47335 ], [ -70.667849, -33.473344 ], [ -70.667845, -33.473336 ], [ -70.667843, -33.473328 ], [ -70.667842, -33.473322 ], [ -70.667842, -33.473318 ], [ -70.667842, -33.473297 ], [ -70.667843, -33.47326 ], [ -70.667844, -33.473221 ], [ -70.667844, -33.473194 ], [ -70.667845, -33.473183 ], [ -70.667846, -33.473145 ], [ -70.667848, -33.473107 ], [ -70.66785, -33.473069 ], [ -70.667851, -33.47303 ], [ -70.667852, -33.472992 ], [ -70.667853, -33.472954 ], [ -70.667853, -33.472915 ], [ -70.667854, -33.472877 ], [ -70.667855, -33.472839 ], [ -70.667855, -33.472801 ], [ -70.667857, -33.472734 ], [ -70.668053, -33.472735 ], [ -70.668264, -33.472738 ], [ -70.668263, -33.472809 ], [ -70.668262, -33.472872 ], [ -70.668261, -33.472935 ], [ -70.66826, -33.472998 ] ] ], [ [ [ -70.669248, -33.472951 ], [ -70.669248, -33.472994 ], [ -70.669247, -33.473013 ], [ -70.669247, -33.473013 ], [ -70.669247, -33.473047 ], [ -70.669244, -33.473052 ], [ -70.669203, -33.473053 ], [ -70.669203, -33.473053 ], [ -70.669133, -33.473055 ], [ -70.669043, -33.473054 ], [ -70.66894, -33.473054 ], [ -70.668927, -33.473057 ], [ -70.668918, -33.473062 ], [ -70.66891, -33.473068 ], [ -70.668905, -33.473073 ], [ -70.668899, -33.473078 ], [ -70.668891, -33.473082 ], [ -70.668883, -33.473084 ], [ -70.668875, -33.473084 ], [ -70.668868, -33.473083 ], [ -70.668855, -33.473079 ], [ -70.668848, -33.473074 ], [ -70.668843, -33.473068 ], [ -70.66884, -33.473062 ], [ -70.668838, -33.473053 ], [ -70.668838, -33.473048 ], [ -70.668839, -33.473028 ], [ -70.668839, -33.472989 ], [ -70.66884, -33.472946 ], [ -70.668841, -33.472904 ], [ -70.668841, -33.472862 ], [ -70.668842, -33.472819 ], [ -70.668843, -33.472777 ], [ -70.668844, -33.472734 ], [ -70.668844, -33.472692 ], [ -70.668845, -33.47265 ], [ -70.668846, -33.472607 ], [ -70.668847, -33.472547 ], [ -70.668847, -33.47253 ], [ -70.66887, -33.472531 ], [ -70.669051, -33.472533 ], [ -70.669235, -33.472536 ], [ -70.669257, -33.472536 ], [ -70.669256, -33.472555 ], [ -70.669255, -33.472612 ], [ -70.669254, -33.472655 ], [ -70.669253, -33.472697 ], [ -70.669252, -33.472739 ], [ -70.669252, -33.472782 ], [ -70.669252, -33.472782 ], [ -70.669251, -33.472824 ], [ -70.66925, -33.472867 ], [ -70.669249, -33.472909 ], [ -70.669248, -33.472951 ] ] ], [ [ [ -70.669347, -33.472106 ], [ -70.669348, -33.472063 ], [ -70.66935, -33.471998 ], [ -70.669546, -33.471999 ], [ -70.669545, -33.472065 ], [ -70.669544, -33.472107 ], [ -70.669544, -33.472157 ], [ -70.669543, -33.472193 ], [ -70.669543, -33.472234 ], [ -70.669542, -33.472279 ], [ -70.669541, -33.472324 ], [ -70.669541, -33.472363 ], [ -70.66954, -33.472405 ], [ -70.66954, -33.472454 ], [ -70.669646, -33.472455 ], [ -70.669645, -33.472517 ], [ -70.669645, -33.472531 ], [ -70.669644, -33.472567 ], [ -70.669644, -33.472611 ], [ -70.669643, -33.472656 ], [ -70.669643, -33.472681 ], [ -70.669643, -33.472693 ], [ -70.669643, -33.47274 ], [ -70.669642, -33.472754 ], [ -70.669642, -33.472786 ], [ -70.669642, -33.472824 ], [ -70.669641, -33.472864 ], [ -70.669641, -33.472907 ], [ -70.66964, -33.472954 ], [ -70.66964, -33.472999 ], [ -70.669639, -33.473059 ], [ -70.669344, -33.473056 ], [ -70.669344, -33.473056 ], [ -70.669339, -33.473055 ], [ -70.669336, -33.473054 ], [ -70.669333, -33.473051 ], [ -70.669332, -33.473048 ], [ -70.669333, -33.472993 ], [ -70.669334, -33.472951 ], [ -70.669376, -33.472952 ], [ -70.669377, -33.472904 ], [ -70.669377, -33.472862 ], [ -70.669378, -33.47282 ], [ -70.669378, -33.472782 ], [ -70.669379, -33.472735 ], [ -70.669381, -33.47269 ], [ -70.669381, -33.472656 ], [ -70.669382, -33.47261 ], [ -70.669383, -33.472562 ], [ -70.669384, -33.472517 ], [ -70.669385, -33.472453 ], [ -70.669342, -33.472453 ], [ -70.669343, -33.472402 ], [ -70.669343, -33.472361 ], [ -70.669344, -33.472323 ], [ -70.669345, -33.472277 ], [ -70.669345, -33.472232 ], [ -70.669346, -33.47219 ], [ -70.669346, -33.472154 ], [ -70.669347, -33.472106 ] ] ], [ [ [ -70.667866, -33.472123 ], [ -70.667867, -33.472085 ], [ -70.667868, -33.472015 ], [ -70.668072, -33.472014 ], [ -70.668275, -33.472012 ], [ -70.668275, -33.472082 ], [ -70.668274, -33.472144 ], [ -70.668273, -33.472206 ], [ -70.668272, -33.47227 ], [ -70.66827, -33.472333 ], [ -70.66827, -33.472397 ], [ -70.668269, -33.472468 ], [ -70.668065, -33.472465 ], [ -70.667885, -33.472463 ], [ -70.66786, -33.472463 ], [ -70.667861, -33.472444 ], [ -70.667862, -33.472393 ], [ -70.667863, -33.472353 ], [ -70.667863, -33.472315 ], [ -70.667864, -33.472277 ], [ -70.667864, -33.472238 ], [ -70.667865, -33.4722 ], [ -70.667865, -33.472162 ], [ -70.667866, -33.472123 ] ] ], [ [ [ -70.668359, -33.472146 ], [ -70.66836, -33.472084 ], [ -70.668361, -33.472014 ], [ -70.668565, -33.472009 ], [ -70.668754, -33.472005 ], [ -70.668769, -33.472004 ], [ -70.668768, -33.472065 ], [ -70.668767, -33.472108 ], [ -70.668767, -33.47215 ], [ -70.668766, -33.472192 ], [ -70.668765, -33.472235 ], [ -70.668765, -33.472277 ], [ -70.668764, -33.472319 ], [ -70.668763, -33.472362 ], [ -70.668762, -33.472404 ], [ -70.668761, -33.472474 ], [ -70.668558, -33.472471 ], [ -70.668471, -33.47247 ], [ -70.668373, -33.472469 ], [ -70.668354, -33.472469 ], [ -70.668354, -33.472455 ], [ -70.668355, -33.472398 ], [ -70.668356, -33.472335 ], [ -70.668357, -33.47227 ], [ -70.668358, -33.472207 ], [ -70.668359, -33.472146 ] ] ], [ [ [ -70.667366, -33.472141 ], [ -70.667367, -33.472102 ], [ -70.667369, -33.472064 ], [ -70.66737, -33.472003 ], [ -70.667579, -33.472004 ], [ -70.667782, -33.472005 ], [ -70.667781, -33.472075 ], [ -70.667781, -33.472113 ], [ -70.66778, -33.472152 ], [ -70.667779, -33.47219 ], [ -70.667779, -33.472228 ], [ -70.667778, -33.472266 ], [ -70.667777, -33.472305 ], [ -70.667777, -33.472343 ], [ -70.667776, -33.472382 ], [ -70.667775, -33.47242 ], [ -70.667775, -33.472458 ], [ -70.667774, -33.472497 ], [ -70.667774, -33.472535 ], [ -70.667773, -33.472573 ], [ -70.667772, -33.472612 ], [ -70.667771, -33.472668 ], [ -70.667771, -33.472679 ], [ -70.667747, -33.472679 ], [ -70.66756, -33.472674 ], [ -70.667352, -33.472669 ], [ -70.667354, -33.4726 ], [ -70.667355, -33.472562 ], [ -70.667356, -33.472524 ], [ -70.667357, -33.472485 ], [ -70.667358, -33.472447 ], [ -70.667359, -33.472409 ], [ -70.66736, -33.47237 ], [ -70.667361, -33.472333 ], [ -70.667362, -33.472295 ], [ -70.667363, -33.472256 ], [ -70.667364, -33.472218 ], [ -70.667365, -33.472179 ], [ -70.667366, -33.472141 ] ] ], [ [ [ -70.668849, -33.472404 ], [ -70.66885, -33.472361 ], [ -70.66885, -33.472319 ], [ -70.668851, -33.472277 ], [ -70.668852, -33.472234 ], [ -70.668853, -33.472192 ], [ -70.668854, -33.47215 ], [ -70.668854, -33.472107 ], [ -70.668854, -33.472065 ], [ -70.668855, -33.471996 ], [ -70.669057, -33.471997 ], [ -70.669263, -33.471998 ], [ -70.669262, -33.472071 ], [ -70.669261, -33.472113 ], [ -70.66926, -33.472155 ], [ -70.66926, -33.472196 ], [ -70.669259, -33.472239 ], [ -70.669259, -33.472281 ], [ -70.669258, -33.472323 ], [ -70.669258, -33.472366 ], [ -70.669257, -33.472407 ], [ -70.669255, -33.472473 ], [ -70.669255, -33.472484 ], [ -70.669241, -33.472484 ], [ -70.66905, -33.472482 ], [ -70.668863, -33.47248 ], [ -70.668848, -33.47248 ], [ -70.668848, -33.472468 ], [ -70.668849, -33.472404 ] ] ] ] } },
{ "type": "Feature", "properties": { "INMUEBLES_": 929, "COUNT": 1, "INMUEBLE": null, "NUEVO_NUM": 0 }, "geometry": { "type": "Polygon", "coordinates": [ [ [ -70.666042, -33.473473 ], [ -70.665544, -33.473147 ], [ -70.666033, -33.4726 ], [ -70.666453, -33.472128 ], [ -70.666951, -33.472457 ], [ -70.666759, -33.47267 ], [ -70.666856, -33.472736 ], [ -70.666887, -33.472702 ], [ -70.666951, -33.472745 ], [ -70.666987, -33.472703 ], [ -70.66705, -33.472744 ], [ -70.667015, -33.472789 ], [ -70.667069, -33.472827 ], [ -70.666773, -33.473159 ], [ -70.666796, -33.473174 ], [ -70.666763, -33.473212 ], [ -70.66674, -33.473198 ], [ -70.666627, -33.473325 ], [ -70.66665, -33.473339 ], [ -70.666623, -33.473372 ], [ -70.666599, -33.473357 ], [ -70.666597, -33.473359 ], [ -70.666414, -33.47324 ], [ -70.666507, -33.473133 ], [ -70.666511, -33.473134 ], [ -70.666525, -33.47312 ], [ -70.666514, -33.473113 ], [ -70.66651, -33.473117 ], [ -70.666415, -33.473057 ], [ -70.666042, -33.473473 ] ] ] } },
{ "type": "Feature", "properties": { "INMUEBLES_": 930, "COUNT": 70, "INMUEBLE": null, "NUEVO_NUM": 0 }, "geometry": { "type": "MultiPolygon", "coordinates": [ [ [ [ -70.664521, -33.47198 ], [ -70.664591, -33.471985 ], [ -70.664582, -33.472056 ], [ -70.664515, -33.472051 ], [ -70.664394, -33.472042 ], [ -70.664265, -33.472032 ], [ -70.664264, -33.47204 ], [ -70.664251, -33.472039 ], [ -70.664136, -33.472031 ], [ -70.664021, -33.472023 ], [ -70.66389, -33.472013 ], [ -70.663889, -33.472019 ], [ -70.663882, -33.472018 ], [ -70.663766, -33.472011 ], [ -70.663643, -33.472001 ], [ -70.663519, -33.471992 ], [ -70.663444, -33.471986 ], [ -70.663451, -33.47192 ], [ -70.663525, -33.471925 ], [ -70.663649, -33.471931 ], [ -70.663772, -33.471938 ], [ -70.663895, -33.471944 ], [ -70.664028, -33.471951 ], [ -70.664122, -33.471956 ], [ -70.664144, -33.471958 ], [ -70.664272, -33.471965 ], [ -70.664401, -33.471972 ], [ -70.664521, -33.47198 ] ] ], [ [ [ -70.664134, -33.473388 ], [ -70.664035, -33.473382 ], [ -70.664011, -33.473349 ], [ -70.664013, -33.473281 ], [ -70.664017, -33.473191 ], [ -70.66402, -33.473092 ], [ -70.664024, -33.472997 ], [ -70.664027, -33.472892 ], [ -70.66403, -33.472794 ], [ -70.664033, -33.472706 ], [ -70.664037, -33.4726 ], [ -70.664041, -33.472502 ], [ -70.664045, -33.472406 ], [ -70.664049, -33.472307 ], [ -70.664052, -33.47221 ], [ -70.664055, -33.472133 ], [ -70.664056, -33.472111 ], [ -70.664129, -33.472117 ], [ -70.664175, -33.47212 ], [ -70.664251, -33.472126 ], [ -70.664335, -33.472131 ], [ -70.664423, -33.472137 ], [ -70.664592, -33.47215 ], [ -70.664611, -33.472151 ], [ -70.664611, -33.472168 ], [ -70.664609, -33.472248 ], [ -70.664607, -33.472339 ], [ -70.664605, -33.472434 ], [ -70.664602, -33.472528 ], [ -70.6646, -33.472631 ], [ -70.664598, -33.472728 ], [ -70.664596, -33.472827 ], [ -70.664593, -33.472924 ], [ -70.664592, -33.472981 ], [ -70.664591, -33.473026 ], [ -70.664588, -33.473124 ], [ -70.664586, -33.47322 ], [ -70.664583, -33.473316 ], [ -70.664581, -33.473388 ], [ -70.664553, -33.473417 ], [ -70.664474, -33.473412 ], [ -70.664398, -33.473406 ], [ -70.664208, -33.473394 ], [ -70.664134, -33.473388 ] ] ], [ [ [ -70.663818, -33.473361 ], [ -70.663742, -33.473355 ], [ -70.66354, -33.473341 ], [ -70.66347, -33.473336 ], [ -70.663387, -33.47333 ], [ -70.663373, -33.473329 ], [ -70.663352, -33.473309 ], [ -70.663353, -33.4733 ], [ -70.663356, -33.473228 ], [ -70.663361, -33.473136 ], [ -70.663366, -33.473036 ], [ -70.663371, -33.472936 ], [ -70.663376, -33.472833 ], [ -70.66338, -33.472735 ], [ -70.663385, -33.472641 ], [ -70.663389, -33.472546 ], [ -70.663394, -33.472448 ], [ -70.663399, -33.472351 ], [ -70.663403, -33.472256 ], [ -70.663408, -33.472158 ], [ -70.663411, -33.47208 ], [ -70.663412, -33.472062 ], [ -70.663473, -33.472066 ], [ -70.663531, -33.472071 ], [ -70.663602, -33.472076 ], [ -70.663608, -33.472076 ], [ -70.663779, -33.472088 ], [ -70.663947, -33.4721 ], [ -70.663967, -33.472101 ], [ -70.663966, -33.472117 ], [ -70.663964, -33.472199 ], [ -70.66396, -33.472293 ], [ -70.663957, -33.472392 ], [ -70.663953, -33.47249 ], [ -70.66395, -33.472584 ], [ -70.663946, -33.472687 ], [ -70.663942, -33.472787 ], [ -70.663939, -33.472879 ], [ -70.663935, -33.472976 ], [ -70.663932, -33.473074 ], [ -70.663929, -33.473171 ], [ -70.663926, -33.473266 ], [ -70.663924, -33.473341 ], [ -70.663896, -33.473367 ], [ -70.663818, -33.473361 ] ] ] ] } },
{ "type": "Feature", "properties": { "INMUEBLES_": 931, "COUNT": 1, "INMUEBLE": null, "NUEVO_NUM": 0 }, "geometry": { "type": "Polygon", "coordinates": [ [ [ -70.667104, -33.473774 ], [ -70.667099, -33.473968 ], [ -70.667124, -33.473979 ], [ -70.667703, -33.473992 ], [ -70.667734, -33.474019 ], [ -70.667723, -33.474567 ], [ -70.667688, -33.47568 ], [ -70.667648, -33.475712 ], [ -70.664933, -33.475645 ], [ -70.664902, -33.475647 ], [ -70.664852, -33.475617 ], [ -70.664869, -33.474278 ], [ -70.664875, -33.473861 ], [ -70.664914, -33.473829 ], [ -70.665552, -33.473844 ], [ -70.665556, -33.47374 ], [ -70.667104, -33.473774 ] ] ] } },
{ "type": "Feature", "properties": { "INMUEBLES_": 932, "COUNT": 12, "INMUEBLE": null, "NUEVO_NUM": 0 }, "geometry": { "type": "Polygon", "coordinates": [ [ [ -70.656764, -33.470484 ], [ -70.656859, -33.470489 ], [ -70.656956, -33.470494 ], [ -70.657054, -33.470499 ], [ -70.657051, -33.470582 ], [ -70.657046, -33.470662 ], [ -70.657043, -33.470742 ], [ -70.657038, -33.470825 ], [ -70.657034, -33.470905 ], [ -70.657029, -33.470986 ], [ -70.656853, -33.470977 ], [ -70.656836, -33.470976 ], [ -70.656782, -33.470974 ], [ -70.656714, -33.47097 ], [ -70.656642, -33.470967 ], [ -70.656646, -33.470883 ], [ -70.65665, -33.470804 ], [ -70.656654, -33.470723 ], [ -70.656657, -33.470642 ], [ -70.656661, -33.47056 ], [ -70.656664, -33.470478 ], [ -70.656764, -33.470484 ] ] ] } },
{ "type": "Feature", "properties": { "INMUEBLES_": 933, "COUNT": 1, "INMUEBLE": null, "NUEVO_NUM": 0 }, "geometry": { "type": "Polygon", "coordinates": [ [ [ -70.660592, -33.473564 ], [ -70.660561, -33.473953 ], [ -70.660526, -33.474412 ], [ -70.660495, -33.474828 ], [ -70.660467, -33.475207 ], [ -70.660457, -33.475297 ], [ -70.660063, -33.475276 ], [ -70.659647, -33.475254 ], [ -70.659234, -33.475231 ], [ -70.65884, -33.475213 ], [ -70.658438, -33.475189 ], [ -70.658067, -33.475168 ], [ -70.658106, -33.474753 ], [ -70.658145, -33.474244 ], [ -70.65819, -33.473703 ], [ -70.658213, -33.473429 ], [ -70.659552, -33.473514 ], [ -70.660592, -33.473564 ] ] ] } },
{ "type": "Feature", "properties": { "INMUEBLES_": 934, "COUNT": 1, "INMUEBLE": null, "NUEVO_NUM": 0 }, "geometry": { "type": "Polygon", "coordinates": [ [ [ -70.655805, -33.475017 ], [ -70.655765, -33.475644 ], [ -70.655478, -33.475638 ], [ -70.655514, -33.475004 ], [ -70.655805, -33.475017 ] ] ] } },
{ "type": "Feature", "properties": { "INMUEBLES_": 935, "COUNT": 1, "INMUEBLE": null, "NUEVO_NUM": 0 }, "geometry": { "type": "Polygon", "coordinates": [ [ [ -70.655749, -33.475892 ], [ -70.655744, -33.475951 ], [ -70.655668, -33.475948 ], [ -70.655656, -33.47614 ], [ -70.655682, -33.476166 ], [ -70.65568, -33.476186 ], [ -70.655652, -33.476206 ], [ -70.655615, -33.476205 ], [ -70.655594, -33.476185 ], [ -70.655597, -33.476158 ], [ -70.655519, -33.476153 ], [ -70.655518, -33.476174 ], [ -70.655491, -33.476197 ], [ -70.655458, -33.476195 ], [ -70.655436, -33.476174 ], [ -70.655439, -33.476148 ], [ -70.655464, -33.476129 ], [ -70.655477, -33.475938 ], [ -70.655456, -33.475917 ], [ -70.655455, -33.475893 ], [ -70.65548, -33.475875 ], [ -70.655514, -33.475877 ], [ -70.655535, -33.475897 ], [ -70.655534, -33.475922 ], [ -70.655531, -33.475924 ], [ -70.655614, -33.475926 ], [ -70.655611, -33.475903 ], [ -70.655641, -33.475885 ], [ -70.655749, -33.475892 ] ] ] } },
{ "type": "Feature", "properties": { "INMUEBLES_": 710, "COUNT": 2, "INMUEBLE": null, "NUEVO_NUM": 0 }, "geometry": { "type": "Polygon", "coordinates": [ [ [ -70.675158, -33.451389 ], [ -70.675138, -33.451473 ], [ -70.675122, -33.451541 ], [ -70.675105, -33.451611 ], [ -70.675099, -33.451637 ], [ -70.675073, -33.451631 ], [ -70.67485, -33.451576 ], [ -70.674718, -33.451544 ], [ -70.674779, -33.45134 ], [ -70.674826, -33.451185 ], [ -70.674755, -33.451172 ], [ -70.674809, -33.450936 ], [ -70.674969, -33.450968 ], [ -70.674912, -33.451201 ], [ -70.674858, -33.451191 ], [ -70.67485, -33.451221 ], [ -70.67482, -33.451325 ], [ -70.674913, -33.451343 ], [ -70.675158, -33.451389 ] ] ] } },
{ "type": "Feature", "properties": { "INMUEBLES_": 711, "COUNT": 1, "INMUEBLE": null, "NUEVO_NUM": 0 }, "geometry": { "type": "Polygon", "coordinates": [ [ [ -70.67492, -33.45117 ], [ -70.674944, -33.451069 ], [ -70.674969, -33.450967 ], [ -70.675243, -33.451022 ], [ -70.67522, -33.451122 ], [ -70.675196, -33.451224 ], [ -70.67492, -33.45117 ] ] ] } },
{ "type": "Feature", "properties": { "INMUEBLES_": 712, "COUNT": 1, "INMUEBLE": null, "NUEVO_NUM": 0 }, "geometry": { "type": "Polygon", "coordinates": [ [ [ -70.674872, -33.450669 ], [ -70.674902, -33.450517 ], [ -70.675334, -33.450635 ], [ -70.675306, -33.450759 ], [ -70.674872, -33.450669 ] ] ] } },
{ "type": "Feature", "properties": { "INMUEBLES_": 713, "COUNT": 1, "INMUEBLE": null, "NUEVO_NUM": 0 }, "geometry": { "type": "Polygon", "coordinates": [ [ [ -70.674148, -33.45045 ], [ -70.674179, -33.450321 ], [ -70.674466, -33.450398 ], [ -70.67444, -33.450498 ], [ -70.674148, -33.45045 ] ] ] } },
{ "type": "Feature", "properties": { "INMUEBLES_": 714, "COUNT": 1, "INMUEBLE": null, "NUEVO_NUM": 0 }, "geometry": { "type": "Polygon", "coordinates": [ [ [ -70.673841, -33.450988 ], [ -70.673782, -33.451237 ], [ -70.673771, -33.451286 ], [ -70.673733, -33.451305 ], [ -70.673676, -33.451291 ], [ -70.67352, -33.451253 ], [ -70.673464, -33.451239 ], [ -70.673441, -33.451207 ], [ -70.673455, -33.451158 ], [ -70.673493, -33.451019 ], [ -70.673507, -33.450971 ], [ -70.673687, -33.451031 ], [ -70.67371, -33.450942 ], [ -70.673838, -33.450988 ], [ -70.673841, -33.450988 ] ] ] } },
{ "type": "Feature", "properties": { "INMUEBLES_": 715, "COUNT": 1, "INMUEBLE": null, "NUEVO_NUM": 0 }, "geometry": { "type": "Polygon", "coordinates": [ [ [ -70.67401, -33.449833 ], [ -70.673973, -33.449968 ], [ -70.67394, -33.450088 ], [ -70.67392, -33.45016 ], [ -70.67389, -33.450264 ], [ -70.673887, -33.450263 ], [ -70.673881, -33.450289 ], [ -70.67371, -33.450236 ], [ -70.673742, -33.450121 ], [ -70.673826, -33.449813 ], [ -70.673864, -33.449794 ], [ -70.673879, -33.449798 ], [ -70.673972, -33.449823 ], [ -70.67401, -33.449833 ] ] ] } },
{ "type": "Feature", "properties": { "INMUEBLES_": 716, "COUNT": 1, "INMUEBLE": null, "NUEVO_NUM": 0 }, "geometry": { "type": "Polygon", "coordinates": [ [ [ -70.671849, -33.449251 ], [ -70.672063, -33.449312 ], [ -70.671704, -33.450401 ], [ -70.671618, -33.450378 ], [ -70.671529, -33.450354 ], [ -70.671441, -33.45033 ], [ -70.671352, -33.450306 ], [ -70.671485, -33.450012 ], [ -70.671849, -33.449251 ] ] ] } },
{ "type": "Feature", "properties": { "INMUEBLES_": 717, "COUNT": 1, "INMUEBLE": null, "NUEVO_NUM": 0 }, "geometry": { "type": "Polygon", "coordinates": [ [ [ -70.670416, -33.44952 ], [ -70.670415, -33.44952 ], [ -70.670555, -33.448935 ], [ -70.670592, -33.448907 ], [ -70.670806, -33.448964 ], [ -70.670602, -33.449565 ], [ -70.670416, -33.44952 ] ] ] } },
{ "type": "Feature", "properties": { "INMUEBLES_": 718, "COUNT": 1, "INMUEBLE": null, "NUEVO_NUM": 0 }, "geometry": { "type": "Polygon", "coordinates": [ [ [ -70.670602, -33.449565 ], [ -70.670692, -33.449587 ], [ -70.670642, -33.449734 ], [ -70.670446, -33.449684 ], [ -70.67038, -33.449667 ], [ -70.670392, -33.449616 ], [ -70.670414, -33.449522 ], [ -70.670415, -33.449523 ], [ -70.670416, -33.44952 ], [ -70.670602, -33.449565 ] ] ] } },
{ "type": "Feature", "properties": { "INMUEBLES_": 719, "COUNT": 1, "INMUEBLE": null, "NUEVO_NUM": 0 }, "geometry": { "type": "Polygon", "coordinates": [ [ [ -70.67094, -33.450436 ], [ -70.670878, -33.450615 ], [ -70.670783, -33.450592 ], [ -70.670776, -33.45059 ], [ -70.670692, -33.450568 ], [ -70.670267, -33.450463 ], [ -70.670266, -33.450464 ], [ -70.670199, -33.450446 ], [ -70.670197, -33.450446 ], [ -70.670208, -33.450397 ], [ -70.67023, -33.450302 ], [ -70.67024, -33.450259 ], [ -70.670243, -33.450259 ], [ -70.670248, -33.45026 ], [ -70.67094, -33.450436 ] ] ] } },
{ "type": "Feature", "properties": { "INMUEBLES_": 720, "COUNT": 1, "INMUEBLE": null, "NUEVO_NUM": 0 }, "geometry": { "type": "Polygon", "coordinates": [ [ [ -70.669869, -33.449237 ], [ -70.669901, -33.449099 ], [ -70.67017, -33.44914 ], [ -70.670173, -33.44914 ], [ -70.670172, -33.449143 ], [ -70.670141, -33.44926 ], [ -70.67013, -33.449302 ], [ -70.670129, -33.449302 ], [ -70.67008, -33.44929 ], [ -70.669869, -33.449237 ] ] ] } },
{ "type": "Feature", "properties": { "INMUEBLES_": 721, "COUNT": 1, "INMUEBLE": null, "NUEVO_NUM": 0 }, "geometry": { "type": "Polygon", "coordinates": [ [ [ -70.668785, -33.449006 ], [ -70.668772, -33.449108 ], [ -70.668768, -33.449138 ], [ -70.668291, -33.449046 ], [ -70.668323, -33.448885 ], [ -70.668785, -33.449006 ] ] ] } },
{ "type": "Feature", "properties": { "INMUEBLES_": 722, "COUNT": 1, "INMUEBLE": null, "NUEVO_NUM": 0 }, "geometry": { "type": "Polygon", "coordinates": [ [ [ -70.668751, -33.449888 ], [ -70.668749, -33.449901 ], [ -70.668717, -33.450073 ], [ -70.668605, -33.450045 ], [ -70.668463, -33.450009 ], [ -70.668218, -33.449948 ], [ -70.668199, -33.449944 ], [ -70.668198, -33.449943 ], [ -70.668196, -33.449943 ], [ -70.668195, -33.449943 ], [ -70.668153, -33.449932 ], [ -70.668125, -33.449895 ], [ -70.66815, -33.449767 ], [ -70.668751, -33.449888 ] ] ] } },
{ "type": "Feature", "properties": { "INMUEBLES_": 723, "COUNT": 1, "INMUEBLE": null, "NUEVO_NUM": 0 }, "geometry": { "type": "Polygon", "coordinates": [ [ [ -70.667895, -33.449388 ], [ -70.667864, -33.449538 ], [ -70.667863, -33.44954 ], [ -70.667861, -33.44954 ], [ -70.667274, -33.449425 ], [ -70.667315, -33.449286 ], [ -70.667369, -33.449295 ], [ -70.667895, -33.449388 ] ] ] } },
{ "type": "Feature", "properties": { "INMUEBLES_": 724, "COUNT": 1, "INMUEBLE": null, "NUEVO_NUM": 0 }, "geometry": { "type": "Polygon", "coordinates": [ [ [ -70.667397, -33.449131 ], [ -70.667925, -33.449224 ], [ -70.667895, -33.449388 ], [ -70.667369, -33.449295 ], [ -70.667396, -33.449137 ], [ -70.667397, -33.449131 ] ] ] } },
{ "type": "Feature", "properties": { "INMUEBLES_": 725, "COUNT": 1, "INMUEBLE": null, "NUEVO_NUM": 0 }, "geometry": { "type": "Polygon", "coordinates": [ [ [ -70.667422, -33.448978 ], [ -70.667952, -33.449065 ], [ -70.667925, -33.449224 ], [ -70.667397, -33.449131 ], [ -70.66741, -33.449053 ], [ -70.667421, -33.448983 ], [ -70.667422, -33.448978 ] ] ] } },
{ "type": "Feature", "properties": { "INMUEBLES_": 726, "COUNT": 1, "INMUEBLE": null, "NUEVO_NUM": 0 }, "geometry": { "type": "Polygon", "coordinates": [ [ [ -70.667758, -33.448873 ], [ -70.66799, -33.448905 ], [ -70.667954, -33.449065 ], [ -70.667952, -33.449065 ], [ -70.667422, -33.448978 ], [ -70.667433, -33.448901 ], [ -70.667445, -33.448826 ], [ -70.667598, -33.448849 ], [ -70.667758, -33.448873 ] ] ] } },
{ "type": "Feature", "properties": { "INMUEBLES_": 727, "COUNT": 2, "INMUEBLE": null, "NUEVO_NUM": 0 }, "geometry": { "type": "Polygon", "coordinates": [ [ [ -70.66686, -33.449087 ], [ -70.666844, -33.449181 ], [ -70.666841, -33.449194 ], [ -70.666813, -33.449313 ], [ -70.666524, -33.449303 ], [ -70.666531, -33.449176 ], [ -70.66653, -33.449176 ], [ -70.666536, -33.449074 ], [ -70.666541, -33.449074 ], [ -70.666543, -33.449076 ], [ -70.666853, -33.449087 ], [ -70.66686, -33.449087 ] ] ] } },
{ "type": "Feature", "properties": { "INMUEBLES_": 728, "COUNT": 1, "INMUEBLE": null, "NUEVO_NUM": 0 }, "geometry": { "type": "Polygon", "coordinates": [ [ [ -70.667344, -33.448071 ], [ -70.667533, -33.448108 ], [ -70.667458, -33.448408 ], [ -70.667363, -33.448391 ], [ -70.667275, -33.448376 ], [ -70.66729, -33.448307 ], [ -70.667344, -33.448071 ] ] ] } },
{ "type": "Feature", "properties": { "INMUEBLES_": 729, "COUNT": 1, "INMUEBLE": null, "NUEVO_NUM": 0 }, "geometry": { "type": "Polygon", "coordinates": [ [ [ -70.665521, -33.447709 ], [ -70.66551, -33.447753 ], [ -70.665376, -33.448276 ], [ -70.665238, -33.448256 ], [ -70.66537, -33.447682 ], [ -70.665521, -33.447709 ] ] ] } },
{ "type": "Feature", "properties": { "INMUEBLES_": 730, "COUNT": 1, "INMUEBLE": null, "NUEVO_NUM": 0 }, "geometry": { "type": "Polygon", "coordinates": [ [ [ -70.665063, -33.447626 ], [ -70.665016, -33.447841 ], [ -70.664992, -33.447946 ], [ -70.664865, -33.447917 ], [ -70.664867, -33.447841 ], [ -70.664866, -33.447841 ], [ -70.664875, -33.447623 ], [ -70.664883, -33.447625 ], [ -70.664887, -33.44762 ], [ -70.664891, -33.447616 ], [ -70.664896, -33.447613 ], [ -70.664903, -33.447609 ], [ -70.664908, -33.447608 ], [ -70.664913, -33.447606 ], [ -70.664914, -33.4476 ], [ -70.665063, -33.447626 ] ] ] } },
{ "type": "Feature", "properties": { "INMUEBLES_": 731, "COUNT": 11, "INMUEBLE": null, "NUEVO_NUM": 0 }, "geometry": { "type": "Polygon", "coordinates": [ [ [ -70.664831, -33.448872 ], [ -70.664832, -33.44884 ], [ -70.664831, -33.44884 ], [ -70.664833, -33.448715 ], [ -70.665043, -33.448725 ], [ -70.665149, -33.44873 ], [ -70.665253, -33.448735 ], [ -70.665357, -33.44874 ], [ -70.665465, -33.448745 ], [ -70.665463, -33.448795 ], [ -70.66546, -33.448862 ], [ -70.665458, -33.448873 ], [ -70.665457, -33.448903 ], [ -70.665455, -33.448941 ], [ -70.66545, -33.44902 ], [ -70.665451, -33.449024 ], [ -70.665343, -33.449019 ], [ -70.665239, -33.449014 ], [ -70.665231, -33.449014 ], [ -70.665133, -33.449009 ], [ -70.665118, -33.449008 ], [ -70.665028, -33.449004 ], [ -70.664995, -33.449003 ], [ -70.664824, -33.448995 ], [ -70.664829, -33.448872 ], [ -70.664831, -33.448872 ] ] ] } },
{ "type": "Feature", "properties": { "INMUEBLES_": 732, "COUNT": 1, "INMUEBLE": null, "NUEVO_NUM": 0 }, "geometry": { "type": "Polygon", "coordinates": [ [ [ -70.663825, -33.449453 ], [ -70.664599, -33.449504 ], [ -70.664585, -33.449794 ], [ -70.664583, -33.449837 ], [ -70.664583, -33.449843 ], [ -70.66426, -33.4498 ], [ -70.664236, -33.449897 ], [ -70.664213, -33.449992 ], [ -70.664189, -33.450114 ], [ -70.66393, -33.450059 ], [ -70.664006, -33.449768 ], [ -70.663799, -33.449742 ], [ -70.663809, -33.449635 ], [ -70.663817, -33.449546 ], [ -70.663825, -33.449453 ] ] ] } },
{ "type": "Feature", "properties": { "INMUEBLES_": 733, "COUNT": 1, "INMUEBLE": null, "NUEVO_NUM": 0 }, "geometry": { "type": "Polygon", "coordinates": [ [ [ -70.663729, -33.449733 ], [ -70.663666, -33.450006 ], [ -70.66355, -33.449982 ], [ -70.663523, -33.449952 ], [ -70.663544, -33.449706 ], [ -70.663729, -33.449733 ] ] ] } },
{ "type": "Feature", "properties": { "INMUEBLES_": 734, "COUNT": 1, "INMUEBLE": null, "NUEVO_NUM": 0 }, "geometry": { "type": "Polygon", "coordinates": [ [ [ -70.662684, -33.449436 ], [ -70.663347, -33.449474 ], [ -70.663331, -33.449653 ], [ -70.66333, -33.449671 ], [ -70.663197, -33.449647 ], [ -70.663008, -33.449611 ], [ -70.662674, -33.449548 ], [ -70.662681, -33.449468 ], [ -70.662683, -33.449449 ], [ -70.662684, -33.449436 ] ] ] } },
{ "type": "Feature", "properties": { "INMUEBLES_": 736, "COUNT": 1, "INMUEBLE": null, "NUEVO_NUM": 0 }, "geometry": { "type": "Polygon", "coordinates": [ [ [ -70.663116, -33.447219 ], [ -70.663115, -33.447222 ], [ -70.663025, -33.447716 ], [ -70.663022, -33.447733 ], [ -70.662844, -33.447709 ], [ -70.662845, -33.447691 ], [ -70.662868, -33.447327 ], [ -70.662911, -33.447176 ], [ -70.662911, -33.447174 ], [ -70.663116, -33.447219 ] ] ] } },
{ "type": "Feature", "properties": { "INMUEBLES_": 737, "COUNT": 1, "INMUEBLE": null, "NUEVO_NUM": 0 }, "geometry": { "type": "Polygon", "coordinates": [ [ [ -70.662455, -33.447649 ], [ -70.66276, -33.447681 ], [ -70.662839, -33.447689 ], [ -70.662845, -33.44769 ], [ -70.662845, -33.447709 ], [ -70.662836, -33.447776 ], [ -70.662831, -33.447776 ], [ -70.66244, -33.447739 ], [ -70.662455, -33.447649 ] ] ] } },
{ "type": "Feature", "properties": { "INMUEBLES_": 738, "COUNT": 4, "INMUEBLE": null, "NUEVO_NUM": 0 }, "geometry": { "type": "MultiPolygon", "coordinates": [ [ [ [ -70.662763, -33.448512 ], [ -70.662829, -33.448518 ], [ -70.662906, -33.448524 ], [ -70.662896, -33.448657 ], [ -70.662819, -33.448652 ], [ -70.66275, -33.448648 ], [ -70.662756, -33.448586 ], [ -70.662763, -33.448512 ] ] ], [ [ [ -70.662813, -33.448739 ], [ -70.662889, -33.448742 ], [ -70.66288, -33.448867 ], [ -70.662802, -33.448862 ], [ -70.662729, -33.448857 ], [ -70.662732, -33.448834 ], [ -70.662743, -33.448734 ], [ -70.662813, -33.448739 ] ] ] ] } },
{ "type": "Feature", "properties": { "INMUEBLES_": 739, "COUNT": 1, "INMUEBLE": null, "NUEVO_NUM": 0 }, "geometry": { "type": "Polygon", "coordinates": [ [ [ -70.662275, -33.448786 ], [ -70.662732, -33.448834 ], [ -70.662729, -33.448857 ], [ -70.662719, -33.448985 ], [ -70.662251, -33.448933 ], [ -70.662275, -33.448786 ] ] ] } },
{ "type": "Feature", "properties": { "INMUEBLES_": 740, "COUNT": 1, "INMUEBLE": null, "NUEVO_NUM": 0 }, "geometry": { "type": "Polygon", "coordinates": [ [ [ -70.662251, -33.448933 ], [ -70.662719, -33.448985 ], [ -70.662706, -33.449143 ], [ -70.662227, -33.449089 ], [ -70.662251, -33.448933 ] ] ] } },
{ "type": "Feature", "properties": { "INMUEBLES_": 743, "COUNT": 5, "INMUEBLE": null, "NUEVO_NUM": 0 }, "geometry": { "type": "Polygon", "coordinates": [ [ [ -70.662477, -33.449442 ], [ -70.662681, -33.449468 ], [ -70.662674, -33.449548 ], [ -70.662658, -33.449797 ], [ -70.662474, -33.449758 ], [ -70.662384, -33.449739 ], [ -70.6623, -33.449722 ], [ -70.662162, -33.449693 ], [ -70.662137, -33.449663 ], [ -70.662146, -33.449609 ], [ -70.662157, -33.449536 ], [ -70.662343, -33.44956 ], [ -70.662432, -33.449571 ], [ -70.662456, -33.449574 ], [ -70.662477, -33.449442 ] ] ] } },
{ "type": "Feature", "properties": { "INMUEBLES_": 744, "COUNT": 1, "INMUEBLE": null, "NUEVO_NUM": 0 }, "geometry": { "type": "Polygon", "coordinates": [ [ [ -70.66181, -33.449008 ], [ -70.662056, -33.449037 ], [ -70.662033, -33.449181 ], [ -70.66179, -33.44915 ], [ -70.66181, -33.449008 ] ] ] } },
{ "type": "Feature", "properties": { "INMUEBLES_": 745, "COUNT": 1, "INMUEBLE": null, "NUEVO_NUM": 0 }, "geometry": { "type": "Polygon", "coordinates": [ [ [ -70.662079, -33.448892 ], [ -70.662056, -33.449037 ], [ -70.66181, -33.449008 ], [ -70.66176, -33.449002 ], [ -70.661781, -33.448856 ], [ -70.661804, -33.448859 ], [ -70.662079, -33.448892 ] ] ] } },
{ "type": "Feature", "properties": { "INMUEBLES_": 746, "COUNT": 1, "INMUEBLE": null, "NUEVO_NUM": 0 }, "geometry": { "type": "Polygon", "coordinates": [ [ [ -70.661823, -33.448519 ], [ -70.662126, -33.44859 ], [ -70.662079, -33.448892 ], [ -70.661804, -33.448859 ], [ -70.661806, -33.448821 ], [ -70.661816, -33.448644 ], [ -70.661823, -33.448519 ] ] ] } },
{ "type": "Feature", "properties": { "INMUEBLES_": 747, "COUNT": 1, "INMUEBLE": null, "NUEVO_NUM": 0 }, "geometry": { "type": "Polygon", "coordinates": [ [ [ -70.661932, -33.446969 ], [ -70.661963, -33.446976 ], [ -70.662043, -33.446994 ], [ -70.662075, -33.447002 ], [ -70.661924, -33.447478 ], [ -70.661876, -33.447467 ], [ -70.661874, -33.447467 ], [ -70.661874, -33.447463 ], [ -70.661905, -33.447189 ], [ -70.661931, -33.446971 ], [ -70.661932, -33.446969 ] ] ] } },
{ "type": "Feature", "properties": { "INMUEBLES_": 748, "COUNT": 2, "INMUEBLE": null, "NUEVO_NUM": 0 }, "geometry": { "type": "Polygon", "coordinates": [ [ [ -70.661544, -33.447272 ], [ -70.661578, -33.447109 ], [ -70.661595, -33.447017 ], [ -70.661618, -33.446901 ], [ -70.66182, -33.446945 ], [ -70.661932, -33.446969 ], [ -70.661931, -33.446971 ], [ -70.661905, -33.447189 ], [ -70.661873, -33.447463 ], [ -70.661758, -33.447448 ], [ -70.661782, -33.447313 ], [ -70.661544, -33.447272 ] ] ] } },
{ "type": "Feature", "properties": { "INMUEBLES_": 751, "COUNT": 1, "INMUEBLE": null, "NUEVO_NUM": 0 }, "geometry": { "type": "Polygon", "coordinates": [ [ [ -70.661095, -33.447235 ], [ -70.661313, -33.44728 ], [ -70.661293, -33.447385 ], [ -70.661075, -33.447341 ], [ -70.661085, -33.44729 ], [ -70.661095, -33.447235 ] ] ] } },
{ "type": "Feature", "properties": { "INMUEBLES_": 752, "COUNT": 1, "INMUEBLE": null, "NUEVO_NUM": 0 }, "geometry": { "type": "Polygon", "coordinates": [ [ [ -70.661178, -33.4468 ], [ -70.66135, -33.446839 ], [ -70.661396, -33.44685 ], [ -70.661394, -33.446861 ], [ -70.661352, -33.447073 ], [ -70.661135, -33.447026 ], [ -70.661178, -33.4468 ] ] ] } },
{ "type": "Feature", "properties": { "INMUEBLES_": 753, "COUNT": 1, "INMUEBLE": null, "NUEVO_NUM": 0 }, "geometry": { "type": "Polygon", "coordinates": [ [ [ -70.660701, -33.447114 ], [ -70.660789, -33.446712 ], [ -70.660972, -33.446754 ], [ -70.660892, -33.447153 ], [ -70.660763, -33.447127 ], [ -70.660751, -33.447125 ], [ -70.660726, -33.44712 ], [ -70.660722, -33.447119 ], [ -70.660701, -33.447114 ] ] ] } },
{ "type": "Feature", "properties": { "INMUEBLES_": 754, "COUNT": 1, "INMUEBLE": null, "NUEVO_NUM": 0 }, "geometry": { "type": "Polygon", "coordinates": [ [ [ -70.655844, -33.446123 ], [ -70.656008, -33.446144 ], [ -70.655968, -33.446356 ], [ -70.656003, -33.446359 ], [ -70.655877, -33.446856 ], [ -70.65572, -33.446838 ], [ -70.655763, -33.44659 ], [ -70.65554, -33.446566 ], [ -70.655563, -33.446455 ], [ -70.655461, -33.446445 ], [ -70.655485, -33.446299 ], [ -70.655564, -33.446309 ], [ -70.65557, -33.446277 ], [ -70.655807, -33.446308 ], [ -70.655827, -33.446207 ], [ -70.655844, -33.446123 ] ] ] } },
{ "type": "Feature", "properties": { "INMUEBLES_": 755, "COUNT": 1, "INMUEBLE": null, "NUEVO_NUM": 0 }, "geometry": { "type": "Polygon", "coordinates": [ [ [ -70.65487, -33.445302 ], [ -70.654865, -33.445313 ], [ -70.654779, -33.445663 ], [ -70.654705, -33.445985 ], [ -70.65448, -33.445954 ], [ -70.654533, -33.445688 ], [ -70.654607, -33.445354 ], [ -70.654662, -33.445253 ], [ -70.654662, -33.445251 ], [ -70.65487, -33.445302 ] ] ] } },
{ "type": "Feature", "properties": { "INMUEBLES_": 756, "COUNT": 1, "INMUEBLE": null, "NUEVO_NUM": 0 }, "geometry": { "type": "Polygon", "coordinates": [ [ [ -70.656126, -33.447025 ], [ -70.65627, -33.447042 ], [ -70.656272, -33.447034 ], [ -70.656596, -33.447069 ], [ -70.656733, -33.447085 ], [ -70.656734, -33.447085 ], [ -70.656734, -33.447086 ], [ -70.656734, -33.447088 ], [ -70.656663, -33.447461 ], [ -70.656607, -33.447756 ], [ -70.656597, -33.447805 ], [ -70.65686, -33.447837 ], [ -70.656893, -33.447841 ], [ -70.656837, -33.448135 ], [ -70.656648, -33.448107 ], [ -70.65625, -33.44806 ], [ -70.656237, -33.448058 ], [ -70.655925, -33.448022 ], [ -70.655914, -33.448022 ], [ -70.655917, -33.447996 ], [ -70.655526, -33.447947 ], [ -70.655154, -33.447898 ], [ -70.655169, -33.447814 ], [ -70.655064, -33.4478 ], [ -70.65521, -33.446943 ], [ -70.655228, -33.446929 ], [ -70.655535, -33.446965 ], [ -70.656126, -33.447025 ] ] ] } },
{ "type": "Feature", "properties": { "INMUEBLES_": 757, "COUNT": 1, "INMUEBLE": null, "NUEVO_NUM": 0 }, "geometry": { "type": "Polygon", "coordinates": [ [ [ -70.672866, -33.451755 ], [ -70.672952, -33.451774 ], [ -70.672853, -33.452226 ], [ -70.672851, -33.452225 ], [ -70.672802, -33.452215 ], [ -70.672784, -33.452211 ], [ -70.6728, -33.45208 ], [ -70.672754, -33.452071 ], [ -70.67279, -33.451966 ], [ -70.672816, -33.451891 ], [ -70.672838, -33.451826 ], [ -70.672862, -33.451754 ], [ -70.672866, -33.451755 ] ] ] } },
{ "type": "Feature", "properties": { "INMUEBLES_": 758, "COUNT": 1, "INMUEBLE": null, "NUEVO_NUM": 0 }, "geometry": { "type": "Polygon", "coordinates": [ [ [ -70.668442, -33.450951 ], [ -70.668376, -33.451188 ], [ -70.668375, -33.451191 ], [ -70.668253, -33.451164 ], [ -70.668318, -33.450924 ], [ -70.668442, -33.450951 ] ] ] } },
{ "type": "Feature", "properties": { "INMUEBLES_": 759, "COUNT": 1, "INMUEBLE": null, "NUEVO_NUM": 0 }, "geometry": { "type": "Polygon", "coordinates": [ [ [ -70.668554, -33.450975 ], [ -70.668484, -33.451217 ], [ -70.668444, -33.451207 ], [ -70.668375, -33.451191 ], [ -70.668376, -33.451188 ], [ -70.668442, -33.450951 ], [ -70.668554, -33.450975 ] ] ] } },
{ "type": "Feature", "properties": { "INMUEBLES_": 760, "COUNT": 1, "INMUEBLE": null, "NUEVO_NUM": 0 }, "geometry": { "type": "Polygon", "coordinates": [ [ [ -70.668639, -33.450993 ], [ -70.668589, -33.45124 ], [ -70.668484, -33.451217 ], [ -70.668554, -33.450975 ], [ -70.668639, -33.450993 ] ] ] } },
{ "type": "Feature", "properties": { "INMUEBLES_": 761, "COUNT": 1, "INMUEBLE": null, "NUEVO_NUM": 0 }, "geometry": { "type": "Polygon", "coordinates": [ [ [ -70.667211, -33.449882 ], [ -70.667158, -33.45005 ], [ -70.667087, -33.450035 ], [ -70.667101, -33.449857 ], [ -70.667101, -33.449856 ], [ -70.667106, -33.449858 ], [ -70.667211, -33.449882 ] ] ] } },
{ "type": "Feature", "properties": { "INMUEBLES_": 762, "COUNT": 1, "INMUEBLE": null, "NUEVO_NUM": 0 }, "geometry": { "type": "Polygon", "coordinates": [ [ [ -70.667039, -33.450728 ], [ -70.667047, -33.45073 ], [ -70.667144, -33.450749 ], [ -70.667133, -33.450888 ], [ -70.667028, -33.45086 ], [ -70.667039, -33.450728 ] ] ] } },
{ "type": "Feature", "properties": { "INMUEBLES_": 763, "COUNT": 1, "INMUEBLE": null, "NUEVO_NUM": 0 }, "geometry": { "type": "Polygon", "coordinates": [ [ [ -70.667236, -33.450768 ], [ -70.667227, -33.450913 ], [ -70.667133, -33.450888 ], [ -70.667144, -33.450749 ], [ -70.667236, -33.450768 ] ] ] } },
{ "type": "Feature", "properties": { "INMUEBLES_": 764, "COUNT": 1, "INMUEBLE": null, "NUEVO_NUM": 0 }, "geometry": { "type": "Polygon", "coordinates": [ [ [ -70.666945, -33.449816 ], [ -70.666972, -33.449822 ], [ -70.667024, -33.449835 ], [ -70.667015, -33.449909 ], [ -70.666869, -33.449892 ], [ -70.666887, -33.449802 ], [ -70.666945, -33.449816 ] ] ] } },
{ "type": "Feature", "properties": { "INMUEBLES_": 765, "COUNT": 1, "INMUEBLE": null, "NUEVO_NUM": 0 }, "geometry": { "type": "Polygon", "coordinates": [ [ [ -70.666887, -33.449802 ], [ -70.666869, -33.449892 ], [ -70.66675, -33.449877 ], [ -70.666786, -33.449777 ], [ -70.666887, -33.449802 ] ] ] } },
{ "type": "Feature", "properties": { "INMUEBLES_": 766, "COUNT": 2, "INMUEBLE": null, "NUEVO_NUM": 0 }, "geometry": { "type": "Polygon", "coordinates": [ [ [ -70.666786, -33.449777 ], [ -70.66675, -33.449877 ], [ -70.666622, -33.449862 ], [ -70.666498, -33.449849 ], [ -70.666503, -33.449736 ], [ -70.666538, -33.449714 ], [ -70.666624, -33.449736 ], [ -70.666786, -33.449777 ] ] ] } },
{ "type": "Feature", "properties": { "INMUEBLES_": 767, "COUNT": 1, "INMUEBLE": null, "NUEVO_NUM": 0 }, "geometry": { "type": "Polygon", "coordinates": [ [ [ -70.666622, -33.449862 ], [ -70.66675, -33.449877 ], [ -70.666869, -33.449892 ], [ -70.667015, -33.449909 ], [ -70.667005, -33.450018 ], [ -70.666492, -33.449973 ], [ -70.666498, -33.449849 ], [ -70.666622, -33.449862 ] ] ] } },
{ "type": "Feature", "properties": { "INMUEBLES_": 768, "COUNT": 1, "INMUEBLE": null, "NUEVO_NUM": 0 }, "geometry": { "type": "Polygon", "coordinates": [ [ [ -70.665902, -33.450267 ], [ -70.665899, -33.450339 ], [ -70.665866, -33.450335 ], [ -70.665653, -33.450309 ], [ -70.665662, -33.450241 ], [ -70.665902, -33.450267 ] ] ] } },
{ "type": "Feature", "properties": { "INMUEBLES_": 769, "COUNT": 3, "INMUEBLE": null, "NUEVO_NUM": 0 }, "geometry": { "type": "Polygon", "coordinates": [ [ [ -70.665866, -33.450335 ], [ -70.665842, -33.450398 ], [ -70.665792, -33.450526 ], [ -70.665718, -33.450505 ], [ -70.665655, -33.450487 ], [ -70.665633, -33.450456 ], [ -70.665644, -33.450378 ], [ -70.665653, -33.450309 ], [ -70.665866, -33.450335 ] ] ] } },
{ "type": "Feature", "properties": { "INMUEBLES_": 770, "COUNT": 1, "INMUEBLE": null, "NUEVO_NUM": 0 }, "geometry": { "type": "Polygon", "coordinates": [ [ [ -70.665064, -33.449328 ], [ -70.66504, -33.449408 ], [ -70.665009, -33.449523 ], [ -70.664804, -33.449489 ], [ -70.664808, -33.449369 ], [ -70.664811, -33.449291 ], [ -70.664812, -33.449287 ], [ -70.664814, -33.449282 ], [ -70.664818, -33.449277 ], [ -70.664823, -33.449274 ], [ -70.66483, -33.449271 ], [ -70.664836, -33.44927 ], [ -70.664842, -33.44927 ], [ -70.664849, -33.449271 ], [ -70.665064, -33.449328 ] ] ] } },
{ "type": "Feature", "properties": { "INMUEBLES_": 771, "COUNT": 1, "INMUEBLE": null, "NUEVO_NUM": 0 }, "geometry": { "type": "Polygon", "coordinates": [ [ [ -70.664993, -33.450113 ], [ -70.664978, -33.450293 ], [ -70.664956, -33.450286 ], [ -70.664956, -33.450285 ], [ -70.664869, -33.45026 ], [ -70.664868, -33.450261 ], [ -70.664824, -33.450248 ], [ -70.664825, -33.450247 ], [ -70.664806, -33.450242 ], [ -70.664803, -33.450241 ], [ -70.664799, -33.45024 ], [ -70.664796, -33.450238 ], [ -70.664792, -33.450236 ], [ -70.66479, -33.450233 ], [ -70.664787, -33.450231 ], [ -70.664787, -33.450231 ], [ -70.664785, -33.450228 ], [ -70.664783, -33.450225 ], [ -70.664782, -33.450222 ], [ -70.664781, -33.45022 ], [ -70.664781, -33.450216 ], [ -70.664781, -33.450192 ], [ -70.664781, -33.450148 ], [ -70.664782, -33.450148 ], [ -70.664784, -33.450114 ], [ -70.664782, -33.450114 ], [ -70.664783, -33.450104 ], [ -70.664784, -33.450104 ], [ -70.664993, -33.450113 ] ] ] } },
{ "type": "Feature", "properties": { "INMUEBLES_": 774, "COUNT": 1, "INMUEBLE": null, "NUEVO_NUM": 0 }, "geometry": { "type": "Polygon", "coordinates": [ [ [ -70.668812, -33.452259 ], [ -70.6688, -33.452323 ], [ -70.668781, -33.452433 ], [ -70.668678, -33.452409 ], [ -70.668713, -33.452228 ], [ -70.668763, -33.452237 ], [ -70.668761, -33.452249 ], [ -70.668812, -33.452259 ] ] ] } },
{ "type": "Feature", "properties": { "INMUEBLES_": 775, "COUNT": 3, "INMUEBLE": null, "NUEVO_NUM": 0 }, "geometry": { "type": "Polygon", "coordinates": [ [ [ -70.668893, -33.452344 ], [ -70.668907, -33.452347 ], [ -70.668962, -33.45236 ], [ -70.669006, -33.45237 ], [ -70.669014, -33.452372 ], [ -70.669098, -33.452391 ], [ -70.669073, -33.452497 ], [ -70.668936, -33.452467 ], [ -70.668869, -33.452453 ], [ -70.668781, -33.452433 ], [ -70.6688, -33.452323 ], [ -70.668841, -33.452332 ], [ -70.668893, -33.452344 ] ] ] } },
{ "type": "Feature", "properties": { "INMUEBLES_": 776, "COUNT": 1, "INMUEBLE": null, "NUEVO_NUM": 0 }, "geometry": { "type": "Polygon", "coordinates": [ [ [ -70.666229, -33.451688 ], [ -70.666222, -33.451812 ], [ -70.666221, -33.451815 ], [ -70.66622, -33.451819 ], [ -70.666217, -33.451822 ], [ -70.666215, -33.451825 ], [ -70.666212, -33.451828 ], [ -70.666209, -33.451831 ], [ -70.666205, -33.451833 ], [ -70.666202, -33.451835 ], [ -70.666197, -33.451837 ], [ -70.666193, -33.451838 ], [ -70.666188, -33.451839 ], [ -70.666184, -33.45184 ], [ -70.66618, -33.45184 ], [ -70.666176, -33.451839 ], [ -70.666173, -33.451839 ], [ -70.666166, -33.451838 ], [ -70.665956, -33.451791 ], [ -70.66597, -33.451673 ], [ -70.666229, -33.451688 ] ] ] } },
{ "type": "Feature", "properties": { "INMUEBLES_": 777, "COUNT": 11, "INMUEBLE": null, "NUEVO_NUM": 0 }, "geometry": { "type": "Polygon", "coordinates": [ [ [ -70.666068, -33.450935 ], [ -70.666053, -33.450934 ], [ -70.665951, -33.450929 ], [ -70.665838, -33.450924 ], [ -70.665801, -33.450923 ], [ -70.665793, -33.451048 ], [ -70.665667, -33.451043 ], [ -70.665586, -33.45104 ], [ -70.665559, -33.451013 ], [ -70.66557, -33.450929 ], [ -70.665581, -33.450843 ], [ -70.66559, -33.450778 ], [ -70.665598, -33.450707 ], [ -70.665607, -33.450654 ], [ -70.66561, -33.450652 ], [ -70.665642, -33.450634 ], [ -70.665645, -33.450632 ], [ -70.66573, -33.450657 ], [ -70.665815, -33.450681 ], [ -70.665911, -33.450709 ], [ -70.666039, -33.450746 ], [ -70.666154, -33.450779 ], [ -70.666246, -33.450805 ], [ -70.666271, -33.450835 ], [ -70.666265, -33.450943 ], [ -70.666068, -33.450935 ] ] ] } },
{ "type": "Feature", "properties": { "INMUEBLES_": 778, "COUNT": 1, "INMUEBLE": null, "NUEVO_NUM": 0 }, "geometry": { "type": "Polygon", "coordinates": [ [ [ -70.665019, -33.450549 ], [ -70.665026, -33.450461 ], [ -70.665036, -33.450457 ], [ -70.665159, -33.450491 ], [ -70.665148, -33.450558 ], [ -70.665019, -33.450549 ] ] ] } },
{ "type": "Feature", "properties": { "INMUEBLES_": 779, "COUNT": 8, "INMUEBLE": null, "NUEVO_NUM": 0 }, "geometry": { "type": "MultiPolygon", "coordinates": [ [ [ [ -70.665148, -33.450558 ], [ -70.665138, -33.450619 ], [ -70.665125, -33.450692 ], [ -70.665114, -33.450758 ], [ -70.665112, -33.450772 ], [ -70.665102, -33.450826 ], [ -70.665092, -33.450889 ], [ -70.665091, -33.450892 ], [ -70.664988, -33.450892 ], [ -70.664994, -33.45082 ], [ -70.665, -33.450752 ], [ -70.665006, -33.450684 ], [ -70.665013, -33.450612 ], [ -70.665019, -33.450549 ], [ -70.665148, -33.450558 ] ] ], [ [ [ -70.664752, -33.450591 ], [ -70.664768, -33.450412 ], [ -70.664769, -33.450411 ], [ -70.664805, -33.450391 ], [ -70.664957, -33.450434 ], [ -70.664966, -33.450447 ], [ -70.664952, -33.450601 ], [ -70.664933, -33.450812 ], [ -70.664917, -33.451 ], [ -70.664906, -33.451009 ], [ -70.664747, -33.451002 ], [ -70.664718, -33.450975 ], [ -70.664734, -33.450799 ], [ -70.664742, -33.450708 ], [ -70.664744, -33.450685 ], [ -70.664752, -33.450591 ] ] ] ] } },
{ "type": "Feature", "properties": { "INMUEBLES_": 780, "COUNT": 1, "INMUEBLE": null, "NUEVO_NUM": 0 }, "geometry": { "type": "Polygon", "coordinates": [ [ [ -70.665091, -33.450892 ], [ -70.665072, -33.451015 ], [ -70.664988, -33.451012 ], [ -70.664978, -33.451002 ], [ -70.664988, -33.450892 ], [ -70.665091, -33.450892 ] ] ] } },
{ "type": "Feature", "properties": { "INMUEBLES_": 781, "COUNT": 1, "INMUEBLE": null, "NUEVO_NUM": 0 }, "geometry": { "type": "Polygon", "coordinates": [ [ [ -70.662626, -33.450203 ], [ -70.662619, -33.450274 ], [ -70.66261, -33.450354 ], [ -70.662036, -33.450295 ], [ -70.662048, -33.450219 ], [ -70.662059, -33.450145 ], [ -70.662626, -33.450203 ] ] ] } },
{ "type": "Feature", "properties": { "INMUEBLES_": 782, "COUNT": 2, "INMUEBLE": null, "NUEVO_NUM": 0 }, "geometry": { "type": "Polygon", "coordinates": [ [ [ -70.661519, -33.449716 ], [ -70.661475, -33.449932 ], [ -70.661444, -33.449928 ], [ -70.661437, -33.449964 ], [ -70.661339, -33.449952 ], [ -70.661362, -33.449837 ], [ -70.661048, -33.449797 ], [ -70.661047, -33.449797 ], [ -70.661044, -33.449796 ], [ -70.66107, -33.449658 ], [ -70.661076, -33.449653 ], [ -70.661109, -33.449634 ], [ -70.661393, -33.449691 ], [ -70.661489, -33.44971 ], [ -70.661519, -33.449716 ] ] ] } },
{ "type": "Feature", "properties": { "INMUEBLES_": 783, "COUNT": 1, "INMUEBLE": null, "NUEVO_NUM": 0 }, "geometry": { "type": "Polygon", "coordinates": [ [ [ -70.660375, -33.449651 ], [ -70.66036, -33.449736 ], [ -70.66032, -33.449948 ], [ -70.660776, -33.450029 ], [ -70.66074, -33.450215 ], [ -70.6607, -33.450404 ], [ -70.660454, -33.450354 ], [ -70.660345, -33.450331 ], [ -70.660236, -33.450307 ], [ -70.660167, -33.450292 ], [ -70.660144, -33.450403 ], [ -70.660127, -33.450481 ], [ -70.659891, -33.450427 ], [ -70.659867, -33.450395 ], [ -70.659907, -33.450231 ], [ -70.659873, -33.450223 ], [ -70.659982, -33.449791 ], [ -70.660036, -33.44958 ], [ -70.660036, -33.449579 ], [ -70.660055, -33.449583 ], [ -70.660375, -33.449651 ] ] ] } },
{ "type": "Feature", "properties": { "INMUEBLES_": 784, "COUNT": 1, "INMUEBLE": null, "NUEVO_NUM": 0 }, "geometry": { "type": "Polygon", "coordinates": [ [ [ -70.660817, -33.449816 ], [ -70.660816, -33.449819 ], [ -70.660806, -33.449879 ], [ -70.660776, -33.450029 ], [ -70.66032, -33.449948 ], [ -70.66036, -33.449736 ], [ -70.660795, -33.449813 ], [ -70.660817, -33.449816 ] ] ] } },
{ "type": "Feature", "properties": { "INMUEBLES_": 785, "COUNT": 1, "INMUEBLE": null, "NUEVO_NUM": 0 }, "geometry": { "type": "Polygon", "coordinates": [ [ [ -70.660236, -33.450307 ], [ -70.6602, -33.450499 ], [ -70.660166, -33.450491 ], [ -70.660127, -33.450481 ], [ -70.660144, -33.450403 ], [ -70.660167, -33.450292 ], [ -70.660236, -33.450307 ] ] ] } },
{ "type": "Feature", "properties": { "INMUEBLES_": 786, "COUNT": 1, "INMUEBLE": null, "NUEVO_NUM": 0 }, "geometry": { "type": "Polygon", "coordinates": [ [ [ -70.657119, -33.44869 ], [ -70.657112, -33.448726 ], [ -70.657098, -33.448804 ], [ -70.657087, -33.448868 ], [ -70.656861, -33.448838 ], [ -70.656872, -33.448777 ], [ -70.656886, -33.448696 ], [ -70.656892, -33.44866 ], [ -70.657119, -33.44869 ] ] ] } },
{ "type": "Feature", "properties": { "INMUEBLES_": 787, "COUNT": 1, "INMUEBLE": null, "NUEVO_NUM": 0 }, "geometry": { "type": "Polygon", "coordinates": [ [ [ -70.655205, -33.448117 ], [ -70.655373, -33.448152 ], [ -70.655438, -33.448166 ], [ -70.655416, -33.448299 ], [ -70.654995, -33.448218 ], [ -70.654983, -33.448215 ], [ -70.655006, -33.448076 ], [ -70.655017, -33.448079 ], [ -70.655091, -33.448094 ], [ -70.655133, -33.448103 ], [ -70.655167, -33.44811 ], [ -70.655205, -33.448117 ] ] ] } },
{ "type": "Feature", "properties": { "INMUEBLES_": 789, "COUNT": 2, "INMUEBLE": null, "NUEVO_NUM": 0 }, "geometry": { "type": "Polygon", "coordinates": [ [ [ -70.665918, -33.451934 ], [ -70.666046, -33.451962 ], [ -70.666183, -33.451993 ], [ -70.666213, -33.452016 ], [ -70.666208, -33.45213 ], [ -70.666201, -33.45227 ], [ -70.66562, -33.452243 ], [ -70.665598, -33.452242 ], [ -70.6656, -33.452185 ], [ -70.665602, -33.452123 ], [ -70.665603, -33.452103 ], [ -70.665753, -33.45211 ], [ -70.665785, -33.451905 ], [ -70.665918, -33.451934 ] ] ] } },
{ "type": "Feature", "properties": { "INMUEBLES_": 790, "COUNT": 1, "INMUEBLE": null, "NUEVO_NUM": 0 }, "geometry": { "type": "Polygon", "coordinates": [ [ [ -70.6652, -33.452014 ], [ -70.665159, -33.452017 ], [ -70.66516, -33.452038 ], [ -70.665039, -33.452047 ], [ -70.665036, -33.452036 ], [ -70.664968, -33.452042 ], [ -70.664926, -33.451777 ], [ -70.664925, -33.451772 ], [ -70.664925, -33.451767 ], [ -70.664925, -33.451763 ], [ -70.664925, -33.451759 ], [ -70.664927, -33.451753 ], [ -70.664928, -33.451749 ], [ -70.664931, -33.451745 ], [ -70.664934, -33.451741 ], [ -70.664938, -33.451737 ], [ -70.664941, -33.451735 ], [ -70.664949, -33.45173 ], [ -70.664954, -33.451727 ], [ -70.664959, -33.451726 ], [ -70.664963, -33.451725 ], [ -70.664969, -33.451724 ], [ -70.664974, -33.451723 ], [ -70.66498, -33.451724 ], [ -70.664984, -33.451724 ], [ -70.66519, -33.451771 ], [ -70.665176, -33.451888 ], [ -70.6652, -33.452014 ] ] ] } },
{ "type": "Feature", "properties": { "INMUEBLES_": 792, "COUNT": 1, "INMUEBLE": null, "NUEVO_NUM": 0 }, "geometry": { "type": "Polygon", "coordinates": [ [ [ -70.662687, -33.451536 ], [ -70.6628, -33.451545 ], [ -70.66292, -33.451555 ], [ -70.663089, -33.45157 ], [ -70.663075, -33.451672 ], [ -70.662541, -33.451623 ], [ -70.66257, -33.451526 ], [ -70.662687, -33.451536 ] ] ] } },
{ "type": "Feature", "properties": { "INMUEBLES_": 793, "COUNT": 3, "INMUEBLE": null, "NUEVO_NUM": 0 }, "geometry": { "type": "Polygon", "coordinates": [ [ [ -70.663017, -33.451283 ], [ -70.663098, -33.451301 ], [ -70.6631, -33.451301 ], [ -70.663122, -33.451331 ], [ -70.663113, -33.451398 ], [ -70.6631, -33.451489 ], [ -70.663089, -33.45157 ], [ -70.66292, -33.451555 ], [ -70.662951, -33.451473 ], [ -70.662982, -33.451385 ], [ -70.663017, -33.451283 ] ] ] } },
{ "type": "Feature", "properties": { "INMUEBLES_": 794, "COUNT": 5, "INMUEBLE": null, "NUEVO_NUM": 0 }, "geometry": { "type": "Polygon", "coordinates": [ [ [ -70.662431, -33.451317 ], [ -70.662399, -33.451313 ], [ -70.662379, -33.45131 ], [ -70.662382, -33.451297 ], [ -70.66226, -33.451279 ], [ -70.662281, -33.451147 ], [ -70.662286, -33.451122 ], [ -70.662287, -33.451122 ], [ -70.662288, -33.451121 ], [ -70.662407, -33.451148 ], [ -70.662463, -33.451161 ], [ -70.662554, -33.451181 ], [ -70.662663, -33.451205 ], [ -70.66278, -33.451231 ], [ -70.6629, -33.451258 ], [ -70.663017, -33.451283 ], [ -70.662982, -33.451385 ], [ -70.662951, -33.451473 ], [ -70.66292, -33.451555 ], [ -70.6628, -33.451545 ], [ -70.662687, -33.451536 ], [ -70.66257, -33.451526 ], [ -70.662541, -33.451623 ], [ -70.66252, -33.451689 ], [ -70.662508, -33.45173 ], [ -70.662349, -33.451715 ], [ -70.662362, -33.45165 ], [ -70.662372, -33.4516 ], [ -70.662383, -33.451548 ], [ -70.662392, -33.451505 ], [ -70.662393, -33.451498 ], [ -70.662404, -33.451447 ], [ -70.662414, -33.451397 ], [ -70.662424, -33.45135 ], [ -70.662431, -33.451317 ] ] ] } },
{ "type": "Feature", "properties": { "INMUEBLES_": 796, "COUNT": 1, "INMUEBLE": null, "NUEVO_NUM": 0 }, "geometry": { "type": "Polygon", "coordinates": [ [ [ -70.661366, -33.450917 ], [ -70.66154, -33.450957 ], [ -70.661679, -33.450987 ], [ -70.661717, -33.450995 ], [ -70.661741, -33.451025 ], [ -70.661736, -33.451056 ], [ -70.66173, -33.451091 ], [ -70.661349, -33.451008 ], [ -70.661366, -33.450917 ] ] ] } },
{ "type": "Feature", "properties": { "INMUEBLES_": 797, "COUNT": 1, "INMUEBLE": null, "NUEVO_NUM": 0 }, "geometry": { "type": "Polygon", "coordinates": [ [ [ -70.661186, -33.451585 ], [ -70.66118, -33.451626 ], [ -70.661117, -33.451619 ], [ -70.661097, -33.451727 ], [ -70.660677, -33.451669 ], [ -70.660684, -33.451633 ], [ -70.660699, -33.451561 ], [ -70.660705, -33.451529 ], [ -70.660706, -33.451529 ], [ -70.661186, -33.451585 ] ] ] } },
{ "type": "Feature", "properties": { "INMUEBLES_": 798, "COUNT": 1, "INMUEBLE": null, "NUEVO_NUM": 0 }, "geometry": { "type": "Polygon", "coordinates": [ [ [ -70.660509, -33.451373 ], [ -70.660472, -33.451559 ], [ -70.660205, -33.451525 ], [ -70.660104, -33.451514 ], [ -70.660005, -33.451501 ], [ -70.660043, -33.451294 ], [ -70.660509, -33.451373 ] ] ] } },
{ "type": "Feature", "properties": { "INMUEBLES_": 799, "COUNT": 1, "INMUEBLE": null, "NUEVO_NUM": 0 }, "geometry": { "type": "Polygon", "coordinates": [ [ [ -70.660104, -33.451514 ], [ -70.660042, -33.451758 ], [ -70.659957, -33.451742 ], [ -70.659995, -33.45155 ], [ -70.660005, -33.451501 ], [ -70.660104, -33.451514 ] ] ] } },
{ "type": "Feature", "properties": { "INMUEBLES_": 800, "COUNT": 5, "INMUEBLE": null, "NUEVO_NUM": 0 }, "geometry": { "type": "Polygon", "coordinates": [ [ [ -70.660205, -33.451525 ], [ -70.660472, -33.451559 ], [ -70.660454, -33.451654 ], [ -70.660434, -33.451754 ], [ -70.660424, -33.451809 ], [ -70.660387, -33.451828 ], [ -70.660248, -33.4518 ], [ -70.660147, -33.45178 ], [ -70.660042, -33.451758 ], [ -70.660104, -33.451514 ], [ -70.660205, -33.451525 ] ] ] } },
{ "type": "Feature", "properties": { "INMUEBLES_": 801, "COUNT": 3, "INMUEBLE": null, "NUEVO_NUM": 0 }, "geometry": { "type": "Polygon", "coordinates": [ [ [ -70.65851, -33.450267 ], [ -70.65864, -33.450298 ], [ -70.658661, -33.450303 ], [ -70.658764, -33.450328 ], [ -70.658722, -33.450652 ], [ -70.658722, -33.450653 ], [ -70.658679, -33.450648 ], [ -70.658595, -33.450638 ], [ -70.658505, -33.450628 ], [ -70.658495, -33.450615 ], [ -70.65847, -33.450612 ], [ -70.658468, -33.450624 ], [ -70.658355, -33.450611 ], [ -70.658355, -33.45061 ], [ -70.658391, -33.450378 ], [ -70.658409, -33.450244 ], [ -70.65851, -33.450267 ] ] ] } },
{ "type": "Feature", "properties": { "INMUEBLES_": 802, "COUNT": 1, "INMUEBLE": null, "NUEVO_NUM": 0 }, "geometry": { "type": "Polygon", "coordinates": [ [ [ -70.673479, -33.455074 ], [ -70.673523, -33.455083 ], [ -70.673635, -33.455107 ], [ -70.673638, -33.455107 ], [ -70.673705, -33.455121 ], [ -70.673712, -33.455123 ], [ -70.673693, -33.455203 ], [ -70.673618, -33.455187 ], [ -70.673596, -33.455267 ], [ -70.673563, -33.455261 ], [ -70.673485, -33.455246 ], [ -70.673377, -33.455225 ], [ -70.673265, -33.455203 ], [ -70.673156, -33.455182 ], [ -70.673036, -33.455159 ], [ -70.673037, -33.455154 ], [ -70.673056, -33.455081 ], [ -70.673062, -33.455057 ], [ -70.673077, -33.454992 ], [ -70.673196, -33.455013 ], [ -70.673306, -33.455037 ], [ -70.673415, -33.45506 ], [ -70.673479, -33.455074 ] ] ] } },
{ "type": "Feature", "properties": { "INMUEBLES_": 803, "COUNT": 1, "INMUEBLE": null, "NUEVO_NUM": 0 }, "geometry": { "type": "Polygon", "coordinates": [ [ [ -70.672602, -33.454735 ], [ -70.672476, -33.454713 ], [ -70.672483, -33.454614 ], [ -70.672487, -33.454555 ], [ -70.672627, -33.454585 ], [ -70.672626, -33.454586 ], [ -70.672602, -33.454735 ] ] ] } },
{ "type": "Feature", "properties": { "INMUEBLES_": 806, "COUNT": 1, "INMUEBLE": null, "NUEVO_NUM": 0 }, "geometry": { "type": "Polygon", "coordinates": [ [ [ -70.669896, -33.454361 ], [ -70.669897, -33.454321 ], [ -70.6699, -33.454256 ], [ -70.669902, -33.454196 ], [ -70.669914, -33.454028 ], [ -70.670203, -33.454094 ], [ -70.670213, -33.454265 ], [ -70.670217, -33.454326 ], [ -70.670221, -33.454385 ], [ -70.670225, -33.454445 ], [ -70.670228, -33.454484 ], [ -70.67027, -33.454492 ], [ -70.670365, -33.454512 ], [ -70.67047, -33.454533 ], [ -70.670446, -33.454663 ], [ -70.670386, -33.455016 ], [ -70.670373, -33.455093 ], [ -70.670179, -33.455054 ], [ -70.670168, -33.454974 ], [ -70.670148, -33.454823 ], [ -70.6701, -33.454827 ], [ -70.670011, -33.454833 ], [ -70.669986, -33.454835 ], [ -70.669868, -33.454844 ], [ -70.669876, -33.454747 ], [ -70.669881, -33.454688 ], [ -70.669886, -33.454632 ], [ -70.669886, -33.454627 ], [ -70.669888, -33.454565 ], [ -70.66989, -33.454503 ], [ -70.669893, -33.454442 ], [ -70.669893, -33.454424 ], [ -70.669895, -33.454379 ], [ -70.669896, -33.454361 ] ] ] } },
{ "type": "Feature", "properties": { "INMUEBLES_": 807, "COUNT": 1, "INMUEBLE": null, "NUEVO_NUM": 0 }, "geometry": { "type": "Polygon", "coordinates": [ [ [ -70.669881, -33.454022 ], [ -70.669914, -33.454028 ], [ -70.669902, -33.454196 ], [ -70.6699, -33.454256 ], [ -70.669897, -33.454321 ], [ -70.669896, -33.454361 ], [ -70.669321, -33.45424 ], [ -70.669313, -33.454239 ], [ -70.669344, -33.454097 ], [ -70.669748, -33.454178 ], [ -70.669848, -33.454197 ], [ -70.669881, -33.454022 ] ] ] } },
{ "type": "Feature", "properties": { "INMUEBLES_": 810, "COUNT": 1, "INMUEBLE": null, "NUEVO_NUM": 0 }, "geometry": { "type": "Polygon", "coordinates": [ [ [ -70.66871, -33.454003 ], [ -70.668527, -33.453971 ], [ -70.668581, -33.453744 ], [ -70.668761, -33.453782 ], [ -70.66871, -33.454003 ] ] ] } },
{ "type": "Feature", "properties": { "INMUEBLES_": 811, "COUNT": 1, "INMUEBLE": null, "NUEVO_NUM": 0 }, "geometry": { "type": "Polygon", "coordinates": [ [ [ -70.668396, -33.453704 ], [ -70.668402, -33.453705 ], [ -70.668451, -33.453716 ], [ -70.668463, -33.453719 ], [ -70.668477, -33.453722 ], [ -70.668489, -33.453725 ], [ -70.668538, -33.453735 ], [ -70.668547, -33.453737 ], [ -70.668549, -33.453738 ], [ -70.668553, -33.453739 ], [ -70.668551, -33.453748 ], [ -70.668526, -33.453854 ], [ -70.668502, -33.453953 ], [ -70.668355, -33.453924 ], [ -70.668374, -33.453823 ], [ -70.668396, -33.453704 ] ] ] } },
{ "type": "Feature", "properties": { "INMUEBLES_": 812, "COUNT": 1, "INMUEBLE": null, "NUEVO_NUM": 0 }, "geometry": { "type": "Polygon", "coordinates": [ [ [ -70.668096, -33.453916 ], [ -70.668225, -33.45394 ], [ -70.668348, -33.453962 ], [ -70.668347, -33.453969 ], [ -70.668337, -33.454019 ], [ -70.668329, -33.454065 ], [ -70.668321, -33.454108 ], [ -70.668311, -33.45416 ], [ -70.668278, -33.454154 ], [ -70.668266, -33.454201 ], [ -70.668252, -33.454251 ], [ -70.668239, -33.4543 ], [ -70.668226, -33.454349 ], [ -70.668213, -33.454398 ], [ -70.6682, -33.454446 ], [ -70.668155, -33.454631 ], [ -70.667952, -33.454591 ], [ -70.667965, -33.454537 ], [ -70.667994, -33.454411 ], [ -70.668061, -33.454094 ], [ -70.668096, -33.453916 ] ] ] } },
{ "type": "Feature", "properties": { "INMUEBLES_": 813, "COUNT": 10, "INMUEBLE": null, "NUEVO_NUM": 0 }, "geometry": { "type": "Polygon", "coordinates": [ [ [ -70.664612, -33.45287 ], [ -70.664725, -33.452894 ], [ -70.664906, -33.452934 ], [ -70.664932, -33.45296 ], [ -70.664932, -33.453026 ], [ -70.664935, -33.453116 ], [ -70.664932, -33.453203 ], [ -70.664931, -33.453219 ], [ -70.664929, -33.453324 ], [ -70.664926, -33.453428 ], [ -70.664924, -33.453531 ], [ -70.664918, -33.453749 ], [ -70.664916, -33.453858 ], [ -70.664664, -33.453849 ], [ -70.664666, -33.453822 ], [ -70.664671, -33.453742 ], [ -70.664672, -33.453715 ], [ -70.664679, -33.453614 ], [ -70.664684, -33.45353 ], [ -70.664684, -33.453525 ], [ -70.664685, -33.453507 ], [ -70.664691, -33.453417 ], [ -70.664691, -33.453405 ], [ -70.664692, -33.453404 ], [ -70.664697, -33.453315 ], [ -70.664698, -33.4533 ], [ -70.664704, -33.453213 ], [ -70.664705, -33.453196 ], [ -70.664711, -33.453106 ], [ -70.664711, -33.453096 ], [ -70.664717, -33.452999 ], [ -70.664605, -33.452982 ], [ -70.664496, -33.452968 ], [ -70.664504, -33.452876 ], [ -70.664506, -33.452873 ], [ -70.664507, -33.452871 ], [ -70.664508, -33.45287 ], [ -70.664509, -33.452868 ], [ -70.66451, -33.452867 ], [ -70.664511, -33.452865 ], [ -70.664512, -33.452864 ], [ -70.664513, -33.452863 ], [ -70.664515, -33.452863 ], [ -70.664516, -33.452862 ], [ -70.664517, -33.452861 ], [ -70.664518, -33.45286 ], [ -70.66452, -33.452859 ], [ -70.664522, -33.452858 ], [ -70.664523, -33.452858 ], [ -70.664524, -33.452857 ], [ -70.664526, -33.452857 ], [ -70.664527, -33.452856 ], [ -70.664528, -33.452856 ], [ -70.66453, -33.452856 ], [ -70.664532, -33.452855 ], [ -70.664533, -33.452855 ], [ -70.664535, -33.452855 ], [ -70.664536, -33.452855 ], [ -70.664538, -33.452855 ], [ -70.664539, -33.452855 ], [ -70.664541, -33.452855 ], [ -70.664612, -33.45287 ] ] ] } },
{ "type": "Feature", "properties": { "INMUEBLES_": 814, "COUNT": 4, "INMUEBLE": null, "NUEVO_NUM": 0 }, "geometry": { "type": "Polygon", "coordinates": [ [ [ -70.664464, -33.453281 ], [ -70.664475, -33.453177 ], [ -70.664705, -33.453196 ], [ -70.664704, -33.453213 ], [ -70.664698, -33.4533 ], [ -70.664697, -33.453315 ], [ -70.664692, -33.453404 ], [ -70.664691, -33.453405 ], [ -70.664691, -33.453417 ], [ -70.664685, -33.453507 ], [ -70.664684, -33.453525 ], [ -70.664684, -33.45353 ], [ -70.664679, -33.453614 ], [ -70.664432, -33.453594 ], [ -70.664443, -33.453487 ], [ -70.664452, -33.453385 ], [ -70.664453, -33.453385 ], [ -70.664464, -33.453281 ] ] ] } },
{ "type": "Feature", "properties": { "INMUEBLES_": 816, "COUNT": 16, "INMUEBLE": null, "NUEVO_NUM": 0 }, "geometry": { "type": "MultiPolygon", "coordinates": [ [ [ [ -70.662397, -33.452528 ], [ -70.662379, -33.45259 ], [ -70.662376, -33.4526 ], [ -70.66237, -33.452617 ], [ -70.662368, -33.452627 ], [ -70.662356, -33.452664 ], [ -70.662365, -33.452666 ], [ -70.66236, -33.452682 ], [ -70.662436, -33.452692 ], [ -70.662423, -33.452752 ], [ -70.66241, -33.452809 ], [ -70.662441, -33.452814 ], [ -70.662465, -33.452816 ], [ -70.662517, -33.452823 ], [ -70.662502, -33.452905 ], [ -70.662427, -33.452896 ], [ -70.662365, -33.452888 ], [ -70.662304, -33.45288 ], [ -70.66228, -33.452877 ], [ -70.662231, -33.452864 ], [ -70.66225, -33.452787 ], [ -70.662263, -33.452729 ], [ -70.662278, -33.45267 ], [ -70.662297, -33.452588 ], [ -70.662315, -33.452515 ], [ -70.662348, -33.452384 ], [ -70.662436, -33.452402 ], [ -70.662397, -33.452528 ] ] ], [ [ [ -70.662214, -33.452355 ], [ -70.662313, -33.452376 ], [ -70.662297, -33.452449 ], [ -70.662282, -33.452515 ], [ -70.662266, -33.452585 ], [ -70.662245, -33.452673 ], [ -70.662226, -33.452757 ], [ -70.662216, -33.452798 ], [ -70.662212, -33.452797 ], [ -70.662202, -33.452844 ], [ -70.662198, -33.452858 ], [ -70.662209, -33.452859 ], [ -70.662203, -33.452882 ], [ -70.662271, -33.452898 ], [ -70.662273, -33.452893 ], [ -70.662348, -33.452903 ], [ -70.662422, -33.452913 ], [ -70.662498, -33.452923 ], [ -70.66249, -33.45297 ], [ -70.662415, -33.452962 ], [ -70.662395, -33.452959 ], [ -70.662339, -33.452953 ], [ -70.662262, -33.452944 ], [ -70.662269, -33.45291 ], [ -70.662088, -33.452887 ], [ -70.662104, -33.452818 ], [ -70.662122, -33.452744 ], [ -70.662123, -33.45274 ], [ -70.662142, -33.452656 ], [ -70.662146, -33.452639 ], [ -70.662163, -33.452569 ], [ -70.66218, -33.452498 ], [ -70.662186, -33.452471 ], [ -70.662214, -33.452355 ] ] ] ] } },
{ "type": "Feature", "properties": { "INMUEBLES_": 817, "COUNT": 2, "INMUEBLE": null, "NUEVO_NUM": 0 }, "geometry": { "type": "Polygon", "coordinates": [ [ [ -70.662214, -33.452355 ], [ -70.662186, -33.452471 ], [ -70.66218, -33.452498 ], [ -70.662163, -33.452569 ], [ -70.662146, -33.452639 ], [ -70.661675, -33.452576 ], [ -70.661691, -33.452455 ], [ -70.66172, -33.452287 ], [ -70.661756, -33.452266 ], [ -70.662076, -33.452328 ], [ -70.662214, -33.452355 ] ] ] } },
{ "type": "Feature", "properties": { "INMUEBLES_": 818, "COUNT": 1, "INMUEBLE": null, "NUEVO_NUM": 0 }, "geometry": { "type": "Polygon", "coordinates": [ [ [ -70.661026, -33.452823 ], [ -70.66105, -33.452673 ], [ -70.661469, -33.452746 ], [ -70.661413, -33.453101 ], [ -70.661215, -33.453064 ], [ -70.660994, -33.453024 ], [ -70.661026, -33.452823 ] ] ] } },
{ "type": "Feature", "properties": { "INMUEBLES_": 819, "COUNT": 1, "INMUEBLE": null, "NUEVO_NUM": 0 }, "geometry": { "type": "Polygon", "coordinates": [ [ [ -70.673362, -33.456507 ], [ -70.673428, -33.456519 ], [ -70.67346, -33.456525 ], [ -70.673584, -33.456547 ], [ -70.673569, -33.456604 ], [ -70.673555, -33.45666 ], [ -70.67354, -33.456715 ], [ -70.673525, -33.456772 ], [ -70.673497, -33.456877 ], [ -70.673222, -33.456823 ], [ -70.673222, -33.456822 ], [ -70.673252, -33.456717 ], [ -70.673269, -33.45672 ], [ -70.673287, -33.45665 ], [ -70.673297, -33.45661 ], [ -70.673305, -33.456576 ], [ -70.673324, -33.4565 ], [ -70.673362, -33.456507 ] ] ] } },
{ "type": "Feature", "properties": { "INMUEBLES_": 820, "COUNT": 1, "INMUEBLE": null, "NUEVO_NUM": 0 }, "geometry": { "type": "Polygon", "coordinates": [ [ [ -70.670056, -33.455212 ], [ -70.670159, -33.455234 ], [ -70.670148, -33.455721 ], [ -70.670087, -33.456184 ], [ -70.670086, -33.456186 ], [ -70.669831, -33.456132 ], [ -70.669832, -33.456127 ], [ -70.669916, -33.455464 ], [ -70.670016, -33.455481 ], [ -70.670056, -33.455212 ] ] ] } },
{ "type": "Feature", "properties": { "INMUEBLES_": 821, "COUNT": 1, "INMUEBLE": null, "NUEVO_NUM": 0 }, "geometry": { "type": "Polygon", "coordinates": [ [ [ -70.668291, -33.454848 ], [ -70.668406, -33.454871 ], [ -70.668317, -33.455096 ], [ -70.668201, -33.455074 ], [ -70.668291, -33.454848 ] ] ] } },
{ "type": "Feature", "properties": { "INMUEBLES_": 822, "COUNT": 11, "INMUEBLE": null, "NUEVO_NUM": 0 }, "geometry": { "type": "Polygon", "coordinates": [ [ [ -70.665849, -33.455099 ], [ -70.665781, -33.455083 ], [ -70.665703, -33.455066 ], [ -70.665635, -33.45505 ], [ -70.665621, -33.455104 ], [ -70.665694, -33.45512 ], [ -70.665797, -33.455143 ], [ -70.66589, -33.455163 ], [ -70.665893, -33.455151 ], [ -70.666043, -33.455185 ], [ -70.666039, -33.455266 ], [ -70.666036, -33.455345 ], [ -70.666001, -33.455368 ], [ -70.665841, -33.455334 ], [ -70.665747, -33.455314 ], [ -70.665645, -33.455293 ], [ -70.665545, -33.455272 ], [ -70.665557, -33.45509 ], [ -70.665559, -33.455053 ], [ -70.665561, -33.454996 ], [ -70.665562, -33.454978 ], [ -70.665566, -33.454906 ], [ -70.665567, -33.454873 ], [ -70.665642, -33.45489 ], [ -70.66567, -33.454896 ], [ -70.665716, -33.454906 ], [ -70.66574, -33.454912 ], [ -70.66579, -33.454923 ], [ -70.665818, -33.45493 ], [ -70.665864, -33.45494 ], [ -70.665893, -33.454947 ], [ -70.665936, -33.454956 ], [ -70.666046, -33.454981 ], [ -70.666051, -33.454982 ], [ -70.666048, -33.455063 ], [ -70.666044, -33.455151 ], [ -70.665853, -33.455109 ], [ -70.665849, -33.455099 ] ] ] } },
{ "type": "Feature", "properties": { "INMUEBLES_": 823, "COUNT": 1, "INMUEBLE": null, "NUEVO_NUM": 0 }, "geometry": { "type": "Polygon", "coordinates": [ [ [ -70.665573, -33.454732 ], [ -70.665572, -33.454752 ], [ -70.665571, -33.454795 ], [ -70.66557, -33.454815 ], [ -70.665567, -33.454873 ], [ -70.665566, -33.454906 ], [ -70.665562, -33.454978 ], [ -70.665561, -33.454996 ], [ -70.665559, -33.455053 ], [ -70.665557, -33.45509 ], [ -70.665545, -33.455272 ], [ -70.66544, -33.45525 ], [ -70.665341, -33.45523 ], [ -70.665299, -33.455221 ], [ -70.66512, -33.455184 ], [ -70.665094, -33.455155 ], [ -70.665097, -33.455044 ], [ -70.665098, -33.454994 ], [ -70.6651, -33.454904 ], [ -70.665103, -33.454805 ], [ -70.665106, -33.454719 ], [ -70.665251, -33.454723 ], [ -70.665292, -33.454724 ], [ -70.665329, -33.454724 ], [ -70.665367, -33.454725 ], [ -70.665406, -33.454726 ], [ -70.665443, -33.454727 ], [ -70.665487, -33.454728 ], [ -70.665573, -33.454732 ] ] ] } },
{ "type": "Feature", "properties": { "INMUEBLES_": 824, "COUNT": 5, "INMUEBLE": null, "NUEVO_NUM": 0 }, "geometry": { "type": "Polygon", "coordinates": [ [ [ -70.66463, -33.454574 ], [ -70.664622, -33.454659 ], [ -70.664621, -33.454666 ], [ -70.664614, -33.454742 ], [ -70.664612, -33.454759 ], [ -70.664606, -33.454824 ], [ -70.664604, -33.454851 ], [ -70.664599, -33.454906 ], [ -70.664596, -33.454936 ], [ -70.664482, -33.454928 ], [ -70.66447, -33.455056 ], [ -70.664321, -33.455029 ], [ -70.664319, -33.455029 ], [ -70.664291, -33.455 ], [ -70.664301, -33.454912 ], [ -70.664309, -33.454827 ], [ -70.664318, -33.454735 ], [ -70.664328, -33.454645 ], [ -70.664337, -33.454557 ], [ -70.66463, -33.454574 ] ] ] } },
{ "type": "Feature", "properties": { "INMUEBLES_": 825, "COUNT": 34, "INMUEBLE": null, "NUEVO_NUM": 0 }, "geometry": { "type": "MultiPolygon", "coordinates": [ [ [ [ -70.663853, -33.454163 ], [ -70.663919, -33.453945 ], [ -70.664022, -33.453966 ], [ -70.664186, -33.453999 ], [ -70.664211, -33.454028 ], [ -70.664203, -33.454121 ], [ -70.664193, -33.45423 ], [ -70.664181, -33.454339 ], [ -70.664174, -33.454417 ], [ -70.664131, -33.454445 ], [ -70.663934, -33.454407 ], [ -70.663828, -33.454386 ], [ -70.663702, -33.45436 ], [ -70.663576, -33.454334 ], [ -70.663471, -33.454314 ], [ -70.663347, -33.454289 ], [ -70.663221, -33.454264 ], [ -70.663117, -33.454243 ], [ -70.663149, -33.454135 ], [ -70.663182, -33.454029 ], [ -70.663255, -33.454043 ], [ -70.66331, -33.45382 ], [ -70.663432, -33.453846 ], [ -70.663562, -33.453872 ], [ -70.663666, -33.453894 ], [ -70.663793, -33.45392 ], [ -70.66373, -33.454138 ], [ -70.66376, -33.454144 ], [ -70.663853, -33.454163 ] ] ], [ [ [ -70.662886, -33.454409 ], [ -70.662895, -33.454335 ], [ -70.662896, -33.454331 ], [ -70.662899, -33.454325 ], [ -70.662901, -33.454321 ], [ -70.662905, -33.454315 ], [ -70.66291, -33.454311 ], [ -70.662915, -33.454308 ], [ -70.662916, -33.454307 ], [ -70.66292, -33.454305 ], [ -70.662927, -33.454303 ], [ -70.662932, -33.454301 ], [ -70.662938, -33.4543 ], [ -70.662943, -33.4543 ], [ -70.66295, -33.454301 ], [ -70.66314, -33.454339 ], [ -70.663243, -33.45436 ], [ -70.663374, -33.454386 ], [ -70.663494, -33.454411 ], [ -70.6636, -33.454432 ], [ -70.663728, -33.454457 ], [ -70.663852, -33.454482 ], [ -70.663955, -33.454503 ], [ -70.664133, -33.454539 ], [ -70.664158, -33.454568 ], [ -70.664149, -33.454661 ], [ -70.664139, -33.454769 ], [ -70.66393, -33.454728 ], [ -70.663909, -33.454829 ], [ -70.66388, -33.454942 ], [ -70.66378, -33.454923 ], [ -70.663672, -33.454901 ], [ -70.663567, -33.45488 ], [ -70.663462, -33.45486 ], [ -70.663357, -33.454839 ], [ -70.663148, -33.454799 ], [ -70.663038, -33.454778 ], [ -70.663064, -33.454665 ], [ -70.663093, -33.454559 ], [ -70.663079, -33.454556 ], [ -70.662872, -33.454517 ], [ -70.662886, -33.454409 ] ] ] ] } },
{ "type": "Feature", "properties": { "INMUEBLES_": 826, "COUNT": 1, "INMUEBLE": null, "NUEVO_NUM": 0 }, "geometry": { "type": "Polygon", "coordinates": [ [ [ -70.662272, -33.453611 ], [ -70.662344, -33.453626 ], [ -70.662419, -33.453641 ], [ -70.662491, -33.453655 ], [ -70.662564, -33.45367 ], [ -70.66264, -33.453685 ], [ -70.662713, -33.4537 ], [ -70.662759, -33.453709 ], [ -70.662783, -33.453739 ], [ -70.662772, -33.453825 ], [ -70.662686, -33.453809 ], [ -70.66261, -33.453795 ], [ -70.662536, -33.453781 ], [ -70.662462, -33.453767 ], [ -70.662387, -33.453753 ], [ -70.662313, -33.453739 ], [ -70.662255, -33.453728 ], [ -70.662272, -33.453611 ] ] ] } },
{ "type": "Feature", "properties": { "INMUEBLES_": 827, "COUNT": 1, "INMUEBLE": null, "NUEVO_NUM": 0 }, "geometry": { "type": "Polygon", "coordinates": [ [ [ -70.66197, -33.453551 ], [ -70.661996, -33.453556 ], [ -70.66204, -33.453565 ], [ -70.662118, -33.45358 ], [ -70.662146, -33.453585 ], [ -70.662209, -33.453598 ], [ -70.662272, -33.453611 ], [ -70.662255, -33.453728 ], [ -70.662252, -33.453747 ], [ -70.662247, -33.453785 ], [ -70.662243, -33.45382 ], [ -70.662238, -33.45386 ], [ -70.662234, -33.453895 ], [ -70.662229, -33.453932 ], [ -70.662215, -33.45404 ], [ -70.662193, -33.454037 ], [ -70.662193, -33.454037 ], [ -70.66217, -33.454034 ], [ -70.662131, -33.45403 ], [ -70.662124, -33.454029 ], [ -70.66208, -33.454023 ], [ -70.662075, -33.454023 ], [ -70.662036, -33.454018 ], [ -70.662014, -33.454015 ], [ -70.661992, -33.454012 ], [ -70.661959, -33.454008 ], [ -70.661946, -33.454007 ], [ -70.661902, -33.454001 ], [ -70.661922, -33.453843 ], [ -70.661927, -33.453808 ], [ -70.661931, -33.453771 ], [ -70.661936, -33.453732 ], [ -70.661942, -33.453691 ], [ -70.661954, -33.453624 ], [ -70.66197, -33.453551 ] ] ] } },
{ "type": "Feature", "properties": { "INMUEBLES_": 828, "COUNT": 1, "INMUEBLE": null, "NUEVO_NUM": 0 }, "geometry": { "type": "Polygon", "coordinates": [ [ [ -70.661954, -33.453624 ], [ -70.661807, -33.453604 ], [ -70.661647, -33.453582 ], [ -70.661516, -33.453567 ], [ -70.661529, -33.453489 ], [ -70.661565, -33.453468 ], [ -70.661664, -33.453488 ], [ -70.661822, -33.45352 ], [ -70.66197, -33.453551 ], [ -70.661954, -33.453624 ] ] ] } },
{ "type": "Feature", "properties": { "INMUEBLES_": 831, "COUNT": 1, "INMUEBLE": null, "NUEVO_NUM": 0 }, "geometry": { "type": "Polygon", "coordinates": [ [ [ -70.661339, -33.453563 ], [ -70.661341, -33.453563 ], [ -70.661317, -33.453709 ], [ -70.661315, -33.453709 ], [ -70.660807, -33.453613 ], [ -70.660817, -33.453552 ], [ -70.660968, -33.453582 ], [ -70.660978, -33.453533 ], [ -70.661066, -33.453549 ], [ -70.661074, -33.453513 ], [ -70.661339, -33.453563 ] ] ] } },
{ "type": "Feature", "properties": { "INMUEBLES_": 832, "COUNT": 1, "INMUEBLE": null, "NUEVO_NUM": 0 }, "geometry": { "type": "Polygon", "coordinates": [ [ [ -70.659998, -33.454011 ], [ -70.659966, -33.454176 ], [ -70.659896, -33.454161 ], [ -70.659896, -33.454159 ], [ -70.659545, -33.454088 ], [ -70.659576, -33.453943 ], [ -70.659998, -33.454011 ] ] ] } },
{ "type": "Feature", "properties": { "INMUEBLES_": 834, "COUNT": 1, "INMUEBLE": null, "NUEVO_NUM": 0 }, "geometry": { "type": "Polygon", "coordinates": [ [ [ -70.659518, -33.453933 ], [ -70.659576, -33.453943 ], [ -70.659545, -33.454088 ], [ -70.65954, -33.454087 ], [ -70.659486, -33.454075 ], [ -70.659516, -33.453939 ], [ -70.659518, -33.453933 ] ] ] } },
{ "type": "Feature", "properties": { "INMUEBLES_": 835, "COUNT": 1, "INMUEBLE": null, "NUEVO_NUM": 0 }, "geometry": { "type": "Polygon", "coordinates": [ [ [ -70.656551, -33.453399 ], [ -70.656729, -33.453416 ], [ -70.656689, -33.453598 ], [ -70.656206, -33.453552 ], [ -70.6561, -33.453542 ], [ -70.656139, -33.453361 ], [ -70.656455, -33.45339 ], [ -70.656551, -33.453399 ] ] ] } },
{ "type": "Feature", "properties": { "INMUEBLES_": 836, "COUNT": 1, "INMUEBLE": null, "NUEVO_NUM": 0 }, "geometry": { "type": "Polygon", "coordinates": [ [ [ -70.672454, -33.456849 ], [ -70.672436, -33.456928 ], [ -70.672413, -33.457026 ], [ -70.67239, -33.457123 ], [ -70.672367, -33.45722 ], [ -70.672342, -33.457327 ], [ -70.672319, -33.457427 ], [ -70.672297, -33.457525 ], [ -70.672259, -33.457521 ], [ -70.672261, -33.457504 ], [ -70.672262, -33.457486 ], [ -70.672265, -33.457454 ], [ -70.672267, -33.45742 ], [ -70.672276, -33.457318 ], [ -70.672284, -33.45721 ], [ -70.672293, -33.457108 ], [ -70.672301, -33.457002 ], [ -70.67231, -33.456894 ], [ -70.672316, -33.456823 ], [ -70.672353, -33.456803 ], [ -70.672429, -33.456818 ], [ -70.672454, -33.456849 ] ] ] } },
{ "type": "Feature", "properties": { "INMUEBLES_": 837, "COUNT": 1, "INMUEBLE": null, "NUEVO_NUM": 0 }, "geometry": { "type": "Polygon", "coordinates": [ [ [ -70.671596, -33.457401 ], [ -70.671597, -33.457393 ], [ -70.672105, -33.457428 ], [ -70.672095, -33.457519 ], [ -70.672095, -33.45752 ], [ -70.671587, -33.457482 ], [ -70.671596, -33.457401 ] ] ] } },
{ "type": "Feature", "properties": { "INMUEBLES_": 839, "COUNT": 4, "INMUEBLE": null, "NUEVO_NUM": 0 }, "geometry": { "type": "Polygon", "coordinates": [ [ [ -70.669586, -33.457481 ], [ -70.66957, -33.457541 ], [ -70.669551, -33.457611 ], [ -70.669515, -33.457753 ], [ -70.669358, -33.457725 ], [ -70.669357, -33.457725 ], [ -70.669258, -33.457707 ], [ -70.669256, -33.457707 ], [ -70.669102, -33.457679 ], [ -70.669101, -33.457678 ], [ -70.6691, -33.457678 ], [ -70.669137, -33.457535 ], [ -70.669155, -33.457467 ], [ -70.669172, -33.457404 ], [ -70.669207, -33.457253 ], [ -70.669348, -33.457278 ], [ -70.669485, -33.457303 ], [ -70.669623, -33.457328 ], [ -70.669586, -33.457481 ] ] ] } },
{ "type": "Feature", "properties": { "INMUEBLES_": 841, "COUNT": 1, "INMUEBLE": null, "NUEVO_NUM": 0 }, "geometry": { "type": "Polygon", "coordinates": [ [ [ -70.668828, -33.457358 ], [ -70.66881, -33.457436 ], [ -70.668565, -33.45739 ], [ -70.668585, -33.457308 ], [ -70.668663, -33.457324 ], [ -70.668828, -33.457358 ] ] ] } },
{ "type": "Feature", "properties": { "INMUEBLES_": 844, "COUNT": 3, "INMUEBLE": null, "NUEVO_NUM": 0 }, "geometry": { "type": "Polygon", "coordinates": [ [ [ -70.667916, -33.456308 ], [ -70.668464, -33.4564 ], [ -70.668466, -33.456401 ], [ -70.668412, -33.456629 ], [ -70.668378, -33.456776 ], [ -70.668378, -33.456778 ], [ -70.668347, -33.456902 ], [ -70.668311, -33.456916 ], [ -70.668174, -33.456892 ], [ -70.667975, -33.456857 ], [ -70.667976, -33.456856 ], [ -70.668014, -33.456718 ], [ -70.667806, -33.456683 ], [ -70.667841, -33.456533 ], [ -70.667883, -33.456377 ], [ -70.667774, -33.456359 ], [ -70.667794, -33.456287 ], [ -70.667916, -33.456308 ] ] ] } },
{ "type": "Feature", "properties": { "INMUEBLES_": 845, "COUNT": 13, "INMUEBLE": null, "NUEVO_NUM": 0 }, "geometry": { "type": "MultiPolygon", "coordinates": [ [ [ [ -70.667163, -33.456385 ], [ -70.667029, -33.456367 ], [ -70.666854, -33.456347 ], [ -70.666862, -33.456305 ], [ -70.666867, -33.456283 ], [ -70.666874, -33.456248 ], [ -70.666897, -33.456234 ], [ -70.666918, -33.456238 ], [ -70.66693, -33.456254 ], [ -70.666964, -33.456257 ], [ -70.666971, -33.456224 ], [ -70.667088, -33.456238 ], [ -70.667086, -33.456249 ], [ -70.667071, -33.456247 ], [ -70.667081, -33.456275 ], [ -70.667077, -33.456296 ], [ -70.667105, -33.456299 ], [ -70.667107, -33.456292 ], [ -70.667155, -33.456297 ], [ -70.667152, -33.456306 ], [ -70.66718, -33.45631 ], [ -70.667185, -33.456282 ], [ -70.66725, -33.45629 ], [ -70.667246, -33.456301 ], [ -70.667287, -33.456308 ], [ -70.667332, -33.456341 ], [ -70.667315, -33.456407 ], [ -70.667311, -33.456405 ], [ -70.667163, -33.456385 ] ] ], [ [ [ -70.667225, -33.456087 ], [ -70.667396, -33.456109 ], [ -70.667376, -33.45618 ], [ -70.667312, -33.456196 ], [ -70.667275, -33.456192 ], [ -70.667272, -33.456201 ], [ -70.667203, -33.456192 ], [ -70.667211, -33.456154 ], [ -70.66718, -33.456151 ], [ -70.667178, -33.456159 ], [ -70.667134, -33.456153 ], [ -70.667134, -33.456144 ], [ -70.667105, -33.456141 ], [ -70.6671, -33.456163 ], [ -70.667098, -33.456167 ], [ -70.667086, -33.456177 ], [ -70.667102, -33.456178 ], [ -70.667098, -33.456196 ], [ -70.66707, -33.456193 ], [ -70.666975, -33.456182 ], [ -70.666973, -33.456182 ], [ -70.666976, -33.456168 ], [ -70.666946, -33.456164 ], [ -70.666913, -33.45616 ], [ -70.666895, -33.456135 ], [ -70.6669, -33.456109 ], [ -70.666905, -33.456084 ], [ -70.666913, -33.456046 ], [ -70.667068, -33.456066 ], [ -70.667225, -33.456087 ] ] ], [ [ [ -70.667464, -33.456091 ], [ -70.667494, -33.455984 ], [ -70.667526, -33.455991 ], [ -70.667616, -33.456009 ], [ -70.667585, -33.456116 ], [ -70.667557, -33.456212 ], [ -70.667527, -33.456317 ], [ -70.667498, -33.456418 ], [ -70.667469, -33.456521 ], [ -70.667439, -33.456623 ], [ -70.667347, -33.456607 ], [ -70.66732, -33.456602 ], [ -70.667349, -33.4565 ], [ -70.667377, -33.456398 ], [ -70.667406, -33.456296 ], [ -70.667436, -33.456191 ], [ -70.667464, -33.456091 ] ] ] ] } },
{ "type": "Feature", "properties": { "INMUEBLES_": 846, "COUNT": 1, "INMUEBLE": null, "NUEVO_NUM": 0 }, "geometry": { "type": "Polygon", "coordinates": [ [ [ -70.666982, -33.456517 ], [ -70.666968, -33.456586 ], [ -70.666812, -33.456563 ], [ -70.666826, -33.456494 ], [ -70.666982, -33.456517 ] ] ] } },
{ "type": "Feature", "properties": { "INMUEBLES_": 847, "COUNT": 1, "INMUEBLE": null, "NUEVO_NUM": 0 }, "geometry": { "type": "Polygon", "coordinates": [ [ [ -70.666968, -33.456586 ], [ -70.667, -33.45659 ], [ -70.666978, -33.456679 ], [ -70.666806, -33.456649 ], [ -70.666808, -33.45664 ], [ -70.666798, -33.456638 ], [ -70.666812, -33.456563 ], [ -70.666968, -33.456586 ] ] ] } },
{ "type": "Feature", "properties": { "INMUEBLES_": 848, "COUNT": 1, "INMUEBLE": null, "NUEVO_NUM": 0 }, "geometry": { "type": "Polygon", "coordinates": [ [ [ -70.667267, -33.456555 ], [ -70.667256, -33.456591 ], [ -70.667222, -33.456723 ], [ -70.667061, -33.456694 ], [ -70.6671, -33.456533 ], [ -70.667267, -33.456555 ] ] ] } },
{ "type": "Feature", "properties": { "INMUEBLES_": 849, "COUNT": 1, "INMUEBLE": null, "NUEVO_NUM": 0 }, "geometry": { "type": "Polygon", "coordinates": [ [ [ -70.667527, -33.456317 ], [ -70.667774, -33.456359 ], [ -70.667883, -33.456377 ], [ -70.667841, -33.456533 ], [ -70.667806, -33.456683 ], [ -70.66777, -33.456821 ], [ -70.667667, -33.456801 ], [ -70.667402, -33.456754 ], [ -70.667402, -33.456754 ], [ -70.667439, -33.456623 ], [ -70.667469, -33.456521 ], [ -70.667498, -33.456418 ], [ -70.667527, -33.456317 ] ] ] } },
{ "type": "Feature", "properties": { "INMUEBLES_": 850, "COUNT": 1, "INMUEBLE": null, "NUEVO_NUM": 0 }, "geometry": { "type": "Polygon", "coordinates": [ [ [ -70.667027, -33.457103 ], [ -70.66698, -33.457302 ], [ -70.666677, -33.457248 ], [ -70.666717, -33.457049 ], [ -70.666722, -33.45705 ], [ -70.666882, -33.457078 ], [ -70.667027, -33.457103 ] ] ] } },
{ "type": "Feature", "properties": { "INMUEBLES_": 851, "COUNT": 2, "INMUEBLE": null, "NUEVO_NUM": 0 }, "geometry": { "type": "Polygon", "coordinates": [ [ [ -70.66131, -33.45488 ], [ -70.66135, -33.454633 ], [ -70.66135, -33.454632 ], [ -70.661385, -33.45461 ], [ -70.661458, -33.454624 ], [ -70.661833, -33.454699 ], [ -70.661813, -33.454848 ], [ -70.661802, -33.45494 ], [ -70.661801, -33.454949 ], [ -70.661792, -33.455027 ], [ -70.661782, -33.45511 ], [ -70.661781, -33.455124 ], [ -70.661776, -33.45516 ], [ -70.661562, -33.455125 ], [ -70.661576, -33.455066 ], [ -70.661288, -33.455011 ], [ -70.66131, -33.45488 ] ] ] } },
{ "type": "Feature", "properties": { "INMUEBLES_": 852, "COUNT": 1, "INMUEBLE": null, "NUEVO_NUM": 0 }, "geometry": { "type": "Polygon", "coordinates": [ [ [ -70.660637, -33.454467 ], [ -70.660681, -33.454472 ], [ -70.66068, -33.454477 ], [ -70.660784, -33.454497 ], [ -70.660967, -33.454528 ], [ -70.660938, -33.454685 ], [ -70.660928, -33.454743 ], [ -70.660918, -33.454802 ], [ -70.660761, -33.454786 ], [ -70.660761, -33.454783 ], [ -70.660609, -33.454766 ], [ -70.660579, -33.454761 ], [ -70.660599, -33.454663 ], [ -70.660637, -33.454467 ] ] ] } },
{ "type": "Feature", "properties": { "INMUEBLES_": 853, "COUNT": 1, "INMUEBLE": null, "NUEVO_NUM": 0 }, "geometry": { "type": "Polygon", "coordinates": [ [ [ -70.660579, -33.454761 ], [ -70.660609, -33.454766 ], [ -70.660599, -33.454819 ], [ -70.660638, -33.454826 ], [ -70.660634, -33.454859 ], [ -70.660596, -33.454854 ], [ -70.66059, -33.454895 ], [ -70.660336, -33.454858 ], [ -70.660066, -33.454819 ], [ -70.660097, -33.454666 ], [ -70.660579, -33.454761 ] ] ] } },
{ "type": "Feature", "properties": { "INMUEBLES_": 854, "COUNT": 1, "INMUEBLE": null, "NUEVO_NUM": 0 }, "geometry": { "type": "Polygon", "coordinates": [ [ [ -70.660575, -33.454992 ], [ -70.660555, -33.455124 ], [ -70.660552, -33.45514 ], [ -70.660519, -33.455135 ], [ -70.66002, -33.455066 ], [ -70.660047, -33.454917 ], [ -70.660318, -33.454956 ], [ -70.660575, -33.454992 ] ] ] } },
{ "type": "Feature", "properties": { "INMUEBLES_": 855, "COUNT": 1, "INMUEBLE": null, "NUEVO_NUM": 0 }, "geometry": { "type": "Polygon", "coordinates": [ [ [ -70.660519, -33.455135 ], [ -70.660492, -33.455268 ], [ -70.660403, -33.455256 ], [ -70.659993, -33.455201 ], [ -70.66002, -33.455066 ], [ -70.660519, -33.455135 ] ] ] } },
{ "type": "Feature", "properties": { "INMUEBLES_": 857, "COUNT": 1, "INMUEBLE": null, "NUEVO_NUM": 0 }, "geometry": { "type": "Polygon", "coordinates": [ [ [ -70.659366, -33.454214 ], [ -70.659458, -33.454232 ], [ -70.659457, -33.454233 ], [ -70.659423, -33.454391 ], [ -70.659335, -33.454375 ], [ -70.659341, -33.454351 ], [ -70.659333, -33.454349 ], [ -70.659366, -33.454214 ] ] ] } },
{ "type": "Feature", "properties": { "INMUEBLES_": 858, "COUNT": 1, "INMUEBLE": null, "NUEVO_NUM": 0 }, "geometry": { "type": "Polygon", "coordinates": [ [ [ -70.65889, -33.455073 ], [ -70.658922, -33.455079 ], [ -70.659001, -33.455094 ], [ -70.658982, -33.455166 ], [ -70.658842, -33.455139 ], [ -70.658861, -33.455067 ], [ -70.65889, -33.455073 ] ] ] } },
{ "type": "Feature", "properties": { "INMUEBLES_": 859, "COUNT": 1, "INMUEBLE": null, "NUEVO_NUM": 0 }, "geometry": { "type": "Polygon", "coordinates": [ [ [ -70.659482, -33.454951 ], [ -70.659423, -33.455246 ], [ -70.659423, -33.455248 ], [ -70.659263, -33.455221 ], [ -70.659265, -33.455214 ], [ -70.659318, -33.454929 ], [ -70.659482, -33.454951 ] ] ] } },
{ "type": "Feature", "properties": { "INMUEBLES_": 860, "COUNT": 38, "INMUEBLE": null, "NUEVO_NUM": 0 }, "geometry": { "type": "MultiPolygon", "coordinates": [ [ [ [ -70.665035, -33.456835 ], [ -70.665037, -33.456762 ], [ -70.665039, -33.456692 ], [ -70.665041, -33.45662 ], [ -70.665044, -33.456526 ], [ -70.665045, -33.456521 ], [ -70.665046, -33.456519 ], [ -70.665047, -33.456517 ], [ -70.665049, -33.456514 ], [ -70.665051, -33.456512 ], [ -70.665053, -33.45651 ], [ -70.665055, -33.456509 ], [ -70.665057, -33.456507 ], [ -70.66506, -33.456506 ], [ -70.665063, -33.456505 ], [ -70.665066, -33.456504 ], [ -70.665069, -33.456503 ], [ -70.665072, -33.456503 ], [ -70.665075, -33.456502 ], [ -70.665078, -33.456503 ], [ -70.665169, -33.45652 ], [ -70.665259, -33.456536 ], [ -70.66534, -33.456551 ], [ -70.665339, -33.456554 ], [ -70.665319, -33.456632 ], [ -70.665302, -33.456704 ], [ -70.665285, -33.456772 ], [ -70.665268, -33.456843 ], [ -70.665251, -33.456913 ], [ -70.665229, -33.456992 ], [ -70.665142, -33.456977 ], [ -70.665056, -33.456962 ], [ -70.665056, -33.456962 ], [ -70.665055, -33.456962 ], [ -70.665055, -33.456961 ], [ -70.665054, -33.456961 ], [ -70.665054, -33.456961 ], [ -70.665053, -33.456961 ], [ -70.665053, -33.456961 ], [ -70.665052, -33.456961 ], [ -70.665051, -33.45696 ], [ -70.665051, -33.45696 ], [ -70.66505, -33.45696 ], [ -70.66505, -33.45696 ], [ -70.665049, -33.456959 ], [ -70.665049, -33.456959 ], [ -70.665048, -33.456959 ], [ -70.665048, -33.456959 ], [ -70.665047, -33.456958 ], [ -70.665047, -33.456958 ], [ -70.665046, -33.456958 ], [ -70.665046, -33.456957 ], [ -70.665045, -33.456957 ], [ -70.665045, -33.456957 ], [ -70.665044, -33.456957 ], [ -70.665044, -33.456956 ], [ -70.665043, -33.456956 ], [ -70.665043, -33.456956 ], [ -70.665043, -33.456955 ], [ -70.665042, -33.456955 ], [ -70.665042, -33.456955 ], [ -70.665041, -33.456954 ], [ -70.665041, -33.456954 ], [ -70.665041, -33.456953 ], [ -70.66504, -33.456953 ], [ -70.66504, -33.456953 ], [ -70.665039, -33.456952 ], [ -70.665039, -33.456952 ], [ -70.665039, -33.456952 ], [ -70.665038, -33.456951 ], [ -70.665038, -33.456951 ], [ -70.665038, -33.45695 ], [ -70.665037, -33.45695 ], [ -70.665037, -33.456949 ], [ -70.665037, -33.456949 ], [ -70.665036, -33.456949 ], [ -70.665036, -33.456948 ], [ -70.665036, -33.456948 ], [ -70.665036, -33.456947 ], [ -70.665035, -33.456947 ], [ -70.665035, -33.456946 ], [ -70.665035, -33.456946 ], [ -70.665035, -33.456945 ], [ -70.665034, -33.456945 ], [ -70.665034, -33.456945 ], [ -70.665034, -33.456944 ], [ -70.665034, -33.456944 ], [ -70.665034, -33.456943 ], [ -70.665033, -33.456943 ], [ -70.665033, -33.456942 ], [ -70.665033, -33.456942 ], [ -70.665033, -33.456941 ], [ -70.665033, -33.456941 ], [ -70.665033, -33.45694 ], [ -70.665033, -33.45694 ], [ -70.665032, -33.456939 ], [ -70.665032, -33.456939 ], [ -70.665032, -33.456938 ], [ -70.665032, -33.456938 ], [ -70.665032, -33.456937 ], [ -70.665032, -33.456937 ], [ -70.665032, -33.456936 ], [ -70.665032, -33.456936 ], [ -70.665032, -33.456935 ], [ -70.665032, -33.456935 ], [ -70.665032, -33.456934 ], [ -70.665032, -33.456934 ], [ -70.665032, -33.456933 ], [ -70.665032, -33.456933 ], [ -70.665035, -33.456835 ] ] ], [ [ [ -70.665603, -33.456899 ], [ -70.665586, -33.45697 ], [ -70.665567, -33.457052 ], [ -70.665479, -33.457036 ], [ -70.665396, -33.457022 ], [ -70.665313, -33.457007 ], [ -70.665332, -33.456927 ], [ -70.66535, -33.456857 ], [ -70.665368, -33.456784 ], [ -70.665385, -33.456715 ], [ -70.665402, -33.456646 ], [ -70.665421, -33.456569 ], [ -70.665422, -33.456566 ], [ -70.665512, -33.456583 ], [ -70.665594, -33.456598 ], [ -70.665674, -33.456613 ], [ -70.665654, -33.456689 ], [ -70.665637, -33.45676 ], [ -70.66562, -33.456829 ], [ -70.665603, -33.456899 ] ] ], [ [ [ -70.665731, -33.457081 ], [ -70.66565, -33.457066 ], [ -70.66567, -33.456985 ], [ -70.665688, -33.456915 ], [ -70.665705, -33.456844 ], [ -70.665722, -33.456775 ], [ -70.665739, -33.456707 ], [ -70.665758, -33.456629 ], [ -70.665843, -33.456644 ], [ -70.665929, -33.45666 ], [ -70.665958, -33.456666 ], [ -70.665957, -33.456688 ], [ -70.665952, -33.456785 ], [ -70.665949, -33.456845 ], [ -70.665945, -33.456916 ], [ -70.665941, -33.456999 ], [ -70.665936, -33.457089 ], [ -70.665935, -33.457091 ], [ -70.665934, -33.457094 ], [ -70.665933, -33.457096 ], [ -70.665932, -33.457098 ], [ -70.66593, -33.457101 ], [ -70.665928, -33.457103 ], [ -70.665926, -33.457104 ], [ -70.665924, -33.457106 ], [ -70.665921, -33.457107 ], [ -70.665918, -33.457109 ], [ -70.665915, -33.457109 ], [ -70.665912, -33.45711 ], [ -70.665909, -33.45711 ], [ -70.665906, -33.457111 ], [ -70.665903, -33.45711 ], [ -70.6659, -33.45711 ], [ -70.665821, -33.457096 ], [ -70.665731, -33.457081 ] ] ] ] } },
{ "type": "Feature", "properties": { "INMUEBLES_": 862, "COUNT": 1, "INMUEBLE": null, "NUEVO_NUM": 0 }, "geometry": { "type": "Polygon", "coordinates": [ [ [ -70.660868, -33.455684 ], [ -70.660976, -33.455705 ], [ -70.661, -33.455736 ], [ -70.660978, -33.455873 ], [ -70.660742, -33.455828 ], [ -70.660755, -33.455777 ], [ -70.660837, -33.455794 ], [ -70.660868, -33.455684 ] ] ] } },
{ "type": "Feature", "properties": { "INMUEBLES_": 863, "COUNT": 4, "INMUEBLE": null, "NUEVO_NUM": 0 }, "geometry": { "type": "Polygon", "coordinates": [ [ [ -70.660457, -33.455605 ], [ -70.660531, -33.45562 ], [ -70.660615, -33.455636 ], [ -70.660697, -33.455651 ], [ -70.660785, -33.455668 ], [ -70.660868, -33.455684 ], [ -70.660837, -33.455794 ], [ -70.660755, -33.455777 ], [ -70.660742, -33.455828 ], [ -70.660654, -33.455811 ], [ -70.660605, -33.455801 ], [ -70.66057, -33.455795 ], [ -70.660524, -33.455786 ], [ -70.660513, -33.455825 ], [ -70.660425, -33.45581 ], [ -70.660434, -33.45577 ], [ -70.660423, -33.455768 ], [ -70.660457, -33.455605 ] ] ] } },
{ "type": "Feature", "properties": { "INMUEBLES_": 865, "COUNT": 1, "INMUEBLE": null, "NUEVO_NUM": 0 }, "geometry": { "type": "Polygon", "coordinates": [ [ [ -70.635379, -33.438294 ], [ -70.635336, -33.438398 ], [ -70.635142, -33.438338 ], [ -70.635121, -33.438307 ], [ -70.635145, -33.438229 ], [ -70.635379, -33.438294 ] ] ] } },
{ "type": "Feature", "properties": { "INMUEBLES_": 866, "COUNT": 1, "INMUEBLE": null, "NUEVO_NUM": 0 }, "geometry": { "type": "Polygon", "coordinates": [ [ [ -70.635465, -33.438012 ], [ -70.63562, -33.438049 ], [ -70.635454, -33.438432 ], [ -70.635336, -33.438398 ], [ -70.635379, -33.438294 ], [ -70.635412, -33.43821 ], [ -70.635392, -33.438204 ], [ -70.635465, -33.438012 ] ] ] } },
{ "type": "Feature", "properties": { "INMUEBLES_": 867, "COUNT": 7, "INMUEBLE": null, "NUEVO_NUM": 0 }, "geometry": { "type": "Polygon", "coordinates": [ [ [ -70.635187, -33.439968 ], [ -70.63511, -33.43994 ], [ -70.635096, -33.439935 ], [ -70.63501, -33.439906 ], [ -70.634982, -33.439897 ], [ -70.634924, -33.439877 ], [ -70.634678, -33.439798 ], [ -70.634687, -33.439768 ], [ -70.634728, -33.439633 ], [ -70.634732, -33.439619 ], [ -70.634748, -33.439624 ], [ -70.634981, -33.439713 ], [ -70.634974, -33.439727 ], [ -70.634997, -33.439735 ], [ -70.63508, -33.439767 ], [ -70.635168, -33.439799 ], [ -70.635259, -33.439835 ], [ -70.635346, -33.439868 ], [ -70.635433, -33.439901 ], [ -70.635519, -33.439935 ], [ -70.635449, -33.440063 ], [ -70.635397, -33.440044 ], [ -70.635364, -33.440032 ], [ -70.63528, -33.440002 ], [ -70.635228, -33.439983 ], [ -70.635187, -33.439968 ] ] ] } },
{ "type": "Feature", "properties": { "INMUEBLES_": 868, "COUNT": 5, "INMUEBLE": null, "NUEVO_NUM": 0 }, "geometry": { "type": "Polygon", "coordinates": [ [ [ -70.63498, -33.441401 ], [ -70.635067, -33.441431 ], [ -70.635015, -33.441548 ], [ -70.634909, -33.441513 ], [ -70.634805, -33.441478 ], [ -70.634695, -33.441442 ], [ -70.634394, -33.441343 ], [ -70.634258, -33.441298 ], [ -70.634245, -33.441293 ], [ -70.634246, -33.441277 ], [ -70.634247, -33.441235 ], [ -70.634252, -33.441236 ], [ -70.634264, -33.441193 ], [ -70.63426, -33.441192 ], [ -70.634268, -33.441167 ], [ -70.634441, -33.441224 ], [ -70.634744, -33.441323 ], [ -70.634855, -33.441361 ], [ -70.63496, -33.441394 ], [ -70.63498, -33.441401 ] ] ] } },
{ "type": "Feature", "properties": { "INMUEBLES_": 869, "COUNT": 1, "INMUEBLE": null, "NUEVO_NUM": 0 }, "geometry": { "type": "Polygon", "coordinates": [ [ [ -70.634315, -33.441009 ], [ -70.634563, -33.441092 ], [ -70.634718, -33.441145 ], [ -70.634878, -33.441199 ], [ -70.635035, -33.441252 ], [ -70.63498, -33.441401 ], [ -70.63496, -33.441394 ], [ -70.634855, -33.441361 ], [ -70.634744, -33.441323 ], [ -70.634441, -33.441224 ], [ -70.634268, -33.441167 ], [ -70.634315, -33.441009 ] ] ] } },
{ "type": "Feature", "properties": { "INMUEBLES_": 870, "COUNT": 2, "INMUEBLE": null, "NUEVO_NUM": 0 }, "geometry": { "type": "MultiPolygon", "coordinates": [ [ [ [ -70.634438, -33.4406 ], [ -70.634752, -33.44072 ], [ -70.634676, -33.440866 ], [ -70.634516, -33.440808 ], [ -70.634507, -33.440805 ], [ -70.634511, -33.440797 ], [ -70.634528, -33.440765 ], [ -70.634515, -33.440759 ], [ -70.634521, -33.440749 ], [ -70.634417, -33.440711 ], [ -70.634406, -33.440707 ], [ -70.634408, -33.440698 ], [ -70.634438, -33.4406 ] ] ], [ [ [ -70.634315, -33.441009 ], [ -70.634345, -33.440911 ], [ -70.634348, -33.440899 ], [ -70.634362, -33.440904 ], [ -70.63445, -33.440937 ], [ -70.634456, -33.440925 ], [ -70.634468, -33.44093 ], [ -70.634485, -33.440899 ], [ -70.63449, -33.440891 ], [ -70.634499, -33.440894 ], [ -70.634634, -33.440943 ], [ -70.634563, -33.441092 ], [ -70.634315, -33.441009 ] ] ] ] } },
{ "type": "Feature", "properties": { "INMUEBLES_": 871, "COUNT": 1, "INMUEBLE": null, "NUEVO_NUM": 0 }, "geometry": { "type": "Polygon", "coordinates": [ [ [ -70.63414, -33.442914 ], [ -70.634241, -33.442942 ], [ -70.634208, -33.443038 ], [ -70.634108, -33.443013 ], [ -70.63414, -33.442914 ] ] ] } },
{ "type": "Feature", "properties": { "INMUEBLES_": 872, "COUNT": 6, "INMUEBLE": null, "NUEVO_NUM": 0 }, "geometry": { "type": "Polygon", "coordinates": [ [ [ -70.635452, -33.444098 ], [ -70.635545, -33.444131 ], [ -70.635616, -33.444158 ], [ -70.635633, -33.444191 ], [ -70.635582, -33.444311 ], [ -70.635574, -33.44431 ], [ -70.63547, -33.444272 ], [ -70.635376, -33.444238 ], [ -70.635283, -33.444205 ], [ -70.635184, -33.44417 ], [ -70.635095, -33.444137 ], [ -70.635005, -33.444105 ], [ -70.635075, -33.44396 ], [ -70.635174, -33.443996 ], [ -70.635266, -33.44403 ], [ -70.635359, -33.444063 ], [ -70.635452, -33.444098 ] ] ] } },
{ "type": "Feature", "properties": { "INMUEBLES_": 873, "COUNT": 6, "INMUEBLE": null, "NUEVO_NUM": 0 }, "geometry": { "type": "MultiPolygon", "coordinates": [ [ [ [ -70.633874, -33.444786 ], [ -70.634001, -33.444843 ], [ -70.634041, -33.444861 ], [ -70.634047, -33.444864 ], [ -70.634044, -33.444873 ], [ -70.633839, -33.444817 ], [ -70.633725, -33.444792 ], [ -70.63371, -33.44484 ], [ -70.63371, -33.44484 ], [ -70.633708, -33.444845 ], [ -70.633703, -33.444851 ], [ -70.633698, -33.444856 ], [ -70.633692, -33.44486 ], [ -70.633684, -33.444864 ], [ -70.633678, -33.444865 ], [ -70.633672, -33.444866 ], [ -70.63366, -33.444866 ], [ -70.633565, -33.444846 ], [ -70.633442, -33.444819 ], [ -70.633325, -33.444794 ], [ -70.633257, -33.444779 ], [ -70.633197, -33.444766 ], [ -70.633208, -33.444727 ], [ -70.633221, -33.444683 ], [ -70.633348, -33.444709 ], [ -70.633464, -33.444734 ], [ -70.633479, -33.444738 ], [ -70.633501, -33.444659 ], [ -70.633607, -33.444695 ], [ -70.633874, -33.444786 ] ] ], [ [ [ -70.633377, -33.444977 ], [ -70.633149, -33.444926 ], [ -70.633167, -33.444868 ], [ -70.633173, -33.44485 ], [ -70.633175, -33.444847 ], [ -70.633178, -33.444844 ], [ -70.63318, -33.444843 ], [ -70.633186, -33.444841 ], [ -70.633188, -33.444841 ], [ -70.633192, -33.444841 ], [ -70.633199, -33.444842 ], [ -70.633214, -33.444845 ], [ -70.633446, -33.444894 ], [ -70.633539, -33.444913 ], [ -70.633637, -33.444934 ], [ -70.633679, -33.444942 ], [ -70.633668, -33.444978 ], [ -70.63365, -33.445037 ], [ -70.633513, -33.445007 ], [ -70.633421, -33.444986 ], [ -70.633377, -33.444977 ] ] ] ] } },
{ "type": "Feature", "properties": { "INMUEBLES_": 874, "COUNT": 3, "INMUEBLE": null, "NUEVO_NUM": 0 }, "geometry": { "type": "Polygon", "coordinates": [ [ [ -70.633286, -33.445683 ], [ -70.633205, -33.445664 ], [ -70.63312, -33.445644 ], [ -70.633155, -33.445532 ], [ -70.633239, -33.445551 ], [ -70.633322, -33.445569 ], [ -70.633405, -33.445588 ], [ -70.633369, -33.445702 ], [ -70.633286, -33.445683 ] ] ] } },
{ "type": "Feature", "properties": { "INMUEBLES_": 875, "COUNT": 4, "INMUEBLE": null, "NUEVO_NUM": 0 }, "geometry": { "type": "Polygon", "coordinates": [ [ [ -70.634808, -33.446056 ], [ -70.634744, -33.446041 ], [ -70.634671, -33.446024 ], [ -70.63461, -33.44601 ], [ -70.634654, -33.44587 ], [ -70.634714, -33.445884 ], [ -70.634788, -33.445902 ], [ -70.634852, -33.445917 ], [ -70.63489, -33.445926 ], [ -70.634908, -33.445957 ], [ -70.634875, -33.446072 ], [ -70.634874, -33.446072 ], [ -70.634808, -33.446056 ] ] ] } },
{ "type": "Feature", "properties": { "INMUEBLES_": 876, "COUNT": 4, "INMUEBLE": null, "NUEVO_NUM": 0 }, "geometry": { "type": "Polygon", "coordinates": [ [ [ -70.633166, -33.446533 ], [ -70.633268, -33.446559 ], [ -70.633382, -33.446588 ], [ -70.633488, -33.446615 ], [ -70.633594, -33.446641 ], [ -70.633555, -33.446795 ], [ -70.633555, -33.446796 ], [ -70.633525, -33.446796 ], [ -70.633482, -33.446797 ], [ -70.633456, -33.446795 ], [ -70.633438, -33.446793 ], [ -70.633408, -33.446788 ], [ -70.633328, -33.446768 ], [ -70.633214, -33.44674 ], [ -70.633111, -33.446715 ], [ -70.633166, -33.446533 ] ] ] } },
{ "type": "Feature", "properties": { "INMUEBLES_": 877, "COUNT": 3, "INMUEBLE": null, "NUEVO_NUM": 0 }, "geometry": { "type": "Polygon", "coordinates": [ [ [ -70.632715, -33.446419 ], [ -70.632838, -33.44645 ], [ -70.633058, -33.446506 ], [ -70.633166, -33.446533 ], [ -70.633111, -33.446715 ], [ -70.633004, -33.446689 ], [ -70.632783, -33.446636 ], [ -70.632675, -33.446608 ], [ -70.632664, -33.446593 ], [ -70.632715, -33.446419 ] ] ] } },
{ "type": "Feature", "properties": { "INMUEBLES_": 879, "COUNT": 1, "INMUEBLE": null, "NUEVO_NUM": 0 }, "geometry": { "type": "Polygon", "coordinates": [ [ [ -70.632526, -33.447057 ], [ -70.632855, -33.447142 ], [ -70.632813, -33.447263 ], [ -70.632497, -33.447182 ], [ -70.632491, -33.44718 ], [ -70.632515, -33.447097 ], [ -70.632526, -33.447057 ] ] ] } },
{ "type": "Feature", "properties": { "INMUEBLES_": 880, "COUNT": 1, "INMUEBLE": null, "NUEVO_NUM": 0 }, "geometry": { "type": "Polygon", "coordinates": [ [ [ -70.632717, -33.44697 ], [ -70.632899, -33.447015 ], [ -70.632855, -33.447142 ], [ -70.632526, -33.447057 ], [ -70.632563, -33.446933 ], [ -70.632717, -33.44697 ] ] ] } },
{ "type": "Feature", "properties": { "INMUEBLES_": 881, "COUNT": 1, "INMUEBLE": null, "NUEVO_NUM": 0 }, "geometry": { "type": "Polygon", "coordinates": [ [ [ -70.633245, -33.448923 ], [ -70.633283, -33.448931 ], [ -70.633234, -33.449083 ], [ -70.633234, -33.449086 ], [ -70.633184, -33.449076 ], [ -70.633159, -33.44907 ], [ -70.63312, -33.449062 ], [ -70.633121, -33.449059 ], [ -70.63317, -33.448907 ], [ -70.633245, -33.448923 ] ] ] } },
{ "type": "Feature", "properties": { "INMUEBLES_": 882, "COUNT": 2, "INMUEBLE": null, "NUEVO_NUM": 0 }, "geometry": { "type": "Polygon", "coordinates": [ [ [ -70.633245, -33.448923 ], [ -70.63317, -33.448907 ], [ -70.633121, -33.449059 ], [ -70.63312, -33.449062 ], [ -70.633116, -33.449061 ], [ -70.633011, -33.449038 ], [ -70.632904, -33.449015 ], [ -70.632988, -33.448736 ], [ -70.633251, -33.448796 ], [ -70.633283, -33.448803 ], [ -70.633245, -33.448923 ] ] ] } },
{ "type": "Feature", "properties": { "INMUEBLES_": 883, "COUNT": 1, "INMUEBLE": null, "NUEVO_NUM": 0 }, "geometry": { "type": "Polygon", "coordinates": [ [ [ -70.632235, -33.448065 ], [ -70.632253, -33.447998 ], [ -70.632255, -33.447992 ], [ -70.632293, -33.447974 ], [ -70.632549, -33.448033 ], [ -70.632616, -33.44805 ], [ -70.632581, -33.448144 ], [ -70.632235, -33.448065 ] ] ] } },
{ "type": "Feature", "properties": { "INMUEBLES_": 884, "COUNT": 3, "INMUEBLE": null, "NUEVO_NUM": 0 }, "geometry": { "type": "Polygon", "coordinates": [ [ [ -70.632847, -33.448203 ], [ -70.632716, -33.448174 ], [ -70.632581, -33.448144 ], [ -70.632616, -33.44805 ], [ -70.632695, -33.448069 ], [ -70.632702, -33.448065 ], [ -70.632721, -33.44807 ], [ -70.632725, -33.448076 ], [ -70.632744, -33.44808 ], [ -70.632763, -33.448084 ], [ -70.63277, -33.448081 ], [ -70.632789, -33.448085 ], [ -70.632793, -33.448091 ], [ -70.632872, -33.44811 ], [ -70.632872, -33.44811 ], [ -70.63295, -33.448129 ], [ -70.632954, -33.448126 ], [ -70.632978, -33.448132 ], [ -70.63298, -33.448136 ], [ -70.633004, -33.448142 ], [ -70.633021, -33.448145 ], [ -70.633027, -33.448142 ], [ -70.633048, -33.448147 ], [ -70.633051, -33.448153 ], [ -70.633163, -33.448178 ], [ -70.633145, -33.448235 ], [ -70.63311, -33.448228 ], [ -70.633102, -33.44826 ], [ -70.63298, -33.448233 ], [ -70.632847, -33.448203 ] ] ] } },
{ "type": "Feature", "properties": { "INMUEBLES_": 885, "COUNT": 1, "INMUEBLE": null, "NUEVO_NUM": 0 }, "geometry": { "type": "Polygon", "coordinates": [ [ [ -70.633369, -33.448911 ], [ -70.633549, -33.448932 ], [ -70.633498, -33.449142 ], [ -70.633311, -33.449103 ], [ -70.633312, -33.449098 ], [ -70.633369, -33.448911 ] ] ] } },
{ "type": "Feature", "properties": { "INMUEBLES_": 886, "COUNT": 4, "INMUEBLE": null, "NUEVO_NUM": 0 }, "geometry": { "type": "Polygon", "coordinates": [ [ [ -70.632596, -33.449275 ], [ -70.632451, -33.449243 ], [ -70.632299, -33.44921 ], [ -70.632337, -33.449091 ], [ -70.632355, -33.449035 ], [ -70.632499, -33.449066 ], [ -70.632644, -33.449098 ], [ -70.632749, -33.449121 ], [ -70.632856, -33.449144 ], [ -70.632802, -33.44932 ], [ -70.632784, -33.449316 ], [ -70.632697, -33.449297 ], [ -70.632596, -33.449275 ] ] ] } },
{ "type": "Feature", "properties": { "INMUEBLES_": 888, "COUNT": 1, "INMUEBLE": null, "NUEVO_NUM": 0 }, "geometry": { "type": "Polygon", "coordinates": [ [ [ -70.634665, -33.448738 ], [ -70.634674, -33.448704 ], [ -70.635033, -33.448777 ], [ -70.635012, -33.44886 ], [ -70.634652, -33.44879 ], [ -70.634665, -33.448738 ] ] ] } },
{ "type": "Feature", "properties": { "INMUEBLES_": 889, "COUNT": 1, "INMUEBLE": null, "NUEVO_NUM": 0 }, "geometry": { "type": "Polygon", "coordinates": [ [ [ -70.634774, -33.449333 ], [ -70.634753, -33.449404 ], [ -70.634712, -33.449396 ], [ -70.634675, -33.449389 ], [ -70.634699, -33.449316 ], [ -70.634774, -33.449333 ] ] ] } },
{ "type": "Feature", "properties": { "INMUEBLES_": 890, "COUNT": 2, "INMUEBLE": null, "NUEVO_NUM": 0 }, "geometry": { "type": "Polygon", "coordinates": [ [ [ -70.634531, -33.449234 ], [ -70.634555, -33.449238 ], [ -70.634557, -33.449231 ], [ -70.634612, -33.449241 ], [ -70.634718, -33.449258 ], [ -70.634699, -33.449316 ], [ -70.634675, -33.449389 ], [ -70.634571, -33.449366 ], [ -70.634465, -33.449345 ], [ -70.634505, -33.44923 ], [ -70.634531, -33.449234 ] ] ] } },
{ "type": "Feature", "properties": { "INMUEBLES_": 891, "COUNT": 1, "INMUEBLE": null, "NUEVO_NUM": 0 }, "geometry": { "type": "Polygon", "coordinates": [ [ [ -70.641309, -33.442232 ], [ -70.641306, -33.442241 ], [ -70.641295, -33.442275 ], [ -70.641246, -33.442417 ], [ -70.641, -33.44236 ], [ -70.640917, -33.442341 ], [ -70.640828, -33.442319 ], [ -70.640779, -33.442308 ], [ -70.640843, -33.442129 ], [ -70.641309, -33.442232 ] ] ] } },
{ "type": "Feature", "properties": { "INMUEBLES_": 892, "COUNT": 9, "INMUEBLE": null, "NUEVO_NUM": 0 }, "geometry": { "type": "Polygon", "coordinates": [ [ [ -70.640379, -33.443722 ], [ -70.640506, -33.443751 ], [ -70.640634, -33.443778 ], [ -70.640705, -33.443793 ], [ -70.640772, -33.443809 ], [ -70.640729, -33.443933 ], [ -70.64072, -33.44396 ], [ -70.640691, -33.443953 ], [ -70.640587, -33.443929 ], [ -70.640587, -33.443928 ], [ -70.640463, -33.443897 ], [ -70.640382, -33.443878 ], [ -70.640372, -33.443873 ], [ -70.640363, -33.443866 ], [ -70.640355, -33.443857 ], [ -70.64035, -33.443845 ], [ -70.640349, -33.443835 ], [ -70.64035, -33.443826 ], [ -70.640348, -33.443825 ], [ -70.640248, -33.443801 ], [ -70.640198, -33.443959 ], [ -70.640218, -33.443965 ], [ -70.640297, -33.443984 ], [ -70.640303, -33.443976 ], [ -70.64031, -33.443971 ], [ -70.640317, -33.443967 ], [ -70.640329, -33.443963 ], [ -70.640338, -33.443961 ], [ -70.640348, -33.443961 ], [ -70.640437, -33.443983 ], [ -70.640499, -33.443999 ], [ -70.640567, -33.444016 ], [ -70.640583, -33.44402 ], [ -70.640662, -33.44404 ], [ -70.640671, -33.444043 ], [ -70.640678, -33.444047 ], [ -70.640681, -33.444051 ], [ -70.640683, -33.444056 ], [ -70.640684, -33.444063 ], [ -70.640682, -33.444072 ], [ -70.64064, -33.444195 ], [ -70.640629, -33.444192 ], [ -70.640514, -33.444164 ], [ -70.640446, -33.444148 ], [ -70.640386, -33.444133 ], [ -70.640258, -33.444103 ], [ -70.640026, -33.44405 ], [ -70.640057, -33.443924 ], [ -70.640095, -33.443764 ], [ -70.640118, -33.443665 ], [ -70.640379, -33.443722 ] ] ] } },
{ "type": "Feature", "properties": { "INMUEBLES_": 893, "COUNT": 1, "INMUEBLE": null, "NUEVO_NUM": 0 }, "geometry": { "type": "Polygon", "coordinates": [ [ [ -70.638205, -33.445147 ], [ -70.638329, -33.445173 ], [ -70.638253, -33.44546 ], [ -70.638129, -33.445434 ], [ -70.638205, -33.445147 ] ] ] } },
{ "type": "Feature", "properties": { "INMUEBLES_": 894, "COUNT": 1, "INMUEBLE": null, "NUEVO_NUM": 0 }, "geometry": { "type": "Polygon", "coordinates": [ [ [ -70.636712, -33.444992 ], [ -70.636836, -33.445038 ], [ -70.636868, -33.445051 ], [ -70.636906, -33.445065 ], [ -70.636945, -33.44508 ], [ -70.637009, -33.445104 ], [ -70.636983, -33.445188 ], [ -70.636917, -33.445173 ], [ -70.636877, -33.445164 ], [ -70.636838, -33.445156 ], [ -70.636707, -33.445127 ], [ -70.636655, -33.445115 ], [ -70.636651, -33.445113 ], [ -70.636652, -33.445113 ], [ -70.636651, -33.445112 ], [ -70.63665, -33.445112 ], [ -70.636649, -33.445111 ], [ -70.636648, -33.44511 ], [ -70.636647, -33.445109 ], [ -70.636646, -33.445108 ], [ -70.636646, -33.445107 ], [ -70.636645, -33.445106 ], [ -70.636644, -33.445105 ], [ -70.636644, -33.445104 ], [ -70.636685, -33.445037 ], [ -70.636712, -33.444992 ] ] ] } },
{ "type": "Feature", "properties": { "INMUEBLES_": 896, "COUNT": 1, "INMUEBLE": null, "NUEVO_NUM": 0 }, "geometry": { "type": "Polygon", "coordinates": [ [ [ -70.638278, -33.447209 ], [ -70.63826, -33.447262 ], [ -70.638179, -33.447241 ], [ -70.638173, -33.447244 ], [ -70.63817, -33.447239 ], [ -70.638176, -33.447236 ], [ -70.638179, -33.447227 ], [ -70.638174, -33.447226 ], [ -70.638173, -33.447228 ], [ -70.638168, -33.447227 ], [ -70.63818, -33.447196 ], [ -70.638184, -33.447197 ], [ -70.638183, -33.4472 ], [ -70.638188, -33.447201 ], [ -70.638192, -33.447191 ], [ -70.638189, -33.447186 ], [ -70.638196, -33.447183 ], [ -70.638198, -33.447188 ], [ -70.638278, -33.447209 ] ] ] } },
{ "type": "Feature", "properties": { "INMUEBLES_": 897, "COUNT": 1, "INMUEBLE": null, "NUEVO_NUM": 0 }, "geometry": { "type": "Polygon", "coordinates": [ [ [ -70.638339, -33.447484 ], [ -70.638452, -33.447511 ], [ -70.638367, -33.447769 ], [ -70.638316, -33.447757 ], [ -70.63828, -33.447748 ], [ -70.638269, -33.447732 ], [ -70.638258, -33.447717 ], [ -70.638339, -33.447484 ] ] ] } },
{ "type": "Feature", "properties": { "INMUEBLES_": 898, "COUNT": 1, "INMUEBLE": null, "NUEVO_NUM": 0 }, "geometry": { "type": "Polygon", "coordinates": [ [ [ -70.636493, -33.447476 ], [ -70.636408, -33.447748 ], [ -70.6363, -33.447724 ], [ -70.636398, -33.447427 ], [ -70.6365, -33.447453 ], [ -70.636493, -33.447476 ] ] ] } },
{ "type": "Feature", "properties": { "INMUEBLES_": 899, "COUNT": 35, "INMUEBLE": null, "NUEVO_NUM": 0 }, "geometry": { "type": "MultiPolygon", "coordinates": [ [ [ [ -70.637125, -33.447755 ], [ -70.637098, -33.447831 ], [ -70.637067, -33.447919 ], [ -70.637039, -33.448 ], [ -70.637013, -33.448076 ], [ -70.637117, -33.448102 ], [ -70.637221, -33.448128 ], [ -70.637195, -33.448203 ], [ -70.637169, -33.448279 ], [ -70.637165, -33.448289 ], [ -70.637149, -33.448336 ], [ -70.637041, -33.448308 ], [ -70.63701, -33.4484 ], [ -70.636984, -33.448393 ], [ -70.63698, -33.448404 ], [ -70.63692, -33.448389 ], [ -70.636913, -33.448409 ], [ -70.636766, -33.448371 ], [ -70.636794, -33.448283 ], [ -70.636821, -33.448204 ], [ -70.636849, -33.448122 ], [ -70.636876, -33.448042 ], [ -70.636902, -33.447965 ], [ -70.636931, -33.447881 ], [ -70.636958, -33.447799 ], [ -70.636985, -33.447719 ], [ -70.636984, -33.447718 ], [ -70.637028, -33.447591 ], [ -70.637044, -33.447584 ], [ -70.637079, -33.447592 ], [ -70.637176, -33.447616 ], [ -70.637125, -33.447755 ] ] ], [ [ [ -70.636249, -33.447858 ], [ -70.636274, -33.447781 ], [ -70.636293, -33.447722 ], [ -70.6363, -33.447724 ], [ -70.636408, -33.447748 ], [ -70.636445, -33.447757 ], [ -70.636555, -33.447783 ], [ -70.636537, -33.447843 ], [ -70.636512, -33.447921 ], [ -70.636494, -33.447984 ], [ -70.636476, -33.447991 ], [ -70.636379, -33.447969 ], [ -70.636234, -33.447933 ], [ -70.636228, -33.447922 ], [ -70.636249, -33.447858 ] ] ], [ [ [ -70.636755, -33.448179 ], [ -70.63674, -33.448223 ], [ -70.636727, -33.448262 ], [ -70.636698, -33.44835 ], [ -70.636697, -33.448353 ], [ -70.636601, -33.448327 ], [ -70.636571, -33.448319 ], [ -70.636556, -33.448301 ], [ -70.636511, -33.44829 ], [ -70.636438, -33.44827 ], [ -70.636465, -33.448193 ], [ -70.636476, -33.44816 ], [ -70.636493, -33.448111 ], [ -70.636519, -33.448037 ], [ -70.63652, -33.448037 ], [ -70.636535, -33.44803 ], [ -70.63664, -33.448056 ], [ -70.636772, -33.448088 ], [ -70.636782, -33.448099 ], [ -70.636755, -33.448179 ] ] ], [ [ [ -70.636735, -33.447817 ], [ -70.636758, -33.447743 ], [ -70.636891, -33.447773 ], [ -70.636886, -33.447788 ], [ -70.636867, -33.447845 ], [ -70.636843, -33.447915 ], [ -70.636823, -33.447975 ], [ -70.636817, -33.447993 ], [ -70.636795, -33.44806 ], [ -70.63678, -33.448065 ], [ -70.636649, -33.448033 ], [ -70.636541, -33.448006 ], [ -70.636541, -33.448006 ], [ -70.636533, -33.447994 ], [ -70.636554, -33.447925 ], [ -70.636577, -33.447849 ], [ -70.636595, -33.447793 ], [ -70.636717, -33.447823 ], [ -70.636732, -33.447827 ], [ -70.636735, -33.447817 ] ] ], [ [ [ -70.636372, -33.447992 ], [ -70.636469, -33.448015 ], [ -70.636479, -33.448028 ], [ -70.636454, -33.4481 ], [ -70.636425, -33.448183 ], [ -70.636398, -33.448259 ], [ -70.636326, -33.44824 ], [ -70.636325, -33.448244 ], [ -70.636287, -33.448233 ], [ -70.636229, -33.448218 ], [ -70.636134, -33.448193 ], [ -70.636163, -33.448114 ], [ -70.636192, -33.448031 ], [ -70.636213, -33.44797 ], [ -70.636233, -33.447958 ], [ -70.636372, -33.447992 ] ] ] ] } },
{ "type": "Feature", "properties": { "INMUEBLES_": 900, "COUNT": 1, "INMUEBLE": null, "NUEVO_NUM": 0 }, "geometry": { "type": "Polygon", "coordinates": [ [ [ -70.636444, -33.449046 ], [ -70.636349, -33.449354 ], [ -70.636205, -33.449327 ], [ -70.636268, -33.449098 ], [ -70.636229, -33.449092 ], [ -70.636257, -33.449001 ], [ -70.636444, -33.449046 ] ] ] } },
{ "type": "Feature", "properties": { "INMUEBLES_": 901, "COUNT": 42, "INMUEBLE": null, "NUEVO_NUM": 0 }, "geometry": { "type": "MultiPolygon", "coordinates": [ [ [ [ -70.642312, -33.441876 ], [ -70.642387, -33.441735 ], [ -70.642508, -33.441805 ], [ -70.642518, -33.441831 ], [ -70.642467, -33.441931 ], [ -70.642424, -33.442016 ], [ -70.642403, -33.442055 ], [ -70.6424, -33.44206 ], [ -70.642397, -33.442063 ], [ -70.642391, -33.442068 ], [ -70.642383, -33.442073 ], [ -70.642376, -33.442076 ], [ -70.642374, -33.442077 ], [ -70.642189, -33.442126 ], [ -70.642263, -33.441965 ], [ -70.642312, -33.441876 ] ] ], [ [ [ -70.641642, -33.442337 ], [ -70.641674, -33.44225 ], [ -70.641721, -33.442119 ], [ -70.641747, -33.442126 ], [ -70.641893, -33.44222 ], [ -70.641881, -33.442228 ], [ -70.641871, -33.442236 ], [ -70.641863, -33.442243 ], [ -70.641856, -33.44225 ], [ -70.64185, -33.442258 ], [ -70.641845, -33.442265 ], [ -70.64184, -33.442272 ], [ -70.641836, -33.442279 ], [ -70.641833, -33.442286 ], [ -70.64183, -33.442293 ], [ -70.641799, -33.442378 ], [ -70.641768, -33.442465 ], [ -70.641737, -33.442553 ], [ -70.641736, -33.442564 ], [ -70.641737, -33.442573 ], [ -70.641738, -33.44258 ], [ -70.641739, -33.442591 ], [ -70.641741, -33.442605 ], [ -70.64175, -33.442646 ], [ -70.641554, -33.442699 ], [ -70.641514, -33.442689 ], [ -70.641552, -33.442582 ], [ -70.641579, -33.442512 ], [ -70.641611, -33.442422 ], [ -70.641642, -33.442337 ] ] ], [ [ [ -70.642887, -33.44259 ], [ -70.642978, -33.442566 ], [ -70.642985, -33.442565 ], [ -70.643001, -33.442565 ], [ -70.643016, -33.442566 ], [ -70.643257, -33.442606 ], [ -70.64322, -33.442769 ], [ -70.64319, -33.442905 ], [ -70.643157, -33.442921 ], [ -70.643, -33.442878 ], [ -70.642888, -33.442847 ], [ -70.642805, -33.442824 ], [ -70.642796, -33.442821 ], [ -70.642788, -33.442816 ], [ -70.642777, -33.442809 ], [ -70.64277, -33.442802 ], [ -70.642763, -33.442795 ], [ -70.642759, -33.442787 ], [ -70.642756, -33.442781 ], [ -70.64271, -33.442664 ], [ -70.64273, -33.442633 ], [ -70.64273, -33.442633 ], [ -70.642887, -33.44259 ] ] ], [ [ [ -70.643393, -33.442862 ], [ -70.643603, -33.4429 ], [ -70.643695, -33.442916 ], [ -70.643744, -33.442926 ], [ -70.643916, -33.442958 ], [ -70.643883, -33.443074 ], [ -70.643863, -33.443072 ], [ -70.64384, -33.443071 ], [ -70.643815, -33.44307 ], [ -70.64379, -33.443069 ], [ -70.643768, -33.443069 ], [ -70.643745, -33.44307 ], [ -70.643725, -33.443071 ], [ -70.64371, -33.443071 ], [ -70.6437, -33.443072 ], [ -70.643687, -33.443072 ], [ -70.643669, -33.443073 ], [ -70.643652, -33.443072 ], [ -70.643632, -33.443072 ], [ -70.643615, -33.443071 ], [ -70.643598, -33.443069 ], [ -70.643586, -33.443068 ], [ -70.643576, -33.443066 ], [ -70.64357, -33.443065 ], [ -70.643567, -33.443065 ], [ -70.643567, -33.443066 ], [ -70.643386, -33.443036 ], [ -70.643354, -33.443031 ], [ -70.64336, -33.443007 ], [ -70.643393, -33.442862 ] ] ], [ [ [ -70.643296, -33.443281 ], [ -70.643326, -33.443144 ], [ -70.643363, -33.443124 ], [ -70.643581, -33.44316 ], [ -70.643632, -33.443162 ], [ -70.643696, -33.443161 ], [ -70.643792, -33.443159 ], [ -70.643806, -33.443158 ], [ -70.64382, -33.443158 ], [ -70.643836, -33.443158 ], [ -70.643852, -33.443159 ], [ -70.643868, -33.443161 ], [ -70.643883, -33.443163 ], [ -70.643897, -33.443166 ], [ -70.643874, -33.443244 ], [ -70.643796, -33.443228 ], [ -70.643752, -33.44337 ], [ -70.643664, -33.443352 ], [ -70.643646, -33.443349 ], [ -70.643535, -33.443327 ], [ -70.643296, -33.443281 ] ] ], [ [ [ -70.642092, -33.442811 ], [ -70.642325, -33.442747 ], [ -70.642446, -33.442713 ], [ -70.6426, -33.442669 ], [ -70.642616, -33.442711 ], [ -70.642658, -33.44282 ], [ -70.642675, -33.442845 ], [ -70.642696, -33.442867 ], [ -70.642725, -33.442889 ], [ -70.642731, -33.442892 ], [ -70.64275, -33.442901 ], [ -70.642772, -33.442909 ], [ -70.642929, -33.442953 ], [ -70.64303, -33.442981 ], [ -70.643122, -33.443006 ], [ -70.643128, -33.443009 ], [ -70.643133, -33.443011 ], [ -70.643137, -33.443014 ], [ -70.643142, -33.443019 ], [ -70.643146, -33.443023 ], [ -70.64315, -33.443028 ], [ -70.643153, -33.443035 ], [ -70.643155, -33.443042 ], [ -70.643156, -33.443049 ], [ -70.643155, -33.443058 ], [ -70.643132, -33.443156 ], [ -70.642981, -33.443114 ], [ -70.642933, -33.4431 ], [ -70.642874, -33.443083 ], [ -70.642758, -33.443048 ], [ -70.642627, -33.443009 ], [ -70.642613, -33.443005 ], [ -70.642544, -33.442985 ], [ -70.642463, -33.442962 ], [ -70.642403, -33.442944 ], [ -70.642141, -33.44287 ], [ -70.642108, -33.44286 ], [ -70.642105, -33.442851 ], [ -70.642092, -33.442811 ] ] ], [ [ [ -70.64286, -33.441986 ], [ -70.642969, -33.442037 ], [ -70.643093, -33.442092 ], [ -70.64304, -33.442341 ], [ -70.642897, -33.442381 ], [ -70.642785, -33.442412 ], [ -70.642661, -33.442446 ], [ -70.642622, -33.442431 ], [ -70.642587, -33.44234 ], [ -70.642555, -33.442251 ], [ -70.642502, -33.442107 ], [ -70.642501, -33.442102 ], [ -70.642501, -33.442097 ], [ -70.642503, -33.442092 ], [ -70.642506, -33.442084 ], [ -70.642512, -33.44207 ], [ -70.642515, -33.442064 ], [ -70.642603, -33.441888 ], [ -70.642646, -33.441878 ], [ -70.642756, -33.441935 ], [ -70.64286, -33.441986 ] ] ], [ [ [ -70.641892, -33.442427 ], [ -70.641925, -33.442335 ], [ -70.641929, -33.442323 ], [ -70.641934, -33.442314 ], [ -70.64194, -33.442306 ], [ -70.641949, -33.442296 ], [ -70.641959, -33.442289 ], [ -70.64197, -33.442283 ], [ -70.641983, -33.442277 ], [ -70.641999, -33.442272 ], [ -70.642015, -33.442268 ], [ -70.642129, -33.442237 ], [ -70.642248, -33.442204 ], [ -70.642259, -33.442202 ], [ -70.64238, -33.442169 ], [ -70.642419, -33.442185 ], [ -70.642462, -33.442299 ], [ -70.642513, -33.442436 ], [ -70.642529, -33.442479 ], [ -70.642382, -33.442519 ], [ -70.642247, -33.442556 ], [ -70.642113, -33.442593 ], [ -70.642012, -33.442621 ], [ -70.641868, -33.442661 ], [ -70.641851, -33.442619 ], [ -70.641846, -33.442599 ], [ -70.641845, -33.442582 ], [ -70.641846, -33.442566 ], [ -70.641847, -33.442553 ], [ -70.64185, -33.442541 ], [ -70.641892, -33.442427 ] ] ] ] } },
{ "type": "Feature", "properties": { "INMUEBLES_": 902, "COUNT": 1, "INMUEBLE": null, "NUEVO_NUM": 0 }, "geometry": { "type": "Polygon", "coordinates": [ [ [ -70.641684, -33.443665 ], [ -70.641914, -33.443723 ], [ -70.641851, -33.443947 ], [ -70.641824, -33.444044 ], [ -70.641806, -33.444108 ], [ -70.641795, -33.444146 ], [ -70.641775, -33.444219 ], [ -70.641759, -33.444275 ], [ -70.641743, -33.444332 ], [ -70.641727, -33.44439 ], [ -70.641711, -33.444447 ], [ -70.641696, -33.444503 ], [ -70.641681, -33.444558 ], [ -70.641664, -33.444616 ], [ -70.64165, -33.44467 ], [ -70.641616, -33.44479 ], [ -70.641152, -33.444707 ], [ -70.641098, -33.444697 ], [ -70.641093, -33.444697 ], [ -70.64103, -33.444686 ], [ -70.641031, -33.444685 ], [ -70.640683, -33.444603 ], [ -70.640661, -33.444571 ], [ -70.640823, -33.444094 ], [ -70.641168, -33.444186 ], [ -70.641345, -33.443586 ], [ -70.641684, -33.443665 ] ] ] } },
{ "type": "Feature", "properties": { "INMUEBLES_": 903, "COUNT": 1, "INMUEBLE": null, "NUEVO_NUM": 0 }, "geometry": { "type": "Polygon", "coordinates": [ [ [ -70.640371, -33.44788 ], [ -70.640395, -33.447807 ], [ -70.64074, -33.447882 ], [ -70.640738, -33.447888 ], [ -70.640715, -33.447962 ], [ -70.640706, -33.447961 ], [ -70.640371, -33.44788 ] ] ] } },
{ "type": "Feature", "properties": { "INMUEBLES_": 904, "COUNT": 1, "INMUEBLE": null, "NUEVO_NUM": 0 }, "geometry": { "type": "Polygon", "coordinates": [ [ [ -70.640371, -33.44788 ], [ -70.640706, -33.447961 ], [ -70.640715, -33.447962 ], [ -70.640703, -33.447998 ], [ -70.640692, -33.448031 ], [ -70.640497, -33.447985 ], [ -70.640348, -33.447947 ], [ -70.640371, -33.44788 ] ] ] } },
{ "type": "Feature", "properties": { "INMUEBLES_": 861, "COUNT": 1, "INMUEBLE": null, "NUEVO_NUM": 0 }, "geometry": { "type": "Polygon", "coordinates": [ [ [ -70.64077, -33.450196 ], [ -70.640726, -33.45035 ], [ -70.640694, -33.450342 ], [ -70.640581, -33.450316 ], [ -70.640504, -33.450297 ], [ -70.640326, -33.450254 ], [ -70.64013, -33.450208 ], [ -70.640157, -33.450127 ], [ -70.640164, -33.450107 ], [ -70.640193, -33.450019 ], [ -70.640193, -33.450019 ], [ -70.640747, -33.450165 ], [ -70.640741, -33.45019 ], [ -70.64077, -33.450196 ] ] ] } },
{ "type": "Feature", "properties": { "INMUEBLES_": 742, "COUNT": 1, "INMUEBLE": null, "NUEVO_NUM": 0 }, "geometry": { "type": "Polygon", "coordinates": [ [ [ -70.642046, -33.450784 ], [ -70.642071, -33.450702 ], [ -70.642396, -33.45077 ], [ -70.642372, -33.450855 ], [ -70.642727, -33.450929 ], [ -70.64275, -33.450934 ], [ -70.642672, -33.451209 ], [ -70.642507, -33.451174 ], [ -70.64237, -33.451144 ], [ -70.64223, -33.451115 ], [ -70.64209, -33.451084 ], [ -70.641965, -33.451056 ], [ -70.642006, -33.450918 ], [ -70.642046, -33.450784 ] ] ] } },
{ "type": "Feature", "properties": { "INMUEBLES_": 741, "COUNT": 1, "INMUEBLE": null, "NUEVO_NUM": 0 }, "geometry": { "type": "Polygon", "coordinates": [ [ [ -70.644874, -33.443903 ], [ -70.64483, -33.444102 ], [ -70.644578, -33.44409 ], [ -70.644577, -33.44409 ], [ -70.64462, -33.443905 ], [ -70.644623, -33.443899 ], [ -70.644628, -33.443892 ], [ -70.644633, -33.443888 ], [ -70.64464, -33.443884 ], [ -70.644647, -33.443881 ], [ -70.644655, -33.44388 ], [ -70.644665, -33.44388 ], [ -70.644874, -33.443903 ] ] ] } },
{ "type": "Feature", "properties": { "INMUEBLES_": 808, "COUNT": 11, "INMUEBLE": null, "NUEVO_NUM": 0 }, "geometry": { "type": "Polygon", "coordinates": [ [ [ -70.644239, -33.445598 ], [ -70.644411, -33.445643 ], [ -70.644476, -33.445659 ], [ -70.644479, -33.445642 ], [ -70.644496, -33.445645 ], [ -70.644576, -33.445658 ], [ -70.644665, -33.445672 ], [ -70.644749, -33.445686 ], [ -70.644745, -33.445701 ], [ -70.64471, -33.445821 ], [ -70.644709, -33.445826 ], [ -70.644678, -33.445935 ], [ -70.644671, -33.44596 ], [ -70.644576, -33.445939 ], [ -70.644537, -33.445931 ], [ -70.6445, -33.445923 ], [ -70.644419, -33.445906 ], [ -70.644382, -33.445899 ], [ -70.644336, -33.44589 ], [ -70.644182, -33.445856 ], [ -70.644196, -33.445798 ], [ -70.64421, -33.445734 ], [ -70.644213, -33.445734 ], [ -70.644373, -33.445767 ], [ -70.644372, -33.44577 ], [ -70.644455, -33.445788 ], [ -70.644534, -33.445806 ], [ -70.64461, -33.445822 ], [ -70.644651, -33.445831 ], [ -70.644656, -33.445814 ], [ -70.644662, -33.445793 ], [ -70.644631, -33.445786 ], [ -70.644544, -33.445767 ], [ -70.644548, -33.445752 ], [ -70.644467, -33.445736 ], [ -70.644387, -33.445719 ], [ -70.644388, -33.445715 ], [ -70.644224, -33.445682 ], [ -70.644222, -33.445681 ], [ -70.644239, -33.445598 ] ] ] } },
{ "type": "Feature", "properties": { "INMUEBLES_": 887, "COUNT": 6, "INMUEBLE": null, "NUEVO_NUM": 0 }, "geometry": { "type": "Polygon", "coordinates": [ [ [ -70.644188, -33.447579 ], [ -70.644045, -33.447545 ], [ -70.644065, -33.447473 ], [ -70.644082, -33.447404 ], [ -70.644134, -33.447414 ], [ -70.644333, -33.447457 ], [ -70.644797, -33.447558 ], [ -70.644847, -33.447569 ], [ -70.644879, -33.447575 ], [ -70.644839, -33.447723 ], [ -70.644642, -33.447679 ], [ -70.644487, -33.447645 ], [ -70.644337, -33.447612 ], [ -70.64431, -33.447606 ], [ -70.644188, -33.447579 ] ] ] } },
{ "type": "Feature", "properties": { "INMUEBLES_": 842, "COUNT": 6, "INMUEBLE": null, "NUEVO_NUM": 0 }, "geometry": { "type": "Polygon", "coordinates": [ [ [ -70.644218, -33.446396 ], [ -70.644621, -33.446489 ], [ -70.644602, -33.446557 ], [ -70.644625, -33.446562 ], [ -70.644593, -33.446689 ], [ -70.64456, -33.446812 ], [ -70.644272, -33.446748 ], [ -70.644004, -33.44669 ], [ -70.644003, -33.44669 ], [ -70.644031, -33.44656 ], [ -70.644032, -33.44656 ], [ -70.644039, -33.44653 ], [ -70.64404, -33.446527 ], [ -70.644042, -33.446521 ], [ -70.644043, -33.446516 ], [ -70.644046, -33.446511 ], [ -70.644048, -33.446507 ], [ -70.644051, -33.446502 ], [ -70.644055, -33.446496 ], [ -70.64406, -33.44649 ], [ -70.644064, -33.446486 ], [ -70.644069, -33.446482 ], [ -70.644075, -33.446477 ], [ -70.644081, -33.446473 ], [ -70.644087, -33.446469 ], [ -70.644124, -33.446448 ], [ -70.644218, -33.446396 ] ] ] } },
{ "type": "Feature", "properties": { "INMUEBLES_": 864, "COUNT": 1, "INMUEBLE": null, "NUEVO_NUM": 0 }, "geometry": { "type": "Polygon", "coordinates": [ [ [ -70.643075, -33.451327 ], [ -70.64306, -33.451412 ], [ -70.64292, -33.451388 ], [ -70.642796, -33.451368 ], [ -70.64282, -33.451282 ], [ -70.643075, -33.451327 ] ] ] } },
{ "type": "Feature", "properties": { "INMUEBLES_": 843, "COUNT": 1, "INMUEBLE": null, "NUEVO_NUM": 0 }, "geometry": { "type": "Polygon", "coordinates": [ [ [ -70.646096, -33.444844 ], [ -70.646234, -33.444854 ], [ -70.646294, -33.444859 ], [ -70.646387, -33.444867 ], [ -70.646367, -33.444937 ], [ -70.646352, -33.444995 ], [ -70.646254, -33.444987 ], [ -70.646176, -33.44498 ], [ -70.646095, -33.444972 ], [ -70.646014, -33.444964 ], [ -70.645937, -33.444957 ], [ -70.645864, -33.44495 ], [ -70.645848, -33.444949 ], [ -70.645873, -33.444858 ], [ -70.64588, -33.444827 ], [ -70.645889, -33.444828 ], [ -70.646096, -33.444844 ] ] ] } },
{ "type": "Feature", "properties": { "INMUEBLES_": 840, "COUNT": 2, "INMUEBLE": null, "NUEVO_NUM": 0 }, "geometry": { "type": "Polygon", "coordinates": [ [ [ -70.646128, -33.445361 ], [ -70.646051, -33.445614 ], [ -70.645961, -33.445593 ], [ -70.645995, -33.445473 ], [ -70.645918, -33.445458 ], [ -70.64584, -33.445443 ], [ -70.645629, -33.445405 ], [ -70.645627, -33.445405 ], [ -70.645656, -33.445292 ], [ -70.645693, -33.445273 ], [ -70.645875, -33.445311 ], [ -70.645957, -33.445327 ], [ -70.646031, -33.445343 ], [ -70.646128, -33.445361 ] ] ] } },
{ "type": "Feature", "properties": { "INMUEBLES_": 838, "COUNT": 1, "INMUEBLE": null, "NUEVO_NUM": 0 }, "geometry": { "type": "Polygon", "coordinates": [ [ [ -70.644714, -33.45275 ], [ -70.644732, -33.45265 ], [ -70.644764, -33.452656 ], [ -70.644846, -33.452671 ], [ -70.644927, -33.452686 ], [ -70.645003, -33.452699 ], [ -70.645082, -33.452713 ], [ -70.645162, -33.452727 ], [ -70.645242, -33.452741 ], [ -70.645294, -33.452749 ], [ -70.645281, -33.452822 ], [ -70.645276, -33.45285 ], [ -70.645263, -33.452922 ], [ -70.645248, -33.453001 ], [ -70.645243, -33.453033 ], [ -70.645226, -33.45312 ], [ -70.645171, -33.453108 ], [ -70.645089, -33.453092 ], [ -70.645012, -33.453078 ], [ -70.644932, -33.453062 ], [ -70.644849, -33.453046 ], [ -70.644775, -33.453032 ], [ -70.644697, -33.453016 ], [ -70.644667, -33.45301 ], [ -70.644686, -33.452901 ], [ -70.644702, -33.452816 ], [ -70.644714, -33.45275 ] ] ] } },
{ "type": "Feature", "properties": { "INMUEBLES_": 833, "COUNT": 1, "INMUEBLE": null, "NUEVO_NUM": 0 }, "geometry": { "type": "Polygon", "coordinates": [ [ [ -70.644235, -33.452113 ], [ -70.644285, -33.452122 ], [ -70.644354, -33.452136 ], [ -70.644434, -33.452152 ], [ -70.644523, -33.452169 ], [ -70.64461, -33.452187 ], [ -70.644697, -33.452205 ], [ -70.644789, -33.452223 ], [ -70.644868, -33.452241 ], [ -70.644954, -33.452258 ], [ -70.645035, -33.452275 ], [ -70.645333, -33.452334 ], [ -70.645368, -33.452338 ], [ -70.645294, -33.452749 ], [ -70.645242, -33.452741 ], [ -70.645162, -33.452727 ], [ -70.645082, -33.452713 ], [ -70.645003, -33.452699 ], [ -70.644927, -33.452686 ], [ -70.644846, -33.452671 ], [ -70.644764, -33.452656 ], [ -70.644732, -33.45265 ], [ -70.644745, -33.452577 ], [ -70.644748, -33.452558 ], [ -70.644173, -33.452476 ], [ -70.644147, -33.452473 ], [ -70.644147, -33.452473 ], [ -70.644157, -33.452399 ], [ -70.644175, -33.452289 ], [ -70.644201, -33.452107 ], [ -70.644235, -33.452113 ] ] ] } },
{ "type": "Feature", "properties": { "INMUEBLES_": 829, "COUNT": 1, "INMUEBLE": null, "NUEVO_NUM": 0 }, "geometry": { "type": "Polygon", "coordinates": [ [ [ -70.647724, -33.449485 ], [ -70.647743, -33.449367 ], [ -70.648371, -33.449479 ], [ -70.648352, -33.449593 ], [ -70.648352, -33.449594 ], [ -70.648351, -33.449595 ], [ -70.64835, -33.449595 ], [ -70.648349, -33.449596 ], [ -70.648331, -33.449594 ], [ -70.647946, -33.449525 ], [ -70.647838, -33.449505 ], [ -70.64778, -33.449494 ], [ -70.647752, -33.44949 ], [ -70.647724, -33.449485 ] ] ] } },
{ "type": "Feature", "properties": { "INMUEBLES_": 815, "COUNT": 1, "INMUEBLE": null, "NUEVO_NUM": 0 }, "geometry": { "type": "Polygon", "coordinates": [ [ [ -70.647712, -33.449559 ], [ -70.647724, -33.449485 ], [ -70.647752, -33.44949 ], [ -70.64778, -33.449494 ], [ -70.647838, -33.449505 ], [ -70.647946, -33.449525 ], [ -70.648331, -33.449594 ], [ -70.64832, -33.449654 ], [ -70.648316, -33.449673 ], [ -70.648304, -33.449736 ], [ -70.648303, -33.449736 ], [ -70.647916, -33.449673 ], [ -70.647808, -33.449655 ], [ -70.647699, -33.449637 ], [ -70.647705, -33.449604 ], [ -70.647705, -33.449599 ], [ -70.647712, -33.449559 ] ] ] } },
{ "type": "Feature", "properties": { "INMUEBLES_": 809, "COUNT": 4, "INMUEBLE": null, "NUEVO_NUM": 0 }, "geometry": { "type": "Polygon", "coordinates": [ [ [ -70.647674, -33.449788 ], [ -70.647656, -33.449891 ], [ -70.647759, -33.449905 ], [ -70.647868, -33.449921 ], [ -70.647852, -33.449994 ], [ -70.647746, -33.449979 ], [ -70.64764, -33.449964 ], [ -70.647567, -33.449953 ], [ -70.647499, -33.449942 ], [ -70.647523, -33.449772 ], [ -70.647582, -33.449778 ], [ -70.647594, -33.44978 ], [ -70.647605, -33.449781 ], [ -70.647674, -33.449788 ] ] ] } },
{ "type": "Feature", "properties": { "INMUEBLES_": 805, "COUNT": 1, "INMUEBLE": null, "NUEVO_NUM": 0 }, "geometry": { "type": "Polygon", "coordinates": [ [ [ -70.649093, -33.446616 ], [ -70.649096, -33.446616 ], [ -70.64929, -33.446654 ], [ -70.649273, -33.446742 ], [ -70.649236, -33.446737 ], [ -70.649039, -33.446704 ], [ -70.649059, -33.44661 ], [ -70.649093, -33.446616 ] ] ] } },
{ "type": "Feature", "properties": { "INMUEBLES_": 795, "COUNT": 1, "INMUEBLE": null, "NUEVO_NUM": 0 }, "geometry": { "type": "Polygon", "coordinates": [ [ [ -70.649124, -33.447313 ], [ -70.649152, -33.447162 ], [ -70.649163, -33.447164 ], [ -70.649215, -33.447174 ], [ -70.649228, -33.447176 ], [ -70.649281, -33.447186 ], [ -70.649293, -33.447188 ], [ -70.64933, -33.447195 ], [ -70.649343, -33.447198 ], [ -70.649381, -33.447205 ], [ -70.649394, -33.447208 ], [ -70.649431, -33.447215 ], [ -70.649444, -33.447217 ], [ -70.649481, -33.447224 ], [ -70.649495, -33.447227 ], [ -70.649532, -33.447234 ], [ -70.649545, -33.447236 ], [ -70.649622, -33.44725 ], [ -70.649623, -33.44725 ], [ -70.649649, -33.447282 ], [ -70.649647, -33.447293 ], [ -70.649645, -33.447304 ], [ -70.649642, -33.447315 ], [ -70.649639, -33.447329 ], [ -70.649639, -33.447331 ], [ -70.649636, -33.447348 ], [ -70.649635, -33.44735 ], [ -70.649632, -33.447364 ], [ -70.64963, -33.447375 ], [ -70.64963, -33.447379 ], [ -70.649629, -33.447381 ], [ -70.649629, -33.447381 ], [ -70.649626, -33.447397 ], [ -70.649625, -33.447399 ], [ -70.649625, -33.447402 ], [ -70.649622, -33.447414 ], [ -70.649616, -33.447441 ], [ -70.649616, -33.447446 ], [ -70.649606, -33.447483 ], [ -70.649605, -33.447487 ], [ -70.649604, -33.447487 ], [ -70.649601, -33.447499 ], [ -70.649315, -33.447443 ], [ -70.649106, -33.447404 ], [ -70.649124, -33.447313 ] ] ] } },
{ "type": "Feature", "properties": { "INMUEBLES_": 791, "COUNT": 1, "INMUEBLE": null, "NUEVO_NUM": 0 }, "geometry": { "type": "Polygon", "coordinates": [ [ [ -70.649056, -33.447691 ], [ -70.649033, -33.447795 ], [ -70.648824, -33.447755 ], [ -70.648822, -33.447755 ], [ -70.648845, -33.447651 ], [ -70.649056, -33.447691 ] ] ] } },
{ "type": "Feature", "properties": { "INMUEBLES_": 772, "COUNT": 2, "INMUEBLE": null, "NUEVO_NUM": 0 }, "geometry": { "type": "Polygon", "coordinates": [ [ [ -70.650337, -33.446999 ], [ -70.650285, -33.447237 ], [ -70.650176, -33.447216 ], [ -70.650144, -33.447209 ], [ -70.650142, -33.447214 ], [ -70.650041, -33.447195 ], [ -70.649982, -33.447184 ], [ -70.649907, -33.44717 ], [ -70.649863, -33.447161 ], [ -70.649837, -33.44713 ], [ -70.649846, -33.447093 ], [ -70.64985, -33.44707 ], [ -70.649852, -33.447054 ], [ -70.649855, -33.447038 ], [ -70.649864, -33.446997 ], [ -70.649867, -33.446983 ], [ -70.649868, -33.446974 ], [ -70.649881, -33.446912 ], [ -70.650089, -33.446952 ], [ -70.650234, -33.44698 ], [ -70.650337, -33.446999 ] ] ] } },
{ "type": "Feature", "properties": { "INMUEBLES_": 773, "COUNT": 1, "INMUEBLE": null, "NUEVO_NUM": 0 }, "geometry": { "type": "Polygon", "coordinates": [ [ [ -70.65235, -33.446566 ], [ -70.652382, -33.446569 ], [ -70.652345, -33.446858 ], [ -70.652316, -33.446855 ], [ -70.651893, -33.446806 ], [ -70.651904, -33.446711 ], [ -70.651924, -33.446529 ], [ -70.65235, -33.446566 ] ] ] } },
{ "type": "Feature", "properties": { "INMUEBLES_": 735, "COUNT": 1, "INMUEBLE": null, "NUEVO_NUM": 0 }, "geometry": { "type": "Polygon", "coordinates": [ [ [ -70.654509, -33.44653 ], [ -70.654992, -33.446605 ], [ -70.654954, -33.446851 ], [ -70.654493, -33.446793 ], [ -70.654466, -33.446789 ], [ -70.654509, -33.44653 ] ] ] } },
{ "type": "Feature", "properties": { "INMUEBLES_": 633, "COUNT": 1, "INMUEBLE": null, "NUEVO_NUM": 0 }, "geometry": { "type": "Polygon", "coordinates": [ [ [ -70.654054, -33.446708 ], [ -70.654047, -33.446761 ], [ -70.654032, -33.44689 ], [ -70.65376, -33.446855 ], [ -70.653756, -33.446854 ], [ -70.653776, -33.446722 ], [ -70.653784, -33.446669 ], [ -70.653788, -33.446669 ], [ -70.654054, -33.446708 ] ] ] } },
{ "type": "Feature", "properties": { "INMUEBLES_": 788, "COUNT": 1, "INMUEBLE": null, "NUEVO_NUM": 0 }, "geometry": { "type": "Polygon", "coordinates": [ [ [ -70.654188, -33.448373 ], [ -70.654175, -33.44846 ], [ -70.654162, -33.448546 ], [ -70.654049, -33.448537 ], [ -70.65396, -33.44853 ], [ -70.653853, -33.448522 ], [ -70.653523, -33.448495 ], [ -70.653504, -33.448494 ], [ -70.65353, -33.448322 ], [ -70.65355, -33.448323 ], [ -70.653879, -33.44835 ], [ -70.653986, -33.448359 ], [ -70.654188, -33.448373 ] ] ] } },
{ "type": "Feature", "properties": { "INMUEBLES_": 878, "COUNT": 1, "INMUEBLE": null, "NUEVO_NUM": 0 }, "geometry": { "type": "Polygon", "coordinates": [ [ [ -70.643779, -33.45009 ], [ -70.643753, -33.450084 ], [ -70.643788, -33.449967 ], [ -70.643791, -33.449956 ], [ -70.644417, -33.450084 ], [ -70.644397, -33.450216 ], [ -70.643779, -33.45009 ] ] ] } },
{ "type": "Feature", "properties": { "INMUEBLES_": 895, "COUNT": 0, "INMUEBLE": null, "NUEVO_NUM": 0 }, "geometry": { "type": "Polygon", "coordinates": [ [ [ -70.643953, -33.449706 ], [ -70.644023, -33.449721 ], [ -70.644092, -33.449736 ], [ -70.644163, -33.449751 ], [ -70.644231, -33.449766 ], [ -70.644316, -33.449784 ], [ -70.64446, -33.449815 ], [ -70.644441, -33.449946 ], [ -70.643833, -33.449822 ], [ -70.64387, -33.449688 ], [ -70.643886, -33.449692 ], [ -70.643953, -33.449706 ] ] ] } },
{ "type": "Feature", "properties": { "INMUEBLES_": 1, "COUNT": 0, "INMUEBLE": null, "NUEVO_NUM": 0 }, "geometry": { "type": "Polygon", "coordinates": [ [ [ -70.640339, -33.440352 ], [ -70.640344, -33.440356 ], [ -70.640355, -33.440363 ], [ -70.640432, -33.440416 ], [ -70.640442, -33.440423 ], [ -70.640434, -33.440431 ], [ -70.64054, -33.440504 ], [ -70.640544, -33.4405 ], [ -70.640565, -33.440515 ], [ -70.640601, -33.440539 ], [ -70.640623, -33.440554 ], [ -70.640619, -33.440558 ], [ -70.640725, -33.44063 ], [ -70.640733, -33.440622 ], [ -70.640743, -33.440629 ], [ -70.640821, -33.440683 ], [ -70.640831, -33.440689 ], [ -70.640823, -33.440698 ], [ -70.640844, -33.440712 ], [ -70.640848, -33.440707 ], [ -70.64111, -33.440888 ], [ -70.641106, -33.440892 ], [ -70.641127, -33.440907 ], [ -70.641136, -33.440898 ], [ -70.641146, -33.440905 ], [ -70.641225, -33.440959 ], [ -70.641236, -33.440966 ], [ -70.641228, -33.440975 ], [ -70.641331, -33.441045 ], [ -70.641335, -33.441042 ], [ -70.641415, -33.441098 ], [ -70.641412, -33.441101 ], [ -70.641485, -33.441151 ], [ -70.641516, -33.441173 ], [ -70.641524, -33.441164 ], [ -70.641534, -33.441171 ], [ -70.641614, -33.441225 ], [ -70.641624, -33.441233 ], [ -70.641622, -33.441234 ], [ -70.64134, -33.441596 ], [ -70.641284, -33.44156 ], [ -70.641247, -33.441561 ], [ -70.640978, -33.441371 ], [ -70.640204, -33.440836 ], [ -70.63965, -33.441423 ], [ -70.639471, -33.441275 ], [ -70.639541, -33.441202 ], [ -70.639544, -33.441198 ], [ -70.639725, -33.441008 ], [ -70.639762, -33.440967 ], [ -70.639788, -33.440941 ], [ -70.639971, -33.440746 ], [ -70.639967, -33.440743 ], [ -70.639975, -33.440734 ], [ -70.640038, -33.440669 ], [ -70.640047, -33.440661 ], [ -70.640051, -33.440664 ], [ -70.640264, -33.440446 ], [ -70.640254, -33.440439 ], [ -70.640263, -33.44043 ], [ -70.640326, -33.440365 ], [ -70.640334, -33.440357 ], [ -70.640339, -33.440352 ] ] ] } },
{ "type": "Feature", "properties": { "INMUEBLES_": 2, "COUNT": 0, "INMUEBLE": null, "NUEVO_NUM": 0 }, "geometry": { "type": "Polygon", "coordinates": [ [ [ -70.636223, -33.447267 ], [ -70.636249, -33.447189 ], [ -70.636284, -33.447198 ], [ -70.636357, -33.446989 ], [ -70.636329, -33.446981 ], [ -70.63647, -33.446595 ], [ -70.636499, -33.446603 ], [ -70.63651, -33.446572 ], [ -70.636485, -33.446564 ], [ -70.636498, -33.446525 ], [ -70.636527, -33.446533 ], [ -70.636535, -33.446507 ], [ -70.636924, -33.446605 ], [ -70.636959, -33.446506 ], [ -70.637223, -33.44657 ], [ -70.637188, -33.44667 ], [ -70.637051, -33.446637 ], [ -70.636845, -33.447202 ], [ -70.636818, -33.447195 ], [ -70.636776, -33.447314 ], [ -70.636809, -33.447323 ], [ -70.636782, -33.4474 ], [ -70.636226, -33.447268 ], [ -70.636223, -33.447267 ] ] ] } },
{ "type": "Feature", "properties": { "INMUEBLES_": 4, "COUNT": 0, "INMUEBLE": null, "NUEVO_NUM": 0 }, "geometry": { "type": "Polygon", "coordinates": [ [ [ -70.657572, -33.445977 ], [ -70.657596, -33.445982 ], [ -70.657625, -33.445989 ], [ -70.657947, -33.446063 ], [ -70.657945, -33.446067 ], [ -70.657883, -33.446428 ], [ -70.657861, -33.446561 ], [ -70.657698, -33.446547 ], [ -70.657639, -33.446533 ], [ -70.657486, -33.446497 ], [ -70.657505, -33.446381 ], [ -70.657572, -33.44598 ], [ -70.657572, -33.445977 ] ] ] } },
{ "type": "Feature", "properties": { "INMUEBLES_": 6, "COUNT": 0, "INMUEBLE": null, "NUEVO_NUM": 0 }, "geometry": { "type": "Polygon", "coordinates": [ [ [ -70.637387, -33.439434 ], [ -70.637317, -33.439547 ], [ -70.637333, -33.439555 ], [ -70.637281, -33.439639 ], [ -70.637263, -33.439632 ], [ -70.637188, -33.439744 ], [ -70.637133, -33.439771 ], [ -70.637125, -33.439767 ], [ -70.637097, -33.439813 ], [ -70.637039, -33.439787 ], [ -70.637073, -33.439726 ], [ -70.637063, -33.439722 ], [ -70.637064, -33.439669 ], [ -70.637125, -33.439571 ], [ -70.63711, -33.439563 ], [ -70.637163, -33.439478 ], [ -70.637182, -33.439488 ], [ -70.637252, -33.439376 ], [ -70.637262, -33.43938 ], [ -70.637259, -33.439388 ], [ -70.637287, -33.439401 ], [ -70.637293, -33.439393 ], [ -70.637304, -33.439399 ], [ -70.637299, -33.439406 ], [ -70.637338, -33.439422 ], [ -70.637344, -33.439414 ], [ -70.637355, -33.43942 ], [ -70.637349, -33.439429 ], [ -70.63737, -33.43944 ], [ -70.637378, -33.439429 ], [ -70.637387, -33.439434 ] ] ] } },
{ "type": "Feature", "properties": { "INMUEBLES_": 7, "COUNT": 0, "INMUEBLE": null, "NUEVO_NUM": 0 }, "geometry": { "type": "Polygon", "coordinates": [ [ [ -70.658152, -33.447624 ], [ -70.659304, -33.447808 ], [ -70.659341, -33.447815 ], [ -70.659332, -33.447844 ], [ -70.659001, -33.447788 ], [ -70.658982, -33.447873 ], [ -70.658851, -33.447849 ], [ -70.658829, -33.448001 ], [ -70.658097, -33.447887 ], [ -70.658098, -33.447883 ], [ -70.658097, -33.447882 ], [ -70.65815, -33.447626 ], [ -70.658151, -33.447627 ], [ -70.658152, -33.447624 ] ] ] } },
{ "type": "Feature", "properties": { "INMUEBLES_": 8, "COUNT": 0, "INMUEBLE": null, "NUEVO_NUM": 0 }, "geometry": { "type": "Polygon", "coordinates": [ [ [ -70.659497, -33.446415 ], [ -70.659981, -33.446531 ], [ -70.660096, -33.446557 ], [ -70.659892, -33.447385 ], [ -70.659203, -33.447282 ], [ -70.659362, -33.446816 ], [ -70.659496, -33.446417 ], [ -70.659497, -33.446415 ] ] ] } },
{ "type": "Feature", "properties": { "INMUEBLES_": 9, "COUNT": 0, "INMUEBLE": null, "NUEVO_NUM": 0 }, "geometry": { "type": "Polygon", "coordinates": [ [ [ -70.659234, -33.446355 ], [ -70.659497, -33.446415 ], [ -70.659496, -33.446417 ], [ -70.659469, -33.4465 ], [ -70.659347, -33.446854 ], [ -70.659203, -33.447279 ], [ -70.65894, -33.447241 ], [ -70.659234, -33.446355 ] ] ] } },
{ "type": "Feature", "properties": { "INMUEBLES_": 12, "COUNT": 0, "INMUEBLE": null, "NUEVO_NUM": 0 }, "geometry": { "type": "Polygon", "coordinates": [ [ [ -70.637165, -33.437388 ], [ -70.637306, -33.437411 ], [ -70.637303, -33.437425 ], [ -70.637246, -33.437682 ], [ -70.637245, -33.437683 ], [ -70.637103, -33.437607 ], [ -70.637104, -33.437606 ], [ -70.63714, -33.437521 ], [ -70.637165, -33.437388 ] ] ] } },
{ "type": "Feature", "properties": { "INMUEBLES_": 13, "COUNT": 0, "INMUEBLE": null, "NUEVO_NUM": 0 }, "geometry": { "type": "Polygon", "coordinates": [ [ [ -70.638884, -33.438006 ], [ -70.638973, -33.437935 ], [ -70.639108, -33.438153 ], [ -70.638904, -33.438018 ], [ -70.638884, -33.438006 ] ] ] } },
{ "type": "Feature", "properties": { "INMUEBLES_": 14, "COUNT": 0, "INMUEBLE": null, "NUEVO_NUM": 0 }, "geometry": { "type": "Polygon", "coordinates": [ [ [ -70.63457, -33.440217 ], [ -70.634603, -33.440229 ], [ -70.634996, -33.440382 ], [ -70.635018, -33.44039 ], [ -70.634957, -33.440515 ], [ -70.634517, -33.440342 ], [ -70.634518, -33.440335 ], [ -70.634516, -33.440334 ], [ -70.634522, -33.440325 ], [ -70.634519, -33.440324 ], [ -70.634523, -33.440316 ], [ -70.63452, -33.440316 ], [ -70.634533, -33.440273 ], [ -70.634534, -33.440269 ], [ -70.634529, -33.440267 ], [ -70.634548, -33.440208 ], [ -70.63457, -33.440217 ] ] ] } },
{ "type": "Feature", "properties": { "INMUEBLES_": 15, "COUNT": 0, "INMUEBLE": null, "NUEVO_NUM": 0 }, "geometry": { "type": "Polygon", "coordinates": [ [ [ -70.642585, -33.445739 ], [ -70.64208, -33.445648 ], [ -70.642118, -33.445463 ], [ -70.642625, -33.445553 ], [ -70.642598, -33.445677 ], [ -70.642591, -33.445713 ], [ -70.642585, -33.445739 ] ] ] } },
{ "type": "Feature", "properties": { "INMUEBLES_": 16, "COUNT": 0, "INMUEBLE": null, "NUEVO_NUM": 0 }, "geometry": { "type": "Polygon", "coordinates": [ [ [ -70.649835, -33.438409 ], [ -70.649836, -33.438409 ], [ -70.649836, -33.438409 ], [ -70.649837, -33.438409 ], [ -70.649837, -33.438408 ], [ -70.649895, -33.438414 ], [ -70.649895, -33.438413 ], [ -70.649896, -33.438413 ], [ -70.649897, -33.438412 ], [ -70.649898, -33.438412 ], [ -70.649898, -33.438411 ], [ -70.649973, -33.438419 ], [ -70.649973, -33.43842 ], [ -70.649974, -33.43842 ], [ -70.649974, -33.43842 ], [ -70.649975, -33.438421 ], [ -70.649975, -33.438421 ], [ -70.650259, -33.438452 ], [ -70.650259, -33.43845 ], [ -70.65026, -33.43845 ], [ -70.65026, -33.43845 ], [ -70.650261, -33.43845 ], [ -70.650261, -33.438449 ], [ -70.650261, -33.438449 ], [ -70.650262, -33.438448 ], [ -70.650262, -33.438448 ], [ -70.650263, -33.438448 ], [ -70.650264, -33.438448 ], [ -70.650264, -33.438448 ], [ -70.650265, -33.438447 ], [ -70.650517, -33.438471 ], [ -70.650517, -33.438472 ], [ -70.650517, -33.438472 ], [ -70.650518, -33.438472 ], [ -70.650519, -33.438472 ], [ -70.65052, -33.438473 ], [ -70.65052, -33.438473 ], [ -70.650521, -33.438474 ], [ -70.650521, -33.438474 ], [ -70.650521, -33.438475 ], [ -70.650522, -33.438475 ], [ -70.650522, -33.438476 ], [ -70.650522, -33.438476 ], [ -70.650522, -33.438478 ], [ -70.65076, -33.4385 ], [ -70.65076, -33.4385 ], [ -70.650761, -33.4385 ], [ -70.650761, -33.438499 ], [ -70.650762, -33.438499 ], [ -70.650762, -33.438498 ], [ -70.650762, -33.438498 ], [ -70.650763, -33.438498 ], [ -70.650764, -33.438498 ], [ -70.650764, -33.438498 ], [ -70.650765, -33.438498 ], [ -70.650765, -33.438497 ], [ -70.650823, -33.438504 ], [ -70.650823, -33.438503 ], [ -70.650824, -33.438503 ], [ -70.650824, -33.438502 ], [ -70.650824, -33.438502 ], [ -70.650825, -33.438501 ], [ -70.650826, -33.438501 ], [ -70.650827, -33.438501 ], [ -70.650827, -33.438501 ], [ -70.650828, -33.4385 ], [ -70.650905, -33.438508 ], [ -70.650905, -33.438509 ], [ -70.650906, -33.438509 ], [ -70.650906, -33.438509 ], [ -70.650907, -33.438509 ], [ -70.650907, -33.43851 ], [ -70.650907, -33.43851 ], [ -70.650908, -33.438511 ], [ -70.650908, -33.438511 ], [ -70.650967, -33.438516 ], [ -70.650967, -33.438517 ], [ -70.650968, -33.438518 ], [ -70.650969, -33.438518 ], [ -70.650969, -33.438518 ], [ -70.65097, -33.438519 ], [ -70.65097, -33.438519 ], [ -70.65097, -33.438519 ], [ -70.65097, -33.43852 ], [ -70.650967, -33.43854 ], [ -70.650961, -33.438569 ], [ -70.650962, -33.43857 ], [ -70.650962, -33.438571 ], [ -70.650964, -33.438571 ], [ -70.650995, -33.438574 ], [ -70.650995, -33.438575 ], [ -70.650997, -33.438575 ], [ -70.650997, -33.438577 ], [ -70.650998, -33.438577 ], [ -70.650965, -33.438795 ], [ -70.650807, -33.438772 ], [ -70.65082, -33.438673 ], [ -70.650595, -33.438651 ], [ -70.650574, -33.438835 ], [ -70.650451, -33.438825 ], [ -70.65043, -33.438987 ], [ -70.650329, -33.438975 ], [ -70.650375, -33.438622 ], [ -70.650142, -33.438597 ], [ -70.650138, -33.438635 ], [ -70.65012, -33.438633 ], [ -70.649971, -33.438621 ], [ -70.649964, -33.438662 ], [ -70.649858, -33.438652 ], [ -70.649851, -33.438702 ], [ -70.649733, -33.438692 ], [ -70.649735, -33.438682 ], [ -70.64974, -33.438649 ], [ -70.649743, -33.438635 ], [ -70.64975, -33.438593 ], [ -70.649759, -33.438516 ], [ -70.649761, -33.438504 ], [ -70.649767, -33.438456 ], [ -70.649771, -33.438456 ], [ -70.649826, -33.438463 ], [ -70.649834, -33.438412 ], [ -70.649835, -33.43841 ], [ -70.649835, -33.438409 ] ] ] } },
{ "type": "Feature", "properties": { "INMUEBLES_": 18, "COUNT": 0, "INMUEBLE": null, "NUEVO_NUM": 0 }, "geometry": { "type": "Polygon", "coordinates": [ [ [ -70.653881, -33.438805 ], [ -70.654282, -33.438846 ], [ -70.654278, -33.438882 ], [ -70.653921, -33.438848 ], [ -70.653854, -33.439306 ], [ -70.653839, -33.439303 ], [ -70.653811, -33.4393 ], [ -70.65388, -33.438806 ], [ -70.653881, -33.438806 ], [ -70.653881, -33.438805 ] ] ] } },
{ "type": "Feature", "properties": { "INMUEBLES_": 20, "COUNT": 0, "INMUEBLE": null, "NUEVO_NUM": 0 }, "geometry": { "type": "Polygon", "coordinates": [ [ [ -70.649849, -33.43959 ], [ -70.649781, -33.440088 ], [ -70.649534, -33.440066 ], [ -70.649542, -33.44001 ], [ -70.649546, -33.439978 ], [ -70.649597, -33.439611 ], [ -70.649597, -33.439611 ], [ -70.649597, -33.43961 ], [ -70.649597, -33.439609 ], [ -70.649597, -33.439608 ], [ -70.649597, -33.439608 ], [ -70.649598, -33.439607 ], [ -70.649598, -33.439606 ], [ -70.649598, -33.439605 ], [ -70.649598, -33.439605 ], [ -70.649598, -33.439604 ], [ -70.649598, -33.439603 ], [ -70.649598, -33.439603 ], [ -70.649599, -33.439602 ], [ -70.649599, -33.439601 ], [ -70.649599, -33.4396 ], [ -70.649599, -33.4396 ], [ -70.6496, -33.439599 ], [ -70.6496, -33.439598 ], [ -70.6496, -33.439598 ], [ -70.6496, -33.439597 ], [ -70.649601, -33.439596 ], [ -70.649601, -33.439595 ], [ -70.649601, -33.439595 ], [ -70.649602, -33.439594 ], [ -70.649602, -33.439593 ], [ -70.649602, -33.439593 ], [ -70.649603, -33.439592 ], [ -70.649603, -33.439591 ], [ -70.649604, -33.439591 ], [ -70.649604, -33.43959 ], [ -70.649605, -33.43959 ], [ -70.649605, -33.439589 ], [ -70.649606, -33.439588 ], [ -70.649606, -33.439588 ], [ -70.649607, -33.439587 ], [ -70.649607, -33.439586 ], [ -70.649608, -33.439586 ], [ -70.649608, -33.439585 ], [ -70.649609, -33.439585 ], [ -70.649609, -33.439584 ], [ -70.64961, -33.439584 ], [ -70.64961, -33.439583 ], [ -70.649611, -33.439583 ], [ -70.649612, -33.439582 ], [ -70.649612, -33.439581 ], [ -70.649613, -33.439581 ], [ -70.649614, -33.43958 ], [ -70.649614, -33.43958 ], [ -70.649615, -33.439579 ], [ -70.649616, -33.439579 ], [ -70.649616, -33.439579 ], [ -70.649617, -33.439578 ], [ -70.649618, -33.439578 ], [ -70.649618, -33.439577 ], [ -70.649619, -33.439577 ], [ -70.64962, -33.439576 ], [ -70.649621, -33.439576 ], [ -70.649621, -33.439576 ], [ -70.649622, -33.439575 ], [ -70.649623, -33.439575 ], [ -70.649624, -33.439574 ], [ -70.649624, -33.439574 ], [ -70.649625, -33.439574 ], [ -70.649626, -33.439573 ], [ -70.649627, -33.439573 ], [ -70.649628, -33.439573 ], [ -70.649628, -33.439573 ], [ -70.649629, -33.439572 ], [ -70.64963, -33.439572 ], [ -70.649631, -33.439572 ], [ -70.649632, -33.439572 ], [ -70.649633, -33.439571 ], [ -70.649633, -33.439571 ], [ -70.649634, -33.439571 ], [ -70.649635, -33.439571 ], [ -70.649636, -33.43957 ], [ -70.649637, -33.43957 ], [ -70.649638, -33.43957 ], [ -70.649638, -33.43957 ], [ -70.649639, -33.43957 ], [ -70.64964, -33.43957 ], [ -70.649641, -33.43957 ], [ -70.649642, -33.43957 ], [ -70.649643, -33.43957 ], [ -70.649644, -33.439569 ], [ -70.649645, -33.439569 ], [ -70.649645, -33.439569 ], [ -70.649646, -33.439569 ], [ -70.649647, -33.439569 ], [ -70.649648, -33.439569 ], [ -70.649649, -33.439569 ], [ -70.64978, -33.439583 ], [ -70.649849, -33.43959 ] ] ] } },
{ "type": "Feature", "properties": { "INMUEBLES_": 21, "COUNT": 0, "INMUEBLE": null, "NUEVO_NUM": 0 }, "geometry": { "type": "Polygon", "coordinates": [ [ [ -70.651311, -33.440516 ], [ -70.651279, -33.440754 ], [ -70.651187, -33.440747 ], [ -70.65113, -33.440744 ], [ -70.650881, -33.44072 ], [ -70.650851, -33.440689 ], [ -70.650883, -33.440473 ], [ -70.650939, -33.440476 ], [ -70.651248, -33.440507 ], [ -70.651311, -33.440516 ] ] ] } },
{ "type": "Feature", "properties": { "INMUEBLES_": 24, "COUNT": 0, "INMUEBLE": null, "NUEVO_NUM": 0 }, "geometry": { "type": "Polygon", "coordinates": [ [ [ -70.662832, -33.443191 ], [ -70.662845, -33.443192 ], [ -70.66286, -33.443194 ], [ -70.663107, -33.443219 ], [ -70.663153, -33.443223 ], [ -70.663168, -33.443225 ], [ -70.66317, -33.443225 ], [ -70.663174, -33.443226 ], [ -70.663179, -33.443227 ], [ -70.663182, -33.443228 ], [ -70.663185, -33.44323 ], [ -70.663189, -33.443232 ], [ -70.663192, -33.443234 ], [ -70.663195, -33.443236 ], [ -70.663195, -33.443236 ], [ -70.663197, -33.443238 ], [ -70.6632, -33.443241 ], [ -70.663202, -33.443244 ], [ -70.663204, -33.443246 ], [ -70.663206, -33.443249 ], [ -70.663207, -33.44325 ], [ -70.663155, -33.443506 ], [ -70.662771, -33.443467 ], [ -70.662779, -33.443429 ], [ -70.662779, -33.443429 ], [ -70.662832, -33.443191 ] ] ] } },
{ "type": "Feature", "properties": { "INMUEBLES_": 25, "COUNT": 0, "INMUEBLE": null, "NUEVO_NUM": 0 }, "geometry": { "type": "Polygon", "coordinates": [ [ [ -70.664003, -33.44741 ], [ -70.664191, -33.447451 ], [ -70.664204, -33.447454 ], [ -70.664239, -33.447462 ], [ -70.664251, -33.447464 ], [ -70.664351, -33.447487 ], [ -70.664364, -33.447489 ], [ -70.664399, -33.447497 ], [ -70.664412, -33.4475 ], [ -70.664413, -33.4475 ], [ -70.664353, -33.447677 ], [ -70.664399, -33.447687 ], [ -70.664363, -33.447829 ], [ -70.664673, -33.447871 ], [ -70.664674, -33.447871 ], [ -70.664669, -33.447992 ], [ -70.664635, -33.448766 ], [ -70.664635, -33.448775 ], [ -70.664629, -33.448879 ], [ -70.664628, -33.448888 ], [ -70.664616, -33.44912 ], [ -70.664599, -33.449504 ], [ -70.663825, -33.449453 ], [ -70.663826, -33.449447 ], [ -70.663833, -33.449363 ], [ -70.663841, -33.449272 ], [ -70.66385, -33.449181 ], [ -70.663872, -33.449095 ], [ -70.663598, -33.449058 ], [ -70.663698, -33.447844 ], [ -70.663704, -33.447844 ], [ -70.663704, -33.447846 ], [ -70.663715, -33.447846 ], [ -70.663771, -33.44765 ], [ -70.663921, -33.447684 ], [ -70.664003, -33.44741 ] ] ] } },
{ "type": "Feature", "properties": { "INMUEBLES_": 28, "COUNT": 0, "INMUEBLE": null, "NUEVO_NUM": 0 }, "geometry": { "type": "Polygon", "coordinates": [ [ [ -70.680572, -33.442882 ], [ -70.680568, -33.44297 ], [ -70.680608, -33.442975 ], [ -70.68062, -33.442992 ], [ -70.680616, -33.443038 ], [ -70.680598, -33.443049 ], [ -70.680563, -33.443048 ], [ -70.680558, -33.443103 ], [ -70.680556, -33.443124 ], [ -70.680554, -33.443144 ], [ -70.680424, -33.443142 ], [ -70.680425, -33.443133 ], [ -70.680331, -33.443129 ], [ -70.680308, -33.443128 ], [ -70.680313, -33.443061 ], [ -70.680324, -33.443061 ], [ -70.680336, -33.442935 ], [ -70.680325, -33.442934 ], [ -70.680328, -33.442871 ], [ -70.680442, -33.44288 ], [ -70.680441, -33.442873 ], [ -70.680572, -33.442882 ] ] ] } },
{ "type": "Feature", "properties": { "INMUEBLES_": 31, "COUNT": 0, "INMUEBLE": null, "NUEVO_NUM": 0 }, "geometry": { "type": "Polygon", "coordinates": [ [ [ -70.66964, -33.440691 ], [ -70.669566, -33.441188 ], [ -70.669704, -33.441204 ], [ -70.669693, -33.441271 ], [ -70.669768, -33.44128 ], [ -70.669766, -33.441291 ], [ -70.669757, -33.441338 ], [ -70.669723, -33.441335 ], [ -70.669718, -33.441367 ], [ -70.669638, -33.441359 ], [ -70.66963, -33.441409 ], [ -70.669627, -33.441428 ], [ -70.669581, -33.441423 ], [ -70.669565, -33.441518 ], [ -70.669519, -33.441512 ], [ -70.669516, -33.441521 ], [ -70.66939, -33.441503 ], [ -70.669393, -33.441492 ], [ -70.669312, -33.44148 ], [ -70.669318, -33.441447 ], [ -70.669281, -33.441441 ], [ -70.669302, -33.441318 ], [ -70.669018, -33.441278 ], [ -70.669088, -33.440846 ], [ -70.66904, -33.44084 ], [ -70.669049, -33.440774 ], [ -70.669098, -33.440778 ], [ -70.669123, -33.440635 ], [ -70.669483, -33.440675 ], [ -70.669494, -33.440559 ], [ -70.66916, -33.440522 ], [ -70.669173, -33.440449 ], [ -70.669175, -33.440433 ], [ -70.669671, -33.44049 ], [ -70.66964, -33.440691 ] ] ] } },
{ "type": "Feature", "properties": { "INMUEBLES_": 34, "COUNT": 0, "INMUEBLE": null, "NUEVO_NUM": 0 }, "geometry": { "type": "MultiPolygon", "coordinates": [ [ [ [ -70.677191, -33.441344 ], [ -70.677191, -33.441342 ], [ -70.677303, -33.441354 ], [ -70.677303, -33.441356 ], [ -70.677293, -33.441564 ], [ -70.677291, -33.441593 ], [ -70.677288, -33.441627 ], [ -70.677287, -33.441651 ], [ -70.677286, -33.441662 ], [ -70.677284, -33.441682 ], [ -70.677281, -33.44171 ], [ -70.677281, -33.441718 ], [ -70.677279, -33.441733 ], [ -70.677278, -33.44174 ], [ -70.677276, -33.441764 ], [ -70.677273, -33.441799 ], [ -70.67727, -33.441834 ], [ -70.677268, -33.441855 ], [ -70.677267, -33.441868 ], [ -70.677263, -33.441914 ], [ -70.67726, -33.441948 ], [ -70.677257, -33.441977 ], [ -70.677255, -33.441997 ], [ -70.677254, -33.442011 ], [ -70.677252, -33.442036 ], [ -70.677246, -33.442093 ], [ -70.677244, -33.442112 ], [ -70.677242, -33.442136 ], [ -70.67724, -33.442156 ], [ -70.677218, -33.44237 ], [ -70.677131, -33.442364 ], [ -70.677144, -33.442229 ], [ -70.677145, -33.442216 ], [ -70.677129, -33.442199 ], [ -70.677114, -33.442199 ], [ -70.677191, -33.441344 ] ] ], [ [ [ -70.677103, -33.441409 ], [ -70.67703, -33.442193 ], [ -70.677016, -33.442192 ], [ -70.676997, -33.442206 ], [ -70.676996, -33.442219 ], [ -70.676982, -33.442354 ], [ -70.676896, -33.442348 ], [ -70.676907, -33.442213 ], [ -70.67691, -33.442178 ], [ -70.676912, -33.442155 ], [ -70.676914, -33.442131 ], [ -70.676922, -33.442047 ], [ -70.676928, -33.441959 ], [ -70.676934, -33.44188 ], [ -70.676941, -33.441794 ], [ -70.676916, -33.441791 ], [ -70.676956, -33.441391 ], [ -70.676965, -33.441318 ], [ -70.67711, -33.441334 ], [ -70.677103, -33.441409 ] ] ] ] } },
{ "type": "Feature", "properties": { "INMUEBLES_": 37, "COUNT": 0, "INMUEBLE": null, "NUEVO_NUM": 0 }, "geometry": { "type": "Polygon", "coordinates": [ [ [ -70.669389, -33.438554 ], [ -70.669403, -33.438477 ], [ -70.669526, -33.43849 ], [ -70.669512, -33.438571 ], [ -70.669538, -33.438574 ], [ -70.669549, -33.438575 ], [ -70.669589, -33.438579 ], [ -70.669521, -33.439056 ], [ -70.669229, -33.439027 ], [ -70.669301, -33.438545 ], [ -70.669389, -33.438554 ] ] ] } },
{ "type": "Feature", "properties": { "INMUEBLES_": 38, "COUNT": 0, "INMUEBLE": null, "NUEVO_NUM": 0 }, "geometry": { "type": "Polygon", "coordinates": [ [ [ -70.670023, -33.438816 ], [ -70.670346, -33.438856 ], [ -70.670299, -33.439247 ], [ -70.670261, -33.439272 ], [ -70.669937, -33.439236 ], [ -70.669987, -33.438921 ], [ -70.67001, -33.438924 ], [ -70.670023, -33.438816 ] ] ] } },
{ "type": "Feature", "properties": { "INMUEBLES_": 39, "COUNT": 0, "INMUEBLE": null, "NUEVO_NUM": 0 }, "geometry": { "type": "Polygon", "coordinates": [ [ [ -70.670396, -33.438501 ], [ -70.670394, -33.438517 ], [ -70.670391, -33.438544 ], [ -70.670382, -33.438609 ], [ -70.670381, -33.438609 ], [ -70.67038, -33.438609 ], [ -70.670379, -33.43861 ], [ -70.670377, -33.43861 ], [ -70.670374, -33.43861 ], [ -70.67036, -33.438722 ], [ -70.670367, -33.438722 ], [ -70.670361, -33.438767 ], [ -70.670035, -33.438729 ], [ -70.670072, -33.438466 ], [ -70.670396, -33.438501 ] ] ] } },
{ "type": "Feature", "properties": { "INMUEBLES_": 40, "COUNT": 0, "INMUEBLE": null, "NUEVO_NUM": 0 }, "geometry": { "type": "Polygon", "coordinates": [ [ [ -70.670118, -33.438136 ], [ -70.670187, -33.438141 ], [ -70.670309, -33.438151 ], [ -70.67044, -33.438162 ], [ -70.670428, -33.43826 ], [ -70.670104, -33.438235 ], [ -70.670109, -33.438196 ], [ -70.670112, -33.438176 ], [ -70.670118, -33.438136 ] ] ] } },
{ "type": "Feature", "properties": { "INMUEBLES_": 41, "COUNT": 0, "INMUEBLE": null, "NUEVO_NUM": 0 }, "geometry": { "type": "Polygon", "coordinates": [ [ [ -70.67021, -33.437833 ], [ -70.670434, -33.437846 ], [ -70.670441, -33.437848 ], [ -70.670443, -33.437849 ], [ -70.670444, -33.437849 ], [ -70.670446, -33.43785 ], [ -70.670448, -33.437851 ], [ -70.67045, -33.437852 ], [ -70.670451, -33.437852 ], [ -70.670453, -33.437853 ], [ -70.670455, -33.437854 ], [ -70.670456, -33.437855 ], [ -70.670457, -33.437856 ], [ -70.670458, -33.437856 ], [ -70.670459, -33.437857 ], [ -70.670461, -33.437859 ], [ -70.670462, -33.43786 ], [ -70.670463, -33.437861 ], [ -70.670465, -33.437862 ], [ -70.670466, -33.437864 ], [ -70.670467, -33.437865 ], [ -70.670468, -33.437866 ], [ -70.670469, -33.437868 ], [ -70.67047, -33.437869 ], [ -70.670471, -33.437871 ], [ -70.670472, -33.437872 ], [ -70.670473, -33.437874 ], [ -70.670473, -33.437874 ], [ -70.670474, -33.437876 ], [ -70.670475, -33.437877 ], [ -70.670475, -33.437879 ], [ -70.670475, -33.43788 ], [ -70.670476, -33.437883 ], [ -70.670476, -33.437884 ], [ -70.670477, -33.437886 ], [ -70.670477, -33.437888 ], [ -70.670478, -33.437889 ], [ -70.670452, -33.438078 ], [ -70.670175, -33.438058 ], [ -70.67021, -33.437833 ] ] ] } },
{ "type": "Feature", "properties": { "INMUEBLES_": 42, "COUNT": 0, "INMUEBLE": null, "NUEVO_NUM": 0 }, "geometry": { "type": "Polygon", "coordinates": [ [ [ -70.675803, -33.445139 ], [ -70.675802, -33.445165 ], [ -70.675784, -33.445176 ], [ -70.675727, -33.445173 ], [ -70.675718, -33.445161 ], [ -70.675719, -33.445133 ], [ -70.675633, -33.445128 ], [ -70.675639, -33.445061 ], [ -70.675712, -33.445066 ], [ -70.675723, -33.444905 ], [ -70.675723, -33.444897 ], [ -70.675726, -33.444847 ], [ -70.675852, -33.444854 ], [ -70.675846, -33.444905 ], [ -70.67583, -33.445075 ], [ -70.675899, -33.445079 ], [ -70.675894, -33.445144 ], [ -70.675803, -33.445139 ] ] ] } },
{ "type": "Feature", "properties": { "INMUEBLES_": 43, "COUNT": 0, "INMUEBLE": null, "NUEVO_NUM": 0 }, "geometry": { "type": "Polygon", "coordinates": [ [ [ -70.675792, -33.443627 ], [ -70.675736, -33.444074 ], [ -70.675652, -33.444066 ], [ -70.675672, -33.443863 ], [ -70.675504, -33.443847 ], [ -70.675481, -33.444057 ], [ -70.675417, -33.444051 ], [ -70.675418, -33.44405 ], [ -70.675462, -33.443616 ], [ -70.675496, -33.443593 ], [ -70.67579, -33.443627 ], [ -70.675792, -33.443627 ] ] ] } },
{ "type": "Feature", "properties": { "INMUEBLES_": 46, "COUNT": 0, "INMUEBLE": null, "NUEVO_NUM": 0 }, "geometry": { "type": "Polygon", "coordinates": [ [ [ -70.665971, -33.439416 ], [ -70.665983, -33.439418 ], [ -70.666161, -33.439439 ], [ -70.666293, -33.439455 ], [ -70.66628, -33.439527 ], [ -70.6662, -33.439986 ], [ -70.665886, -33.439952 ], [ -70.665971, -33.439416 ] ] ] } },
{ "type": "Feature", "properties": { "INMUEBLES_": 47, "COUNT": 0, "INMUEBLE": null, "NUEVO_NUM": 0 }, "geometry": { "type": "Polygon", "coordinates": [ [ [ -70.665649, -33.439376 ], [ -70.665815, -33.439396 ], [ -70.665734, -33.43993 ], [ -70.665678, -33.439925 ], [ -70.665678, -33.439924 ], [ -70.665587, -33.439913 ], [ -70.665586, -33.439915 ], [ -70.665552, -33.439911 ], [ -70.665635, -33.439375 ], [ -70.665649, -33.439376 ] ] ] } },
{ "type": "Feature", "properties": { "INMUEBLES_": 53, "COUNT": 0, "INMUEBLE": null, "NUEVO_NUM": 0 }, "geometry": { "type": "Polygon", "coordinates": [ [ [ -70.659926, -33.451916 ], [ -70.659966, -33.451923 ], [ -70.660095, -33.451947 ], [ -70.660126, -33.451953 ], [ -70.660321, -33.45199 ], [ -70.660351, -33.451997 ], [ -70.660351, -33.451997 ], [ -70.660354, -33.451998 ], [ -70.660353, -33.452001 ], [ -70.660359, -33.452003 ], [ -70.660364, -33.452005 ], [ -70.660369, -33.452008 ], [ -70.660372, -33.452012 ], [ -70.660375, -33.452015 ], [ -70.660376, -33.452018 ], [ -70.660378, -33.452022 ], [ -70.660378, -33.452026 ], [ -70.660378, -33.45203 ], [ -70.660381, -33.45203 ], [ -70.660381, -33.452033 ], [ -70.660382, -33.452033 ], [ -70.660377, -33.452059 ], [ -70.660359, -33.452154 ], [ -70.660349, -33.452204 ], [ -70.65988, -33.452144 ], [ -70.659879, -33.452144 ], [ -70.659918, -33.451953 ], [ -70.659926, -33.451916 ] ] ] } },
{ "type": "Feature", "properties": { "INMUEBLES_": 54, "COUNT": 0, "INMUEBLE": null, "NUEVO_NUM": 0 }, "geometry": { "type": "Polygon", "coordinates": [ [ [ -70.652884, -33.466669 ], [ -70.65285, -33.467042 ], [ -70.652801, -33.467039 ], [ -70.652797, -33.467061 ], [ -70.652763, -33.467076 ], [ -70.652725, -33.467079 ], [ -70.652689, -33.467067 ], [ -70.652661, -33.467041 ], [ -70.652664, -33.467025 ], [ -70.6526, -33.467019 ], [ -70.652607, -33.466961 ], [ -70.652608, -33.466952 ], [ -70.652614, -33.466917 ], [ -70.652614, -33.466909 ], [ -70.652644, -33.466684 ], [ -70.652677, -33.466651 ], [ -70.652719, -33.466654 ], [ -70.65272, -33.466646 ], [ -70.652822, -33.466655 ], [ -70.652821, -33.466664 ], [ -70.652884, -33.466669 ] ] ] } },
{ "type": "Feature", "properties": { "INMUEBLES_": 55, "COUNT": 0, "INMUEBLE": null, "NUEVO_NUM": 0 }, "geometry": { "type": "Polygon", "coordinates": [ [ [ -70.645502, -33.463613 ], [ -70.645687, -33.463633 ], [ -70.645666, -33.463853 ], [ -70.64566, -33.463895 ], [ -70.645477, -33.463881 ], [ -70.645479, -33.463837 ], [ -70.645502, -33.463613 ] ] ] } },
{ "type": "Feature", "properties": { "INMUEBLES_": 58, "COUNT": 0, "INMUEBLE": null, "NUEVO_NUM": 0 }, "geometry": { "type": "Polygon", "coordinates": [ [ [ -70.631376, -33.450983 ], [ -70.631381, -33.450963 ], [ -70.631665, -33.451028 ], [ -70.631725, -33.451043 ], [ -70.631679, -33.451184 ], [ -70.631339, -33.451108 ], [ -70.631343, -33.451095 ], [ -70.631376, -33.450983 ] ] ] } },
{ "type": "Feature", "properties": { "INMUEBLES_": 59, "COUNT": 0, "INMUEBLE": null, "NUEVO_NUM": 0 }, "geometry": { "type": "Polygon", "coordinates": [ [ [ -70.640203, -33.454522 ], [ -70.640175, -33.454629 ], [ -70.640157, -33.454692 ], [ -70.640106, -33.454884 ], [ -70.640076, -33.454999 ], [ -70.64007, -33.455024 ], [ -70.639744, -33.454959 ], [ -70.639589, -33.454929 ], [ -70.639736, -33.454426 ], [ -70.640203, -33.454522 ] ] ] } },
{ "type": "Feature", "properties": { "INMUEBLES_": 60, "COUNT": 0, "INMUEBLE": null, "NUEVO_NUM": 0 }, "geometry": { "type": "Polygon", "coordinates": [ [ [ -70.63347, -33.456433 ], [ -70.63356, -33.456453 ], [ -70.633647, -33.456471 ], [ -70.633738, -33.45649 ], [ -70.633786, -33.456501 ], [ -70.633809, -33.456532 ], [ -70.63376, -33.456712 ], [ -70.63367, -33.456694 ], [ -70.63359, -33.45668 ], [ -70.633542, -33.45667 ], [ -70.633501, -33.456662 ], [ -70.633413, -33.456645 ], [ -70.633324, -33.456629 ], [ -70.63338, -33.45644 ], [ -70.633415, -33.456422 ], [ -70.63347, -33.456433 ] ] ] } },
{ "type": "Feature", "properties": { "INMUEBLES_": 61, "COUNT": 0, "INMUEBLE": null, "NUEVO_NUM": 0 }, "geometry": { "type": "Polygon", "coordinates": [ [ [ -70.675833, -33.458828 ], [ -70.675738, -33.459241 ], [ -70.675579, -33.459213 ], [ -70.675662, -33.458797 ], [ -70.675833, -33.458828 ] ] ] } },
{ "type": "Feature", "properties": { "INMUEBLES_": 64, "COUNT": 0, "INMUEBLE": null, "NUEVO_NUM": 0 }, "geometry": { "type": "Polygon", "coordinates": [ [ [ -70.651446, -33.442444 ], [ -70.651218, -33.442659 ], [ -70.651199, -33.442677 ], [ -70.651153, -33.44267 ], [ -70.650966, -33.442391 ], [ -70.651189, -33.442415 ], [ -70.651266, -33.442423 ], [ -70.65127, -33.442432 ], [ -70.651274, -33.442438 ], [ -70.651279, -33.442443 ], [ -70.651284, -33.442447 ], [ -70.651291, -33.442451 ], [ -70.651298, -33.442455 ], [ -70.651304, -33.442457 ], [ -70.651315, -33.442459 ], [ -70.651325, -33.44246 ], [ -70.651335, -33.44246 ], [ -70.651343, -33.442459 ], [ -70.65135, -33.442456 ], [ -70.651359, -33.442453 ], [ -70.651367, -33.442448 ], [ -70.651374, -33.442443 ], [ -70.651379, -33.442437 ], [ -70.651446, -33.442444 ] ] ] } },
{ "type": "Feature", "properties": { "INMUEBLES_": 65, "COUNT": 0, "INMUEBLE": null, "NUEVO_NUM": 0 }, "geometry": { "type": "Polygon", "coordinates": [ [ [ -70.650772, -33.442011 ], [ -70.651008, -33.442031 ], [ -70.650958, -33.442379 ], [ -70.650738, -33.442051 ], [ -70.650772, -33.442011 ] ] ] } },
{ "type": "Feature", "properties": { "INMUEBLES_": 67, "COUNT": 0, "INMUEBLE": null, "NUEVO_NUM": 0 }, "geometry": { "type": "Polygon", "coordinates": [ [ [ -70.656562, -33.441906 ], [ -70.656476, -33.442435 ], [ -70.656286, -33.442416 ], [ -70.656286, -33.442421 ], [ -70.656193, -33.44241 ], [ -70.656192, -33.442409 ], [ -70.656166, -33.44238 ], [ -70.656165, -33.44238 ], [ -70.656284, -33.441868 ], [ -70.656562, -33.441906 ] ] ] } },
{ "type": "Feature", "properties": { "INMUEBLES_": 68, "COUNT": 0, "INMUEBLE": null, "NUEVO_NUM": 0 }, "geometry": { "type": "Polygon", "coordinates": [ [ [ -70.660816, -33.437653 ], [ -70.660858, -33.437277 ], [ -70.66107, -33.437299 ], [ -70.661071, -33.4373 ], [ -70.661073, -33.437301 ], [ -70.661076, -33.437301 ], [ -70.661079, -33.437302 ], [ -70.661081, -33.437303 ], [ -70.661082, -33.437306 ], [ -70.661083, -33.437308 ], [ -70.661083, -33.437313 ], [ -70.661084, -33.437313 ], [ -70.66104, -33.43767 ], [ -70.660816, -33.437653 ] ] ] } },
{ "type": "Feature", "properties": { "INMUEBLES_": 69, "COUNT": 0, "INMUEBLE": null, "NUEVO_NUM": 0 }, "geometry": { "type": "Polygon", "coordinates": [ [ [ -70.649453, -33.455937 ], [ -70.649613, -33.455952 ], [ -70.64961, -33.455964 ], [ -70.649513, -33.456553 ], [ -70.649184, -33.456513 ], [ -70.649129, -33.456506 ], [ -70.648858, -33.456475 ], [ -70.648947, -33.455889 ], [ -70.649189, -33.455912 ], [ -70.649453, -33.455937 ] ] ] } },
{ "type": "Feature", "properties": { "INMUEBLES_": 72, "COUNT": 0, "INMUEBLE": null, "NUEVO_NUM": 0 }, "geometry": { "type": "Polygon", "coordinates": [ [ [ -70.650398, -33.435248 ], [ -70.650395, -33.435263 ], [ -70.650306, -33.435256 ], [ -70.650288, -33.43539 ], [ -70.650183, -33.435381 ], [ -70.65024, -33.434996 ], [ -70.650275, -33.434974 ], [ -70.650453, -33.434996 ], [ -70.650444, -33.435063 ], [ -70.650423, -33.435061 ], [ -70.650398, -33.435248 ] ] ] } },
{ "type": "Feature", "properties": { "INMUEBLES_": 73, "COUNT": 0, "INMUEBLE": null, "NUEVO_NUM": 0 }, "geometry": { "type": "Polygon", "coordinates": [ [ [ -70.645911, -33.436195 ], [ -70.646074, -33.436212 ], [ -70.646108, -33.436215 ], [ -70.646218, -33.436226 ], [ -70.646142, -33.436709 ], [ -70.646139, -33.436728 ], [ -70.645998, -33.436713 ], [ -70.64583, -33.436695 ], [ -70.645807, -33.436664 ], [ -70.645877, -33.436192 ], [ -70.645911, -33.436195 ] ] ] } },
{ "type": "Feature", "properties": { "INMUEBLES_": 75, "COUNT": 0, "INMUEBLE": null, "NUEVO_NUM": 0 }, "geometry": { "type": "Polygon", "coordinates": [ [ [ -70.647451, -33.441469 ], [ -70.647433, -33.441592 ], [ -70.647429, -33.441592 ], [ -70.647429, -33.441592 ], [ -70.647359, -33.441585 ], [ -70.647358, -33.441591 ], [ -70.647237, -33.44158 ], [ -70.647238, -33.441575 ], [ -70.647161, -33.441567 ], [ -70.647154, -33.441563 ], [ -70.647158, -33.441519 ], [ -70.647178, -33.441406 ], [ -70.647185, -33.441364 ], [ -70.647204, -33.441276 ], [ -70.647231, -33.441278 ], [ -70.647474, -33.441302 ], [ -70.647451, -33.441469 ] ] ] } },
{ "type": "Feature", "properties": { "INMUEBLES_": 76, "COUNT": 0, "INMUEBLE": null, "NUEVO_NUM": 0 }, "geometry": { "type": "Polygon", "coordinates": [ [ [ -70.64394, -33.442031 ], [ -70.643928, -33.44203 ], [ -70.643915, -33.442028 ], [ -70.643902, -33.442023 ], [ -70.643876, -33.442016 ], [ -70.643856, -33.442009 ], [ -70.643834, -33.441999 ], [ -70.643823, -33.441993 ], [ -70.643815, -33.44199 ], [ -70.643812, -33.441987 ], [ -70.643808, -33.441986 ], [ -70.643783, -33.441965 ], [ -70.643766, -33.441945 ], [ -70.643797, -33.441939 ], [ -70.64378, -33.441909 ], [ -70.643809, -33.441898 ], [ -70.643809, -33.441893 ], [ -70.643809, -33.441887 ], [ -70.643811, -33.441883 ], [ -70.643817, -33.441877 ], [ -70.643886, -33.441854 ], [ -70.643884, -33.441846 ], [ -70.643884, -33.441834 ], [ -70.643888, -33.441819 ], [ -70.643894, -33.441807 ], [ -70.643907, -33.441795 ], [ -70.643921, -33.441788 ], [ -70.643938, -33.441785 ], [ -70.643956, -33.441784 ], [ -70.643967, -33.441784 ], [ -70.643978, -33.441788 ], [ -70.643994, -33.441797 ], [ -70.644007, -33.441808 ], [ -70.644014, -33.441816 ], [ -70.644063, -33.441801 ], [ -70.644071, -33.4418 ], [ -70.64408, -33.4418 ], [ -70.644089, -33.441802 ], [ -70.644099, -33.441806 ], [ -70.644106, -33.44181 ], [ -70.644135, -33.441798 ], [ -70.644164, -33.441837 ], [ -70.644164, -33.441842 ], [ -70.644167, -33.441853 ], [ -70.644169, -33.441867 ], [ -70.644169, -33.441884 ], [ -70.644167, -33.441903 ], [ -70.644163, -33.441917 ], [ -70.644157, -33.441931 ], [ -70.644149, -33.441945 ], [ -70.644139, -33.44196 ], [ -70.644129, -33.441972 ], [ -70.644119, -33.441982 ], [ -70.644105, -33.441994 ], [ -70.644085, -33.442006 ], [ -70.644067, -33.441982 ], [ -70.64406, -33.441986 ], [ -70.644054, -33.441983 ], [ -70.644054, -33.441974 ], [ -70.644053, -33.441969 ], [ -70.644051, -33.441964 ], [ -70.644046, -33.441959 ], [ -70.644039, -33.441954 ], [ -70.644031, -33.441952 ], [ -70.644023, -33.44195 ], [ -70.644014, -33.44195 ], [ -70.644007, -33.441952 ], [ -70.644002, -33.441955 ], [ -70.643995, -33.441959 ], [ -70.643991, -33.441964 ], [ -70.643989, -33.441968 ], [ -70.643988, -33.441974 ], [ -70.643989, -33.441979 ], [ -70.64399, -33.441983 ], [ -70.643992, -33.441989 ], [ -70.643995, -33.441993 ], [ -70.644001, -33.441998 ], [ -70.643994, -33.442002 ], [ -70.643994, -33.442023 ], [ -70.644005, -33.442023 ], [ -70.644004, -33.442029 ], [ -70.643996, -33.442031 ], [ -70.643988, -33.442034 ], [ -70.643979, -33.442037 ], [ -70.643971, -33.442038 ], [ -70.64397, -33.442038 ], [ -70.643967, -33.442035 ], [ -70.643966, -33.442031 ], [ -70.643959, -33.442032 ], [ -70.643946, -33.442032 ], [ -70.64394, -33.442031 ] ] ] } },
{ "type": "Feature", "properties": { "INMUEBLES_": 77, "COUNT": 0, "INMUEBLE": null, "NUEVO_NUM": 0 }, "geometry": { "type": "Polygon", "coordinates": [ [ [ -70.643935, -33.440662 ], [ -70.643823, -33.440773 ], [ -70.643618, -33.440633 ], [ -70.643727, -33.440522 ], [ -70.643935, -33.440662 ] ] ] } },
{ "type": "Feature", "properties": { "INMUEBLES_": 78, "COUNT": 0, "INMUEBLE": null, "NUEVO_NUM": 0 }, "geometry": { "type": "Polygon", "coordinates": [ [ [ -70.653287, -33.441891 ], [ -70.653282, -33.441924 ], [ -70.653262, -33.442072 ], [ -70.653228, -33.442094 ], [ -70.652955, -33.442067 ], [ -70.652955, -33.442065 ], [ -70.652984, -33.441859 ], [ -70.653287, -33.441891 ] ] ] } },
{ "type": "Feature", "properties": { "INMUEBLES_": 80, "COUNT": 0, "INMUEBLE": null, "NUEVO_NUM": 0 }, "geometry": { "type": "Polygon", "coordinates": [ [ [ -70.655454, -33.441295 ], [ -70.655339, -33.441748 ], [ -70.654907, -33.441676 ], [ -70.654893, -33.441674 ], [ -70.654896, -33.441662 ], [ -70.654913, -33.441596 ], [ -70.654906, -33.441595 ], [ -70.654987, -33.441312 ], [ -70.654994, -33.441313 ], [ -70.655006, -33.441269 ], [ -70.655031, -33.441254 ], [ -70.655454, -33.441294 ], [ -70.655454, -33.441295 ] ] ] } },
{ "type": "Feature", "properties": { "INMUEBLES_": 81, "COUNT": 0, "INMUEBLE": null, "NUEVO_NUM": 0 }, "geometry": { "type": "Polygon", "coordinates": [ [ [ -70.654106, -33.440016 ], [ -70.654052, -33.440317 ], [ -70.653704, -33.440273 ], [ -70.653744, -33.440012 ], [ -70.653787, -33.439988 ], [ -70.654106, -33.440016 ] ] ] } },
{ "type": "Feature", "properties": { "INMUEBLES_": 83, "COUNT": 0, "INMUEBLE": null, "NUEVO_NUM": 0 }, "geometry": { "type": "Polygon", "coordinates": [ [ [ -70.658116, -33.444657 ], [ -70.658243, -33.444674 ], [ -70.658199, -33.444955 ], [ -70.658168, -33.445154 ], [ -70.658155, -33.445216 ], [ -70.658154, -33.445222 ], [ -70.65815, -33.445221 ], [ -70.658017, -33.445189 ], [ -70.658116, -33.444657 ] ] ] } },
{ "type": "Feature", "properties": { "INMUEBLES_": 84, "COUNT": 0, "INMUEBLE": null, "NUEVO_NUM": 0 }, "geometry": { "type": "Polygon", "coordinates": [ [ [ -70.657954, -33.44439 ], [ -70.658119, -33.44441 ], [ -70.658089, -33.444655 ], [ -70.658116, -33.444657 ], [ -70.658017, -33.445189 ], [ -70.658016, -33.445189 ], [ -70.657954, -33.445175 ], [ -70.657955, -33.445174 ], [ -70.657875, -33.445155 ], [ -70.657874, -33.445156 ], [ -70.657837, -33.445147 ], [ -70.657954, -33.44439 ] ] ] } },
{ "type": "Feature", "properties": { "INMUEBLES_": 85, "COUNT": 0, "INMUEBLE": null, "NUEVO_NUM": 0 }, "geometry": { "type": "Polygon", "coordinates": [ [ [ -70.657954, -33.44439 ], [ -70.657837, -33.445147 ], [ -70.657684, -33.445111 ], [ -70.657691, -33.44508 ], [ -70.657698, -33.445045 ], [ -70.657699, -33.44504 ], [ -70.657807, -33.444371 ], [ -70.657954, -33.44439 ] ] ] } },
{ "type": "Feature", "properties": { "INMUEBLES_": 86, "COUNT": 0, "INMUEBLE": null, "NUEVO_NUM": 0 }, "geometry": { "type": "Polygon", "coordinates": [ [ [ -70.656315, -33.445666 ], [ -70.656461, -33.445702 ], [ -70.656461, -33.445703 ], [ -70.656322, -33.446289 ], [ -70.6563, -33.44639 ], [ -70.65613, -33.446371 ], [ -70.656315, -33.445666 ] ] ] } },
{ "type": "Feature", "properties": { "INMUEBLES_": 87, "COUNT": 0, "INMUEBLE": null, "NUEVO_NUM": 0 }, "geometry": { "type": "Polygon", "coordinates": [ [ [ -70.65613, -33.445621 ], [ -70.656215, -33.445641 ], [ -70.656315, -33.445666 ], [ -70.65613, -33.446371 ], [ -70.656003, -33.446359 ], [ -70.655968, -33.446356 ], [ -70.656008, -33.446144 ], [ -70.656129, -33.445622 ], [ -70.65613, -33.445621 ] ] ] } },
{ "type": "Feature", "properties": { "INMUEBLES_": 88, "COUNT": 0, "INMUEBLE": null, "NUEVO_NUM": 0 }, "geometry": { "type": "Polygon", "coordinates": [ [ [ -70.655965, -33.445579 ], [ -70.65613, -33.445621 ], [ -70.656129, -33.445622 ], [ -70.656008, -33.446144 ], [ -70.655844, -33.446123 ], [ -70.655965, -33.445579 ] ] ] } },
{ "type": "Feature", "properties": { "INMUEBLES_": 89, "COUNT": 0, "INMUEBLE": null, "NUEVO_NUM": 0 }, "geometry": { "type": "Polygon", "coordinates": [ [ [ -70.655844, -33.446123 ], [ -70.655614, -33.446091 ], [ -70.65564, -33.445982 ], [ -70.655756, -33.445526 ], [ -70.655965, -33.445579 ], [ -70.655844, -33.446123 ] ] ] } },
{ "type": "Feature", "properties": { "INMUEBLES_": 90, "COUNT": 0, "INMUEBLE": null, "NUEVO_NUM": 0 }, "geometry": { "type": "Polygon", "coordinates": [ [ [ -70.654021, -33.437004 ], [ -70.653943, -33.436996 ], [ -70.653935, -33.437057 ], [ -70.653646, -33.437023 ], [ -70.653706, -33.436495 ], [ -70.653905, -33.436515 ], [ -70.654059, -33.436531 ], [ -70.65406, -33.436531 ], [ -70.654061, -33.436532 ], [ -70.654063, -33.436535 ], [ -70.654084, -33.436557 ], [ -70.65407, -33.436661 ], [ -70.65406, -33.436722 ], [ -70.654031, -33.436919 ], [ -70.654034, -33.43692 ], [ -70.654021, -33.437004 ] ] ] } },
{ "type": "Feature", "properties": { "INMUEBLES_": 91, "COUNT": 0, "INMUEBLE": null, "NUEVO_NUM": 0 }, "geometry": { "type": "MultiPolygon", "coordinates": [ [ [ [ -70.657152, -33.432904 ], [ -70.657375, -33.432915 ], [ -70.657374, -33.433048 ], [ -70.657144, -33.433039 ], [ -70.657152, -33.432904 ] ] ], [ [ [ -70.656008, -33.432846 ], [ -70.656252, -33.432855 ], [ -70.656242, -33.432999 ], [ -70.656, -33.432989 ], [ -70.656008, -33.432846 ] ] ] ] } },
{ "type": "Feature", "properties": { "INMUEBLES_": 92, "COUNT": 0, "INMUEBLE": null, "NUEVO_NUM": 0 }, "geometry": { "type": "Polygon", "coordinates": [ [ [ -70.662819, -33.445044 ], [ -70.662816, -33.445052 ], [ -70.662809, -33.445076 ], [ -70.66281, -33.445076 ], [ -70.662807, -33.445087 ], [ -70.662806, -33.445087 ], [ -70.6628, -33.445111 ], [ -70.662799, -33.445113 ], [ -70.662798, -33.445116 ], [ -70.662792, -33.44514 ], [ -70.662791, -33.44514 ], [ -70.662782, -33.445166 ], [ -70.662785, -33.445166 ], [ -70.662772, -33.445203 ], [ -70.662597, -33.445169 ], [ -70.662592, -33.445167 ], [ -70.662483, -33.445146 ], [ -70.662371, -33.445124 ], [ -70.66225, -33.445101 ], [ -70.662276, -33.444941 ], [ -70.662819, -33.445044 ] ] ] } },
{ "type": "Feature", "properties": { "INMUEBLES_": 93, "COUNT": 0, "INMUEBLE": null, "NUEVO_NUM": 0 }, "geometry": { "type": "Polygon", "coordinates": [ [ [ -70.662858, -33.444884 ], [ -70.66249, -33.444814 ], [ -70.662528, -33.444653 ], [ -70.662862, -33.444716 ], [ -70.662888, -33.444747 ], [ -70.662855, -33.444881 ], [ -70.662858, -33.444882 ], [ -70.662858, -33.444884 ] ] ] } },
{ "type": "Feature", "properties": { "INMUEBLES_": 94, "COUNT": 0, "INMUEBLE": null, "NUEVO_NUM": 0 }, "geometry": { "type": "Polygon", "coordinates": [ [ [ -70.662975, -33.444357 ], [ -70.662931, -33.444566 ], [ -70.662891, -33.444584 ], [ -70.662572, -33.444523 ], [ -70.662618, -33.444302 ], [ -70.662975, -33.444357 ] ] ] } },
{ "type": "Feature", "properties": { "INMUEBLES_": 95, "COUNT": 0, "INMUEBLE": null, "NUEVO_NUM": 0 }, "geometry": { "type": "Polygon", "coordinates": [ [ [ -70.662482, -33.444109 ], [ -70.663013, -33.444177 ], [ -70.662975, -33.444357 ], [ -70.662618, -33.444302 ], [ -70.662445, -33.444274 ], [ -70.662482, -33.444109 ] ] ] } },
{ "type": "Feature", "properties": { "INMUEBLES_": 97, "COUNT": 0, "INMUEBLE": null, "NUEVO_NUM": 0 }, "geometry": { "type": "MultiPolygon", "coordinates": [ [ [ [ -70.668911, -33.449921 ], [ -70.668902, -33.449962 ], [ -70.668876, -33.450086 ], [ -70.668874, -33.450087 ], [ -70.668843, -33.450105 ], [ -70.668717, -33.450073 ], [ -70.668749, -33.449901 ], [ -70.668783, -33.449909 ], [ -70.668786, -33.449898 ], [ -70.668911, -33.449921 ] ] ], [ [ [ -70.669014, -33.449941 ], [ -70.669147, -33.449966 ], [ -70.669145, -33.449978 ], [ -70.669173, -33.449978 ], [ -70.669117, -33.450173 ], [ -70.668989, -33.450141 ], [ -70.668975, -33.450113 ], [ -70.669014, -33.449941 ], [ -70.669014, -33.449941 ] ] ] ] } },
{ "type": "Feature", "properties": { "INMUEBLES_": 98, "COUNT": 0, "INMUEBLE": null, "NUEVO_NUM": 0 }, "geometry": { "type": "MultiPolygon", "coordinates": [ [ [ [ -70.669399, -33.448585 ], [ -70.669514, -33.448616 ], [ -70.669472, -33.448753 ], [ -70.66932, -33.448715 ], [ -70.669361, -33.448601 ], [ -70.669399, -33.448585 ] ] ], [ [ [ -70.669078, -33.448497 ], [ -70.669219, -33.448536 ], [ -70.669238, -33.448568 ], [ -70.669198, -33.448682 ], [ -70.669197, -33.448683 ], [ -70.669032, -33.448639 ], [ -70.669078, -33.448497 ] ] ] ] } },
{ "type": "Feature", "properties": { "INMUEBLES_": 101, "COUNT": 0, "INMUEBLE": null, "NUEVO_NUM": 0 }, "geometry": { "type": "Polygon", "coordinates": [ [ [ -70.664684, -33.433135 ], [ -70.664226, -33.433115 ], [ -70.664238, -33.432905 ], [ -70.664696, -33.432924 ], [ -70.664693, -33.432976 ], [ -70.664701, -33.432976 ], [ -70.6647, -33.432985 ], [ -70.664711, -33.432987 ], [ -70.664706, -33.433074 ], [ -70.664694, -33.433074 ], [ -70.664695, -33.433079 ], [ -70.664686, -33.433079 ], [ -70.664684, -33.433135 ], [ -70.664684, -33.433135 ] ] ] } },
{ "type": "Feature", "properties": { "INMUEBLES_": 104, "COUNT": 0, "INMUEBLE": null, "NUEVO_NUM": 0 }, "geometry": { "type": "Polygon", "coordinates": [ [ [ -70.674538, -33.448984 ], [ -70.674727, -33.449003 ], [ -70.674633, -33.449438 ], [ -70.674497, -33.449404 ], [ -70.674497, -33.449404 ], [ -70.67447, -33.449393 ], [ -70.674465, -33.449387 ], [ -70.674462, -33.449349 ], [ -70.674537, -33.448984 ], [ -70.674538, -33.448984 ] ] ] } },
{ "type": "Feature", "properties": { "INMUEBLES_": 105, "COUNT": 0, "INMUEBLE": null, "NUEVO_NUM": 0 }, "geometry": { "type": "Polygon", "coordinates": [ [ [ -70.64901, -33.441859 ], [ -70.649026, -33.44186 ], [ -70.649062, -33.441864 ], [ -70.649078, -33.441866 ], [ -70.649107, -33.441893 ], [ -70.649108, -33.441894 ], [ -70.649064, -33.442207 ], [ -70.649062, -33.442207 ], [ -70.649051, -33.442206 ], [ -70.64901, -33.442202 ], [ -70.648657, -33.442159 ], [ -70.648698, -33.441826 ], [ -70.64901, -33.441859 ] ] ] } },
{ "type": "Feature", "properties": { "INMUEBLES_": 106, "COUNT": 0, "INMUEBLE": null, "NUEVO_NUM": 0 }, "geometry": { "type": "MultiPolygon", "coordinates": [ [ [ [ -70.639036, -33.456228 ], [ -70.639213, -33.455548 ], [ -70.639892, -33.455678 ], [ -70.639723, -33.456331 ], [ -70.639712, -33.456329 ], [ -70.639707, -33.456354 ], [ -70.639212, -33.456262 ], [ -70.639036, -33.456228 ] ] ], [ [ [ -70.638998, -33.45622 ], [ -70.638999, -33.45622 ], [ -70.639036, -33.456228 ], [ -70.638998, -33.45622 ] ] ] ] } },
{ "type": "Feature", "properties": { "INMUEBLES_": 107, "COUNT": 0, "INMUEBLE": null, "NUEVO_NUM": 0 }, "geometry": { "type": "Polygon", "coordinates": [ [ [ -70.63891, -33.457595 ], [ -70.639351, -33.457688 ], [ -70.63933, -33.457767 ], [ -70.639237, -33.458128 ], [ -70.63879, -33.458027 ], [ -70.638895, -33.457648 ], [ -70.63891, -33.457595 ] ] ] } },
{ "type": "Feature", "properties": { "INMUEBLES_": 108, "COUNT": 0, "INMUEBLE": null, "NUEVO_NUM": 0 }, "geometry": { "type": "Polygon", "coordinates": [ [ [ -70.662723, -33.449144 ], [ -70.66337, -33.449178 ], [ -70.663373, -33.449178 ], [ -70.663373, -33.449182 ], [ -70.663363, -33.449327 ], [ -70.662695, -33.449287 ], [ -70.662703, -33.449191 ], [ -70.662706, -33.449143 ], [ -70.662723, -33.449144 ] ] ] } },
{ "type": "Feature", "properties": { "INMUEBLES_": 109, "COUNT": 0, "INMUEBLE": null, "NUEVO_NUM": 0 }, "geometry": { "type": "Polygon", "coordinates": [ [ [ -70.661402, -33.45008 ], [ -70.661002, -33.450031 ], [ -70.661001, -33.450031 ], [ -70.661023, -33.449913 ], [ -70.661024, -33.449913 ], [ -70.661025, -33.449913 ], [ -70.661339, -33.449952 ], [ -70.661437, -33.449964 ], [ -70.661429, -33.450005 ], [ -70.661413, -33.450082 ], [ -70.661402, -33.45008 ] ] ] } },
{ "type": "Feature", "properties": { "INMUEBLES_": 110, "COUNT": 0, "INMUEBLE": null, "NUEVO_NUM": 0 }, "geometry": { "type": "Polygon", "coordinates": [ [ [ -70.661402, -33.45008 ], [ -70.66138, -33.450191 ], [ -70.660981, -33.450145 ], [ -70.660979, -33.450145 ], [ -70.661001, -33.450031 ], [ -70.661002, -33.450031 ], [ -70.661402, -33.45008 ] ] ] } },
{ "type": "Feature", "properties": { "INMUEBLES_": 111, "COUNT": 0, "INMUEBLE": null, "NUEVO_NUM": 0 }, "geometry": { "type": "Polygon", "coordinates": [ [ [ -70.660979, -33.450145 ], [ -70.660981, -33.450145 ], [ -70.66138, -33.450191 ], [ -70.66136, -33.450304 ], [ -70.660964, -33.450259 ], [ -70.660958, -33.450258 ], [ -70.660957, -33.450258 ], [ -70.660961, -33.450238 ], [ -70.660975, -33.450163 ], [ -70.660979, -33.450145 ] ] ] } },
{ "type": "Feature", "properties": { "INMUEBLES_": 112, "COUNT": 0, "INMUEBLE": null, "NUEVO_NUM": 0 }, "geometry": { "type": "Polygon", "coordinates": [ [ [ -70.66136, -33.450304 ], [ -70.661392, -33.450308 ], [ -70.661377, -33.450401 ], [ -70.661394, -33.450403 ], [ -70.661374, -33.450536 ], [ -70.661335, -33.450532 ], [ -70.660921, -33.450488 ], [ -70.66092, -33.450488 ], [ -70.660912, -33.450487 ], [ -70.660919, -33.450453 ], [ -70.660955, -33.450267 ], [ -70.660957, -33.450258 ], [ -70.660958, -33.450258 ], [ -70.660964, -33.450259 ], [ -70.66136, -33.450304 ] ] ] } },
{ "type": "Feature", "properties": { "INMUEBLES_": 113, "COUNT": 0, "INMUEBLE": null, "NUEVO_NUM": 0 }, "geometry": { "type": "Polygon", "coordinates": [ [ [ -70.662106, -33.451466 ], [ -70.662393, -33.451505 ], [ -70.662362, -33.451651 ], [ -70.662348, -33.451712 ], [ -70.662294, -33.45196 ], [ -70.662101, -33.451936 ], [ -70.662042, -33.451929 ], [ -70.661781, -33.451897 ], [ -70.661855, -33.451431 ], [ -70.662106, -33.451466 ] ] ] } },
{ "type": "Feature", "properties": { "INMUEBLES_": 114, "COUNT": 0, "INMUEBLE": null, "NUEVO_NUM": 0 }, "geometry": { "type": "Polygon", "coordinates": [ [ [ -70.667386, -33.449923 ], [ -70.667413, -33.44993 ], [ -70.667572, -33.449969 ], [ -70.667614, -33.449979 ], [ -70.667735, -33.45001 ], [ -70.66774, -33.450011 ], [ -70.667745, -33.450013 ], [ -70.667749, -33.450015 ], [ -70.667753, -33.450018 ], [ -70.667755, -33.45002 ], [ -70.667757, -33.450023 ], [ -70.66776, -33.450025 ], [ -70.667761, -33.450028 ], [ -70.667763, -33.450033 ], [ -70.667764, -33.450036 ], [ -70.667764, -33.450041 ], [ -70.667763, -33.45005 ], [ -70.667738, -33.450177 ], [ -70.667359, -33.450093 ], [ -70.667387, -33.450005 ], [ -70.667354, -33.449998 ], [ -70.667377, -33.44992 ], [ -70.667386, -33.449923 ] ] ] } },
{ "type": "Feature", "properties": { "INMUEBLES_": 115, "COUNT": 0, "INMUEBLE": null, "NUEVO_NUM": 0 }, "geometry": { "type": "Polygon", "coordinates": [ [ [ -70.667358, -33.450792 ], [ -70.667603, -33.450843 ], [ -70.667607, -33.450843 ], [ -70.667588, -33.450935 ], [ -70.66758, -33.450978 ], [ -70.667541, -33.450998 ], [ -70.667492, -33.450984 ], [ -70.667341, -33.450942 ], [ -70.667227, -33.450913 ], [ -70.667236, -33.450769 ], [ -70.667358, -33.450792 ] ] ] } },
{ "type": "Feature", "properties": { "INMUEBLES_": 118, "COUNT": 0, "INMUEBLE": null, "NUEVO_NUM": 0 }, "geometry": { "type": "Polygon", "coordinates": [ [ [ -70.667902, -33.45124 ], [ -70.667906, -33.45124 ], [ -70.668082, -33.45128 ], [ -70.668072, -33.451332 ], [ -70.66804, -33.451524 ], [ -70.667807, -33.451493 ], [ -70.667847, -33.451295 ], [ -70.667851, -33.451278 ], [ -70.667853, -33.451268 ], [ -70.667855, -33.451264 ], [ -70.667856, -33.451261 ], [ -70.667858, -33.451258 ], [ -70.667862, -33.451254 ], [ -70.667864, -33.451252 ], [ -70.667867, -33.451249 ], [ -70.667872, -33.451246 ], [ -70.667876, -33.451244 ], [ -70.667879, -33.451243 ], [ -70.667882, -33.451242 ], [ -70.667888, -33.451241 ], [ -70.667892, -33.45124 ], [ -70.667895, -33.45124 ], [ -70.667897, -33.45124 ], [ -70.6679, -33.45124 ], [ -70.667902, -33.45124 ] ] ] } },
{ "type": "Feature", "properties": { "INMUEBLES_": 136, "COUNT": 0, "INMUEBLE": null, "NUEVO_NUM": 0 }, "geometry": { "type": "Polygon", "coordinates": [ [ [ -70.667287, -33.454697 ], [ -70.6673, -33.454646 ], [ -70.667439, -33.454674 ], [ -70.667333, -33.45511 ], [ -70.667208, -33.455095 ], [ -70.667287, -33.454697 ] ] ] } },
{ "type": "Feature", "properties": { "INMUEBLES_": 138, "COUNT": 0, "INMUEBLE": null, "NUEVO_NUM": 0 }, "geometry": { "type": "Polygon", "coordinates": [ [ [ -70.667027, -33.457103 ], [ -70.667145, -33.457124 ], [ -70.6671, -33.457323 ], [ -70.66698, -33.457302 ], [ -70.667027, -33.457103 ] ] ] } },
{ "type": "Feature", "properties": { "INMUEBLES_": 139, "COUNT": 0, "INMUEBLE": null, "NUEVO_NUM": 0 }, "geometry": { "type": "Polygon", "coordinates": [ [ [ -70.669002, -33.451677 ], [ -70.669122, -33.451703 ], [ -70.669253, -33.451732 ], [ -70.669388, -33.451762 ], [ -70.669548, -33.451798 ], [ -70.669541, -33.451822 ], [ -70.669507, -33.451964 ], [ -70.669499, -33.452001 ], [ -70.66932, -33.451959 ], [ -70.669214, -33.451934 ], [ -70.669105, -33.451909 ], [ -70.669, -33.451884 ], [ -70.668895, -33.451859 ], [ -70.668955, -33.451667 ], [ -70.669002, -33.451677 ] ] ] } },
{ "type": "Feature", "properties": { "INMUEBLES_": 140, "COUNT": 0, "INMUEBLE": null, "NUEVO_NUM": 0 }, "geometry": { "type": "Polygon", "coordinates": [ [ [ -70.668962, -33.450293 ], [ -70.668931, -33.450449 ], [ -70.668913, -33.450542 ], [ -70.668896, -33.450635 ], [ -70.668878, -33.450727 ], [ -70.668853, -33.450856 ], [ -70.668823, -33.450849 ], [ -70.668673, -33.450818 ], [ -70.668685, -33.450759 ], [ -70.668736, -33.45077 ], [ -70.668825, -33.450326 ], [ -70.668774, -33.450312 ], [ -70.668784, -33.450246 ], [ -70.668962, -33.450293 ] ] ] } },
{ "type": "Feature", "properties": { "INMUEBLES_": 141, "COUNT": 0, "INMUEBLE": null, "NUEVO_NUM": 0 }, "geometry": { "type": "Polygon", "coordinates": [ [ [ -70.670616, -33.449969 ], [ -70.670327, -33.449893 ], [ -70.670327, -33.449892 ], [ -70.670327, -33.44989 ], [ -70.670334, -33.449868 ], [ -70.670336, -33.449868 ], [ -70.670359, -33.449788 ], [ -70.670353, -33.449787 ], [ -70.67036, -33.449761 ], [ -70.670361, -33.449762 ], [ -70.670362, -33.449757 ], [ -70.670364, -33.449754 ], [ -70.670368, -33.44975 ], [ -70.670371, -33.449748 ], [ -70.670376, -33.449746 ], [ -70.67038, -33.449746 ], [ -70.670384, -33.449746 ], [ -70.670385, -33.449745 ], [ -70.670419, -33.449753 ], [ -70.670418, -33.449757 ], [ -70.670478, -33.449772 ], [ -70.670477, -33.449775 ], [ -70.670568, -33.449797 ], [ -70.670568, -33.449796 ], [ -70.670577, -33.449798 ], [ -70.670577, -33.449799 ], [ -70.670578, -33.4498 ], [ -70.670589, -33.449818 ], [ -70.670589, -33.44982 ], [ -70.67066, -33.449838 ], [ -70.67066, -33.449838 ], [ -70.670688, -33.449845 ], [ -70.670692, -33.449833 ], [ -70.670703, -33.449836 ], [ -70.670704, -33.449834 ], [ -70.67078, -33.449852 ], [ -70.670865, -33.449872 ], [ -70.670864, -33.449874 ], [ -70.670872, -33.449876 ], [ -70.670868, -33.449888 ], [ -70.670893, -33.449894 ], [ -70.670917, -33.449901 ], [ -70.670921, -33.449889 ], [ -70.670928, -33.449891 ], [ -70.670928, -33.44989 ], [ -70.670931, -33.449891 ], [ -70.671, -33.449907 ], [ -70.671008, -33.449922 ], [ -70.671008, -33.449924 ], [ -70.671045, -33.449933 ], [ -70.671049, -33.449921 ], [ -70.671056, -33.449923 ], [ -70.671057, -33.449922 ], [ -70.671075, -33.449925 ], [ -70.671097, -33.449884 ], [ -70.671098, -33.449884 ], [ -70.671132, -33.449897 ], [ -70.671127, -33.44991 ], [ -70.671063, -33.450086 ], [ -70.670962, -33.45006 ], [ -70.670844, -33.450029 ], [ -70.670734, -33.449999 ], [ -70.670616, -33.449969 ] ] ] } },
{ "type": "Feature", "properties": { "INMUEBLES_": 142, "COUNT": 0, "INMUEBLE": null, "NUEVO_NUM": 0 }, "geometry": { "type": "Polygon", "coordinates": [ [ [ -70.654471, -33.434835 ], [ -70.654473, -33.434835 ], [ -70.654484, -33.434837 ], [ -70.654965, -33.434902 ], [ -70.654961, -33.434945 ], [ -70.655002, -33.434949 ], [ -70.655045, -33.434954 ], [ -70.655049, -33.434906 ], [ -70.655182, -33.434917 ], [ -70.655214, -33.43492 ], [ -70.655207, -33.435211 ], [ -70.65505, -33.435192 ], [ -70.654898, -33.435175 ], [ -70.654708, -33.435155 ], [ -70.654701, -33.435193 ], [ -70.654425, -33.435166 ], [ -70.654429, -33.435136 ], [ -70.654441, -33.435034 ], [ -70.654436, -33.435033 ], [ -70.654445, -33.434968 ], [ -70.654451, -33.434969 ], [ -70.654466, -33.434867 ], [ -70.654471, -33.434835 ] ] ] } },
{ "type": "Feature", "properties": { "INMUEBLES_": 144, "COUNT": 0, "INMUEBLE": null, "NUEVO_NUM": 0 }, "geometry": { "type": "Polygon", "coordinates": [ [ [ -70.653481, -33.475738 ], [ -70.653448, -33.476132 ], [ -70.653276, -33.476122 ], [ -70.653309, -33.475726 ], [ -70.653481, -33.475738 ] ] ] } },
{ "type": "Feature", "properties": { "INMUEBLES_": 145, "COUNT": 0, "INMUEBLE": null, "NUEVO_NUM": 0 }, "geometry": { "type": "Polygon", "coordinates": [ [ [ -70.651701, -33.440504 ], [ -70.651798, -33.440514 ], [ -70.6518, -33.4405 ], [ -70.652084, -33.44053 ], [ -70.652046, -33.440784 ], [ -70.652043, -33.440805 ], [ -70.652009, -33.440827 ], [ -70.651984, -33.440826 ], [ -70.651668, -33.440795 ], [ -70.651483, -33.440776 ], [ -70.651491, -33.440691 ], [ -70.651505, -33.440691 ], [ -70.651531, -33.440485 ], [ -70.651701, -33.440504 ] ] ] } },
{ "type": "Feature", "properties": { "INMUEBLES_": 146, "COUNT": 0, "INMUEBLE": null, "NUEVO_NUM": 0 }, "geometry": { "type": "Polygon", "coordinates": [ [ [ -70.649435, -33.440753 ], [ -70.649472, -33.440731 ], [ -70.649833, -33.440762 ], [ -70.649861, -33.440793 ], [ -70.649808, -33.441196 ], [ -70.649775, -33.44122 ], [ -70.649404, -33.441185 ], [ -70.649376, -33.441158 ], [ -70.649385, -33.441099 ], [ -70.649387, -33.441084 ], [ -70.649389, -33.441068 ], [ -70.649396, -33.441023 ], [ -70.649398, -33.441007 ], [ -70.649405, -33.440962 ], [ -70.649407, -33.440946 ], [ -70.649413, -33.440901 ], [ -70.649416, -33.440885 ], [ -70.649422, -33.440841 ], [ -70.649424, -33.440825 ], [ -70.649426, -33.44081 ], [ -70.64943, -33.440788 ], [ -70.649432, -33.440773 ], [ -70.649435, -33.440753 ] ] ] } },
{ "type": "Feature", "properties": { "INMUEBLES_": 147, "COUNT": 0, "INMUEBLE": null, "NUEVO_NUM": 0 }, "geometry": { "type": "Polygon", "coordinates": [ [ [ -70.649268, -33.441906 ], [ -70.649292, -33.441907 ], [ -70.649295, -33.441881 ], [ -70.649693, -33.441917 ], [ -70.649689, -33.441949 ], [ -70.649708, -33.441951 ], [ -70.649671, -33.44225 ], [ -70.649668, -33.44225 ], [ -70.649642, -33.442273 ], [ -70.649641, -33.442277 ], [ -70.64964, -33.442277 ], [ -70.649349, -33.442247 ], [ -70.649242, -33.442237 ], [ -70.649246, -33.442207 ], [ -70.649224, -33.442205 ], [ -70.649268, -33.441906 ] ] ] } },
{ "type": "Feature", "properties": { "INMUEBLES_": 148, "COUNT": 0, "INMUEBLE": null, "NUEVO_NUM": 0 }, "geometry": { "type": "Polygon", "coordinates": [ [ [ -70.649868, -33.441952 ], [ -70.649869, -33.441952 ], [ -70.649872, -33.44195 ], [ -70.649876, -33.441948 ], [ -70.64988, -33.441946 ], [ -70.649884, -33.441944 ], [ -70.649888, -33.441943 ], [ -70.649892, -33.441942 ], [ -70.649896, -33.441941 ], [ -70.649901, -33.44194 ], [ -70.649905, -33.441939 ], [ -70.64991, -33.441939 ], [ -70.649914, -33.441938 ], [ -70.649919, -33.441938 ], [ -70.649924, -33.441938 ], [ -70.64993, -33.441938 ], [ -70.650081, -33.441952 ], [ -70.650076, -33.44199 ], [ -70.650039, -33.442275 ], [ -70.650036, -33.442308 ], [ -70.650031, -33.442308 ], [ -70.649794, -33.442285 ], [ -70.649831, -33.442005 ], [ -70.649831, -33.442002 ], [ -70.649832, -33.441999 ], [ -70.649833, -33.441996 ], [ -70.649833, -33.441994 ], [ -70.649835, -33.44199 ], [ -70.649836, -33.441987 ], [ -70.649837, -33.441984 ], [ -70.64984, -33.441981 ], [ -70.649842, -33.441977 ], [ -70.649845, -33.441973 ], [ -70.649847, -33.44197 ], [ -70.64985, -33.441967 ], [ -70.649853, -33.441964 ], [ -70.649856, -33.441961 ], [ -70.64986, -33.441958 ], [ -70.649864, -33.441955 ], [ -70.649866, -33.441953 ], [ -70.649868, -33.441952 ] ] ] } },
{ "type": "Feature", "properties": { "INMUEBLES_": 149, "COUNT": 0, "INMUEBLE": null, "NUEVO_NUM": 0 }, "geometry": { "type": "Polygon", "coordinates": [ [ [ -70.654687, -33.43827 ], [ -70.65472, -33.438272 ], [ -70.654873, -33.438284 ], [ -70.655027, -33.438299 ], [ -70.654999, -33.438478 ], [ -70.654953, -33.438803 ], [ -70.654949, -33.438826 ], [ -70.654616, -33.438792 ], [ -70.654687, -33.43827 ] ] ] } },
{ "type": "Feature", "properties": { "INMUEBLES_": 150, "COUNT": 0, "INMUEBLE": null, "NUEVO_NUM": 0 }, "geometry": { "type": "Polygon", "coordinates": [ [ [ -70.65183, -33.438267 ], [ -70.652194, -33.438303 ], [ -70.65219, -33.438333 ], [ -70.652151, -33.43833 ], [ -70.652129, -33.43853 ], [ -70.652127, -33.438542 ], [ -70.652003, -33.43853 ], [ -70.651989, -33.438515 ], [ -70.652006, -33.438398 ], [ -70.651959, -33.438393 ], [ -70.651941, -33.438511 ], [ -70.651923, -33.438523 ], [ -70.651815, -33.438512 ], [ -70.651802, -33.438497 ], [ -70.65183, -33.438267 ] ] ] } },
{ "type": "Feature", "properties": { "INMUEBLES_": 151, "COUNT": 0, "INMUEBLE": null, "NUEVO_NUM": 0 }, "geometry": { "type": "Polygon", "coordinates": [ [ [ -70.657341, -33.448903 ], [ -70.657683, -33.44895 ], [ -70.657687, -33.448951 ], [ -70.657657, -33.449093 ], [ -70.657581, -33.449081 ], [ -70.65758, -33.449086 ], [ -70.657316, -33.449049 ], [ -70.65706, -33.449014 ], [ -70.657088, -33.448867 ], [ -70.657341, -33.448903 ] ] ] } },
{ "type": "Feature", "properties": { "INMUEBLES_": 152, "COUNT": 0, "INMUEBLE": null, "NUEVO_NUM": 0 }, "geometry": { "type": "Polygon", "coordinates": [ [ [ -70.657286, -33.448447 ], [ -70.657272, -33.448529 ], [ -70.65692, -33.448477 ], [ -70.656934, -33.448392 ], [ -70.657286, -33.448447 ] ] ] } },
{ "type": "Feature", "properties": { "INMUEBLES_": 153, "COUNT": 0, "INMUEBLE": null, "NUEVO_NUM": 0 }, "geometry": { "type": "Polygon", "coordinates": [ [ [ -70.657272, -33.448529 ], [ -70.657286, -33.448447 ], [ -70.657778, -33.448519 ], [ -70.65778, -33.448519 ], [ -70.657745, -33.448681 ], [ -70.657257, -33.448623 ], [ -70.657272, -33.448529 ] ] ] } },
{ "type": "Feature", "properties": { "INMUEBLES_": 154, "COUNT": 0, "INMUEBLE": null, "NUEVO_NUM": 0 }, "geometry": { "type": "Polygon", "coordinates": [ [ [ -70.656961, -33.448116 ], [ -70.656985, -33.447962 ], [ -70.65721, -33.44799 ], [ -70.657184, -33.448163 ], [ -70.656982, -33.448138 ], [ -70.656961, -33.448116 ] ] ] } },
{ "type": "Feature", "properties": { "INMUEBLES_": 155, "COUNT": 0, "INMUEBLE": null, "NUEVO_NUM": 0 }, "geometry": { "type": "Polygon", "coordinates": [ [ [ -70.653677, -33.437027 ], [ -70.653607, -33.437537 ], [ -70.653463, -33.437521 ], [ -70.653462, -33.43752 ], [ -70.653461, -33.437518 ], [ -70.653476, -33.437413 ], [ -70.653502, -33.437224 ], [ -70.653488, -33.437211 ], [ -70.653494, -33.437173 ], [ -70.653492, -33.437173 ], [ -70.653516, -33.437006 ], [ -70.653644, -33.437023 ], [ -70.653677, -33.437027 ] ] ] } },
{ "type": "Feature", "properties": { "INMUEBLES_": 156, "COUNT": 0, "INMUEBLE": null, "NUEVO_NUM": 0 }, "geometry": { "type": "Polygon", "coordinates": [ [ [ -70.653204, -33.436993 ], [ -70.653208, -33.436968 ], [ -70.65334, -33.436983 ], [ -70.653391, -33.436986 ], [ -70.6534, -33.436987 ], [ -70.653459, -33.436996 ], [ -70.653458, -33.437 ], [ -70.653418, -33.43728 ], [ -70.653436, -33.437282 ], [ -70.653408, -33.437456 ], [ -70.653409, -33.437456 ], [ -70.653408, -33.437465 ], [ -70.653406, -33.437465 ], [ -70.653398, -33.437514 ], [ -70.6534, -33.437514 ], [ -70.653399, -33.437522 ], [ -70.653393, -33.437521 ], [ -70.653393, -33.437526 ], [ -70.65338, -33.437524 ], [ -70.653381, -33.437519 ], [ -70.653298, -33.43751 ], [ -70.653298, -33.437515 ], [ -70.653188, -33.437504 ], [ -70.653189, -33.437499 ], [ -70.653132, -33.437492 ], [ -70.653131, -33.437498 ], [ -70.653119, -33.437496 ], [ -70.653204, -33.436993 ] ] ] } },
{ "type": "Feature", "properties": { "INMUEBLES_": 157, "COUNT": 0, "INMUEBLE": null, "NUEVO_NUM": 0 }, "geometry": { "type": "Polygon", "coordinates": [ [ [ -70.653204, -33.436993 ], [ -70.653119, -33.437496 ], [ -70.652901, -33.437471 ], [ -70.652902, -33.437463 ], [ -70.652952, -33.437181 ], [ -70.652988, -33.436968 ], [ -70.653046, -33.436975 ], [ -70.653042, -33.437006 ], [ -70.653112, -33.437013 ], [ -70.653117, -33.436983 ], [ -70.653204, -33.436993 ] ] ] } },
{ "type": "Feature", "properties": { "INMUEBLES_": 158, "COUNT": 0, "INMUEBLE": null, "NUEVO_NUM": 0 }, "geometry": { "type": "Polygon", "coordinates": [ [ [ -70.649207, -33.442351 ], [ -70.649241, -33.442329 ], [ -70.649624, -33.442366 ], [ -70.649624, -33.442366 ], [ -70.649652, -33.442395 ], [ -70.649637, -33.442503 ], [ -70.649486, -33.44249 ], [ -70.649482, -33.442519 ], [ -70.649436, -33.442515 ], [ -70.649185, -33.442493 ], [ -70.649207, -33.442351 ] ] ] } },
{ "type": "Feature", "properties": { "INMUEBLES_": 160, "COUNT": 0, "INMUEBLE": null, "NUEVO_NUM": 0 }, "geometry": { "type": "Polygon", "coordinates": [ [ [ -70.636093, -33.436977 ], [ -70.636137, -33.436977 ], [ -70.636098, -33.437213 ], [ -70.636098, -33.437217 ], [ -70.635964, -33.437178 ], [ -70.635964, -33.437177 ], [ -70.635999, -33.436978 ], [ -70.636016, -33.436978 ], [ -70.636058, -33.436979 ], [ -70.636058, -33.436978 ], [ -70.636083, -33.436978 ], [ -70.636083, -33.436979 ], [ -70.636092, -33.436979 ], [ -70.636093, -33.436977 ] ] ] } },
{ "type": "Feature", "properties": { "INMUEBLES_": 161, "COUNT": 0, "INMUEBLE": null, "NUEVO_NUM": 0 }, "geometry": { "type": "Polygon", "coordinates": [ [ [ -70.637941, -33.437553 ], [ -70.637912, -33.437695 ], [ -70.637882, -33.437837 ], [ -70.637852, -33.437989 ], [ -70.637817, -33.438028 ], [ -70.637706, -33.437952 ], [ -70.637707, -33.437951 ], [ -70.637779, -33.437537 ], [ -70.63778, -33.437537 ], [ -70.637815, -33.43754 ], [ -70.637941, -33.437553 ] ] ] } },
{ "type": "Feature", "properties": { "INMUEBLES_": 162, "COUNT": 0, "INMUEBLE": null, "NUEVO_NUM": 0 }, "geometry": { "type": "Polygon", "coordinates": [ [ [ -70.640829, -33.439982 ], [ -70.640737, -33.440072 ], [ -70.640694, -33.440075 ], [ -70.640583, -33.439997 ], [ -70.640584, -33.439997 ], [ -70.640656, -33.439869 ], [ -70.640829, -33.439982 ] ] ] } },
{ "type": "Feature", "properties": { "INMUEBLES_": 163, "COUNT": 0, "INMUEBLE": null, "NUEVO_NUM": 0 }, "geometry": { "type": "Polygon", "coordinates": [ [ [ -70.641298, -33.439944 ], [ -70.641124, -33.440094 ], [ -70.641017, -33.440011 ], [ -70.641185, -33.439857 ], [ -70.641298, -33.439944 ] ] ] } },
{ "type": "Feature", "properties": { "INMUEBLES_": 164, "COUNT": 0, "INMUEBLE": null, "NUEVO_NUM": 0 }, "geometry": { "type": "Polygon", "coordinates": [ [ [ -70.645071, -33.44107 ], [ -70.645035, -33.441352 ], [ -70.645017, -33.441354 ], [ -70.644993, -33.441355 ], [ -70.644977, -33.441355 ], [ -70.644943, -33.441355 ], [ -70.644915, -33.441354 ], [ -70.644897, -33.441353 ], [ -70.644865, -33.44135 ], [ -70.644838, -33.441346 ], [ -70.64481, -33.441341 ], [ -70.644779, -33.441334 ], [ -70.644761, -33.44133 ], [ -70.644744, -33.441325 ], [ -70.644836, -33.441047 ], [ -70.645071, -33.44107 ] ] ] } },
{ "type": "Feature", "properties": { "INMUEBLES_": 165, "COUNT": 0, "INMUEBLE": null, "NUEVO_NUM": 0 }, "geometry": { "type": "Polygon", "coordinates": [ [ [ -70.64474, -33.439741 ], [ -70.644736, -33.439865 ], [ -70.644803, -33.439866 ], [ -70.644818, -33.440183 ], [ -70.644725, -33.440175 ], [ -70.644714, -33.440173 ], [ -70.644705, -33.44017 ], [ -70.644692, -33.440163 ], [ -70.644687, -33.44016 ], [ -70.644684, -33.440158 ], [ -70.644675, -33.44015 ], [ -70.644664, -33.440135 ], [ -70.644629, -33.440067 ], [ -70.64469, -33.440042 ], [ -70.64464, -33.439971 ], [ -70.644587, -33.439991 ], [ -70.64453, -33.439883 ], [ -70.644677, -33.43987 ], [ -70.644683, -33.439748 ], [ -70.64474, -33.439741 ] ] ] } },
{ "type": "Feature", "properties": { "INMUEBLES_": 168, "COUNT": 0, "INMUEBLE": null, "NUEVO_NUM": 0 }, "geometry": { "type": "Polygon", "coordinates": [ [ [ -70.643838, -33.437489 ], [ -70.64384, -33.437491 ], [ -70.643845, -33.437496 ], [ -70.64378, -33.437533 ], [ -70.643665, -33.437539 ], [ -70.64365, -33.437669 ], [ -70.643526, -33.43765 ], [ -70.643539, -33.437489 ], [ -70.643679, -33.437498 ], [ -70.643684, -33.437472 ], [ -70.643838, -33.437489 ] ] ] } },
{ "type": "Feature", "properties": { "INMUEBLES_": 169, "COUNT": 0, "INMUEBLE": null, "NUEVO_NUM": 0 }, "geometry": { "type": "Polygon", "coordinates": [ [ [ -70.643827, -33.436237 ], [ -70.643831, -33.436321 ], [ -70.643831, -33.436322 ], [ -70.643837, -33.436466 ], [ -70.643614, -33.436442 ], [ -70.643617, -33.436366 ], [ -70.643827, -33.436237 ] ] ] } },
{ "type": "Feature", "properties": { "INMUEBLES_": 170, "COUNT": 0, "INMUEBLE": null, "NUEVO_NUM": 0 }, "geometry": { "type": "Polygon", "coordinates": [ [ [ -70.643644, -33.435943 ], [ -70.643761, -33.436121 ], [ -70.643613, -33.436209 ], [ -70.643599, -33.436211 ], [ -70.643555, -33.43602 ], [ -70.643559, -33.43602 ], [ -70.643551, -33.435985 ], [ -70.643644, -33.435943 ] ] ] } },
{ "type": "Feature", "properties": { "INMUEBLES_": 171, "COUNT": 0, "INMUEBLE": null, "NUEVO_NUM": 0 }, "geometry": { "type": "Polygon", "coordinates": [ [ [ -70.643644, -33.435943 ], [ -70.643837, -33.435856 ], [ -70.643938, -33.436015 ], [ -70.643761, -33.436121 ], [ -70.643644, -33.435943 ] ] ] } },
{ "type": "Feature", "properties": { "INMUEBLES_": 172, "COUNT": 0, "INMUEBLE": null, "NUEVO_NUM": 0 }, "geometry": { "type": "Polygon", "coordinates": [ [ [ -70.644351, -33.435632 ], [ -70.644356, -33.435633 ], [ -70.644363, -33.435635 ], [ -70.644369, -33.435637 ], [ -70.644373, -33.435641 ], [ -70.644377, -33.435644 ], [ -70.644381, -33.435649 ], [ -70.644383, -33.435654 ], [ -70.644384, -33.43566 ], [ -70.644373, -33.435749 ], [ -70.644285, -33.435803 ], [ -70.644201, -33.435696 ], [ -70.644333, -33.435635 ], [ -70.644343, -33.435633 ], [ -70.644351, -33.435632 ], [ -70.644351, -33.435632 ] ] ] } },
{ "type": "Feature", "properties": { "INMUEBLES_": 173, "COUNT": 0, "INMUEBLE": null, "NUEVO_NUM": 0 }, "geometry": { "type": "Polygon", "coordinates": [ [ [ -70.644854, -33.435924 ], [ -70.644791, -33.435917 ], [ -70.644707, -33.435908 ], [ -70.644749, -33.435714 ], [ -70.644736, -33.435675 ], [ -70.644736, -33.435674 ], [ -70.644832, -33.435616 ], [ -70.644884, -33.435585 ], [ -70.644907, -33.435646 ], [ -70.644854, -33.435924 ] ] ] } },
{ "type": "Feature", "properties": { "INMUEBLES_": 174, "COUNT": 0, "INMUEBLE": null, "NUEVO_NUM": 0 }, "geometry": { "type": "Polygon", "coordinates": [ [ [ -70.644854, -33.435924 ], [ -70.644907, -33.435646 ], [ -70.644884, -33.435585 ], [ -70.644917, -33.435576 ], [ -70.644937, -33.435573 ], [ -70.644956, -33.435573 ], [ -70.645048, -33.435582 ], [ -70.644982, -33.435954 ], [ -70.644939, -33.43595 ], [ -70.644942, -33.435934 ], [ -70.644854, -33.435924 ] ] ] } },
{ "type": "Feature", "properties": { "INMUEBLES_": 175, "COUNT": 0, "INMUEBLE": null, "NUEVO_NUM": 0 }, "geometry": { "type": "Polygon", "coordinates": [ [ [ -70.644982, -33.435954 ], [ -70.645048, -33.435582 ], [ -70.645194, -33.435599 ], [ -70.645112, -33.436093 ], [ -70.644963, -33.436076 ], [ -70.644982, -33.435954 ] ] ] } },
{ "type": "Feature", "properties": { "INMUEBLES_": 176, "COUNT": 0, "INMUEBLE": null, "NUEVO_NUM": 0 }, "geometry": { "type": "Polygon", "coordinates": [ [ [ -70.646186, -33.435548 ], [ -70.646085, -33.435539 ], [ -70.646096, -33.435453 ], [ -70.646052, -33.43545 ], [ -70.646072, -33.435285 ], [ -70.646155, -33.435293 ], [ -70.646167, -33.435187 ], [ -70.646047, -33.435179 ], [ -70.646058, -33.435116 ], [ -70.646069, -33.435075 ], [ -70.646073, -33.435064 ], [ -70.646076, -33.435052 ], [ -70.646081, -33.43504 ], [ -70.646087, -33.435025 ], [ -70.646093, -33.435013 ], [ -70.646101, -33.434999 ], [ -70.646111, -33.434984 ], [ -70.646118, -33.434973 ], [ -70.646125, -33.434964 ], [ -70.646133, -33.434953 ], [ -70.646141, -33.434943 ], [ -70.64615, -33.434932 ], [ -70.646158, -33.434922 ], [ -70.646169, -33.434912 ], [ -70.646175, -33.434905 ], [ -70.646183, -33.434897 ], [ -70.646191, -33.434891 ], [ -70.646199, -33.434884 ], [ -70.64621, -33.434876 ], [ -70.646219, -33.434869 ], [ -70.646223, -33.434867 ], [ -70.646228, -33.434864 ], [ -70.646235, -33.43486 ], [ -70.646243, -33.434856 ], [ -70.64625, -33.434854 ], [ -70.646259, -33.43485 ], [ -70.646267, -33.434847 ], [ -70.646276, -33.434845 ], [ -70.646284, -33.434842 ], [ -70.646292, -33.43484 ], [ -70.646442, -33.434818 ], [ -70.64646, -33.435139 ], [ -70.646295, -33.435131 ], [ -70.646279, -33.435495 ], [ -70.646192, -33.435491 ], [ -70.646186, -33.435548 ] ] ] } },
{ "type": "Feature", "properties": { "INMUEBLES_": 177, "COUNT": 0, "INMUEBLE": null, "NUEVO_NUM": 0 }, "geometry": { "type": "Polygon", "coordinates": [ [ [ -70.646773, -33.434485 ], [ -70.646795, -33.434573 ], [ -70.646796, -33.434575 ], [ -70.646812, -33.434578 ], [ -70.646829, -33.434634 ], [ -70.646513, -33.43467 ], [ -70.646508, -33.43467 ], [ -70.646505, -33.43467 ], [ -70.646502, -33.434669 ], [ -70.646499, -33.434668 ], [ -70.646497, -33.434667 ], [ -70.646494, -33.434666 ], [ -70.646492, -33.434665 ], [ -70.64649, -33.434664 ], [ -70.646489, -33.434662 ], [ -70.646487, -33.43466 ], [ -70.646484, -33.434656 ], [ -70.646481, -33.434651 ], [ -70.646481, -33.434648 ], [ -70.646481, -33.434645 ], [ -70.646481, -33.434641 ], [ -70.646483, -33.434638 ], [ -70.646484, -33.434635 ], [ -70.646487, -33.434632 ], [ -70.64649, -33.434629 ], [ -70.646493, -33.434627 ], [ -70.646773, -33.434485 ] ] ] } },
{ "type": "Feature", "properties": { "INMUEBLES_": 178, "COUNT": 0, "INMUEBLE": null, "NUEVO_NUM": 0 }, "geometry": { "type": "Polygon", "coordinates": [ [ [ -70.646773, -33.434485 ], [ -70.646896, -33.434439 ], [ -70.646935, -33.434622 ], [ -70.646829, -33.434634 ], [ -70.646812, -33.434578 ], [ -70.646796, -33.434575 ], [ -70.646795, -33.434573 ], [ -70.646773, -33.434485 ] ] ] } },
{ "type": "Feature", "properties": { "INMUEBLES_": 179, "COUNT": 0, "INMUEBLE": null, "NUEVO_NUM": 0 }, "geometry": { "type": "Polygon", "coordinates": [ [ [ -70.64785, -33.434796 ], [ -70.647812, -33.434792 ], [ -70.647735, -33.434785 ], [ -70.647737, -33.434675 ], [ -70.647813, -33.434677 ], [ -70.647812, -33.434749 ], [ -70.647859, -33.434754 ], [ -70.64785, -33.434796 ] ] ] } },
{ "type": "Feature", "properties": { "INMUEBLES_": 180, "COUNT": 0, "INMUEBLE": null, "NUEVO_NUM": 0 }, "geometry": { "type": "Polygon", "coordinates": [ [ [ -70.64785, -33.434796 ], [ -70.647859, -33.434754 ], [ -70.647812, -33.434749 ], [ -70.647813, -33.434677 ], [ -70.647879, -33.434676 ], [ -70.647883, -33.434762 ], [ -70.647884, -33.434803 ], [ -70.647887, -33.434886 ], [ -70.647835, -33.434883 ], [ -70.647837, -33.434873 ], [ -70.64785, -33.434796 ] ] ] } },
{ "type": "Feature", "properties": { "INMUEBLES_": 181, "COUNT": 0, "INMUEBLE": null, "NUEVO_NUM": 0 }, "geometry": { "type": "Polygon", "coordinates": [ [ [ -70.647808, -33.434232 ], [ -70.647833, -33.434247 ], [ -70.647834, -33.434252 ], [ -70.647837, -33.434252 ], [ -70.647847, -33.434342 ], [ -70.647851, -33.434412 ], [ -70.64772, -33.434417 ], [ -70.64772, -33.434347 ], [ -70.647646, -33.434349 ], [ -70.647653, -33.434293 ], [ -70.647658, -33.434289 ], [ -70.647654, -33.434287 ], [ -70.647687, -33.434255 ], [ -70.647694, -33.434253 ], [ -70.647741, -33.434242 ], [ -70.647784, -33.434233 ], [ -70.647787, -33.434232 ], [ -70.647805, -33.43423 ], [ -70.647808, -33.434232 ] ] ] } },
{ "type": "Feature", "properties": { "INMUEBLES_": 182, "COUNT": 0, "INMUEBLE": null, "NUEVO_NUM": 0 }, "geometry": { "type": "Polygon", "coordinates": [ [ [ -70.64888, -33.434012 ], [ -70.648862, -33.434144 ], [ -70.648859, -33.434144 ], [ -70.648739, -33.434132 ], [ -70.648705, -33.434129 ], [ -70.648605, -33.434149 ], [ -70.648596, -33.434044 ], [ -70.648754, -33.434008 ], [ -70.648851, -33.433985 ], [ -70.64888, -33.434012 ] ] ] } },
{ "type": "Feature", "properties": { "INMUEBLES_": 183, "COUNT": 0, "INMUEBLE": null, "NUEVO_NUM": 0 }, "geometry": { "type": "Polygon", "coordinates": [ [ [ -70.636509, -33.43698 ], [ -70.636465, -33.437203 ], [ -70.636444, -33.43731 ], [ -70.636353, -33.437285 ], [ -70.636408, -33.436979 ], [ -70.636509, -33.43698 ] ] ] } },
{ "type": "Feature", "properties": { "INMUEBLES_": 186, "COUNT": 0, "INMUEBLE": null, "NUEVO_NUM": 0 }, "geometry": { "type": "Polygon", "coordinates": [ [ [ -70.637288, -33.43697 ], [ -70.63729, -33.437076 ], [ -70.637178, -33.437073 ], [ -70.63718, -33.436975 ], [ -70.63718, -33.436972 ], [ -70.637288, -33.43697 ] ] ] } },
{ "type": "Feature", "properties": { "INMUEBLES_": 187, "COUNT": 0, "INMUEBLE": null, "NUEVO_NUM": 0 }, "geometry": { "type": "Polygon", "coordinates": [ [ [ -70.637288, -33.43697 ], [ -70.637415, -33.436968 ], [ -70.637415, -33.437073 ], [ -70.637416, -33.437078 ], [ -70.63729, -33.437076 ], [ -70.637288, -33.43697 ] ] ] } },
{ "type": "Feature", "properties": { "INMUEBLES_": 188, "COUNT": 0, "INMUEBLE": null, "NUEVO_NUM": 0 }, "geometry": { "type": "Polygon", "coordinates": [ [ [ -70.637561, -33.437223 ], [ -70.637569, -33.437223 ], [ -70.637683, -33.437229 ], [ -70.63769, -33.437229 ], [ -70.637657, -33.437439 ], [ -70.637594, -33.437433 ], [ -70.637592, -33.437432 ], [ -70.637584, -33.437469 ], [ -70.637524, -33.43746 ], [ -70.63753, -33.437424 ], [ -70.637561, -33.437224 ], [ -70.637561, -33.437223 ] ] ] } },
{ "type": "Feature", "properties": { "INMUEBLES_": 189, "COUNT": 0, "INMUEBLE": null, "NUEVO_NUM": 0 }, "geometry": { "type": "Polygon", "coordinates": [ [ [ -70.638196, -33.437256 ], [ -70.638324, -33.437259 ], [ -70.638354, -33.437259 ], [ -70.63835, -33.437284 ], [ -70.63835, -33.437284 ], [ -70.638331, -33.437433 ], [ -70.638176, -33.437427 ], [ -70.638196, -33.437256 ] ] ] } },
{ "type": "Feature", "properties": { "INMUEBLES_": 190, "COUNT": 0, "INMUEBLE": null, "NUEVO_NUM": 0 }, "geometry": { "type": "Polygon", "coordinates": [ [ [ -70.640656, -33.436645 ], [ -70.640975, -33.436572 ], [ -70.641007, -33.436723 ], [ -70.640679, -33.436765 ], [ -70.64065, -33.436769 ], [ -70.640632, -33.436652 ], [ -70.640656, -33.436645 ] ] ] } },
{ "type": "Feature", "properties": { "INMUEBLES_": 191, "COUNT": 0, "INMUEBLE": null, "NUEVO_NUM": 0 }, "geometry": { "type": "Polygon", "coordinates": [ [ [ -70.641729, -33.436396 ], [ -70.641767, -33.436623 ], [ -70.641582, -33.436646 ], [ -70.641549, -33.436438 ], [ -70.641729, -33.436396 ] ] ] } },
{ "type": "Feature", "properties": { "INMUEBLES_": 192, "COUNT": 0, "INMUEBLE": null, "NUEVO_NUM": 0 }, "geometry": { "type": "Polygon", "coordinates": [ [ [ -70.641729, -33.436396 ], [ -70.641765, -33.436388 ], [ -70.641854, -33.436366 ], [ -70.641895, -33.436606 ], [ -70.641767, -33.436623 ], [ -70.641729, -33.436396 ] ] ] } },
{ "type": "Feature", "properties": { "INMUEBLES_": 193, "COUNT": 0, "INMUEBLE": null, "NUEVO_NUM": 0 }, "geometry": { "type": "Polygon", "coordinates": [ [ [ -70.641732, -33.437381 ], [ -70.641964, -33.437436 ], [ -70.641963, -33.437437 ], [ -70.641843, -33.437732 ], [ -70.641733, -33.437699 ], [ -70.641742, -33.437675 ], [ -70.641637, -33.437638 ], [ -70.641732, -33.437381 ] ] ] } },
{ "type": "Feature", "properties": { "INMUEBLES_": 194, "COUNT": 0, "INMUEBLE": null, "NUEVO_NUM": 0 }, "geometry": { "type": "Polygon", "coordinates": [ [ [ -70.64071, -33.439779 ], [ -70.640904, -33.439908 ], [ -70.640829, -33.439982 ], [ -70.640656, -33.439869 ], [ -70.640701, -33.439791 ], [ -70.64071, -33.439779 ] ] ] } },
{ "type": "Feature", "properties": { "INMUEBLES_": 195, "COUNT": 0, "INMUEBLE": null, "NUEVO_NUM": 0 }, "geometry": { "type": "Polygon", "coordinates": [ [ [ -70.640904, -33.439908 ], [ -70.64071, -33.439779 ], [ -70.640729, -33.439748 ], [ -70.640732, -33.439704 ], [ -70.640778, -33.439708 ], [ -70.640779, -33.439736 ], [ -70.640829, -33.439744 ], [ -70.640979, -33.439838 ], [ -70.640904, -33.439908 ] ] ] } },
{ "type": "Feature", "properties": { "INMUEBLES_": 196, "COUNT": 0, "INMUEBLE": null, "NUEVO_NUM": 0 }, "geometry": { "type": "Polygon", "coordinates": [ [ [ -70.641017, -33.440011 ], [ -70.641124, -33.440094 ], [ -70.640952, -33.440249 ], [ -70.640928, -33.440232 ], [ -70.640919, -33.440226 ], [ -70.640892, -33.440207 ], [ -70.64089, -33.440206 ], [ -70.64088, -33.440199 ], [ -70.640873, -33.440193 ], [ -70.640868, -33.440187 ], [ -70.640865, -33.44018 ], [ -70.640863, -33.440173 ], [ -70.640864, -33.440169 ], [ -70.640865, -33.440164 ], [ -70.640865, -33.440161 ], [ -70.640867, -33.440157 ], [ -70.640869, -33.440152 ], [ -70.640871, -33.440148 ], [ -70.640874, -33.440145 ], [ -70.640883, -33.440136 ], [ -70.640908, -33.440113 ], [ -70.640916, -33.440105 ], [ -70.640942, -33.440081 ], [ -70.641017, -33.440011 ] ] ] } },
{ "type": "Feature", "properties": { "INMUEBLES_": 197, "COUNT": 0, "INMUEBLE": null, "NUEVO_NUM": 0 }, "geometry": { "type": "Polygon", "coordinates": [ [ [ -70.641298, -33.439944 ], [ -70.641185, -33.439857 ], [ -70.641267, -33.439781 ], [ -70.641367, -33.439844 ], [ -70.641394, -33.439861 ], [ -70.641298, -33.439944 ] ] ] } },
{ "type": "Feature", "properties": { "INMUEBLES_": 198, "COUNT": 0, "INMUEBLE": null, "NUEVO_NUM": 0 }, "geometry": { "type": "Polygon", "coordinates": [ [ [ -70.641895, -33.440567 ], [ -70.641962, -33.440614 ], [ -70.641973, -33.440621 ], [ -70.6418, -33.44078 ], [ -70.641756, -33.440784 ], [ -70.641701, -33.440746 ], [ -70.641895, -33.440567 ] ] ] } },
{ "type": "Feature", "properties": { "INMUEBLES_": 199, "COUNT": 0, "INMUEBLE": null, "NUEVO_NUM": 0 }, "geometry": { "type": "Polygon", "coordinates": [ [ [ -70.642096, -33.440507 ], [ -70.641973, -33.440621 ], [ -70.641962, -33.440614 ], [ -70.641895, -33.440567 ], [ -70.641779, -33.440479 ], [ -70.641901, -33.440372 ], [ -70.642096, -33.440507 ] ] ] } },
{ "type": "Feature", "properties": { "INMUEBLES_": 200, "COUNT": 0, "INMUEBLE": null, "NUEVO_NUM": 0 }, "geometry": { "type": "Polygon", "coordinates": [ [ [ -70.642197, -33.440352 ], [ -70.642202, -33.440366 ], [ -70.642202, -33.440379 ], [ -70.642202, -33.440396 ], [ -70.642196, -33.440409 ], [ -70.642096, -33.440507 ], [ -70.641901, -33.440372 ], [ -70.642035, -33.440255 ], [ -70.642043, -33.440248 ], [ -70.642197, -33.440352 ] ] ] } },
{ "type": "Feature", "properties": { "INMUEBLES_": 201, "COUNT": 0, "INMUEBLE": null, "NUEVO_NUM": 0 }, "geometry": { "type": "Polygon", "coordinates": [ [ [ -70.642197, -33.440352 ], [ -70.642043, -33.440248 ], [ -70.642035, -33.440255 ], [ -70.64191, -33.440183 ], [ -70.642005, -33.440102 ], [ -70.642211, -33.440188 ], [ -70.642211, -33.440192 ], [ -70.642219, -33.440192 ], [ -70.642258, -33.440207 ], [ -70.642257, -33.440359 ], [ -70.642237, -33.440379 ], [ -70.642223, -33.44037 ], [ -70.642197, -33.440352 ] ] ] } },
{ "type": "Feature", "properties": { "INMUEBLES_": 202, "COUNT": 0, "INMUEBLE": null, "NUEVO_NUM": 0 }, "geometry": { "type": "Polygon", "coordinates": [ [ [ -70.645914, -33.435017 ], [ -70.645894, -33.435141 ], [ -70.645669, -33.435122 ], [ -70.645876, -33.434999 ], [ -70.645914, -33.435017 ] ] ] } },
{ "type": "Feature", "properties": { "INMUEBLES_": 207, "COUNT": 0, "INMUEBLE": null, "NUEVO_NUM": 0 }, "geometry": { "type": "Polygon", "coordinates": [ [ [ -70.670309, -33.42911 ], [ -70.67013, -33.4291 ], [ -70.669966, -33.429126 ], [ -70.669925, -33.429008 ], [ -70.66998, -33.42899 ], [ -70.670095, -33.428952 ], [ -70.670299, -33.428885 ], [ -70.670318, -33.428897 ], [ -70.670309, -33.42911 ] ] ] } },
{ "type": "Feature", "properties": { "INMUEBLES_": 211, "COUNT": 0, "INMUEBLE": null, "NUEVO_NUM": 0 }, "geometry": { "type": "Polygon", "coordinates": [ [ [ -70.678339, -33.428687 ], [ -70.678308, -33.428929 ], [ -70.678207, -33.428925 ], [ -70.678116, -33.428921 ], [ -70.678028, -33.428917 ], [ -70.678112, -33.428197 ], [ -70.678112, -33.428197 ], [ -70.678113, -33.42818 ], [ -70.678151, -33.428158 ], [ -70.67817, -33.428156 ], [ -70.67818, -33.428155 ], [ -70.678626, -33.428134 ], [ -70.678645, -33.428133 ], [ -70.67868, -33.428156 ], [ -70.678679, -33.428175 ], [ -70.678679, -33.428175 ], [ -70.67865, -33.428429 ], [ -70.678373, -33.428431 ], [ -70.678339, -33.428687 ] ] ] } },
{ "type": "Feature", "properties": { "INMUEBLES_": 213, "COUNT": 0, "INMUEBLE": null, "NUEVO_NUM": 0 }, "geometry": { "type": "Polygon", "coordinates": [ [ [ -70.678317, -33.430192 ], [ -70.678326, -33.430096 ], [ -70.678453, -33.430106 ], [ -70.678472, -33.430107 ], [ -70.678467, -33.430183 ], [ -70.678441, -33.430201 ], [ -70.678321, -33.430193 ], [ -70.678317, -33.430192 ] ] ] } },
{ "type": "Feature", "properties": { "INMUEBLES_": 214, "COUNT": 0, "INMUEBLE": null, "NUEVO_NUM": 0 }, "geometry": { "type": "Polygon", "coordinates": [ [ [ -70.677774, -33.430016 ], [ -70.677763, -33.430153 ], [ -70.677745, -33.430152 ], [ -70.677635, -33.430144 ], [ -70.677604, -33.430142 ], [ -70.677584, -33.430122 ], [ -70.677588, -33.43007 ], [ -70.677593, -33.430012 ], [ -70.677774, -33.430016 ] ] ] } },
{ "type": "Feature", "properties": { "INMUEBLES_": 219, "COUNT": 0, "INMUEBLE": null, "NUEVO_NUM": 0 }, "geometry": { "type": "Polygon", "coordinates": [ [ [ -70.669713, -33.431654 ], [ -70.669886, -33.431652 ], [ -70.669881, -33.431923 ], [ -70.669842, -33.431925 ], [ -70.669754, -33.431923 ], [ -70.669707, -33.431923 ], [ -70.669713, -33.431654 ] ] ] } },
{ "type": "Feature", "properties": { "INMUEBLES_": 220, "COUNT": 0, "INMUEBLE": null, "NUEVO_NUM": 0 }, "geometry": { "type": "Polygon", "coordinates": [ [ [ -70.669522, -33.431953 ], [ -70.669526, -33.431781 ], [ -70.669531, -33.431725 ], [ -70.669534, -33.431655 ], [ -70.669563, -33.431655 ], [ -70.669713, -33.431654 ], [ -70.669707, -33.431923 ], [ -70.669677, -33.431951 ], [ -70.669522, -33.431953 ] ] ] } },
{ "type": "Feature", "properties": { "INMUEBLES_": 221, "COUNT": 0, "INMUEBLE": null, "NUEVO_NUM": 0 }, "geometry": { "type": "Polygon", "coordinates": [ [ [ -70.669522, -33.431953 ], [ -70.669444, -33.431954 ], [ -70.669355, -33.431954 ], [ -70.669325, -33.431928 ], [ -70.669336, -33.431806 ], [ -70.669342, -33.431738 ], [ -70.66935, -33.431656 ], [ -70.669534, -33.431655 ], [ -70.669531, -33.431725 ], [ -70.669526, -33.431781 ], [ -70.669522, -33.431953 ] ] ] } },
{ "type": "Feature", "properties": { "INMUEBLES_": 222, "COUNT": 0, "INMUEBLE": null, "NUEVO_NUM": 0 }, "geometry": { "type": "Polygon", "coordinates": [ [ [ -70.678252, -33.430233 ], [ -70.678313, -33.430237 ], [ -70.678435, -33.430246 ], [ -70.678459, -33.430268 ], [ -70.678455, -33.430309 ], [ -70.678452, -33.43034 ], [ -70.678245, -33.430328 ], [ -70.678245, -33.430322 ], [ -70.678252, -33.430233 ] ] ] } },
{ "type": "Feature", "properties": { "INMUEBLES_": 224, "COUNT": 0, "INMUEBLE": null, "NUEVO_NUM": 0 }, "geometry": { "type": "Polygon", "coordinates": [ [ [ -70.678991, -33.431651 ], [ -70.678973, -33.431813 ], [ -70.67897, -33.431843 ], [ -70.678879, -33.431837 ], [ -70.678892, -33.431645 ], [ -70.678991, -33.431651 ] ] ] } },
{ "type": "Feature", "properties": { "INMUEBLES_": 226, "COUNT": 0, "INMUEBLE": null, "NUEVO_NUM": 0 }, "geometry": { "type": "Polygon", "coordinates": [ [ [ -70.677021, -33.433374 ], [ -70.677161, -33.43338 ], [ -70.677155, -33.43344 ], [ -70.677131, -33.43346 ], [ -70.677014, -33.433458 ], [ -70.677021, -33.433374 ] ] ] } },
{ "type": "Feature", "properties": { "INMUEBLES_": 227, "COUNT": 0, "INMUEBLE": null, "NUEVO_NUM": 0 }, "geometry": { "type": "Polygon", "coordinates": [ [ [ -70.6748, -33.433133 ], [ -70.674792, -33.433192 ], [ -70.674719, -33.433187 ], [ -70.674617, -33.43318 ], [ -70.674625, -33.43312 ], [ -70.6748, -33.433133 ] ] ] } },
{ "type": "Feature", "properties": { "INMUEBLES_": 229, "COUNT": 0, "INMUEBLE": null, "NUEVO_NUM": 0 }, "geometry": { "type": "Polygon", "coordinates": [ [ [ -70.661998, -33.432904 ], [ -70.662277, -33.432917 ], [ -70.662277, -33.432923 ], [ -70.662268, -33.432981 ], [ -70.662264, -33.433009 ], [ -70.662259, -33.433038 ], [ -70.662255, -33.433066 ], [ -70.662253, -33.433075 ], [ -70.66225, -33.433097 ], [ -70.662236, -33.43319 ], [ -70.662071, -33.433185 ], [ -70.661977, -33.433182 ], [ -70.661942, -33.433146 ], [ -70.661958, -33.433078 ], [ -70.661977, -33.432995 ], [ -70.661998, -33.432904 ] ] ] } },
{ "type": "Feature", "properties": { "INMUEBLES_": 230, "COUNT": 0, "INMUEBLE": null, "NUEVO_NUM": 0 }, "geometry": { "type": "Polygon", "coordinates": [ [ [ -70.662598, -33.432521 ], [ -70.662674, -33.432524 ], [ -70.662747, -33.432527 ], [ -70.662823, -33.43253 ], [ -70.66295, -33.432537 ], [ -70.662936, -33.432694 ], [ -70.662721, -33.432683 ], [ -70.662499, -33.432672 ], [ -70.662509, -33.43261 ], [ -70.662517, -33.432552 ], [ -70.662522, -33.432519 ], [ -70.662522, -33.432517 ], [ -70.662598, -33.432521 ] ] ] } },
{ "type": "Feature", "properties": { "INMUEBLES_": 231, "COUNT": 0, "INMUEBLE": null, "NUEVO_NUM": 0 }, "geometry": { "type": "Polygon", "coordinates": [ [ [ -70.678653, -33.433701 ], [ -70.678718, -33.433705 ], [ -70.678751, -33.433708 ], [ -70.678796, -33.43371 ], [ -70.678782, -33.433858 ], [ -70.678779, -33.43389 ], [ -70.678777, -33.433916 ], [ -70.678776, -33.433925 ], [ -70.678773, -33.43396 ], [ -70.67877, -33.433993 ], [ -70.678757, -33.433992 ], [ -70.67869, -33.433989 ], [ -70.678626, -33.433986 ], [ -70.678559, -33.433983 ], [ -70.678543, -33.433982 ], [ -70.678545, -33.433952 ], [ -70.678545, -33.433949 ], [ -70.678548, -33.433921 ], [ -70.678548, -33.433915 ], [ -70.67855, -33.433895 ], [ -70.678551, -33.433882 ], [ -70.678552, -33.433868 ], [ -70.678554, -33.433847 ], [ -70.678562, -33.433848 ], [ -70.678601, -33.433849 ], [ -70.678639, -33.433851 ], [ -70.678653, -33.433701 ] ] ] } },
{ "type": "Feature", "properties": { "INMUEBLES_": 232, "COUNT": 0, "INMUEBLE": null, "NUEVO_NUM": 0 }, "geometry": { "type": "Polygon", "coordinates": [ [ [ -70.677921, -33.434036 ], [ -70.678128, -33.434049 ], [ -70.678108, -33.43429 ], [ -70.678074, -33.434314 ], [ -70.677896, -33.434302 ], [ -70.677921, -33.434037 ], [ -70.677921, -33.434036 ] ] ] } },
{ "type": "Feature", "properties": { "INMUEBLES_": 234, "COUNT": 0, "INMUEBLE": null, "NUEVO_NUM": 0 }, "geometry": { "type": "Polygon", "coordinates": [ [ [ -70.671299, -33.433556 ], [ -70.6713, -33.43355 ], [ -70.671323, -33.433551 ], [ -70.671411, -33.433557 ], [ -70.671367, -33.433893 ], [ -70.671257, -33.433886 ], [ -70.671277, -33.433744 ], [ -70.671287, -33.433655 ], [ -70.671299, -33.433556 ] ] ] } },
{ "type": "Feature", "properties": { "INMUEBLES_": 237, "COUNT": 0, "INMUEBLE": null, "NUEVO_NUM": 0 }, "geometry": { "type": "Polygon", "coordinates": [ [ [ -70.680221, -33.435032 ], [ -70.680197, -33.435305 ], [ -70.680037, -33.435283 ], [ -70.679901, -33.435264 ], [ -70.679755, -33.435245 ], [ -70.679771, -33.435077 ], [ -70.679774, -33.435045 ], [ -70.679777, -33.435008 ], [ -70.680221, -33.435032 ] ] ] } },
{ "type": "Feature", "properties": { "INMUEBLES_": 238, "COUNT": 0, "INMUEBLE": null, "NUEVO_NUM": 0 }, "geometry": { "type": "Polygon", "coordinates": [ [ [ -70.680221, -33.435032 ], [ -70.679777, -33.435008 ], [ -70.679782, -33.434961 ], [ -70.679786, -33.434918 ], [ -70.679792, -33.434839 ], [ -70.679799, -33.434758 ], [ -70.679814, -33.434577 ], [ -70.680227, -33.434605 ], [ -70.680256, -33.434633 ], [ -70.680221, -33.435032 ] ] ] } },
{ "type": "Feature", "properties": { "INMUEBLES_": 241, "COUNT": 0, "INMUEBLE": null, "NUEVO_NUM": 0 }, "geometry": { "type": "Polygon", "coordinates": [ [ [ -70.677605, -33.434827 ], [ -70.67768, -33.434833 ], [ -70.677723, -33.434839 ], [ -70.677715, -33.435211 ], [ -70.677709, -33.43542 ], [ -70.677566, -33.435401 ], [ -70.677605, -33.434827 ] ] ] } },
{ "type": "Feature", "properties": { "INMUEBLES_": 242, "COUNT": 0, "INMUEBLE": null, "NUEVO_NUM": 0 }, "geometry": { "type": "Polygon", "coordinates": [ [ [ -70.672386, -33.43448 ], [ -70.672492, -33.434485 ], [ -70.672455, -33.434938 ], [ -70.672371, -33.434936 ], [ -70.672345, -33.434935 ], [ -70.672354, -33.434843 ], [ -70.672368, -33.434692 ], [ -70.672386, -33.43448 ] ] ] } },
{ "type": "Feature", "properties": { "INMUEBLES_": 243, "COUNT": 0, "INMUEBLE": null, "NUEVO_NUM": 0 }, "geometry": { "type": "Polygon", "coordinates": [ [ [ -70.668863, -33.434272 ], [ -70.668819, -33.434786 ], [ -70.668786, -33.434809 ], [ -70.668784, -33.434811 ], [ -70.668666, -33.434806 ], [ -70.668649, -33.434805 ], [ -70.668571, -33.434802 ], [ -70.668554, -33.434801 ], [ -70.6685, -33.434799 ], [ -70.6685, -33.434796 ], [ -70.668522, -33.434613 ], [ -70.668554, -33.434261 ], [ -70.668863, -33.434272 ] ] ] } },
{ "type": "Feature", "properties": { "INMUEBLES_": 245, "COUNT": 0, "INMUEBLE": null, "NUEVO_NUM": 0 }, "geometry": { "type": "Polygon", "coordinates": [ [ [ -70.6646, -33.434294 ], [ -70.664663, -33.434295 ], [ -70.66466, -33.434409 ], [ -70.664656, -33.434523 ], [ -70.664653, -33.434639 ], [ -70.664652, -33.434674 ], [ -70.664547, -33.434672 ], [ -70.664493, -33.434669 ], [ -70.664388, -33.434665 ], [ -70.664389, -33.434632 ], [ -70.66439, -33.434623 ], [ -70.664394, -33.434515 ], [ -70.664397, -33.434452 ], [ -70.664399, -33.434421 ], [ -70.6644, -33.434401 ], [ -70.664402, -33.43436 ], [ -70.664404, -33.434326 ], [ -70.664404, -33.434303 ], [ -70.664407, -33.434288 ], [ -70.664508, -33.434291 ], [ -70.664562, -33.434293 ], [ -70.66457, -33.434293 ], [ -70.6646, -33.434294 ] ] ] } },
{ "type": "Feature", "properties": { "INMUEBLES_": 248, "COUNT": 0, "INMUEBLE": null, "NUEVO_NUM": 0 }, "geometry": { "type": "Polygon", "coordinates": [ [ [ -70.661236, -33.433686 ], [ -70.661342, -33.433696 ], [ -70.661665, -33.433721 ], [ -70.661668, -33.433721 ], [ -70.661663, -33.433763 ], [ -70.661662, -33.433763 ], [ -70.661634, -33.433952 ], [ -70.661618, -33.433951 ], [ -70.661211, -33.433913 ], [ -70.661222, -33.433817 ], [ -70.661236, -33.433686 ] ] ] } },
{ "type": "Feature", "properties": { "INMUEBLES_": 249, "COUNT": 0, "INMUEBLE": null, "NUEVO_NUM": 0 }, "geometry": { "type": "Polygon", "coordinates": [ [ [ -70.679705, -33.43722 ], [ -70.679977, -33.437238 ], [ -70.679973, -33.437286 ], [ -70.679941, -33.437309 ], [ -70.679699, -33.437292 ], [ -70.679705, -33.43722 ] ] ] } },
{ "type": "Feature", "properties": { "INMUEBLES_": 250, "COUNT": 0, "INMUEBLE": null, "NUEVO_NUM": 0 }, "geometry": { "type": "Polygon", "coordinates": [ [ [ -70.679468, -33.436886 ], [ -70.679479, -33.436751 ], [ -70.680022, -33.436792 ], [ -70.680063, -33.436794 ], [ -70.680049, -33.43693 ], [ -70.680011, -33.436925 ], [ -70.679733, -33.436905 ], [ -70.67963, -33.436897 ], [ -70.679538, -33.436891 ], [ -70.679468, -33.436886 ] ] ] } },
{ "type": "Feature", "properties": { "INMUEBLES_": 251, "COUNT": 0, "INMUEBLE": null, "NUEVO_NUM": 0 }, "geometry": { "type": "Polygon", "coordinates": [ [ [ -70.677131, -33.435528 ], [ -70.677131, -33.435527 ], [ -70.677371, -33.435559 ], [ -70.677355, -33.435699 ], [ -70.677096, -33.435673 ], [ -70.677105, -33.435556 ], [ -70.677131, -33.435528 ] ] ] } },
{ "type": "Feature", "properties": { "INMUEBLES_": 252, "COUNT": 0, "INMUEBLE": null, "NUEVO_NUM": 0 }, "geometry": { "type": "Polygon", "coordinates": [ [ [ -70.675152, -33.435582 ], [ -70.675173, -33.43527 ], [ -70.675578, -33.435323 ], [ -70.675557, -33.435719 ], [ -70.675145, -33.435686 ], [ -70.675152, -33.435582 ] ] ] } },
{ "type": "Feature", "properties": { "INMUEBLES_": 255, "COUNT": 0, "INMUEBLE": null, "NUEVO_NUM": 0 }, "geometry": { "type": "Polygon", "coordinates": [ [ [ -70.673305, -33.436394 ], [ -70.673479, -33.436404 ], [ -70.673592, -33.436412 ], [ -70.673582, -33.43652 ], [ -70.673491, -33.436514 ], [ -70.673284, -33.4365 ], [ -70.673257, -33.436498 ], [ -70.67304, -33.436483 ], [ -70.673046, -33.43642 ], [ -70.67305, -33.436378 ], [ -70.673212, -33.436388 ], [ -70.673215, -33.436352 ], [ -70.673244, -33.436352 ], [ -70.67324, -33.43639 ], [ -70.673272, -33.436392 ], [ -70.673305, -33.436394 ] ] ] } },
{ "type": "Feature", "properties": { "INMUEBLES_": 258, "COUNT": 0, "INMUEBLE": null, "NUEVO_NUM": 0 }, "geometry": { "type": "Polygon", "coordinates": [ [ [ -70.669306, -33.436179 ], [ -70.669294, -33.436309 ], [ -70.669217, -33.436304 ], [ -70.668922, -33.436283 ], [ -70.668933, -33.436152 ], [ -70.669306, -33.436179 ] ] ] } },
{ "type": "Feature", "properties": { "INMUEBLES_": 260, "COUNT": 0, "INMUEBLE": null, "NUEVO_NUM": 0 }, "geometry": { "type": "Polygon", "coordinates": [ [ [ -70.669912, -33.436187 ], [ -70.669882, -33.436633 ], [ -70.669777, -33.436625 ], [ -70.669814, -33.436181 ], [ -70.669912, -33.436187 ] ] ] } },
{ "type": "Feature", "properties": { "INMUEBLES_": 261, "COUNT": 0, "INMUEBLE": null, "NUEVO_NUM": 0 }, "geometry": { "type": "Polygon", "coordinates": [ [ [ -70.668025, -33.434963 ], [ -70.668244, -33.434971 ], [ -70.668224, -33.435155 ], [ -70.668221, -33.435192 ], [ -70.668219, -33.43521 ], [ -70.668214, -33.435264 ], [ -70.668209, -33.435319 ], [ -70.668205, -33.435373 ], [ -70.6682, -33.435426 ], [ -70.668195, -33.435471 ], [ -70.66819, -33.435542 ], [ -70.668057, -33.435537 ], [ -70.66797, -33.435533 ], [ -70.667976, -33.435463 ], [ -70.667986, -33.435364 ], [ -70.667997, -33.435255 ], [ -70.668007, -33.435147 ], [ -70.668025, -33.434963 ] ] ] } },
{ "type": "Feature", "properties": { "INMUEBLES_": 264, "COUNT": 0, "INMUEBLE": null, "NUEVO_NUM": 0 }, "geometry": { "type": "Polygon", "coordinates": [ [ [ -70.665567, -33.435728 ], [ -70.666153, -33.43576 ], [ -70.666148, -33.435847 ], [ -70.66586, -33.435832 ], [ -70.665674, -33.435822 ], [ -70.665564, -33.435815 ], [ -70.665567, -33.435728 ] ] ] } },
{ "type": "Feature", "properties": { "INMUEBLES_": 267, "COUNT": 0, "INMUEBLE": null, "NUEVO_NUM": 0 }, "geometry": { "type": "Polygon", "coordinates": [ [ [ -70.664732, -33.43572 ], [ -70.664768, -33.435721 ], [ -70.664764, -33.435791 ], [ -70.664483, -33.435789 ], [ -70.664368, -33.435788 ], [ -70.664371, -33.435721 ], [ -70.664732, -33.43572 ] ] ] } },
{ "type": "Feature", "properties": { "INMUEBLES_": 272, "COUNT": 0, "INMUEBLE": null, "NUEVO_NUM": 0 }, "geometry": { "type": "Polygon", "coordinates": [ [ [ -70.678479, -33.437346 ], [ -70.678906, -33.437375 ], [ -70.678934, -33.437402 ], [ -70.678893, -33.437818 ], [ -70.67884, -33.437815 ], [ -70.678437, -33.437787 ], [ -70.678442, -33.437737 ], [ -70.67845, -33.437655 ], [ -70.678479, -33.437346 ] ] ] } },
{ "type": "Feature", "properties": { "INMUEBLES_": 275, "COUNT": 0, "INMUEBLE": null, "NUEVO_NUM": 0 }, "geometry": { "type": "Polygon", "coordinates": [ [ [ -70.675962, -33.437638 ], [ -70.675971, -33.437516 ], [ -70.676315, -33.437548 ], [ -70.676325, -33.437677 ], [ -70.676258, -33.43767 ], [ -70.675962, -33.437638 ] ] ] } },
{ "type": "Feature", "properties": { "INMUEBLES_": 276, "COUNT": 0, "INMUEBLE": null, "NUEVO_NUM": 0 }, "geometry": { "type": "Polygon", "coordinates": [ [ [ -70.67552, -33.437941 ], [ -70.675719, -33.437958 ], [ -70.675713, -33.438054 ], [ -70.675678, -33.438073 ], [ -70.675677, -33.438074 ], [ -70.675505, -33.438061 ], [ -70.67552, -33.437941 ] ] ] } },
{ "type": "Feature", "properties": { "INMUEBLES_": 280, "COUNT": 0, "INMUEBLE": null, "NUEVO_NUM": 0 }, "geometry": { "type": "Polygon", "coordinates": [ [ [ -70.672948, -33.437741 ], [ -70.672939, -33.437894 ], [ -70.672733, -33.437879 ], [ -70.672705, -33.43785 ], [ -70.672716, -33.437726 ], [ -70.672948, -33.437741 ] ] ] } },
{ "type": "Feature", "properties": { "INMUEBLES_": 282, "COUNT": 0, "INMUEBLE": null, "NUEVO_NUM": 0 }, "geometry": { "type": "Polygon", "coordinates": [ [ [ -70.671863, -33.437272 ], [ -70.672049, -33.437288 ], [ -70.67207, -33.437281 ], [ -70.672137, -33.437286 ], [ -70.672136, -33.437296 ], [ -70.672245, -33.437305 ], [ -70.672244, -33.437309 ], [ -70.67224, -33.437352 ], [ -70.672238, -33.43738 ], [ -70.671855, -33.437349 ], [ -70.671863, -33.437272 ] ] ] } },
{ "type": "Feature", "properties": { "INMUEBLES_": 284, "COUNT": 0, "INMUEBLE": null, "NUEVO_NUM": 0 }, "geometry": { "type": "Polygon", "coordinates": [ [ [ -70.669935, -33.43685 ], [ -70.670105, -33.436859 ], [ -70.670088, -33.437051 ], [ -70.669918, -33.437039 ], [ -70.669935, -33.43685 ] ] ] } },
{ "type": "Feature", "properties": { "INMUEBLES_": 287, "COUNT": 0, "INMUEBLE": null, "NUEVO_NUM": 0 }, "geometry": { "type": "Polygon", "coordinates": [ [ [ -70.669295, -33.43715 ], [ -70.669298, -33.437126 ], [ -70.669745, -33.43716 ], [ -70.669732, -33.437314 ], [ -70.669282, -33.437276 ], [ -70.669283, -33.437265 ], [ -70.669295, -33.43715 ] ] ] } },
{ "type": "Feature", "properties": { "INMUEBLES_": 288, "COUNT": 0, "INMUEBLE": null, "NUEVO_NUM": 0 }, "geometry": { "type": "Polygon", "coordinates": [ [ [ -70.669732, -33.437314 ], [ -70.669723, -33.437411 ], [ -70.669611, -33.437403 ], [ -70.669372, -33.437386 ], [ -70.669371, -33.437397 ], [ -70.669271, -33.437388 ], [ -70.669282, -33.437276 ], [ -70.669732, -33.437314 ] ] ] } },
{ "type": "Feature", "properties": { "INMUEBLES_": 289, "COUNT": 0, "INMUEBLE": null, "NUEVO_NUM": 0 }, "geometry": { "type": "Polygon", "coordinates": [ [ [ -70.669723, -33.437411 ], [ -70.669704, -33.437625 ], [ -70.669704, -33.437628 ], [ -70.669698, -33.437628 ], [ -70.669696, -33.437637 ], [ -70.669679, -33.437649 ], [ -70.66965, -33.437649 ], [ -70.66965, -33.437651 ], [ -70.669585, -33.437649 ], [ -70.669611, -33.437403 ], [ -70.669723, -33.437411 ] ] ] } },
{ "type": "Feature", "properties": { "INMUEBLES_": 291, "COUNT": 0, "INMUEBLE": null, "NUEVO_NUM": 0 }, "geometry": { "type": "Polygon", "coordinates": [ [ [ -70.668813, -33.437468 ], [ -70.669027, -33.437482 ], [ -70.669012, -33.437608 ], [ -70.668802, -33.43759 ], [ -70.668813, -33.437468 ] ] ] } },
{ "type": "Feature", "properties": { "INMUEBLES_": 292, "COUNT": 0, "INMUEBLE": null, "NUEVO_NUM": 0 }, "geometry": { "type": "Polygon", "coordinates": [ [ [ -70.668467, -33.436787 ], [ -70.668627, -33.436796 ], [ -70.668621, -33.436857 ], [ -70.668614, -33.436924 ], [ -70.668454, -33.436913 ], [ -70.668461, -33.436846 ], [ -70.668467, -33.436787 ] ] ] } },
{ "type": "Feature", "properties": { "INMUEBLES_": 293, "COUNT": 0, "INMUEBLE": null, "NUEVO_NUM": 0 }, "geometry": { "type": "Polygon", "coordinates": [ [ [ -70.667858, -33.437814 ], [ -70.667853, -33.437814 ], [ -70.667853, -33.437814 ], [ -70.667886, -33.437475 ], [ -70.66795, -33.437479 ], [ -70.66801, -33.437483 ], [ -70.667979, -33.437771 ], [ -70.667974, -33.437823 ], [ -70.667914, -33.437818 ], [ -70.667858, -33.437814 ] ] ] } },
{ "type": "Feature", "properties": { "INMUEBLES_": 294, "COUNT": 0, "INMUEBLE": null, "NUEVO_NUM": 0 }, "geometry": { "type": "Polygon", "coordinates": [ [ [ -70.665429, -33.436901 ], [ -70.665402, -33.4369 ], [ -70.665355, -33.436897 ], [ -70.665428, -33.436402 ], [ -70.665428, -33.436399 ], [ -70.665506, -33.436406 ], [ -70.665505, -33.436408 ], [ -70.665429, -33.436901 ] ] ] } },
{ "type": "Feature", "properties": { "INMUEBLES_": 296, "COUNT": 0, "INMUEBLE": null, "NUEVO_NUM": 0 }, "geometry": { "type": "Polygon", "coordinates": [ [ [ -70.665447, -33.436904 ], [ -70.665365, -33.437471 ], [ -70.665382, -33.437471 ], [ -70.665358, -33.437642 ], [ -70.665334, -33.437636 ], [ -70.665115, -33.437617 ], [ -70.665094, -33.437586 ], [ -70.664866, -33.437563 ], [ -70.664863, -33.43759 ], [ -70.664787, -33.437583 ], [ -70.664789, -33.437566 ], [ -70.664813, -33.437397 ], [ -70.664823, -33.437327 ], [ -70.664837, -33.437226 ], [ -70.664862, -33.437051 ], [ -70.664887, -33.43687 ], [ -70.665055, -33.436879 ], [ -70.665131, -33.436883 ], [ -70.665204, -33.436887 ], [ -70.665272, -33.436891 ], [ -70.665355, -33.436897 ], [ -70.665402, -33.4369 ], [ -70.665447, -33.436904 ] ] ] } },
{ "type": "Feature", "properties": { "INMUEBLES_": 298, "COUNT": 0, "INMUEBLE": null, "NUEVO_NUM": 0 }, "geometry": { "type": "Polygon", "coordinates": [ [ [ -70.662676, -33.436746 ], [ -70.662802, -33.436761 ], [ -70.662979, -33.436781 ], [ -70.663049, -33.436789 ], [ -70.662974, -33.437363 ], [ -70.662968, -33.437408 ], [ -70.662826, -33.43739 ], [ -70.662727, -33.43738 ], [ -70.662684, -33.437376 ], [ -70.662609, -33.437369 ], [ -70.662583, -33.437342 ], [ -70.66262, -33.437056 ], [ -70.662621, -33.437056 ], [ -70.662622, -33.437055 ], [ -70.662623, -33.437055 ], [ -70.662629, -33.436976 ], [ -70.662631, -33.436976 ], [ -70.662632, -33.436948 ], [ -70.662657, -33.436747 ], [ -70.662658, -33.436747 ], [ -70.662659, -33.436746 ], [ -70.662662, -33.436746 ], [ -70.662676, -33.436746 ] ] ] } },
{ "type": "Feature", "properties": { "INMUEBLES_": 301, "COUNT": 0, "INMUEBLE": null, "NUEVO_NUM": 0 }, "geometry": { "type": "Polygon", "coordinates": [ [ [ -70.663384, -33.436827 ], [ -70.663521, -33.436842 ], [ -70.663496, -33.437046 ], [ -70.663491, -33.437079 ], [ -70.663491, -33.437082 ], [ -70.663475, -33.437199 ], [ -70.663442, -33.437448 ], [ -70.663312, -33.437437 ], [ -70.663328, -33.437299 ], [ -70.66334, -33.437189 ], [ -70.663366, -33.43697 ], [ -70.663384, -33.436827 ] ] ] } },
{ "type": "Feature", "properties": { "INMUEBLES_": 303, "COUNT": 0, "INMUEBLE": null, "NUEVO_NUM": 0 }, "geometry": { "type": "Polygon", "coordinates": [ [ [ -70.661314, -33.436437 ], [ -70.661498, -33.436453 ], [ -70.66149, -33.436526 ], [ -70.661303, -33.436508 ], [ -70.661314, -33.436437 ] ] ] } },
{ "type": "Feature", "properties": { "INMUEBLES_": 305, "COUNT": 0, "INMUEBLE": null, "NUEVO_NUM": 0 }, "geometry": { "type": "Polygon", "coordinates": [ [ [ -70.661908, -33.436765 ], [ -70.661842, -33.437245 ], [ -70.661835, -33.437284 ], [ -70.661719, -33.437272 ], [ -70.661723, -33.437237 ], [ -70.661798, -33.436756 ], [ -70.661908, -33.436765 ] ] ] } },
{ "type": "Feature", "properties": { "INMUEBLES_": 306, "COUNT": 0, "INMUEBLE": null, "NUEVO_NUM": 0 }, "geometry": { "type": "Polygon", "coordinates": [ [ [ -70.661908, -33.436765 ], [ -70.661947, -33.436768 ], [ -70.662022, -33.436775 ], [ -70.662044, -33.436776 ], [ -70.661975, -33.437259 ], [ -70.661842, -33.437245 ], [ -70.661908, -33.436765 ] ] ] } },
{ "type": "Feature", "properties": { "INMUEBLES_": 310, "COUNT": 0, "INMUEBLE": null, "NUEVO_NUM": 0 }, "geometry": { "type": "Polygon", "coordinates": [ [ [ -70.678502, -33.43958 ], [ -70.678491, -33.439655 ], [ -70.678483, -33.43972 ], [ -70.678482, -33.439727 ], [ -70.678472, -33.439801 ], [ -70.678459, -33.439893 ], [ -70.678444, -33.439995 ], [ -70.678431, -33.440088 ], [ -70.678426, -33.440127 ], [ -70.6783, -33.440114 ], [ -70.678383, -33.439567 ], [ -70.678502, -33.43958 ] ] ] } },
{ "type": "Feature", "properties": { "INMUEBLES_": 311, "COUNT": 0, "INMUEBLE": null, "NUEVO_NUM": 0 }, "geometry": { "type": "Polygon", "coordinates": [ [ [ -70.677228, -33.439503 ], [ -70.677327, -33.439509 ], [ -70.677328, -33.439509 ], [ -70.677689, -33.43953 ], [ -70.677678, -33.43966 ], [ -70.677518, -33.439642 ], [ -70.677219, -33.439608 ], [ -70.677228, -33.439503 ] ] ] } },
{ "type": "Feature", "properties": { "INMUEBLES_": 313, "COUNT": 0, "INMUEBLE": null, "NUEVO_NUM": 0 }, "geometry": { "type": "Polygon", "coordinates": [ [ [ -70.676847, -33.438742 ], [ -70.677031, -33.438758 ], [ -70.677093, -33.438763 ], [ -70.677154, -33.438768 ], [ -70.677214, -33.438773 ], [ -70.677284, -33.438779 ], [ -70.677283, -33.438787 ], [ -70.677277, -33.438853 ], [ -70.677276, -33.438864 ], [ -70.677272, -33.438902 ], [ -70.676835, -33.438872 ], [ -70.676846, -33.438742 ], [ -70.676847, -33.438742 ] ] ] } },
{ "type": "Feature", "properties": { "INMUEBLES_": 316, "COUNT": 0, "INMUEBLE": null, "NUEVO_NUM": 0 }, "geometry": { "type": "Polygon", "coordinates": [ [ [ -70.675483, -33.439053 ], [ -70.675692, -33.439067 ], [ -70.675692, -33.439067 ], [ -70.675695, -33.439069 ], [ -70.67567, -33.439386 ], [ -70.675455, -33.439367 ], [ -70.675469, -33.439214 ], [ -70.675483, -33.439053 ] ] ] } },
{ "type": "Feature", "properties": { "INMUEBLES_": 321, "COUNT": 0, "INMUEBLE": null, "NUEVO_NUM": 0 }, "geometry": { "type": "Polygon", "coordinates": [ [ [ -70.674013, -33.43883 ], [ -70.673896, -33.438808 ], [ -70.673893, -33.438796 ], [ -70.673708, -33.438782 ], [ -70.673717, -33.438677 ], [ -70.673902, -33.438686 ], [ -70.673905, -33.438666 ], [ -70.674294, -33.438691 ], [ -70.674281, -33.438849 ], [ -70.674254, -33.438847 ], [ -70.674013, -33.43883 ] ] ] } },
{ "type": "Feature", "properties": { "INMUEBLES_": 322, "COUNT": 0, "INMUEBLE": null, "NUEVO_NUM": 0 }, "geometry": { "type": "Polygon", "coordinates": [ [ [ -70.673945, -33.438515 ], [ -70.674306, -33.438537 ], [ -70.674294, -33.438691 ], [ -70.673905, -33.438666 ], [ -70.673912, -33.438595 ], [ -70.673918, -33.438542 ], [ -70.673921, -33.438516 ], [ -70.673921, -33.438514 ], [ -70.673945, -33.438515 ] ] ] } },
{ "type": "Feature", "properties": { "INMUEBLES_": 323, "COUNT": 0, "INMUEBLE": null, "NUEVO_NUM": 0 }, "geometry": { "type": "Polygon", "coordinates": [ [ [ -70.673945, -33.438515 ], [ -70.673948, -33.43849 ], [ -70.673949, -33.43848 ], [ -70.673952, -33.438437 ], [ -70.673969, -33.438247 ], [ -70.673971, -33.438223 ], [ -70.673973, -33.438196 ], [ -70.673973, -33.438194 ], [ -70.673984, -33.438071 ], [ -70.674338, -33.438096 ], [ -70.674343, -33.438096 ], [ -70.674343, -33.438101 ], [ -70.674329, -33.438246 ], [ -70.674306, -33.438537 ], [ -70.673945, -33.438515 ] ] ] } },
{ "type": "Feature", "properties": { "INMUEBLES_": 324, "COUNT": 0, "INMUEBLE": null, "NUEVO_NUM": 0 }, "geometry": { "type": "Polygon", "coordinates": [ [ [ -70.673945, -33.438515 ], [ -70.673921, -33.438514 ], [ -70.673921, -33.438516 ], [ -70.673918, -33.438542 ], [ -70.67373, -33.43853 ], [ -70.673733, -33.438504 ], [ -70.673735, -33.438479 ], [ -70.673738, -33.438448 ], [ -70.67374, -33.438433 ], [ -70.67374, -33.438424 ], [ -70.673746, -33.438362 ], [ -70.673748, -33.438341 ], [ -70.673753, -33.438289 ], [ -70.673755, -33.438253 ], [ -70.673765, -33.438158 ], [ -70.673775, -33.438055 ], [ -70.673984, -33.438071 ], [ -70.673973, -33.438194 ], [ -70.673973, -33.438196 ], [ -70.673971, -33.438223 ], [ -70.673969, -33.438247 ], [ -70.673952, -33.438437 ], [ -70.673949, -33.43848 ], [ -70.673948, -33.43849 ], [ -70.673945, -33.438515 ] ] ] } },
{ "type": "Feature", "properties": { "INMUEBLES_": 325, "COUNT": 0, "INMUEBLE": null, "NUEVO_NUM": 0 }, "geometry": { "type": "Polygon", "coordinates": [ [ [ -70.673002, -33.438869 ], [ -70.673387, -33.438894 ], [ -70.673374, -33.439036 ], [ -70.67299, -33.439003 ], [ -70.673002, -33.438869 ] ] ] } },
{ "type": "Feature", "properties": { "INMUEBLES_": 327, "COUNT": 0, "INMUEBLE": null, "NUEVO_NUM": 0 }, "geometry": { "type": "Polygon", "coordinates": [ [ [ -70.673118, -33.438166 ], [ -70.67313, -33.438014 ], [ -70.673436, -33.438035 ], [ -70.673462, -33.43806 ], [ -70.67345, -33.43819 ], [ -70.673433, -33.438189 ], [ -70.673209, -33.438172 ], [ -70.673118, -33.438166 ] ] ] } },
{ "type": "Feature", "properties": { "INMUEBLES_": 328, "COUNT": 0, "INMUEBLE": null, "NUEVO_NUM": 0 }, "geometry": { "type": "Polygon", "coordinates": [ [ [ -70.673118, -33.438166 ], [ -70.673209, -33.438172 ], [ -70.673204, -33.438231 ], [ -70.673198, -33.438291 ], [ -70.673425, -33.438302 ], [ -70.673422, -33.438332 ], [ -70.673196, -33.438319 ], [ -70.673184, -33.438318 ], [ -70.673182, -33.438339 ], [ -70.672687, -33.438302 ], [ -70.672703, -33.43814 ], [ -70.673023, -33.43816 ], [ -70.673118, -33.438166 ] ] ] } },
{ "type": "Feature", "properties": { "INMUEBLES_": 330, "COUNT": 0, "INMUEBLE": null, "NUEVO_NUM": 0 }, "geometry": { "type": "Polygon", "coordinates": [ [ [ -70.672624, -33.438722 ], [ -70.673007, -33.438744 ], [ -70.672992, -33.438868 ], [ -70.672613, -33.438844 ], [ -70.672624, -33.438722 ] ] ] } },
{ "type": "Feature", "properties": { "INMUEBLES_": 331, "COUNT": 0, "INMUEBLE": null, "NUEVO_NUM": 0 }, "geometry": { "type": "Polygon", "coordinates": [ [ [ -70.673056, -33.439144 ], [ -70.673128, -33.439151 ], [ -70.67321, -33.439159 ], [ -70.673164, -33.439582 ], [ -70.673088, -33.439573 ], [ -70.67301, -33.439565 ], [ -70.673024, -33.439439 ], [ -70.673037, -33.439318 ], [ -70.673041, -33.439279 ], [ -70.673045, -33.439242 ], [ -70.67305, -33.439204 ], [ -70.673056, -33.439144 ] ] ] } },
{ "type": "Feature", "properties": { "INMUEBLES_": 332, "COUNT": 0, "INMUEBLE": null, "NUEVO_NUM": 0 }, "geometry": { "type": "Polygon", "coordinates": [ [ [ -70.6721, -33.439004 ], [ -70.672232, -33.439018 ], [ -70.672174, -33.439471 ], [ -70.672173, -33.439477 ], [ -70.672136, -33.439473 ], [ -70.672036, -33.439463 ], [ -70.6721, -33.439004 ] ] ] } },
{ "type": "Feature", "properties": { "INMUEBLES_": 333, "COUNT": 0, "INMUEBLE": null, "NUEVO_NUM": 0 }, "geometry": { "type": "Polygon", "coordinates": [ [ [ -70.672522, -33.438487 ], [ -70.672511, -33.4386 ], [ -70.672153, -33.438562 ], [ -70.672164, -33.438448 ], [ -70.672522, -33.438487 ] ] ] } },
{ "type": "Feature", "properties": { "INMUEBLES_": 335, "COUNT": 0, "INMUEBLE": null, "NUEVO_NUM": 0 }, "geometry": { "type": "Polygon", "coordinates": [ [ [ -70.670396, -33.438501 ], [ -70.670072, -33.438466 ], [ -70.670083, -33.438381 ], [ -70.670407, -33.438415 ], [ -70.670396, -33.438501 ] ] ] } },
{ "type": "Feature", "properties": { "INMUEBLES_": 337, "COUNT": 0, "INMUEBLE": null, "NUEVO_NUM": 0 }, "geometry": { "type": "Polygon", "coordinates": [ [ [ -70.669616, -33.438017 ], [ -70.66968, -33.438021 ], [ -70.669648, -33.438238 ], [ -70.669612, -33.438231 ], [ -70.669605, -33.438277 ], [ -70.669549, -33.438575 ], [ -70.669512, -33.438571 ], [ -70.669526, -33.43849 ], [ -70.669403, -33.438476 ], [ -70.669389, -33.438554 ], [ -70.669302, -33.438545 ], [ -70.669229, -33.439026 ], [ -70.669521, -33.439056 ], [ -70.669499, -33.439199 ], [ -70.668985, -33.439147 ], [ -70.669036, -33.438737 ], [ -70.668906, -33.438733 ], [ -70.668955, -33.438228 ], [ -70.668959, -33.438187 ], [ -70.668959, -33.438186 ], [ -70.668979, -33.437999 ], [ -70.668988, -33.437909 ], [ -70.668998, -33.437817 ], [ -70.669005, -33.437746 ], [ -70.669426, -33.437774 ], [ -70.669536, -33.437782 ], [ -70.669501, -33.438008 ], [ -70.669616, -33.438017 ] ] ] } },
{ "type": "Feature", "properties": { "INMUEBLES_": 340, "COUNT": 0, "INMUEBLE": null, "NUEVO_NUM": 0 }, "geometry": { "type": "Polygon", "coordinates": [ [ [ -70.666771, -33.438154 ], [ -70.666945, -33.438171 ], [ -70.666948, -33.438171 ], [ -70.666956, -33.438172 ], [ -70.666948, -33.438247 ], [ -70.666761, -33.438228 ], [ -70.666771, -33.438154 ] ] ] } },
{ "type": "Feature", "properties": { "INMUEBLES_": 341, "COUNT": 0, "INMUEBLE": null, "NUEVO_NUM": 0 }, "geometry": { "type": "Polygon", "coordinates": [ [ [ -70.666073, -33.437818 ], [ -70.666117, -33.437823 ], [ -70.666231, -33.437835 ], [ -70.666231, -33.437835 ], [ -70.66622, -33.437961 ], [ -70.666064, -33.437951 ], [ -70.666073, -33.437818 ] ] ] } },
{ "type": "Feature", "properties": { "INMUEBLES_": 342, "COUNT": 0, "INMUEBLE": null, "NUEVO_NUM": 0 }, "geometry": { "type": "Polygon", "coordinates": [ [ [ -70.665803, -33.437963 ], [ -70.665825, -33.437798 ], [ -70.665826, -33.437796 ], [ -70.665938, -33.437809 ], [ -70.665968, -33.437836 ], [ -70.665968, -33.437837 ], [ -70.665956, -33.437971 ], [ -70.665803, -33.437963 ] ] ] } },
{ "type": "Feature", "properties": { "INMUEBLES_": 343, "COUNT": 0, "INMUEBLE": null, "NUEVO_NUM": 0 }, "geometry": { "type": "Polygon", "coordinates": [ [ [ -70.66572, -33.437785 ], [ -70.665826, -33.437796 ], [ -70.665825, -33.437798 ], [ -70.665803, -33.437963 ], [ -70.665796, -33.43802 ], [ -70.665689, -33.438012 ], [ -70.66572, -33.437786 ], [ -70.66572, -33.437785 ] ] ] } },
{ "type": "Feature", "properties": { "INMUEBLES_": 344, "COUNT": 0, "INMUEBLE": null, "NUEVO_NUM": 0 }, "geometry": { "type": "Polygon", "coordinates": [ [ [ -70.66572, -33.437785 ], [ -70.66572, -33.437786 ], [ -70.665689, -33.438012 ], [ -70.665689, -33.438013 ], [ -70.665687, -33.438023 ], [ -70.665683, -33.438051 ], [ -70.665679, -33.438082 ], [ -70.665675, -33.43811 ], [ -70.66567, -33.438138 ], [ -70.665647, -33.438292 ], [ -70.665647, -33.438293 ], [ -70.665501, -33.438278 ], [ -70.665481, -33.438276 ], [ -70.665482, -33.438262 ], [ -70.665486, -33.438209 ], [ -70.665521, -33.437765 ], [ -70.665599, -33.437772 ], [ -70.665637, -33.437777 ], [ -70.66572, -33.437785 ] ] ] } },
{ "type": "Feature", "properties": { "INMUEBLES_": 346, "COUNT": 0, "INMUEBLE": null, "NUEVO_NUM": 0 }, "geometry": { "type": "Polygon", "coordinates": [ [ [ -70.665501, -33.438278 ], [ -70.665465, -33.43878 ], [ -70.665465, -33.438781 ], [ -70.665321, -33.438766 ], [ -70.665321, -33.438765 ], [ -70.665349, -33.43826 ], [ -70.665375, -33.438263 ], [ -70.665382, -33.4382 ], [ -70.665486, -33.438209 ], [ -70.665482, -33.438262 ], [ -70.665481, -33.438276 ], [ -70.665501, -33.438278 ] ] ] } },
{ "type": "Feature", "properties": { "INMUEBLES_": 347, "COUNT": 0, "INMUEBLE": null, "NUEVO_NUM": 0 }, "geometry": { "type": "Polygon", "coordinates": [ [ [ -70.664201, -33.437925 ], [ -70.664357, -33.437909 ], [ -70.664373, -33.437998 ], [ -70.664119, -33.438036 ], [ -70.664119, -33.438003 ], [ -70.664118, -33.437971 ], [ -70.664118, -33.437966 ], [ -70.664117, -33.437934 ], [ -70.664201, -33.437925 ] ] ] } },
{ "type": "Feature", "properties": { "INMUEBLES_": 349, "COUNT": 0, "INMUEBLE": null, "NUEVO_NUM": 0 }, "geometry": { "type": "Polygon", "coordinates": [ [ [ -70.662327, -33.437436 ], [ -70.662435, -33.437446 ], [ -70.662462, -33.437474 ], [ -70.662423, -33.437804 ], [ -70.662281, -33.437791 ], [ -70.662327, -33.437436 ] ] ] } },
{ "type": "Feature", "properties": { "INMUEBLES_": 350, "COUNT": 0, "INMUEBLE": null, "NUEVO_NUM": 0 }, "geometry": { "type": "Polygon", "coordinates": [ [ [ -70.662327, -33.437436 ], [ -70.662281, -33.437791 ], [ -70.662263, -33.437948 ], [ -70.662249, -33.437947 ], [ -70.662204, -33.437944 ], [ -70.662171, -33.437941 ], [ -70.662133, -33.437939 ], [ -70.662121, -33.437938 ], [ -70.662194, -33.43742 ], [ -70.662327, -33.437436 ] ] ] } },
{ "type": "Feature", "properties": { "INMUEBLES_": 351, "COUNT": 0, "INMUEBLE": null, "NUEVO_NUM": 0 }, "geometry": { "type": "Polygon", "coordinates": [ [ [ -70.662085, -33.437934 ], [ -70.662069, -33.437933 ], [ -70.661998, -33.437927 ], [ -70.66207, -33.437407 ], [ -70.662104, -33.437411 ], [ -70.662141, -33.437415 ], [ -70.662149, -33.437416 ], [ -70.662186, -33.43742 ], [ -70.662194, -33.43742 ], [ -70.662121, -33.437938 ], [ -70.662085, -33.437934 ] ] ] } },
{ "type": "Feature", "properties": { "INMUEBLES_": 352, "COUNT": 0, "INMUEBLE": null, "NUEVO_NUM": 0 }, "geometry": { "type": "Polygon", "coordinates": [ [ [ -70.661317, -33.437542 ], [ -70.661327, -33.437469 ], [ -70.661333, -33.437404 ], [ -70.661343, -33.437327 ], [ -70.661343, -33.437327 ], [ -70.661447, -33.437339 ], [ -70.661372, -33.437876 ], [ -70.661317, -33.437871 ], [ -70.661278, -33.437868 ], [ -70.661291, -33.437762 ], [ -70.6613, -33.437688 ], [ -70.661309, -33.437616 ], [ -70.661317, -33.437542 ] ] ] } },
{ "type": "Feature", "properties": { "INMUEBLES_": 354, "COUNT": 0, "INMUEBLE": null, "NUEVO_NUM": 0 }, "geometry": { "type": "Polygon", "coordinates": [ [ [ -70.662085, -33.437934 ], [ -70.662022, -33.438457 ], [ -70.661932, -33.438448 ], [ -70.661932, -33.438446 ], [ -70.661998, -33.437927 ], [ -70.662069, -33.437933 ], [ -70.662085, -33.437934 ] ] ] } },
{ "type": "Feature", "properties": { "INMUEBLES_": 355, "COUNT": 0, "INMUEBLE": null, "NUEVO_NUM": 0 }, "geometry": { "type": "Polygon", "coordinates": [ [ [ -70.662121, -33.437938 ], [ -70.662133, -33.437939 ], [ -70.662171, -33.437941 ], [ -70.662168, -33.437969 ], [ -70.662162, -33.438017 ], [ -70.66216, -33.43804 ], [ -70.662155, -33.438083 ], [ -70.662146, -33.438164 ], [ -70.662115, -33.438434 ], [ -70.662111, -33.438465 ], [ -70.662022, -33.438457 ], [ -70.662085, -33.437934 ], [ -70.662121, -33.437938 ] ] ] } },
{ "type": "Feature", "properties": { "INMUEBLES_": 356, "COUNT": 0, "INMUEBLE": null, "NUEVO_NUM": 0 }, "geometry": { "type": "Polygon", "coordinates": [ [ [ -70.660816, -33.437653 ], [ -70.66104, -33.43767 ], [ -70.661024, -33.437788 ], [ -70.661018, -33.437834 ], [ -70.660998, -33.437832 ], [ -70.660798, -33.437811 ], [ -70.660803, -33.437767 ], [ -70.660806, -33.437736 ], [ -70.660813, -33.437679 ], [ -70.660816, -33.437653 ] ] ] } },
{ "type": "Feature", "properties": { "INMUEBLES_": 358, "COUNT": 0, "INMUEBLE": null, "NUEVO_NUM": 0 }, "geometry": { "type": "Polygon", "coordinates": [ [ [ -70.680528, -33.439668 ], [ -70.680302, -33.439657 ], [ -70.68025, -33.439654 ], [ -70.680069, -33.439642 ], [ -70.680063, -33.439642 ], [ -70.680084, -33.439416 ], [ -70.680268, -33.439426 ], [ -70.680286, -33.439427 ], [ -70.680546, -33.439442 ], [ -70.68054, -33.439516 ], [ -70.680528, -33.439668 ] ] ] } },
{ "type": "Feature", "properties": { "INMUEBLES_": 359, "COUNT": 0, "INMUEBLE": null, "NUEVO_NUM": 0 }, "geometry": { "type": "Polygon", "coordinates": [ [ [ -70.677807, -33.440549 ], [ -70.677912, -33.440559 ], [ -70.678079, -33.440576 ], [ -70.678064, -33.440688 ], [ -70.677716, -33.440654 ], [ -70.677726, -33.440541 ], [ -70.677807, -33.440549 ] ] ] } },
{ "type": "Feature", "properties": { "INMUEBLES_": 360, "COUNT": 0, "INMUEBLE": null, "NUEVO_NUM": 0 }, "geometry": { "type": "Polygon", "coordinates": [ [ [ -70.677735, -33.441072 ], [ -70.677739, -33.441045 ], [ -70.6779, -33.441062 ], [ -70.677895, -33.441097 ], [ -70.677864, -33.441312 ], [ -70.677864, -33.441315 ], [ -70.677696, -33.441295 ], [ -70.677692, -33.441292 ], [ -70.677664, -33.441264 ], [ -70.677677, -33.441107 ], [ -70.677681, -33.44107 ], [ -70.677735, -33.441072 ] ] ] } },
{ "type": "Feature", "properties": { "INMUEBLES_": 361, "COUNT": 0, "INMUEBLE": null, "NUEVO_NUM": 0 }, "geometry": { "type": "Polygon", "coordinates": [ [ [ -70.67706, -33.440482 ], [ -70.67705, -33.44056 ], [ -70.676679, -33.440525 ], [ -70.676687, -33.440431 ], [ -70.676893, -33.440459 ], [ -70.676926, -33.440463 ], [ -70.67706, -33.440482 ] ] ] } },
{ "type": "Feature", "properties": { "INMUEBLES_": 364, "COUNT": 0, "INMUEBLE": null, "NUEVO_NUM": 0 }, "geometry": { "type": "Polygon", "coordinates": [ [ [ -70.675117, -33.439873 ], [ -70.675301, -33.439892 ], [ -70.675267, -33.440078 ], [ -70.675232, -33.440075 ], [ -70.675226, -33.440115 ], [ -70.675142, -33.440106 ], [ -70.675139, -33.440124 ], [ -70.675127, -33.440203 ], [ -70.675066, -33.440197 ], [ -70.67507, -33.440173 ], [ -70.675079, -33.440118 ], [ -70.675117, -33.439873 ], [ -70.675117, -33.439873 ] ] ] } },
{ "type": "Feature", "properties": { "INMUEBLES_": 366, "COUNT": 0, "INMUEBLE": null, "NUEVO_NUM": 0 }, "geometry": { "type": "Polygon", "coordinates": [ [ [ -70.673905, -33.440768 ], [ -70.67411, -33.440786 ], [ -70.674103, -33.440864 ], [ -70.674068, -33.440887 ], [ -70.673894, -33.440866 ], [ -70.673894, -33.440865 ], [ -70.673905, -33.440768 ] ] ] } },
{ "type": "Feature", "properties": { "INMUEBLES_": 367, "COUNT": 0, "INMUEBLE": null, "NUEVO_NUM": 0 }, "geometry": { "type": "Polygon", "coordinates": [ [ [ -70.674107, -33.440482 ], [ -70.674102, -33.440556 ], [ -70.6741, -33.440556 ], [ -70.673927, -33.440536 ], [ -70.67393, -33.440464 ], [ -70.674106, -33.440482 ], [ -70.674107, -33.440482 ] ] ] } },
{ "type": "Feature", "properties": { "INMUEBLES_": 368, "COUNT": 0, "INMUEBLE": null, "NUEVO_NUM": 0 }, "geometry": { "type": "Polygon", "coordinates": [ [ [ -70.674119, -33.440336 ], [ -70.674107, -33.440482 ], [ -70.674106, -33.440482 ], [ -70.67393, -33.440464 ], [ -70.673937, -33.440316 ], [ -70.674001, -33.440323 ], [ -70.674036, -33.440326 ], [ -70.674119, -33.440336 ] ] ] } },
{ "type": "Feature", "properties": { "INMUEBLES_": 369, "COUNT": 0, "INMUEBLE": null, "NUEVO_NUM": 0 }, "geometry": { "type": "Polygon", "coordinates": [ [ [ -70.674119, -33.440336 ], [ -70.674036, -33.440326 ], [ -70.674001, -33.440323 ], [ -70.674022, -33.440205 ], [ -70.674164, -33.440219 ], [ -70.674154, -33.440339 ], [ -70.674146, -33.440339 ], [ -70.674147, -33.440338 ], [ -70.674119, -33.440336 ] ] ] } },
{ "type": "Feature", "properties": { "INMUEBLES_": 370, "COUNT": 0, "INMUEBLE": null, "NUEVO_NUM": 0 }, "geometry": { "type": "Polygon", "coordinates": [ [ [ -70.673177, -33.439707 ], [ -70.673274, -33.439718 ], [ -70.673301, -33.439745 ], [ -70.673281, -33.439958 ], [ -70.673276, -33.440021 ], [ -70.67315, -33.440006 ], [ -70.673156, -33.439943 ], [ -70.673177, -33.439707 ] ] ] } },
{ "type": "Feature", "properties": { "INMUEBLES_": 371, "COUNT": 0, "INMUEBLE": null, "NUEVO_NUM": 0 }, "geometry": { "type": "Polygon", "coordinates": [ [ [ -70.673177, -33.439707 ], [ -70.673156, -33.439943 ], [ -70.67315, -33.440006 ], [ -70.673022, -33.439991 ], [ -70.673052, -33.439696 ], [ -70.673177, -33.439707 ] ] ] } },
{ "type": "Feature", "properties": { "INMUEBLES_": 372, "COUNT": 0, "INMUEBLE": null, "NUEVO_NUM": 0 }, "geometry": { "type": "Polygon", "coordinates": [ [ [ -70.673089, -33.440475 ], [ -70.673068, -33.440746 ], [ -70.672921, -33.440729 ], [ -70.672945, -33.440462 ], [ -70.673089, -33.440475 ] ] ] } },
{ "type": "Feature", "properties": { "INMUEBLES_": 373, "COUNT": 0, "INMUEBLE": null, "NUEVO_NUM": 0 }, "geometry": { "type": "Polygon", "coordinates": [ [ [ -70.673089, -33.440475 ], [ -70.673234, -33.440484 ], [ -70.673214, -33.440736 ], [ -70.67318, -33.440759 ], [ -70.673068, -33.440746 ], [ -70.673089, -33.440475 ] ] ] } },
{ "type": "Feature", "properties": { "INMUEBLES_": 374, "COUNT": 0, "INMUEBLE": null, "NUEVO_NUM": 0 }, "geometry": { "type": "Polygon", "coordinates": [ [ [ -70.671618, -33.440158 ], [ -70.671899, -33.44019 ], [ -70.672003, -33.440201 ], [ -70.671987, -33.440315 ], [ -70.671952, -33.440311 ], [ -70.671576, -33.440272 ], [ -70.671587, -33.440161 ], [ -70.671588, -33.440155 ], [ -70.6716, -33.440156 ], [ -70.671618, -33.440158 ] ] ] } },
{ "type": "Feature", "properties": { "INMUEBLES_": 378, "COUNT": 0, "INMUEBLE": null, "NUEVO_NUM": 0 }, "geometry": { "type": "Polygon", "coordinates": [ [ [ -70.667938, -33.439262 ], [ -70.667942, -33.439165 ], [ -70.667942, -33.43916 ], [ -70.668078, -33.439174 ], [ -70.668163, -33.439183 ], [ -70.668162, -33.439185 ], [ -70.668158, -33.439362 ], [ -70.668156, -33.439383 ], [ -70.667986, -33.439378 ], [ -70.667987, -33.43941 ], [ -70.667937, -33.439413 ], [ -70.667936, -33.439362 ], [ -70.667937, -33.439281 ], [ -70.667938, -33.439262 ] ] ] } },
{ "type": "Feature", "properties": { "INMUEBLES_": 381, "COUNT": 0, "INMUEBLE": null, "NUEVO_NUM": 0 }, "geometry": { "type": "Polygon", "coordinates": [ [ [ -70.668128, -33.440098 ], [ -70.668354, -33.440119 ], [ -70.66835, -33.440197 ], [ -70.668347, -33.440224 ], [ -70.668317, -33.44022 ], [ -70.66812, -33.440198 ], [ -70.668126, -33.440123 ], [ -70.668128, -33.440098 ] ] ] } },
{ "type": "Feature", "properties": { "INMUEBLES_": 382, "COUNT": 0, "INMUEBLE": null, "NUEVO_NUM": 0 }, "geometry": { "type": "Polygon", "coordinates": [ [ [ -70.665523, -33.438893 ], [ -70.665525, -33.438882 ], [ -70.665707, -33.4389 ], [ -70.665649, -33.439376 ], [ -70.665635, -33.439375 ], [ -70.665563, -33.439368 ], [ -70.665455, -33.439357 ], [ -70.665523, -33.438893 ] ] ] } },
{ "type": "Feature", "properties": { "INMUEBLES_": 383, "COUNT": 0, "INMUEBLE": null, "NUEVO_NUM": 0 }, "geometry": { "type": "Polygon", "coordinates": [ [ [ -70.665523, -33.438893 ], [ -70.665455, -33.439357 ], [ -70.665287, -33.439341 ], [ -70.665351, -33.438899 ], [ -70.665354, -33.438876 ], [ -70.665403, -33.438881 ], [ -70.665404, -33.438871 ], [ -70.665482, -33.438878 ], [ -70.66548, -33.438889 ], [ -70.665523, -33.438893 ] ] ] } },
{ "type": "Feature", "properties": { "INMUEBLES_": 384, "COUNT": 0, "INMUEBLE": null, "NUEVO_NUM": 0 }, "geometry": { "type": "Polygon", "coordinates": [ [ [ -70.665142, -33.439394 ], [ -70.665105, -33.439607 ], [ -70.665047, -33.4396 ], [ -70.665035, -33.439653 ], [ -70.665025, -33.439651 ], [ -70.664907, -33.439635 ], [ -70.664892, -33.439509 ], [ -70.66507, -33.439527 ], [ -70.665097, -33.439389 ], [ -70.665124, -33.439392 ], [ -70.665142, -33.439394 ] ] ] } },
{ "type": "Feature", "properties": { "INMUEBLES_": 385, "COUNT": 0, "INMUEBLE": null, "NUEVO_NUM": 0 }, "geometry": { "type": "Polygon", "coordinates": [ [ [ -70.668955, -33.447394 ], [ -70.669122, -33.447416 ], [ -70.669123, -33.447416 ], [ -70.669109, -33.447508 ], [ -70.668981, -33.447489 ], [ -70.668846, -33.447472 ], [ -70.668861, -33.447382 ], [ -70.668955, -33.447394 ] ] ] } },
{ "type": "Feature", "properties": { "INMUEBLES_": 386, "COUNT": 0, "INMUEBLE": null, "NUEVO_NUM": 0 }, "geometry": { "type": "Polygon", "coordinates": [ [ [ -70.665815, -33.439396 ], [ -70.66583, -33.439398 ], [ -70.665971, -33.439416 ], [ -70.665886, -33.439952 ], [ -70.665733, -33.439934 ], [ -70.665734, -33.43993 ], [ -70.665815, -33.439396 ] ] ] } },
{ "type": "Feature", "properties": { "INMUEBLES_": 387, "COUNT": 0, "INMUEBLE": null, "NUEVO_NUM": 0 }, "geometry": { "type": "Polygon", "coordinates": [ [ [ -70.662643, -33.439124 ], [ -70.662634, -33.439207 ], [ -70.66239, -33.439185 ], [ -70.66239, -33.439181 ], [ -70.662399, -33.439102 ], [ -70.662643, -33.439124 ] ] ] } },
{ "type": "Feature", "properties": { "INMUEBLES_": 388, "COUNT": 0, "INMUEBLE": null, "NUEVO_NUM": 0 }, "geometry": { "type": "Polygon", "coordinates": [ [ [ -70.663064, -33.43914 ], [ -70.66301, -33.439643 ], [ -70.663009, -33.439644 ], [ -70.662938, -33.439634 ], [ -70.662938, -33.43963 ], [ -70.662996, -33.439135 ], [ -70.663064, -33.43914 ] ] ] } },
{ "type": "Feature", "properties": { "INMUEBLES_": 389, "COUNT": 0, "INMUEBLE": null, "NUEVO_NUM": 0 }, "geometry": { "type": "Polygon", "coordinates": [ [ [ -70.663064, -33.43914 ], [ -70.663082, -33.439142 ], [ -70.663181, -33.439153 ], [ -70.663175, -33.439179 ], [ -70.663155, -33.439178 ], [ -70.663103, -33.439654 ], [ -70.663009, -33.439644 ], [ -70.66301, -33.439643 ], [ -70.663064, -33.43914 ] ] ] } },
{ "type": "Feature", "properties": { "INMUEBLES_": 390, "COUNT": 0, "INMUEBLE": null, "NUEVO_NUM": 0 }, "geometry": { "type": "Polygon", "coordinates": [ [ [ -70.664239, -33.439359 ], [ -70.66419, -33.439781 ], [ -70.664048, -33.439765 ], [ -70.664051, -33.439745 ], [ -70.664065, -33.439401 ], [ -70.664107, -33.439401 ], [ -70.664106, -33.439346 ], [ -70.664239, -33.439359 ] ] ] } },
{ "type": "Feature", "properties": { "INMUEBLES_": 391, "COUNT": 0, "INMUEBLE": null, "NUEVO_NUM": 0 }, "geometry": { "type": "Polygon", "coordinates": [ [ [ -70.664239, -33.439359 ], [ -70.664298, -33.439364 ], [ -70.664399, -33.439374 ], [ -70.664345, -33.439797 ], [ -70.66419, -33.439781 ], [ -70.664239, -33.439359 ] ] ] } },
{ "type": "Feature", "properties": { "INMUEBLES_": 392, "COUNT": 0, "INMUEBLE": null, "NUEVO_NUM": 0 }, "geometry": { "type": "Polygon", "coordinates": [ [ [ -70.664399, -33.439374 ], [ -70.664523, -33.439384 ], [ -70.664527, -33.4394 ], [ -70.664541, -33.439482 ], [ -70.664499, -33.43979 ], [ -70.664495, -33.439811 ], [ -70.664345, -33.439797 ], [ -70.664399, -33.439374 ] ] ] } },
{ "type": "Feature", "properties": { "INMUEBLES_": 393, "COUNT": 0, "INMUEBLE": null, "NUEVO_NUM": 0 }, "geometry": { "type": "Polygon", "coordinates": [ [ [ -70.67951, -33.441602 ], [ -70.679612, -33.441615 ], [ -70.679639, -33.441643 ], [ -70.679627, -33.441782 ], [ -70.679628, -33.441786 ], [ -70.67962, -33.441881 ], [ -70.679611, -33.441964 ], [ -70.679592, -33.442195 ], [ -70.679589, -33.442228 ], [ -70.679583, -33.442288 ], [ -70.679567, -33.442449 ], [ -70.679562, -33.442514 ], [ -70.679558, -33.442521 ], [ -70.67953, -33.442541 ], [ -70.679377, -33.44253 ], [ -70.679355, -33.442528 ], [ -70.679323, -33.442525 ], [ -70.678883, -33.442498 ], [ -70.67885, -33.442495 ], [ -70.678699, -33.442486 ], [ -70.678674, -33.442461 ], [ -70.678716, -33.442068 ], [ -70.678763, -33.441545 ], [ -70.678798, -33.441523 ], [ -70.679445, -33.441595 ], [ -70.679498, -33.441601 ], [ -70.67951, -33.441602 ] ] ] } },
{ "type": "Feature", "properties": { "INMUEBLES_": 399, "COUNT": 0, "INMUEBLE": null, "NUEVO_NUM": 0 }, "geometry": { "type": "Polygon", "coordinates": [ [ [ -70.674694, -33.441063 ], [ -70.674694, -33.441061 ], [ -70.67486, -33.441081 ], [ -70.674859, -33.441086 ], [ -70.674846, -33.441212 ], [ -70.674836, -33.441318 ], [ -70.674828, -33.441395 ], [ -70.67482, -33.441499 ], [ -70.674813, -33.441573 ], [ -70.674809, -33.441614 ], [ -70.674647, -33.441601 ], [ -70.674668, -33.441363 ], [ -70.674676, -33.44127 ], [ -70.674694, -33.441063 ] ] ] } },
{ "type": "Feature", "properties": { "INMUEBLES_": 401, "COUNT": 0, "INMUEBLE": null, "NUEVO_NUM": 0 }, "geometry": { "type": "Polygon", "coordinates": [ [ [ -70.674366, -33.441025 ], [ -70.674356, -33.441155 ], [ -70.674351, -33.441203 ], [ -70.674348, -33.441237 ], [ -70.674346, -33.441267 ], [ -70.674342, -33.44131 ], [ -70.674339, -33.441337 ], [ -70.674329, -33.441434 ], [ -70.674323, -33.441496 ], [ -70.674316, -33.441565 ], [ -70.674169, -33.441549 ], [ -70.674217, -33.441035 ], [ -70.674251, -33.441012 ], [ -70.674366, -33.441025 ] ] ] } },
{ "type": "Feature", "properties": { "INMUEBLES_": 405, "COUNT": 0, "INMUEBLE": null, "NUEVO_NUM": 0 }, "geometry": { "type": "Polygon", "coordinates": [ [ [ -70.673277, -33.441784 ], [ -70.673345, -33.441788 ], [ -70.673347, -33.441778 ], [ -70.673439, -33.441784 ], [ -70.673418, -33.441999 ], [ -70.67339, -33.441995 ], [ -70.673288, -33.441982 ], [ -70.673261, -33.441954 ], [ -70.673272, -33.441839 ], [ -70.673277, -33.441784 ] ] ] } },
{ "type": "Feature", "properties": { "INMUEBLES_": 406, "COUNT": 0, "INMUEBLE": null, "NUEVO_NUM": 0 }, "geometry": { "type": "Polygon", "coordinates": [ [ [ -70.672731, -33.441159 ], [ -70.672778, -33.440852 ], [ -70.672778, -33.440851 ], [ -70.672802, -33.440853 ], [ -70.672893, -33.440863 ], [ -70.672996, -33.440875 ], [ -70.672998, -33.440857 ], [ -70.673103, -33.440869 ], [ -70.67307, -33.44119 ], [ -70.672848, -33.44117 ], [ -70.672731, -33.441159 ] ] ] } },
{ "type": "Feature", "properties": { "INMUEBLES_": 408, "COUNT": 0, "INMUEBLE": null, "NUEVO_NUM": 0 }, "geometry": { "type": "Polygon", "coordinates": [ [ [ -70.672035, -33.441463 ], [ -70.672228, -33.441479 ], [ -70.672221, -33.441557 ], [ -70.672028, -33.44154 ], [ -70.67203, -33.441515 ], [ -70.672032, -33.441493 ], [ -70.672035, -33.441463 ] ] ] } },
{ "type": "Feature", "properties": { "INMUEBLES_": 411, "COUNT": 0, "INMUEBLE": null, "NUEVO_NUM": 0 }, "geometry": { "type": "Polygon", "coordinates": [ [ [ -70.671707, -33.441065 ], [ -70.671567, -33.44105 ], [ -70.67153, -33.441045 ], [ -70.671503, -33.441042 ], [ -70.671537, -33.440692 ], [ -70.671753, -33.440717 ], [ -70.67175, -33.440735 ], [ -70.671737, -33.44083 ], [ -70.671707, -33.441065 ] ] ] } },
{ "type": "Feature", "properties": { "INMUEBLES_": 412, "COUNT": 0, "INMUEBLE": null, "NUEVO_NUM": 0 }, "geometry": { "type": "Polygon", "coordinates": [ [ [ -70.671801, -33.441075 ], [ -70.671792, -33.441168 ], [ -70.671521, -33.441137 ], [ -70.67153, -33.441045 ], [ -70.671567, -33.44105 ], [ -70.671707, -33.441065 ], [ -70.671801, -33.441075 ] ] ] } },
{ "type": "Feature", "properties": { "INMUEBLES_": 413, "COUNT": 0, "INMUEBLE": null, "NUEVO_NUM": 0 }, "geometry": { "type": "Polygon", "coordinates": [ [ [ -70.671762, -33.441272 ], [ -70.671596, -33.441252 ], [ -70.67151, -33.441243 ], [ -70.671519, -33.441153 ], [ -70.67159, -33.441162 ], [ -70.671944, -33.441202 ], [ -70.671936, -33.441293 ], [ -70.671869, -33.441285 ], [ -70.671762, -33.441272 ] ] ] } },
{ "type": "Feature", "properties": { "INMUEBLES_": 414, "COUNT": 0, "INMUEBLE": null, "NUEVO_NUM": 0 }, "geometry": { "type": "Polygon", "coordinates": [ [ [ -70.671762, -33.441272 ], [ -70.671757, -33.441303 ], [ -70.671725, -33.441298 ], [ -70.671725, -33.4413 ], [ -70.671719, -33.44134 ], [ -70.671715, -33.441362 ], [ -70.671715, -33.441363 ], [ -70.671474, -33.441335 ], [ -70.671483, -33.44124 ], [ -70.67151, -33.441243 ], [ -70.671596, -33.441252 ], [ -70.671762, -33.441272 ] ] ] } },
{ "type": "Feature", "properties": { "INMUEBLES_": 419, "COUNT": 0, "INMUEBLE": null, "NUEVO_NUM": 0 }, "geometry": { "type": "Polygon", "coordinates": [ [ [ -70.670285, -33.440553 ], [ -70.670286, -33.440552 ], [ -70.670286, -33.440552 ], [ -70.670354, -33.44056 ], [ -70.670382, -33.440563 ], [ -70.670369, -33.440661 ], [ -70.670388, -33.440665 ], [ -70.670383, -33.440711 ], [ -70.670354, -33.440708 ], [ -70.670349, -33.440738 ], [ -70.670339, -33.440737 ], [ -70.670325, -33.440825 ], [ -70.670247, -33.440815 ], [ -70.670249, -33.440796 ], [ -70.67022, -33.440792 ], [ -70.67025, -33.440575 ], [ -70.670285, -33.440553 ] ] ] } },
{ "type": "Feature", "properties": { "INMUEBLES_": 425, "COUNT": 0, "INMUEBLE": null, "NUEVO_NUM": 0 }, "geometry": { "type": "Polygon", "coordinates": [ [ [ -70.662403, -33.440458 ], [ -70.662239, -33.440439 ], [ -70.662236, -33.440438 ], [ -70.66225, -33.440317 ], [ -70.662265, -33.440188 ], [ -70.66227, -33.440189 ], [ -70.662374, -33.440199 ], [ -70.662379, -33.440184 ], [ -70.662444, -33.440189 ], [ -70.662422, -33.440335 ], [ -70.662403, -33.440458 ] ] ] } },
{ "type": "Feature", "properties": { "INMUEBLES_": 426, "COUNT": 0, "INMUEBLE": null, "NUEVO_NUM": 0 }, "geometry": { "type": "Polygon", "coordinates": [ [ [ -70.662403, -33.440458 ], [ -70.662369, -33.440737 ], [ -70.662236, -33.440723 ], [ -70.662233, -33.440722 ], [ -70.662207, -33.440693 ], [ -70.662236, -33.440438 ], [ -70.662239, -33.440439 ], [ -70.662403, -33.440458 ] ] ] } },
{ "type": "Feature", "properties": { "INMUEBLES_": 427, "COUNT": 0, "INMUEBLE": null, "NUEVO_NUM": 0 }, "geometry": { "type": "Polygon", "coordinates": [ [ [ -70.663261, -33.440262 ], [ -70.663395, -33.440277 ], [ -70.663491, -33.440287 ], [ -70.663496, -33.440288 ], [ -70.663432, -33.440858 ], [ -70.663363, -33.44085 ], [ -70.663207, -33.440832 ], [ -70.663207, -33.440829 ], [ -70.663232, -33.440654 ], [ -70.663208, -33.440649 ], [ -70.663261, -33.440262 ] ] ] } },
{ "type": "Feature", "properties": { "INMUEBLES_": 428, "COUNT": 0, "INMUEBLE": null, "NUEVO_NUM": 0 }, "geometry": { "type": "Polygon", "coordinates": [ [ [ -70.661139, -33.44035 ], [ -70.661112, -33.440603 ], [ -70.66087, -33.440576 ], [ -70.660868, -33.440574 ], [ -70.660843, -33.440547 ], [ -70.660842, -33.440546 ], [ -70.660867, -33.44035 ], [ -70.660871, -33.440346 ], [ -70.660874, -33.440324 ], [ -70.661139, -33.44035 ] ] ] } },
{ "type": "Feature", "properties": { "INMUEBLES_": 429, "COUNT": 0, "INMUEBLE": null, "NUEVO_NUM": 0 }, "geometry": { "type": "Polygon", "coordinates": [ [ [ -70.661139, -33.44035 ], [ -70.661148, -33.440256 ], [ -70.661155, -33.440167 ], [ -70.661163, -33.440075 ], [ -70.66121, -33.440078 ], [ -70.661326, -33.440081 ], [ -70.661271, -33.44062 ], [ -70.661112, -33.440603 ], [ -70.661139, -33.44035 ] ] ] } },
{ "type": "Feature", "properties": { "INMUEBLES_": 430, "COUNT": 0, "INMUEBLE": null, "NUEVO_NUM": 0 }, "geometry": { "type": "Polygon", "coordinates": [ [ [ -70.660599, -33.440021 ], [ -70.660744, -33.440036 ], [ -70.66075, -33.440037 ], [ -70.660752, -33.440037 ], [ -70.660752, -33.440039 ], [ -70.660723, -33.440263 ], [ -70.660562, -33.440246 ], [ -70.660599, -33.440021 ] ] ] } },
{ "type": "Feature", "properties": { "INMUEBLES_": 432, "COUNT": 0, "INMUEBLE": null, "NUEVO_NUM": 0 }, "geometry": { "type": "Polygon", "coordinates": [ [ [ -70.677984, -33.443215 ], [ -70.677993, -33.443216 ], [ -70.677973, -33.443411 ], [ -70.677882, -33.4434 ], [ -70.677899, -33.443209 ], [ -70.677984, -33.443215 ] ] ] } },
{ "type": "Feature", "properties": { "INMUEBLES_": 433, "COUNT": 0, "INMUEBLE": null, "NUEVO_NUM": 0 }, "geometry": { "type": "Polygon", "coordinates": [ [ [ -70.676889, -33.442478 ], [ -70.67689, -33.442459 ], [ -70.677016, -33.442466 ], [ -70.676985, -33.442807 ], [ -70.676981, -33.442847 ], [ -70.676928, -33.442844 ], [ -70.67687, -33.442841 ], [ -70.676872, -33.442806 ], [ -70.676861, -33.442805 ], [ -70.676855, -33.442805 ], [ -70.676889, -33.442478 ] ] ] } },
{ "type": "Feature", "properties": { "INMUEBLES_": 434, "COUNT": 0, "INMUEBLE": null, "NUEVO_NUM": 0 }, "geometry": { "type": "Polygon", "coordinates": [ [ [ -70.676889, -33.442469 ], [ -70.676855, -33.442805 ], [ -70.676778, -33.4428 ], [ -70.676814, -33.442465 ], [ -70.676889, -33.442469 ] ] ] } },
{ "type": "Feature", "properties": { "INMUEBLES_": 435, "COUNT": 0, "INMUEBLE": null, "NUEVO_NUM": 0 }, "geometry": { "type": "Polygon", "coordinates": [ [ [ -70.677129, -33.442842 ], [ -70.677168, -33.442844 ], [ -70.67717, -33.442818 ], [ -70.677179, -33.442819 ], [ -70.677168, -33.443032 ], [ -70.677195, -33.443035 ], [ -70.67719, -33.443101 ], [ -70.677187, -33.443169 ], [ -70.677182, -33.443231 ], [ -70.677182, -33.443253 ], [ -70.677179, -33.44332 ], [ -70.677088, -33.443309 ], [ -70.677129, -33.442842 ] ] ] } },
{ "type": "Feature", "properties": { "INMUEBLES_": 437, "COUNT": 0, "INMUEBLE": null, "NUEVO_NUM": 0 }, "geometry": { "type": "Polygon", "coordinates": [ [ [ -70.676085, -33.442406 ], [ -70.676232, -33.442415 ], [ -70.676219, -33.442628 ], [ -70.676213, -33.442714 ], [ -70.676175, -33.442712 ], [ -70.676105, -33.442708 ], [ -70.676066, -33.442705 ], [ -70.676083, -33.442425 ], [ -70.676085, -33.442406 ] ] ] } },
{ "type": "Feature", "properties": { "INMUEBLES_": 438, "COUNT": 0, "INMUEBLE": null, "NUEVO_NUM": 0 }, "geometry": { "type": "Polygon", "coordinates": [ [ [ -70.676085, -33.442406 ], [ -70.676083, -33.442425 ], [ -70.676066, -33.442705 ], [ -70.676029, -33.442703 ], [ -70.675949, -33.442698 ], [ -70.675925, -33.442696 ], [ -70.675948, -33.442397 ], [ -70.675952, -33.442397 ], [ -70.676085, -33.442406 ] ] ] } },
{ "type": "Feature", "properties": { "INMUEBLES_": 440, "COUNT": 0, "INMUEBLE": null, "NUEVO_NUM": 0 }, "geometry": { "type": "Polygon", "coordinates": [ [ [ -70.675281, -33.442354 ], [ -70.675263, -33.442547 ], [ -70.675233, -33.442547 ], [ -70.675183, -33.442545 ], [ -70.675203, -33.442346 ], [ -70.675203, -33.442345 ], [ -70.675281, -33.442354 ] ] ] } },
{ "type": "Feature", "properties": { "INMUEBLES_": 441, "COUNT": 0, "INMUEBLE": null, "NUEVO_NUM": 0 }, "geometry": { "type": "Polygon", "coordinates": [ [ [ -70.674762, -33.442749 ], [ -70.674638, -33.442737 ], [ -70.674611, -33.44303 ], [ -70.6745, -33.443018 ], [ -70.674535, -33.44264 ], [ -70.674647, -33.44265 ], [ -70.674769, -33.442661 ], [ -70.674762, -33.442749 ] ] ] } },
{ "type": "Feature", "properties": { "INMUEBLES_": 442, "COUNT": 0, "INMUEBLE": null, "NUEVO_NUM": 0 }, "geometry": { "type": "Polygon", "coordinates": [ [ [ -70.674762, -33.442749 ], [ -70.674739, -33.443046 ], [ -70.674611, -33.44303 ], [ -70.674638, -33.442737 ], [ -70.674762, -33.442749 ] ] ] } },
{ "type": "Feature", "properties": { "INMUEBLES_": 445, "COUNT": 0, "INMUEBLE": null, "NUEVO_NUM": 0 }, "geometry": { "type": "Polygon", "coordinates": [ [ [ -70.67168, -33.442318 ], [ -70.671832, -33.442333 ], [ -70.67198, -33.442348 ], [ -70.671981, -33.442348 ], [ -70.67215, -33.442365 ], [ -70.672135, -33.442527 ], [ -70.671878, -33.442499 ], [ -70.671847, -33.442494 ], [ -70.671846, -33.442494 ], [ -70.671665, -33.442471 ], [ -70.671676, -33.442357 ], [ -70.67168, -33.442318 ] ] ] } },
{ "type": "Feature", "properties": { "INMUEBLES_": 446, "COUNT": 0, "INMUEBLE": null, "NUEVO_NUM": 0 }, "geometry": { "type": "Polygon", "coordinates": [ [ [ -70.67113, -33.442203 ], [ -70.67118, -33.442208 ], [ -70.671283, -33.442219 ], [ -70.671267, -33.442392 ], [ -70.67111, -33.442381 ], [ -70.671122, -33.442274 ], [ -70.67113, -33.442203 ] ] ] } },
{ "type": "Feature", "properties": { "INMUEBLES_": 447, "COUNT": 0, "INMUEBLE": null, "NUEVO_NUM": 0 }, "geometry": { "type": "Polygon", "coordinates": [ [ [ -70.67113, -33.442203 ], [ -70.671122, -33.442274 ], [ -70.670927, -33.442255 ], [ -70.670993, -33.441828 ], [ -70.670993, -33.441827 ], [ -70.671037, -33.441833 ], [ -70.671037, -33.441832 ], [ -70.67107, -33.441836 ], [ -70.671071, -33.441837 ], [ -70.671122, -33.441843 ], [ -70.671077, -33.442198 ], [ -70.67113, -33.442203 ] ] ] } },
{ "type": "Feature", "properties": { "INMUEBLES_": 448, "COUNT": 0, "INMUEBLE": null, "NUEVO_NUM": 0 }, "geometry": { "type": "Polygon", "coordinates": [ [ [ -70.668879, -33.442452 ], [ -70.668832, -33.442655 ], [ -70.668693, -33.44263 ], [ -70.668724, -33.442497 ], [ -70.668733, -33.442498 ], [ -70.668749, -33.442436 ], [ -70.66882, -33.442144 ], [ -70.668848, -33.442154 ], [ -70.668896, -33.442171 ], [ -70.66894, -33.442187 ], [ -70.668879, -33.442452 ] ] ] } },
{ "type": "Feature", "properties": { "INMUEBLES_": 449, "COUNT": 0, "INMUEBLE": null, "NUEVO_NUM": 0 }, "geometry": { "type": "Polygon", "coordinates": [ [ [ -70.667882, -33.442323 ], [ -70.667876, -33.442349 ], [ -70.667852, -33.442454 ], [ -70.667816, -33.442474 ], [ -70.667731, -33.44246 ], [ -70.667731, -33.442459 ], [ -70.667754, -33.442302 ], [ -70.667853, -33.442318 ], [ -70.667882, -33.442323 ] ] ] } },
{ "type": "Feature", "properties": { "INMUEBLES_": 453, "COUNT": 0, "INMUEBLE": null, "NUEVO_NUM": 0 }, "geometry": { "type": "Polygon", "coordinates": [ [ [ -70.666911, -33.441463 ], [ -70.666938, -33.441348 ], [ -70.667082, -33.441365 ], [ -70.667065, -33.441498 ], [ -70.666911, -33.441463 ] ] ] } },
{ "type": "Feature", "properties": { "INMUEBLES_": 454, "COUNT": 0, "INMUEBLE": null, "NUEVO_NUM": 0 }, "geometry": { "type": "Polygon", "coordinates": [ [ [ -70.666911, -33.441463 ], [ -70.666889, -33.441543 ], [ -70.66667, -33.441504 ], [ -70.666703, -33.441323 ], [ -70.66673, -33.441306 ], [ -70.666941, -33.441332 ], [ -70.666938, -33.441348 ], [ -70.666911, -33.441463 ] ] ] } },
{ "type": "Feature", "properties": { "INMUEBLES_": 455, "COUNT": 0, "INMUEBLE": null, "NUEVO_NUM": 0 }, "geometry": { "type": "Polygon", "coordinates": [ [ [ -70.666553, -33.442115 ], [ -70.666589, -33.441927 ], [ -70.666819, -33.441962 ], [ -70.666804, -33.442033 ], [ -70.666802, -33.442041 ], [ -70.666719, -33.442027 ], [ -70.666718, -33.442029 ], [ -70.6667, -33.442116 ], [ -70.666664, -33.442279 ], [ -70.666557, -33.442262 ], [ -70.666531, -33.442231 ], [ -70.666553, -33.442115 ] ] ] } },
{ "type": "Feature", "properties": { "INMUEBLES_": 456, "COUNT": 0, "INMUEBLE": null, "NUEVO_NUM": 0 }, "geometry": { "type": "Polygon", "coordinates": [ [ [ -70.666783, -33.44213 ], [ -70.666803, -33.442042 ], [ -70.666804, -33.442033 ], [ -70.666819, -33.441962 ], [ -70.666968, -33.441986 ], [ -70.666949, -33.442069 ], [ -70.666927, -33.442157 ], [ -70.666888, -33.442315 ], [ -70.666887, -33.442316 ], [ -70.666887, -33.442318 ], [ -70.666746, -33.442294 ], [ -70.666746, -33.442293 ], [ -70.666783, -33.44213 ] ] ] } },
{ "type": "Feature", "properties": { "INMUEBLES_": 457, "COUNT": 0, "INMUEBLE": null, "NUEVO_NUM": 0 }, "geometry": { "type": "Polygon", "coordinates": [ [ [ -70.666472, -33.441966 ], [ -70.666453, -33.442072 ], [ -70.666418, -33.442093 ], [ -70.666309, -33.442079 ], [ -70.666314, -33.442053 ], [ -70.666334, -33.441945 ], [ -70.666472, -33.441966 ] ] ] } },
{ "type": "Feature", "properties": { "INMUEBLES_": 458, "COUNT": 0, "INMUEBLE": null, "NUEVO_NUM": 0 }, "geometry": { "type": "Polygon", "coordinates": [ [ [ -70.666359, -33.44181 ], [ -70.666498, -33.441831 ], [ -70.666472, -33.441966 ], [ -70.666334, -33.441945 ], [ -70.666359, -33.44181 ] ] ] } },
{ "type": "Feature", "properties": { "INMUEBLES_": 462, "COUNT": 0, "INMUEBLE": null, "NUEVO_NUM": 0 }, "geometry": { "type": "Polygon", "coordinates": [ [ [ -70.666254, -33.441573 ], [ -70.666245, -33.441626 ], [ -70.666231, -33.441706 ], [ -70.666216, -33.44179 ], [ -70.666169, -33.44204 ], [ -70.666164, -33.442065 ], [ -70.666011, -33.442049 ], [ -70.666015, -33.442026 ], [ -70.666029, -33.441937 ], [ -70.666096, -33.441553 ], [ -70.666254, -33.441573 ] ] ] } },
{ "type": "Feature", "properties": { "INMUEBLES_": 463, "COUNT": 0, "INMUEBLE": null, "NUEVO_NUM": 0 }, "geometry": { "type": "Polygon", "coordinates": [ [ [ -70.666169, -33.44204 ], [ -70.666216, -33.44179 ], [ -70.666359, -33.44181 ], [ -70.666334, -33.441945 ], [ -70.666314, -33.442053 ], [ -70.666309, -33.442079 ], [ -70.666283, -33.442229 ], [ -70.66614, -33.442214 ], [ -70.666164, -33.442065 ], [ -70.666169, -33.44204 ] ] ] } },
{ "type": "Feature", "properties": { "INMUEBLES_": 466, "COUNT": 0, "INMUEBLE": null, "NUEVO_NUM": 0 }, "geometry": { "type": "Polygon", "coordinates": [ [ [ -70.663647, -33.441221 ], [ -70.663844, -33.44124 ], [ -70.663824, -33.441316 ], [ -70.663635, -33.441302 ], [ -70.663647, -33.441225 ], [ -70.663647, -33.441221 ] ] ] } },
{ "type": "Feature", "properties": { "INMUEBLES_": 467, "COUNT": 0, "INMUEBLE": null, "NUEVO_NUM": 0 }, "geometry": { "type": "Polygon", "coordinates": [ [ [ -70.664249, -33.441441 ], [ -70.664167, -33.442025 ], [ -70.66413, -33.442021 ], [ -70.664034, -33.442012 ], [ -70.664015, -33.44201 ], [ -70.663984, -33.442007 ], [ -70.66403, -33.441756 ], [ -70.664088, -33.441426 ], [ -70.664249, -33.441441 ] ] ] } },
{ "type": "Feature", "properties": { "INMUEBLES_": 468, "COUNT": 0, "INMUEBLE": null, "NUEVO_NUM": 0 }, "geometry": { "type": "Polygon", "coordinates": [ [ [ -70.664249, -33.441441 ], [ -70.664369, -33.441454 ], [ -70.664414, -33.441458 ], [ -70.664402, -33.441584 ], [ -70.66439, -33.441694 ], [ -70.664354, -33.442025 ], [ -70.664354, -33.442027 ], [ -70.664351, -33.442043 ], [ -70.664167, -33.442025 ], [ -70.664249, -33.441441 ] ] ] } },
{ "type": "Feature", "properties": { "INMUEBLES_": 469, "COUNT": 0, "INMUEBLE": null, "NUEVO_NUM": 0 }, "geometry": { "type": "Polygon", "coordinates": [ [ [ -70.664614, -33.441603 ], [ -70.664594, -33.441818 ], [ -70.664573, -33.442048 ], [ -70.664459, -33.442037 ], [ -70.664459, -33.442035 ], [ -70.664493, -33.441703 ], [ -70.66439, -33.441694 ], [ -70.664402, -33.441584 ], [ -70.664614, -33.441603 ] ] ] } },
{ "type": "Feature", "properties": { "INMUEBLES_": 470, "COUNT": 0, "INMUEBLE": null, "NUEVO_NUM": 0 }, "geometry": { "type": "Polygon", "coordinates": [ [ [ -70.663477, -33.441635 ], [ -70.66343, -33.441928 ], [ -70.66343, -33.441929 ], [ -70.663425, -33.441931 ], [ -70.6634, -33.441948 ], [ -70.663396, -33.441951 ], [ -70.663205, -33.441934 ], [ -70.663202, -33.441933 ], [ -70.663254, -33.441616 ], [ -70.663477, -33.441635 ] ] ] } },
{ "type": "Feature", "properties": { "INMUEBLES_": 471, "COUNT": 0, "INMUEBLE": null, "NUEVO_NUM": 0 }, "geometry": { "type": "Polygon", "coordinates": [ [ [ -70.663477, -33.441635 ], [ -70.663254, -33.441616 ], [ -70.663283, -33.44142 ], [ -70.663508, -33.441438 ], [ -70.663477, -33.441635 ] ] ] } },
{ "type": "Feature", "properties": { "INMUEBLES_": 472, "COUNT": 0, "INMUEBLE": null, "NUEVO_NUM": 0 }, "geometry": { "type": "Polygon", "coordinates": [ [ [ -70.663293, -33.440978 ], [ -70.663334, -33.440983 ], [ -70.663363, -33.440986 ], [ -70.663403, -33.440991 ], [ -70.663431, -33.440994 ], [ -70.663453, -33.440996 ], [ -70.663493, -33.441001 ], [ -70.663522, -33.441004 ], [ -70.663545, -33.441007 ], [ -70.663571, -33.441036 ], [ -70.663568, -33.441053 ], [ -70.663564, -33.441077 ], [ -70.663558, -33.441113 ], [ -70.663555, -33.441136 ], [ -70.663549, -33.441172 ], [ -70.663543, -33.441212 ], [ -70.663537, -33.441249 ], [ -70.663533, -33.441276 ], [ -70.663389, -33.441263 ], [ -70.663239, -33.441248 ], [ -70.663279, -33.440976 ], [ -70.663293, -33.440978 ], [ -70.663293, -33.440978 ] ] ] } },
{ "type": "Feature", "properties": { "INMUEBLES_": 473, "COUNT": 0, "INMUEBLE": null, "NUEVO_NUM": 0 }, "geometry": { "type": "Polygon", "coordinates": [ [ [ -70.662383, -33.441018 ], [ -70.662146, -33.440993 ], [ -70.662143, -33.440993 ], [ -70.662162, -33.440835 ], [ -70.662165, -33.440834 ], [ -70.662199, -33.440811 ], [ -70.662408, -33.440834 ], [ -70.662403, -33.440875 ], [ -70.662383, -33.441018 ] ] ] } },
{ "type": "Feature", "properties": { "INMUEBLES_": 474, "COUNT": 0, "INMUEBLE": null, "NUEVO_NUM": 0 }, "geometry": { "type": "Polygon", "coordinates": [ [ [ -70.662383, -33.441018 ], [ -70.66238, -33.441046 ], [ -70.662371, -33.441111 ], [ -70.662369, -33.441126 ], [ -70.662132, -33.441101 ], [ -70.662129, -33.441101 ], [ -70.662143, -33.440993 ], [ -70.662146, -33.440993 ], [ -70.662383, -33.441018 ] ] ] } },
{ "type": "Feature", "properties": { "INMUEBLES_": 475, "COUNT": 0, "INMUEBLE": null, "NUEVO_NUM": 0 }, "geometry": { "type": "Polygon", "coordinates": [ [ [ -70.662369, -33.441126 ], [ -70.662354, -33.441233 ], [ -70.662119, -33.441209 ], [ -70.662116, -33.441208 ], [ -70.662129, -33.441101 ], [ -70.662132, -33.441101 ], [ -70.662369, -33.441126 ] ] ] } },
{ "type": "Feature", "properties": { "INMUEBLES_": 476, "COUNT": 0, "INMUEBLE": null, "NUEVO_NUM": 0 }, "geometry": { "type": "Polygon", "coordinates": [ [ [ -70.662354, -33.441233 ], [ -70.66234, -33.441334 ], [ -70.662339, -33.441341 ], [ -70.662155, -33.441326 ], [ -70.662106, -33.44132 ], [ -70.662102, -33.44132 ], [ -70.662116, -33.441208 ], [ -70.662119, -33.441209 ], [ -70.662354, -33.441233 ] ] ] } },
{ "type": "Feature", "properties": { "INMUEBLES_": 477, "COUNT": 0, "INMUEBLE": null, "NUEVO_NUM": 0 }, "geometry": { "type": "Polygon", "coordinates": [ [ [ -70.662339, -33.441341 ], [ -70.662424, -33.441348 ], [ -70.66237, -33.441765 ], [ -70.662361, -33.441818 ], [ -70.662356, -33.441856 ], [ -70.66227, -33.441848 ], [ -70.662261, -33.441847 ], [ -70.662262, -33.441839 ], [ -70.662269, -33.441785 ], [ -70.662339, -33.441341 ] ] ] } },
{ "type": "Feature", "properties": { "INMUEBLES_": 478, "COUNT": 0, "INMUEBLE": null, "NUEVO_NUM": 0 }, "geometry": { "type": "Polygon", "coordinates": [ [ [ -70.660811, -33.440664 ], [ -70.660817, -33.440665 ], [ -70.661013, -33.440684 ], [ -70.661007, -33.440731 ], [ -70.660993, -33.440922 ], [ -70.660796, -33.440906 ], [ -70.660752, -33.440902 ], [ -70.660775, -33.440696 ], [ -70.660775, -33.44069 ], [ -70.660776, -33.440689 ], [ -70.660809, -33.440665 ], [ -70.660811, -33.440664 ] ] ] } },
{ "type": "Feature", "properties": { "INMUEBLES_": 479, "COUNT": 0, "INMUEBLE": null, "NUEVO_NUM": 0 }, "geometry": { "type": "Polygon", "coordinates": [ [ [ -70.660736, -33.44139 ], [ -70.661181, -33.44144 ], [ -70.661172, -33.441499 ], [ -70.661065, -33.44149 ], [ -70.660923, -33.441476 ], [ -70.660921, -33.441489 ], [ -70.660725, -33.441472 ], [ -70.660731, -33.441419 ], [ -70.660736, -33.44139 ] ] ] } },
{ "type": "Feature", "properties": { "INMUEBLES_": 480, "COUNT": 0, "INMUEBLE": null, "NUEVO_NUM": 0 }, "geometry": { "type": "Polygon", "coordinates": [ [ [ -70.660672, -33.440652 ], [ -70.660634, -33.441008 ], [ -70.660625, -33.441008 ], [ -70.660619, -33.441007 ], [ -70.660417, -33.440981 ], [ -70.660414, -33.440981 ], [ -70.660438, -33.440788 ], [ -70.660461, -33.44063 ], [ -70.660672, -33.440652 ] ] ] } },
{ "type": "Feature", "properties": { "INMUEBLES_": 481, "COUNT": 0, "INMUEBLE": null, "NUEVO_NUM": 0 }, "geometry": { "type": "Polygon", "coordinates": [ [ [ -70.669123, -33.447416 ], [ -70.669122, -33.447416 ], [ -70.668955, -33.447394 ], [ -70.668976, -33.447307 ], [ -70.669137, -33.447323 ], [ -70.669138, -33.447323 ], [ -70.669124, -33.447416 ], [ -70.669123, -33.447416 ] ] ] } },
{ "type": "Feature", "properties": { "INMUEBLES_": 484, "COUNT": 0, "INMUEBLE": null, "NUEVO_NUM": 0 }, "geometry": { "type": "Polygon", "coordinates": [ [ [ -70.676669, -33.444505 ], [ -70.676766, -33.444511 ], [ -70.676744, -33.444742 ], [ -70.676642, -33.444735 ], [ -70.676669, -33.444505 ] ] ] } },
{ "type": "Feature", "properties": { "INMUEBLES_": 487, "COUNT": 0, "INMUEBLE": null, "NUEVO_NUM": 0 }, "geometry": { "type": "Polygon", "coordinates": [ [ [ -70.673463, -33.443844 ], [ -70.673476, -33.443755 ], [ -70.673493, -33.443643 ], [ -70.673533, -33.443363 ], [ -70.673686, -33.443381 ], [ -70.673624, -33.443861 ], [ -70.673479, -33.443846 ], [ -70.673463, -33.443844 ] ] ] } },
{ "type": "Feature", "properties": { "INMUEBLES_": 488, "COUNT": 0, "INMUEBLE": null, "NUEVO_NUM": 0 }, "geometry": { "type": "Polygon", "coordinates": [ [ [ -70.673463, -33.443844 ], [ -70.673091, -33.4438 ], [ -70.673097, -33.443728 ], [ -70.673098, -33.443724 ], [ -70.673099, -33.443704 ], [ -70.673105, -33.443647 ], [ -70.67311, -33.443585 ], [ -70.673278, -33.443606 ], [ -70.673269, -33.443667 ], [ -70.673265, -33.443693 ], [ -70.67326, -33.443726 ], [ -70.673476, -33.443755 ], [ -70.673463, -33.443844 ] ] ] } },
{ "type": "Feature", "properties": { "INMUEBLES_": 489, "COUNT": 0, "INMUEBLE": null, "NUEVO_NUM": 0 }, "geometry": { "type": "Polygon", "coordinates": [ [ [ -70.673463, -33.443844 ], [ -70.673479, -33.443846 ], [ -70.673463, -33.443941 ], [ -70.673444, -33.443939 ], [ -70.67305, -33.443895 ], [ -70.673059, -33.443798 ], [ -70.673091, -33.4438 ], [ -70.673463, -33.443844 ] ] ] } },
{ "type": "Feature", "properties": { "INMUEBLES_": 490, "COUNT": 0, "INMUEBLE": null, "NUEVO_NUM": 0 }, "geometry": { "type": "Polygon", "coordinates": [ [ [ -70.673444, -33.443939 ], [ -70.67343, -33.444028 ], [ -70.673042, -33.443982 ], [ -70.673046, -33.443933 ], [ -70.67305, -33.443895 ], [ -70.673444, -33.443939 ] ] ] } },
{ "type": "Feature", "properties": { "INMUEBLES_": 491, "COUNT": 0, "INMUEBLE": null, "NUEVO_NUM": 0 }, "geometry": { "type": "Polygon", "coordinates": [ [ [ -70.672318, -33.443227 ], [ -70.672317, -33.443249 ], [ -70.672449, -33.443258 ], [ -70.672433, -33.443416 ], [ -70.672416, -33.443575 ], [ -70.672206, -33.443548 ], [ -70.672214, -33.443459 ], [ -70.672232, -33.443242 ], [ -70.672235, -33.44324 ], [ -70.672255, -33.443228 ], [ -70.672264, -33.443221 ], [ -70.672318, -33.443227 ] ] ] } },
{ "type": "Feature", "properties": { "INMUEBLES_": 492, "COUNT": 0, "INMUEBLE": null, "NUEVO_NUM": 0 }, "geometry": { "type": "Polygon", "coordinates": [ [ [ -70.671577, -33.443139 ], [ -70.671577, -33.443139 ], [ -70.67169, -33.443152 ], [ -70.67169, -33.443148 ], [ -70.671738, -33.443154 ], [ -70.671738, -33.443158 ], [ -70.671851, -33.443173 ], [ -70.671749, -33.443755 ], [ -70.671491, -33.443726 ], [ -70.671513, -33.443566 ], [ -70.671577, -33.443139 ] ] ] } },
{ "type": "Feature", "properties": { "INMUEBLES_": 493, "COUNT": 0, "INMUEBLE": null, "NUEVO_NUM": 0 }, "geometry": { "type": "Polygon", "coordinates": [ [ [ -70.67129, -33.443422 ], [ -70.671409, -33.443434 ], [ -70.671396, -33.443554 ], [ -70.671277, -33.443541 ], [ -70.67129, -33.443422 ] ] ] } },
{ "type": "Feature", "properties": { "INMUEBLES_": 494, "COUNT": 0, "INMUEBLE": null, "NUEVO_NUM": 0 }, "geometry": { "type": "Polygon", "coordinates": [ [ [ -70.670108, -33.442964 ], [ -70.670111, -33.442964 ], [ -70.670063, -33.443316 ], [ -70.669884, -33.44329 ], [ -70.669931, -33.442966 ], [ -70.669953, -33.442951 ], [ -70.669956, -33.442952 ], [ -70.670108, -33.442964 ] ] ] } },
{ "type": "Feature", "properties": { "INMUEBLES_": 495, "COUNT": 0, "INMUEBLE": null, "NUEVO_NUM": 0 }, "geometry": { "type": "Polygon", "coordinates": [ [ [ -70.670757, -33.443599 ], [ -70.670863, -33.443611 ], [ -70.670857, -33.443646 ], [ -70.670857, -33.443652 ], [ -70.670849, -33.4437 ], [ -70.670839, -33.443761 ], [ -70.670832, -33.443808 ], [ -70.670824, -33.443855 ], [ -70.670821, -33.443872 ], [ -70.670816, -33.443905 ], [ -70.670804, -33.443976 ], [ -70.670803, -33.443979 ], [ -70.67077, -33.444179 ], [ -70.670657, -33.444166 ], [ -70.670757, -33.443599 ] ] ] } },
{ "type": "Feature", "properties": { "INMUEBLES_": 496, "COUNT": 0, "INMUEBLE": null, "NUEVO_NUM": 0 }, "geometry": { "type": "Polygon", "coordinates": [ [ [ -70.668308, -33.443064 ], [ -70.668315, -33.442984 ], [ -70.668321, -33.442902 ], [ -70.668327, -33.442819 ], [ -70.668338, -33.442676 ], [ -70.668528, -33.442708 ], [ -70.668508, -33.442892 ], [ -70.6685, -33.442974 ], [ -70.668491, -33.443056 ], [ -70.668483, -33.44313 ], [ -70.668474, -33.443207 ], [ -70.668466, -33.443278 ], [ -70.668403, -33.443268 ], [ -70.668402, -33.443268 ], [ -70.668293, -33.443258 ], [ -70.668301, -33.443164 ], [ -70.668308, -33.443064 ] ] ] } },
{ "type": "Feature", "properties": { "INMUEBLES_": 497, "COUNT": 0, "INMUEBLE": null, "NUEVO_NUM": 0 }, "geometry": { "type": "Polygon", "coordinates": [ [ [ -70.668308, -33.443064 ], [ -70.668301, -33.443164 ], [ -70.668148, -33.443126 ], [ -70.668032, -33.443115 ], [ -70.668032, -33.443115 ], [ -70.668038, -33.443032 ], [ -70.668308, -33.443064 ] ] ] } },
{ "type": "Feature", "properties": { "INMUEBLES_": 501, "COUNT": 0, "INMUEBLE": null, "NUEVO_NUM": 0 }, "geometry": { "type": "Polygon", "coordinates": [ [ [ -70.665214, -33.442859 ], [ -70.665406, -33.442874 ], [ -70.665401, -33.442911 ], [ -70.665434, -33.442914 ], [ -70.665426, -33.44297 ], [ -70.665211, -33.44295 ], [ -70.665214, -33.442859 ] ] ] } },
{ "type": "Feature", "properties": { "INMUEBLES_": 502, "COUNT": 0, "INMUEBLE": null, "NUEVO_NUM": 0 }, "geometry": { "type": "Polygon", "coordinates": [ [ [ -70.665204, -33.443196 ], [ -70.66539, -33.443211 ], [ -70.665374, -33.443317 ], [ -70.66523, -33.443298 ], [ -70.665202, -33.443269 ], [ -70.665204, -33.443196 ] ] ] } },
{ "type": "Feature", "properties": { "INMUEBLES_": 503, "COUNT": 0, "INMUEBLE": null, "NUEVO_NUM": 0 }, "geometry": { "type": "Polygon", "coordinates": [ [ [ -70.664762, -33.443055 ], [ -70.664891, -33.443057 ], [ -70.664885, -33.443255 ], [ -70.664853, -33.443279 ], [ -70.664756, -33.443269 ], [ -70.664758, -33.443249 ], [ -70.664762, -33.443055 ] ] ] } },
{ "type": "Feature", "properties": { "INMUEBLES_": 504, "COUNT": 0, "INMUEBLE": null, "NUEVO_NUM": 0 }, "geometry": { "type": "Polygon", "coordinates": [ [ [ -70.664901, -33.442731 ], [ -70.664895, -33.442915 ], [ -70.664808, -33.442915 ], [ -70.664815, -33.442724 ], [ -70.664901, -33.442731 ] ] ] } },
{ "type": "Feature", "properties": { "INMUEBLES_": 507, "COUNT": 0, "INMUEBLE": null, "NUEVO_NUM": 0 }, "geometry": { "type": "Polygon", "coordinates": [ [ [ -70.664272, -33.442692 ], [ -70.664254, -33.442789 ], [ -70.664237, -33.442878 ], [ -70.664222, -33.442967 ], [ -70.664211, -33.443058 ], [ -70.664184, -33.443189 ], [ -70.664183, -33.443191 ], [ -70.664009, -33.443173 ], [ -70.664063, -33.442691 ], [ -70.664067, -33.442652 ], [ -70.664159, -33.442658 ], [ -70.664158, -33.442667 ], [ -70.664227, -33.442672 ], [ -70.664224, -33.442688 ], [ -70.664272, -33.442692 ] ] ] } },
{ "type": "Feature", "properties": { "INMUEBLES_": 508, "COUNT": 0, "INMUEBLE": null, "NUEVO_NUM": 0 }, "geometry": { "type": "Polygon", "coordinates": [ [ [ -70.664432, -33.443085 ], [ -70.664426, -33.443187 ], [ -70.664392, -33.443211 ], [ -70.664264, -33.443198 ], [ -70.664271, -33.443064 ], [ -70.664432, -33.443085 ] ] ] } },
{ "type": "Feature", "properties": { "INMUEBLES_": 509, "COUNT": 0, "INMUEBLE": null, "NUEVO_NUM": 0 }, "geometry": { "type": "Polygon", "coordinates": [ [ [ -70.663015, -33.442932 ], [ -70.663116, -33.44294 ], [ -70.663265, -33.442953 ], [ -70.663248, -33.443069 ], [ -70.663241, -33.443071 ], [ -70.663211, -33.443091 ], [ -70.663209, -33.443094 ], [ -70.663, -33.443073 ], [ -70.663015, -33.442932 ] ] ] } },
{ "type": "Feature", "properties": { "INMUEBLES_": 510, "COUNT": 0, "INMUEBLE": null, "NUEVO_NUM": 0 }, "geometry": { "type": "Polygon", "coordinates": [ [ [ -70.663139, -33.442365 ], [ -70.663352, -33.442381 ], [ -70.663326, -33.442557 ], [ -70.663107, -33.442538 ], [ -70.663139, -33.442365 ] ] ] } },
{ "type": "Feature", "properties": { "INMUEBLES_": 511, "COUNT": 0, "INMUEBLE": null, "NUEVO_NUM": 0 }, "geometry": { "type": "Polygon", "coordinates": [ [ [ -70.663154, -33.442281 ], [ -70.663167, -33.4422 ], [ -70.663384, -33.442209 ], [ -70.66337, -33.4423 ], [ -70.663154, -33.442281 ] ] ] } },
{ "type": "Feature", "properties": { "INMUEBLES_": 512, "COUNT": 0, "INMUEBLE": null, "NUEVO_NUM": 0 }, "geometry": { "type": "Polygon", "coordinates": [ [ [ -70.662007, -33.442438 ], [ -70.662023, -33.442325 ], [ -70.662193, -33.442338 ], [ -70.662201, -33.442338 ], [ -70.662283, -33.442344 ], [ -70.662271, -33.442464 ], [ -70.662007, -33.442438 ] ] ] } },
{ "type": "Feature", "properties": { "INMUEBLES_": 513, "COUNT": 0, "INMUEBLE": null, "NUEVO_NUM": 0 }, "geometry": { "type": "Polygon", "coordinates": [ [ [ -70.662007, -33.442438 ], [ -70.6622, -33.442457 ], [ -70.662183, -33.442574 ], [ -70.661961, -33.442558 ], [ -70.661975, -33.442436 ], [ -70.662007, -33.442438 ] ] ] } },
{ "type": "Feature", "properties": { "INMUEBLES_": 514, "COUNT": 0, "INMUEBLE": null, "NUEVO_NUM": 0 }, "geometry": { "type": "Polygon", "coordinates": [ [ [ -70.661961, -33.442558 ], [ -70.662183, -33.442574 ], [ -70.662181, -33.442593 ], [ -70.662135, -33.442988 ], [ -70.661937, -33.442966 ], [ -70.661915, -33.442944 ], [ -70.661961, -33.442558 ] ] ] } },
{ "type": "Feature", "properties": { "INMUEBLES_": 516, "COUNT": 0, "INMUEBLE": null, "NUEVO_NUM": 0 }, "geometry": { "type": "Polygon", "coordinates": [ [ [ -70.675639, -33.445061 ], [ -70.675627, -33.445186 ], [ -70.675617, -33.445287 ], [ -70.675611, -33.445338 ], [ -70.675692, -33.445347 ], [ -70.675673, -33.445571 ], [ -70.675306, -33.445546 ], [ -70.67526, -33.445543 ], [ -70.675334, -33.444844 ], [ -70.675366, -33.444821 ], [ -70.675418, -33.444824 ], [ -70.675661, -33.444841 ], [ -70.675639, -33.445061 ] ] ] } },
{ "type": "Feature", "properties": { "INMUEBLES_": 527, "COUNT": 0, "INMUEBLE": null, "NUEVO_NUM": 0 }, "geometry": { "type": "Polygon", "coordinates": [ [ [ -70.667593, -33.444008 ], [ -70.667713, -33.444017 ], [ -70.667714, -33.444017 ], [ -70.667706, -33.4441 ], [ -70.667585, -33.444087 ], [ -70.667593, -33.444008 ] ] ] } },
{ "type": "Feature", "properties": { "INMUEBLES_": 528, "COUNT": 0, "INMUEBLE": null, "NUEVO_NUM": 0 }, "geometry": { "type": "Polygon", "coordinates": [ [ [ -70.667593, -33.444008 ], [ -70.667596, -33.443982 ], [ -70.667626, -33.443985 ], [ -70.667647, -33.443823 ], [ -70.667657, -33.443824 ], [ -70.667702, -33.443832 ], [ -70.667728, -33.44386 ], [ -70.667714, -33.444017 ], [ -70.667713, -33.444017 ], [ -70.667593, -33.444008 ] ] ] } },
{ "type": "Feature", "properties": { "INMUEBLES_": 529, "COUNT": 0, "INMUEBLE": null, "NUEVO_NUM": 0 }, "geometry": { "type": "Polygon", "coordinates": [ [ [ -70.666023, -33.443666 ], [ -70.666037, -33.443498 ], [ -70.666037, -33.443495 ], [ -70.666155, -33.443508 ], [ -70.66616, -33.443511 ], [ -70.66619, -33.443533 ], [ -70.66619, -33.443676 ], [ -70.666023, -33.443666 ] ] ] } },
{ "type": "Feature", "properties": { "INMUEBLES_": 530, "COUNT": 0, "INMUEBLE": null, "NUEVO_NUM": 0 }, "geometry": { "type": "Polygon", "coordinates": [ [ [ -70.665843, -33.443727 ], [ -70.665878, -33.443481 ], [ -70.665879, -33.443478 ], [ -70.666037, -33.443495 ], [ -70.666037, -33.443498 ], [ -70.666023, -33.443666 ], [ -70.666015, -33.443807 ], [ -70.666006, -33.443958 ], [ -70.666001, -33.444042 ], [ -70.666187, -33.44406 ], [ -70.666176, -33.444088 ], [ -70.666164, -33.444087 ], [ -70.665975, -33.444066 ], [ -70.665955, -33.444064 ], [ -70.665886, -33.444057 ], [ -70.665855, -33.444054 ], [ -70.665796, -33.444048 ], [ -70.665843, -33.443727 ] ] ] } },
{ "type": "Feature", "properties": { "INMUEBLES_": 531, "COUNT": 0, "INMUEBLE": null, "NUEVO_NUM": 0 }, "geometry": { "type": "Polygon", "coordinates": [ [ [ -70.665668, -33.443709 ], [ -70.665705, -33.44346 ], [ -70.665705, -33.443459 ], [ -70.665879, -33.443478 ], [ -70.665878, -33.443481 ], [ -70.665843, -33.443727 ], [ -70.665668, -33.443709 ] ] ] } },
{ "type": "Feature", "properties": { "INMUEBLES_": 532, "COUNT": 0, "INMUEBLE": null, "NUEVO_NUM": 0 }, "geometry": { "type": "Polygon", "coordinates": [ [ [ -70.665668, -33.443709 ], [ -70.665634, -33.443923 ], [ -70.665542, -33.443916 ], [ -70.665567, -33.44374 ], [ -70.66561, -33.443452 ], [ -70.66561, -33.443449 ], [ -70.665705, -33.443459 ], [ -70.665705, -33.44346 ], [ -70.665668, -33.443709 ] ] ] } },
{ "type": "Feature", "properties": { "INMUEBLES_": 534, "COUNT": 0, "INMUEBLE": null, "NUEVO_NUM": 0 }, "geometry": { "type": "Polygon", "coordinates": [ [ [ -70.665391, -33.444028 ], [ -70.665112, -33.444008 ], [ -70.665113, -33.444004 ], [ -70.665122, -33.443942 ], [ -70.665125, -33.443919 ], [ -70.665124, -33.443916 ], [ -70.66536, -33.443933 ], [ -70.665403, -33.443937 ], [ -70.665391, -33.444028 ] ] ] } },
{ "type": "Feature", "properties": { "INMUEBLES_": 535, "COUNT": 0, "INMUEBLE": null, "NUEVO_NUM": 0 }, "geometry": { "type": "Polygon", "coordinates": [ [ [ -70.665402, -33.443905 ], [ -70.665445, -33.443908 ], [ -70.665407, -33.444239 ], [ -70.665406, -33.444239 ], [ -70.66533, -33.444231 ], [ -70.665345, -33.444118 ], [ -70.665379, -33.44412 ], [ -70.665391, -33.444028 ], [ -70.665403, -33.443937 ], [ -70.66536, -33.443933 ], [ -70.665364, -33.443902 ], [ -70.665402, -33.443905 ] ] ] } },
{ "type": "Feature", "properties": { "INMUEBLES_": 537, "COUNT": 0, "INMUEBLE": null, "NUEVO_NUM": 0 }, "geometry": { "type": "Polygon", "coordinates": [ [ [ -70.663851, -33.443692 ], [ -70.663911, -33.443303 ], [ -70.663912, -33.443302 ], [ -70.663912, -33.443302 ], [ -70.663912, -33.4433 ], [ -70.664089, -33.443317 ], [ -70.664089, -33.443318 ], [ -70.664037, -33.44371 ], [ -70.663851, -33.443692 ] ] ] } },
{ "type": "Feature", "properties": { "INMUEBLES_": 538, "COUNT": 0, "INMUEBLE": null, "NUEVO_NUM": 0 }, "geometry": { "type": "Polygon", "coordinates": [ [ [ -70.663677, -33.443703 ], [ -70.663738, -33.443285 ], [ -70.663738, -33.443284 ], [ -70.663738, -33.443282 ], [ -70.663912, -33.4433 ], [ -70.663912, -33.443302 ], [ -70.663912, -33.443302 ], [ -70.663911, -33.443303 ], [ -70.663851, -33.443692 ], [ -70.663846, -33.443722 ], [ -70.663677, -33.443703 ] ] ] } },
{ "type": "Feature", "properties": { "INMUEBLES_": 539, "COUNT": 0, "INMUEBLE": null, "NUEVO_NUM": 0 }, "geometry": { "type": "Polygon", "coordinates": [ [ [ -70.663549, -33.443385 ], [ -70.663566, -33.443266 ], [ -70.663566, -33.443265 ], [ -70.663738, -33.443282 ], [ -70.663738, -33.443284 ], [ -70.663738, -33.443285 ], [ -70.663677, -33.443703 ], [ -70.663562, -33.443692 ], [ -70.663576, -33.443616 ], [ -70.663589, -33.443542 ], [ -70.663529, -33.443537 ], [ -70.663549, -33.443385 ] ] ] } },
{ "type": "Feature", "properties": { "INMUEBLES_": 540, "COUNT": 0, "INMUEBLE": null, "NUEVO_NUM": 0 }, "geometry": { "type": "Polygon", "coordinates": [ [ [ -70.663566, -33.443266 ], [ -70.66355, -33.443385 ], [ -70.663422, -33.443376 ], [ -70.663346, -33.443368 ], [ -70.663351, -33.443345 ], [ -70.663338, -33.443343 ], [ -70.663356, -33.44327 ], [ -70.663388, -33.443247 ], [ -70.663486, -33.443254 ], [ -70.663485, -33.443257 ], [ -70.663566, -33.443265 ], [ -70.663566, -33.443266 ] ] ] } },
{ "type": "Feature", "properties": { "INMUEBLES_": 541, "COUNT": 0, "INMUEBLE": null, "NUEVO_NUM": 0 }, "geometry": { "type": "Polygon", "coordinates": [ [ [ -70.663339, -33.44395 ], [ -70.663324, -33.444037 ], [ -70.663231, -33.444028 ], [ -70.663231, -33.444028 ], [ -70.663205, -33.443998 ], [ -70.663204, -33.443997 ], [ -70.663209, -33.443976 ], [ -70.663214, -33.443955 ], [ -70.663215, -33.443955 ], [ -70.663219, -33.443934 ], [ -70.663339, -33.44395 ] ] ] } },
{ "type": "Feature", "properties": { "INMUEBLES_": 542, "COUNT": 0, "INMUEBLE": null, "NUEVO_NUM": 0 }, "geometry": { "type": "Polygon", "coordinates": [ [ [ -70.663456, -33.443904 ], [ -70.663458, -33.443882 ], [ -70.663578, -33.443894 ], [ -70.663697, -33.443904 ], [ -70.663675, -33.44407 ], [ -70.663674, -33.444072 ], [ -70.663672, -33.444093 ], [ -70.663672, -33.444096 ], [ -70.663553, -33.444085 ], [ -70.663434, -33.444074 ], [ -70.663434, -33.444071 ], [ -70.663449, -33.443966 ], [ -70.663456, -33.443904 ] ] ] } },
{ "type": "Feature", "properties": { "INMUEBLES_": 544, "COUNT": 0, "INMUEBLE": null, "NUEVO_NUM": 0 }, "geometry": { "type": "Polygon", "coordinates": [ [ [ -70.66273, -33.443462 ], [ -70.66277, -33.443467 ], [ -70.663155, -33.443506 ], [ -70.663139, -33.44358 ], [ -70.663123, -33.443654 ], [ -70.662709, -33.443605 ], [ -70.662721, -33.443529 ], [ -70.66273, -33.443462 ] ] ] } },
{ "type": "Feature", "properties": { "INMUEBLES_": 546, "COUNT": 0, "INMUEBLE": null, "NUEVO_NUM": 0 }, "geometry": { "type": "Polygon", "coordinates": [ [ [ -70.662514, -33.44344 ], [ -70.662642, -33.443454 ], [ -70.66273, -33.443463 ], [ -70.662719, -33.443538 ], [ -70.662709, -33.443605 ], [ -70.66187, -33.443516 ], [ -70.661889, -33.443378 ], [ -70.662157, -33.443405 ], [ -70.662269, -33.443416 ], [ -70.662382, -33.443427 ], [ -70.662514, -33.44344 ] ] ] } },
{ "type": "Feature", "properties": { "INMUEBLES_": 547, "COUNT": 0, "INMUEBLE": null, "NUEVO_NUM": 0 }, "geometry": { "type": "Polygon", "coordinates": [ [ [ -70.661803, -33.444083 ], [ -70.661817, -33.443966 ], [ -70.662258, -33.444024 ], [ -70.662242, -33.444137 ], [ -70.661805, -33.444083 ], [ -70.661803, -33.444083 ] ] ] } },
{ "type": "Feature", "properties": { "INMUEBLES_": 548, "COUNT": 0, "INMUEBLE": null, "NUEVO_NUM": 0 }, "geometry": { "type": "Polygon", "coordinates": [ [ [ -70.661803, -33.444083 ], [ -70.661805, -33.444083 ], [ -70.662242, -33.444137 ], [ -70.662227, -33.444255 ], [ -70.662195, -33.444251 ], [ -70.662165, -33.444247 ], [ -70.662149, -33.444245 ], [ -70.662123, -33.444242 ], [ -70.662089, -33.444237 ], [ -70.661794, -33.444201 ], [ -70.661792, -33.444202 ], [ -70.661803, -33.444083 ] ] ] } },
{ "type": "Feature", "properties": { "INMUEBLES_": 549, "COUNT": 0, "INMUEBLE": null, "NUEVO_NUM": 0 }, "geometry": { "type": "Polygon", "coordinates": [ [ [ -70.662089, -33.444237 ], [ -70.662047, -33.444422 ], [ -70.662047, -33.444423 ], [ -70.661973, -33.444409 ], [ -70.661927, -33.4444 ], [ -70.661927, -33.444399 ], [ -70.661826, -33.444381 ], [ -70.661825, -33.44438 ], [ -70.661799, -33.444376 ], [ -70.6618, -33.444374 ], [ -70.661776, -33.444346 ], [ -70.661774, -33.444346 ], [ -70.661776, -33.444323 ], [ -70.661777, -33.444323 ], [ -70.661788, -33.444233 ], [ -70.66179, -33.444209 ], [ -70.661792, -33.444202 ], [ -70.661794, -33.444201 ], [ -70.662089, -33.444237 ] ] ] } },
{ "type": "Feature", "properties": { "INMUEBLES_": 550, "COUNT": 0, "INMUEBLE": null, "NUEVO_NUM": 0 }, "geometry": { "type": "Polygon", "coordinates": [ [ [ -70.662227, -33.444255 ], [ -70.662203, -33.444452 ], [ -70.662048, -33.444424 ], [ -70.662047, -33.444423 ], [ -70.662047, -33.444422 ], [ -70.662089, -33.444237 ], [ -70.662123, -33.444242 ], [ -70.662149, -33.444245 ], [ -70.662165, -33.444247 ], [ -70.662195, -33.444251 ], [ -70.662227, -33.444255 ] ] ] } },
{ "type": "Feature", "properties": { "INMUEBLES_": 551, "COUNT": 0, "INMUEBLE": null, "NUEVO_NUM": 0 }, "geometry": { "type": "Polygon", "coordinates": [ [ [ -70.662258, -33.444024 ], [ -70.662406, -33.444043 ], [ -70.662494, -33.444054 ], [ -70.662482, -33.444109 ], [ -70.662445, -33.444274 ], [ -70.662398, -33.444491 ], [ -70.662203, -33.444452 ], [ -70.662227, -33.444255 ], [ -70.662242, -33.444137 ], [ -70.662258, -33.444024 ] ] ] } },
{ "type": "Feature", "properties": { "INMUEBLES_": 552, "COUNT": 0, "INMUEBLE": null, "NUEVO_NUM": 0 }, "geometry": { "type": "Polygon", "coordinates": [ [ [ -70.662618, -33.444302 ], [ -70.662572, -33.444523 ], [ -70.662398, -33.444491 ], [ -70.662445, -33.444274 ], [ -70.662618, -33.444302 ] ] ] } },
{ "type": "Feature", "properties": { "INMUEBLES_": 553, "COUNT": 0, "INMUEBLE": null, "NUEVO_NUM": 0 }, "geometry": { "type": "Polygon", "coordinates": [ [ [ -70.66119, -33.445622 ], [ -70.661132, -33.445899 ], [ -70.66113, -33.445902 ], [ -70.660956, -33.445862 ], [ -70.660998, -33.445674 ], [ -70.661026, -33.445534 ], [ -70.661083, -33.445548 ], [ -70.661081, -33.4456 ], [ -70.66119, -33.445622 ] ] ] } },
{ "type": "Feature", "properties": { "INMUEBLES_": 555, "COUNT": 0, "INMUEBLE": null, "NUEVO_NUM": 0 }, "geometry": { "type": "Polygon", "coordinates": [ [ [ -70.661138, -33.444083 ], [ -70.661637, -33.444122 ], [ -70.661624, -33.444252 ], [ -70.661623, -33.444265 ], [ -70.661119, -33.444226 ], [ -70.661138, -33.444083 ] ] ] } },
{ "type": "Feature", "properties": { "INMUEBLES_": 557, "COUNT": 0, "INMUEBLE": null, "NUEVO_NUM": 0 }, "geometry": { "type": "Polygon", "coordinates": [ [ [ -70.678742, -33.446868 ], [ -70.679178, -33.446889 ], [ -70.679176, -33.446911 ], [ -70.679169, -33.447011 ], [ -70.679009, -33.447001 ], [ -70.678732, -33.446987 ], [ -70.678742, -33.446868 ] ] ] } },
{ "type": "Feature", "properties": { "INMUEBLES_": 558, "COUNT": 0, "INMUEBLE": null, "NUEVO_NUM": 0 }, "geometry": { "type": "Polygon", "coordinates": [ [ [ -70.675573, -33.447185 ], [ -70.675576, -33.447104 ], [ -70.675576, -33.447099 ], [ -70.675577, -33.447037 ], [ -70.675578, -33.447024 ], [ -70.675579, -33.446992 ], [ -70.675579, -33.446966 ], [ -70.67558, -33.44695 ], [ -70.675582, -33.44688 ], [ -70.675584, -33.446809 ], [ -70.675588, -33.446742 ], [ -70.675588, -33.446729 ], [ -70.67559, -33.446652 ], [ -70.67559, -33.446647 ], [ -70.67559, -33.44663 ], [ -70.675592, -33.446564 ], [ -70.675592, -33.446553 ], [ -70.675593, -33.446516 ], [ -70.675594, -33.446497 ], [ -70.675594, -33.446461 ], [ -70.675595, -33.446457 ], [ -70.675701, -33.446468 ], [ -70.675759, -33.446474 ], [ -70.675807, -33.446479 ], [ -70.67583, -33.446481 ], [ -70.675855, -33.446483 ], [ -70.675909, -33.446489 ], [ -70.675929, -33.446491 ], [ -70.675968, -33.446495 ], [ -70.675964, -33.446574 ], [ -70.675962, -33.446606 ], [ -70.67596, -33.446649 ], [ -70.67596, -33.446659 ], [ -70.675961, -33.446659 ], [ -70.675946, -33.44715 ], [ -70.676159, -33.44716 ], [ -70.676159, -33.447205 ], [ -70.676151, -33.447204 ], [ -70.67598, -33.447196 ], [ -70.675937, -33.447194 ], [ -70.675895, -33.447192 ], [ -70.675855, -33.44719 ], [ -70.675811, -33.447188 ], [ -70.675771, -33.447186 ], [ -70.675737, -33.447184 ], [ -70.675737, -33.447184 ], [ -70.675631, -33.447179 ], [ -70.675631, -33.447188 ], [ -70.675573, -33.447185 ] ] ] } },
{ "type": "Feature", "properties": { "INMUEBLES_": 563, "COUNT": 0, "INMUEBLE": null, "NUEVO_NUM": 0 }, "geometry": { "type": "Polygon", "coordinates": [ [ [ -70.672797, -33.447328 ], [ -70.673291, -33.44743 ], [ -70.673251, -33.447621 ], [ -70.673213, -33.447614 ], [ -70.673151, -33.447602 ], [ -70.673108, -33.447594 ], [ -70.673094, -33.447591 ], [ -70.673057, -33.447582 ], [ -70.672742, -33.44751 ], [ -70.672743, -33.447507 ], [ -70.672797, -33.447328 ] ] ] } },
{ "type": "Feature", "properties": { "INMUEBLES_": 564, "COUNT": 0, "INMUEBLE": null, "NUEVO_NUM": 0 }, "geometry": { "type": "Polygon", "coordinates": [ [ [ -70.671118, -33.446301 ], [ -70.671152, -33.446189 ], [ -70.67118, -33.446096 ], [ -70.671205, -33.446011 ], [ -70.671231, -33.445923 ], [ -70.671237, -33.445904 ], [ -70.671257, -33.445836 ], [ -70.671283, -33.44575 ], [ -70.671309, -33.445664 ], [ -70.671872, -33.445724 ], [ -70.671812, -33.445935 ], [ -70.671683, -33.446405 ], [ -70.671118, -33.446301 ] ] ] } },
{ "type": "Feature", "properties": { "INMUEBLES_": 568, "COUNT": 0, "INMUEBLE": null, "NUEVO_NUM": 0 }, "geometry": { "type": "Polygon", "coordinates": [ [ [ -70.667379, -33.444493 ], [ -70.667504, -33.444505 ], [ -70.667676, -33.444522 ], [ -70.66767, -33.444622 ], [ -70.667371, -33.444607 ], [ -70.667374, -33.444559 ], [ -70.667379, -33.444493 ] ] ] } },
{ "type": "Feature", "properties": { "INMUEBLES_": 569, "COUNT": 0, "INMUEBLE": null, "NUEVO_NUM": 0 }, "geometry": { "type": "Polygon", "coordinates": [ [ [ -70.666492, -33.444492 ], [ -70.666492, -33.444492 ], [ -70.666491, -33.444568 ], [ -70.666292, -33.444556 ], [ -70.666289, -33.444556 ], [ -70.66629, -33.44448 ], [ -70.666492, -33.444492 ] ] ] } },
{ "type": "Feature", "properties": { "INMUEBLES_": 572, "COUNT": 0, "INMUEBLE": null, "NUEVO_NUM": 0 }, "geometry": { "type": "Polygon", "coordinates": [ [ [ -70.667403, -33.445347 ], [ -70.667612, -33.445373 ], [ -70.667605, -33.445473 ], [ -70.667577, -33.445493 ], [ -70.667391, -33.445475 ], [ -70.667403, -33.445347 ] ] ] } },
{ "type": "Feature", "properties": { "INMUEBLES_": 573, "COUNT": 0, "INMUEBLE": null, "NUEVO_NUM": 0 }, "geometry": { "type": "Polygon", "coordinates": [ [ [ -70.667264, -33.445163 ], [ -70.667347, -33.445172 ], [ -70.667346, -33.445177 ], [ -70.667346, -33.445179 ], [ -70.667342, -33.445204 ], [ -70.667333, -33.445261 ], [ -70.667254, -33.445251 ], [ -70.667264, -33.445167 ], [ -70.667264, -33.445163 ] ] ] } },
{ "type": "Feature", "properties": { "INMUEBLES_": 574, "COUNT": 0, "INMUEBLE": null, "NUEVO_NUM": 0 }, "geometry": { "type": "Polygon", "coordinates": [ [ [ -70.665956, -33.444595 ], [ -70.666071, -33.444605 ], [ -70.666188, -33.444616 ], [ -70.666187, -33.444706 ], [ -70.666185, -33.444805 ], [ -70.666029, -33.444795 ], [ -70.665933, -33.444784 ], [ -70.665933, -33.444783 ], [ -70.665945, -33.444691 ], [ -70.665945, -33.444687 ], [ -70.66595, -33.444645 ], [ -70.665956, -33.444595 ] ] ] } },
{ "type": "Feature", "properties": { "INMUEBLES_": 577, "COUNT": 0, "INMUEBLE": null, "NUEVO_NUM": 0 }, "geometry": { "type": "Polygon", "coordinates": [ [ [ -70.66473, -33.444446 ], [ -70.664713, -33.444576 ], [ -70.664712, -33.444593 ], [ -70.66471, -33.444593 ], [ -70.664475, -33.444574 ], [ -70.664291, -33.444556 ], [ -70.664309, -33.444404 ], [ -70.664472, -33.444419 ], [ -70.664728, -33.444446 ], [ -70.66473, -33.444446 ] ] ] } },
{ "type": "Feature", "properties": { "INMUEBLES_": 578, "COUNT": 0, "INMUEBLE": null, "NUEVO_NUM": 0 }, "geometry": { "type": "Polygon", "coordinates": [ [ [ -70.66473, -33.444446 ], [ -70.664728, -33.444446 ], [ -70.664472, -33.444419 ], [ -70.664491, -33.444285 ], [ -70.664717, -33.444307 ], [ -70.664744, -33.444334 ], [ -70.66474, -33.444371 ], [ -70.664735, -33.44441 ], [ -70.66473, -33.444446 ] ] ] } },
{ "type": "Feature", "properties": { "INMUEBLES_": 579, "COUNT": 0, "INMUEBLE": null, "NUEVO_NUM": 0 }, "geometry": { "type": "Polygon", "coordinates": [ [ [ -70.664062, -33.444535 ], [ -70.664084, -33.44438 ], [ -70.664085, -33.44438 ], [ -70.664309, -33.444404 ], [ -70.664291, -33.444556 ], [ -70.664277, -33.444555 ], [ -70.664175, -33.444545 ], [ -70.664063, -33.444535 ], [ -70.664062, -33.444535 ] ] ] } },
{ "type": "Feature", "properties": { "INMUEBLES_": 580, "COUNT": 0, "INMUEBLE": null, "NUEVO_NUM": 0 }, "geometry": { "type": "Polygon", "coordinates": [ [ [ -70.664062, -33.444535 ], [ -70.664063, -33.444535 ], [ -70.664175, -33.444545 ], [ -70.664277, -33.444555 ], [ -70.664256, -33.444704 ], [ -70.664159, -33.444694 ], [ -70.664073, -33.444685 ], [ -70.664046, -33.444656 ], [ -70.664062, -33.444535 ] ] ] } },
{ "type": "Feature", "properties": { "INMUEBLES_": 582, "COUNT": 0, "INMUEBLE": null, "NUEVO_NUM": 0 }, "geometry": { "type": "Polygon", "coordinates": [ [ [ -70.663451, -33.444327 ], [ -70.663348, -33.444311 ], [ -70.66337, -33.444178 ], [ -70.663371, -33.44417 ], [ -70.663373, -33.444158 ], [ -70.663483, -33.444169 ], [ -70.663482, -33.444169 ], [ -70.663451, -33.444327 ] ] ] } },
{ "type": "Feature", "properties": { "INMUEBLES_": 584, "COUNT": 0, "INMUEBLE": null, "NUEVO_NUM": 0 }, "geometry": { "type": "Polygon", "coordinates": [ [ [ -70.664193, -33.444846 ], [ -70.664321, -33.444855 ], [ -70.664311, -33.444937 ], [ -70.664299, -33.445019 ], [ -70.664173, -33.445008 ], [ -70.664184, -33.444923 ], [ -70.664193, -33.444846 ] ] ] } },
{ "type": "Feature", "properties": { "INMUEBLES_": 589, "COUNT": 0, "INMUEBLE": null, "NUEVO_NUM": 0 }, "geometry": { "type": "Polygon", "coordinates": [ [ [ -70.663624, -33.44607 ], [ -70.663744, -33.446077 ], [ -70.663728, -33.44621 ], [ -70.663588, -33.446191 ], [ -70.663624, -33.44607 ] ] ] } },
{ "type": "Feature", "properties": { "INMUEBLES_": 591, "COUNT": 0, "INMUEBLE": null, "NUEVO_NUM": 0 }, "geometry": { "type": "Polygon", "coordinates": [ [ [ -70.663473, -33.444783 ], [ -70.663474, -33.444777 ], [ -70.663485, -33.444778 ], [ -70.663912, -33.444803 ], [ -70.663899, -33.444914 ], [ -70.663661, -33.444868 ], [ -70.663655, -33.444903 ], [ -70.663623, -33.444898 ], [ -70.663614, -33.444961 ], [ -70.663591, -33.444958 ], [ -70.663583, -33.445005 ], [ -70.66344, -33.444978 ], [ -70.663473, -33.444783 ], [ -70.663473, -33.444783 ] ] ] } },
{ "type": "Feature", "properties": { "INMUEBLES_": 595, "COUNT": 0, "INMUEBLE": null, "NUEVO_NUM": 0 }, "geometry": { "type": "Polygon", "coordinates": [ [ [ -70.662688, -33.445655 ], [ -70.662648, -33.445844 ], [ -70.662192, -33.445757 ], [ -70.662129, -33.445746 ], [ -70.662169, -33.445558 ], [ -70.662688, -33.445655 ] ] ] } },
{ "type": "Feature", "properties": { "INMUEBLES_": 596, "COUNT": 0, "INMUEBLE": null, "NUEVO_NUM": 0 }, "geometry": { "type": "Polygon", "coordinates": [ [ [ -70.662278, -33.445467 ], [ -70.662388, -33.445488 ], [ -70.662497, -33.445509 ], [ -70.66271, -33.445549 ], [ -70.662688, -33.445655 ], [ -70.662169, -33.445558 ], [ -70.66219, -33.445451 ], [ -70.662278, -33.445467 ] ] ] } },
{ "type": "Feature", "properties": { "INMUEBLES_": 598, "COUNT": 0, "INMUEBLE": null, "NUEVO_NUM": 0 }, "geometry": { "type": "Polygon", "coordinates": [ [ [ -70.662819, -33.445044 ], [ -70.662278, -33.444942 ], [ -70.662303, -33.444779 ], [ -70.66249, -33.444814 ], [ -70.662858, -33.444884 ], [ -70.662822, -33.445045 ], [ -70.662819, -33.445044 ] ] ] } },
{ "type": "Feature", "properties": { "INMUEBLES_": 600, "COUNT": 0, "INMUEBLE": null, "NUEVO_NUM": 0 }, "geometry": { "type": "Polygon", "coordinates": [ [ [ -70.662138, -33.445951 ], [ -70.662392, -33.446009 ], [ -70.662334, -33.446184 ], [ -70.662084, -33.446123 ], [ -70.662138, -33.445951 ] ] ] } },
{ "type": "Feature", "properties": { "INMUEBLES_": 601, "COUNT": 0, "INMUEBLE": null, "NUEVO_NUM": 0 }, "geometry": { "type": "Polygon", "coordinates": [ [ [ -70.678874, -33.450394 ], [ -70.678863, -33.450531 ], [ -70.678825, -33.450551 ], [ -70.678642, -33.450499 ], [ -70.678642, -33.450499 ], [ -70.678647, -33.450366 ], [ -70.678874, -33.450394 ] ] ] } },
{ "type": "Feature", "properties": { "INMUEBLES_": 602, "COUNT": 0, "INMUEBLE": null, "NUEVO_NUM": 0 }, "geometry": { "type": "Polygon", "coordinates": [ [ [ -70.678888, -33.450228 ], [ -70.678874, -33.450394 ], [ -70.678647, -33.450366 ], [ -70.678647, -33.450204 ], [ -70.678888, -33.450228 ] ] ] } },
{ "type": "Feature", "properties": { "INMUEBLES_": 603, "COUNT": 0, "INMUEBLE": null, "NUEVO_NUM": 0 }, "geometry": { "type": "Polygon", "coordinates": [ [ [ -70.678888, -33.450228 ], [ -70.678647, -33.450204 ], [ -70.678645, -33.450024 ], [ -70.678902, -33.450049 ], [ -70.678888, -33.450228 ] ] ] } },
{ "type": "Feature", "properties": { "INMUEBLES_": 604, "COUNT": 0, "INMUEBLE": null, "NUEVO_NUM": 0 }, "geometry": { "type": "Polygon", "coordinates": [ [ [ -70.677594, -33.449834 ], [ -70.677341, -33.449809 ], [ -70.677304, -33.449923 ], [ -70.67732, -33.449946 ], [ -70.677311, -33.449973 ], [ -70.67728, -33.44999 ], [ -70.677241, -33.450101 ], [ -70.677114, -33.45007 ], [ -70.677275, -33.449603 ], [ -70.677603, -33.449641 ], [ -70.677602, -33.449661 ], [ -70.677598, -33.449743 ], [ -70.677594, -33.449834 ] ] ] } },
{ "type": "Feature", "properties": { "INMUEBLES_": 605, "COUNT": 0, "INMUEBLE": null, "NUEVO_NUM": 0 }, "geometry": { "type": "Polygon", "coordinates": [ [ [ -70.677594, -33.449834 ], [ -70.677591, -33.449875 ], [ -70.677575, -33.450216 ], [ -70.677575, -33.450217 ], [ -70.677271, -33.450138 ], [ -70.677241, -33.450101 ], [ -70.67728, -33.44999 ], [ -70.677311, -33.449973 ], [ -70.67732, -33.449946 ], [ -70.677304, -33.449923 ], [ -70.677341, -33.449809 ], [ -70.677594, -33.449834 ] ] ] } },
{ "type": "Feature", "properties": { "INMUEBLES_": 607, "COUNT": 0, "INMUEBLE": null, "NUEVO_NUM": 0 }, "geometry": { "type": "Polygon", "coordinates": [ [ [ -70.6728, -33.448765 ], [ -70.673003, -33.448793 ], [ -70.67297, -33.448962 ], [ -70.672934, -33.448984 ], [ -70.672765, -33.44894 ], [ -70.672796, -33.448791 ], [ -70.6728, -33.448765 ] ] ] } },
{ "type": "Feature", "properties": { "INMUEBLES_": 609, "COUNT": 0, "INMUEBLE": null, "NUEVO_NUM": 0 }, "geometry": { "type": "Polygon", "coordinates": [ [ [ -70.672162, -33.447492 ], [ -70.67215, -33.447557 ], [ -70.672144, -33.447592 ], [ -70.672137, -33.447634 ], [ -70.672134, -33.447652 ], [ -70.671904, -33.44762 ], [ -70.671919, -33.447525 ], [ -70.671928, -33.44746 ], [ -70.671964, -33.44744 ], [ -70.672165, -33.447485 ], [ -70.672162, -33.447492 ] ] ] } },
{ "type": "Feature", "properties": { "INMUEBLES_": 610, "COUNT": 0, "INMUEBLE": null, "NUEVO_NUM": 0 }, "geometry": { "type": "Polygon", "coordinates": [ [ [ -70.671807, -33.448202 ], [ -70.671972, -33.448225 ], [ -70.671956, -33.448326 ], [ -70.671939, -33.448428 ], [ -70.671773, -33.448406 ], [ -70.671789, -33.448307 ], [ -70.671806, -33.448201 ], [ -70.671807, -33.448202 ] ] ] } },
{ "type": "Feature", "properties": { "INMUEBLES_": 611, "COUNT": 0, "INMUEBLE": null, "NUEVO_NUM": 0 }, "geometry": { "type": "Polygon", "coordinates": [ [ [ -70.672412, -33.448596 ], [ -70.672546, -33.448635 ], [ -70.672622, -33.448656 ], [ -70.672604, -33.448734 ], [ -70.672597, -33.448764 ], [ -70.672568, -33.448886 ], [ -70.672567, -33.448886 ], [ -70.672524, -33.448875 ], [ -70.672476, -33.448862 ], [ -70.672359, -33.44883 ], [ -70.672393, -33.448695 ], [ -70.672412, -33.448596 ] ] ] } },
{ "type": "Feature", "properties": { "INMUEBLES_": 612, "COUNT": 0, "INMUEBLE": null, "NUEVO_NUM": 0 }, "geometry": { "type": "Polygon", "coordinates": [ [ [ -70.6728, -33.448765 ], [ -70.672796, -33.448791 ], [ -70.672765, -33.44894 ], [ -70.672688, -33.448919 ], [ -70.672654, -33.44891 ], [ -70.672568, -33.448886 ], [ -70.672597, -33.448764 ], [ -70.672604, -33.448734 ], [ -70.672622, -33.448656 ], [ -70.672644, -33.448557 ], [ -70.672666, -33.448454 ], [ -70.672861, -33.448484 ], [ -70.672846, -33.448554 ], [ -70.67283, -33.448626 ], [ -70.6728, -33.448765 ] ] ] } },
{ "type": "Feature", "properties": { "INMUEBLES_": 614, "COUNT": 0, "INMUEBLE": null, "NUEVO_NUM": 0 }, "geometry": { "type": "Polygon", "coordinates": [ [ [ -70.671566, -33.447841 ], [ -70.671604, -33.447846 ], [ -70.671702, -33.447859 ], [ -70.671708, -33.447861 ], [ -70.671714, -33.447864 ], [ -70.671717, -33.447866 ], [ -70.671718, -33.447866 ], [ -70.671721, -33.447869 ], [ -70.671724, -33.447874 ], [ -70.671726, -33.447878 ], [ -70.671726, -33.447883 ], [ -70.671726, -33.447888 ], [ -70.671716, -33.447935 ], [ -70.671549, -33.447913 ], [ -70.671566, -33.447841 ] ] ] } },
{ "type": "Feature", "properties": { "INMUEBLES_": 616, "COUNT": 0, "INMUEBLE": null, "NUEVO_NUM": 0 }, "geometry": { "type": "Polygon", "coordinates": [ [ [ -70.670755, -33.447987 ], [ -70.670932, -33.44803 ], [ -70.670871, -33.448258 ], [ -70.670828, -33.448418 ], [ -70.670828, -33.448418 ], [ -70.670806, -33.448412 ], [ -70.670749, -33.448396 ], [ -70.67066, -33.448372 ], [ -70.670665, -33.448354 ], [ -70.670699, -33.448213 ], [ -70.670755, -33.447987 ] ] ] } },
{ "type": "Feature", "properties": { "INMUEBLES_": 617, "COUNT": 0, "INMUEBLE": null, "NUEVO_NUM": 0 }, "geometry": { "type": "Polygon", "coordinates": [ [ [ -70.671152, -33.447923 ], [ -70.671183, -33.447928 ], [ -70.671372, -33.447959 ], [ -70.671335, -33.448123 ], [ -70.671314, -33.448221 ], [ -70.671293, -33.448218 ], [ -70.671235, -33.44821 ], [ -70.671172, -33.448492 ], [ -70.671169, -33.448506 ], [ -70.671168, -33.44851 ], [ -70.670924, -33.448445 ], [ -70.670924, -33.448444 ], [ -70.671029, -33.448054 ], [ -70.671123, -33.448075 ], [ -70.671152, -33.447923 ] ] ] } },
{ "type": "Feature", "properties": { "INMUEBLES_": 618, "COUNT": 0, "INMUEBLE": null, "NUEVO_NUM": 0 }, "geometry": { "type": "Polygon", "coordinates": [ [ [ -70.669721, -33.446944 ], [ -70.669794, -33.446959 ], [ -70.669755, -33.447134 ], [ -70.669687, -33.447126 ], [ -70.669686, -33.447126 ], [ -70.669609, -33.447116 ], [ -70.669625, -33.447032 ], [ -70.669645, -33.446928 ], [ -70.669721, -33.446944 ] ] ] } },
{ "type": "Feature", "properties": { "INMUEBLES_": 619, "COUNT": 0, "INMUEBLE": null, "NUEVO_NUM": 0 }, "geometry": { "type": "Polygon", "coordinates": [ [ [ -70.669219, -33.447508 ], [ -70.669294, -33.447515 ], [ -70.669297, -33.447493 ], [ -70.669412, -33.447505 ], [ -70.669414, -33.447494 ], [ -70.66946, -33.447499 ], [ -70.669466, -33.447452 ], [ -70.669548, -33.447459 ], [ -70.669538, -33.447501 ], [ -70.669544, -33.447502 ], [ -70.669427, -33.447958 ], [ -70.669441, -33.44796 ], [ -70.669425, -33.448041 ], [ -70.669155, -33.447967 ], [ -70.669141, -33.447963 ], [ -70.669143, -33.447953 ], [ -70.669219, -33.447508 ] ] ] } },
{ "type": "Feature", "properties": { "INMUEBLES_": 620, "COUNT": 0, "INMUEBLE": null, "NUEVO_NUM": 0 }, "geometry": { "type": "Polygon", "coordinates": [ [ [ -70.668981, -33.447489 ], [ -70.668976, -33.447517 ], [ -70.668971, -33.447548 ], [ -70.668959, -33.447614 ], [ -70.668945, -33.447686 ], [ -70.668932, -33.447753 ], [ -70.668906, -33.4479 ], [ -70.668773, -33.447864 ], [ -70.668842, -33.447505 ], [ -70.668846, -33.447472 ], [ -70.668981, -33.447489 ] ] ] } },
{ "type": "Feature", "properties": { "INMUEBLES_": 621, "COUNT": 0, "INMUEBLE": null, "NUEVO_NUM": 0 }, "geometry": { "type": "Polygon", "coordinates": [ [ [ -70.669109, -33.447508 ], [ -70.669099, -33.447567 ], [ -70.669089, -33.447632 ], [ -70.669077, -33.447705 ], [ -70.669066, -33.44777 ], [ -70.669044, -33.447908 ], [ -70.669007, -33.447928 ], [ -70.668906, -33.4479 ], [ -70.668932, -33.447753 ], [ -70.668945, -33.447686 ], [ -70.668959, -33.447614 ], [ -70.668971, -33.447548 ], [ -70.668976, -33.447517 ], [ -70.668981, -33.447489 ], [ -70.669109, -33.447508 ] ] ] } },
{ "type": "Feature", "properties": { "INMUEBLES_": 348, "COUNT": 0, "INMUEBLE": null, "NUEVO_NUM": 0 }, "geometry": { "type": "Polygon", "coordinates": [ [ [ -70.667492, -33.43952 ], [ -70.66746, -33.439948 ], [ -70.667447, -33.440121 ], [ -70.667259, -33.440104 ], [ -70.66728, -33.439933 ], [ -70.667304, -33.439752 ], [ -70.667239, -33.439745 ], [ -70.66725, -33.439643 ], [ -70.667343, -33.439651 ], [ -70.667364, -33.43951 ], [ -70.667492, -33.43952 ] ] ] } },
{ "type": "Feature", "properties": { "INMUEBLES_": 380, "COUNT": 0, "INMUEBLE": null, "NUEVO_NUM": 0 }, "geometry": { "type": "MultiPolygon", "coordinates": [ [ [ [ -70.667054, -33.440078 ], [ -70.667055, -33.440078 ], [ -70.667053, -33.440087 ], [ -70.667054, -33.440078 ] ] ], [ [ [ -70.666884, -33.440048 ], [ -70.666881, -33.440042 ], [ -70.666881, -33.44003 ], [ -70.666922, -33.439718 ], [ -70.667111, -33.439734 ], [ -70.667054, -33.440078 ], [ -70.666909, -33.440061 ], [ -70.6669, -33.44006 ], [ -70.666892, -33.440057 ], [ -70.666887, -33.440053 ], [ -70.666884, -33.440048 ] ] ] ] } },
{ "type": "Feature", "properties": { "INMUEBLES_": 209, "COUNT": 0, "INMUEBLE": null, "NUEVO_NUM": 0 }, "geometry": { "type": "Polygon", "coordinates": [ [ [ -70.664215, -33.430904 ], [ -70.664216, -33.430886 ], [ -70.66483, -33.430772 ], [ -70.664812, -33.431446 ], [ -70.663926, -33.43137 ], [ -70.66396, -33.431116 ], [ -70.66408, -33.431119 ], [ -70.664091, -33.430974 ], [ -70.66417, -33.430977 ], [ -70.664176, -33.430911 ], [ -70.664215, -33.430904 ] ] ] } },
{ "type": "Feature", "properties": { "INMUEBLES_": 166, "COUNT": 0, "INMUEBLE": null, "NUEVO_NUM": 0 }, "geometry": { "type": "Polygon", "coordinates": [ [ [ -70.643897, -33.438709 ], [ -70.643922, -33.438702 ], [ -70.643934, -33.438728 ], [ -70.644194, -33.438714 ], [ -70.644173, -33.43892 ], [ -70.64404, -33.438913 ], [ -70.64403, -33.438912 ], [ -70.644023, -33.438911 ], [ -70.644016, -33.438909 ], [ -70.644009, -33.438907 ], [ -70.644004, -33.438905 ], [ -70.643996, -33.438901 ], [ -70.643988, -33.438896 ], [ -70.643981, -33.43889 ], [ -70.643974, -33.438881 ], [ -70.643897, -33.438709 ] ] ] } },
{ "type": "Feature", "properties": { "INMUEBLES_": 19, "COUNT": 0, "INMUEBLE": null, "NUEVO_NUM": 0 }, "geometry": { "type": "Polygon", "coordinates": [ [ [ -70.653278, -33.441598 ], [ -70.653147, -33.441584 ], [ -70.653149, -33.44157 ], [ -70.652825, -33.441533 ], [ -70.652822, -33.441546 ], [ -70.652711, -33.441534 ], [ -70.652711, -33.441538 ], [ -70.652532, -33.44152 ], [ -70.652552, -33.441385 ], [ -70.652577, -33.441245 ], [ -70.65261, -33.441247 ], [ -70.652648, -33.44104 ], [ -70.65269, -33.441045 ], [ -70.652692, -33.44103 ], [ -70.653335, -33.441097 ], [ -70.653334, -33.441106 ], [ -70.653404, -33.441112 ], [ -70.653399, -33.44115 ], [ -70.653401, -33.44115 ], [ -70.653344, -33.44153 ], [ -70.653343, -33.44153 ], [ -70.65334, -33.441547 ], [ -70.65333, -33.441603 ], [ -70.653278, -33.441598 ] ] ] } },
{ "type": "Feature", "properties": { "INMUEBLES_": 79, "COUNT": 0, "INMUEBLE": null, "NUEVO_NUM": 0 }, "geometry": { "type": "Polygon", "coordinates": [ [ [ -70.653278, -33.441598 ], [ -70.653329, -33.441603 ], [ -70.653328, -33.441608 ], [ -70.653332, -33.441608 ], [ -70.653287, -33.441891 ], [ -70.652985, -33.441859 ], [ -70.652955, -33.442065 ], [ -70.652955, -33.442067 ], [ -70.652642, -33.442037 ], [ -70.652675, -33.441796 ], [ -70.652711, -33.441538 ], [ -70.652711, -33.441534 ], [ -70.652822, -33.441546 ], [ -70.652825, -33.441533 ], [ -70.653149, -33.44157 ], [ -70.653147, -33.441584 ], [ -70.653278, -33.441598 ] ] ] } },
{ "type": "Feature", "properties": { "INMUEBLES_": 121, "COUNT": 0, "INMUEBLE": null, "NUEVO_NUM": 0 }, "geometry": { "type": "Polygon", "coordinates": [ [ [ -70.66706, -33.452647 ], [ -70.667056, -33.452682 ], [ -70.667152, -33.452695 ], [ -70.667138, -33.452789 ], [ -70.666889, -33.45275 ], [ -70.666911, -33.452625 ], [ -70.66706, -33.452647 ] ] ] } },
{ "type": "Feature", "properties": { "INMUEBLES_": 122, "COUNT": 0, "INMUEBLE": null, "NUEVO_NUM": 0 }, "geometry": { "type": "Polygon", "coordinates": [ [ [ -70.666772, -33.45288 ], [ -70.666781, -33.452794 ], [ -70.666817, -33.452796 ], [ -70.666815, -33.452805 ], [ -70.667127, -33.452851 ], [ -70.667106, -33.452965 ], [ -70.666819, -33.452923 ], [ -70.666826, -33.452885 ], [ -70.666772, -33.45288 ] ] ] } },
{ "type": "Feature", "properties": { "INMUEBLES_": 123, "COUNT": 0, "INMUEBLE": null, "NUEVO_NUM": 0 }, "geometry": { "type": "Polygon", "coordinates": [ [ [ -70.666742, -33.453163 ], [ -70.666751, -33.453078 ], [ -70.666776, -33.453081 ], [ -70.666786, -33.453014 ], [ -70.667089, -33.453067 ], [ -70.66706, -33.453229 ], [ -70.667009, -33.453218 ], [ -70.667007, -33.453215 ], [ -70.66697, -33.45321 ], [ -70.66697, -33.453208 ], [ -70.666972, -33.453199 ], [ -70.666962, -33.453198 ], [ -70.666819, -33.453177 ], [ -70.666742, -33.453163 ] ] ] } },
{ "type": "Feature", "properties": { "INMUEBLES_": 131, "COUNT": 0, "INMUEBLE": null, "NUEVO_NUM": 0 }, "geometry": { "type": "Polygon", "coordinates": [ [ [ -70.668032, -33.452778 ], [ -70.668021, -33.452832 ], [ -70.668005, -33.452912 ], [ -70.667989, -33.452993 ], [ -70.667985, -33.453012 ], [ -70.667906, -33.453001 ], [ -70.667939, -33.452818 ], [ -70.667867, -33.452808 ], [ -70.667845, -33.45292 ], [ -70.667632, -33.45289 ], [ -70.667658, -33.452757 ], [ -70.66783, -33.452781 ], [ -70.667836, -33.45275 ], [ -70.667902, -33.45276 ], [ -70.668032, -33.452778 ] ] ] } },
{ "type": "Feature", "properties": { "INMUEBLES_": 135, "COUNT": 0, "INMUEBLE": null, "NUEVO_NUM": 0 }, "geometry": { "type": "Polygon", "coordinates": [ [ [ -70.667755, -33.454541 ], [ -70.667782, -33.454444 ], [ -70.667874, -33.45446 ], [ -70.667877, -33.454441 ], [ -70.667957, -33.454455 ], [ -70.667941, -33.454531 ], [ -70.667965, -33.454537 ], [ -70.667952, -33.454591 ], [ -70.667769, -33.454554 ], [ -70.667759, -33.454541 ], [ -70.667755, -33.454541 ] ] ] } },
{ "type": "Feature", "properties": { "INMUEBLES_": 129, "COUNT": 0, "INMUEBLE": null, "NUEVO_NUM": 0 }, "geometry": { "type": "Polygon", "coordinates": [ [ [ -70.666389, -33.455249 ], [ -70.666445, -33.455258 ], [ -70.666436, -33.455297 ], [ -70.666595, -33.455324 ], [ -70.66657, -33.455465 ], [ -70.666383, -33.455435 ], [ -70.666397, -33.455356 ], [ -70.666371, -33.455351 ], [ -70.666389, -33.455249 ] ] ] } },
{ "type": "Feature", "properties": { "INMUEBLES_": 62, "COUNT": 0, "INMUEBLE": null, "NUEVO_NUM": 0 }, "geometry": { "type": "Polygon", "coordinates": [ [ [ -70.666914, -33.456841 ], [ -70.666914, -33.456841 ], [ -70.667006, -33.456857 ], [ -70.667005, -33.456861 ], [ -70.667026, -33.456865 ], [ -70.667026, -33.456864 ], [ -70.667031, -33.456862 ], [ -70.667064, -33.456866 ], [ -70.667065, -33.456871 ], [ -70.667064, -33.456872 ], [ -70.667137, -33.456885 ], [ -70.667138, -33.456883 ], [ -70.667145, -33.456884 ], [ -70.667145, -33.456886 ], [ -70.66712, -33.456996 ], [ -70.667003, -33.456978 ], [ -70.666892, -33.45704 ], [ -70.666882, -33.457078 ], [ -70.666722, -33.45705 ], [ -70.666728, -33.45702 ], [ -70.666723, -33.457019 ], [ -70.666736, -33.456956 ], [ -70.666785, -33.456964 ], [ -70.666902, -33.456893 ], [ -70.666914, -33.456841 ] ] ] } },
{ "type": "Feature", "properties": { "INMUEBLES_": 36, "COUNT": 0, "INMUEBLE": null, "NUEVO_NUM": 0 }, "geometry": { "type": "Polygon", "coordinates": [ [ [ -70.676164, -33.428489 ], [ -70.676229, -33.428501 ], [ -70.676226, -33.428543 ], [ -70.676601, -33.428584 ], [ -70.676628, -33.428587 ], [ -70.676634, -33.428588 ], [ -70.676631, -33.428643 ], [ -70.676628, -33.428689 ], [ -70.676622, -33.428788 ], [ -70.676602, -33.429083 ], [ -70.676571, -33.429109 ], [ -70.676109, -33.429085 ], [ -70.676164, -33.428489 ] ] ] } },
{ "type": "Feature", "properties": { "INMUEBLES_": 44, "COUNT": 0, "INMUEBLE": null, "NUEVO_NUM": 0 }, "geometry": { "type": "Polygon", "coordinates": [ [ [ -70.667719, -33.447594 ], [ -70.66771, -33.447592 ], [ -70.66771, -33.447591 ], [ -70.667705, -33.447584 ], [ -70.667703, -33.447583 ], [ -70.667707, -33.447575 ], [ -70.667708, -33.447575 ], [ -70.667722, -33.447528 ], [ -70.667694, -33.447521 ], [ -70.667694, -33.447523 ], [ -70.667693, -33.447524 ], [ -70.667691, -33.447526 ], [ -70.667689, -33.447527 ], [ -70.667686, -33.447528 ], [ -70.667684, -33.447528 ], [ -70.667681, -33.447527 ], [ -70.667679, -33.447527 ], [ -70.667678, -33.447526 ], [ -70.667676, -33.447525 ], [ -70.667674, -33.447522 ], [ -70.667674, -33.44752 ], [ -70.667674, -33.447517 ], [ -70.667675, -33.447514 ], [ -70.667677, -33.447512 ], [ -70.667679, -33.447511 ], [ -70.667683, -33.44751 ], [ -70.667687, -33.447511 ], [ -70.667709, -33.447446 ], [ -70.667705, -33.447445 ], [ -70.667704, -33.447444 ], [ -70.667703, -33.447443 ], [ -70.667702, -33.447442 ], [ -70.667701, -33.447441 ], [ -70.667701, -33.447439 ], [ -70.667701, -33.447438 ], [ -70.667701, -33.447436 ], [ -70.667703, -33.447433 ], [ -70.667705, -33.447431 ], [ -70.667708, -33.44743 ], [ -70.667711, -33.447429 ], [ -70.667714, -33.447429 ], [ -70.667717, -33.44743 ], [ -70.667719, -33.447431 ], [ -70.667721, -33.447433 ], [ -70.667722, -33.447436 ], [ -70.667722, -33.447439 ], [ -70.667722, -33.447441 ], [ -70.66775, -33.447447 ], [ -70.667768, -33.447392 ], [ -70.667974, -33.447441 ], [ -70.667978, -33.44743 ], [ -70.668029, -33.447442 ], [ -70.668052, -33.447377 ], [ -70.668068, -33.447333 ], [ -70.668151, -33.447353 ], [ -70.668133, -33.447396 ], [ -70.66811, -33.447461 ], [ -70.668161, -33.447474 ], [ -70.668156, -33.447488 ], [ -70.668319, -33.447531 ], [ -70.66832, -33.447532 ], [ -70.668324, -33.447537 ], [ -70.668332, -33.447542 ], [ -70.668318, -33.44758 ], [ -70.668327, -33.447582 ], [ -70.668328, -33.447583 ], [ -70.66833, -33.447584 ], [ -70.668332, -33.447585 ], [ -70.668334, -33.447586 ], [ -70.668336, -33.447587 ], [ -70.668337, -33.447588 ], [ -70.668339, -33.447589 ], [ -70.668341, -33.44759 ], [ -70.668342, -33.447591 ], [ -70.668344, -33.447592 ], [ -70.668346, -33.447593 ], [ -70.668347, -33.447594 ], [ -70.668349, -33.447595 ], [ -70.66835, -33.447596 ], [ -70.668352, -33.447597 ], [ -70.668353, -33.447599 ], [ -70.668355, -33.4476 ], [ -70.668356, -33.447601 ], [ -70.668358, -33.447602 ], [ -70.668359, -33.447604 ], [ -70.66836, -33.447605 ], [ -70.668361, -33.447606 ], [ -70.668362, -33.447608 ], [ -70.668364, -33.447609 ], [ -70.668365, -33.447611 ], [ -70.668366, -33.447612 ], [ -70.668367, -33.447613 ], [ -70.668368, -33.447615 ], [ -70.668369, -33.447616 ], [ -70.66837, -33.447618 ], [ -70.668371, -33.447619 ], [ -70.668371, -33.447621 ], [ -70.668372, -33.447622 ], [ -70.668373, -33.447624 ], [ -70.668374, -33.447626 ], [ -70.668375, -33.447627 ], [ -70.668375, -33.447629 ], [ -70.668376, -33.44763 ], [ -70.668376, -33.447632 ], [ -70.668377, -33.447634 ], [ -70.668377, -33.447635 ], [ -70.668378, -33.447637 ], [ -70.668378, -33.447639 ], [ -70.668379, -33.44764 ], [ -70.668379, -33.447642 ], [ -70.668379, -33.447644 ], [ -70.66838, -33.447645 ], [ -70.66838, -33.447647 ], [ -70.66838, -33.447649 ], [ -70.66838, -33.44765 ], [ -70.66838, -33.447652 ], [ -70.66838, -33.447654 ], [ -70.66838, -33.447655 ], [ -70.66838, -33.447657 ], [ -70.66838, -33.447659 ], [ -70.66838, -33.447661 ], [ -70.66838, -33.447662 ], [ -70.66838, -33.447664 ], [ -70.66838, -33.447666 ], [ -70.668379, -33.447667 ], [ -70.668379, -33.447669 ], [ -70.668379, -33.447671 ], [ -70.668378, -33.447672 ], [ -70.668378, -33.447674 ], [ -70.668377, -33.447676 ], [ -70.668377, -33.447677 ], [ -70.668376, -33.447679 ], [ -70.668376, -33.44768 ], [ -70.668375, -33.447682 ], [ -70.668374, -33.447684 ], [ -70.668374, -33.447685 ], [ -70.668373, -33.447687 ], [ -70.668372, -33.447688 ], [ -70.668371, -33.44769 ], [ -70.66837, -33.447691 ], [ -70.668369, -33.447693 ], [ -70.668368, -33.447694 ], [ -70.668367, -33.447696 ], [ -70.668366, -33.447697 ], [ -70.668366, -33.447698 ], [ -70.668364, -33.4477 ], [ -70.668363, -33.447702 ], [ -70.668362, -33.447703 ], [ -70.668361, -33.447704 ], [ -70.668359, -33.447706 ], [ -70.668358, -33.447707 ], [ -70.668357, -33.447708 ], [ -70.668355, -33.447709 ], [ -70.668354, -33.447711 ], [ -70.668352, -33.447712 ], [ -70.668351, -33.447713 ], [ -70.668349, -33.447714 ], [ -70.668348, -33.447716 ], [ -70.668346, -33.447717 ], [ -70.668345, -33.447718 ], [ -70.668343, -33.447719 ], [ -70.668341, -33.44772 ], [ -70.66834, -33.447721 ], [ -70.668338, -33.447722 ], [ -70.668328, -33.447748 ], [ -70.668093, -33.447688 ], [ -70.668091, -33.44769 ], [ -70.66809, -33.447692 ], [ -70.668087, -33.447695 ], [ -70.668074, -33.447695 ], [ -70.668073, -33.447697 ], [ -70.668063, -33.447695 ], [ -70.668064, -33.447694 ], [ -70.668026, -33.447688 ], [ -70.668027, -33.447685 ], [ -70.668016, -33.447682 ], [ -70.668016, -33.447685 ], [ -70.667949, -33.447669 ], [ -70.667949, -33.447667 ], [ -70.66794, -33.447663 ], [ -70.667939, -33.447666 ], [ -70.667902, -33.447655 ], [ -70.667902, -33.447654 ], [ -70.667894, -33.447649 ], [ -70.667894, -33.447651 ], [ -70.667893, -33.447652 ], [ -70.667884, -33.447643 ], [ -70.667882, -33.447635 ], [ -70.667719, -33.447595 ], [ -70.667719, -33.447594 ] ] ] } },
{ "type": "Feature", "properties": { "INMUEBLES_": 51, "COUNT": 0, "INMUEBLE": null, "NUEVO_NUM": 0 }, "geometry": { "type": "Polygon", "coordinates": [ [ [ -70.660976, -33.45718 ], [ -70.660966, -33.457178 ], [ -70.660978, -33.457071 ], [ -70.660987, -33.457071 ], [ -70.660998, -33.456975 ], [ -70.661081, -33.456981 ], [ -70.661081, -33.456989 ], [ -70.661391, -33.45701 ], [ -70.661392, -33.457002 ], [ -70.661451, -33.457007 ], [ -70.661447, -33.457062 ], [ -70.661477, -33.457065 ], [ -70.661474, -33.457093 ], [ -70.661496, -33.457095 ], [ -70.66153, -33.457115 ], [ -70.661544, -33.45714 ], [ -70.661543, -33.457179 ], [ -70.661523, -33.457199 ], [ -70.661484, -33.45721 ], [ -70.661463, -33.457208 ], [ -70.661462, -33.457236 ], [ -70.661429, -33.457233 ], [ -70.661425, -33.457298 ], [ -70.661429, -33.457298 ], [ -70.661422, -33.457394 ], [ -70.661391, -33.457392 ], [ -70.661382, -33.457524 ], [ -70.66166, -33.457548 ], [ -70.661661, -33.457537 ], [ -70.661724, -33.457541 ], [ -70.661716, -33.457682 ], [ -70.661654, -33.457679 ], [ -70.661655, -33.457667 ], [ -70.661374, -33.457645 ], [ -70.66136, -33.457856 ], [ -70.661453, -33.457863 ], [ -70.661446, -33.457962 ], [ -70.661368, -33.457955 ], [ -70.661081, -33.457931 ], [ -70.661072, -33.458036 ], [ -70.661202, -33.458048 ], [ -70.661434, -33.458067 ], [ -70.661561, -33.458077 ], [ -70.661557, -33.458171 ], [ -70.661427, -33.458159 ], [ -70.661427, -33.458165 ], [ -70.661219, -33.458147 ], [ -70.660893, -33.458119 ], [ -70.660893, -33.458116 ], [ -70.660901, -33.458117 ], [ -70.660901, -33.458107 ], [ -70.660905, -33.458025 ], [ -70.660899, -33.458024 ], [ -70.660905, -33.457916 ], [ -70.660913, -33.457917 ], [ -70.660918, -33.457815 ], [ -70.661219, -33.457843 ], [ -70.661238, -33.457567 ], [ -70.661243, -33.457495 ], [ -70.661161, -33.457488 ], [ -70.661157, -33.457574 ], [ -70.661075, -33.457568 ], [ -70.661073, -33.457591 ], [ -70.661155, -33.457598 ], [ -70.661151, -33.45766 ], [ -70.660962, -33.457647 ], [ -70.660973, -33.457418 ], [ -70.661247, -33.457441 ], [ -70.661252, -33.457381 ], [ -70.661259, -33.457287 ], [ -70.661034, -33.457268 ], [ -70.661033, -33.457278 ], [ -70.660969, -33.457272 ], [ -70.660976, -33.45718 ] ] ] } },
{ "type": "Feature", "properties": { "INMUEBLES_": 51, "COUNT": 0, "INMUEBLE": null, "NUEVO_NUM": 0 }, "geometry": { "type": "Polygon", "coordinates": [ [ [ -70.661552, -33.457287 ], [ -70.661663, -33.457297 ], [ -70.661664, -33.45727 ], [ -70.661605, -33.457265 ], [ -70.66161, -33.457161 ], [ -70.661672, -33.457167 ], [ -70.661673, -33.457131 ], [ -70.661813, -33.457144 ], [ -70.661814, -33.457114 ], [ -70.661991, -33.457131 ], [ -70.661991, -33.45716 ], [ -70.662127, -33.457172 ], [ -70.662124, -33.45721 ], [ -70.662185, -33.457215 ], [ -70.662179, -33.457318 ], [ -70.662118, -33.457312 ], [ -70.662105, -33.457528 ], [ -70.662009, -33.457519 ], [ -70.662007, -33.457548 ], [ -70.661743, -33.457526 ], [ -70.661745, -33.457494 ], [ -70.661742, -33.457494 ], [ -70.661653, -33.457486 ], [ -70.661653, -33.45748 ], [ -70.661627, -33.457477 ], [ -70.661534, -33.457468 ], [ -70.661538, -33.457426 ], [ -70.661552, -33.457287 ] ] ] } },
{ "type": "Feature", "properties": { "INMUEBLES_": 51, "COUNT": 0, "INMUEBLE": null, "NUEVO_NUM": 0 }, "geometry": { "type": "Polygon", "coordinates": [ [ [ -70.662206, -33.458045 ], [ -70.662355, -33.458055 ], [ -70.662376, -33.458056 ], [ -70.66241, -33.458058 ], [ -70.662418, -33.458059 ], [ -70.662422, -33.458016 ], [ -70.662422, -33.458007 ], [ -70.662425, -33.457971 ], [ -70.662431, -33.45789 ], [ -70.662521, -33.457896 ], [ -70.662522, -33.457892 ], [ -70.662523, -33.45789 ], [ -70.662524, -33.457887 ], [ -70.662525, -33.457885 ], [ -70.662526, -33.457882 ], [ -70.662527, -33.45788 ], [ -70.662529, -33.457878 ], [ -70.66253, -33.457876 ], [ -70.662532, -33.457873 ], [ -70.662533, -33.457871 ], [ -70.662535, -33.457869 ], [ -70.662537, -33.457867 ], [ -70.662539, -33.457865 ], [ -70.662541, -33.457863 ], [ -70.662543, -33.457862 ], [ -70.662545, -33.45786 ], [ -70.662548, -33.457858 ], [ -70.66255, -33.457857 ], [ -70.662552, -33.457855 ], [ -70.662555, -33.457854 ], [ -70.662558, -33.457853 ], [ -70.66256, -33.457852 ], [ -70.662563, -33.45785 ], [ -70.662566, -33.457849 ], [ -70.662568, -33.457849 ], [ -70.662571, -33.457848 ], [ -70.662574, -33.457847 ], [ -70.662577, -33.457846 ], [ -70.66258, -33.457846 ], [ -70.662583, -33.457846 ], [ -70.662586, -33.457845 ], [ -70.662589, -33.457845 ], [ -70.662592, -33.457845 ], [ -70.662595, -33.457845 ], [ -70.662598, -33.457845 ], [ -70.662601, -33.457845 ], [ -70.662604, -33.457846 ], [ -70.662607, -33.457846 ], [ -70.66261, -33.457847 ], [ -70.662613, -33.457847 ], [ -70.662615, -33.457848 ], [ -70.662618, -33.457849 ], [ -70.662621, -33.45785 ], [ -70.662624, -33.457851 ], [ -70.662627, -33.457852 ], [ -70.662629, -33.457853 ], [ -70.662632, -33.457854 ], [ -70.662635, -33.457856 ], [ -70.662637, -33.457857 ], [ -70.66264, -33.457859 ], [ -70.662642, -33.457861 ], [ -70.662644, -33.457862 ], [ -70.662647, -33.457864 ], [ -70.662649, -33.457866 ], [ -70.662651, -33.457868 ], [ -70.662653, -33.45787 ], [ -70.662655, -33.457872 ], [ -70.662656, -33.457874 ], [ -70.662658, -33.457876 ], [ -70.66266, -33.457878 ], [ -70.662661, -33.457881 ], [ -70.662663, -33.457883 ], [ -70.662664, -33.457886 ], [ -70.662665, -33.457888 ], [ -70.662666, -33.45789 ], [ -70.662667, -33.457893 ], [ -70.662668, -33.457895 ], [ -70.662669, -33.457898 ], [ -70.662669, -33.4579 ], [ -70.66267, -33.457903 ], [ -70.66267, -33.457906 ], [ -70.662763, -33.457912 ], [ -70.662759, -33.457962 ], [ -70.662757, -33.457991 ], [ -70.662755, -33.458026 ], [ -70.662754, -33.458037 ], [ -70.662751, -33.458079 ], [ -70.662784, -33.458082 ], [ -70.662806, -33.458083 ], [ -70.662965, -33.458094 ], [ -70.662956, -33.458241 ], [ -70.662739, -33.458227 ], [ -70.662735, -33.458281 ], [ -70.662404, -33.458258 ], [ -70.662408, -33.458205 ], [ -70.662194, -33.458191 ], [ -70.662206, -33.458045 ] ] ] } },
{ "type": "Feature", "properties": { "INMUEBLES_": 51, "COUNT": 0, "INMUEBLE": null, "NUEVO_NUM": 0 }, "geometry": { "type": "Polygon", "coordinates": [ [ [ -70.66214, -33.457569 ], [ -70.662238, -33.457577 ], [ -70.662237, -33.4576 ], [ -70.662369, -33.457611 ], [ -70.66237, -33.457588 ], [ -70.662481, -33.457596 ], [ -70.662479, -33.457664 ], [ -70.66247, -33.457663 ], [ -70.662468, -33.457699 ], [ -70.662477, -33.4577 ], [ -70.662474, -33.45777 ], [ -70.662363, -33.457762 ], [ -70.662364, -33.457736 ], [ -70.662231, -33.457727 ], [ -70.662229, -33.457752 ], [ -70.662129, -33.457743 ], [ -70.66214, -33.457569 ] ] ] } },
{ "type": "Feature", "properties": { "INMUEBLES_": 51, "COUNT": 0, "INMUEBLE": null, "NUEVO_NUM": 0 }, "geometry": { "type": "Polygon", "coordinates": [ [ [ -70.662469, -33.457302 ], [ -70.66247, -33.45729 ], [ -70.662257, -33.457271 ], [ -70.662268, -33.457125 ], [ -70.662482, -33.457143 ], [ -70.662486, -33.457092 ], [ -70.662819, -33.457123 ], [ -70.662815, -33.457176 ], [ -70.66303, -33.457199 ], [ -70.66302, -33.457344 ], [ -70.662803, -33.457324 ], [ -70.6628, -33.457367 ], [ -70.662799, -33.457374 ], [ -70.662796, -33.45741 ], [ -70.66279, -33.45749 ], [ -70.662695, -33.457481 ], [ -70.662695, -33.457484 ], [ -70.662694, -33.457486 ], [ -70.662693, -33.457489 ], [ -70.662693, -33.457491 ], [ -70.662692, -33.457494 ], [ -70.662691, -33.457496 ], [ -70.662689, -33.457498 ], [ -70.662688, -33.457501 ], [ -70.662687, -33.457503 ], [ -70.662685, -33.457505 ], [ -70.662683, -33.457507 ], [ -70.662682, -33.457509 ], [ -70.66268, -33.457511 ], [ -70.662678, -33.457513 ], [ -70.662676, -33.457515 ], [ -70.662674, -33.457517 ], [ -70.662671, -33.457518 ], [ -70.662669, -33.45752 ], [ -70.662667, -33.457521 ], [ -70.662664, -33.457523 ], [ -70.662662, -33.457524 ], [ -70.662659, -33.457525 ], [ -70.662656, -33.457527 ], [ -70.662654, -33.457528 ], [ -70.662651, -33.457529 ], [ -70.662648, -33.457529 ], [ -70.662645, -33.45753 ], [ -70.662642, -33.457531 ], [ -70.66264, -33.457531 ], [ -70.662637, -33.457532 ], [ -70.662634, -33.457532 ], [ -70.662631, -33.457532 ], [ -70.662628, -33.457532 ], [ -70.662625, -33.457532 ], [ -70.662622, -33.457532 ], [ -70.662619, -33.457532 ], [ -70.662616, -33.457532 ], [ -70.662613, -33.457531 ], [ -70.66261, -33.45753 ], [ -70.662607, -33.45753 ], [ -70.662604, -33.457529 ], [ -70.662601, -33.457528 ], [ -70.662598, -33.457527 ], [ -70.662595, -33.457526 ], [ -70.662593, -33.457525 ], [ -70.66259, -33.457524 ], [ -70.662587, -33.457522 ], [ -70.662585, -33.457521 ], [ -70.662582, -33.457519 ], [ -70.66258, -33.457518 ], [ -70.662578, -33.457516 ], [ -70.662576, -33.457514 ], [ -70.662573, -33.457512 ], [ -70.662571, -33.45751 ], [ -70.662569, -33.457508 ], [ -70.662567, -33.457506 ], [ -70.662566, -33.457504 ], [ -70.662564, -33.457502 ], [ -70.662562, -33.4575 ], [ -70.662561, -33.457497 ], [ -70.66256, -33.457495 ], [ -70.662558, -33.457493 ], [ -70.662557, -33.45749 ], [ -70.662556, -33.457488 ], [ -70.662555, -33.457485 ], [ -70.662555, -33.457483 ], [ -70.662554, -33.45748 ], [ -70.662554, -33.457478 ], [ -70.662553, -33.457475 ], [ -70.662553, -33.457472 ], [ -70.662553, -33.45747 ], [ -70.662553, -33.457467 ], [ -70.662457, -33.457458 ], [ -70.662463, -33.457378 ], [ -70.662466, -33.457342 ], [ -70.662467, -33.457334 ], [ -70.662469, -33.457302 ] ] ] } },
{ "type": "Feature", "properties": { "INMUEBLES_": 51, "COUNT": 0, "INMUEBLE": null, "NUEVO_NUM": 0 }, "geometry": { "type": "Polygon", "coordinates": [ [ [ -70.663248, -33.457478 ], [ -70.663221, -33.457449 ], [ -70.663204, -33.457447 ], [ -70.66321, -33.457363 ], [ -70.663218, -33.457242 ], [ -70.663595, -33.457281 ], [ -70.663585, -33.457399 ], [ -70.663578, -33.457398 ], [ -70.663568, -33.457535 ], [ -70.663556, -33.457697 ], [ -70.663525, -33.457695 ], [ -70.663508, -33.457708 ], [ -70.663499, -33.457817 ], [ -70.663516, -33.45783 ], [ -70.663544, -33.457833 ], [ -70.663528, -33.45802 ], [ -70.663517, -33.458134 ], [ -70.663524, -33.458134 ], [ -70.663515, -33.458253 ], [ -70.663362, -33.45824 ], [ -70.663353, -33.458239 ], [ -70.663255, -33.458229 ], [ -70.663141, -33.458218 ], [ -70.66315, -33.4581 ], [ -70.663157, -33.458016 ], [ -70.663176, -33.458017 ], [ -70.663204, -33.457997 ], [ -70.663223, -33.457777 ], [ -70.663208, -33.457776 ], [ -70.663215, -33.457694 ], [ -70.66323, -33.457695 ], [ -70.663239, -33.457588 ], [ -70.663248, -33.457478 ] ] ] } },
{ "type": "Feature", "properties": { "INMUEBLES_": 49, "COUNT": 0, "INMUEBLE": null, "NUEVO_NUM": 0 }, "geometry": { "type": "Polygon", "coordinates": [ [ [ -70.658438, -33.472194 ], [ -70.658438, -33.472194 ], [ -70.658455, -33.471965 ], [ -70.658455, -33.471965 ], [ -70.658473, -33.471736 ], [ -70.658661, -33.471745 ], [ -70.658662, -33.47174 ], [ -70.658996, -33.471757 ], [ -70.658995, -33.471763 ], [ -70.659232, -33.471775 ], [ -70.659219, -33.471978 ], [ -70.659219, -33.471978 ], [ -70.659208, -33.472152 ], [ -70.659202, -33.472243 ], [ -70.659202, -33.472243 ], [ -70.659197, -33.472338 ], [ -70.659188, -33.472486 ], [ -70.659188, -33.472486 ], [ -70.659174, -33.472708 ], [ -70.658933, -33.472696 ], [ -70.65892, -33.472695 ], [ -70.65892, -33.472703 ], [ -70.658592, -33.472684 ], [ -70.658593, -33.472678 ], [ -70.658401, -33.472668 ], [ -70.65842, -33.472422 ], [ -70.658438, -33.472194 ] ], [ [ -70.659087, -33.471976 ], [ -70.659095, -33.471868 ], [ -70.658989, -33.471863 ], [ -70.658598, -33.471843 ], [ -70.658588, -33.471967 ], [ -70.658588, -33.471967 ], [ -70.658579, -33.472088 ], [ -70.659043, -33.472111 ], [ -70.659077, -33.472114 ], [ -70.659087, -33.471976 ], [ -70.659087, -33.471976 ] ], [ [ -70.659035, -33.472233 ], [ -70.65904, -33.472161 ], [ -70.658575, -33.472138 ], [ -70.65857, -33.472202 ], [ -70.658562, -33.472289 ], [ -70.659031, -33.472312 ], [ -70.659035, -33.472233 ], [ -70.659035, -33.472233 ] ], [ [ -70.659054, -33.472475 ], [ -70.659061, -33.472364 ], [ -70.659028, -33.472362 ], [ -70.658559, -33.472342 ], [ -70.658552, -33.472433 ], [ -70.658552, -33.472433 ], [ -70.658541, -33.472576 ], [ -70.65894, -33.472597 ], [ -70.658941, -33.472597 ], [ -70.659045, -33.472602 ], [ -70.659054, -33.472475 ] ] ] } },
{ "type": "Feature", "properties": { "INMUEBLES_": 10, "COUNT": 0, "INMUEBLE": null, "NUEVO_NUM": 0 }, "geometry": { "type": "Polygon", "coordinates": [ [ [ -70.659131, -33.446336 ], [ -70.659006, -33.446777 ], [ -70.658881, -33.446752 ], [ -70.658938, -33.446544 ], [ -70.659005, -33.446311 ], [ -70.659131, -33.446336 ] ] ] } },
{ "type": "Feature", "properties": { "INMUEBLES_": 423, "COUNT": 0, "INMUEBLE": null, "NUEVO_NUM": 0 }, "geometry": { "type": "Polygon", "coordinates": [ [ [ -70.667031, -33.4407 ], [ -70.666802, -33.440674 ], [ -70.666812, -33.440596 ], [ -70.666855, -33.440157 ], [ -70.667082, -33.440183 ], [ -70.667073, -33.440233 ], [ -70.667092, -33.440235 ], [ -70.667082, -33.440285 ], [ -70.667147, -33.440293 ], [ -70.667139, -33.44035 ], [ -70.667163, -33.440352 ], [ -70.667159, -33.44038 ], [ -70.667148, -33.440379 ], [ -70.667106, -33.440602 ], [ -70.667118, -33.440603 ], [ -70.667114, -33.440622 ], [ -70.667047, -33.440616 ], [ -70.667031, -33.4407 ] ] ] } },
{ "type": "Feature", "properties": { "INMUEBLES_": 48, "COUNT": 0, "INMUEBLE": null, "NUEVO_NUM": 0 }, "geometry": { "type": "Polygon", "coordinates": [ [ [ -70.667855, -33.44027 ], [ -70.667792, -33.440646 ], [ -70.667775, -33.440732 ], [ -70.667737, -33.440728 ], [ -70.667745, -33.440684 ], [ -70.667476, -33.440655 ], [ -70.667464, -33.440751 ], [ -70.667031, -33.4407 ], [ -70.667047, -33.440616 ], [ -70.667114, -33.440622 ], [ -70.667118, -33.440603 ], [ -70.667106, -33.440602 ], [ -70.667148, -33.440379 ], [ -70.667159, -33.44038 ], [ -70.667163, -33.440352 ], [ -70.667139, -33.44035 ], [ -70.667147, -33.440293 ], [ -70.667082, -33.440285 ], [ -70.667092, -33.440235 ], [ -70.667073, -33.440233 ], [ -70.667082, -33.440183 ], [ -70.667369, -33.440215 ], [ -70.66737, -33.440215 ], [ -70.667379, -33.440216 ], [ -70.667387, -33.440217 ], [ -70.667407, -33.440219 ], [ -70.667415, -33.44022 ], [ -70.667443, -33.440224 ], [ -70.667452, -33.440225 ], [ -70.667479, -33.440228 ], [ -70.667488, -33.440229 ], [ -70.667515, -33.440232 ], [ -70.667855, -33.44027 ] ] ] } },
{ "type": "Feature", "properties": { "INMUEBLES_": 424, "COUNT": 0, "INMUEBLE": null, "NUEVO_NUM": 0 }, "geometry": { "type": "Polygon", "coordinates": [ [ [ -70.667464, -33.440751 ], [ -70.667476, -33.440655 ], [ -70.667745, -33.440684 ], [ -70.667737, -33.440728 ], [ -70.667775, -33.440732 ], [ -70.667764, -33.440788 ], [ -70.667733, -33.440952 ], [ -70.667646, -33.441326 ], [ -70.667646, -33.441327 ], [ -70.667606, -33.441323 ], [ -70.667598, -33.441322 ], [ -70.667558, -33.441317 ], [ -70.667355, -33.441293 ], [ -70.667294, -33.441286 ], [ -70.667271, -33.441283 ], [ -70.667262, -33.441281 ], [ -70.66726, -33.441281 ], [ -70.66726, -33.44128 ], [ -70.667273, -33.441023 ], [ -70.667402, -33.441037 ], [ -70.667468, -33.441045 ], [ -70.667517, -33.440757 ], [ -70.667464, -33.440751 ] ] ] } },
{ "type": "Feature", "properties": { "INMUEBLES_": 575, "COUNT": 0, "INMUEBLE": null, "NUEVO_NUM": 0 }, "geometry": { "type": "Polygon", "coordinates": [ [ [ -70.665979, -33.444411 ], [ -70.66611, -33.444424 ], [ -70.666188, -33.444432 ], [ -70.666188, -33.444616 ], [ -70.666071, -33.444605 ], [ -70.665956, -33.444595 ], [ -70.665979, -33.444411 ] ] ] } },
{ "type": "Feature", "properties": { "INMUEBLES_": 522, "COUNT": 0, "INMUEBLE": null, "NUEVO_NUM": 0 }, "geometry": { "type": "Polygon", "coordinates": [ [ [ -70.670849, -33.444303 ], [ -70.670849, -33.444304 ], [ -70.670809, -33.444583 ], [ -70.6708, -33.444663 ], [ -70.670795, -33.444695 ], [ -70.670795, -33.444698 ], [ -70.670756, -33.444694 ], [ -70.670672, -33.444684 ], [ -70.670727, -33.44429 ], [ -70.670728, -33.444288 ], [ -70.670849, -33.444303 ] ] ] } },
{ "type": "Feature", "properties": { "INMUEBLES_": 290, "COUNT": 0, "INMUEBLE": null, "NUEVO_NUM": 0 }, "geometry": { "type": "Polygon", "coordinates": [ [ [ -70.669283, -33.437265 ], [ -70.669282, -33.437276 ], [ -70.669271, -33.437388 ], [ -70.668823, -33.437351 ], [ -70.668834, -33.437235 ], [ -70.669283, -33.437265 ] ] ] } },
{ "type": "Feature", "properties": { "INMUEBLES_": 102, "COUNT": 0, "INMUEBLE": null, "NUEVO_NUM": 0 }, "geometry": { "type": "Polygon", "coordinates": [ [ [ -70.681138, -33.436037 ], [ -70.681848, -33.436132 ], [ -70.681875, -33.436141 ], [ -70.681945, -33.436155 ], [ -70.682644, -33.4363 ], [ -70.682649, -33.436301 ], [ -70.683687, -33.436505 ], [ -70.683714, -33.437512 ], [ -70.683714, -33.437514 ], [ -70.683773, -33.437517 ], [ -70.684279, -33.437539 ], [ -70.684257, -33.437713 ], [ -70.684207, -33.438143 ], [ -70.683568, -33.438119 ], [ -70.683569, -33.438104 ], [ -70.683289, -33.438087 ], [ -70.683243, -33.438557 ], [ -70.681754, -33.438461 ], [ -70.681784, -33.438179 ], [ -70.681789, -33.438131 ], [ -70.681812, -33.437924 ], [ -70.681911, -33.437931 ], [ -70.681953, -33.437426 ], [ -70.681813, -33.437414 ], [ -70.681437, -33.437389 ], [ -70.681431, -33.437464 ], [ -70.681339, -33.437459 ], [ -70.681353, -33.437302 ], [ -70.681324, -33.4373 ], [ -70.681162, -33.437291 ], [ -70.681204, -33.436736 ], [ -70.681015, -33.436724 ], [ -70.680989, -33.436695 ], [ -70.681045, -33.436109 ], [ -70.681081, -33.436087 ], [ -70.681123, -33.436091 ], [ -70.681138, -33.436037 ] ] ] } },
{ "type": "Feature", "properties": { "INMUEBLES_": 184, "COUNT": 0, "INMUEBLE": null, "NUEVO_NUM": 0 }, "geometry": { "type": "Polygon", "coordinates": [ [ [ -70.636511, -33.43698 ], [ -70.636558, -33.436981 ], [ -70.636604, -33.436981 ], [ -70.636621, -33.436998 ], [ -70.636568, -33.437219 ], [ -70.636567, -33.437223 ], [ -70.636544, -33.437316 ], [ -70.63652, -33.437329 ], [ -70.636459, -33.437313 ], [ -70.636444, -33.43731 ], [ -70.636466, -33.437197 ], [ -70.636509, -33.43698 ], [ -70.636511, -33.43698 ] ] ] } },
{ "type": "Feature", "properties": { "INMUEBLES_": 295, "COUNT": 0, "INMUEBLE": null, "NUEVO_NUM": 0 }, "geometry": { "type": "Polygon", "coordinates": [ [ [ -70.66486, -33.436623 ], [ -70.664921, -33.436627 ], [ -70.66491, -33.436706 ], [ -70.664594, -33.436683 ], [ -70.664593, -33.436683 ], [ -70.664601, -33.436611 ], [ -70.664775, -33.436625 ], [ -70.664776, -33.436617 ], [ -70.66486, -33.436623 ] ] ] } },
{ "type": "Feature", "properties": { "INMUEBLES_": 63, "COUNT": 0, "INMUEBLE": null, "NUEVO_NUM": 0 }, "geometry": { "type": "Polygon", "coordinates": [ [ [ -70.668879, -33.457221 ], [ -70.668846, -33.457361 ], [ -70.668664, -33.457324 ], [ -70.668687, -33.457232 ], [ -70.668675, -33.457229 ], [ -70.668687, -33.457175 ], [ -70.668753, -33.457187 ], [ -70.66875, -33.457198 ], [ -70.668879, -33.457221 ] ] ] } },
{ "type": "Feature", "properties": { "INMUEBLES_": 96, "COUNT": 0, "INMUEBLE": null, "NUEVO_NUM": 0 }, "geometry": { "type": "Polygon", "coordinates": [ [ [ -70.668515, -33.456188 ], [ -70.668466, -33.4564 ], [ -70.668096, -33.456338 ], [ -70.668132, -33.456186 ], [ -70.668245, -33.456205 ], [ -70.668234, -33.456259 ], [ -70.66831, -33.456271 ], [ -70.668328, -33.456187 ], [ -70.668365, -33.456192 ], [ -70.668372, -33.456165 ], [ -70.668515, -33.456188 ] ] ] } },
{ "type": "Feature", "properties": { "INMUEBLES_": 128, "COUNT": 0, "INMUEBLE": null, "NUEVO_NUM": 0 }, "geometry": { "type": "Polygon", "coordinates": [ [ [ -70.666635, -33.455285 ], [ -70.666592, -33.455279 ], [ -70.666597, -33.455243 ], [ -70.666503, -33.455228 ], [ -70.666508, -33.45519 ], [ -70.666429, -33.455177 ], [ -70.666439, -33.455121 ], [ -70.666519, -33.455134 ], [ -70.666522, -33.455117 ], [ -70.666688, -33.455142 ], [ -70.666684, -33.455163 ], [ -70.666702, -33.45517 ], [ -70.666695, -33.455203 ], [ -70.666677, -33.455205 ], [ -70.666674, -33.455223 ], [ -70.666647, -33.455219 ], [ -70.666635, -33.455285 ] ] ] } },
{ "type": "Feature", "properties": { "INMUEBLES_": 127, "COUNT": 0, "INMUEBLE": null, "NUEVO_NUM": 0 }, "geometry": { "type": "Polygon", "coordinates": [ [ [ -70.666414, -33.454946 ], [ -70.666441, -33.454796 ], [ -70.666461, -33.454799 ], [ -70.666464, -33.454789 ], [ -70.666502, -33.454796 ], [ -70.666501, -33.454806 ], [ -70.666539, -33.454812 ], [ -70.666534, -33.454838 ], [ -70.666632, -33.454855 ], [ -70.666654, -33.454747 ], [ -70.66669, -33.454753 ], [ -70.666676, -33.454821 ], [ -70.666684, -33.454822 ], [ -70.666686, -33.454816 ], [ -70.666722, -33.454822 ], [ -70.666722, -33.454829 ], [ -70.666743, -33.454832 ], [ -70.666718, -33.454957 ], [ -70.666792, -33.454969 ], [ -70.666785, -33.454999 ], [ -70.666711, -33.454987 ], [ -70.666705, -33.455022 ], [ -70.66665, -33.455014 ], [ -70.666656, -33.454978 ], [ -70.666414, -33.454946 ] ] ] } },
{ "type": "Feature", "properties": { "INMUEBLES_": 133, "COUNT": 0, "INMUEBLE": null, "NUEVO_NUM": 0 }, "geometry": { "type": "Polygon", "coordinates": [ [ [ -70.667627, -33.454183 ], [ -70.667617, -33.454237 ], [ -70.667614, -33.454255 ], [ -70.667462, -33.454234 ], [ -70.667458, -33.454252 ], [ -70.667423, -33.454246 ], [ -70.667412, -33.4543 ], [ -70.667366, -33.454291 ], [ -70.667392, -33.454162 ], [ -70.667365, -33.454157 ], [ -70.667378, -33.454083 ], [ -70.667409, -33.454088 ], [ -70.667415, -33.454056 ], [ -70.667672, -33.454094 ], [ -70.667654, -33.454187 ], [ -70.667627, -33.454183 ] ] ] } },
{ "type": "Feature", "properties": { "INMUEBLES_": 137, "COUNT": 0, "INMUEBLE": null, "NUEVO_NUM": 0 }, "geometry": { "type": "Polygon", "coordinates": [ [ [ -70.66739, -33.451924 ], [ -70.667367, -33.452043 ], [ -70.667368, -33.452043 ], [ -70.667361, -33.452079 ], [ -70.667324, -33.452098 ], [ -70.667071, -33.452041 ], [ -70.667082, -33.452007 ], [ -70.667078, -33.452007 ], [ -70.667072, -33.452005 ], [ -70.667067, -33.452004 ], [ -70.667063, -33.451999 ], [ -70.667062, -33.451995 ], [ -70.667063, -33.451989 ], [ -70.667065, -33.451983 ], [ -70.667071, -33.451979 ], [ -70.667078, -33.451976 ], [ -70.667091, -33.451978 ], [ -70.667108, -33.451926 ], [ -70.667071, -33.451919 ], [ -70.667064, -33.451938 ], [ -70.667043, -33.451949 ], [ -70.66696, -33.451933 ], [ -70.666946, -33.451914 ], [ -70.666958, -33.451858 ], [ -70.66739, -33.451924 ] ] ] } },
{ "type": "Feature", "properties": { "INMUEBLES_": 120, "COUNT": 0, "INMUEBLE": null, "NUEVO_NUM": 0 }, "geometry": { "type": "Polygon", "coordinates": [ [ [ -70.666947, -33.451058 ], [ -70.666954, -33.451058 ], [ -70.666953, -33.451065 ], [ -70.666962, -33.451066 ], [ -70.666962, -33.451064 ], [ -70.666965, -33.451064 ], [ -70.666965, -33.451067 ], [ -70.666974, -33.451068 ], [ -70.667006, -33.451048 ], [ -70.667136, -33.451062 ], [ -70.667167, -33.451067 ], [ -70.667183, -33.451085 ], [ -70.667182, -33.451089 ], [ -70.667148, -33.451242 ], [ -70.667109, -33.451265 ], [ -70.667027, -33.451258 ], [ -70.667024, -33.451299 ], [ -70.667011, -33.451369 ], [ -70.66692, -33.45136 ], [ -70.666927, -33.451278 ], [ -70.666941, -33.451126 ], [ -70.666947, -33.451058 ] ] ] } },
{ "type": "Feature", "properties": { "INMUEBLES_": 116, "COUNT": 0, "INMUEBLE": null, "NUEVO_NUM": 0 }, "geometry": { "type": "Polygon", "coordinates": [ [ [ -70.667024, -33.451299 ], [ -70.667027, -33.451258 ], [ -70.667109, -33.451265 ], [ -70.667148, -33.451242 ], [ -70.667182, -33.451089 ], [ -70.667205, -33.451092 ], [ -70.667205, -33.451089 ], [ -70.667206, -33.451086 ], [ -70.66721, -33.451083 ], [ -70.667213, -33.451081 ], [ -70.667216, -33.45108 ], [ -70.667252, -33.451085 ], [ -70.667254, -33.451087 ], [ -70.667255, -33.451089 ], [ -70.667256, -33.451091 ], [ -70.667256, -33.451093 ], [ -70.667255, -33.451095 ], [ -70.667254, -33.451099 ], [ -70.667261, -33.4511 ], [ -70.667259, -33.451109 ], [ -70.667317, -33.451118 ], [ -70.667319, -33.451111 ], [ -70.667325, -33.45111 ], [ -70.667332, -33.451109 ], [ -70.66734, -33.45111 ], [ -70.667349, -33.451111 ], [ -70.667357, -33.451113 ], [ -70.667367, -33.451117 ], [ -70.667365, -33.451126 ], [ -70.667462, -33.451141 ], [ -70.667522, -33.45115 ], [ -70.66754, -33.45117 ], [ -70.667512, -33.451305 ], [ -70.667487, -33.451317 ], [ -70.667478, -33.451315 ], [ -70.667161, -33.451256 ], [ -70.667155, -33.451278 ], [ -70.667132, -33.451273 ], [ -70.667112, -33.451285 ], [ -70.667109, -33.451308 ], [ -70.667024, -33.451299 ] ] ] } },
{ "type": "Feature", "properties": { "INMUEBLES_": 119, "COUNT": 0, "INMUEBLE": null, "NUEVO_NUM": 0 }, "geometry": { "type": "Polygon", "coordinates": [ [ [ -70.667003, -33.451416 ], [ -70.667452, -33.451458 ], [ -70.667429, -33.451575 ], [ -70.666979, -33.451535 ], [ -70.666995, -33.45146 ], [ -70.667003, -33.451418 ], [ -70.667003, -33.451416 ] ] ] } },
{ "type": "Feature", "properties": { "INMUEBLES_": 117, "COUNT": 0, "INMUEBLE": null, "NUEVO_NUM": 0 }, "geometry": { "type": "Polygon", "coordinates": [ [ [ -70.667478, -33.451315 ], [ -70.667453, -33.451457 ], [ -70.667452, -33.451458 ], [ -70.667003, -33.451416 ], [ -70.667011, -33.451369 ], [ -70.667024, -33.451299 ], [ -70.667109, -33.451308 ], [ -70.667112, -33.451285 ], [ -70.667132, -33.451273 ], [ -70.667155, -33.451278 ], [ -70.667161, -33.451256 ], [ -70.667478, -33.451315 ] ] ] } },
{ "type": "Feature", "properties": { "INMUEBLES_": 526, "COUNT": 0, "INMUEBLE": null, "NUEVO_NUM": 0 }, "geometry": { "type": "Polygon", "coordinates": [ [ [ -70.669515, -33.444919 ], [ -70.669261, -33.444892 ], [ -70.669236, -33.445014 ], [ -70.669498, -33.445046 ], [ -70.669468, -33.445278 ], [ -70.66943, -33.445302 ], [ -70.669126, -33.445267 ], [ -70.66791, -33.445136 ], [ -70.667882, -33.44511 ], [ -70.667892, -33.444925 ], [ -70.667917, -33.4446 ], [ -70.667952, -33.444579 ], [ -70.6695, -33.444804 ], [ -70.669529, -33.444833 ], [ -70.669515, -33.444919 ] ] ] } },
{ "type": "Feature", "properties": { "INMUEBLES_": 524, "COUNT": 0, "INMUEBLE": null, "NUEVO_NUM": 0 }, "geometry": { "type": "Polygon", "coordinates": [ [ [ -70.669605, -33.444287 ], [ -70.669553, -33.444654 ], [ -70.669519, -33.444674 ], [ -70.669266, -33.444636 ], [ -70.669337, -33.444351 ], [ -70.669466, -33.444367 ], [ -70.669485, -33.444272 ], [ -70.669605, -33.444287 ] ] ] } },
{ "type": "Feature", "properties": { "INMUEBLES_": 525, "COUNT": 0, "INMUEBLE": null, "NUEVO_NUM": 0 }, "geometry": { "type": "MultiPolygon", "coordinates": [ [ [ [ -70.669388, -33.44414 ], [ -70.669389, -33.444139 ], [ -70.669389, -33.44414 ], [ -70.669388, -33.44414 ] ] ], [ [ [ -70.667932, -33.444414 ], [ -70.667966, -33.443912 ], [ -70.667998, -33.443886 ], [ -70.668967, -33.444064 ], [ -70.669388, -33.44414 ], [ -70.669268, -33.444636 ], [ -70.667956, -33.444441 ], [ -70.667932, -33.444414 ] ] ] ] } },
{ "type": "Feature", "properties": { "INMUEBLES_": 523, "COUNT": 0, "INMUEBLE": null, "NUEVO_NUM": 0 }, "geometry": { "type": "Polygon", "coordinates": [ [ [ -70.670463, -33.445224 ], [ -70.670356, -33.445209 ], [ -70.670326, -33.445406 ], [ -70.669991, -33.445365 ], [ -70.669948, -33.44536 ], [ -70.66996, -33.44527 ], [ -70.670015, -33.444833 ], [ -70.670221, -33.444857 ], [ -70.670307, -33.444867 ], [ -70.670494, -33.444893 ], [ -70.670463, -33.445224 ] ] ] } },
{ "type": "Feature", "properties": { "INMUEBLES_": 521, "COUNT": 0, "INMUEBLE": null, "NUEVO_NUM": 0 }, "geometry": { "type": "Polygon", "coordinates": [ [ [ -70.672429, -33.445055 ], [ -70.672374, -33.445638 ], [ -70.672025, -33.445602 ], [ -70.671997, -33.445574 ], [ -70.672046, -33.445013 ], [ -70.672429, -33.445055 ] ] ] } },
{ "type": "Feature", "properties": { "INMUEBLES_": 520, "COUNT": 0, "INMUEBLE": null, "NUEVO_NUM": 0 }, "geometry": { "type": "Polygon", "coordinates": [ [ [ -70.674294, -33.445346 ], [ -70.674278, -33.445528 ], [ -70.674108, -33.44551 ], [ -70.674078, -33.445785 ], [ -70.673853, -33.445763 ], [ -70.673825, -33.445734 ], [ -70.673866, -33.445304 ], [ -70.674294, -33.445346 ] ] ] } },
{ "type": "Feature", "properties": { "INMUEBLES_": 518, "COUNT": 0, "INMUEBLE": null, "NUEVO_NUM": 0 }, "geometry": { "type": "Polygon", "coordinates": [ [ [ -70.675091, -33.445084 ], [ -70.675092, -33.445085 ], [ -70.675073, -33.445263 ], [ -70.674639, -33.445213 ], [ -70.674665, -33.445036 ], [ -70.675091, -33.445084 ] ] ] } },
{ "type": "Feature", "properties": { "INMUEBLES_": 519, "COUNT": 0, "INMUEBLE": null, "NUEVO_NUM": 0 }, "geometry": { "type": "Polygon", "coordinates": [ [ [ -70.674668, -33.445023 ], [ -70.67442, -33.444997 ], [ -70.674465, -33.444729 ], [ -70.67461, -33.444743 ], [ -70.675094, -33.444796 ], [ -70.675121, -33.444825 ], [ -70.675094, -33.445085 ], [ -70.674666, -33.445038 ], [ -70.674668, -33.445023 ] ] ] } },
{ "type": "Feature", "properties": { "INMUEBLES_": 517, "COUNT": 0, "INMUEBLE": null, "NUEVO_NUM": 0 }, "geometry": { "type": "Polygon", "coordinates": [ [ [ -70.676178, -33.445873 ], [ -70.676171, -33.445968 ], [ -70.676141, -33.445994 ], [ -70.67525, -33.44591 ], [ -70.675226, -33.445885 ], [ -70.67526, -33.445543 ], [ -70.675674, -33.445571 ], [ -70.675649, -33.44584 ], [ -70.676178, -33.445873 ] ] ] } },
{ "type": "Feature", "properties": { "INMUEBLES_": 559, "COUNT": 0, "INMUEBLE": null, "NUEVO_NUM": 0 }, "geometry": { "type": "Polygon", "coordinates": [ [ [ -70.675603, -33.446096 ], [ -70.675595, -33.446419 ], [ -70.675541, -33.446411 ], [ -70.675539, -33.446361 ], [ -70.675398, -33.446336 ], [ -70.675433, -33.446172 ], [ -70.675449, -33.446174 ], [ -70.675472, -33.446084 ], [ -70.675603, -33.446096 ] ] ] } },
{ "type": "Feature", "properties": { "INMUEBLES_": 560, "COUNT": 0, "INMUEBLE": null, "NUEVO_NUM": 0 }, "geometry": { "type": "Polygon", "coordinates": [ [ [ -70.67563, -33.447186 ], [ -70.675625, -33.447367 ], [ -70.675616, -33.447513 ], [ -70.675595, -33.447825 ], [ -70.675582, -33.448008 ], [ -70.674821, -33.447947 ], [ -70.674798, -33.447921 ], [ -70.67496, -33.447145 ], [ -70.67563, -33.447186 ] ] ] } },
{ "type": "Feature", "properties": { "INMUEBLES_": 561, "COUNT": 0, "INMUEBLE": null, "NUEVO_NUM": 0 }, "geometry": { "type": "Polygon", "coordinates": [ [ [ -70.674363, -33.446561 ], [ -70.674252, -33.447057 ], [ -70.673593, -33.446942 ], [ -70.67369, -33.446463 ], [ -70.674363, -33.446561 ] ] ] } },
{ "type": "Feature", "properties": { "INMUEBLES_": 562, "COUNT": 0, "INMUEBLE": null, "NUEVO_NUM": 0 }, "geometry": { "type": "Polygon", "coordinates": [ [ [ -70.674083, -33.447799 ], [ -70.673956, -33.44777 ], [ -70.67401, -33.447506 ], [ -70.674037, -33.447337 ], [ -70.674058, -33.44734 ], [ -70.674174, -33.447363 ], [ -70.674083, -33.447799 ] ] ] } },
{ "type": "Feature", "properties": { "INMUEBLES_": 565, "COUNT": 0, "INMUEBLE": null, "NUEVO_NUM": 0 }, "geometry": { "type": "Polygon", "coordinates": [ [ [ -70.670882, -33.445824 ], [ -70.670751, -33.446297 ], [ -70.670229, -33.446198 ], [ -70.670342, -33.445735 ], [ -70.670408, -33.445744 ], [ -70.67041, -33.445736 ], [ -70.670693, -33.445777 ], [ -70.670707, -33.445713 ], [ -70.670714, -33.445714 ], [ -70.670724, -33.445715 ], [ -70.670726, -33.445711 ], [ -70.670908, -33.445732 ], [ -70.670882, -33.445824 ] ] ] } },
{ "type": "Feature", "properties": { "INMUEBLES_": 566, "COUNT": 0, "INMUEBLE": null, "NUEVO_NUM": 0 }, "geometry": { "type": "Polygon", "coordinates": [ [ [ -70.670445, -33.445561 ], [ -70.670738, -33.445595 ], [ -70.670732, -33.445628 ], [ -70.670714, -33.445714 ], [ -70.670708, -33.445713 ], [ -70.670692, -33.445778 ], [ -70.670626, -33.445767 ], [ -70.67041, -33.445737 ], [ -70.670409, -33.445743 ], [ -70.670342, -33.445735 ], [ -70.670336, -33.445759 ], [ -70.670013, -33.445719 ], [ -70.669727, -33.44568 ], [ -70.669754, -33.445504 ], [ -70.669759, -33.445476 ], [ -70.670445, -33.445561 ] ] ] } },
{ "type": "Feature", "properties": { "INMUEBLES_": 567, "COUNT": 0, "INMUEBLE": null, "NUEVO_NUM": 0 }, "geometry": { "type": "Polygon", "coordinates": [ [ [ -70.669107, -33.445401 ], [ -70.669059, -33.445665 ], [ -70.668882, -33.445646 ], [ -70.668851, -33.44583 ], [ -70.668485, -33.445799 ], [ -70.668563, -33.445343 ], [ -70.669107, -33.445401 ] ] ] } },
{ "type": "Feature", "properties": { "INMUEBLES_": 571, "COUNT": 0, "INMUEBLE": null, "NUEVO_NUM": 0 }, "geometry": { "type": "Polygon", "coordinates": [ [ [ -70.667255, -33.445329 ], [ -70.66724, -33.445461 ], [ -70.666936, -33.44543 ], [ -70.666953, -33.445291 ], [ -70.667255, -33.445329 ] ] ] } },
{ "type": "Feature", "properties": { "INMUEBLES_": 570, "COUNT": 0, "INMUEBLE": null, "NUEVO_NUM": 0 }, "geometry": { "type": "Polygon", "coordinates": [ [ [ -70.667592, -33.445704 ], [ -70.666475, -33.445609 ], [ -70.666487, -33.445455 ], [ -70.667574, -33.445563 ], [ -70.6676, -33.445588 ], [ -70.667592, -33.445704 ] ] ] } },
{ "type": "Feature", "properties": { "INMUEBLES_": 576, "COUNT": 0, "INMUEBLE": null, "NUEVO_NUM": 0 }, "geometry": { "type": "Polygon", "coordinates": [ [ [ -70.665438, -33.444376 ], [ -70.665414, -33.444596 ], [ -70.66525, -33.444581 ], [ -70.665249, -33.444592 ], [ -70.66509, -33.444575 ], [ -70.665089, -33.444581 ], [ -70.665033, -33.444573 ], [ -70.665061, -33.444367 ], [ -70.665101, -33.444341 ], [ -70.665438, -33.444376 ] ] ] } },
{ "type": "Feature", "properties": { "INMUEBLES_": 581, "COUNT": 0, "INMUEBLE": null, "NUEVO_NUM": 0 }, "geometry": { "type": "Polygon", "coordinates": [ [ [ -70.663786, -33.444198 ], [ -70.663748, -33.444423 ], [ -70.663544, -33.444392 ], [ -70.663441, -33.44438 ], [ -70.663481, -33.444169 ], [ -70.663584, -33.444178 ], [ -70.663582, -33.444199 ], [ -70.663675, -33.444207 ], [ -70.663677, -33.444188 ], [ -70.663786, -33.444198 ] ] ] } },
{ "type": "Feature", "properties": { "INMUEBLES_": 583, "COUNT": 0, "INMUEBLE": null, "NUEVO_NUM": 0 }, "geometry": { "type": "Polygon", "coordinates": [ [ [ -70.663541, -33.444392 ], [ -70.663494, -33.444641 ], [ -70.663123, -33.444609 ], [ -70.663091, -33.444578 ], [ -70.663176, -33.444183 ], [ -70.663212, -33.444162 ], [ -70.663368, -33.444177 ], [ -70.663347, -33.444311 ], [ -70.663451, -33.444326 ], [ -70.663439, -33.444377 ], [ -70.663541, -33.444392 ] ] ] } },
{ "type": "Feature", "properties": { "INMUEBLES_": 556, "COUNT": 0, "INMUEBLE": null, "NUEVO_NUM": 0 }, "geometry": { "type": "Polygon", "coordinates": [ [ [ -70.66178, -33.443111 ], [ -70.66178, -33.443113 ], [ -70.661737, -33.443439 ], [ -70.661289, -33.443401 ], [ -70.661317, -33.443229 ], [ -70.661273, -33.443224 ], [ -70.661282, -33.443085 ], [ -70.661334, -33.44309 ], [ -70.661343, -33.443037 ], [ -70.661749, -33.44308 ], [ -70.66178, -33.443111 ] ] ] } },
{ "type": "Feature", "properties": { "INMUEBLES_": 545, "COUNT": 0, "INMUEBLE": null, "NUEVO_NUM": 0 }, "geometry": { "type": "Polygon", "coordinates": [ [ [ -70.662833, -33.44319 ], [ -70.662771, -33.443468 ], [ -70.662157, -33.443404 ], [ -70.662171, -33.443307 ], [ -70.662054, -33.443294 ], [ -70.662056, -33.443292 ], [ -70.662082, -33.443119 ], [ -70.662833, -33.44319 ] ] ] } },
{ "type": "Feature", "properties": { "INMUEBLES_": 543, "COUNT": 0, "INMUEBLE": null, "NUEVO_NUM": 0 }, "geometry": { "type": "Polygon", "coordinates": [ [ [ -70.664208, -33.443726 ], [ -70.664152, -33.444141 ], [ -70.663956, -33.444122 ], [ -70.663977, -33.443945 ], [ -70.663894, -33.443938 ], [ -70.663896, -33.443916 ], [ -70.663892, -33.443895 ], [ -70.66386, -33.443783 ], [ -70.663837, -33.443781 ], [ -70.66385, -33.443692 ], [ -70.664208, -33.443726 ] ] ] } },
{ "type": "Feature", "properties": { "INMUEBLES_": 536, "COUNT": 0, "INMUEBLE": null, "NUEVO_NUM": 0 }, "geometry": { "type": "Polygon", "coordinates": [ [ [ -70.664528, -33.443341 ], [ -70.664496, -33.443572 ], [ -70.664471, -33.443752 ], [ -70.6643, -33.443735 ], [ -70.664366, -33.443324 ], [ -70.664528, -33.443341 ] ] ] } },
{ "type": "Feature", "properties": { "INMUEBLES_": 533, "COUNT": 0, "INMUEBLE": null, "NUEVO_NUM": 0 }, "geometry": { "type": "Polygon", "coordinates": [ [ [ -70.665433, -33.443433 ], [ -70.665387, -33.443724 ], [ -70.665566, -33.44374 ], [ -70.665542, -33.443916 ], [ -70.665402, -33.443904 ], [ -70.665412, -33.443838 ], [ -70.665138, -33.443812 ], [ -70.665192, -33.443433 ], [ -70.665227, -33.443412 ], [ -70.665433, -33.443433 ] ] ] } },
{ "type": "Feature", "properties": { "INMUEBLES_": 506, "COUNT": 0, "INMUEBLE": null, "NUEVO_NUM": 0 }, "geometry": { "type": "Polygon", "coordinates": [ [ [ -70.663798, -33.442074 ], [ -70.66376, -33.442477 ], [ -70.663745, -33.442636 ], [ -70.663724, -33.442832 ], [ -70.663719, -33.442885 ], [ -70.663442, -33.442862 ], [ -70.663467, -33.442696 ], [ -70.663435, -33.442693 ], [ -70.663458, -33.442523 ], [ -70.663469, -33.44243 ], [ -70.663508, -33.442434 ], [ -70.663535, -33.442273 ], [ -70.663488, -33.442269 ], [ -70.663517, -33.442075 ], [ -70.663553, -33.442053 ], [ -70.663798, -33.442074 ] ] ] } },
{ "type": "Feature", "properties": { "INMUEBLES_": 515, "COUNT": 0, "INMUEBLE": null, "NUEVO_NUM": 0 }, "geometry": { "type": "Polygon", "coordinates": [ [ [ -70.66279, -33.442512 ], [ -70.662731, -33.44305 ], [ -70.662239, -33.443003 ], [ -70.66231, -33.442468 ], [ -70.66279, -33.442512 ] ] ] } },
{ "type": "Feature", "properties": { "INMUEBLES_": 554, "COUNT": 0, "INMUEBLE": null, "NUEVO_NUM": 0 }, "geometry": { "type": "Polygon", "coordinates": [ [ [ -70.661504, -33.445261 ], [ -70.661481, -33.445459 ], [ -70.661489, -33.44546 ], [ -70.661473, -33.445566 ], [ -70.66121, -33.445524 ], [ -70.661221, -33.445425 ], [ -70.66125, -33.445429 ], [ -70.661254, -33.445399 ], [ -70.661226, -33.445392 ], [ -70.661237, -33.445326 ], [ -70.661237, -33.44532 ], [ -70.661179, -33.44531 ], [ -70.661185, -33.445231 ], [ -70.661504, -33.445261 ] ] ] } },
{ "type": "Feature", "properties": { "INMUEBLES_": 597, "COUNT": 0, "INMUEBLE": null, "NUEVO_NUM": 0 }, "geometry": { "type": "Polygon", "coordinates": [ [ [ -70.662797, -33.445206 ], [ -70.662766, -33.44534 ], [ -70.662756, -33.445346 ], [ -70.662295, -33.445254 ], [ -70.662279, -33.445259 ], [ -70.662265, -33.445305 ], [ -70.662269, -33.445312 ], [ -70.662743, -33.445407 ], [ -70.662746, -33.445411 ], [ -70.66275, -33.445417 ], [ -70.662721, -33.445552 ], [ -70.66219, -33.445451 ], [ -70.66225, -33.445101 ], [ -70.662797, -33.445206 ] ] ] } },
{ "type": "Feature", "properties": { "INMUEBLES_": 599, "COUNT": 0, "INMUEBLE": null, "NUEVO_NUM": 0 }, "geometry": { "type": "Polygon", "coordinates": [ [ [ -70.662304, -33.444778 ], [ -70.662224, -33.445267 ], [ -70.662203, -33.445385 ], [ -70.662187, -33.445468 ], [ -70.662129, -33.445746 ], [ -70.661675, -33.445661 ], [ -70.661657, -33.445657 ], [ -70.661624, -33.445653 ], [ -70.661625, -33.44561 ], [ -70.661662, -33.445318 ], [ -70.661717, -33.44483 ], [ -70.661733, -33.444663 ], [ -70.662304, -33.444778 ] ] ] } },
{ "type": "Feature", "properties": { "INMUEBLES_": 590, "COUNT": 0, "INMUEBLE": null, "NUEVO_NUM": 0 }, "geometry": { "type": "Polygon", "coordinates": [ [ [ -70.663818, -33.445521 ], [ -70.663752, -33.446025 ], [ -70.663645, -33.446002 ], [ -70.663533, -33.44598 ], [ -70.663555, -33.445906 ], [ -70.663576, -33.44582 ], [ -70.663305, -33.445764 ], [ -70.663334, -33.445591 ], [ -70.66336, -33.44544 ], [ -70.663818, -33.445521 ] ] ] } },
{ "type": "Feature", "properties": { "INMUEBLES_": 592, "COUNT": 0, "INMUEBLE": null, "NUEVO_NUM": 0 }, "geometry": { "type": "Polygon", "coordinates": [ [ [ -70.663475, -33.444783 ], [ -70.663436, -33.445003 ], [ -70.663011, -33.444926 ], [ -70.663042, -33.444773 ], [ -70.663078, -33.444751 ], [ -70.663355, -33.444776 ], [ -70.663475, -33.444783 ] ] ] } },
{ "type": "Feature", "properties": { "INMUEBLES_": 593, "COUNT": 0, "INMUEBLE": null, "NUEVO_NUM": 0 }, "geometry": { "type": "Polygon", "coordinates": [ [ [ -70.663436, -33.445002 ], [ -70.663406, -33.445177 ], [ -70.662972, -33.445122 ], [ -70.66302, -33.444927 ], [ -70.663319, -33.444984 ], [ -70.663436, -33.445002 ] ] ] } },
{ "type": "Feature", "properties": { "INMUEBLES_": 594, "COUNT": 0, "INMUEBLE": null, "NUEVO_NUM": 0 }, "geometry": { "type": "Polygon", "coordinates": [ [ [ -70.66337, -33.445389 ], [ -70.663305, -33.445764 ], [ -70.66285, -33.445668 ], [ -70.662875, -33.445547 ], [ -70.662927, -33.44532 ], [ -70.66337, -33.445389 ] ] ] } },
{ "type": "Feature", "properties": { "INMUEBLES_": 505, "COUNT": 0, "INMUEBLE": null, "NUEVO_NUM": 0 }, "geometry": { "type": "Polygon", "coordinates": [ [ [ -70.664719, -33.442382 ], [ -70.664716, -33.442715 ], [ -70.664773, -33.44272 ], [ -70.664763, -33.443027 ], [ -70.664758, -33.443249 ], [ -70.664558, -33.443228 ], [ -70.664533, -33.443199 ], [ -70.664537, -33.443126 ], [ -70.66454, -33.443006 ], [ -70.664547, -33.442731 ], [ -70.664544, -33.442641 ], [ -70.664533, -33.442442 ], [ -70.66453, -33.442375 ], [ -70.664539, -33.442175 ], [ -70.664663, -33.442188 ], [ -70.664651, -33.44238 ], [ -70.664719, -33.442382 ] ] ] } },
{ "type": "Feature", "properties": { "INMUEBLES_": 505, "COUNT": 0, "INMUEBLE": null, "NUEVO_NUM": 0 }, "geometry": { "type": "Polygon", "coordinates": [ [ [ -70.664189, -33.442362 ], [ -70.664421, -33.442369 ], [ -70.664441, -33.442677 ], [ -70.664433, -33.443085 ], [ -70.66421, -33.443058 ], [ -70.664231, -33.442906 ], [ -70.664272, -33.442692 ], [ -70.664224, -33.442688 ], [ -70.664227, -33.442672 ], [ -70.664158, -33.442667 ], [ -70.664159, -33.442655 ], [ -70.664189, -33.442362 ] ] ] } },
{ "type": "Feature", "properties": { "INMUEBLES_": 585, "COUNT": 0, "INMUEBLE": null, "NUEVO_NUM": 0 }, "geometry": { "type": "Polygon", "coordinates": [ [ [ -70.664193, -33.444846 ], [ -70.66415, -33.445174 ], [ -70.664227, -33.445183 ], [ -70.664216, -33.44526 ], [ -70.663962, -33.445241 ], [ -70.663986, -33.445057 ], [ -70.664016, -33.444832 ], [ -70.664193, -33.444846 ] ] ] } },
{ "type": "Feature", "properties": { "INMUEBLES_": 586, "COUNT": 0, "INMUEBLE": null, "NUEVO_NUM": 0 }, "geometry": { "type": "Polygon", "coordinates": [ [ [ -70.663962, -33.445242 ], [ -70.664218, -33.445264 ], [ -70.664406, -33.445281 ], [ -70.664358, -33.445622 ], [ -70.66392, -33.445575 ], [ -70.663962, -33.445242 ] ] ] } },
{ "type": "Feature", "properties": { "INMUEBLES_": 587, "COUNT": 0, "INMUEBLE": null, "NUEVO_NUM": 0 }, "geometry": { "type": "Polygon", "coordinates": [ [ [ -70.664358, -33.445621 ], [ -70.664344, -33.445711 ], [ -70.664294, -33.445989 ], [ -70.663872, -33.445949 ], [ -70.663909, -33.445669 ], [ -70.66392, -33.445575 ], [ -70.664358, -33.445621 ] ] ] } },
{ "type": "Feature", "properties": { "INMUEBLES_": 103, "COUNT": 0, "INMUEBLE": null, "NUEVO_NUM": 0 }, "geometry": { "type": "Polygon", "coordinates": [ [ [ -70.664571, -33.445624 ], [ -70.66443, -33.446617 ], [ -70.664426, -33.446643 ], [ -70.664423, -33.446653 ], [ -70.66442, -33.446659 ], [ -70.664411, -33.446667 ], [ -70.664398, -33.446671 ], [ -70.664385, -33.446673 ], [ -70.664374, -33.446672 ], [ -70.664358, -33.446668 ], [ -70.664177, -33.446622 ], [ -70.664346, -33.445695 ], [ -70.66436, -33.445592 ], [ -70.664571, -33.445624 ] ] ] } },
{ "type": "Feature", "properties": { "INMUEBLES_": 45, "COUNT": 0, "INMUEBLE": null, "NUEVO_NUM": 0 }, "geometry": { "type": "Polygon", "coordinates": [ [ [ -70.667565, -33.445833 ], [ -70.667552, -33.445977 ], [ -70.667545, -33.446034 ], [ -70.667521, -33.446229 ], [ -70.667483, -33.446245 ], [ -70.666404, -33.445963 ], [ -70.666392, -33.445959 ], [ -70.666364, -33.445933 ], [ -70.666361, -33.445824 ], [ -70.666411, -33.445817 ], [ -70.666966, -33.445895 ], [ -70.666955, -33.445958 ], [ -70.666951, -33.445957 ], [ -70.666943, -33.446007 ], [ -70.667392, -33.446125 ], [ -70.66741, -33.446114 ], [ -70.667418, -33.44604 ], [ -70.667398, -33.446037 ], [ -70.667407, -33.445954 ], [ -70.667424, -33.445819 ], [ -70.667565, -33.445833 ] ] ] } },
{ "type": "Feature", "properties": { "INMUEBLES_": 3, "COUNT": 0, "INMUEBLE": null, "NUEVO_NUM": 0 }, "geometry": { "type": "Polygon", "coordinates": [ [ [ -70.657572, -33.445976 ], [ -70.657485, -33.446496 ], [ -70.657252, -33.446443 ], [ -70.657277, -33.446292 ], [ -70.657338, -33.44592 ], [ -70.657572, -33.445976 ] ] ] } },
{ "type": "Feature", "properties": { "INMUEBLES_": 615, "COUNT": 0, "INMUEBLE": null, "NUEVO_NUM": 0 }, "geometry": { "type": "Polygon", "coordinates": [ [ [ -70.671427, -33.447517 ], [ -70.671253, -33.447503 ], [ -70.671289, -33.447288 ], [ -70.671426, -33.447321 ], [ -70.671433, -33.447324 ], [ -70.671439, -33.44733 ], [ -70.671443, -33.447334 ], [ -70.671446, -33.44734 ], [ -70.671447, -33.447348 ], [ -70.671446, -33.447354 ], [ -70.671427, -33.447517 ] ] ] } },
{ "type": "Feature", "properties": { "INMUEBLES_": 613, "COUNT": 0, "INMUEBLE": null, "NUEVO_NUM": 0 }, "geometry": { "type": "Polygon", "coordinates": [ [ [ -70.671678, -33.447381 ], [ -70.671652, -33.447477 ], [ -70.671631, -33.447566 ], [ -70.671787, -33.447587 ], [ -70.67175, -33.447769 ], [ -70.671748, -33.447775 ], [ -70.671744, -33.44778 ], [ -70.671738, -33.447784 ], [ -70.671731, -33.447788 ], [ -70.671723, -33.44779 ], [ -70.671715, -33.44779 ], [ -70.671512, -33.447761 ], [ -70.671486, -33.447733 ], [ -70.67153, -33.447362 ], [ -70.671531, -33.447359 ], [ -70.671533, -33.447356 ], [ -70.671536, -33.447354 ], [ -70.67154, -33.447352 ], [ -70.671544, -33.447351 ], [ -70.671548, -33.44735 ], [ -70.671553, -33.447351 ], [ -70.671678, -33.447381 ] ] ] } },
{ "type": "Feature", "properties": { "INMUEBLES_": 483, "COUNT": 0, "INMUEBLE": null, "NUEVO_NUM": 0 }, "geometry": { "type": "Polygon", "coordinates": [ [ [ -70.676586, -33.444257 ], [ -70.676559, -33.444566 ], [ -70.676376, -33.444554 ], [ -70.676386, -33.444237 ], [ -70.676586, -33.444257 ] ] ] } },
{ "type": "Feature", "properties": { "INMUEBLES_": 159, "COUNT": 0, "INMUEBLE": null, "NUEVO_NUM": 0 }, "geometry": { "type": "Polygon", "coordinates": [ [ [ -70.674171, -33.4436 ], [ -70.674146, -33.443789 ], [ -70.674129, -33.443931 ], [ -70.673937, -33.443912 ], [ -70.673968, -33.443571 ], [ -70.674171, -33.4436 ] ] ] } },
{ "type": "Feature", "properties": { "INMUEBLES_": 485, "COUNT": 0, "INMUEBLE": null, "NUEVO_NUM": 0 }, "geometry": { "type": "Polygon", "coordinates": [ [ [ -70.674129, -33.443932 ], [ -70.674087, -33.444251 ], [ -70.673914, -33.444235 ], [ -70.673939, -33.444034 ], [ -70.673927, -33.444032 ], [ -70.673938, -33.44391 ], [ -70.674129, -33.443932 ] ] ] } },
{ "type": "Feature", "properties": { "INMUEBLES_": 486, "COUNT": 0, "INMUEBLE": null, "NUEVO_NUM": 0 }, "geometry": { "type": "Polygon", "coordinates": [ [ [ -70.673833, -33.443885 ], [ -70.673818, -33.444072 ], [ -70.673429, -33.444029 ], [ -70.673444, -33.443939 ], [ -70.673463, -33.443941 ], [ -70.67348, -33.443844 ], [ -70.673833, -33.443885 ] ] ] } },
{ "type": "Feature", "properties": { "INMUEBLES_": 498, "COUNT": 0, "INMUEBLE": null, "NUEVO_NUM": 0 }, "geometry": { "type": "Polygon", "coordinates": [ [ [ -70.668403, -33.443268 ], [ -70.668372, -33.443541 ], [ -70.667999, -33.443505 ], [ -70.668022, -33.443234 ], [ -70.668293, -33.443258 ], [ -70.668343, -33.443263 ], [ -70.668403, -33.443268 ] ] ] } },
{ "type": "Feature", "properties": { "INMUEBLES_": 500, "COUNT": 0, "INMUEBLE": null, "NUEVO_NUM": 0 }, "geometry": { "type": "Polygon", "coordinates": [ [ [ -70.669111, -33.443386 ], [ -70.669068, -33.443663 ], [ -70.669039, -33.443854 ], [ -70.668863, -33.443828 ], [ -70.668937, -33.443356 ], [ -70.669111, -33.443386 ] ] ] } },
{ "type": "Feature", "properties": { "INMUEBLES_": 451, "COUNT": 0, "INMUEBLE": null, "NUEVO_NUM": 0 }, "geometry": { "type": "Polygon", "coordinates": [ [ [ -70.667992, -33.441836 ], [ -70.66791, -33.4422 ], [ -70.667768, -33.442178 ], [ -70.667817, -33.441769 ], [ -70.667992, -33.441836 ] ] ] } },
{ "type": "Feature", "properties": { "INMUEBLES_": 444, "COUNT": 0, "INMUEBLE": null, "NUEVO_NUM": 0 }, "geometry": { "type": "Polygon", "coordinates": [ [ [ -70.673464, -33.442408 ], [ -70.673433, -33.442746 ], [ -70.673197, -33.442719 ], [ -70.673228, -33.442366 ], [ -70.673464, -33.442408 ] ] ] } },
{ "type": "Feature", "properties": { "INMUEBLES_": 443, "COUNT": 0, "INMUEBLE": null, "NUEVO_NUM": 0 }, "geometry": { "type": "Polygon", "coordinates": [ [ [ -70.673933, -33.44241 ], [ -70.673757, -33.442401 ], [ -70.67373, -33.44272 ], [ -70.673739, -33.442625 ], [ -70.673945, -33.44264 ], [ -70.673936, -33.442736 ], [ -70.673919, -33.442929 ], [ -70.673887, -33.44295 ], [ -70.673608, -33.442919 ], [ -70.673595, -33.442903 ], [ -70.673664, -33.442173 ], [ -70.67368, -33.442166 ], [ -70.673918, -33.442194 ], [ -70.673949, -33.442226 ], [ -70.673933, -33.44241 ] ] ] } },
{ "type": "Feature", "properties": { "INMUEBLES_": 443, "COUNT": 0, "INMUEBLE": null, "NUEVO_NUM": 0 }, "geometry": { "type": "Polygon", "coordinates": [ [ [ -70.673599, -33.442166 ], [ -70.673533, -33.442897 ], [ -70.673515, -33.442908 ], [ -70.673491, -33.442906 ], [ -70.673422, -33.442897 ], [ -70.673487, -33.442143 ], [ -70.673588, -33.442155 ], [ -70.673599, -33.442166 ] ] ] } },
{ "type": "Feature", "properties": { "INMUEBLES_": 439, "COUNT": 0, "INMUEBLE": null, "NUEVO_NUM": 0 }, "geometry": { "type": "Polygon", "coordinates": [ [ [ -70.675372, -33.442553 ], [ -70.675357, -33.442733 ], [ -70.675217, -33.442722 ], [ -70.675233, -33.442548 ], [ -70.675262, -33.442548 ], [ -70.675282, -33.442355 ], [ -70.675356, -33.442361 ], [ -70.675387, -33.442389 ], [ -70.675372, -33.442553 ] ] ] } },
{ "type": "Feature", "properties": { "INMUEBLES_": 482, "COUNT": 0, "INMUEBLE": null, "NUEVO_NUM": 0 }, "geometry": { "type": "Polygon", "coordinates": [ [ [ -70.678044, -33.44466 ], [ -70.678022, -33.444872 ], [ -70.677727, -33.444853 ], [ -70.67776, -33.444583 ], [ -70.677945, -33.444597 ], [ -70.677939, -33.444653 ], [ -70.678044, -33.44466 ] ] ] } },
{ "type": "Feature", "properties": { "INMUEBLES_": 431, "COUNT": 0, "INMUEBLE": null, "NUEVO_NUM": 0 }, "geometry": { "type": "Polygon", "coordinates": [ [ [ -70.678137, -33.442542 ], [ -70.678114, -33.442774 ], [ -70.678021, -33.442768 ], [ -70.678015, -33.442818 ], [ -70.677529, -33.442783 ], [ -70.677553, -33.442527 ], [ -70.677586, -33.442504 ], [ -70.678137, -33.442542 ] ] ] } },
{ "type": "Feature", "properties": { "INMUEBLES_": 394, "COUNT": 0, "INMUEBLE": null, "NUEVO_NUM": 0 }, "geometry": { "type": "Polygon", "coordinates": [ [ [ -70.67744, -33.442172 ], [ -70.677425, -33.442356 ], [ -70.677392, -33.442381 ], [ -70.677219, -33.44237 ], [ -70.67724, -33.442156 ], [ -70.67744, -33.442172 ] ] ] } },
{ "type": "Feature", "properties": { "INMUEBLES_": 395, "COUNT": 0, "INMUEBLE": null, "NUEVO_NUM": 0 }, "geometry": { "type": "Polygon", "coordinates": [ [ [ -70.67751, -33.44158 ], [ -70.677459, -33.442174 ], [ -70.67724, -33.442156 ], [ -70.677286, -33.441655 ], [ -70.677293, -33.441563 ], [ -70.67751, -33.44158 ] ] ] } },
{ "type": "Feature", "properties": { "INMUEBLES_": 363, "COUNT": 0, "INMUEBLE": null, "NUEVO_NUM": 0 }, "geometry": { "type": "Polygon", "coordinates": [ [ [ -70.677573, -33.440865 ], [ -70.677539, -33.441248 ], [ -70.677505, -33.441271 ], [ -70.67678, -33.441193 ], [ -70.6768, -33.440931 ], [ -70.677035, -33.440956 ], [ -70.677042, -33.440813 ], [ -70.677148, -33.440825 ], [ -70.677146, -33.440833 ], [ -70.677227, -33.440841 ], [ -70.677228, -33.440831 ], [ -70.677573, -33.440865 ] ] ] } },
{ "type": "Feature", "properties": { "INMUEBLES_": 357, "COUNT": 0, "INMUEBLE": null, "NUEVO_NUM": 0 }, "geometry": { "type": "Polygon", "coordinates": [ [ [ -70.680528, -33.439668 ], [ -70.680513, -33.439899 ], [ -70.680048, -33.439873 ], [ -70.680053, -33.439791 ], [ -70.680056, -33.439721 ], [ -70.680058, -33.439713 ], [ -70.680061, -33.439709 ], [ -70.680064, -33.439705 ], [ -70.680069, -33.439643 ], [ -70.680528, -33.439668 ] ] ] } },
{ "type": "Feature", "properties": { "INMUEBLES_": 308, "COUNT": 0, "INMUEBLE": null, "NUEVO_NUM": 0 }, "geometry": { "type": "Polygon", "coordinates": [ [ [ -70.67958, -33.438478 ], [ -70.679573, -33.438583 ], [ -70.678989, -33.438545 ], [ -70.678992, -33.438464 ], [ -70.679027, -33.438438 ], [ -70.67958, -33.438478 ] ] ] } },
{ "type": "Feature", "properties": { "INMUEBLES_": 309, "COUNT": 0, "INMUEBLE": null, "NUEVO_NUM": 0 }, "geometry": { "type": "Polygon", "coordinates": [ [ [ -70.678031, -33.43923 ], [ -70.678023, -33.439333 ], [ -70.67802, -33.439397 ], [ -70.678007, -33.439504 ], [ -70.678201, -33.43952 ], [ -70.678183, -33.439789 ], [ -70.678043, -33.439777 ], [ -70.678008, -33.440084 ], [ -70.677798, -33.440061 ], [ -70.67777, -33.440032 ], [ -70.677842, -33.439213 ], [ -70.678031, -33.43923 ] ] ] } },
{ "type": "Feature", "properties": { "INMUEBLES_": 312, "COUNT": 0, "INMUEBLE": null, "NUEVO_NUM": 0 }, "geometry": { "type": "Polygon", "coordinates": [ [ [ -70.677796, -33.438328 ], [ -70.677772, -33.438577 ], [ -70.677713, -33.438575 ], [ -70.677713, -33.438567 ], [ -70.677423, -33.438546 ], [ -70.677446, -33.438329 ], [ -70.677705, -33.438346 ], [ -70.677708, -33.438322 ], [ -70.677796, -33.438328 ] ] ] } },
{ "type": "Feature", "properties": { "INMUEBLES_": 315, "COUNT": 0, "INMUEBLE": null, "NUEVO_NUM": 0 }, "geometry": { "type": "Polygon", "coordinates": [ [ [ -70.67664, -33.439262 ], [ -70.676626, -33.439408 ], [ -70.67641, -33.43939 ], [ -70.676422, -33.439245 ], [ -70.67664, -33.439262 ] ] ] } },
{ "type": "Feature", "properties": { "INMUEBLES_": 396, "COUNT": 0, "INMUEBLE": null, "NUEVO_NUM": 0 }, "geometry": { "type": "Polygon", "coordinates": [ [ [ -70.676828, -33.441293 ], [ -70.676791, -33.441726 ], [ -70.676779, -33.441725 ], [ -70.676745, -33.44215 ], [ -70.676717, -33.442148 ], [ -70.676698, -33.442159 ], [ -70.676696, -33.442179 ], [ -70.676653, -33.442176 ], [ -70.67664, -33.442331 ], [ -70.67654, -33.442324 ], [ -70.676514, -33.442296 ], [ -70.676596, -33.441293 ], [ -70.67663, -33.44127 ], [ -70.676828, -33.441293 ] ] ] } },
{ "type": "Feature", "properties": { "INMUEBLES_": 32, "COUNT": 0, "INMUEBLE": null, "NUEVO_NUM": 0 }, "geometry": { "type": "Polygon", "coordinates": [ [ [ -70.676456, -33.441282 ], [ -70.676369, -33.442284 ], [ -70.676333, -33.442308 ], [ -70.676029, -33.442283 ], [ -70.676007, -33.442261 ], [ -70.676043, -33.44187 ], [ -70.676044, -33.441853 ], [ -70.676054, -33.441845 ], [ -70.676074, -33.441622 ], [ -70.676063, -33.441614 ], [ -70.676099, -33.441237 ], [ -70.676128, -33.441219 ], [ -70.676428, -33.441252 ], [ -70.676456, -33.441282 ] ] ] } },
{ "type": "Feature", "properties": { "INMUEBLES_": 32, "COUNT": 0, "INMUEBLE": null, "NUEVO_NUM": 0 }, "geometry": { "type": "Polygon", "coordinates": [ [ [ -70.676004, -33.441226 ], [ -70.675973, -33.44161 ], [ -70.675957, -33.441621 ], [ -70.67594, -33.44184 ], [ -70.67595, -33.441853 ], [ -70.675916, -33.442255 ], [ -70.675889, -33.442274 ], [ -70.675581, -33.44225 ], [ -70.675571, -33.442245 ], [ -70.675565, -33.442239 ], [ -70.675559, -33.442231 ], [ -70.675557, -33.442222 ], [ -70.675558, -33.442213 ], [ -70.675536, -33.442189 ], [ -70.675557, -33.441963 ], [ -70.675579, -33.441963 ], [ -70.675614, -33.4416 ], [ -70.675592, -33.4416 ], [ -70.675605, -33.441439 ], [ -70.675628, -33.44144 ], [ -70.675648, -33.441195 ], [ -70.675681, -33.441172 ], [ -70.675986, -33.441203 ], [ -70.676004, -33.441226 ] ] ] } },
{ "type": "Feature", "properties": { "INMUEBLES_": 398, "COUNT": 0, "INMUEBLE": null, "NUEVO_NUM": 0 }, "geometry": { "type": "Polygon", "coordinates": [ [ [ -70.675511, -33.441177 ], [ -70.6755, -33.441286 ], [ -70.675485, -33.441286 ], [ -70.675444, -33.441701 ], [ -70.675464, -33.441704 ], [ -70.675416, -33.442232 ], [ -70.675385, -33.442254 ], [ -70.675254, -33.44224 ], [ -70.675344, -33.441269 ], [ -70.675333, -33.441268 ], [ -70.675337, -33.44121 ], [ -70.675342, -33.441152 ], [ -70.675343, -33.441133 ], [ -70.675483, -33.44115 ], [ -70.675511, -33.441177 ] ] ] } },
{ "type": "Feature", "properties": { "INMUEBLES_": 33, "COUNT": 0, "INMUEBLE": null, "NUEVO_NUM": 0 }, "geometry": { "type": "Polygon", "coordinates": [ [ [ -70.675344, -33.441133 ], [ -70.675334, -33.441253 ], [ -70.675333, -33.441269 ], [ -70.675344, -33.44127 ], [ -70.675343, -33.441285 ], [ -70.675342, -33.441293 ], [ -70.675253, -33.44224 ], [ -70.675082, -33.44222 ], [ -70.675085, -33.442199 ], [ -70.675024, -33.442191 ], [ -70.675005, -33.442172 ], [ -70.675097, -33.441641 ], [ -70.675118, -33.441645 ], [ -70.675144, -33.441496 ], [ -70.675142, -33.441496 ], [ -70.675148, -33.441462 ], [ -70.67515, -33.441462 ], [ -70.675176, -33.441314 ], [ -70.675154, -33.441311 ], [ -70.675165, -33.441249 ], [ -70.675137, -33.441246 ], [ -70.675159, -33.441133 ], [ -70.675183, -33.441116 ], [ -70.675328, -33.441131 ], [ -70.675344, -33.441133 ] ] ] } },
{ "type": "Feature", "properties": { "INMUEBLES_": 33, "COUNT": 0, "INMUEBLE": null, "NUEVO_NUM": 0 }, "geometry": { "type": "Polygon", "coordinates": [ [ [ -70.6751, -33.441126 ], [ -70.675081, -33.441238 ], [ -70.675055, -33.441237 ], [ -70.675044, -33.441298 ], [ -70.675022, -33.441296 ], [ -70.674996, -33.441443 ], [ -70.675001, -33.441445 ], [ -70.674995, -33.441479 ], [ -70.67499, -33.441478 ], [ -70.674971, -33.441586 ], [ -70.674965, -33.441627 ], [ -70.674987, -33.44163 ], [ -70.674898, -33.442158 ], [ -70.674876, -33.442171 ], [ -70.674757, -33.442159 ], [ -70.674859, -33.441081 ], [ -70.67498, -33.441094 ], [ -70.675083, -33.441107 ], [ -70.6751, -33.441126 ] ] ] } },
{ "type": "Feature", "properties": { "INMUEBLES_": 35, "COUNT": 0, "INMUEBLE": null, "NUEVO_NUM": 0 }, "geometry": { "type": "Polygon", "coordinates": [ [ [ -70.674809, -33.441614 ], [ -70.674756, -33.442159 ], [ -70.674633, -33.442144 ], [ -70.67467, -33.441662 ], [ -70.674609, -33.441657 ], [ -70.674572, -33.442137 ], [ -70.674435, -33.44212 ], [ -70.67449, -33.441585 ], [ -70.674809, -33.441614 ] ] ] } },
{ "type": "Feature", "properties": { "INMUEBLES_": 400, "COUNT": 0, "INMUEBLE": null, "NUEVO_NUM": 0 }, "geometry": { "type": "Polygon", "coordinates": [ [ [ -70.674694, -33.44106 ], [ -70.674647, -33.441601 ], [ -70.674317, -33.441566 ], [ -70.674366, -33.441025 ], [ -70.674694, -33.44106 ] ] ] } },
{ "type": "Feature", "properties": { "INMUEBLES_": 402, "COUNT": 0, "INMUEBLE": null, "NUEVO_NUM": 0 }, "geometry": { "type": "Polygon", "coordinates": [ [ [ -70.674462, -33.441868 ], [ -70.674433, -33.442144 ], [ -70.674132, -33.442109 ], [ -70.674105, -33.44208 ], [ -70.674126, -33.441839 ], [ -70.674462, -33.441868 ] ] ] } },
{ "type": "Feature", "properties": { "INMUEBLES_": 403, "COUNT": 0, "INMUEBLE": null, "NUEVO_NUM": 0 }, "geometry": { "type": "Polygon", "coordinates": [ [ [ -70.674092, -33.441005 ], [ -70.674065, -33.441298 ], [ -70.674033, -33.441295 ], [ -70.67401, -33.441534 ], [ -70.673752, -33.441504 ], [ -70.673808, -33.440948 ], [ -70.674063, -33.440975 ], [ -70.674092, -33.441005 ] ] ] } },
{ "type": "Feature", "properties": { "INMUEBLES_": 404, "COUNT": 0, "INMUEBLE": null, "NUEVO_NUM": 0 }, "geometry": { "type": "Polygon", "coordinates": [ [ [ -70.673526, -33.440932 ], [ -70.673479, -33.441473 ], [ -70.67347, -33.441471 ], [ -70.673455, -33.441623 ], [ -70.673289, -33.441607 ], [ -70.673307, -33.44145 ], [ -70.673356, -33.440941 ], [ -70.673392, -33.440917 ], [ -70.673526, -33.440932 ] ] ] } },
{ "type": "Feature", "properties": { "INMUEBLES_": 409, "COUNT": 0, "INMUEBLE": null, "NUEVO_NUM": 0 }, "geometry": { "type": "Polygon", "coordinates": [ [ [ -70.67226, -33.44113 ], [ -70.67225, -33.441236 ], [ -70.672271, -33.441239 ], [ -70.672264, -33.441331 ], [ -70.672243, -33.441331 ], [ -70.671936, -33.441293 ], [ -70.671954, -33.4411 ], [ -70.67226, -33.44113 ] ] ] } },
{ "type": "Feature", "properties": { "INMUEBLES_": 410, "COUNT": 0, "INMUEBLE": null, "NUEVO_NUM": 0 }, "geometry": { "type": "Polygon", "coordinates": [ [ [ -70.672278, -33.440948 ], [ -70.672126, -33.440933 ], [ -70.672106, -33.441113 ], [ -70.671954, -33.441099 ], [ -70.671946, -33.441202 ], [ -70.671791, -33.441185 ], [ -70.671519, -33.441153 ], [ -70.671521, -33.441137 ], [ -70.671792, -33.441169 ], [ -70.671801, -33.441075 ], [ -70.671706, -33.441065 ], [ -70.671752, -33.440716 ], [ -70.671823, -33.440724 ], [ -70.671841, -33.440746 ], [ -70.672265, -33.440794 ], [ -70.672292, -33.440822 ], [ -70.672278, -33.440948 ] ] ] } },
{ "type": "Feature", "properties": { "INMUEBLES_": 418, "COUNT": 0, "INMUEBLE": null, "NUEVO_NUM": 0 }, "geometry": { "type": "Polygon", "coordinates": [ [ [ -70.671382, -33.440888 ], [ -70.671367, -33.441054 ], [ -70.671209, -33.441038 ], [ -70.671224, -33.440875 ], [ -70.671382, -33.440888 ] ] ] } },
{ "type": "Feature", "properties": { "INMUEBLES_": 417, "COUNT": 0, "INMUEBLE": null, "NUEVO_NUM": 0 }, "geometry": { "type": "Polygon", "coordinates": [ [ [ -70.671363, -33.441093 ], [ -70.671351, -33.441227 ], [ -70.670854, -33.441173 ], [ -70.670868, -33.441046 ], [ -70.671363, -33.441093 ] ] ] } },
{ "type": "Feature", "properties": { "INMUEBLES_": 416, "COUNT": 0, "INMUEBLE": null, "NUEVO_NUM": 0 }, "geometry": { "type": "Polygon", "coordinates": [ [ [ -70.671351, -33.441227 ], [ -70.671329, -33.441444 ], [ -70.670654, -33.441364 ], [ -70.670683, -33.441153 ], [ -70.671351, -33.441227 ] ] ] } },
{ "type": "Feature", "properties": { "INMUEBLES_": 420, "COUNT": 0, "INMUEBLE": null, "NUEVO_NUM": 0 }, "geometry": { "type": "Polygon", "coordinates": [ [ [ -70.670654, -33.441362 ], [ -70.670413, -33.441338 ], [ -70.670429, -33.441225 ], [ -70.670191, -33.441198 ], [ -70.670229, -33.440911 ], [ -70.670706, -33.440971 ], [ -70.670654, -33.441362 ] ] ] } },
{ "type": "Feature", "properties": { "INMUEBLES_": 415, "COUNT": 0, "INMUEBLE": null, "NUEVO_NUM": 0 }, "geometry": { "type": "Polygon", "coordinates": [ [ [ -70.671357, -33.441449 ], [ -70.671329, -33.441754 ], [ -70.671289, -33.441772 ], [ -70.671051, -33.441743 ], [ -70.671081, -33.441414 ], [ -70.671357, -33.441449 ] ] ] } },
{ "type": "Feature", "properties": { "INMUEBLES_": 100, "COUNT": 0, "INMUEBLE": null, "NUEVO_NUM": 0 }, "geometry": { "type": "Polygon", "coordinates": [ [ [ -70.670102, -33.440739 ], [ -70.67002, -33.441347 ], [ -70.670001, -33.441482 ], [ -70.669889, -33.441471 ], [ -70.669879, -33.441568 ], [ -70.6696, -33.441532 ], [ -70.669601, -33.441523 ], [ -70.669565, -33.441518 ], [ -70.669581, -33.441423 ], [ -70.669627, -33.441428 ], [ -70.669632, -33.441394 ], [ -70.669638, -33.441359 ], [ -70.669672, -33.441362 ], [ -70.669718, -33.441367 ], [ -70.669723, -33.441335 ], [ -70.669757, -33.441338 ], [ -70.669768, -33.44128 ], [ -70.669693, -33.441271 ], [ -70.669698, -33.441247 ], [ -70.669704, -33.441204 ], [ -70.669566, -33.441188 ], [ -70.669641, -33.44069 ], [ -70.670102, -33.440739 ] ] ] } },
{ "type": "Feature", "properties": { "INMUEBLES_": 421, "COUNT": 0, "INMUEBLE": null, "NUEVO_NUM": 0 }, "geometry": { "type": "Polygon", "coordinates": [ [ [ -70.668866, -33.440672 ], [ -70.668822, -33.441196 ], [ -70.668543, -33.441158 ], [ -70.668496, -33.441435 ], [ -70.668369, -33.441418 ], [ -70.668344, -33.441387 ], [ -70.668514, -33.44063 ], [ -70.668866, -33.440672 ] ] ] } },
{ "type": "Feature", "properties": { "INMUEBLES_": 452, "COUNT": 0, "INMUEBLE": null, "NUEVO_NUM": 0 }, "geometry": { "type": "Polygon", "coordinates": [ [ [ -70.667631, -33.44143 ], [ -70.667578, -33.44169 ], [ -70.667529, -33.441686 ], [ -70.667517, -33.441761 ], [ -70.66731, -33.44174 ], [ -70.667329, -33.441586 ], [ -70.667357, -33.441589 ], [ -70.667389, -33.441402 ], [ -70.667631, -33.44143 ] ] ] } },
{ "type": "Feature", "properties": { "INMUEBLES_": 365, "COUNT": 0, "INMUEBLE": null, "NUEVO_NUM": 0 }, "geometry": { "type": "Polygon", "coordinates": [ [ [ -70.674933, -33.44042 ], [ -70.674863, -33.440946 ], [ -70.674263, -33.440879 ], [ -70.674251, -33.440876 ], [ -70.674242, -33.44087 ], [ -70.674235, -33.440861 ], [ -70.674233, -33.440851 ], [ -70.674274, -33.440369 ], [ -70.674277, -33.440363 ], [ -70.674282, -33.440358 ], [ -70.67429, -33.440354 ], [ -70.674299, -33.440353 ], [ -70.674933, -33.44042 ] ] ] } },
{ "type": "Feature", "properties": { "INMUEBLES_": 375, "COUNT": 0, "INMUEBLE": null, "NUEVO_NUM": 0 }, "geometry": { "type": "Polygon", "coordinates": [ [ [ -70.670239, -33.439656 ], [ -70.670138, -33.440397 ], [ -70.670104, -33.440418 ], [ -70.669734, -33.440379 ], [ -70.669707, -33.440348 ], [ -70.669716, -33.440286 ], [ -70.669851, -33.439401 ], [ -70.669857, -33.439386 ], [ -70.66987, -33.439375 ], [ -70.669887, -33.439369 ], [ -70.669906, -33.439368 ], [ -70.670019, -33.43938 ], [ -70.669978, -33.439635 ], [ -70.670239, -33.439656 ] ] ] } },
{ "type": "Feature", "properties": { "INMUEBLES_": 375, "COUNT": 0, "INMUEBLE": null, "NUEVO_NUM": 0 }, "geometry": { "type": "Polygon", "coordinates": [ [ [ -70.669726, -33.439374 ], [ -70.669701, -33.439546 ], [ -70.669582, -33.440332 ], [ -70.669544, -33.440356 ], [ -70.669145, -33.440312 ], [ -70.66912, -33.440281 ], [ -70.669267, -33.439326 ], [ -70.669303, -33.439303 ], [ -70.669704, -33.439346 ], [ -70.669726, -33.439374 ] ] ] } },
{ "type": "Feature", "properties": { "INMUEBLES_": 375, "COUNT": 0, "INMUEBLE": null, "NUEVO_NUM": 0 }, "geometry": { "type": "Polygon", "coordinates": [ [ [ -70.669141, -33.439318 ], [ -70.668999, -33.440228 ], [ -70.668994, -33.440263 ], [ -70.668991, -33.44027 ], [ -70.668985, -33.440277 ], [ -70.668979, -33.440283 ], [ -70.668972, -33.440286 ], [ -70.668964, -33.440289 ], [ -70.668952, -33.440291 ], [ -70.66879, -33.440272 ], [ -70.668816, -33.439921 ], [ -70.668832, -33.439599 ], [ -70.668837, -33.439441 ], [ -70.669017, -33.439459 ], [ -70.669044, -33.439277 ], [ -70.669112, -33.439285 ], [ -70.669125, -33.43929 ], [ -70.669135, -33.439299 ], [ -70.66914, -33.439308 ], [ -70.669141, -33.439318 ] ] ] } },
{ "type": "Feature", "properties": { "INMUEBLES_": 376, "COUNT": 0, "INMUEBLE": null, "NUEVO_NUM": 0 }, "geometry": { "type": "Polygon", "coordinates": [ [ [ -70.668383, -33.439457 ], [ -70.668371, -33.439713 ], [ -70.668147, -33.439689 ], [ -70.668157, -33.439439 ], [ -70.668383, -33.439457 ] ] ] } },
{ "type": "Feature", "properties": { "INMUEBLES_": 377, "COUNT": 0, "INMUEBLE": null, "NUEVO_NUM": 0 }, "geometry": { "type": "Polygon", "coordinates": [ [ [ -70.668384, -33.439457 ], [ -70.668157, -33.43944 ], [ -70.668161, -33.439182 ], [ -70.668357, -33.439204 ], [ -70.668376, -33.439211 ], [ -70.668392, -33.439225 ], [ -70.668394, -33.439247 ], [ -70.668384, -33.439457 ] ] ] } },
{ "type": "Feature", "properties": { "INMUEBLES_": 379, "COUNT": 0, "INMUEBLE": null, "NUEVO_NUM": 0 }, "geometry": { "type": "Polygon", "coordinates": [ [ [ -70.667944, -33.43913 ], [ -70.66793, -33.439652 ], [ -70.667708, -33.439635 ], [ -70.667719, -33.439107 ], [ -70.667944, -33.43913 ] ] ] } },
{ "type": "Feature", "properties": { "INMUEBLES_": 317, "COUNT": 0, "INMUEBLE": null, "NUEVO_NUM": 0 }, "geometry": { "type": "Polygon", "coordinates": [ [ [ -70.675732, -33.438411 ], [ -70.67568, -33.43903 ], [ -70.675381, -33.439009 ], [ -70.675431, -33.438394 ], [ -70.675732, -33.438411 ] ] ] } },
{ "type": "Feature", "properties": { "INMUEBLES_": 318, "COUNT": 0, "INMUEBLE": null, "NUEVO_NUM": 0 }, "geometry": { "type": "Polygon", "coordinates": [ [ [ -70.675114, -33.43817 ], [ -70.675103, -33.438329 ], [ -70.674469, -33.438282 ], [ -70.674479, -33.438149 ], [ -70.674515, -33.438131 ], [ -70.675114, -33.43817 ] ] ] } },
{ "type": "Feature", "properties": { "INMUEBLES_": 319, "COUNT": 0, "INMUEBLE": null, "NUEVO_NUM": 0 }, "geometry": { "type": "Polygon", "coordinates": [ [ [ -70.675298, -33.439441 ], [ -70.675269, -33.439783 ], [ -70.67498, -33.439756 ], [ -70.675012, -33.439412 ], [ -70.675298, -33.439441 ] ] ] } },
{ "type": "Feature", "properties": { "INMUEBLES_": 326, "COUNT": 0, "INMUEBLE": null, "NUEVO_NUM": 0 }, "geometry": { "type": "Polygon", "coordinates": [ [ [ -70.673421, -33.438331 ], [ -70.673398, -33.438633 ], [ -70.67315, -33.438619 ], [ -70.673182, -33.438318 ], [ -70.673421, -33.438331 ] ] ] } },
{ "type": "Feature", "properties": { "INMUEBLES_": 320, "COUNT": 0, "INMUEBLE": null, "NUEVO_NUM": 0 }, "geometry": { "type": "Polygon", "coordinates": [ [ [ -70.67425, -33.438881 ], [ -70.674209, -33.439339 ], [ -70.67402, -33.439325 ], [ -70.673987, -33.439676 ], [ -70.673625, -33.439632 ], [ -70.673622, -33.439627 ], [ -70.673472, -33.439613 ], [ -70.673445, -33.439582 ], [ -70.673475, -33.439279 ], [ -70.673502, -33.439282 ], [ -70.67354, -33.438833 ], [ -70.673556, -33.438669 ], [ -70.673717, -33.438676 ], [ -70.673708, -33.438782 ], [ -70.673892, -33.438796 ], [ -70.673893, -33.438809 ], [ -70.673999, -33.43883 ], [ -70.674089, -33.438836 ], [ -70.67425, -33.43885 ], [ -70.67425, -33.438881 ] ] ] } },
{ "type": "Feature", "properties": { "INMUEBLES_": 334, "COUNT": 0, "INMUEBLE": null, "NUEVO_NUM": 0 }, "geometry": { "type": "Polygon", "coordinates": [ [ [ -70.671097, -33.437894 ], [ -70.671053, -33.438191 ], [ -70.670888, -33.438174 ], [ -70.670606, -33.438145 ], [ -70.670619, -33.438031 ], [ -70.67064, -33.437887 ], [ -70.670666, -33.437867 ], [ -70.671097, -33.437894 ] ] ] } },
{ "type": "Feature", "properties": { "INMUEBLES_": 338, "COUNT": 0, "INMUEBLE": null, "NUEVO_NUM": 0 }, "geometry": { "type": "Polygon", "coordinates": [ [ [ -70.668466, -33.438495 ], [ -70.668435, -33.438816 ], [ -70.668256, -33.438795 ], [ -70.668283, -33.438478 ], [ -70.668466, -33.438495 ] ] ] } },
{ "type": "Feature", "properties": { "INMUEBLES_": 286, "COUNT": 0, "INMUEBLE": null, "NUEVO_NUM": 0 }, "geometry": { "type": "Polygon", "coordinates": [ [ [ -70.66967, -33.436752 ], [ -70.669649, -33.437024 ], [ -70.669418, -33.437008 ], [ -70.669446, -33.436733 ], [ -70.66967, -33.436752 ] ] ] } },
{ "type": "Feature", "properties": { "INMUEBLES_": 285, "COUNT": 0, "INMUEBLE": null, "NUEVO_NUM": 0 }, "geometry": { "type": "Polygon", "coordinates": [ [ [ -70.670324, -33.437362 ], [ -70.670285, -33.437702 ], [ -70.66989, -33.437673 ], [ -70.669865, -33.437642 ], [ -70.669892, -33.437327 ], [ -70.670324, -33.437362 ] ] ] } },
{ "type": "Feature", "properties": { "INMUEBLES_": 281, "COUNT": 0, "INMUEBLE": null, "NUEVO_NUM": 0 }, "geometry": { "type": "Polygon", "coordinates": [ [ [ -70.672663, -33.436972 ], [ -70.672661, -33.436995 ], [ -70.672657, -33.436995 ], [ -70.672651, -33.437057 ], [ -70.672535, -33.437045 ], [ -70.672536, -33.437032 ], [ -70.672449, -33.437025 ], [ -70.672368, -33.437018 ], [ -70.672363, -33.437089 ], [ -70.67227, -33.437079 ], [ -70.672284, -33.436921 ], [ -70.672635, -33.436945 ], [ -70.672663, -33.436972 ] ] ] } },
{ "type": "Feature", "properties": { "INMUEBLES_": 278, "COUNT": 0, "INMUEBLE": null, "NUEVO_NUM": 0 }, "geometry": { "type": "Polygon", "coordinates": [ [ [ -70.673265, -33.436998 ], [ -70.673253, -33.437182 ], [ -70.67316, -33.437176 ], [ -70.673156, -33.437221 ], [ -70.672927, -33.437205 ], [ -70.672948, -33.436975 ], [ -70.673265, -33.436998 ] ] ] } },
{ "type": "Feature", "properties": { "INMUEBLES_": 279, "COUNT": 0, "INMUEBLE": null, "NUEVO_NUM": 0 }, "geometry": { "type": "Polygon", "coordinates": [ [ [ -70.673142, -33.437352 ], [ -70.67313, -33.437463 ], [ -70.673102, -33.43775 ], [ -70.672716, -33.437726 ], [ -70.672752, -33.437327 ], [ -70.673142, -33.437352 ] ] ] } },
{ "type": "Feature", "properties": { "INMUEBLES_": 277, "COUNT": 0, "INMUEBLE": null, "NUEVO_NUM": 0 }, "geometry": { "type": "Polygon", "coordinates": [ [ [ -70.67313, -33.437463 ], [ -70.673515, -33.437486 ], [ -70.673476, -33.437908 ], [ -70.673447, -33.437929 ], [ -70.673097, -33.437904 ], [ -70.673112, -33.437751 ], [ -70.673102, -33.43775 ], [ -70.67313, -33.437463 ] ] ] } },
{ "type": "Feature", "properties": { "INMUEBLES_": 274, "COUNT": 0, "INMUEBLE": null, "NUEVO_NUM": 0 }, "geometry": { "type": "Polygon", "coordinates": [ [ [ -70.676808, -33.437261 ], [ -70.676766, -33.437749 ], [ -70.676652, -33.437742 ], [ -70.676646, -33.437822 ], [ -70.676546, -33.437814 ], [ -70.676483, -33.437804 ], [ -70.67636, -33.437794 ], [ -70.676397, -33.437359 ], [ -70.676407, -33.437206 ], [ -70.676778, -33.437231 ], [ -70.676808, -33.437261 ] ] ] } },
{ "type": "Feature", "properties": { "INMUEBLES_": 459, "COUNT": 0, "INMUEBLE": null, "NUEVO_NUM": 0 }, "geometry": { "type": "Polygon", "coordinates": [ [ [ -70.666595, -33.441312 ], [ -70.666561, -33.4415 ], [ -70.666266, -33.441461 ], [ -70.666293, -33.441249 ], [ -70.666407, -33.441264 ], [ -70.66657, -33.441284 ], [ -70.666595, -33.441312 ] ] ] } },
{ "type": "Feature", "properties": { "INMUEBLES_": 460, "COUNT": 0, "INMUEBLE": null, "NUEVO_NUM": 0 }, "geometry": { "type": "Polygon", "coordinates": [ [ [ -70.665918, -33.441221 ], [ -70.666027, -33.441233 ], [ -70.665999, -33.441415 ], [ -70.665969, -33.441413 ], [ -70.665721, -33.441379 ], [ -70.665746, -33.44118 ], [ -70.66592, -33.441202 ], [ -70.665918, -33.441221 ] ] ] } },
{ "type": "Feature", "properties": { "INMUEBLES_": 461, "COUNT": 0, "INMUEBLE": null, "NUEVO_NUM": 0 }, "geometry": { "type": "Polygon", "coordinates": [ [ [ -70.66538, -33.441762 ], [ -70.665395, -33.442132 ], [ -70.665261, -33.442119 ], [ -70.665233, -33.442089 ], [ -70.665216, -33.441765 ], [ -70.66538, -33.441762 ] ] ] } },
{ "type": "Feature", "properties": { "INMUEBLES_": 465, "COUNT": 0, "INMUEBLE": null, "NUEVO_NUM": 0 }, "geometry": { "type": "Polygon", "coordinates": [ [ [ -70.664431, -33.44109 ], [ -70.664369, -33.441454 ], [ -70.664068, -33.441423 ], [ -70.663975, -33.441415 ], [ -70.664081, -33.441057 ], [ -70.664431, -33.44109 ] ] ] } },
{ "type": "Feature", "properties": { "INMUEBLES_": 345, "COUNT": 0, "INMUEBLE": null, "NUEVO_NUM": 0 }, "geometry": { "type": "Polygon", "coordinates": [ [ [ -70.664863, -33.438279 ], [ -70.664878, -33.43841 ], [ -70.664639, -33.438432 ], [ -70.664613, -33.438305 ], [ -70.664863, -33.438279 ] ] ] } },
{ "type": "Feature", "properties": { "INMUEBLES_": 353, "COUNT": 0, "INMUEBLE": null, "NUEVO_NUM": 0 }, "geometry": { "type": "Polygon", "coordinates": [ [ [ -70.661324, -33.437468 ], [ -70.661276, -33.437866 ], [ -70.661317, -33.437871 ], [ -70.661296, -33.438063 ], [ -70.661136, -33.438047 ], [ -70.661202, -33.437457 ], [ -70.661324, -33.437468 ] ] ] } },
{ "type": "Feature", "properties": { "INMUEBLES_": 304, "COUNT": 0, "INMUEBLE": null, "NUEVO_NUM": 0 }, "geometry": { "type": "Polygon", "coordinates": [ [ [ -70.661517, -33.436733 ], [ -70.661442, -33.437204 ], [ -70.661266, -33.437187 ], [ -70.661237, -33.437152 ], [ -70.661293, -33.436714 ], [ -70.661517, -33.436733 ] ] ] } },
{ "type": "Feature", "properties": { "INMUEBLES_": 297, "COUNT": 0, "INMUEBLE": null, "NUEVO_NUM": 0 }, "geometry": { "type": "Polygon", "coordinates": [ [ [ -70.66321, -33.436212 ], [ -70.663131, -33.436799 ], [ -70.662677, -33.436746 ], [ -70.662742, -33.436199 ], [ -70.662777, -33.436175 ], [ -70.66321, -33.436212 ] ] ] } },
{ "type": "Feature", "properties": { "INMUEBLES_": 300, "COUNT": 0, "INMUEBLE": null, "NUEVO_NUM": 0 }, "geometry": { "type": "Polygon", "coordinates": [ [ [ -70.663387, -33.436827 ], [ -70.663312, -33.437438 ], [ -70.663106, -33.437418 ], [ -70.663179, -33.436804 ], [ -70.663387, -33.436827 ] ] ] } },
{ "type": "Feature", "properties": { "INMUEBLES_": 302, "COUNT": 0, "INMUEBLE": null, "NUEVO_NUM": 0 }, "geometry": { "type": "Polygon", "coordinates": [ [ [ -70.663516, -33.437456 ], [ -70.66355, -33.437206 ], [ -70.663603, -33.437211 ], [ -70.66362, -33.437093 ], [ -70.663624, -33.437057 ], [ -70.663537, -33.43705 ], [ -70.663566, -33.436847 ], [ -70.663923, -33.436882 ], [ -70.663859, -33.437268 ], [ -70.663764, -33.437259 ], [ -70.663753, -33.437353 ], [ -70.663808, -33.437358 ], [ -70.663792, -33.437484 ], [ -70.663516, -33.437456 ] ] ] } },
{ "type": "Feature", "properties": { "INMUEBLES_": 57, "COUNT": 0, "INMUEBLE": null, "NUEVO_NUM": 0 }, "geometry": { "type": "Polygon", "coordinates": [ [ [ -70.644367, -33.458785 ], [ -70.644302, -33.459124 ], [ -70.644314, -33.459127 ], [ -70.644244, -33.459641 ], [ -70.6432, -33.459542 ], [ -70.643306, -33.458583 ], [ -70.643308, -33.458579 ], [ -70.643311, -33.458575 ], [ -70.643314, -33.458572 ], [ -70.643318, -33.45857 ], [ -70.643323, -33.45857 ], [ -70.644367, -33.458785 ] ] ] } },
{ "type": "Feature", "properties": { "INMUEBLES_": 206, "COUNT": 0, "INMUEBLE": null, "NUEVO_NUM": 0 }, "geometry": { "type": "Polygon", "coordinates": [ [ [ -70.671593, -33.429189 ], [ -70.671551, -33.429569 ], [ -70.671407, -33.429568 ], [ -70.671407, -33.429593 ], [ -70.671264, -33.42959 ], [ -70.671265, -33.429568 ], [ -70.671254, -33.429569 ], [ -70.671254, -33.429579 ], [ -70.671202, -33.429576 ], [ -70.671203, -33.429564 ], [ -70.671193, -33.429565 ], [ -70.67119, -33.429587 ], [ -70.671106, -33.429585 ], [ -70.671104, -33.429562 ], [ -70.671095, -33.429561 ], [ -70.671095, -33.429586 ], [ -70.671085, -33.429587 ], [ -70.671084, -33.429577 ], [ -70.671061, -33.429576 ], [ -70.67106, -33.429563 ], [ -70.671032, -33.429561 ], [ -70.671031, -33.429585 ], [ -70.671003, -33.429586 ], [ -70.671037, -33.429148 ], [ -70.671593, -33.429189 ] ] ] } },
{ "type": "Feature", "properties": { "INMUEBLES_": 216, "COUNT": 0, "INMUEBLE": null, "NUEVO_NUM": 0 }, "geometry": { "type": "Polygon", "coordinates": [ [ [ -70.675045, -33.430076 ], [ -70.675029, -33.430237 ], [ -70.674337, -33.430187 ], [ -70.674352, -33.430014 ], [ -70.674597, -33.430038 ], [ -70.674598, -33.430045 ], [ -70.675045, -33.430076 ] ] ] } },
{ "type": "Feature", "properties": { "INMUEBLES_": 204, "COUNT": 0, "INMUEBLE": null, "NUEVO_NUM": 0 }, "geometry": { "type": "Polygon", "coordinates": [ [ [ -70.678034, -33.427129 ], [ -70.678008, -33.427423 ], [ -70.677737, -33.427415 ], [ -70.677761, -33.427185 ], [ -70.677857, -33.42719 ], [ -70.677865, -33.427076 ], [ -70.677903, -33.427095 ], [ -70.677943, -33.427108 ], [ -70.677988, -33.427121 ], [ -70.678034, -33.427129 ] ] ] } },
{ "type": "Feature", "properties": { "INMUEBLES_": 205, "COUNT": 0, "INMUEBLE": null, "NUEVO_NUM": 0 }, "geometry": { "type": "Polygon", "coordinates": [ [ [ -70.677967, -33.427879 ], [ -70.677963, -33.42796 ], [ -70.67793, -33.427987 ], [ -70.67691, -33.428037 ], [ -70.676891, -33.428015 ], [ -70.676904, -33.427859 ], [ -70.677017, -33.427869 ], [ -70.677016, -33.427896 ], [ -70.677116, -33.427902 ], [ -70.67714, -33.427616 ], [ -70.677597, -33.427641 ], [ -70.677693, -33.427687 ], [ -70.677709, -33.42788 ], [ -70.677967, -33.427879 ] ] ] } },
{ "type": "Feature", "properties": { "INMUEBLES_": 210, "COUNT": 0, "INMUEBLE": null, "NUEVO_NUM": 0 }, "geometry": { "type": "Polygon", "coordinates": [ [ [ -70.678594, -33.428881 ], [ -70.678596, -33.428881 ], [ -70.678574, -33.429063 ], [ -70.678293, -33.429051 ], [ -70.678316, -33.428862 ], [ -70.678594, -33.428881 ] ] ] } },
{ "type": "Feature", "properties": { "INMUEBLES_": 212, "COUNT": 0, "INMUEBLE": null, "NUEVO_NUM": 0 }, "geometry": { "type": "Polygon", "coordinates": [ [ [ -70.680592, -33.429937 ], [ -70.679778, -33.429896 ], [ -70.679786, -33.429781 ], [ -70.679791, -33.429705 ], [ -70.679803, -33.429586 ], [ -70.680584, -33.429607 ], [ -70.680601, -33.429741 ], [ -70.680598, -33.429818 ], [ -70.680592, -33.429937 ] ] ] } },
{ "type": "Feature", "properties": { "INMUEBLES_": 215, "COUNT": 0, "INMUEBLE": null, "NUEVO_NUM": 0 }, "geometry": { "type": "Polygon", "coordinates": [ [ [ -70.677468, -33.429722 ], [ -70.677454, -33.429931 ], [ -70.677069, -33.429912 ], [ -70.67671, -33.429898 ], [ -70.676714, -33.429834 ], [ -70.676722, -33.429754 ], [ -70.676727, -33.429684 ], [ -70.677468, -33.429722 ] ] ] } },
{ "type": "Feature", "properties": { "INMUEBLES_": 223, "COUNT": 0, "INMUEBLE": null, "NUEVO_NUM": 0 }, "geometry": { "type": "Polygon", "coordinates": [ [ [ -70.678421, -33.430704 ], [ -70.678369, -33.431277 ], [ -70.678107, -33.431257 ], [ -70.678136, -33.430883 ], [ -70.67815, -33.430685 ], [ -70.678421, -33.430704 ] ] ] } },
{ "type": "Feature", "properties": { "INMUEBLES_": 225, "COUNT": 0, "INMUEBLE": null, "NUEVO_NUM": 0 }, "geometry": { "type": "Polygon", "coordinates": [ [ [ -70.679283, -33.4333 ], [ -70.679262, -33.433576 ], [ -70.679246, -33.43359 ], [ -70.678963, -33.433573 ], [ -70.678985, -33.43329 ], [ -70.679077, -33.433293 ], [ -70.679283, -33.4333 ] ] ] } },
{ "type": "Feature", "properties": { "INMUEBLES_": 233, "COUNT": 0, "INMUEBLE": null, "NUEVO_NUM": 0 }, "geometry": { "type": "Polygon", "coordinates": [ [ [ -70.677955, -33.433659 ], [ -70.677927, -33.433982 ], [ -70.677703, -33.433966 ], [ -70.67773, -33.433645 ], [ -70.677955, -33.433659 ] ] ] } },
{ "type": "Feature", "properties": { "INMUEBLES_": 239, "COUNT": 0, "INMUEBLE": null, "NUEVO_NUM": 0 }, "geometry": { "type": "Polygon", "coordinates": [ [ [ -70.679118, -33.435152 ], [ -70.679079, -33.435565 ], [ -70.679048, -33.435591 ], [ -70.6789, -33.435573 ], [ -70.678939, -33.435141 ], [ -70.679118, -33.435152 ] ] ] } },
{ "type": "Feature", "properties": { "INMUEBLES_": 254, "COUNT": 0, "INMUEBLE": null, "NUEVO_NUM": 0 }, "geometry": { "type": "Polygon", "coordinates": [ [ [ -70.675325, -33.435905 ], [ -70.675316, -33.435998 ], [ -70.675315, -33.43604 ], [ -70.675303, -33.436136 ], [ -70.67467, -33.43608 ], [ -70.674679, -33.435976 ], [ -70.674681, -33.43595 ], [ -70.674689, -33.435855 ], [ -70.675325, -33.435905 ] ] ] } },
{ "type": "Feature", "properties": { "INMUEBLES_": 253, "COUNT": 0, "INMUEBLE": null, "NUEVO_NUM": 0 }, "geometry": { "type": "Polygon", "coordinates": [ [ [ -70.675148, -33.435688 ], [ -70.674927, -33.43567 ], [ -70.674951, -33.435243 ], [ -70.675173, -33.435269 ], [ -70.675148, -33.435688 ] ] ] } },
{ "type": "Feature", "properties": { "INMUEBLES_": 256, "COUNT": 0, "INMUEBLE": null, "NUEVO_NUM": 0 }, "geometry": { "type": "Polygon", "coordinates": [ [ [ -70.671932, -33.43513 ], [ -70.671908, -33.435375 ], [ -70.671852, -33.435965 ], [ -70.67137, -33.435982 ], [ -70.671376, -33.435882 ], [ -70.671366, -33.435882 ], [ -70.671485, -33.435094 ], [ -70.6719, -33.435106 ], [ -70.671932, -33.43513 ] ] ] } },
{ "type": "Feature", "properties": { "INMUEBLES_": 236, "COUNT": 0, "INMUEBLE": null, "NUEVO_NUM": 0 }, "geometry": { "type": "Polygon", "coordinates": [ [ [ -70.669402, -33.433082 ], [ -70.66938, -33.433355 ], [ -70.669398, -33.433356 ], [ -70.669371, -33.433623 ], [ -70.669166, -33.433607 ], [ -70.669211, -33.433097 ], [ -70.669244, -33.43307 ], [ -70.669402, -33.433082 ] ] ] } },
{ "type": "Feature", "properties": { "INMUEBLES_": 235, "COUNT": 0, "INMUEBLE": null, "NUEVO_NUM": 0 }, "geometry": { "type": "Polygon", "coordinates": [ [ [ -70.670095, -33.433159 ], [ -70.670047, -33.433779 ], [ -70.670014, -33.433804 ], [ -70.669575, -33.433772 ], [ -70.669608, -33.433391 ], [ -70.66968, -33.433396 ], [ -70.669683, -33.433394 ], [ -70.669715, -33.433396 ], [ -70.669711, -33.433438 ], [ -70.669852, -33.43345 ], [ -70.669887, -33.433119 ], [ -70.670066, -33.433133 ], [ -70.670095, -33.433159 ] ] ] } },
{ "type": "Feature", "properties": { "INMUEBLES_": 244, "COUNT": 0, "INMUEBLE": null, "NUEVO_NUM": 0 }, "geometry": { "type": "Polygon", "coordinates": [ [ [ -70.667378, -33.433923 ], [ -70.667349, -33.434216 ], [ -70.666682, -33.434184 ], [ -70.666688, -33.433867 ], [ -70.667378, -33.433923 ] ] ] } },
{ "type": "Feature", "properties": { "INMUEBLES_": 257, "COUNT": 0, "INMUEBLE": null, "NUEVO_NUM": 0 }, "geometry": { "type": "Polygon", "coordinates": [ [ [ -70.669667, -33.435025 ], [ -70.669598, -33.435687 ], [ -70.669355, -33.435675 ], [ -70.669367, -33.435591 ], [ -70.669284, -33.435587 ], [ -70.669314, -33.435317 ], [ -70.669255, -33.435314 ], [ -70.669276, -33.435009 ], [ -70.669667, -33.435025 ] ] ] } },
{ "type": "Feature", "properties": { "INMUEBLES_": 262, "COUNT": 0, "INMUEBLE": null, "NUEVO_NUM": 0 }, "geometry": { "type": "Polygon", "coordinates": [ [ [ -70.667256, -33.435128 ], [ -70.667224, -33.435525 ], [ -70.666973, -33.435508 ], [ -70.666996, -33.435113 ], [ -70.667256, -33.435128 ] ] ] } },
{ "type": "Feature", "properties": { "INMUEBLES_": 259, "COUNT": 0, "INMUEBLE": null, "NUEVO_NUM": 0 }, "geometry": { "type": "Polygon", "coordinates": [ [ [ -70.669207, -33.436477 ], [ -70.669192, -33.436585 ], [ -70.66893, -33.436567 ], [ -70.668898, -33.436539 ], [ -70.668906, -33.436456 ], [ -70.669207, -33.436477 ] ] ] } },
{ "type": "Feature", "properties": { "INMUEBLES_": 246, "COUNT": 0, "INMUEBLE": null, "NUEVO_NUM": 0 }, "geometry": { "type": "Polygon", "coordinates": [ [ [ -70.662617, -33.43358 ], [ -70.662613, -33.433755 ], [ -70.662379, -33.433749 ], [ -70.662383, -33.433597 ], [ -70.662497, -33.4336 ], [ -70.662498, -33.433578 ], [ -70.662617, -33.43358 ] ] ] } },
{ "type": "Feature", "properties": { "INMUEBLES_": 247, "COUNT": 0, "INMUEBLE": null, "NUEVO_NUM": 0 }, "geometry": { "type": "Polygon", "coordinates": [ [ [ -70.662285, -33.434252 ], [ -70.662264, -33.434445 ], [ -70.661762, -33.434422 ], [ -70.661759, -33.43444 ], [ -70.661687, -33.434437 ], [ -70.661735, -33.434202 ], [ -70.661853, -33.434208 ], [ -70.661853, -33.434214 ], [ -70.662285, -33.434252 ] ] ] } },
{ "type": "Feature", "properties": { "INMUEBLES_": 228, "COUNT": 0, "INMUEBLE": null, "NUEVO_NUM": 0 }, "geometry": { "type": "Polygon", "coordinates": [ [ [ -70.662969, -33.432346 ], [ -70.662951, -33.432537 ], [ -70.662522, -33.432517 ], [ -70.662417, -33.43251 ], [ -70.662417, -33.432485 ], [ -70.662419, -33.43244 ], [ -70.662419, -33.432406 ], [ -70.662384, -33.432404 ], [ -70.662388, -33.432319 ], [ -70.662535, -33.432325 ], [ -70.662577, -33.432328 ], [ -70.662969, -33.432346 ] ] ] } },
{ "type": "Feature", "properties": { "INMUEBLES_": 265, "COUNT": 0, "INMUEBLE": null, "NUEVO_NUM": 0 }, "geometry": { "type": "Polygon", "coordinates": [ [ [ -70.666166, -33.435506 ], [ -70.666158, -33.435674 ], [ -70.665574, -33.435639 ], [ -70.665582, -33.435477 ], [ -70.666166, -33.435506 ] ] ] } },
{ "type": "Feature", "properties": { "INMUEBLES_": 263, "COUNT": 0, "INMUEBLE": null, "NUEVO_NUM": 0 }, "geometry": { "type": "Polygon", "coordinates": [ [ [ -70.666137, -33.436013 ], [ -70.666121, -33.436298 ], [ -70.666086, -33.436323 ], [ -70.665989, -33.436315 ], [ -70.666035, -33.436011 ], [ -70.666137, -33.436013 ] ] ] } },
{ "type": "Feature", "properties": { "INMUEBLES_": 266, "COUNT": 0, "INMUEBLE": null, "NUEVO_NUM": 0 }, "geometry": { "type": "Polygon", "coordinates": [ [ [ -70.6655, -33.435987 ], [ -70.665465, -33.436272 ], [ -70.665129, -33.436244 ], [ -70.665145, -33.435969 ], [ -70.6655, -33.435987 ] ] ] } },
{ "type": "Feature", "properties": { "INMUEBLES_": 269, "COUNT": 0, "INMUEBLE": null, "NUEVO_NUM": 0 }, "geometry": { "type": "Polygon", "coordinates": [ [ [ -70.663191, -33.435416 ], [ -70.663104, -33.436069 ], [ -70.662921, -33.436053 ], [ -70.663002, -33.435401 ], [ -70.663191, -33.435416 ] ] ] } },
{ "type": "Feature", "properties": { "INMUEBLES_": 270, "COUNT": 0, "INMUEBLE": null, "NUEVO_NUM": 0 }, "geometry": { "type": "Polygon", "coordinates": [ [ [ -70.663939, -33.435472 ], [ -70.663844, -33.436129 ], [ -70.663735, -33.436121 ], [ -70.663735, -33.43613 ], [ -70.663619, -33.436122 ], [ -70.663712, -33.435458 ], [ -70.663825, -33.435466 ], [ -70.663939, -33.435472 ] ] ] } },
{ "type": "Feature", "properties": { "INMUEBLES_": 608, "COUNT": 0, "INMUEBLE": null, "NUEVO_NUM": 0 }, "geometry": { "type": "Polygon", "coordinates": [ [ [ -70.672607, -33.447594 ], [ -70.672567, -33.447774 ], [ -70.672413, -33.448596 ], [ -70.67236, -33.448831 ], [ -70.67221, -33.44879 ], [ -70.672249, -33.448615 ], [ -70.672333, -33.448101 ], [ -70.6723, -33.448092 ], [ -70.672408, -33.447549 ], [ -70.672607, -33.447594 ] ] ] } },
{ "type": "Feature", "properties": { "INMUEBLES_": 606, "COUNT": 0, "INMUEBLE": null, "NUEVO_NUM": 0 }, "geometry": { "type": "Polygon", "coordinates": [ [ [ -70.673542, -33.448132 ], [ -70.673508, -33.448281 ], [ -70.673279, -33.448247 ], [ -70.673309, -33.448098 ], [ -70.673542, -33.448132 ] ] ] } },
{ "type": "Feature", "properties": { "INMUEBLES_": 52, "COUNT": 0, "INMUEBLE": null, "NUEVO_NUM": 0 }, "geometry": { "type": "Polygon", "coordinates": [ [ [ -70.651334, -33.475873 ], [ -70.651275, -33.476511 ], [ -70.650881, -33.476525 ], [ -70.650904, -33.476265 ], [ -70.650856, -33.476262 ], [ -70.65086, -33.476204 ], [ -70.650706, -33.476198 ], [ -70.650727, -33.475837 ], [ -70.651334, -33.475873 ] ] ] } },
{ "type": "Feature", "properties": { "INMUEBLES_": 50, "COUNT": 0, "INMUEBLE": null, "NUEVO_NUM": 0 }, "geometry": { "type": "Polygon", "coordinates": [ [ [ -70.644637, -33.468913 ], [ -70.644621, -33.469051 ], [ -70.644525, -33.469046 ], [ -70.644504, -33.469279 ], [ -70.644041, -33.469231 ], [ -70.644062, -33.469032 ], [ -70.644086, -33.468857 ], [ -70.644637, -33.468913 ] ] ] } },
{ "type": "Feature", "properties": { "INMUEBLES_": 218, "COUNT": 0, "INMUEBLE": null, "NUEVO_NUM": 0 }, "geometry": { "type": "Polygon", "coordinates": [ [ [ -70.67013, -33.43195 ], [ -70.669914, -33.431949 ], [ -70.669892, -33.431931 ], [ -70.669881, -33.431923 ], [ -70.669886, -33.431621 ], [ -70.670185, -33.431624 ], [ -70.670166, -33.431925 ], [ -70.67013, -33.43195 ] ] ] } },
{ "type": "Feature", "properties": { "INMUEBLES_": 336, "COUNT": 0, "INMUEBLE": null, "NUEVO_NUM": 0 }, "geometry": { "type": "Polygon", "coordinates": [ [ [ -70.670175, -33.438058 ], [ -70.669679, -33.438023 ], [ -70.669502, -33.438009 ], [ -70.669534, -33.437782 ], [ -70.670095, -33.437825 ], [ -70.6701, -33.437795 ], [ -70.670213, -33.437804 ], [ -70.670211, -33.437833 ], [ -70.670175, -33.438058 ] ] ] } },
{ "type": "Feature", "properties": { "INMUEBLES_": 74, "COUNT": 0, "INMUEBLE": null, "NUEVO_NUM": 0 }, "geometry": { "type": "Polygon", "coordinates": [ [ [ -70.649808, -33.437259 ], [ -70.649728, -33.437715 ], [ -70.649506, -33.437688 ], [ -70.649508, -33.437646 ], [ -70.649498, -33.437606 ], [ -70.649488, -33.437572 ], [ -70.649464, -33.437539 ], [ -70.649442, -33.437514 ], [ -70.649433, -33.437507 ], [ -70.649339, -33.437492 ], [ -70.649329, -33.43755 ], [ -70.649167, -33.437535 ], [ -70.649225, -33.437172 ], [ -70.649482, -33.437202 ], [ -70.649485, -33.437201 ], [ -70.649757, -33.43723 ], [ -70.649752, -33.437252 ], [ -70.649808, -33.437259 ] ] ] } },
{ "type": "Feature", "properties": { "INMUEBLES_": 74, "COUNT": 0, "INMUEBLE": null, "NUEVO_NUM": 0 }, "geometry": { "type": "Polygon", "coordinates": [ [ [ -70.649714, -33.437805 ], [ -70.64964, -33.438261 ], [ -70.649583, -33.438252 ], [ -70.649577, -33.438278 ], [ -70.649301, -33.43825 ], [ -70.649355, -33.437937 ], [ -70.649385, -33.43792 ], [ -70.649425, -33.437891 ], [ -70.649448, -33.437868 ], [ -70.649465, -33.437843 ], [ -70.649484, -33.43781 ], [ -70.649494, -33.437775 ], [ -70.649714, -33.437805 ] ] ] } },
{ "type": "Feature", "properties": { "INMUEBLES_": 143, "COUNT": 0, "INMUEBLE": null, "NUEVO_NUM": 0 }, "geometry": { "type": "Polygon", "coordinates": [ [ [ -70.653481, -33.434385 ], [ -70.653371, -33.435228 ], [ -70.653048, -33.435183 ], [ -70.653023, -33.435152 ], [ -70.653121, -33.434399 ], [ -70.653159, -33.434372 ], [ -70.653481, -33.434385 ] ] ] } },
{ "type": "Feature", "properties": { "INMUEBLES_": 273, "COUNT": 0, "INMUEBLE": null, "NUEVO_NUM": 0 }, "geometry": { "type": "Polygon", "coordinates": [ [ [ -70.678047, -33.437324 ], [ -70.678049, -33.437324 ], [ -70.678051, -33.437322 ], [ -70.678053, -33.437322 ], [ -70.678055, -33.437321 ], [ -70.678057, -33.43732 ], [ -70.678061, -33.437319 ], [ -70.678064, -33.437319 ], [ -70.678072, -33.437319 ], [ -70.678241, -33.43733 ], [ -70.678256, -33.437332 ], [ -70.678258, -33.437333 ], [ -70.678261, -33.437334 ], [ -70.678263, -33.437335 ], [ -70.678264, -33.437336 ], [ -70.678264, -33.437336 ], [ -70.678265, -33.437336 ], [ -70.678267, -33.437338 ], [ -70.678272, -33.437341 ], [ -70.678274, -33.437343 ], [ -70.678276, -33.437345 ], [ -70.678277, -33.437348 ], [ -70.678279, -33.437349 ], [ -70.67828, -33.437351 ], [ -70.678281, -33.437353 ], [ -70.678282, -33.437357 ], [ -70.678283, -33.43736 ], [ -70.678283, -33.437367 ], [ -70.678276, -33.437441 ], [ -70.678276, -33.437442 ], [ -70.678275, -33.437445 ], [ -70.678274, -33.437453 ], [ -70.678272, -33.437457 ], [ -70.678269, -33.437462 ], [ -70.678268, -33.437463 ], [ -70.678266, -33.437466 ], [ -70.678263, -33.437468 ], [ -70.678261, -33.43747 ], [ -70.678259, -33.437471 ], [ -70.678257, -33.437473 ], [ -70.678254, -33.437474 ], [ -70.678251, -33.437476 ], [ -70.678248, -33.437477 ], [ -70.678245, -33.437478 ], [ -70.678242, -33.437478 ], [ -70.678239, -33.437479 ], [ -70.678235, -33.437479 ], [ -70.678227, -33.437479 ], [ -70.678064, -33.437469 ], [ -70.678056, -33.437469 ], [ -70.67805, -33.437468 ], [ -70.678046, -33.437466 ], [ -70.678043, -33.437465 ], [ -70.67804, -33.437464 ], [ -70.678037, -33.437462 ], [ -70.678034, -33.43746 ], [ -70.678032, -33.437459 ], [ -70.67803, -33.437457 ], [ -70.678029, -33.437456 ], [ -70.678029, -33.437456 ], [ -70.678027, -33.437454 ], [ -70.678026, -33.437452 ], [ -70.678025, -33.437451 ], [ -70.678022, -33.437448 ], [ -70.678022, -33.437447 ], [ -70.678021, -33.437445 ], [ -70.678019, -33.43744 ], [ -70.678018, -33.437432 ], [ -70.678025, -33.437357 ], [ -70.678025, -33.437355 ], [ -70.678027, -33.437348 ], [ -70.678028, -33.437346 ], [ -70.678029, -33.437343 ], [ -70.67803, -33.43734 ], [ -70.678032, -33.437337 ], [ -70.678034, -33.437335 ], [ -70.678036, -33.437333 ], [ -70.678037, -33.437331 ], [ -70.678039, -33.43733 ], [ -70.678041, -33.437329 ], [ -70.678043, -33.437327 ], [ -70.678046, -33.437325 ], [ -70.678047, -33.437324 ] ] ] } },
{ "type": "Feature", "properties": { "INMUEBLES_": 273, "COUNT": 0, "INMUEBLE": null, "NUEVO_NUM": 0 }, "geometry": { "type": "Polygon", "coordinates": [ [ [ -70.678479, -33.437346 ], [ -70.67845, -33.437655 ], [ -70.677999, -33.437628 ], [ -70.678005, -33.437572 ], [ -70.678006, -33.437566 ], [ -70.678007, -33.437563 ], [ -70.678009, -33.43756 ], [ -70.678011, -33.437557 ], [ -70.678013, -33.437554 ], [ -70.678016, -33.437551 ], [ -70.678018, -33.437549 ], [ -70.678021, -33.437547 ], [ -70.678021, -33.437547 ], [ -70.678024, -33.437544 ], [ -70.678028, -33.437542 ], [ -70.678033, -33.43754 ], [ -70.678038, -33.437539 ], [ -70.678045, -33.437537 ], [ -70.678052, -33.437537 ], [ -70.678346, -33.437555 ], [ -70.678363, -33.437378 ], [ -70.678363, -33.437374 ], [ -70.678364, -33.43737 ], [ -70.678366, -33.437365 ], [ -70.678368, -33.437361 ], [ -70.67837, -33.437358 ], [ -70.678373, -33.437355 ], [ -70.678376, -33.437353 ], [ -70.678379, -33.43735 ], [ -70.678381, -33.437349 ], [ -70.678382, -33.437348 ], [ -70.678383, -33.437348 ], [ -70.678384, -33.437347 ], [ -70.678386, -33.437346 ], [ -70.678388, -33.437345 ], [ -70.67839, -33.437344 ], [ -70.678393, -33.437343 ], [ -70.678398, -33.437342 ], [ -70.678402, -33.437341 ], [ -70.678407, -33.437341 ], [ -70.678411, -33.437341 ], [ -70.678416, -33.437341 ], [ -70.678479, -33.437346 ] ] ] } },
{ "type": "Feature", "properties": { "INMUEBLES_": 45, "COUNT": 0, "INMUEBLE": null, "NUEVO_NUM": 0 }, "geometry": { "type": "Polygon", "coordinates": [ [ [ -70.666874, -33.446498 ], [ -70.667305, -33.446585 ], [ -70.667382, -33.446593 ], [ -70.667394, -33.446362 ], [ -70.667509, -33.446393 ], [ -70.667492, -33.446606 ], [ -70.667498, -33.446606 ], [ -70.667485, -33.446722 ], [ -70.666844, -33.446589 ], [ -70.66685, -33.446572 ], [ -70.666874, -33.446498 ] ] ] } },
{ "type": "Feature", "properties": { "INMUEBLES_": 167, "COUNT": 0, "INMUEBLE": null, "NUEVO_NUM": 0 }, "geometry": { "type": "Polygon", "coordinates": [ [ [ -70.643547, -33.437819 ], [ -70.643547, -33.437817 ], [ -70.643555, -33.437818 ], [ -70.643733, -33.437834 ], [ -70.643828, -33.437845 ], [ -70.643987, -33.437858 ], [ -70.643985, -33.438232 ], [ -70.643672, -33.438258 ], [ -70.643586, -33.438075 ], [ -70.643569, -33.43802 ], [ -70.643561, -33.437991 ], [ -70.643555, -33.437967 ], [ -70.643553, -33.437955 ], [ -70.643551, -33.437943 ], [ -70.643549, -33.43793 ], [ -70.643547, -33.437917 ], [ -70.643545, -33.437894 ], [ -70.643544, -33.437878 ], [ -70.643544, -33.437866 ], [ -70.643544, -33.437853 ], [ -70.643545, -33.437841 ], [ -70.643545, -33.437833 ], [ -70.643546, -33.437826 ], [ -70.643547, -33.437819 ] ] ] } },
{ "type": "Feature", "properties": { "INMUEBLES_": 99, "COUNT": 0, "INMUEBLE": null, "NUEVO_NUM": 0 }, "geometry": { "type": "Polygon", "coordinates": [ [ [ -70.637312, -33.441485 ], [ -70.636775, -33.442032 ], [ -70.636671, -33.441962 ], [ -70.63692, -33.441706 ], [ -70.63694, -33.441721 ], [ -70.636983, -33.44168 ], [ -70.636959, -33.441665 ], [ -70.637205, -33.441414 ], [ -70.637312, -33.441485 ] ] ] } },
{ "type": "Feature", "properties": { "INMUEBLES_": 99, "COUNT": 0, "INMUEBLE": null, "NUEVO_NUM": 0 }, "geometry": { "type": "Polygon", "coordinates": [ [ [ -70.637467, -33.441587 ], [ -70.636931, -33.442132 ], [ -70.63683, -33.442065 ], [ -70.637363, -33.441519 ], [ -70.637467, -33.441587 ] ] ] } },
{ "type": "Feature", "properties": { "INMUEBLES_": 99, "COUNT": 0, "INMUEBLE": null, "NUEVO_NUM": 0 }, "geometry": { "type": "Polygon", "coordinates": [ [ [ -70.637631, -33.441673 ], [ -70.637068, -33.442248 ], [ -70.636966, -33.442182 ], [ -70.63753, -33.441606 ], [ -70.637631, -33.441673 ] ] ] } },
{ "type": "Feature", "properties": { "INMUEBLES_": 99, "COUNT": 0, "INMUEBLE": null, "NUEVO_NUM": 0 }, "geometry": { "type": "Polygon", "coordinates": [ [ [ -70.637786, -33.441774 ], [ -70.63722, -33.442349 ], [ -70.637116, -33.44228 ], [ -70.637689, -33.441709 ], [ -70.637786, -33.441774 ] ] ] } },
{ "type": "Feature", "properties": { "INMUEBLES_": 99, "COUNT": 0, "INMUEBLE": null, "NUEVO_NUM": 0 }, "geometry": { "type": "Polygon", "coordinates": [ [ [ -70.63794, -33.441876 ], [ -70.637373, -33.442453 ], [ -70.637272, -33.442383 ], [ -70.637839, -33.44181 ], [ -70.63794, -33.441876 ] ] ] } },
{ "type": "Feature", "properties": { "INMUEBLES_": 5, "COUNT": 0, "INMUEBLE": null, "NUEVO_NUM": 0 }, "geometry": { "type": "Polygon", "coordinates": [ [ [ -70.658283, -33.446166 ], [ -70.658193, -33.446589 ], [ -70.657861, -33.446561 ], [ -70.657946, -33.446063 ], [ -70.658264, -33.446137 ], [ -70.658283, -33.446166 ] ] ] } },
{ "type": "Feature", "properties": { "INMUEBLES_": 339, "COUNT": 0, "INMUEBLE": null, "NUEVO_NUM": 0 }, "geometry": { "type": "MultiPolygon", "coordinates": [ [ [ [ -70.667393, -33.438636 ], [ -70.667493, -33.438646 ], [ -70.667534, -33.438649 ], [ -70.667591, -33.438654 ], [ -70.667623, -33.438657 ], [ -70.66767, -33.438661 ], [ -70.667652, -33.438807 ], [ -70.667649, -33.438828 ], [ -70.667637, -33.438908 ], [ -70.667636, -33.438912 ], [ -70.667654, -33.438927 ], [ -70.667645, -33.438986 ], [ -70.66762, -33.438998 ], [ -70.667542, -33.438991 ], [ -70.66744, -33.438981 ], [ -70.667339, -33.438971 ], [ -70.667236, -33.438961 ], [ -70.667236, -33.438959 ], [ -70.667284, -33.438599 ], [ -70.667397, -33.43861 ], [ -70.667393, -33.438636 ] ] ], [ [ [ -70.66779, -33.439014 ], [ -70.667781, -33.439013 ], [ -70.667729, -33.439008 ], [ -70.667702, -33.439005 ], [ -70.667681, -33.438989 ], [ -70.667689, -33.438932 ], [ -70.667709, -33.43892 ], [ -70.667721, -33.438835 ], [ -70.667741, -33.438688 ], [ -70.667744, -33.438667 ], [ -70.667745, -33.438667 ], [ -70.667833, -33.438677 ], [ -70.667928, -33.438686 ], [ -70.66797, -33.438691 ], [ -70.668021, -33.438696 ], [ -70.667982, -33.43903 ], [ -70.667982, -33.439033 ], [ -70.667933, -33.439028 ], [ -70.667886, -33.439023 ], [ -70.667835, -33.439018 ], [ -70.66779, -33.439014 ] ] ] ] } },
{ "type": "Feature", "properties": { "INMUEBLES_": 397, "COUNT": 0, "INMUEBLE": null, "NUEVO_NUM": 0 }, "geometry": { "type": "MultiPolygon", "coordinates": [ [ [ [ -70.676741, -33.442202 ], [ -70.676743, -33.442175 ], [ -70.676745, -33.44215 ], [ -70.676747, -33.442121 ], [ -70.676753, -33.442061 ], [ -70.676755, -33.442036 ], [ -70.676755, -33.442029 ], [ -70.676758, -33.441994 ], [ -70.67676, -33.441962 ], [ -70.676761, -33.44195 ], [ -70.676762, -33.441934 ], [ -70.676765, -33.441906 ], [ -70.676767, -33.441878 ], [ -70.676768, -33.44187 ], [ -70.67677, -33.441845 ], [ -70.676772, -33.441817 ], [ -70.676774, -33.441785 ], [ -70.676775, -33.441778 ], [ -70.676779, -33.441731 ], [ -70.676779, -33.441725 ], [ -70.676792, -33.441726 ], [ -70.676857, -33.44173 ], [ -70.676857, -33.441731 ], [ -70.676854, -33.441786 ], [ -70.67684, -33.441784 ], [ -70.676834, -33.441874 ], [ -70.676828, -33.441953 ], [ -70.676822, -33.442041 ], [ -70.676814, -33.442125 ], [ -70.676808, -33.442206 ], [ -70.676802, -33.442321 ], [ -70.676777, -33.44234 ], [ -70.67673, -33.442337 ], [ -70.676741, -33.442202 ] ] ], [ [ [ -70.676838, -33.442209 ], [ -70.676844, -33.442127 ], [ -70.676851, -33.442042 ], [ -70.676857, -33.441955 ], [ -70.676863, -33.441876 ], [ -70.676869, -33.441787 ], [ -70.676916, -33.441791 ], [ -70.676941, -33.441794 ], [ -70.676934, -33.44188 ], [ -70.676928, -33.441959 ], [ -70.676922, -33.442047 ], [ -70.676914, -33.442131 ], [ -70.676912, -33.442155 ], [ -70.67691, -33.442178 ], [ -70.676907, -33.442213 ], [ -70.676896, -33.442348 ], [ -70.676848, -33.442345 ], [ -70.676832, -33.442325 ], [ -70.676838, -33.442209 ] ] ] ] } },
{ "type": "Feature", "properties": { "INMUEBLES_": 99, "COUNT": 0, "INMUEBLE": null, "NUEVO_NUM": 0 }, "geometry": { "type": "Polygon", "coordinates": [ [ [ -70.638333, -33.44195 ], [ -70.637796, -33.442484 ], [ -70.637688, -33.442414 ], [ -70.638226, -33.441878 ], [ -70.638333, -33.44195 ] ] ] } },
{ "type": "Feature", "properties": { "INMUEBLES_": 124, "COUNT": 0, "INMUEBLE": null, "NUEVO_NUM": 0 }, "geometry": { "type": "Polygon", "coordinates": [ [ [ -70.666995, -33.453546 ], [ -70.666774, -33.453512 ], [ -70.666788, -33.453414 ], [ -70.667014, -33.453443 ], [ -70.666995, -33.453546 ] ] ] } },
{ "type": "Feature", "properties": { "INMUEBLES_": 124, "COUNT": 0, "INMUEBLE": null, "NUEVO_NUM": 0 }, "geometry": { "type": "Polygon", "coordinates": [ [ [ -70.666995, -33.453546 ], [ -70.66698, -33.453631 ], [ -70.666761, -33.453606 ], [ -70.666774, -33.453512 ], [ -70.666995, -33.453546 ] ] ] } },
{ "type": "Feature", "properties": { "INMUEBLES_": 125, "COUNT": 0, "INMUEBLE": null, "NUEVO_NUM": 0 }, "geometry": { "type": "Polygon", "coordinates": [ [ [ -70.666934, -33.45387 ], [ -70.666723, -33.453845 ], [ -70.666736, -33.453769 ], [ -70.666947, -33.453797 ], [ -70.666934, -33.45387 ] ] ] } },
{ "type": "Feature", "properties": { "INMUEBLES_": 125, "COUNT": 0, "INMUEBLE": null, "NUEVO_NUM": 0 }, "geometry": { "type": "Polygon", "coordinates": [ [ [ -70.666934, -33.45387 ], [ -70.666917, -33.453969 ], [ -70.666707, -33.453945 ], [ -70.666723, -33.453845 ], [ -70.666934, -33.45387 ] ] ] } },
{ "type": "Feature", "properties": { "INMUEBLES_": 126, "COUNT": 0, "INMUEBLE": null, "NUEVO_NUM": 0 }, "geometry": { "type": "Polygon", "coordinates": [ [ [ -70.666875, -33.454197 ], [ -70.666673, -33.454171 ], [ -70.666687, -33.454078 ], [ -70.666891, -33.454103 ], [ -70.666875, -33.454197 ] ] ] } },
{ "type": "Feature", "properties": { "INMUEBLES_": 126, "COUNT": 0, "INMUEBLE": null, "NUEVO_NUM": 0 }, "geometry": { "type": "Polygon", "coordinates": [ [ [ -70.666875, -33.454197 ], [ -70.666855, -33.454308 ], [ -70.666655, -33.454285 ], [ -70.666673, -33.454171 ], [ -70.666875, -33.454197 ] ] ] } },
{ "type": "Feature", "properties": { "INMUEBLES_": 134, "COUNT": 0, "INMUEBLE": null, "NUEVO_NUM": 0 }, "geometry": { "type": "Polygon", "coordinates": [ [ [ -70.667503, -33.454348 ], [ -70.667466, -33.454494 ], [ -70.667465, -33.454494 ], [ -70.667465, -33.454493 ], [ -70.667387, -33.454478 ], [ -70.667386, -33.454479 ], [ -70.667373, -33.454476 ], [ -70.667373, -33.454476 ], [ -70.667333, -33.454468 ], [ -70.667333, -33.454468 ], [ -70.667319, -33.454466 ], [ -70.667319, -33.454465 ], [ -70.667316, -33.454464 ], [ -70.667316, -33.454464 ], [ -70.6673, -33.454461 ], [ -70.667335, -33.454314 ], [ -70.667503, -33.454348 ] ] ] } },
{ "type": "Feature", "properties": { "INMUEBLES_": 134, "COUNT": 0, "INMUEBLE": null, "NUEVO_NUM": 0 }, "geometry": { "type": "Polygon", "coordinates": [ [ [ -70.667503, -33.454348 ], [ -70.66751, -33.454319 ], [ -70.667601, -33.454336 ], [ -70.667553, -33.454511 ], [ -70.667534, -33.454507 ], [ -70.667533, -33.454508 ], [ -70.667466, -33.454494 ], [ -70.667503, -33.454348 ] ] ] } },
{ "type": "Feature", "properties": { "INMUEBLES_": 134, "COUNT": 0, "INMUEBLE": null, "NUEVO_NUM": 0 }, "geometry": { "type": "Polygon", "coordinates": [ [ [ -70.667601, -33.454336 ], [ -70.667685, -33.454352 ], [ -70.667641, -33.454529 ], [ -70.66764, -33.454529 ], [ -70.667624, -33.454525 ], [ -70.667624, -33.454526 ], [ -70.667569, -33.454515 ], [ -70.667569, -33.454514 ], [ -70.667553, -33.454511 ], [ -70.667601, -33.454336 ] ] ] } },
{ "type": "Feature", "properties": { "INMUEBLES_": 134, "COUNT": 0, "INMUEBLE": null, "NUEVO_NUM": 0 }, "geometry": { "type": "Polygon", "coordinates": [ [ [ -70.667685, -33.454352 ], [ -70.667775, -33.454369 ], [ -70.667731, -33.454547 ], [ -70.667641, -33.454529 ], [ -70.667685, -33.454352 ] ] ] } },
{ "type": "Feature", "properties": { "INMUEBLES_": 130, "COUNT": 0, "INMUEBLE": null, "NUEVO_NUM": 0 }, "geometry": { "type": "Polygon", "coordinates": [ [ [ -70.668068, -33.452601 ], [ -70.6677, -33.452547 ], [ -70.667723, -33.452422 ], [ -70.667989, -33.452462 ], [ -70.667996, -33.452408 ], [ -70.668104, -33.452433 ], [ -70.668068, -33.452601 ] ] ] } },
{ "type": "Feature", "properties": { "INMUEBLES_": 130, "COUNT": 0, "INMUEBLE": null, "NUEVO_NUM": 0 }, "geometry": { "type": "Polygon", "coordinates": [ [ [ -70.668068, -33.452601 ], [ -70.668038, -33.45275 ], [ -70.668032, -33.452778 ], [ -70.667902, -33.45276 ], [ -70.667916, -33.452671 ], [ -70.667683, -33.452639 ], [ -70.6677, -33.452547 ], [ -70.668068, -33.452601 ] ] ] } },
{ "type": "Feature", "properties": { "INMUEBLES_": 132, "COUNT": 0, "INMUEBLE": null, "NUEVO_NUM": 0 }, "geometry": { "type": "Polygon", "coordinates": [ [ [ -70.667574, -33.453137 ], [ -70.6676, -33.453016 ], [ -70.667973, -33.453074 ], [ -70.667956, -33.453154 ], [ -70.667949, -33.453191 ], [ -70.667574, -33.453137 ] ] ] } },
{ "type": "Feature", "properties": { "INMUEBLES_": 268, "COUNT": 0, "INMUEBLE": null, "NUEVO_NUM": 0 }, "geometry": { "type": "Polygon", "coordinates": [ [ [ -70.662974, -33.435636 ], [ -70.66297, -33.435674 ], [ -70.662969, -33.435684 ], [ -70.662966, -33.435704 ], [ -70.662961, -33.435751 ], [ -70.66279, -33.435738 ], [ -70.662803, -33.435621 ], [ -70.662974, -33.435636 ] ] ] } },
{ "type": "Feature", "properties": { "INMUEBLES_": 268, "COUNT": 0, "INMUEBLE": null, "NUEVO_NUM": 0 }, "geometry": { "type": "Polygon", "coordinates": [ [ [ -70.66279, -33.435738 ], [ -70.662961, -33.435751 ], [ -70.662959, -33.435765 ], [ -70.662957, -33.435782 ], [ -70.662955, -33.435804 ], [ -70.662947, -33.435861 ], [ -70.662778, -33.435848 ], [ -70.66279, -33.435738 ] ] ] } },
{ "type": "Feature", "properties": { "INMUEBLES_": 268, "COUNT": 0, "INMUEBLE": null, "NUEVO_NUM": 0 }, "geometry": { "type": "Polygon", "coordinates": [ [ [ -70.662778, -33.435848 ], [ -70.662947, -33.435861 ], [ -70.662921, -33.436052 ], [ -70.662784, -33.43604 ], [ -70.662759, -33.43601 ], [ -70.662778, -33.435848 ] ] ] } },
{ "type": "Feature", "properties": { "INMUEBLES_": 29, "COUNT": 0, "INMUEBLE": null, "NUEVO_NUM": 0 }, "geometry": { "type": "Polygon", "coordinates": [ [ [ -70.678766, -33.441169 ], [ -70.678785, -33.440966 ], [ -70.678817, -33.440943 ], [ -70.678823, -33.440943 ], [ -70.678827, -33.4409 ], [ -70.678827, -33.440894 ], [ -70.678822, -33.440893 ], [ -70.678794, -33.440865 ], [ -70.678814, -33.440641 ], [ -70.678926, -33.440654 ], [ -70.679049, -33.440669 ], [ -70.679115, -33.440677 ], [ -70.679114, -33.440687 ], [ -70.679162, -33.440692 ], [ -70.679173, -33.44055 ], [ -70.679173, -33.44055 ], [ -70.679181, -33.44045 ], [ -70.679201, -33.440452 ], [ -70.679203, -33.440411 ], [ -70.678839, -33.440374 ], [ -70.678845, -33.440305 ], [ -70.678881, -33.440283 ], [ -70.67897, -33.440292 ], [ -70.678969, -33.440294 ], [ -70.679229, -33.440322 ], [ -70.679229, -33.440317 ], [ -70.67935, -33.44033 ], [ -70.679349, -33.440332 ], [ -70.679609, -33.44036 ], [ -70.67961, -33.440355 ], [ -70.679702, -33.440365 ], [ -70.679723, -33.440387 ], [ -70.679693, -33.440739 ], [ -70.679674, -33.440965 ], [ -70.679674, -33.440965 ], [ -70.67965, -33.441257 ], [ -70.67965, -33.441257 ], [ -70.679635, -33.441439 ], [ -70.679637, -33.441439 ], [ -70.679636, -33.441451 ], [ -70.679634, -33.441451 ], [ -70.679602, -33.441473 ], [ -70.679601, -33.441476 ], [ -70.679326, -33.441444 ], [ -70.679053, -33.441412 ], [ -70.678776, -33.441383 ], [ -70.678749, -33.441354 ], [ -70.678766, -33.441169 ], [ -70.678766, -33.441169 ] ], [ [ -70.679568, -33.440957 ], [ -70.679581, -33.440802 ], [ -70.679378, -33.440783 ], [ -70.679373, -33.440858 ], [ -70.679369, -33.440906 ], [ -70.679366, -33.440941 ], [ -70.679366, -33.440941 ], [ -70.679364, -33.440973 ], [ -70.679359, -33.441033 ], [ -70.679403, -33.441037 ], [ -70.67956, -33.44105 ], [ -70.679568, -33.440957 ], [ -70.679568, -33.440957 ] ], [ [ -70.679325, -33.440938 ], [ -70.67933, -33.440868 ], [ -70.679331, -33.440855 ], [ -70.679338, -33.440778 ], [ -70.679162, -33.440767 ], [ -70.679157, -33.440845 ], [ -70.6791, -33.440842 ], [ -70.679098, -33.440867 ], [ -70.679096, -33.440905 ], [ -70.679095, -33.440921 ], [ -70.679092, -33.440947 ], [ -70.679091, -33.440956 ], [ -70.679322, -33.440971 ], [ -70.679323, -33.440954 ], [ -70.679325, -33.440938 ], [ -70.679325, -33.440938 ] ], [ [ -70.67959, -33.440589 ], [ -70.679601, -33.440449 ], [ -70.679329, -33.44042 ], [ -70.679326, -33.440464 ], [ -70.679342, -33.440466 ], [ -70.679333, -33.440565 ], [ -70.67932, -33.440702 ], [ -70.679385, -33.44071 ], [ -70.67958, -33.440728 ], [ -70.67959, -33.440589 ] ], [ [ -70.678877, -33.44118 ], [ -70.678877, -33.44118 ], [ -70.678876, -33.441207 ], [ -70.678863, -33.441214 ], [ -70.678851, -33.441212 ], [ -70.678846, -33.441267 ], [ -70.678893, -33.44127 ], [ -70.678895, -33.441265 ], [ -70.678956, -33.441269 ], [ -70.678961, -33.441275 ], [ -70.678957, -33.441317 ], [ -70.679028, -33.441321 ], [ -70.679035, -33.441236 ], [ -70.679026, -33.441234 ], [ -70.679016, -33.441244 ], [ -70.678958, -33.441239 ], [ -70.678946, -33.44123 ], [ -70.67895, -33.441187 ], [ -70.678952, -33.441158 ], [ -70.678959, -33.441152 ], [ -70.679003, -33.441157 ], [ -70.679003, -33.441161 ], [ -70.679017, -33.441163 ], [ -70.679021, -33.441116 ], [ -70.678986, -33.441113 ], [ -70.678984, -33.441125 ], [ -70.678933, -33.44112 ], [ -70.678907, -33.441118 ], [ -70.67891, -33.441106 ], [ -70.678862, -33.441103 ], [ -70.678857, -33.441163 ], [ -70.678877, -33.441164 ], [ -70.678877, -33.44118 ] ], [ [ -70.679344, -33.441226 ], [ -70.679334, -33.441344 ], [ -70.679533, -33.441361 ], [ -70.679543, -33.441246 ], [ -70.679543, -33.441246 ], [ -70.679553, -33.441134 ], [ -70.679352, -33.441119 ], [ -70.679344, -33.441226 ], [ -70.679344, -33.441226 ] ], [ [ -70.679014, -33.440879 ], [ -70.678909, -33.440874 ], [ -70.678903, -33.44088 ], [ -70.6789, -33.440906 ], [ -70.6789, -33.440906 ], [ -70.678897, -33.440935 ], [ -70.679018, -33.440943 ], [ -70.67902, -33.440915 ], [ -70.679021, -33.4409 ], [ -70.679022, -33.440888 ], [ -70.679014, -33.440879 ] ] ] } },
{ "type": "Feature", "properties": { "INMUEBLES_": 30, "COUNT": 0, "INMUEBLE": null, "NUEVO_NUM": 0 }, "geometry": { "type": "Polygon", "coordinates": [ [ [ -70.674443, -33.444067 ], [ -70.67448, -33.444071 ], [ -70.674526, -33.443747 ], [ -70.674526, -33.443747 ], [ -70.674526, -33.443747 ], [ -70.674542, -33.443635 ], [ -70.674544, -33.443619 ], [ -70.674581, -33.443624 ], [ -70.674584, -33.443597 ], [ -70.674669, -33.443608 ], [ -70.674666, -33.443632 ], [ -70.674706, -33.443636 ], [ -70.674723, -33.443501 ], [ -70.675224, -33.443561 ], [ -70.675224, -33.443563 ], [ -70.675246, -33.443587 ], [ -70.675249, -33.443587 ], [ -70.675237, -33.4437 ], [ -70.675224, -33.443825 ], [ -70.675196, -33.4441 ], [ -70.675192, -33.444134 ], [ -70.67518, -33.444256 ], [ -70.67518, -33.444256 ], [ -70.675162, -33.444433 ], [ -70.675147, -33.444575 ], [ -70.675147, -33.444575 ], [ -70.675141, -33.444641 ], [ -70.675109, -33.444666 ], [ -70.675032, -33.444656 ], [ -70.674674, -33.444613 ], [ -70.674672, -33.444625 ], [ -70.674599, -33.444616 ], [ -70.674329, -33.444583 ], [ -70.674343, -33.444484 ], [ -70.674362, -33.444347 ], [ -70.674408, -33.444349 ], [ -70.67443, -33.444174 ], [ -70.67443, -33.444174 ], [ -70.674443, -33.444067 ] ], [ [ -70.675072, -33.444244 ], [ -70.675082, -33.444144 ], [ -70.674863, -33.444123 ], [ -70.674724, -33.44411 ], [ -70.674714, -33.444205 ], [ -70.674714, -33.444205 ], [ -70.674697, -33.444368 ], [ -70.675056, -33.444397 ], [ -70.675072, -33.444244 ] ], [ [ -70.674756, -33.443773 ], [ -70.674738, -33.443919 ], [ -70.675064, -33.443952 ], [ -70.67508, -33.443809 ], [ -70.675093, -33.443697 ], [ -70.674771, -33.443662 ], [ -70.674756, -33.443773 ], [ -70.674756, -33.443773 ] ], [ [ -70.674485, -33.4445 ], [ -70.674475, -33.444565 ], [ -70.674639, -33.444587 ], [ -70.674647, -33.444518 ], [ -70.674649, -33.444505 ], [ -70.674488, -33.444485 ], [ -70.674485, -33.4445 ], [ -70.674485, -33.4445 ] ], [ [ -70.675041, -33.444563 ], [ -70.675048, -33.444497 ], [ -70.674794, -33.444475 ], [ -70.674789, -33.444534 ], [ -70.674789, -33.444534 ], [ -70.674786, -33.444571 ], [ -70.675038, -33.444593 ], [ -70.675041, -33.444563 ] ] ] } },
{ "type": "Feature", "properties": { "INMUEBLES_": 30, "COUNT": 0, "INMUEBLE": null, "NUEVO_NUM": 0 }, "geometry": { "type": "Polygon", "coordinates": [ [ [ -70.67413, -33.443931 ], [ -70.674136, -33.443877 ], [ -70.674139, -33.443845 ], [ -70.674149, -33.443757 ], [ -70.674159, -33.443675 ], [ -70.674171, -33.4436 ], [ -70.674052, -33.443583 ], [ -70.673971, -33.443572 ], [ -70.673986, -33.443559 ], [ -70.673997, -33.443444 ], [ -70.674031, -33.443422 ], [ -70.674332, -33.443457 ], [ -70.674441, -33.44347 ], [ -70.674441, -33.44347 ], [ -70.674557, -33.443483 ], [ -70.674723, -33.443501 ], [ -70.674706, -33.443636 ], [ -70.674666, -33.443632 ], [ -70.674669, -33.443608 ], [ -70.674584, -33.443597 ], [ -70.674581, -33.443624 ], [ -70.674544, -33.443619 ], [ -70.674542, -33.443635 ], [ -70.67448, -33.444071 ], [ -70.674443, -33.444067 ], [ -70.674408, -33.444349 ], [ -70.674362, -33.444347 ], [ -70.674332, -33.444583 ], [ -70.674184, -33.444566 ], [ -70.674215, -33.444359 ], [ -70.674229, -33.444262 ], [ -70.674134, -33.444253 ], [ -70.674089, -33.444251 ], [ -70.674099, -33.444167 ], [ -70.674104, -33.444128 ], [ -70.674114, -33.444048 ], [ -70.674116, -33.444035 ], [ -70.67413, -33.443931 ] ] ] } },
{ "type": "Feature", "properties": { "INMUEBLES_": 362, "COUNT": 0, "INMUEBLE": null, "NUEVO_NUM": 0 }, "geometry": { "type": "Polygon", "coordinates": [ [ [ -70.676673, -33.440602 ], [ -70.676893, -33.440602 ], [ -70.676888, -33.440697 ], [ -70.676886, -33.440728 ], [ -70.676642, -33.440735 ], [ -70.676653, -33.440601 ], [ -70.676673, -33.440602 ] ] ] } },
{ "type": "Feature", "properties": { "INMUEBLES_": 217, "COUNT": 0, "INMUEBLE": null, "NUEVO_NUM": 0 }, "geometry": { "type": "Polygon", "coordinates": [ [ [ -70.670452, -33.43121 ], [ -70.670581, -33.431196 ], [ -70.670579, -33.431231 ], [ -70.670538, -33.431228 ], [ -70.670534, -33.431314 ], [ -70.670446, -33.431311 ], [ -70.670452, -33.43121 ] ] ] } },
{ "type": "Feature", "properties": { "INMUEBLES_": 217, "COUNT": 0, "INMUEBLE": null, "NUEVO_NUM": 0 }, "geometry": { "type": "Polygon", "coordinates": [ [ [ -70.670368, -33.431219 ], [ -70.670453, -33.43121 ], [ -70.670446, -33.431311 ], [ -70.670361, -33.431308 ], [ -70.670368, -33.431219 ] ] ] } },
{ "type": "Feature", "properties": { "INMUEBLES_": 217, "COUNT": 0, "INMUEBLE": null, "NUEVO_NUM": 0 }, "geometry": { "type": "Polygon", "coordinates": [ [ [ -70.670717, -33.431206 ], [ -70.670705, -33.431326 ], [ -70.670612, -33.43132 ], [ -70.67062, -33.431233 ], [ -70.670579, -33.431231 ], [ -70.670581, -33.431196 ], [ -70.670612, -33.431193 ], [ -70.670717, -33.431203 ], [ -70.670717, -33.431206 ] ] ] } },
{ "type": "Feature", "properties": { "INMUEBLES_": 217, "COUNT": 0, "INMUEBLE": null, "NUEVO_NUM": 0 }, "geometry": { "type": "Polygon", "coordinates": [ [ [ -70.670857, -33.431216 ], [ -70.670855, -33.431248 ], [ -70.670801, -33.431244 ], [ -70.670795, -33.431332 ], [ -70.670731, -33.431328 ], [ -70.670705, -33.431326 ], [ -70.670717, -33.431206 ], [ -70.670717, -33.431203 ], [ -70.670857, -33.431216 ] ] ] } },
{ "type": "Feature", "properties": { "INMUEBLES_": 217, "COUNT": 0, "INMUEBLE": null, "NUEVO_NUM": 0 }, "geometry": { "type": "Polygon", "coordinates": [ [ [ -70.670855, -33.431248 ], [ -70.670857, -33.431216 ], [ -70.670945, -33.431224 ], [ -70.670946, -33.431215 ], [ -70.671005, -33.431217 ], [ -70.67114, -33.431222 ], [ -70.671136, -33.431259 ], [ -70.671091, -33.431257 ], [ -70.67109, -33.431262 ], [ -70.671082, -33.43135 ], [ -70.670993, -33.431346 ], [ -70.670902, -33.43134 ], [ -70.670912, -33.431251 ], [ -70.670855, -33.431248 ] ] ] } },
{ "type": "Feature", "properties": { "INMUEBLES_": 217, "COUNT": 0, "INMUEBLE": null, "NUEVO_NUM": 0 }, "geometry": { "type": "Polygon", "coordinates": [ [ [ -70.670446, -33.431311 ], [ -70.670534, -33.431314 ], [ -70.670527, -33.43141 ], [ -70.670439, -33.431405 ], [ -70.670432, -33.431498 ], [ -70.67052, -33.431504 ], [ -70.670512, -33.431622 ], [ -70.670424, -33.431616 ], [ -70.670339, -33.43161 ], [ -70.670347, -33.431493 ], [ -70.670354, -33.4314 ], [ -70.670359, -33.431333 ], [ -70.67036, -33.431308 ], [ -70.670361, -33.431308 ], [ -70.670446, -33.431311 ] ] ] } },
{ "type": "Feature", "properties": { "INMUEBLES_": 217, "COUNT": 0, "INMUEBLE": null, "NUEVO_NUM": 0 }, "geometry": { "type": "Polygon", "coordinates": [ [ [ -70.670705, -33.431326 ], [ -70.670731, -33.431328 ], [ -70.670795, -33.431332 ], [ -70.670785, -33.431426 ], [ -70.670775, -33.431519 ], [ -70.670763, -33.431638 ], [ -70.670679, -33.431633 ], [ -70.67059, -33.431627 ], [ -70.670599, -33.431508 ], [ -70.670605, -33.431415 ], [ -70.670612, -33.43132 ], [ -70.670705, -33.431326 ] ] ] } },
{ "type": "Feature", "properties": { "INMUEBLES_": 217, "COUNT": 0, "INMUEBLE": null, "NUEVO_NUM": 0 }, "geometry": { "type": "Polygon", "coordinates": [ [ [ -70.671082, -33.43135 ], [ -70.671072, -33.431443 ], [ -70.671061, -33.431536 ], [ -70.671046, -33.431656 ], [ -70.670958, -33.431651 ], [ -70.670873, -33.431645 ], [ -70.670885, -33.431526 ], [ -70.670894, -33.431432 ], [ -70.670902, -33.43134 ], [ -70.670993, -33.431346 ], [ -70.671082, -33.43135 ] ] ] } },
{ "type": "Feature", "properties": { "INMUEBLES_": 217, "COUNT": 0, "INMUEBLE": null, "NUEVO_NUM": 0 }, "geometry": { "type": "Polygon", "coordinates": [ [ [ -70.671162, -33.431356 ], [ -70.671243, -33.431363 ], [ -70.67124, -33.431391 ], [ -70.671252, -33.431391 ], [ -70.671248, -33.431424 ], [ -70.671237, -33.431424 ], [ -70.671234, -33.431454 ], [ -70.67123, -33.431482 ], [ -70.671148, -33.431475 ], [ -70.671151, -33.431447 ], [ -70.671162, -33.431356 ] ] ] } },
{ "type": "Feature", "properties": { "INMUEBLES_": 217, "COUNT": 0, "INMUEBLE": null, "NUEVO_NUM": 0 }, "geometry": { "type": "Polygon", "coordinates": [ [ [ -70.670527, -33.43141 ], [ -70.67052, -33.431504 ], [ -70.670432, -33.431498 ], [ -70.670439, -33.431405 ], [ -70.670527, -33.43141 ] ] ] } },
{ "type": "Feature", "properties": { "INMUEBLES_": 1383, "COUNT": 0, "INMUEBLE": null, "NUEVO_NUM": 0 }, "geometry": { "type": "Polygon", "coordinates": [ [ [ -70.664883, -33.441399 ], [ -70.664893, -33.441628 ], [ -70.66461, -33.441602 ], [ -70.664402, -33.441584 ], [ -70.664414, -33.441456 ], [ -70.664473, -33.441462 ], [ -70.664484, -33.441371 ], [ -70.664883, -33.441399 ] ] ] } },
{ "type": "Feature", "properties": { "INMUEBLES_": 464, "COUNT": 0, "INMUEBLE": null, "NUEVO_NUM": 0 }, "geometry": { "type": "Polygon", "coordinates": [ [ [ -70.664809, -33.441825 ], [ -70.664905, -33.441828 ], [ -70.664917, -33.442053 ], [ -70.664879, -33.442078 ], [ -70.66481, -33.442074 ], [ -70.664809, -33.441825 ] ] ] } },
{ "type": "Feature", "properties": { "INMUEBLES_": 283, "COUNT": 0, "INMUEBLE": null, "NUEVO_NUM": 0 }, "geometry": { "type": "Polygon", "coordinates": [ [ [ -70.671324, -33.437479 ], [ -70.671291, -33.437772 ], [ -70.670969, -33.43775 ], [ -70.671007, -33.437459 ], [ -70.671324, -33.437479 ] ] ] } },
{ "type": "Feature", "properties": { "INMUEBLES_": 1384, "COUNT": 0, "INMUEBLE": null, "NUEVO_NUM": 0 }, "geometry": { "type": "Polygon", "coordinates": [ [ [ -70.671007, -33.437459 ], [ -70.670969, -33.43775 ], [ -70.670689, -33.43773 ], [ -70.670665, -33.437703 ], [ -70.670676, -33.437616 ], [ -70.670877, -33.437629 ], [ -70.670903, -33.437453 ], [ -70.671007, -33.437459 ] ] ] } },
{ "type": "Feature", "properties": { "INMUEBLES_": 622, "COUNT": 1, "INMUEBLE": null, "NUEVO_NUM": 0 }, "geometry": { "type": "Polygon", "coordinates": [ [ [ -70.655048, -33.43329 ], [ -70.655028, -33.433807 ], [ -70.655026, -33.433872 ], [ -70.655026, -33.433878 ], [ -70.655022, -33.433969 ], [ -70.655021, -33.434058 ], [ -70.65502, -33.434106 ], [ -70.654895, -33.434104 ], [ -70.654881, -33.434093 ], [ -70.654881, -33.434088 ], [ -70.654881, -33.434032 ], [ -70.654882, -33.434027 ], [ -70.654896, -33.434015 ], [ -70.654941, -33.434016 ], [ -70.654942, -33.43397 ], [ -70.654898, -33.43397 ], [ -70.654883, -33.433958 ], [ -70.654883, -33.433953 ], [ -70.654885, -33.4339 ], [ -70.654885, -33.433895 ], [ -70.6549, -33.433883 ], [ -70.654947, -33.433886 ], [ -70.654948, -33.433844 ], [ -70.6549, -33.433844 ], [ -70.654887, -33.433832 ], [ -70.654887, -33.433827 ], [ -70.654889, -33.433773 ], [ -70.654889, -33.433768 ], [ -70.654904, -33.433756 ], [ -70.654948, -33.433759 ], [ -70.654949, -33.433713 ], [ -70.654903, -33.433712 ], [ -70.65489, -33.433702 ], [ -70.65489, -33.433696 ], [ -70.654893, -33.433579 ], [ -70.654893, -33.433574 ], [ -70.654908, -33.433563 ], [ -70.654953, -33.433564 ], [ -70.654954, -33.433518 ], [ -70.654908, -33.433519 ], [ -70.654895, -33.433506 ], [ -70.654895, -33.433501 ], [ -70.654898, -33.433417 ], [ -70.654898, -33.433417 ], [ -70.654898, -33.433411 ], [ -70.654913, -33.433399 ], [ -70.654957, -33.433401 ], [ -70.654958, -33.433356 ], [ -70.654914, -33.433356 ], [ -70.6549, -33.433344 ], [ -70.6549, -33.43334 ], [ -70.654905, -33.433287 ], [ -70.655048, -33.43329 ] ] ] } },
{ "type": "Feature", "properties": { "INMUEBLES_": 623, "COUNT": 1, "INMUEBLE": null, "NUEVO_NUM": 0 }, "geometry": { "type": "Polygon", "coordinates": [ [ [ -70.65403, -33.433268 ], [ -70.654034, -33.433568 ], [ -70.653897, -33.433559 ], [ -70.653901, -33.433466 ], [ -70.653805, -33.433463 ], [ -70.653789, -33.433266 ], [ -70.65403, -33.433268 ] ] ] } },
{ "type": "Feature", "properties": { "INMUEBLES_": 626, "COUNT": 1, "INMUEBLE": null, "NUEVO_NUM": 0 }, "geometry": { "type": "Polygon", "coordinates": [ [ [ -70.653061, -33.433602 ], [ -70.653023, -33.433894 ], [ -70.652876, -33.433891 ], [ -70.652525, -33.433882 ], [ -70.65252, -33.433508 ], [ -70.652622, -33.433506 ], [ -70.652622, -33.433501 ], [ -70.652632, -33.433501 ], [ -70.652994, -33.433497 ], [ -70.653013, -33.433499 ], [ -70.653027, -33.433504 ], [ -70.653041, -33.433512 ], [ -70.65305, -33.43352 ], [ -70.653057, -33.43353 ], [ -70.653065, -33.433548 ], [ -70.653067, -33.433562 ], [ -70.653061, -33.433602 ] ] ] } },
{ "type": "Feature", "properties": { "INMUEBLES_": 627, "COUNT": 1, "INMUEBLE": null, "NUEVO_NUM": 0 }, "geometry": { "type": "Polygon", "coordinates": [ [ [ -70.655829, -33.434709 ], [ -70.655804, -33.43497 ], [ -70.655306, -33.434928 ], [ -70.655332, -33.434711 ], [ -70.655573, -33.434726 ], [ -70.65558, -33.434704 ], [ -70.655829, -33.434709 ] ] ] } },
{ "type": "Feature", "properties": { "INMUEBLES_": 628, "COUNT": 1, "INMUEBLE": null, "NUEVO_NUM": 0 }, "geometry": { "type": "Polygon", "coordinates": [ [ [ -70.654188, -33.434605 ], [ -70.654207, -33.434467 ], [ -70.654061, -33.434459 ], [ -70.654065, -33.434403 ], [ -70.654065, -33.434401 ], [ -70.654332, -33.434413 ], [ -70.654361, -33.434441 ], [ -70.654336, -33.434614 ], [ -70.654188, -33.434605 ] ] ] } },
{ "type": "Feature", "properties": { "INMUEBLES_": 629, "COUNT": 1, "INMUEBLE": null, "NUEVO_NUM": 0 }, "geometry": { "type": "Polygon", "coordinates": [ [ [ -70.653496, -33.434704 ], [ -70.653499, -33.434676 ], [ -70.653501, -33.434676 ], [ -70.653509, -33.434605 ], [ -70.653521, -33.434514 ], [ -70.65353, -33.434444 ], [ -70.653535, -33.43441 ], [ -70.653536, -33.434407 ], [ -70.653568, -33.434384 ], [ -70.653652, -33.434386 ], [ -70.653897, -33.434394 ], [ -70.653986, -33.434398 ], [ -70.653986, -33.4344 ], [ -70.653974, -33.434594 ], [ -70.653651, -33.434581 ], [ -70.653626, -33.434719 ], [ -70.653496, -33.434704 ] ] ] } },
{ "type": "Feature", "properties": { "INMUEBLES_": 630, "COUNT": 1, "INMUEBLE": null, "NUEVO_NUM": 0 }, "geometry": { "type": "Polygon", "coordinates": [ [ [ -70.653743, -33.435224 ], [ -70.653736, -33.435278 ], [ -70.653636, -33.435263 ], [ -70.653533, -33.435249 ], [ -70.653562, -33.435074 ], [ -70.653564, -33.435074 ], [ -70.653752, -33.435097 ], [ -70.653727, -33.435222 ], [ -70.653743, -33.435224 ] ] ] } },
{ "type": "Feature", "properties": { "INMUEBLES_": 631, "COUNT": 1, "INMUEBLE": null, "NUEVO_NUM": 0 }, "geometry": { "type": "Polygon", "coordinates": [ [ [ -70.652049, -33.434544 ], [ -70.65205, -33.434532 ], [ -70.652297, -33.434542 ], [ -70.652281, -33.434629 ], [ -70.652095, -33.434626 ], [ -70.652088, -33.434677 ], [ -70.652003, -33.434673 ], [ -70.651858, -33.434665 ], [ -70.651854, -33.434704 ], [ -70.651699, -33.434691 ], [ -70.651723, -33.434529 ], [ -70.652049, -33.434544 ] ] ] } },
{ "type": "Feature", "properties": { "INMUEBLES_": 632, "COUNT": 1, "INMUEBLE": null, "NUEVO_NUM": 0 }, "geometry": { "type": "Polygon", "coordinates": [ [ [ -70.657316, -33.436157 ], [ -70.657309, -33.436201 ], [ -70.657304, -33.436231 ], [ -70.657299, -33.436263 ], [ -70.657295, -33.436288 ], [ -70.65715, -33.436279 ], [ -70.657153, -33.436251 ], [ -70.65716, -33.436197 ], [ -70.657254, -33.4362 ], [ -70.657256, -33.436177 ], [ -70.657279, -33.436179 ], [ -70.65728, -33.436154 ], [ -70.657316, -33.436157 ] ] ] } },
{ "type": "Feature", "properties": { "INMUEBLES_": 634, "COUNT": 1, "INMUEBLE": null, "NUEVO_NUM": 0 }, "geometry": { "type": "Polygon", "coordinates": [ [ [ -70.65585, -33.435874 ], [ -70.656308, -33.435922 ], [ -70.656427, -33.435932 ], [ -70.656385, -33.436218 ], [ -70.656189, -33.436198 ], [ -70.655987, -33.436175 ], [ -70.655813, -33.436157 ], [ -70.65585, -33.435874 ] ] ] } },
{ "type": "Feature", "properties": { "INMUEBLES_": 635, "COUNT": 1, "INMUEBLE": null, "NUEVO_NUM": 0 }, "geometry": { "type": "Polygon", "coordinates": [ [ [ -70.65529, -33.43613 ], [ -70.65544, -33.436146 ], [ -70.655617, -33.436165 ], [ -70.655563, -33.436556 ], [ -70.655558, -33.436557 ], [ -70.655553, -33.436558 ], [ -70.655548, -33.43656 ], [ -70.655544, -33.436563 ], [ -70.65554, -33.436566 ], [ -70.655537, -33.436568 ], [ -70.655534, -33.436571 ], [ -70.655532, -33.436574 ], [ -70.65553, -33.436578 ], [ -70.655324, -33.436556 ], [ -70.655366, -33.436215 ], [ -70.655279, -33.436202 ], [ -70.65529, -33.43613 ] ] ] } },
{ "type": "Feature", "properties": { "INMUEBLES_": 637, "COUNT": 1, "INMUEBLE": null, "NUEVO_NUM": 0 }, "geometry": { "type": "Polygon", "coordinates": [ [ [ -70.653205, -33.435993 ], [ -70.653196, -33.436079 ], [ -70.653186, -33.43608 ], [ -70.653148, -33.436318 ], [ -70.653147, -33.43632 ], [ -70.652896, -33.436291 ], [ -70.65287, -33.436262 ], [ -70.652869, -33.436261 ], [ -70.652912, -33.435959 ], [ -70.653205, -33.435993 ] ] ] } },
{ "type": "Feature", "properties": { "INMUEBLES_": 639, "COUNT": 1, "INMUEBLE": null, "NUEVO_NUM": 0 }, "geometry": { "type": "Polygon", "coordinates": [ [ [ -70.652438, -33.436126 ], [ -70.652438, -33.436127 ], [ -70.652441, -33.436128 ], [ -70.65242, -33.436258 ], [ -70.652131, -33.436227 ], [ -70.652134, -33.436208 ], [ -70.652109, -33.436205 ], [ -70.652124, -33.43609 ], [ -70.652203, -33.435521 ], [ -70.65246, -33.435545 ], [ -70.652435, -33.435705 ], [ -70.6525, -33.435711 ], [ -70.652438, -33.436126 ] ] ] } },
{ "type": "Feature", "properties": { "INMUEBLES_": 640, "COUNT": 1, "INMUEBLE": null, "NUEVO_NUM": 0 }, "geometry": { "type": "Polygon", "coordinates": [ [ [ -70.651845, -33.435392 ], [ -70.651933, -33.435403 ], [ -70.651991, -33.435409 ], [ -70.652216, -33.435434 ], [ -70.652203, -33.435518 ], [ -70.652201, -33.435533 ], [ -70.652189, -33.435623 ], [ -70.652179, -33.435691 ], [ -70.651956, -33.435668 ], [ -70.65187, -33.43566 ], [ -70.651577, -33.435632 ], [ -70.651612, -33.435363 ], [ -70.651669, -33.43537 ], [ -70.651845, -33.435392 ] ] ] } },
{ "type": "Feature", "properties": { "INMUEBLES_": 641, "COUNT": 1, "INMUEBLE": null, "NUEVO_NUM": 0 }, "geometry": { "type": "Polygon", "coordinates": [ [ [ -70.648432, -33.435347 ], [ -70.648685, -33.43538 ], [ -70.64867, -33.435494 ], [ -70.648652, -33.435631 ], [ -70.648647, -33.435631 ], [ -70.648629, -33.435748 ], [ -70.648633, -33.435748 ], [ -70.648624, -33.435803 ], [ -70.648623, -33.435804 ], [ -70.648623, -33.435804 ], [ -70.648617, -33.435805 ], [ -70.648613, -33.435805 ], [ -70.648608, -33.435807 ], [ -70.648603, -33.435809 ], [ -70.648599, -33.435812 ], [ -70.648595, -33.435816 ], [ -70.648592, -33.435821 ], [ -70.64859, -33.435825 ], [ -70.648368, -33.435802 ], [ -70.648379, -33.435739 ], [ -70.648363, -33.435736 ], [ -70.648432, -33.435347 ] ] ] } },
{ "type": "Feature", "properties": { "INMUEBLES_": 642, "COUNT": 1, "INMUEBLE": null, "NUEVO_NUM": 0 }, "geometry": { "type": "Polygon", "coordinates": [ [ [ -70.647809, -33.435407 ], [ -70.647816, -33.435361 ], [ -70.647833, -33.435231 ], [ -70.647959, -33.435248 ], [ -70.647886, -33.435794 ], [ -70.647755, -33.43578 ], [ -70.647755, -33.435776 ], [ -70.647809, -33.435407 ] ] ] } },
{ "type": "Feature", "properties": { "INMUEBLES_": 644, "COUNT": 1, "INMUEBLE": null, "NUEVO_NUM": 0 }, "geometry": { "type": "Polygon", "coordinates": [ [ [ -70.652078, -33.436338 ], [ -70.652246, -33.436355 ], [ -70.652182, -33.436863 ], [ -70.652018, -33.436844 ], [ -70.652028, -33.436759 ], [ -70.652078, -33.436338 ] ] ] } },
{ "type": "Feature", "properties": { "INMUEBLES_": 645, "COUNT": 1, "INMUEBLE": null, "NUEVO_NUM": 0 }, "geometry": { "type": "Polygon", "coordinates": [ [ [ -70.648482, -33.436766 ], [ -70.648457, -33.436931 ], [ -70.648423, -33.436954 ], [ -70.648171, -33.436927 ], [ -70.6482, -33.436736 ], [ -70.648482, -33.436766 ] ] ] } },
{ "type": "Feature", "properties": { "INMUEBLES_": 647, "COUNT": 1, "INMUEBLE": null, "NUEVO_NUM": 0 }, "geometry": { "type": "Polygon", "coordinates": [ [ [ -70.647591, -33.436354 ], [ -70.647369, -33.436337 ], [ -70.64737, -33.436328 ], [ -70.647379, -33.436259 ], [ -70.647323, -33.436252 ], [ -70.647359, -33.436004 ], [ -70.647376, -33.43587 ], [ -70.647377, -33.435862 ], [ -70.647378, -33.435858 ], [ -70.647378, -33.435858 ], [ -70.647412, -33.435837 ], [ -70.647532, -33.435851 ], [ -70.647738, -33.435874 ], [ -70.647664, -33.436363 ], [ -70.647635, -33.436358 ], [ -70.647591, -33.436354 ] ] ] } },
{ "type": "Feature", "properties": { "INMUEBLES_": 648, "COUNT": 1, "INMUEBLE": null, "NUEVO_NUM": 0 }, "geometry": { "type": "Polygon", "coordinates": [ [ [ -70.646557, -33.436259 ], [ -70.646883, -33.43629 ], [ -70.647177, -33.436319 ], [ -70.647142, -33.43658 ], [ -70.647104, -33.436577 ], [ -70.647096, -33.436623 ], [ -70.647109, -33.436628 ], [ -70.647128, -33.436648 ], [ -70.647129, -33.436654 ], [ -70.647109, -33.436792 ], [ -70.647108, -33.436794 ], [ -70.647105, -33.436797 ], [ -70.647104, -33.4368 ], [ -70.647087, -33.436809 ], [ -70.647076, -33.436812 ], [ -70.646671, -33.436767 ], [ -70.646309, -33.436727 ], [ -70.64637, -33.436241 ], [ -70.646542, -33.436257 ], [ -70.646557, -33.436259 ] ] ] } },
{ "type": "Feature", "properties": { "INMUEBLES_": 650, "COUNT": 1, "INMUEBLE": null, "NUEVO_NUM": 0 }, "geometry": { "type": "Polygon", "coordinates": [ [ [ -70.656519, -33.438468 ], [ -70.656537, -33.43847 ], [ -70.6567, -33.438485 ], [ -70.656696, -33.438508 ], [ -70.6567, -33.438509 ], [ -70.6567, -33.43851 ], [ -70.656701, -33.43851 ], [ -70.656701, -33.438511 ], [ -70.656701, -33.438512 ], [ -70.656702, -33.438513 ], [ -70.656703, -33.438513 ], [ -70.656678, -33.438707 ], [ -70.656677, -33.43871 ], [ -70.656674, -33.43871 ], [ -70.656671, -33.43871 ], [ -70.656668, -33.438731 ], [ -70.656489, -33.438714 ], [ -70.656519, -33.438468 ] ] ] } },
{ "type": "Feature", "properties": { "INMUEBLES_": 652, "COUNT": 1, "INMUEBLE": null, "NUEVO_NUM": 0 }, "geometry": { "type": "Polygon", "coordinates": [ [ [ -70.648522, -33.437672 ], [ -70.648908, -33.437714 ], [ -70.64884, -33.438167 ], [ -70.648835, -33.438202 ], [ -70.648463, -33.438162 ], [ -70.648438, -33.438134 ], [ -70.64852, -33.437672 ], [ -70.648522, -33.437672 ] ] ] } },
{ "type": "Feature", "properties": { "INMUEBLES_": 653, "COUNT": 1, "INMUEBLE": null, "NUEVO_NUM": 0 }, "geometry": { "type": "Polygon", "coordinates": [ [ [ -70.648333, -33.437623 ], [ -70.648248, -33.438114 ], [ -70.648213, -33.438136 ], [ -70.648048, -33.43812 ], [ -70.648003, -33.438114 ], [ -70.648086, -33.437592 ], [ -70.648333, -33.437623 ] ] ] } },
{ "type": "Feature", "properties": { "INMUEBLES_": 654, "COUNT": 1, "INMUEBLE": null, "NUEVO_NUM": 0 }, "geometry": { "type": "Polygon", "coordinates": [ [ [ -70.645314, -33.436772 ], [ -70.645319, -33.436747 ], [ -70.645385, -33.436753 ], [ -70.645502, -33.436764 ], [ -70.645637, -33.436776 ], [ -70.645641, -33.436773 ], [ -70.645676, -33.436812 ], [ -70.645672, -33.436815 ], [ -70.645659, -33.436902 ], [ -70.645651, -33.436954 ], [ -70.645292, -33.436924 ], [ -70.645314, -33.436772 ] ] ] } },
{ "type": "Feature", "properties": { "INMUEBLES_": 657, "COUNT": 1, "INMUEBLE": null, "NUEVO_NUM": 0 }, "geometry": { "type": "Polygon", "coordinates": [ [ [ -70.658391, -33.439672 ], [ -70.658378, -33.439797 ], [ -70.658089, -33.439766 ], [ -70.658086, -33.439765 ], [ -70.6581, -33.439638 ], [ -70.658391, -33.439672 ] ] ] } },
{ "type": "Feature", "properties": { "INMUEBLES_": 661, "COUNT": 1, "INMUEBLE": null, "NUEVO_NUM": 0 }, "geometry": { "type": "Polygon", "coordinates": [ [ [ -70.653473, -33.439308 ], [ -70.653541, -33.439314 ], [ -70.653526, -33.439405 ], [ -70.653675, -33.439418 ], [ -70.653616, -33.439784 ], [ -70.653613, -33.439793 ], [ -70.653608, -33.439802 ], [ -70.653598, -33.43981 ], [ -70.653586, -33.439816 ], [ -70.653572, -33.439819 ], [ -70.653569, -33.439819 ], [ -70.653556, -33.439819 ], [ -70.653386, -33.439803 ], [ -70.653431, -33.439531 ], [ -70.653473, -33.439308 ] ] ] } },
{ "type": "Feature", "properties": { "INMUEBLES_": 662, "COUNT": 1, "INMUEBLE": null, "NUEVO_NUM": 0 }, "geometry": { "type": "Polygon", "coordinates": [ [ [ -70.650244, -33.4395 ], [ -70.6497, -33.439437 ], [ -70.649685, -33.439435 ], [ -70.649671, -33.43943 ], [ -70.649659, -33.439423 ], [ -70.64965, -33.439416 ], [ -70.649644, -33.439409 ], [ -70.64964, -33.439402 ], [ -70.649636, -33.439392 ], [ -70.649634, -33.439383 ], [ -70.649647, -33.439299 ], [ -70.649688, -33.43899 ], [ -70.649701, -33.438914 ], [ -70.649827, -33.438927 ], [ -70.650077, -33.438952 ], [ -70.65012, -33.438633 ], [ -70.650138, -33.438633 ], [ -70.650141, -33.438597 ], [ -70.650375, -33.438622 ], [ -70.650328, -33.438975 ], [ -70.650431, -33.438986 ], [ -70.650451, -33.438825 ], [ -70.650575, -33.438835 ], [ -70.650596, -33.438651 ], [ -70.65082, -33.438673 ], [ -70.650807, -33.438772 ], [ -70.650797, -33.438771 ], [ -70.650784, -33.43887 ], [ -70.650758, -33.439067 ], [ -70.650735, -33.439064 ], [ -70.650735, -33.439067 ], [ -70.650718, -33.439199 ], [ -70.650738, -33.439203 ], [ -70.650726, -33.43931 ], [ -70.650658, -33.4393 ], [ -70.650657, -33.439293 ], [ -70.650293, -33.439258 ], [ -70.650284, -33.439319 ], [ -70.650273, -33.439318 ], [ -70.650244, -33.4395 ] ] ] } },
{ "type": "Feature", "properties": { "INMUEBLES_": 663, "COUNT": 1, "INMUEBLE": null, "NUEVO_NUM": 0 }, "geometry": { "type": "Polygon", "coordinates": [ [ [ -70.650079, -33.438952 ], [ -70.649701, -33.438913 ], [ -70.649733, -33.438691 ], [ -70.649851, -33.438702 ], [ -70.649859, -33.438652 ], [ -70.649964, -33.438662 ], [ -70.649971, -33.43862 ], [ -70.65012, -33.438633 ], [ -70.650079, -33.438952 ] ] ] } },
{ "type": "Feature", "properties": { "INMUEBLES_": 664, "COUNT": 1, "INMUEBLE": null, "NUEVO_NUM": 0 }, "geometry": { "type": "Polygon", "coordinates": [ [ [ -70.648637, -33.439317 ], [ -70.648684, -33.439011 ], [ -70.648818, -33.439026 ], [ -70.648827, -33.438973 ], [ -70.648907, -33.43898 ], [ -70.648848, -33.439391 ], [ -70.648776, -33.439382 ], [ -70.648776, -33.439381 ], [ -70.648777, -33.439374 ], [ -70.648777, -33.439368 ], [ -70.648773, -33.439362 ], [ -70.648769, -33.439357 ], [ -70.648764, -33.439354 ], [ -70.648759, -33.439352 ], [ -70.648759, -33.439351 ], [ -70.648751, -33.439349 ], [ -70.648737, -33.439347 ], [ -70.64873, -33.439346 ], [ -70.648721, -33.439346 ], [ -70.648711, -33.439347 ], [ -70.648712, -33.439347 ], [ -70.648704, -33.439349 ], [ -70.648695, -33.439354 ], [ -70.64869, -33.439359 ], [ -70.648687, -33.439366 ], [ -70.648688, -33.439366 ], [ -70.648687, -33.439372 ], [ -70.648614, -33.439364 ], [ -70.648622, -33.439315 ], [ -70.648637, -33.439317 ] ] ] } },
{ "type": "Feature", "properties": { "INMUEBLES_": 665, "COUNT": 1, "INMUEBLE": null, "NUEVO_NUM": 0 }, "geometry": { "type": "Polygon", "coordinates": [ [ [ -70.648796, -33.438352 ], [ -70.648745, -33.438727 ], [ -70.648828, -33.438734 ], [ -70.648812, -33.438845 ], [ -70.648782, -33.438842 ], [ -70.648641, -33.438829 ], [ -70.648565, -33.438822 ], [ -70.648578, -33.438757 ], [ -70.648448, -33.438745 ], [ -70.648443, -33.438744 ], [ -70.648366, -33.438738 ], [ -70.648364, -33.438738 ], [ -70.648353, -33.438737 ], [ -70.64834, -33.438736 ], [ -70.648403, -33.438336 ], [ -70.648437, -33.438313 ], [ -70.648796, -33.438352 ] ] ] } },
{ "type": "Feature", "properties": { "INMUEBLES_": 666, "COUNT": 1, "INMUEBLE": null, "NUEVO_NUM": 0 }, "geometry": { "type": "Polygon", "coordinates": [ [ [ -70.648008, -33.438265 ], [ -70.648185, -33.438286 ], [ -70.648211, -33.438316 ], [ -70.648162, -33.438618 ], [ -70.647955, -33.438599 ], [ -70.648008, -33.438265 ] ] ] } },
{ "type": "Feature", "properties": { "INMUEBLES_": 667, "COUNT": 1, "INMUEBLE": null, "NUEVO_NUM": 0 }, "geometry": { "type": "Polygon", "coordinates": [ [ [ -70.644524, -33.43866 ], [ -70.644671, -33.438652 ], [ -70.644662, -33.438949 ], [ -70.644449, -33.438934 ], [ -70.644445, -33.438819 ], [ -70.644391, -33.438668 ], [ -70.644496, -33.438661 ], [ -70.644524, -33.43866 ] ] ] } },
{ "type": "Feature", "properties": { "INMUEBLES_": 668, "COUNT": 1, "INMUEBLE": null, "NUEVO_NUM": 0 }, "geometry": { "type": "Polygon", "coordinates": [ [ [ -70.656397, -33.440598 ], [ -70.656446, -33.440603 ], [ -70.65643, -33.440686 ], [ -70.656415, -33.440754 ], [ -70.656414, -33.440754 ], [ -70.65622, -33.44073 ], [ -70.656245, -33.440583 ], [ -70.656397, -33.440598 ] ] ] } },
{ "type": "Feature", "properties": { "INMUEBLES_": 669, "COUNT": 1, "INMUEBLE": null, "NUEVO_NUM": 0 }, "geometry": { "type": "Polygon", "coordinates": [ [ [ -70.656299, -33.441062 ], [ -70.656267, -33.441213 ], [ -70.656265, -33.441213 ], [ -70.656235, -33.441233 ], [ -70.656234, -33.441236 ], [ -70.656233, -33.441235 ], [ -70.656083, -33.441221 ], [ -70.656084, -33.44122 ], [ -70.656121, -33.441041 ], [ -70.656299, -33.441062 ] ] ] } },
{ "type": "Feature", "properties": { "INMUEBLES_": 670, "COUNT": 1, "INMUEBLE": null, "NUEVO_NUM": 0 }, "geometry": { "type": "Polygon", "coordinates": [ [ [ -70.654253, -33.44054 ], [ -70.654483, -33.440561 ], [ -70.654474, -33.440609 ], [ -70.654517, -33.440614 ], [ -70.654498, -33.440724 ], [ -70.654593, -33.440742 ], [ -70.654556, -33.440892 ], [ -70.654624, -33.440899 ], [ -70.654591, -33.441068 ], [ -70.654165, -33.441026 ], [ -70.654253, -33.44054 ] ] ] } },
{ "type": "Feature", "properties": { "INMUEBLES_": 671, "COUNT": 1, "INMUEBLE": null, "NUEVO_NUM": 0 }, "geometry": { "type": "Polygon", "coordinates": [ [ [ -70.652295, -33.44021 ], [ -70.652691, -33.440251 ], [ -70.652688, -33.440386 ], [ -70.652277, -33.440338 ], [ -70.652274, -33.440338 ], [ -70.652295, -33.44021 ] ] ] } },
{ "type": "Feature", "properties": { "INMUEBLES_": 672, "COUNT": 1, "INMUEBLE": null, "NUEVO_NUM": 0 }, "geometry": { "type": "Polygon", "coordinates": [ [ [ -70.651949, -33.440298 ], [ -70.651994, -33.440304 ], [ -70.652001, -33.440305 ], [ -70.652034, -33.440309 ], [ -70.652115, -33.440319 ], [ -70.652117, -33.440319 ], [ -70.652098, -33.440442 ], [ -70.652084, -33.44053 ], [ -70.6518, -33.4405 ], [ -70.651798, -33.440514 ], [ -70.651648, -33.440498 ], [ -70.651662, -33.440413 ], [ -70.651667, -33.440384 ], [ -70.651667, -33.440381 ], [ -70.651713, -33.440387 ], [ -70.651733, -33.440275 ], [ -70.651949, -33.440298 ] ] ] } },
{ "type": "Feature", "properties": { "INMUEBLES_": 673, "COUNT": 1, "INMUEBLE": null, "NUEVO_NUM": 0 }, "geometry": { "type": "Polygon", "coordinates": [ [ [ -70.647086, -33.439865 ], [ -70.647025, -33.440218 ], [ -70.646997, -33.440372 ], [ -70.646823, -33.440359 ], [ -70.646759, -33.440354 ], [ -70.646754, -33.440348 ], [ -70.646759, -33.440318 ], [ -70.646801, -33.440053 ], [ -70.64682, -33.439935 ], [ -70.646835, -33.439844 ], [ -70.647086, -33.439865 ] ] ] } },
{ "type": "Feature", "properties": { "INMUEBLES_": 674, "COUNT": 1, "INMUEBLE": null, "NUEVO_NUM": 0 }, "geometry": { "type": "Polygon", "coordinates": [ [ [ -70.646595, -33.440106 ], [ -70.646561, -33.44031 ], [ -70.646525, -33.440332 ], [ -70.646388, -33.440322 ], [ -70.646414, -33.440091 ], [ -70.646595, -33.440106 ] ] ] } },
{ "type": "Feature", "properties": { "INMUEBLES_": 675, "COUNT": 1, "INMUEBLE": null, "NUEVO_NUM": 0 }, "geometry": { "type": "Polygon", "coordinates": [ [ [ -70.645198, -33.439129 ], [ -70.645318, -33.439135 ], [ -70.645334, -33.439138 ], [ -70.645362, -33.439165 ], [ -70.645338, -33.439327 ], [ -70.645338, -33.43933 ], [ -70.645336, -33.43933 ], [ -70.645169, -33.439319 ], [ -70.645198, -33.439129 ] ] ] } },
{ "type": "Feature", "properties": { "INMUEBLES_": 680, "COUNT": 1, "INMUEBLE": null, "NUEVO_NUM": 0 }, "geometry": { "type": "Polygon", "coordinates": [ [ [ -70.658629, -33.441609 ], [ -70.658664, -33.441612 ], [ -70.658782, -33.441622 ], [ -70.658721, -33.442086 ], [ -70.658702, -33.442232 ], [ -70.658553, -33.442215 ], [ -70.65859, -33.441933 ], [ -70.658602, -33.441812 ], [ -70.658629, -33.441609 ] ] ] } },
{ "type": "Feature", "properties": { "INMUEBLES_": 681, "COUNT": 1, "INMUEBLE": null, "NUEVO_NUM": 0 }, "geometry": { "type": "Polygon", "coordinates": [ [ [ -70.657002, -33.441963 ], [ -70.656939, -33.44246 ], [ -70.656936, -33.44248 ], [ -70.656762, -33.442463 ], [ -70.656834, -33.441937 ], [ -70.657002, -33.441955 ], [ -70.657002, -33.441963 ] ] ] } },
{ "type": "Feature", "properties": { "INMUEBLES_": 682, "COUNT": 1, "INMUEBLE": null, "NUEVO_NUM": 0 }, "geometry": { "type": "Polygon", "coordinates": [ [ [ -70.655427, -33.441991 ], [ -70.655416, -33.441988 ], [ -70.655366, -33.442216 ], [ -70.65538, -33.442218 ], [ -70.655362, -33.442294 ], [ -70.654775, -33.442231 ], [ -70.654775, -33.442229 ], [ -70.654775, -33.442229 ], [ -70.654755, -33.442206 ], [ -70.654753, -33.442205 ], [ -70.654866, -33.44176 ], [ -70.655505, -33.441866 ], [ -70.655474, -33.441998 ], [ -70.655427, -33.441991 ] ] ] } },
{ "type": "Feature", "properties": { "INMUEBLES_": 683, "COUNT": 1, "INMUEBLE": null, "NUEVO_NUM": 0 }, "geometry": { "type": "Polygon", "coordinates": [ [ [ -70.652518, -33.441012 ], [ -70.65265, -33.441025 ], [ -70.652649, -33.441031 ], [ -70.652648, -33.44104 ], [ -70.65261, -33.441247 ], [ -70.652577, -33.441245 ], [ -70.65257, -33.441244 ], [ -70.652539, -33.441241 ], [ -70.652565, -33.441075 ], [ -70.652507, -33.44107 ], [ -70.652518, -33.441012 ] ] ] } },
{ "type": "Feature", "properties": { "INMUEBLES_": 684, "COUNT": 1, "INMUEBLE": null, "NUEVO_NUM": 0 }, "geometry": { "type": "Polygon", "coordinates": [ [ [ -70.652145, -33.441209 ], [ -70.652177, -33.441016 ], [ -70.652178, -33.441011 ], [ -70.65218, -33.441007 ], [ -70.652182, -33.441002 ], [ -70.652185, -33.440999 ], [ -70.652188, -33.440995 ], [ -70.652192, -33.440992 ], [ -70.652192, -33.440992 ], [ -70.652196, -33.440989 ], [ -70.652201, -33.440987 ], [ -70.652206, -33.440985 ], [ -70.652211, -33.440984 ], [ -70.652216, -33.440983 ], [ -70.652221, -33.440983 ], [ -70.652227, -33.440984 ], [ -70.652518, -33.441012 ], [ -70.652507, -33.44107 ], [ -70.652565, -33.441075 ], [ -70.652539, -33.441241 ], [ -70.652145, -33.441209 ] ] ] } },
{ "type": "Feature", "properties": { "INMUEBLES_": 685, "COUNT": 1, "INMUEBLE": null, "NUEVO_NUM": 0 }, "geometry": { "type": "Polygon", "coordinates": [ [ [ -70.650642, -33.441042 ], [ -70.650195, -33.44101 ], [ -70.650175, -33.441187 ], [ -70.650089, -33.441182 ], [ -70.650075, -33.441309 ], [ -70.650294, -33.441322 ], [ -70.650236, -33.441829 ], [ -70.650045, -33.441813 ], [ -70.649949, -33.441803 ], [ -70.649914, -33.441797 ], [ -70.649891, -33.441785 ], [ -70.649878, -33.441771 ], [ -70.64987, -33.441754 ], [ -70.649868, -33.441737 ], [ -70.649871, -33.441706 ], [ -70.649929, -33.441258 ], [ -70.649937, -33.441201 ], [ -70.649984, -33.440842 ], [ -70.649988, -33.440826 ], [ -70.649992, -33.440817 ], [ -70.649997, -33.44081 ], [ -70.650007, -33.440801 ], [ -70.650016, -33.440794 ], [ -70.650025, -33.44079 ], [ -70.650038, -33.440786 ], [ -70.650058, -33.440784 ], [ -70.650262, -33.440803 ], [ -70.65058, -33.440831 ], [ -70.650603, -33.440834 ], [ -70.65062, -33.440839 ], [ -70.650634, -33.440847 ], [ -70.650646, -33.440858 ], [ -70.650654, -33.440869 ], [ -70.650659, -33.440887 ], [ -70.65066, -33.4409 ], [ -70.650657, -33.440925 ], [ -70.650642, -33.441042 ] ] ] } },
{ "type": "Feature", "properties": { "INMUEBLES_": 686, "COUNT": 1, "INMUEBLE": null, "NUEVO_NUM": 0 }, "geometry": { "type": "Polygon", "coordinates": [ [ [ -70.649782, -33.441372 ], [ -70.649746, -33.441661 ], [ -70.649739, -33.441725 ], [ -70.649734, -33.441751 ], [ -70.649724, -33.441765 ], [ -70.649713, -33.441773 ], [ -70.6497, -33.441777 ], [ -70.649678, -33.441779 ], [ -70.649345, -33.441748 ], [ -70.649332, -33.441742 ], [ -70.649317, -33.441729 ], [ -70.649302, -33.441709 ], [ -70.649301, -33.441677 ], [ -70.649313, -33.441602 ], [ -70.649326, -33.441509 ], [ -70.649335, -33.441443 ], [ -70.649344, -33.441378 ], [ -70.649351, -33.441332 ], [ -70.649352, -33.441329 ], [ -70.649354, -33.441323 ], [ -70.649356, -33.441319 ], [ -70.649359, -33.441314 ], [ -70.649363, -33.44131 ], [ -70.649367, -33.441305 ], [ -70.649373, -33.441302 ], [ -70.649378, -33.441299 ], [ -70.649384, -33.441297 ], [ -70.649389, -33.441296 ], [ -70.649397, -33.441294 ], [ -70.649407, -33.441294 ], [ -70.649415, -33.441294 ], [ -70.649736, -33.441326 ], [ -70.649755, -33.441332 ], [ -70.649766, -33.44134 ], [ -70.649773, -33.441349 ], [ -70.649779, -33.441357 ], [ -70.649782, -33.441372 ] ] ] } },
{ "type": "Feature", "properties": { "INMUEBLES_": 687, "COUNT": 1, "INMUEBLE": null, "NUEVO_NUM": 0 }, "geometry": { "type": "Polygon", "coordinates": [ [ [ -70.646883, -33.440718 ], [ -70.646907, -33.440504 ], [ -70.647151, -33.440525 ], [ -70.647152, -33.440526 ], [ -70.647178, -33.440554 ], [ -70.647149, -33.440743 ], [ -70.646988, -33.440729 ], [ -70.646883, -33.440718 ] ] ] } },
{ "type": "Feature", "properties": { "INMUEBLES_": 688, "COUNT": 1, "INMUEBLE": null, "NUEVO_NUM": 0 }, "geometry": { "type": "Polygon", "coordinates": [ [ [ -70.646487, -33.440775 ], [ -70.646471, -33.440884 ], [ -70.646265, -33.440864 ], [ -70.646202, -33.440858 ], [ -70.646213, -33.44078 ], [ -70.646217, -33.440752 ], [ -70.646487, -33.440775 ] ] ] } },
{ "type": "Feature", "properties": { "INMUEBLES_": 691, "COUNT": 1, "INMUEBLE": null, "NUEVO_NUM": 0 }, "geometry": { "type": "Polygon", "coordinates": [ [ [ -70.659277, -33.443625 ], [ -70.659263, -33.443731 ], [ -70.658957, -33.443699 ], [ -70.658971, -33.443597 ], [ -70.658977, -33.443598 ], [ -70.659244, -33.443622 ], [ -70.659277, -33.443625 ] ] ] } },
{ "type": "Feature", "properties": { "INMUEBLES_": 693, "COUNT": 1, "INMUEBLE": null, "NUEVO_NUM": 0 }, "geometry": { "type": "Polygon", "coordinates": [ [ [ -70.659113, -33.44499 ], [ -70.659104, -33.445043 ], [ -70.659034, -33.445346 ], [ -70.658987, -33.445339 ], [ -70.658971, -33.44541 ], [ -70.658827, -33.445378 ], [ -70.658929, -33.444977 ], [ -70.659113, -33.44499 ] ] ] } },
{ "type": "Feature", "properties": { "INMUEBLES_": 694, "COUNT": 1, "INMUEBLE": null, "NUEVO_NUM": 0 }, "geometry": { "type": "Polygon", "coordinates": [ [ [ -70.657621, -33.443642 ], [ -70.658344, -33.44372 ], [ -70.658332, -33.443804 ], [ -70.658781, -33.443861 ], [ -70.658783, -33.443861 ], [ -70.658785, -33.443862 ], [ -70.658769, -33.443972 ], [ -70.658766, -33.443972 ], [ -70.658318, -33.443918 ], [ -70.658311, -33.443966 ], [ -70.658181, -33.443958 ], [ -70.658038, -33.443957 ], [ -70.657585, -33.443898 ], [ -70.657621, -33.443642 ] ] ] } },
{ "type": "Feature", "properties": { "INMUEBLES_": 695, "COUNT": 1, "INMUEBLE": null, "NUEVO_NUM": 0 }, "geometry": { "type": "Polygon", "coordinates": [ [ [ -70.657753, -33.442928 ], [ -70.657907, -33.442945 ], [ -70.658245, -33.442978 ], [ -70.658221, -33.443152 ], [ -70.657691, -33.443093 ], [ -70.657708, -33.442955 ], [ -70.657749, -33.442956 ], [ -70.657753, -33.442928 ] ] ] } },
{ "type": "Feature", "properties": { "INMUEBLES_": 696, "COUNT": 1, "INMUEBLE": null, "NUEVO_NUM": 0 }, "geometry": { "type": "Polygon", "coordinates": [ [ [ -70.657488, -33.442652 ], [ -70.657428, -33.443133 ], [ -70.657351, -33.443128 ], [ -70.657283, -33.443124 ], [ -70.657341, -33.442636 ], [ -70.657488, -33.442652 ] ] ] } },
{ "type": "Feature", "properties": { "INMUEBLES_": 698, "COUNT": 1, "INMUEBLE": null, "NUEVO_NUM": 0 }, "geometry": { "type": "Polygon", "coordinates": [ [ [ -70.655355, -33.443604 ], [ -70.655355, -33.443603 ], [ -70.655356, -33.4436 ], [ -70.655357, -33.443598 ], [ -70.655358, -33.443596 ], [ -70.655359, -33.443595 ], [ -70.655361, -33.443593 ], [ -70.655363, -33.443591 ], [ -70.655365, -33.44359 ], [ -70.655367, -33.443589 ], [ -70.65537, -33.443588 ], [ -70.655373, -33.443587 ], [ -70.655376, -33.443586 ], [ -70.655379, -33.443586 ], [ -70.655382, -33.443586 ], [ -70.655385, -33.443586 ], [ -70.65573, -33.443634 ], [ -70.655732, -33.443634 ], [ -70.655735, -33.443635 ], [ -70.655737, -33.443636 ], [ -70.655739, -33.443637 ], [ -70.655741, -33.443638 ], [ -70.655742, -33.443639 ], [ -70.655744, -33.44364 ], [ -70.655746, -33.443642 ], [ -70.655747, -33.443643 ], [ -70.655749, -33.443645 ], [ -70.65575, -33.443646 ], [ -70.65575, -33.443646 ], [ -70.655751, -33.443648 ], [ -70.655752, -33.443651 ], [ -70.655753, -33.443653 ], [ -70.655753, -33.443656 ], [ -70.655753, -33.443659 ], [ -70.655729, -33.443781 ], [ -70.655483, -33.443744 ], [ -70.655465, -33.443822 ], [ -70.655321, -33.443798 ], [ -70.655329, -33.443764 ], [ -70.655322, -33.443763 ], [ -70.655354, -33.443606 ], [ -70.655355, -33.443604 ], [ -70.655355, -33.443604 ] ] ] } },
{ "type": "Feature", "properties": { "INMUEBLES_": 699, "COUNT": 1, "INMUEBLE": null, "NUEVO_NUM": 0 }, "geometry": { "type": "Polygon", "coordinates": [ [ [ -70.655322, -33.443763 ], [ -70.655329, -33.443764 ], [ -70.655321, -33.443798 ], [ -70.65527, -33.444008 ], [ -70.655038, -33.443968 ], [ -70.655049, -33.443927 ], [ -70.655089, -33.443764 ], [ -70.6551, -33.443724 ], [ -70.655123, -33.443728 ], [ -70.655322, -33.443763 ] ] ] } },
{ "type": "Feature", "properties": { "INMUEBLES_": 700, "COUNT": 1, "INMUEBLE": null, "NUEVO_NUM": 0 }, "geometry": { "type": "Polygon", "coordinates": [ [ [ -70.655247, -33.444095 ], [ -70.655152, -33.444489 ], [ -70.655151, -33.444495 ], [ -70.65507, -33.444474 ], [ -70.65506, -33.444471 ], [ -70.655022, -33.444461 ], [ -70.655012, -33.444458 ], [ -70.654916, -33.444432 ], [ -70.654908, -33.44443 ], [ -70.654909, -33.444426 ], [ -70.655008, -33.444058 ], [ -70.655013, -33.444055 ], [ -70.655014, -33.444055 ], [ -70.655247, -33.444095 ] ] ] } },
{ "type": "Feature", "properties": { "INMUEBLES_": 702, "COUNT": 1, "INMUEBLE": null, "NUEVO_NUM": 0 }, "geometry": { "type": "Polygon", "coordinates": [ [ [ -70.651872, -33.443246 ], [ -70.652388, -33.443309 ], [ -70.65278, -33.443359 ], [ -70.65278, -33.443359 ], [ -70.652789, -33.443361 ], [ -70.652968, -33.44339 ], [ -70.652868, -33.443944 ], [ -70.652864, -33.443967 ], [ -70.652653, -33.443927 ], [ -70.652655, -33.443917 ], [ -70.652654, -33.443917 ], [ -70.652072, -33.443793 ], [ -70.652069, -33.443803 ], [ -70.651837, -33.443754 ], [ -70.651837, -33.44375 ], [ -70.651834, -33.443738 ], [ -70.651845, -33.443698 ], [ -70.651825, -33.443695 ], [ -70.651823, -33.443695 ], [ -70.651821, -33.443694 ], [ -70.651819, -33.443693 ], [ -70.651818, -33.443692 ], [ -70.651816, -33.443691 ], [ -70.651815, -33.443689 ], [ -70.651814, -33.443689 ], [ -70.651813, -33.443687 ], [ -70.651812, -33.443686 ], [ -70.651811, -33.443684 ], [ -70.65181, -33.443682 ], [ -70.65181, -33.443679 ], [ -70.65181, -33.443679 ], [ -70.651872, -33.443246 ] ] ] } },
{ "type": "Feature", "properties": { "INMUEBLES_": 703, "COUNT": 1, "INMUEBLE": null, "NUEVO_NUM": 0 }, "geometry": { "type": "Polygon", "coordinates": [ [ [ -70.651926, -33.442868 ], [ -70.652435, -33.442912 ], [ -70.652388, -33.443309 ], [ -70.651872, -33.443246 ], [ -70.651926, -33.442868 ] ] ] } },
{ "type": "Feature", "properties": { "INMUEBLES_": 704, "COUNT": 1, "INMUEBLE": null, "NUEVO_NUM": 0 }, "geometry": { "type": "Polygon", "coordinates": [ [ [ -70.650437, -33.442568 ], [ -70.650397, -33.442869 ], [ -70.650102, -33.442846 ], [ -70.650157, -33.442544 ], [ -70.650437, -33.442568 ] ] ] } },
{ "type": "Feature", "properties": { "INMUEBLES_": 705, "COUNT": 1, "INMUEBLE": null, "NUEVO_NUM": 0 }, "geometry": { "type": "Polygon", "coordinates": [ [ [ -70.652089, -33.445061 ], [ -70.652203, -33.44463 ], [ -70.652368, -33.444672 ], [ -70.652432, -33.444688 ], [ -70.652405, -33.444789 ], [ -70.652331, -33.445077 ], [ -70.652295, -33.445096 ], [ -70.652089, -33.445061 ] ] ] } },
{ "type": "Feature", "properties": { "INMUEBLES_": 706, "COUNT": 1, "INMUEBLE": null, "NUEVO_NUM": 0 }, "geometry": { "type": "Polygon", "coordinates": [ [ [ -70.64995, -33.444032 ], [ -70.649969, -33.444065 ], [ -70.649963, -33.444079 ], [ -70.649788, -33.444519 ], [ -70.649752, -33.444547 ], [ -70.649534, -33.444518 ], [ -70.649521, -33.444501 ], [ -70.649547, -33.444371 ], [ -70.649546, -33.444371 ], [ -70.649555, -33.444323 ], [ -70.649557, -33.444323 ], [ -70.649586, -33.444168 ], [ -70.649588, -33.444168 ], [ -70.649598, -33.444119 ], [ -70.649596, -33.444119 ], [ -70.649626, -33.443972 ], [ -70.649663, -33.443954 ], [ -70.649663, -33.443953 ], [ -70.649777, -33.443984 ], [ -70.649778, -33.443984 ], [ -70.649835, -33.444 ], [ -70.649835, -33.444001 ], [ -70.64995, -33.444032 ] ] ] } },
{ "type": "Feature", "properties": { "INMUEBLES_": 707, "COUNT": 1, "INMUEBLE": null, "NUEVO_NUM": 0 }, "geometry": { "type": "Polygon", "coordinates": [ [ [ -70.639931, -33.440077 ], [ -70.640162, -33.440238 ], [ -70.639842, -33.440589 ], [ -70.639586, -33.4404 ], [ -70.639931, -33.440077 ] ] ] } },
{ "type": "Feature", "properties": { "INMUEBLES_": 708, "COUNT": 1, "INMUEBLE": null, "NUEVO_NUM": 0 }, "geometry": { "type": "Polygon", "coordinates": [ [ [ -70.639472, -33.439798 ], [ -70.639418, -33.439852 ], [ -70.639324, -33.439793 ], [ -70.639303, -33.439814 ], [ -70.639295, -33.43981 ], [ -70.63928, -33.439826 ], [ -70.639285, -33.439831 ], [ -70.639135, -33.439987 ], [ -70.639048, -33.439929 ], [ -70.63931, -33.439656 ], [ -70.639391, -33.43971 ], [ -70.639491, -33.439778 ], [ -70.639472, -33.439798 ] ] ] } },
{ "type": "Feature", "properties": { "INMUEBLES_": 624, "COUNT": 2, "INMUEBLE": null, "NUEVO_NUM": 0 }, "geometry": { "type": "Polygon", "coordinates": [ [ [ -70.654258, -33.433272 ], [ -70.654482, -33.433277 ], [ -70.654512, -33.433305 ], [ -70.654487, -33.433473 ], [ -70.654236, -33.433453 ], [ -70.654221, -33.433579 ], [ -70.654033, -33.433567 ], [ -70.65403, -33.433268 ], [ -70.654258, -33.433272 ] ] ] } },
{ "type": "Feature", "properties": { "INMUEBLES_": 625, "COUNT": 2, "INMUEBLE": null, "NUEVO_NUM": 0 }, "geometry": { "type": "Polygon", "coordinates": [ [ [ -70.65279, -33.433363 ], [ -70.652163, -33.433373 ], [ -70.652134, -33.433345 ], [ -70.652142, -33.433239 ], [ -70.652143, -33.433238 ], [ -70.65217, -33.433211 ], [ -70.652274, -33.433187 ], [ -70.652275, -33.433187 ], [ -70.652784, -33.433195 ], [ -70.653082, -33.4332 ], [ -70.653106, -33.433234 ], [ -70.653106, -33.433236 ], [ -70.653096, -33.433342 ], [ -70.653066, -33.433364 ], [ -70.65279, -33.433363 ] ] ] } },
{ "type": "Feature", "properties": { "INMUEBLES_": 638, "COUNT": 2, "INMUEBLE": null, "NUEVO_NUM": 0 }, "geometry": { "type": "Polygon", "coordinates": [ [ [ -70.652843, -33.435266 ], [ -70.652843, -33.435267 ], [ -70.652843, -33.435267 ], [ -70.652844, -33.435268 ], [ -70.652844, -33.43527 ], [ -70.652845, -33.435271 ], [ -70.652845, -33.435272 ], [ -70.652845, -33.435273 ], [ -70.652845, -33.435274 ], [ -70.652845, -33.435276 ], [ -70.652845, -33.435278 ], [ -70.652845, -33.435279 ], [ -70.652844, -33.43528 ], [ -70.652844, -33.435281 ], [ -70.652843, -33.435283 ], [ -70.652843, -33.435284 ], [ -70.652842, -33.435285 ], [ -70.652841, -33.435286 ], [ -70.65284, -33.435287 ], [ -70.65284, -33.435288 ], [ -70.652839, -33.435289 ], [ -70.652838, -33.43529 ], [ -70.652837, -33.435291 ], [ -70.652836, -33.435291 ], [ -70.652843, -33.435292 ], [ -70.652822, -33.435451 ], [ -70.652822, -33.435451 ], [ -70.652793, -33.435645 ], [ -70.652664, -33.435632 ], [ -70.652688, -33.435436 ], [ -70.652689, -33.435435 ], [ -70.652708, -33.435272 ], [ -70.652714, -33.435236 ], [ -70.652715, -33.435233 ], [ -70.652717, -33.435233 ], [ -70.652823, -33.435248 ], [ -70.652822, -33.435253 ], [ -70.652824, -33.435253 ], [ -70.652824, -33.435254 ], [ -70.652826, -33.435254 ], [ -70.652827, -33.435254 ], [ -70.652828, -33.435254 ], [ -70.652829, -33.435255 ], [ -70.65283, -33.435255 ], [ -70.652831, -33.435255 ], [ -70.652832, -33.435256 ], [ -70.652832, -33.435256 ], [ -70.652834, -33.435257 ], [ -70.652834, -33.435257 ], [ -70.652835, -33.435258 ], [ -70.652836, -33.435258 ], [ -70.652837, -33.435259 ], [ -70.652838, -33.43526 ], [ -70.652838, -33.43526 ], [ -70.652839, -33.435261 ], [ -70.65284, -33.435262 ], [ -70.65284, -33.435262 ], [ -70.652841, -33.435263 ], [ -70.652842, -33.435264 ], [ -70.652842, -33.435265 ], [ -70.652843, -33.435266 ] ] ] } },
{ "type": "Feature", "properties": { "INMUEBLES_": 643, "COUNT": 4, "INMUEBLE": null, "NUEVO_NUM": 0 }, "geometry": { "type": "Polygon", "coordinates": [ [ [ -70.647069, -33.435171 ], [ -70.647175, -33.435178 ], [ -70.647192, -33.435062 ], [ -70.647212, -33.434936 ], [ -70.647234, -33.434797 ], [ -70.647244, -33.434723 ], [ -70.647248, -33.434704 ], [ -70.647323, -33.434697 ], [ -70.647417, -33.434687 ], [ -70.647444, -33.434712 ], [ -70.647423, -33.434864 ], [ -70.64741, -33.434951 ], [ -70.647392, -33.435077 ], [ -70.647375, -33.435189 ], [ -70.647362, -33.435271 ], [ -70.647347, -33.435375 ], [ -70.647323, -33.435372 ], [ -70.64704, -33.43534 ], [ -70.647056, -33.435249 ], [ -70.647069, -33.435171 ] ] ] } },
{ "type": "Feature", "properties": { "INMUEBLES_": 646, "COUNT": 2, "INMUEBLE": null, "NUEVO_NUM": 0 }, "geometry": { "type": "Polygon", "coordinates": [ [ [ -70.647664, -33.436363 ], [ -70.647767, -33.436375 ], [ -70.647755, -33.436452 ], [ -70.647749, -33.436505 ], [ -70.647757, -33.436506 ], [ -70.64784, -33.436588 ], [ -70.647845, -33.436595 ], [ -70.647847, -33.436599 ], [ -70.64785, -33.436604 ], [ -70.647853, -33.43661 ], [ -70.647854, -33.436612 ], [ -70.647856, -33.436616 ], [ -70.647858, -33.436622 ], [ -70.647858, -33.436624 ], [ -70.647859, -33.436627 ], [ -70.647859, -33.436629 ], [ -70.64786, -33.436632 ], [ -70.647819, -33.436871 ], [ -70.647791, -33.436885 ], [ -70.647687, -33.436874 ], [ -70.647556, -33.436862 ], [ -70.647635, -33.436358 ], [ -70.647664, -33.436363 ] ] ] } },
{ "type": "Feature", "properties": { "INMUEBLES_": 649, "COUNT": 3, "INMUEBLE": null, "NUEVO_NUM": 0 }, "geometry": { "type": "Polygon", "coordinates": [ [ [ -70.645934, -33.436043 ], [ -70.645944, -33.435967 ], [ -70.645976, -33.435726 ], [ -70.64598, -33.435705 ], [ -70.646011, -33.435684 ], [ -70.646011, -33.435684 ], [ -70.646012, -33.435684 ], [ -70.646035, -33.435686 ], [ -70.646135, -33.435695 ], [ -70.646149, -33.435697 ], [ -70.646148, -33.435697 ], [ -70.646104, -33.435987 ], [ -70.646091, -33.436062 ], [ -70.646128, -33.436066 ], [ -70.646108, -33.436215 ], [ -70.646074, -33.436212 ], [ -70.645911, -33.436196 ], [ -70.645877, -33.436194 ], [ -70.645895, -33.436068 ], [ -70.64593, -33.436071 ], [ -70.645934, -33.436043 ] ] ] } },
{ "type": "Feature", "properties": { "INMUEBLES_": 651, "COUNT": 2, "INMUEBLE": null, "NUEVO_NUM": 0 }, "geometry": { "type": "Polygon", "coordinates": [ [ [ -70.655691, -33.438891 ], [ -70.65549, -33.438871 ], [ -70.655468, -33.438846 ], [ -70.655512, -33.438518 ], [ -70.655555, -33.438521 ], [ -70.655559, -33.43849 ], [ -70.655606, -33.438494 ], [ -70.655622, -33.438385 ], [ -70.655759, -33.438398 ], [ -70.655895, -33.43841 ], [ -70.65592, -33.438412 ], [ -70.655854, -33.438887 ], [ -70.655853, -33.438892 ], [ -70.6558, -33.438885 ], [ -70.6558, -33.438888 ], [ -70.655797, -33.438904 ], [ -70.655775, -33.438901 ], [ -70.655714, -33.438894 ], [ -70.655691, -33.438891 ] ] ] } },
{ "type": "Feature", "properties": { "INMUEBLES_": 655, "COUNT": 5, "INMUEBLE": null, "NUEVO_NUM": 0 }, "geometry": { "type": "Polygon", "coordinates": [ [ [ -70.644396, -33.436762 ], [ -70.644402, -33.4367 ], [ -70.644404, -33.4367 ], [ -70.644435, -33.436679 ], [ -70.644435, -33.436678 ], [ -70.644576, -33.436692 ], [ -70.644575, -33.436693 ], [ -70.644569, -33.436751 ], [ -70.644566, -33.436776 ], [ -70.644561, -33.436812 ], [ -70.644559, -33.436828 ], [ -70.644556, -33.436849 ], [ -70.644555, -33.436866 ], [ -70.644544, -33.436959 ], [ -70.644535, -33.437061 ], [ -70.644521, -33.43721 ], [ -70.644429, -33.437201 ], [ -70.64436, -33.437195 ], [ -70.644372, -33.437046 ], [ -70.644381, -33.436943 ], [ -70.644389, -33.436852 ], [ -70.644396, -33.436762 ] ] ] } },
{ "type": "Feature", "properties": { "INMUEBLES_": 656, "COUNT": 2, "INMUEBLE": null, "NUEVO_NUM": 0 }, "geometry": { "type": "Polygon", "coordinates": [ [ [ -70.658287, -33.439253 ], [ -70.658407, -33.439264 ], [ -70.658439, -33.439268 ], [ -70.658403, -33.439545 ], [ -70.65825, -33.439531 ], [ -70.658116, -33.439519 ], [ -70.658147, -33.439264 ], [ -70.658148, -33.439264 ], [ -70.658175, -33.439245 ], [ -70.658287, -33.439253 ] ] ] } },
{ "type": "Feature", "properties": { "INMUEBLES_": 658, "COUNT": 10, "INMUEBLE": null, "NUEVO_NUM": 0 }, "geometry": { "type": "Polygon", "coordinates": [ [ [ -70.655642, -33.439418 ], [ -70.655651, -33.439352 ], [ -70.65566, -33.439284 ], [ -70.655668, -33.439218 ], [ -70.655677, -33.43915 ], [ -70.655691, -33.439045 ], [ -70.655717, -33.439028 ], [ -70.655782, -33.439033 ], [ -70.65577, -33.439159 ], [ -70.655763, -33.439227 ], [ -70.655756, -33.439293 ], [ -70.655749, -33.439363 ], [ -70.655742, -33.439429 ], [ -70.655739, -33.439461 ], [ -70.655736, -33.439493 ], [ -70.655723, -33.439627 ], [ -70.655764, -33.439635 ], [ -70.655754, -33.439739 ], [ -70.655338, -33.439701 ], [ -70.655365, -33.439502 ], [ -70.65539, -33.439485 ], [ -70.655391, -33.439484 ], [ -70.655507, -33.439497 ], [ -70.65558, -33.439504 ], [ -70.65563, -33.439509 ], [ -70.655634, -33.439482 ], [ -70.655642, -33.439418 ] ] ] } },
{ "type": "Feature", "properties": { "INMUEBLES_": 659, "COUNT": 3, "INMUEBLE": null, "NUEVO_NUM": 0 }, "geometry": { "type": "Polygon", "coordinates": [ [ [ -70.655606, -33.439226 ], [ -70.655576, -33.439441 ], [ -70.655564, -33.439449 ], [ -70.655387, -33.439432 ], [ -70.655385, -33.439432 ], [ -70.655375, -33.439421 ], [ -70.655405, -33.439208 ], [ -70.655429, -33.439026 ], [ -70.655429, -33.439026 ], [ -70.655462, -33.439004 ], [ -70.655554, -33.439013 ], [ -70.655622, -33.439019 ], [ -70.655632, -33.439029 ], [ -70.655606, -33.439226 ] ] ] } },
{ "type": "Feature", "properties": { "INMUEBLES_": 660, "COUNT": 2, "INMUEBLE": null, "NUEVO_NUM": 0 }, "geometry": { "type": "Polygon", "coordinates": [ [ [ -70.654789, -33.438937 ], [ -70.654924, -33.43895 ], [ -70.654901, -33.439115 ], [ -70.65489, -33.439114 ], [ -70.654879, -33.439204 ], [ -70.654766, -33.439197 ], [ -70.65473, -33.439414 ], [ -70.654721, -33.439473 ], [ -70.654535, -33.439428 ], [ -70.654484, -33.439422 ], [ -70.654529, -33.439173 ], [ -70.654539, -33.439173 ], [ -70.654559, -33.439058 ], [ -70.654548, -33.439057 ], [ -70.654571, -33.438915 ], [ -70.65465, -33.438923 ], [ -70.654789, -33.438937 ] ] ] } },
{ "type": "Feature", "properties": { "INMUEBLES_": 676, "COUNT": 6, "INMUEBLE": null, "NUEVO_NUM": 0 }, "geometry": { "type": "Polygon", "coordinates": [ [ [ -70.644945, -33.439341 ], [ -70.645169, -33.43932 ], [ -70.645338, -33.439332 ], [ -70.64532, -33.439454 ], [ -70.645289, -33.439481 ], [ -70.645234, -33.439476 ], [ -70.645154, -33.439477 ], [ -70.645062, -33.439484 ], [ -70.644948, -33.439505 ], [ -70.644845, -33.439521 ], [ -70.644674, -33.43954 ], [ -70.644538, -33.439555 ], [ -70.644379, -33.439573 ], [ -70.644369, -33.439573 ], [ -70.644366, -33.439572 ], [ -70.644361, -33.43957 ], [ -70.644354, -33.439566 ], [ -70.644349, -33.439558 ], [ -70.644303, -33.439476 ], [ -70.644405, -33.439436 ], [ -70.644515, -33.439423 ], [ -70.644503, -33.439339 ], [ -70.644648, -33.439325 ], [ -70.64465, -33.439368 ], [ -70.644831, -33.439351 ], [ -70.644941, -33.439338 ], [ -70.644944, -33.43934 ], [ -70.644945, -33.439341 ] ] ] } },
{ "type": "Feature", "properties": { "INMUEBLES_": 677, "COUNT": 4, "INMUEBLE": null, "NUEVO_NUM": 0 }, "geometry": { "type": "Polygon", "coordinates": [ [ [ -70.644788, -33.439736 ], [ -70.64474, -33.439741 ], [ -70.644683, -33.439748 ], [ -70.644474, -33.439782 ], [ -70.644415, -33.439681 ], [ -70.644437, -33.439647 ], [ -70.644772, -33.439611 ], [ -70.64489, -33.439598 ], [ -70.644945, -33.43959 ], [ -70.644994, -33.43958 ], [ -70.64503, -33.439572 ], [ -70.64511, -33.439562 ], [ -70.645213, -33.439556 ], [ -70.645245, -33.439556 ], [ -70.645275, -33.439559 ], [ -70.6453, -33.439588 ], [ -70.645278, -33.439745 ], [ -70.645146, -33.439727 ], [ -70.645101, -33.439722 ], [ -70.644905, -33.439729 ], [ -70.644788, -33.439736 ] ] ] } },
{ "type": "Feature", "properties": { "INMUEBLES_": 678, "COUNT": 5, "INMUEBLE": null, "NUEVO_NUM": 0 }, "geometry": { "type": "Polygon", "coordinates": [ [ [ -70.638319, -33.437785 ], [ -70.638319, -33.437782 ], [ -70.638328, -33.437777 ], [ -70.638338, -33.437771 ], [ -70.638347, -33.437762 ], [ -70.638355, -33.437751 ], [ -70.638361, -33.437741 ], [ -70.638364, -33.437731 ], [ -70.638366, -33.437723 ], [ -70.638367, -33.437714 ], [ -70.638367, -33.437714 ], [ -70.638379, -33.437627 ], [ -70.63839, -33.437537 ], [ -70.638407, -33.437399 ], [ -70.63855, -33.437405 ], [ -70.638537, -33.437543 ], [ -70.638527, -33.437634 ], [ -70.638511, -33.437725 ], [ -70.638503, -33.437725 ], [ -70.638431, -33.437848 ], [ -70.638545, -33.437928 ], [ -70.638404, -33.438065 ], [ -70.638376, -33.438045 ], [ -70.638188, -33.437916 ], [ -70.638186, -33.437915 ], [ -70.638319, -33.437785 ] ] ] } },
{ "type": "Feature", "properties": { "INMUEBLES_": 679, "COUNT": 4, "INMUEBLE": null, "NUEVO_NUM": 0 }, "geometry": { "type": "Polygon", "coordinates": [ [ [ -70.637941, -33.437552 ], [ -70.638051, -33.437565 ], [ -70.638157, -33.437577 ], [ -70.638159, -33.437578 ], [ -70.638161, -33.43756 ], [ -70.638176, -33.437427 ], [ -70.63821, -33.437428 ], [ -70.638331, -33.437433 ], [ -70.63833, -33.437434 ], [ -70.638329, -33.437434 ], [ -70.638312, -33.437571 ], [ -70.638298, -33.437683 ], [ -70.638264, -33.437705 ], [ -70.638142, -33.437691 ], [ -70.638039, -33.43768 ], [ -70.637988, -33.437674 ], [ -70.637977, -33.437745 ], [ -70.638048, -33.437752 ], [ -70.638023, -33.437825 ], [ -70.637988, -33.437855 ], [ -70.637882, -33.437837 ], [ -70.637941, -33.437552 ] ] ] } },
{ "type": "Feature", "properties": { "INMUEBLES_": 689, "COUNT": 2, "INMUEBLE": null, "NUEVO_NUM": 0 }, "geometry": { "type": "MultiPolygon", "coordinates": [ [ [ [ -70.646262, -33.440446 ], [ -70.646244, -33.440573 ], [ -70.64623, -33.440674 ], [ -70.646145, -33.440666 ], [ -70.646182, -33.440442 ], [ -70.646192, -33.44044 ], [ -70.646262, -33.440446 ] ] ], [ [ [ -70.64604, -33.440426 ], [ -70.64612, -33.440434 ], [ -70.646125, -33.440436 ], [ -70.646125, -33.440437 ], [ -70.646127, -33.440441 ], [ -70.646126, -33.440448 ], [ -70.646099, -33.440616 ], [ -70.646016, -33.440607 ], [ -70.64604, -33.440426 ] ] ] ] } },
{ "type": "Feature", "properties": { "INMUEBLES_": 690, "COUNT": 6, "INMUEBLE": null, "NUEVO_NUM": 0 }, "geometry": { "type": "Polygon", "coordinates": [ [ [ -70.659572, -33.444972 ], [ -70.659494, -33.444959 ], [ -70.65952, -33.444866 ], [ -70.659543, -33.444783 ], [ -70.659847, -33.444825 ], [ -70.659801, -33.444879 ], [ -70.659797, -33.444895 ], [ -70.659794, -33.444914 ], [ -70.659779, -33.445007 ], [ -70.659836, -33.445016 ], [ -70.659834, -33.445029 ], [ -70.659826, -33.445067 ], [ -70.659818, -33.445102 ], [ -70.659803, -33.445192 ], [ -70.659695, -33.445195 ], [ -70.659645, -33.445354 ], [ -70.659586, -33.445345 ], [ -70.659588, -33.445338 ], [ -70.659396, -33.445301 ], [ -70.659445, -33.445128 ], [ -70.659524, -33.445145 ], [ -70.659547, -33.445064 ], [ -70.659572, -33.444972 ] ] ] } },
{ "type": "Feature", "properties": { "INMUEBLES_": 692, "COUNT": 6, "INMUEBLE": null, "NUEVO_NUM": 0 }, "geometry": { "type": "Polygon", "coordinates": [ [ [ -70.658849, -33.444528 ], [ -70.658862, -33.444445 ], [ -70.658879, -33.444446 ], [ -70.658889, -33.444344 ], [ -70.6589, -33.444252 ], [ -70.658887, -33.444252 ], [ -70.658907, -33.444109 ], [ -70.658929, -33.444111 ], [ -70.659002, -33.444117 ], [ -70.659493, -33.444164 ], [ -70.659534, -33.444167 ], [ -70.659583, -33.444171 ], [ -70.659568, -33.444308 ], [ -70.659552, -33.444306 ], [ -70.659495, -33.444302 ], [ -70.659405, -33.444294 ], [ -70.659317, -33.444288 ], [ -70.659233, -33.444281 ], [ -70.659187, -33.444277 ], [ -70.659185, -33.444362 ], [ -70.659169, -33.44436 ], [ -70.659167, -33.444374 ], [ -70.659152, -33.444478 ], [ -70.659225, -33.444488 ], [ -70.659208, -33.44457 ], [ -70.659206, -33.444581 ], [ -70.659183, -33.444675 ], [ -70.659165, -33.444764 ], [ -70.658837, -33.444723 ], [ -70.658852, -33.444626 ], [ -70.658836, -33.444625 ], [ -70.658849, -33.444528 ] ] ] } },
{ "type": "Feature", "properties": { "INMUEBLES_": 697, "COUNT": 13, "INMUEBLE": null, "NUEVO_NUM": 0 }, "geometry": { "type": "Polygon", "coordinates": [ [ [ -70.656657, -33.442799 ], [ -70.65667, -33.442721 ], [ -70.656691, -33.442594 ], [ -70.656692, -33.442593 ], [ -70.656725, -33.442572 ], [ -70.656898, -33.44259 ], [ -70.656881, -33.442745 ], [ -70.656877, -33.442781 ], [ -70.656872, -33.442826 ], [ -70.656866, -33.442871 ], [ -70.656863, -33.442898 ], [ -70.656851, -33.442987 ], [ -70.65684, -33.44307 ], [ -70.656819, -33.443253 ], [ -70.656719, -33.443242 ], [ -70.656686, -33.443238 ], [ -70.656539, -33.443219 ], [ -70.656366, -33.443195 ], [ -70.656258, -33.443182 ], [ -70.656282, -33.443061 ], [ -70.656296, -33.443001 ], [ -70.656312, -33.442924 ], [ -70.656331, -33.442834 ], [ -70.656351, -33.44273 ], [ -70.656394, -33.442536 ], [ -70.656544, -33.442552 ], [ -70.656544, -33.442553 ], [ -70.656548, -33.442553 ], [ -70.656552, -33.442554 ], [ -70.656555, -33.442554 ], [ -70.656558, -33.442555 ], [ -70.656562, -33.442556 ], [ -70.656562, -33.442556 ], [ -70.656565, -33.442557 ], [ -70.656568, -33.442559 ], [ -70.656571, -33.44256 ], [ -70.656573, -33.442562 ], [ -70.656576, -33.442564 ], [ -70.656578, -33.442566 ], [ -70.65658, -33.442569 ], [ -70.656582, -33.442571 ], [ -70.656584, -33.442574 ], [ -70.656585, -33.442576 ], [ -70.656586, -33.442579 ], [ -70.656596, -33.44258 ], [ -70.656568, -33.442759 ], [ -70.656551, -33.44286 ], [ -70.656536, -33.44295 ], [ -70.656528, -33.443 ], [ -70.656512, -33.443012 ], [ -70.656492, -33.44301 ], [ -70.656489, -33.443021 ], [ -70.656469, -33.443115 ], [ -70.656467, -33.443125 ], [ -70.656552, -33.443136 ], [ -70.656637, -33.443146 ], [ -70.656639, -33.443136 ], [ -70.656654, -33.443046 ], [ -70.656657, -33.443024 ], [ -70.656631, -33.443021 ], [ -70.656624, -33.443013 ], [ -70.656632, -33.442962 ], [ -70.656646, -33.442871 ], [ -70.656657, -33.442799 ] ] ] } },
{ "type": "Feature", "properties": { "INMUEBLES_": 701, "COUNT": 9, "INMUEBLE": null, "NUEVO_NUM": 0 }, "geometry": { "type": "MultiPolygon", "coordinates": [ [ [ [ -70.655065, -33.443421 ], [ -70.654961, -33.443403 ], [ -70.654956, -33.443402 ], [ -70.654856, -33.443383 ], [ -70.654788, -33.443369 ], [ -70.654682, -33.443357 ], [ -70.654708, -33.443226 ], [ -70.654815, -33.443243 ], [ -70.654884, -33.443254 ], [ -70.654985, -33.44327 ], [ -70.655092, -33.443287 ], [ -70.655164, -33.443298 ], [ -70.655166, -33.443289 ], [ -70.655204, -33.443295 ], [ -70.655173, -33.443442 ], [ -70.655065, -33.443421 ] ] ], [ [ [ -70.654745, -33.443434 ], [ -70.654861, -33.443455 ], [ -70.654968, -33.443475 ], [ -70.655035, -33.443487 ], [ -70.65504, -33.443488 ], [ -70.655044, -33.443489 ], [ -70.655048, -33.443491 ], [ -70.655053, -33.443493 ], [ -70.655057, -33.443496 ], [ -70.655061, -33.443498 ], [ -70.655065, -33.443502 ], [ -70.655068, -33.443506 ], [ -70.65507, -33.443508 ], [ -70.65507, -33.443509 ], [ -70.655073, -33.443513 ], [ -70.655075, -33.443517 ], [ -70.655076, -33.443522 ], [ -70.655077, -33.443527 ], [ -70.655077, -33.443532 ], [ -70.655077, -33.443537 ], [ -70.655076, -33.443541 ], [ -70.655058, -33.443602 ], [ -70.655015, -33.443593 ], [ -70.654943, -33.443582 ], [ -70.654835, -33.443564 ], [ -70.654724, -33.443546 ], [ -70.654655, -33.443537 ], [ -70.654656, -33.443533 ], [ -70.654595, -33.443524 ], [ -70.654612, -33.443424 ], [ -70.654745, -33.443434 ] ] ] ] } },
{ "type": "Feature", "properties": { "INMUEBLES_": 1355, "COUNT": 1, "INMUEBLE": "I", "NUEVO_NUM": 1355 }, "geometry": { "type": "Polygon", "coordinates": [ [ [ -70.649503, -33.433835 ], [ -70.649517, -33.434026 ], [ -70.649265, -33.434032 ], [ -70.649203, -33.434052 ], [ -70.649144, -33.433954 ], [ -70.649155, -33.433915 ], [ -70.649503, -33.433835 ] ] ] } },
{ "type": "Feature", "properties": { "INMUEBLES_": 1301, "COUNT": 1, "INMUEBLE": "I", "NUEVO_NUM": 1301 }, "geometry": { "type": "Polygon", "coordinates": [ [ [ -70.64817, -33.434141 ], [ -70.648368, -33.434095 ], [ -70.648377, -33.434228 ], [ -70.648405, -33.43423 ], [ -70.648402, -33.434294 ], [ -70.648323, -33.434295 ], [ -70.64824, -33.434295 ], [ -70.648184, -33.434298 ], [ -70.648184, -33.434294 ], [ -70.648183, -33.434289 ], [ -70.64817, -33.434141 ] ] ] } },
{ "type": "Feature", "properties": { "INMUEBLES_": 1221, "COUNT": 1, "INMUEBLE": "I", "NUEVO_NUM": 1221 }, "geometry": { "type": "Polygon", "coordinates": [ [ [ -70.664176, -33.430911 ], [ -70.66417, -33.430977 ], [ -70.664091, -33.430974 ], [ -70.66408, -33.431119 ], [ -70.66396, -33.431116 ], [ -70.663926, -33.43137 ], [ -70.663878, -33.431703 ], [ -70.66378, -33.4317 ], [ -70.663752, -33.431922 ], [ -70.663208, -33.431925 ], [ -70.663179, -33.431898 ], [ -70.663245, -33.431068 ], [ -70.664082, -33.43091 ], [ -70.664177, -33.430892 ], [ -70.664176, -33.430911 ] ] ] } },
{ "type": "Feature", "properties": { "INMUEBLES_": 1302, "COUNT": 2, "INMUEBLE": "I", "NUEVO_NUM": 1302 }, "geometry": { "type": "Polygon", "coordinates": [ [ [ -70.646618, -33.434794 ], [ -70.646843, -33.434767 ], [ -70.646896, -33.434761 ], [ -70.646999, -33.434751 ], [ -70.646971, -33.435165 ], [ -70.646837, -33.435158 ], [ -70.646833, -33.435158 ], [ -70.646645, -33.435149 ], [ -70.646618, -33.434794 ] ] ] } },
{ "type": "Feature", "properties": { "INMUEBLES_": 1356, "COUNT": 1, "INMUEBLE": "I", "NUEVO_NUM": 1356 }, "geometry": { "type": "Polygon", "coordinates": [ [ [ -70.649288, -33.445618 ], [ -70.649298, -33.445619 ], [ -70.649522, -33.445657 ], [ -70.649786, -33.445703 ], [ -70.649915, -33.445726 ], [ -70.649952, -33.445733 ], [ -70.64994, -33.445787 ], [ -70.649931, -33.445838 ], [ -70.649922, -33.445888 ], [ -70.649917, -33.445915 ], [ -70.649916, -33.445915 ], [ -70.649913, -33.445934 ], [ -70.649906, -33.445969 ], [ -70.64987, -33.44599 ], [ -70.649736, -33.445964 ], [ -70.649593, -33.445936 ], [ -70.649454, -33.445909 ], [ -70.649314, -33.445882 ], [ -70.649259, -33.445872 ], [ -70.649232, -33.445842 ], [ -70.649241, -33.4458 ], [ -70.649277, -33.445616 ], [ -70.649288, -33.445618 ] ] ] } },
{ "type": "Feature", "properties": { "INMUEBLES_": 1357, "COUNT": 21, "INMUEBLE": "I", "NUEVO_NUM": 1357 }, "geometry": { "type": "Polygon", "coordinates": [ [ [ -70.646324, -33.449288 ], [ -70.646407, -33.449301 ], [ -70.646411, -33.449283 ], [ -70.646512, -33.449298 ], [ -70.646608, -33.449312 ], [ -70.646701, -33.449326 ], [ -70.64681, -33.449342 ], [ -70.646895, -33.449354 ], [ -70.646917, -33.449357 ], [ -70.646911, -33.44945 ], [ -70.646909, -33.449474 ], [ -70.646905, -33.449544 ], [ -70.646764, -33.449522 ], [ -70.646647, -33.449504 ], [ -70.646552, -33.449489 ], [ -70.646473, -33.449478 ], [ -70.646372, -33.449463 ], [ -70.646287, -33.44945 ], [ -70.646203, -33.449437 ], [ -70.646123, -33.449425 ], [ -70.646038, -33.449412 ], [ -70.645958, -33.449399 ], [ -70.645966, -33.449359 ], [ -70.645973, -33.449332 ], [ -70.645978, -33.449307 ], [ -70.64598, -33.449297 ], [ -70.645992, -33.449234 ], [ -70.646076, -33.449247 ], [ -70.646159, -33.449261 ], [ -70.646242, -33.449275 ], [ -70.646324, -33.449288 ] ] ] } },
{ "type": "Feature", "properties": { "INMUEBLES_": 1300, "COUNT": 1, "INMUEBLE": "I", "NUEVO_NUM": 1300 }, "geometry": { "type": "Polygon", "coordinates": [ [ [ -70.677001, -33.449141 ], [ -70.677356, -33.449182 ], [ -70.677332, -33.449396 ], [ -70.677318, -33.449406 ], [ -70.677254, -33.449398 ], [ -70.677241, -33.449386 ], [ -70.677248, -33.449319 ], [ -70.676985, -33.449287 ], [ -70.677001, -33.449141 ] ] ] } },
{ "type": "Feature", "properties": { "INMUEBLES_": 1363, "COUNT": 1, "INMUEBLE": "I", "NUEVO_NUM": 1363 }, "geometry": { "type": "Polygon", "coordinates": [ [ [ -70.639184, -33.463466 ], [ -70.63924, -33.463475 ], [ -70.639294, -33.463483 ], [ -70.639346, -33.463491 ], [ -70.639336, -33.463534 ], [ -70.639324, -33.46359 ], [ -70.639238, -33.463578 ], [ -70.63906, -33.463554 ], [ -70.639089, -33.463451 ], [ -70.639184, -33.463466 ] ] ] } },
{ "type": "Feature", "properties": { "INMUEBLES_": 1222, "COUNT": 1, "INMUEBLE": "I", "NUEVO_NUM": 1222 }, "geometry": { "type": "Polygon", "coordinates": [ [ [ -70.665014, -33.431417 ], [ -70.665017, -33.431417 ], [ -70.665016, -33.431426 ], [ -70.664997, -33.431918 ], [ -70.664725, -33.431919 ], [ -70.664743, -33.43154 ], [ -70.664803, -33.43154 ], [ -70.664811, -33.431441 ], [ -70.664814, -33.43142 ], [ -70.664815, -33.431411 ], [ -70.665014, -33.431417 ] ] ] } },
{ "type": "Feature", "properties": { "INMUEBLES_": 1374, "COUNT": 1, "INMUEBLE": "I", "NUEVO_NUM": 1374 }, "geometry": { "type": "Polygon", "coordinates": [ [ [ -70.664381, -33.459052 ], [ -70.664134, -33.459044 ], [ -70.664144, -33.458777 ], [ -70.664177, -33.458753 ], [ -70.664403, -33.458767 ], [ -70.664381, -33.459052 ] ] ] } },
{ "type": "Feature", "properties": { "INMUEBLES_": 1376, "COUNT": 1, "INMUEBLE": "I", "NUEVO_NUM": 1376 }, "geometry": { "type": "Polygon", "coordinates": [ [ [ -70.664534, -33.458907 ], [ -70.664541, -33.458777 ], [ -70.664716, -33.458788 ], [ -70.66471, -33.45891 ], [ -70.664652, -33.458909 ], [ -70.664534, -33.458907 ] ] ] } },
{ "type": "Feature", "properties": { "INMUEBLES_": 1377, "COUNT": 1, "INMUEBLE": "I", "NUEVO_NUM": 1377 }, "geometry": { "type": "Polygon", "coordinates": [ [ [ -70.66471, -33.45891 ], [ -70.664716, -33.458788 ], [ -70.664825, -33.458795 ], [ -70.664853, -33.458822 ], [ -70.664855, -33.458911 ], [ -70.66471, -33.45891 ] ] ] } },
{ "type": "Feature", "properties": { "INMUEBLES_": 1375, "COUNT": 1, "INMUEBLE": "I", "NUEVO_NUM": 1375 }, "geometry": { "type": "Polygon", "coordinates": [ [ [ -70.664534, -33.458907 ], [ -70.664526, -33.459056 ], [ -70.664381, -33.459052 ], [ -70.664403, -33.458767 ], [ -70.664541, -33.458777 ], [ -70.664534, -33.458907 ] ] ] } },
{ "type": "Feature", "properties": { "INMUEBLES_": 1373, "COUNT": 1, "INMUEBLE": "I", "NUEVO_NUM": 1373 }, "geometry": { "type": "Polygon", "coordinates": [ [ [ -70.664381, -33.459052 ], [ -70.664526, -33.459056 ], [ -70.664524, -33.459094 ], [ -70.664521, -33.45918 ], [ -70.664127, -33.459161 ], [ -70.664134, -33.459044 ], [ -70.664381, -33.459052 ] ] ] } },
{ "type": "Feature", "properties": { "INMUEBLES_": 1372, "COUNT": 1, "INMUEBLE": "I", "NUEVO_NUM": 1372 }, "geometry": { "type": "Polygon", "coordinates": [ [ [ -70.664521, -33.45918 ], [ -70.664515, -33.459305 ], [ -70.664363, -33.459299 ], [ -70.664123, -33.459287 ], [ -70.664127, -33.459161 ], [ -70.664521, -33.45918 ] ] ] } },
{ "type": "Feature", "properties": { "INMUEBLES_": 1369, "COUNT": 1, "INMUEBLE": "I", "NUEVO_NUM": 1369 }, "geometry": { "type": "Polygon", "coordinates": [ [ [ -70.664286, -33.462629 ], [ -70.664279, -33.46276 ], [ -70.664274, -33.462858 ], [ -70.663957, -33.462852 ], [ -70.663967, -33.462622 ], [ -70.664286, -33.462629 ] ] ] } },
{ "type": "Feature", "properties": { "INMUEBLES_": 1371, "COUNT": 1, "INMUEBLE": "I", "NUEVO_NUM": 1371 }, "geometry": { "type": "Polygon", "coordinates": [ [ [ -70.664397, -33.46254 ], [ -70.664403, -33.462335 ], [ -70.664645, -33.46234 ], [ -70.66477, -33.462342 ], [ -70.664792, -33.462343 ], [ -70.664794, -33.462345 ], [ -70.664822, -33.46237 ], [ -70.664824, -33.462372 ], [ -70.664824, -33.462392 ], [ -70.664822, -33.462547 ], [ -70.664637, -33.462545 ], [ -70.664397, -33.46254 ] ] ] } },
{ "type": "Feature", "properties": { "INMUEBLES_": 1370, "COUNT": 1, "INMUEBLE": "I", "NUEVO_NUM": 1370 }, "geometry": { "type": "Polygon", "coordinates": [ [ [ -70.664397, -33.46254 ], [ -70.664637, -33.462545 ], [ -70.664822, -33.462547 ], [ -70.66482, -33.462634 ], [ -70.664571, -33.462631 ], [ -70.664286, -33.462629 ], [ -70.663967, -33.462622 ], [ -70.663972, -33.462528 ], [ -70.663979, -33.462378 ], [ -70.663981, -33.462346 ], [ -70.664022, -33.462328 ], [ -70.664036, -33.462328 ], [ -70.664403, -33.462335 ], [ -70.664397, -33.46254 ] ] ] } },
{ "type": "Feature", "properties": { "INMUEBLES_": 1368, "COUNT": 1, "INMUEBLE": "I", "NUEVO_NUM": 1368 }, "geometry": { "type": "Polygon", "coordinates": [ [ [ -70.664261, -33.463091 ], [ -70.664438, -33.463095 ], [ -70.664437, -33.463232 ], [ -70.664436, -33.463253 ], [ -70.66432, -33.463249 ], [ -70.664181, -33.463244 ], [ -70.66418, -33.463221 ], [ -70.663939, -33.463216 ], [ -70.663946, -33.463087 ], [ -70.664261, -33.463091 ] ] ] } },
{ "type": "Feature", "properties": { "INMUEBLES_": 1367, "COUNT": 2, "INMUEBLE": "I", "NUEVO_NUM": 1367 }, "geometry": { "type": "Polygon", "coordinates": [ [ [ -70.663778, -33.466642 ], [ -70.66378, -33.466612 ], [ -70.663784, -33.466533 ], [ -70.663817, -33.466506 ], [ -70.663838, -33.466507 ], [ -70.664105, -33.466514 ], [ -70.664104, -33.46665 ], [ -70.664103, -33.466737 ], [ -70.664102, -33.466788 ], [ -70.663773, -33.466777 ], [ -70.663778, -33.466642 ] ] ] } },
{ "type": "Feature", "properties": { "INMUEBLES_": 1365, "COUNT": 1, "INMUEBLE": "I", "NUEVO_NUM": 1365 }, "geometry": { "type": "Polygon", "coordinates": [ [ [ -70.664096, -33.466985 ], [ -70.66416, -33.466987 ], [ -70.664129, -33.467192 ], [ -70.663755, -33.467159 ], [ -70.663765, -33.466972 ], [ -70.664096, -33.466985 ] ] ] } },
{ "type": "Feature", "properties": { "INMUEBLES_": 1362, "COUNT": 7, "INMUEBLE": "I", "NUEVO_NUM": 1362 }, "geometry": { "type": "Polygon", "coordinates": [ [ [ -70.635768, -33.455163 ], [ -70.635777, -33.455124 ], [ -70.635786, -33.455088 ], [ -70.635791, -33.455063 ], [ -70.635804, -33.45501 ], [ -70.636079, -33.455064 ], [ -70.636061, -33.455141 ], [ -70.636043, -33.455217 ], [ -70.636025, -33.455294 ], [ -70.636007, -33.455371 ], [ -70.635988, -33.455448 ], [ -70.63597, -33.455525 ], [ -70.635955, -33.455587 ], [ -70.635919, -33.455606 ], [ -70.635677, -33.455554 ], [ -70.635693, -33.455485 ], [ -70.635697, -33.455468 ], [ -70.635707, -33.455424 ], [ -70.635715, -33.455391 ], [ -70.635722, -33.455362 ], [ -70.635733, -33.455315 ], [ -70.635736, -33.455303 ], [ -70.635749, -33.455244 ], [ -70.63575, -33.45524 ], [ -70.635764, -33.455183 ], [ -70.635768, -33.455163 ] ] ] } },
{ "type": "Feature", "properties": { "INMUEBLES_": 1358, "COUNT": 6, "INMUEBLE": "I", "NUEVO_NUM": 1358 }, "geometry": { "type": "Polygon", "coordinates": [ [ [ -70.635858, -33.454779 ], [ -70.635865, -33.454747 ], [ -70.635877, -33.454699 ], [ -70.635881, -33.45468 ], [ -70.635894, -33.454623 ], [ -70.635896, -33.454617 ], [ -70.63591, -33.454557 ], [ -70.635922, -33.454506 ], [ -70.635931, -33.454467 ], [ -70.635936, -33.454446 ], [ -70.635951, -33.45438 ], [ -70.636196, -33.454433 ], [ -70.636219, -33.454464 ], [ -70.636205, -33.454524 ], [ -70.636169, -33.454678 ], [ -70.636151, -33.454755 ], [ -70.636132, -33.454832 ], [ -70.636115, -33.45491 ], [ -70.636097, -33.454986 ], [ -70.635822, -33.454935 ], [ -70.635835, -33.454879 ], [ -70.63584, -33.454857 ], [ -70.63585, -33.454812 ], [ -70.635858, -33.454779 ] ] ] } },
{ "type": "Feature", "properties": { "INMUEBLES_": 1361, "COUNT": 3, "INMUEBLE": "I", "NUEVO_NUM": 1361 }, "geometry": { "type": "MultiPolygon", "coordinates": [ [ [ [ -70.63531, -33.455322 ], [ -70.63528, -33.455453 ], [ -70.635257, -33.455465 ], [ -70.635164, -33.455444 ], [ -70.635197, -33.455299 ], [ -70.63531, -33.455322 ] ] ], [ [ [ -70.635425, -33.455501 ], [ -70.635334, -33.455481 ], [ -70.635321, -33.455461 ], [ -70.635352, -33.45533 ], [ -70.635463, -33.455356 ], [ -70.635566, -33.455378 ], [ -70.635532, -33.455523 ], [ -70.635425, -33.455501 ] ] ] ] } },
{ "type": "Feature", "properties": { "INMUEBLES_": 1359, "COUNT": 31, "INMUEBLE": "I", "NUEVO_NUM": 1359 }, "geometry": { "type": "MultiPolygon", "coordinates": [ [ [ [ -70.635365, -33.454577 ], [ -70.635379, -33.454516 ], [ -70.635392, -33.454461 ], [ -70.635405, -33.454406 ], [ -70.635436, -33.454271 ], [ -70.635529, -33.454291 ], [ -70.635543, -33.45431 ], [ -70.635517, -33.454426 ], [ -70.635504, -33.454482 ], [ -70.635491, -33.454538 ], [ -70.635477, -33.454599 ], [ -70.635462, -33.454663 ], [ -70.635446, -33.45473 ], [ -70.635428, -33.45481 ], [ -70.63541, -33.45489 ], [ -70.635393, -33.454963 ], [ -70.635376, -33.455035 ], [ -70.635359, -33.455108 ], [ -70.635343, -33.455178 ], [ -70.635326, -33.45525 ], [ -70.63531, -33.455322 ], [ -70.635197, -33.455299 ], [ -70.635211, -33.455242 ], [ -70.635214, -33.455226 ], [ -70.635223, -33.455187 ], [ -70.635231, -33.455154 ], [ -70.635238, -33.455126 ], [ -70.635247, -33.455086 ], [ -70.635251, -33.455069 ], [ -70.635264, -33.455012 ], [ -70.635278, -33.45495 ], [ -70.635281, -33.454939 ], [ -70.635291, -33.454897 ], [ -70.635298, -33.454865 ], [ -70.635307, -33.454828 ], [ -70.635317, -33.454785 ], [ -70.635321, -33.454767 ], [ -70.635335, -33.454708 ], [ -70.635336, -33.454702 ], [ -70.635351, -33.454639 ], [ -70.635365, -33.454577 ] ] ], [ [ [ -70.635728, -33.454688 ], [ -70.635711, -33.45476 ], [ -70.635694, -33.454832 ], [ -70.63568, -33.45489 ], [ -70.635668, -33.454944 ], [ -70.635655, -33.454997 ], [ -70.635642, -33.455053 ], [ -70.635629, -33.455109 ], [ -70.635617, -33.455159 ], [ -70.635604, -33.455215 ], [ -70.635592, -33.455269 ], [ -70.635579, -33.455322 ], [ -70.635566, -33.455378 ], [ -70.635463, -33.455356 ], [ -70.635352, -33.45533 ], [ -70.635365, -33.455273 ], [ -70.635378, -33.455218 ], [ -70.635389, -33.455169 ], [ -70.635402, -33.455115 ], [ -70.635414, -33.455063 ], [ -70.635426, -33.45501 ], [ -70.635491, -33.455021 ], [ -70.635503, -33.454968 ], [ -70.635516, -33.454913 ], [ -70.635529, -33.454859 ], [ -70.635543, -33.454801 ], [ -70.635477, -33.454788 ], [ -70.635495, -33.454714 ], [ -70.635511, -33.454641 ], [ -70.635528, -33.454568 ], [ -70.635543, -33.454504 ], [ -70.635557, -33.454446 ], [ -70.635586, -33.454319 ], [ -70.635607, -33.454308 ], [ -70.635687, -33.454324 ], [ -70.635807, -33.454349 ], [ -70.635807, -33.454352 ], [ -70.635774, -33.45449 ], [ -70.63576, -33.454548 ], [ -70.635745, -33.454615 ], [ -70.635728, -33.454688 ] ] ] ] } },
{ "type": "Feature", "properties": { "INMUEBLES_": 1360, "COUNT": 2, "INMUEBLE": "I", "NUEVO_NUM": 1360 }, "geometry": { "type": "Polygon", "coordinates": [ [ [ -70.634854, -33.454636 ], [ -70.634875, -33.454545 ], [ -70.634876, -33.454545 ], [ -70.635087, -33.454584 ], [ -70.635086, -33.454591 ], [ -70.635071, -33.454656 ], [ -70.635066, -33.454676 ], [ -70.635058, -33.454714 ], [ -70.635047, -33.454758 ], [ -70.634835, -33.454715 ], [ -70.634854, -33.454636 ] ] ] } },
{ "type": "Feature", "properties": { "INMUEBLES_": 1307, "COUNT": 1, "INMUEBLE": "I", "NUEVO_NUM": 1307 }, "geometry": { "type": "Polygon", "coordinates": [ [ [ -70.642042, -33.436724 ], [ -70.642142, -33.43671 ], [ -70.64222, -33.436699 ], [ -70.642315, -33.436687 ], [ -70.642326, -33.436913 ], [ -70.64231, -33.437035 ], [ -70.642164, -33.437021 ], [ -70.642043, -33.437011 ], [ -70.642018, -33.437007 ], [ -70.642022, -33.436968 ], [ -70.642042, -33.436724 ] ] ] } },
{ "type": "Feature", "properties": { "INMUEBLES_": 1315, "COUNT": 1, "INMUEBLE": "I", "NUEVO_NUM": 1315 }, "geometry": { "type": "Polygon", "coordinates": [ [ [ -70.641098, -33.437522 ], [ -70.641177, -33.437549 ], [ -70.641212, -33.43756 ], [ -70.641263, -33.437576 ], [ -70.641379, -33.437597 ], [ -70.641307, -33.437787 ], [ -70.641293, -33.437811 ], [ -70.641116, -33.437741 ], [ -70.641116, -33.43774 ], [ -70.641101, -33.437734 ], [ -70.641084, -33.437727 ], [ -70.641083, -33.437727 ], [ -70.641079, -33.437725 ], [ -70.641077, -33.437724 ], [ -70.641075, -33.437722 ], [ -70.641072, -33.43772 ], [ -70.641069, -33.437717 ], [ -70.641066, -33.437714 ], [ -70.641064, -33.437711 ], [ -70.641062, -33.437707 ], [ -70.641061, -33.437704 ], [ -70.64106, -33.437702 ], [ -70.641059, -33.437698 ], [ -70.641058, -33.437696 ], [ -70.641056, -33.437682 ], [ -70.641036, -33.437548 ], [ -70.64103, -33.437511 ], [ -70.641031, -33.437511 ], [ -70.64103, -33.437502 ], [ -70.641098, -33.437522 ] ] ] } },
{ "type": "Feature", "properties": { "INMUEBLES_": 1314, "COUNT": 1, "INMUEBLE": "I", "NUEVO_NUM": 1314 }, "geometry": { "type": "Polygon", "coordinates": [ [ [ -70.641979, -33.437887 ], [ -70.641974, -33.437898 ], [ -70.64203, -33.43793 ], [ -70.642007, -33.437974 ], [ -70.641965, -33.438056 ], [ -70.641743, -33.437967 ], [ -70.641816, -33.437799 ], [ -70.641979, -33.437887 ] ] ] } },
{ "type": "Feature", "properties": { "INMUEBLES_": 1313, "COUNT": 1, "INMUEBLE": "I", "NUEVO_NUM": 1313 }, "geometry": { "type": "Polygon", "coordinates": [ [ [ -70.642099, -33.43795 ], [ -70.642093, -33.437964 ], [ -70.642092, -33.437968 ], [ -70.642079, -33.437997 ], [ -70.642043, -33.438088 ], [ -70.641965, -33.438056 ], [ -70.642007, -33.437974 ], [ -70.64203, -33.43793 ], [ -70.642036, -33.437918 ], [ -70.642099, -33.43795 ] ] ] } },
{ "type": "Feature", "properties": { "INMUEBLES_": 1312, "COUNT": 1, "INMUEBLE": "I", "NUEVO_NUM": 1312 }, "geometry": { "type": "Polygon", "coordinates": [ [ [ -70.642099, -33.43795 ], [ -70.64218, -33.437971 ], [ -70.642118, -33.438118 ], [ -70.642043, -33.438088 ], [ -70.642079, -33.437997 ], [ -70.642092, -33.437968 ], [ -70.642093, -33.437964 ], [ -70.642099, -33.43795 ] ] ] } },
{ "type": "Feature", "properties": { "INMUEBLES_": 1311, "COUNT": 1, "INMUEBLE": "I", "NUEVO_NUM": 1311 }, "geometry": { "type": "Polygon", "coordinates": [ [ [ -70.642508, -33.438056 ], [ -70.642476, -33.438146 ], [ -70.642435, -33.438245 ], [ -70.642225, -33.438158 ], [ -70.642296, -33.438001 ], [ -70.642367, -33.43802 ], [ -70.642508, -33.438056 ] ] ] } },
{ "type": "Feature", "properties": { "INMUEBLES_": 1310, "COUNT": 1, "INMUEBLE": "I", "NUEVO_NUM": 1310 }, "geometry": { "type": "Polygon", "coordinates": [ [ [ -70.642654, -33.438038 ], [ -70.642639, -33.438067 ], [ -70.642732, -33.43813 ], [ -70.642635, -33.438239 ], [ -70.642476, -33.438146 ], [ -70.642508, -33.438056 ], [ -70.642525, -33.438001 ], [ -70.642654, -33.438038 ] ] ] } },
{ "type": "Feature", "properties": { "INMUEBLES_": 1309, "COUNT": 1, "INMUEBLE": "I", "NUEVO_NUM": 1309 }, "geometry": { "type": "Polygon", "coordinates": [ [ [ -70.642956, -33.43793 ], [ -70.642932, -33.437953 ], [ -70.642888, -33.437994 ], [ -70.642851, -33.438025 ], [ -70.642818, -33.438051 ], [ -70.642815, -33.438054 ], [ -70.642688, -33.437968 ], [ -70.64273, -33.437868 ], [ -70.642956, -33.43793 ] ] ] } },
{ "type": "Feature", "properties": { "INMUEBLES_": 1336, "COUNT": 1, "INMUEBLE": "I", "NUEVO_NUM": 1336 }, "geometry": { "type": "Polygon", "coordinates": [ [ [ -70.640888, -33.437159 ], [ -70.640967, -33.437177 ], [ -70.640992, -33.437211 ], [ -70.640933, -33.437444 ], [ -70.640772, -33.437415 ], [ -70.640742, -33.437501 ], [ -70.640584, -33.437473 ], [ -70.640627, -33.437327 ], [ -70.640817, -33.437386 ], [ -70.64088, -33.437183 ], [ -70.640888, -33.437159 ] ] ] } },
{ "type": "Feature", "properties": { "INMUEBLES_": 1337, "COUNT": 1, "INMUEBLE": "I", "NUEVO_NUM": 1337 }, "geometry": { "type": "Polygon", "coordinates": [ [ [ -70.640393, -33.43707 ], [ -70.640393, -33.437069 ], [ -70.640578, -33.437114 ], [ -70.640577, -33.437116 ], [ -70.640532, -33.437296 ], [ -70.640501, -33.437326 ], [ -70.640485, -33.437459 ], [ -70.640453, -33.43772 ], [ -70.640391, -33.437714 ], [ -70.640262, -33.437702 ], [ -70.640287, -33.437566 ], [ -70.640326, -33.437385 ], [ -70.640393, -33.43707 ] ] ] } },
{ "type": "Feature", "properties": { "INMUEBLES_": 1338, "COUNT": 1, "INMUEBLE": "I", "NUEVO_NUM": 1338 }, "geometry": { "type": "Polygon", "coordinates": [ [ [ -70.639874, -33.437018 ], [ -70.639905, -33.437019 ], [ -70.639905, -33.437014 ], [ -70.639999, -33.437015 ], [ -70.639999, -33.43702 ], [ -70.640049, -33.437021 ], [ -70.640039, -33.437291 ], [ -70.640001, -33.437294 ], [ -70.639988, -33.437295 ], [ -70.63993, -33.437303 ], [ -70.639903, -33.437307 ], [ -70.639887, -33.437278 ], [ -70.639874, -33.437018 ] ] ] } },
{ "type": "Feature", "properties": { "INMUEBLES_": 1339, "COUNT": 2, "INMUEBLE": "I", "NUEVO_NUM": 1339 }, "geometry": { "type": "MultiPolygon", "coordinates": [ [ [ [ -70.639874, -33.437018 ], [ -70.639887, -33.437278 ], [ -70.639903, -33.437307 ], [ -70.639885, -33.437326 ], [ -70.639858, -33.437355 ], [ -70.639851, -33.437363 ], [ -70.639842, -33.437372 ], [ -70.639832, -33.437366 ], [ -70.639806, -33.437346 ], [ -70.639787, -33.437329 ], [ -70.63977, -33.437311 ], [ -70.639757, -33.437292 ], [ -70.639749, -33.437273 ], [ -70.639745, -33.437255 ], [ -70.639744, -33.437238 ], [ -70.639743, -33.437217 ], [ -70.639741, -33.437036 ], [ -70.639771, -33.43701 ], [ -70.639874, -33.437013 ], [ -70.639874, -33.437018 ] ] ], [ [ [ -70.639498, -33.437009 ], [ -70.639498, -33.437008 ], [ -70.639531, -33.437008 ], [ -70.639601, -33.437008 ], [ -70.639633, -33.437035 ], [ -70.639636, -33.437218 ], [ -70.639456, -33.437217 ], [ -70.639498, -33.437009 ] ] ] ] } },
{ "type": "Feature", "properties": { "INMUEBLES_": 1342, "COUNT": 1, "INMUEBLE": "I", "NUEVO_NUM": 1342 }, "geometry": { "type": "Polygon", "coordinates": [ [ [ -70.639289, -33.437715 ], [ -70.639293, -33.437903 ], [ -70.639126, -33.437896 ], [ -70.639078, -33.437821 ], [ -70.639181, -33.437721 ], [ -70.639253, -33.437717 ], [ -70.639289, -33.437715 ] ] ] } },
{ "type": "Feature", "properties": { "INMUEBLES_": 1344, "COUNT": 1, "INMUEBLE": "I", "NUEVO_NUM": 1344 }, "geometry": { "type": "Polygon", "coordinates": [ [ [ -70.639625, -33.437699 ], [ -70.639632, -33.438152 ], [ -70.639632, -33.438154 ], [ -70.639523, -33.438154 ], [ -70.639517, -33.438154 ], [ -70.639517, -33.438152 ], [ -70.639514, -33.438023 ], [ -70.639511, -33.437892 ], [ -70.639512, -33.437705 ], [ -70.639625, -33.437699 ] ] ] } },
{ "type": "Feature", "properties": { "INMUEBLES_": 1345, "COUNT": 1, "INMUEBLE": "I", "NUEVO_NUM": 1345 }, "geometry": { "type": "Polygon", "coordinates": [ [ [ -70.639879, -33.437521 ], [ -70.639883, -33.437531 ], [ -70.639949, -33.437673 ], [ -70.639968, -33.438154 ], [ -70.63974, -33.438154 ], [ -70.63974, -33.438152 ], [ -70.639737, -33.437693 ], [ -70.639647, -33.437698 ], [ -70.639608, -33.437614 ], [ -70.639594, -33.437584 ], [ -70.639777, -33.437544 ], [ -70.639879, -33.43752 ], [ -70.639879, -33.437521 ] ] ] } },
{ "type": "Feature", "properties": { "INMUEBLES_": 1346, "COUNT": 1, "INMUEBLE": "I", "NUEVO_NUM": 1346 }, "geometry": { "type": "Polygon", "coordinates": [ [ [ -70.640987, -33.438084 ], [ -70.640987, -33.438085 ], [ -70.640989, -33.438084 ], [ -70.640989, -33.438087 ], [ -70.641002, -33.438087 ], [ -70.641005, -33.438122 ], [ -70.640992, -33.438122 ], [ -70.640993, -33.438128 ], [ -70.640972, -33.438148 ], [ -70.640627, -33.438149 ], [ -70.640623, -33.438112 ], [ -70.640987, -33.438084 ] ] ] } },
{ "type": "Feature", "properties": { "INMUEBLES_": 1347, "COUNT": 2, "INMUEBLE": "I", "NUEVO_NUM": 1347 }, "geometry": { "type": "Polygon", "coordinates": [ [ [ -70.640584, -33.437473 ], [ -70.640742, -33.437501 ], [ -70.640925, -33.437533 ], [ -70.640931, -33.437534 ], [ -70.64094, -33.437634 ], [ -70.640945, -33.437689 ], [ -70.640953, -33.437767 ], [ -70.640587, -33.437732 ], [ -70.640453, -33.43772 ], [ -70.640485, -33.437459 ], [ -70.640584, -33.437473 ] ] ] } },
{ "type": "Feature", "properties": { "INMUEBLES_": 1348, "COUNT": 1, "INMUEBLE": "I", "NUEVO_NUM": 1348 }, "geometry": { "type": "Polygon", "coordinates": [ [ [ -70.640933, -33.437444 ], [ -70.640931, -33.437469 ], [ -70.640932, -33.437479 ], [ -70.640935, -33.437502 ], [ -70.640934, -33.437504 ], [ -70.640925, -33.437533 ], [ -70.640742, -33.437501 ], [ -70.640772, -33.437415 ], [ -70.640933, -33.437444 ] ] ] } },
{ "type": "Feature", "properties": { "INMUEBLES_": 1321, "COUNT": 1, "INMUEBLE": "I", "NUEVO_NUM": 1321 }, "geometry": { "type": "Polygon", "coordinates": [ [ [ -70.641171, -33.437882 ], [ -70.641447, -33.437992 ], [ -70.64144, -33.438049 ], [ -70.641457, -33.438056 ], [ -70.641453, -33.438107 ], [ -70.64115, -33.438099 ], [ -70.641135, -33.437904 ], [ -70.641171, -33.437882 ] ] ] } },
{ "type": "Feature", "properties": { "INMUEBLES_": 1319, "COUNT": 2, "INMUEBLE": "I", "NUEVO_NUM": 1319 }, "geometry": { "type": "MultiPolygon", "coordinates": [ [ [ [ -70.641718, -33.438105 ], [ -70.64173, -33.438127 ], [ -70.641669, -33.438302 ], [ -70.641652, -33.438352 ], [ -70.641508, -33.438312 ], [ -70.641521, -33.438264 ], [ -70.641553, -33.438142 ], [ -70.641578, -33.43805 ], [ -70.641718, -33.438105 ] ] ], [ [ [ -70.641817, -33.438146 ], [ -70.641952, -33.438201 ], [ -70.641926, -33.438262 ], [ -70.641889, -33.438347 ], [ -70.641862, -33.438408 ], [ -70.641792, -33.438388 ], [ -70.641719, -33.438368 ], [ -70.641718, -33.438368 ], [ -70.641741, -33.438303 ], [ -70.641771, -33.438217 ], [ -70.641792, -33.438156 ], [ -70.641817, -33.438146 ] ] ] ] } },
{ "type": "Feature", "properties": { "INMUEBLES_": 1316, "COUNT": 2, "INMUEBLE": "I", "NUEVO_NUM": 1316 }, "geometry": { "type": "Polygon", "coordinates": [ [ [ -70.641739, -33.438543 ], [ -70.64174, -33.438541 ], [ -70.641746, -33.438523 ], [ -70.641744, -33.438522 ], [ -70.641741, -33.438521 ], [ -70.641738, -33.438519 ], [ -70.641735, -33.438517 ], [ -70.641734, -33.438515 ], [ -70.641732, -33.438513 ], [ -70.641731, -33.438511 ], [ -70.64173, -33.438509 ], [ -70.641729, -33.438508 ], [ -70.641729, -33.438506 ], [ -70.641728, -33.438504 ], [ -70.641728, -33.438502 ], [ -70.641728, -33.4385 ], [ -70.641729, -33.438497 ], [ -70.641729, -33.438495 ], [ -70.64173, -33.438492 ], [ -70.641732, -33.438489 ], [ -70.641733, -33.438487 ], [ -70.641734, -33.438486 ], [ -70.641737, -33.438484 ], [ -70.641739, -33.438482 ], [ -70.641741, -33.438481 ], [ -70.641744, -33.43848 ], [ -70.641747, -33.43848 ], [ -70.641749, -33.438479 ], [ -70.641752, -33.438479 ], [ -70.641754, -33.438479 ], [ -70.641756, -33.438479 ], [ -70.641759, -33.43848 ], [ -70.641762, -33.43848 ], [ -70.641768, -33.438465 ], [ -70.64178, -33.438468 ], [ -70.641801, -33.438417 ], [ -70.641783, -33.438412 ], [ -70.641792, -33.438388 ], [ -70.641862, -33.438408 ], [ -70.641846, -33.438446 ], [ -70.642172, -33.438558 ], [ -70.642426, -33.438633 ], [ -70.642359, -33.438854 ], [ -70.641751, -33.438688 ], [ -70.641632, -33.438636 ], [ -70.641563, -33.438606 ], [ -70.641577, -33.438564 ], [ -70.641619, -33.438577 ], [ -70.641624, -33.438563 ], [ -70.641643, -33.438568 ], [ -70.641654, -33.438561 ], [ -70.641661, -33.438567 ], [ -70.641668, -33.438572 ], [ -70.641675, -33.438577 ], [ -70.641684, -33.438582 ], [ -70.641696, -33.438588 ], [ -70.641705, -33.438592 ], [ -70.641718, -33.438596 ], [ -70.641739, -33.438543 ] ] ] } },
{ "type": "Feature", "properties": { "INMUEBLES_": 1320, "COUNT": 1, "INMUEBLE": "I", "NUEVO_NUM": 1320 }, "geometry": { "type": "Polygon", "coordinates": [ [ [ -70.641652, -33.438352 ], [ -70.641619, -33.438445 ], [ -70.641599, -33.438454 ], [ -70.64153, -33.438436 ], [ -70.64152, -33.438465 ], [ -70.641472, -33.43845 ], [ -70.641508, -33.438312 ], [ -70.641652, -33.438352 ] ] ] } },
{ "type": "Feature", "properties": { "INMUEBLES_": 1317, "COUNT": 1, "INMUEBLE": "I", "NUEVO_NUM": 1317 }, "geometry": { "type": "Polygon", "coordinates": [ [ [ -70.642436, -33.438399 ], [ -70.642475, -33.438415 ], [ -70.642478, -33.438417 ], [ -70.642481, -33.438419 ], [ -70.642484, -33.438421 ], [ -70.642487, -33.438424 ], [ -70.642488, -33.438426 ], [ -70.64249, -33.438428 ], [ -70.642491, -33.438431 ], [ -70.642493, -33.438433 ], [ -70.642494, -33.438437 ], [ -70.642494, -33.438441 ], [ -70.642494, -33.438445 ], [ -70.642493, -33.438449 ], [ -70.642491, -33.438453 ], [ -70.642477, -33.438487 ], [ -70.642473, -33.438498 ], [ -70.642426, -33.438633 ], [ -70.642426, -33.438633 ], [ -70.642172, -33.438558 ], [ -70.64228, -33.438335 ], [ -70.642436, -33.438399 ] ] ] } },
{ "type": "Feature", "properties": { "INMUEBLES_": 1366, "COUNT": 1, "INMUEBLE": "I", "NUEVO_NUM": 1366 }, "geometry": { "type": "Polygon", "coordinates": [ [ [ -70.664102, -33.466788 ], [ -70.664096, -33.466985 ], [ -70.663765, -33.466972 ], [ -70.663773, -33.466777 ], [ -70.664102, -33.466788 ] ] ] } },
{ "type": "Feature", "properties": { "INMUEBLES_": 1306, "COUNT": 1, "INMUEBLE": "I", "NUEVO_NUM": 1306 }, "geometry": { "type": "Polygon", "coordinates": [ [ [ -70.642803, -33.436623 ], [ -70.642814, -33.436622 ], [ -70.642831, -33.436619 ], [ -70.642921, -33.436608 ], [ -70.64293, -33.43668 ], [ -70.642923, -33.43682 ], [ -70.642912, -33.436819 ], [ -70.642804, -33.436799 ], [ -70.642813, -33.436647 ], [ -70.642803, -33.436623 ] ] ] } },
{ "type": "Feature", "properties": { "INMUEBLES_": 1341, "COUNT": 7, "INMUEBLE": "I", "NUEVO_NUM": 1341 }, "geometry": { "type": "MultiPolygon", "coordinates": [ [ [ [ -70.639653, -33.437312 ], [ -70.63966, -33.437327 ], [ -70.639666, -33.437339 ], [ -70.639675, -33.437353 ], [ -70.639686, -33.437365 ], [ -70.639699, -33.43738 ], [ -70.639712, -33.437397 ], [ -70.639724, -33.437414 ], [ -70.639735, -33.437412 ], [ -70.639777, -33.437544 ], [ -70.639594, -33.437584 ], [ -70.639532, -33.437458 ], [ -70.639479, -33.437347 ], [ -70.639653, -33.437312 ] ] ], [ [ [ -70.639883, -33.437531 ], [ -70.639893, -33.437524 ], [ -70.639915, -33.437508 ], [ -70.639987, -33.437527 ], [ -70.640017, -33.437534 ], [ -70.64005, -33.437541 ], [ -70.640062, -33.437543 ], [ -70.64017, -33.437558 ], [ -70.640188, -33.437469 ], [ -70.64013, -33.437461 ], [ -70.640095, -33.437457 ], [ -70.640058, -33.43745 ], [ -70.640012, -33.43744 ], [ -70.639966, -33.437428 ], [ -70.639925, -33.437414 ], [ -70.639895, -33.437401 ], [ -70.639865, -33.437386 ], [ -70.639842, -33.437372 ], [ -70.639851, -33.437363 ], [ -70.639858, -33.437355 ], [ -70.639885, -33.437326 ], [ -70.639903, -33.437307 ], [ -70.63993, -33.437303 ], [ -70.639988, -33.437295 ], [ -70.640001, -33.437294 ], [ -70.640039, -33.437291 ], [ -70.640064, -33.437289 ], [ -70.640062, -33.437294 ], [ -70.640087, -33.437374 ], [ -70.640221, -33.437381 ], [ -70.640326, -33.437385 ], [ -70.640287, -33.437566 ], [ -70.640262, -33.437702 ], [ -70.640071, -33.437684 ], [ -70.639949, -33.437673 ], [ -70.639883, -33.437531 ] ] ] ] } },
{ "type": "Feature", "properties": { "INMUEBLES_": 1340, "COUNT": 1, "INMUEBLE": "I", "NUEVO_NUM": 1340 }, "geometry": { "type": "Polygon", "coordinates": [ [ [ -70.639636, -33.437218 ], [ -70.639637, -33.437234 ], [ -70.639637, -33.437248 ], [ -70.639638, -33.437259 ], [ -70.63964, -33.437273 ], [ -70.639643, -33.437285 ], [ -70.639646, -33.437296 ], [ -70.63965, -33.437304 ], [ -70.639653, -33.437312 ], [ -70.639479, -33.437347 ], [ -70.639445, -33.437268 ], [ -70.639456, -33.437217 ], [ -70.639636, -33.437218 ] ] ] } },
{ "type": "Feature", "properties": { "INMUEBLES_": 1322, "COUNT": 1, "INMUEBLE": "I", "NUEVO_NUM": 1322 }, "geometry": { "type": "Polygon", "coordinates": [ [ [ -70.641563, -33.438606 ], [ -70.641632, -33.438636 ], [ -70.641606, -33.43913 ], [ -70.641499, -33.439086 ], [ -70.641483, -33.439079 ], [ -70.641484, -33.439078 ], [ -70.641495, -33.439053 ], [ -70.641546, -33.438817 ], [ -70.641461, -33.438785 ], [ -70.641476, -33.438687 ], [ -70.641485, -33.438627 ], [ -70.641494, -33.438577 ], [ -70.641529, -33.438591 ], [ -70.641563, -33.438606 ] ] ] } },
{ "type": "Feature", "properties": { "INMUEBLES_": 1327, "COUNT": 1, "INMUEBLE": "I", "NUEVO_NUM": 1327 }, "geometry": { "type": "Polygon", "coordinates": [ [ [ -70.641637, -33.439295 ], [ -70.641594, -33.439457 ], [ -70.64155, -33.439436 ], [ -70.64157, -33.439266 ], [ -70.641637, -33.439295 ] ] ] } },
{ "type": "Feature", "properties": { "INMUEBLES_": 1343, "COUNT": 6, "INMUEBLE": "I", "NUEVO_NUM": 1343 }, "geometry": { "type": "Polygon", "coordinates": [ [ [ -70.639459, -33.437893 ], [ -70.639375, -33.437842 ], [ -70.639303, -33.43791 ], [ -70.639306, -33.437912 ], [ -70.639309, -33.437915 ], [ -70.63931, -33.437917 ], [ -70.639311, -33.43792 ], [ -70.639311, -33.437923 ], [ -70.63931, -33.437926 ], [ -70.639309, -33.437928 ], [ -70.639307, -33.437932 ], [ -70.639245, -33.438014 ], [ -70.639244, -33.438015 ], [ -70.639244, -33.438016 ], [ -70.639242, -33.438017 ], [ -70.639241, -33.438018 ], [ -70.63924, -33.438018 ], [ -70.639238, -33.438018 ], [ -70.639205, -33.438015 ], [ -70.639204, -33.438015 ], [ -70.639203, -33.438015 ], [ -70.639202, -33.438014 ], [ -70.639201, -33.438014 ], [ -70.6392, -33.438013 ], [ -70.639199, -33.438012 ], [ -70.639198, -33.438011 ], [ -70.639126, -33.437896 ], [ -70.639293, -33.437903 ], [ -70.639289, -33.437715 ], [ -70.639409, -33.437709 ], [ -70.639512, -33.437705 ], [ -70.639511, -33.437892 ], [ -70.639514, -33.438023 ], [ -70.639517, -33.438152 ], [ -70.639517, -33.438154 ], [ -70.63941, -33.438155 ], [ -70.639324, -33.438155 ], [ -70.63932, -33.438155 ], [ -70.639316, -33.438155 ], [ -70.639314, -33.438154 ], [ -70.639311, -33.438154 ], [ -70.639308, -33.438153 ], [ -70.639306, -33.438152 ], [ -70.639305, -33.438152 ], [ -70.639303, -33.438151 ], [ -70.639298, -33.438148 ], [ -70.639295, -33.438146 ], [ -70.639292, -33.438143 ], [ -70.639289, -33.43814 ], [ -70.639287, -33.438138 ], [ -70.639285, -33.438133 ], [ -70.639283, -33.438128 ], [ -70.639283, -33.438125 ], [ -70.639283, -33.438123 ], [ -70.639283, -33.438122 ], [ -70.639283, -33.43812 ], [ -70.639283, -33.438118 ], [ -70.639284, -33.438115 ], [ -70.639284, -33.438113 ], [ -70.639285, -33.438111 ], [ -70.639286, -33.438109 ], [ -70.639357, -33.437998 ], [ -70.639459, -33.437893 ] ] ] } },
{ "type": "Feature", "properties": { "INMUEBLES_": 1318, "COUNT": 1, "INMUEBLE": "I", "NUEVO_NUM": 1318 }, "geometry": { "type": "Polygon", "coordinates": [ [ [ -70.641952, -33.438201 ], [ -70.64228, -33.438335 ], [ -70.642172, -33.438558 ], [ -70.641846, -33.438446 ], [ -70.641862, -33.438408 ], [ -70.641889, -33.438347 ], [ -70.641926, -33.438262 ], [ -70.641952, -33.438201 ] ] ] } },
{ "type": "Feature", "properties": { "INMUEBLES_": 1325, "COUNT": 1, "INMUEBLE": "I", "NUEVO_NUM": 1325 }, "geometry": { "type": "Polygon", "coordinates": [ [ [ -70.642102, -33.439498 ], [ -70.64208, -33.43971 ], [ -70.642072, -33.439794 ], [ -70.641932, -33.439778 ], [ -70.641994, -33.439451 ], [ -70.642102, -33.439498 ] ] ] } },
{ "type": "Feature", "properties": { "INMUEBLES_": 1324, "COUNT": 1, "INMUEBLE": "I", "NUEVO_NUM": 1324 }, "geometry": { "type": "Polygon", "coordinates": [ [ [ -70.642191, -33.439547 ], [ -70.642193, -33.43955 ], [ -70.642197, -33.439705 ], [ -70.64208, -33.43971 ], [ -70.642102, -33.439498 ], [ -70.642174, -33.439529 ], [ -70.642182, -33.439535 ], [ -70.642188, -33.439541 ], [ -70.642191, -33.439547 ] ] ] } },
{ "type": "Feature", "properties": { "INMUEBLES_": 1323, "COUNT": 1, "INMUEBLE": "I", "NUEVO_NUM": 1323 }, "geometry": { "type": "Polygon", "coordinates": [ [ [ -70.642072, -33.439794 ], [ -70.642252, -33.439813 ], [ -70.642252, -33.439818 ], [ -70.642253, -33.43984 ], [ -70.642254, -33.439851 ], [ -70.642254, -33.439878 ], [ -70.642254, -33.439889 ], [ -70.642255, -33.439902 ], [ -70.642256, -33.439902 ], [ -70.642256, -33.439908 ], [ -70.642254, -33.439908 ], [ -70.642206, -33.4399 ], [ -70.641919, -33.439857 ], [ -70.641927, -33.439812 ], [ -70.641932, -33.439778 ], [ -70.642072, -33.439794 ] ] ] } },
{ "type": "Feature", "properties": { "INMUEBLES_": 1326, "COUNT": 2, "INMUEBLE": "I", "NUEVO_NUM": 1326 }, "geometry": { "type": "Polygon", "coordinates": [ [ [ -70.641828, -33.439377 ], [ -70.641797, -33.439531 ], [ -70.641863, -33.439559 ], [ -70.641823, -33.439803 ], [ -70.641793, -33.440005 ], [ -70.64126, -33.439676 ], [ -70.641244, -33.43929 ], [ -70.641488, -33.439407 ], [ -70.64155, -33.439436 ], [ -70.641594, -33.439457 ], [ -70.641716, -33.439517 ], [ -70.641761, -33.439349 ], [ -70.641828, -33.439377 ] ] ] } },
{ "type": "Feature", "properties": { "INMUEBLES_": 1328, "COUNT": 1, "INMUEBLE": "I", "NUEVO_NUM": 1328 }, "geometry": { "type": "Polygon", "coordinates": [ [ [ -70.640857, -33.439715 ], [ -70.640865, -33.439691 ], [ -70.641103, -33.439675 ], [ -70.641106, -33.439707 ], [ -70.641106, -33.43971 ], [ -70.641106, -33.439712 ], [ -70.641106, -33.439714 ], [ -70.641105, -33.439716 ], [ -70.641104, -33.439718 ], [ -70.641103, -33.43972 ], [ -70.641102, -33.439721 ], [ -70.641057, -33.439764 ], [ -70.640992, -33.439726 ], [ -70.640857, -33.439715 ] ] ] } },
{ "type": "Feature", "properties": { "INMUEBLES_": 1329, "COUNT": 6, "INMUEBLE": "I", "NUEVO_NUM": 1329 }, "geometry": { "type": "MultiPolygon", "coordinates": [ [ [ [ -70.640819, -33.43943 ], [ -70.64093, -33.439424 ], [ -70.64105, -33.439417 ], [ -70.641081, -33.43944 ], [ -70.641087, -33.439507 ], [ -70.640936, -33.439517 ], [ -70.640824, -33.439522 ], [ -70.640718, -33.439527 ], [ -70.640714, -33.439497 ], [ -70.640711, -33.439478 ], [ -70.640709, -33.439463 ], [ -70.64071, -33.439457 ], [ -70.640711, -33.439452 ], [ -70.640715, -33.439446 ], [ -70.640717, -33.439445 ], [ -70.64072, -33.439441 ], [ -70.640725, -33.439438 ], [ -70.64073, -33.439435 ], [ -70.640737, -33.439433 ], [ -70.640744, -33.439432 ], [ -70.640819, -33.43943 ] ] ], [ [ [ -70.640805, -33.43925 ], [ -70.640909, -33.439248 ], [ -70.641069, -33.439246 ], [ -70.641074, -33.439328 ], [ -70.641046, -33.439355 ], [ -70.640916, -33.439361 ], [ -70.640809, -33.439366 ], [ -70.640708, -33.439371 ], [ -70.640659, -33.439269 ], [ -70.640652, -33.439251 ], [ -70.640805, -33.43925 ] ] ] ] } },
{ "type": "Feature", "properties": { "INMUEBLES_": 1330, "COUNT": 1, "INMUEBLE": "I", "NUEVO_NUM": 1330 }, "geometry": { "type": "Polygon", "coordinates": [ [ [ -70.640659, -33.439269 ], [ -70.640708, -33.439371 ], [ -70.640626, -33.439397 ], [ -70.640616, -33.439399 ], [ -70.640606, -33.439398 ], [ -70.640599, -33.439396 ], [ -70.640597, -33.439395 ], [ -70.640589, -33.43939 ], [ -70.640589, -33.439391 ], [ -70.640507, -33.439333 ], [ -70.640462, -33.439298 ], [ -70.640456, -33.439293 ], [ -70.640455, -33.439292 ], [ -70.640454, -33.439288 ], [ -70.640447, -33.439266 ], [ -70.640659, -33.439269 ] ] ] } },
{ "type": "Feature", "properties": { "INMUEBLES_": 1331, "COUNT": 1, "INMUEBLE": "I", "NUEVO_NUM": 1331 }, "geometry": { "type": "Polygon", "coordinates": [ [ [ -70.640608, -33.439148 ], [ -70.640612, -33.439157 ], [ -70.640652, -33.439251 ], [ -70.640659, -33.439269 ], [ -70.640447, -33.439266 ], [ -70.64042, -33.439178 ], [ -70.640608, -33.439148 ] ] ] } },
{ "type": "Feature", "properties": { "INMUEBLES_": 1332, "COUNT": 1, "INMUEBLE": "I", "NUEVO_NUM": 1332 }, "geometry": { "type": "Polygon", "coordinates": [ [ [ -70.640799, -33.438288 ], [ -70.64097, -33.438287 ], [ -70.641001, -33.438312 ], [ -70.641005, -33.438343 ], [ -70.641003, -33.438343 ], [ -70.641003, -33.438343 ], [ -70.640807, -33.438353 ], [ -70.640799, -33.438289 ], [ -70.640799, -33.438288 ] ] ] } },
{ "type": "Feature", "properties": { "INMUEBLES_": 1333, "COUNT": 1, "INMUEBLE": "I", "NUEVO_NUM": 1333 }, "geometry": { "type": "Polygon", "coordinates": [ [ [ -70.639996, -33.438294 ], [ -70.640033, -33.438293 ], [ -70.640034, -33.438292 ], [ -70.640059, -33.438292 ], [ -70.64006, -33.438294 ], [ -70.640116, -33.438295 ], [ -70.640116, -33.438296 ], [ -70.64012, -33.438516 ], [ -70.640001, -33.438516 ], [ -70.639996, -33.438294 ] ] ] } },
{ "type": "Feature", "properties": { "INMUEBLES_": 1334, "COUNT": 1, "INMUEBLE": "I", "NUEVO_NUM": 1334 }, "geometry": { "type": "Polygon", "coordinates": [ [ [ -70.639792, -33.438297 ], [ -70.639792, -33.438293 ], [ -70.639996, -33.438293 ], [ -70.639996, -33.438294 ], [ -70.640001, -33.438516 ], [ -70.640004, -33.438629 ], [ -70.639794, -33.438629 ], [ -70.639792, -33.438297 ] ] ] } },
{ "type": "Feature", "properties": { "INMUEBLES_": 1335, "COUNT": 1, "INMUEBLE": "I", "NUEVO_NUM": 1335 }, "geometry": { "type": "Polygon", "coordinates": [ [ [ -70.638923, -33.437856 ], [ -70.638973, -33.437935 ], [ -70.638886, -33.438005 ], [ -70.638831, -33.43795 ], [ -70.638805, -33.437882 ], [ -70.638811, -33.43788 ], [ -70.63881, -33.437878 ], [ -70.638895, -33.437845 ], [ -70.638923, -33.437856 ] ] ] } },
{ "type": "Feature", "properties": { "INMUEBLES_": 1349, "COUNT": 1, "INMUEBLE": "I", "NUEVO_NUM": 1349 }, "geometry": { "type": "Polygon", "coordinates": [ [ [ -70.638843, -33.43773 ], [ -70.638845, -33.437729 ], [ -70.638864, -33.437758 ], [ -70.638852, -33.437783 ], [ -70.638723, -33.437831 ], [ -70.63866, -33.437767 ], [ -70.638634, -33.437743 ], [ -70.638626, -33.437733 ], [ -70.638843, -33.43773 ] ] ] } },
{ "type": "Feature", "properties": { "INMUEBLES_": 1350, "COUNT": 1, "INMUEBLE": "I", "NUEVO_NUM": 1350 }, "geometry": { "type": "Polygon", "coordinates": [ [ [ -70.638681, -33.437274 ], [ -70.638681, -33.437273 ], [ -70.638778, -33.437278 ], [ -70.63879, -33.437277 ], [ -70.63882, -33.437304 ], [ -70.638828, -33.437452 ], [ -70.638665, -33.437455 ], [ -70.638681, -33.437274 ] ] ] } },
{ "type": "Feature", "properties": { "INMUEBLES_": 1351, "COUNT": 1, "INMUEBLE": "I", "NUEVO_NUM": 1351 }, "geometry": { "type": "Polygon", "coordinates": [ [ [ -70.638563, -33.43727 ], [ -70.638563, -33.437269 ], [ -70.638681, -33.437273 ], [ -70.638681, -33.437274 ], [ -70.638665, -33.437455 ], [ -70.638655, -33.437548 ], [ -70.638646, -33.437637 ], [ -70.638527, -33.437634 ], [ -70.638537, -33.437543 ], [ -70.63855, -33.437405 ], [ -70.638563, -33.43727 ] ] ] } },
{ "type": "Feature", "properties": { "INMUEBLES_": 1352, "COUNT": 1, "INMUEBLE": "I", "NUEVO_NUM": 1352 }, "geometry": { "type": "Polygon", "coordinates": [ [ [ -70.638563, -33.437269 ], [ -70.638563, -33.43727 ], [ -70.63855, -33.437405 ], [ -70.638407, -33.437399 ], [ -70.638423, -33.437282 ], [ -70.638446, -33.437265 ], [ -70.638563, -33.437269 ] ] ] } },
{ "type": "Feature", "properties": { "INMUEBLES_": 1353, "COUNT": 1, "INMUEBLE": "I", "NUEVO_NUM": 1353 }, "geometry": { "type": "Polygon", "coordinates": [ [ [ -70.637439, -33.437215 ], [ -70.637439, -33.437216 ], [ -70.637401, -33.437406 ], [ -70.637394, -33.437439 ], [ -70.637366, -33.437435 ], [ -70.637362, -33.437435 ], [ -70.63734, -33.437431 ], [ -70.637333, -33.43743 ], [ -70.637303, -33.437425 ], [ -70.637306, -33.437411 ], [ -70.637347, -33.43721 ], [ -70.637439, -33.437215 ] ] ] } },
{ "type": "Feature", "properties": { "INMUEBLES_": 1354, "COUNT": 1, "INMUEBLE": "I", "NUEVO_NUM": 1354 }, "geometry": { "type": "Polygon", "coordinates": [ [ [ -70.637347, -33.43721 ], [ -70.637306, -33.437411 ], [ -70.637165, -33.437388 ], [ -70.637168, -33.437372 ], [ -70.637192, -33.4372 ], [ -70.637347, -33.43721 ] ] ] } },
{ "type": "Feature", "properties": { "INMUEBLES_": 1223, "COUNT": 1, "INMUEBLE": "I", "NUEVO_NUM": 1223 }, "geometry": { "type": "Polygon", "coordinates": [ [ [ -70.680487, -33.431197 ], [ -70.680487, -33.431199 ], [ -70.680472, -33.431379 ], [ -70.680458, -33.431538 ], [ -70.680426, -33.431561 ], [ -70.679925, -33.43153 ], [ -70.679922, -33.43153 ], [ -70.679808, -33.431522 ], [ -70.679807, -33.431522 ], [ -70.679666, -33.431513 ], [ -70.679665, -33.431513 ], [ -70.679639, -33.431487 ], [ -70.679653, -33.43133 ], [ -70.679669, -33.431147 ], [ -70.679669, -33.431147 ], [ -70.680079, -33.431173 ], [ -70.680487, -33.431197 ] ] ] } },
{ "type": "Feature", "properties": { "INMUEBLES_": 1378, "COUNT": 3, "INMUEBLE": "I", "NUEVO_NUM": 1378 }, "geometry": { "type": "Polygon", "coordinates": [ [ [ -70.665092, -33.450889 ], [ -70.665178, -33.450897 ], [ -70.665265, -33.450905 ], [ -70.665347, -33.450913 ], [ -70.665332, -33.451027 ], [ -70.665247, -33.451023 ], [ -70.665161, -33.45102 ], [ -70.66516, -33.45102 ], [ -70.665072, -33.451015 ], [ -70.665091, -33.450892 ], [ -70.665092, -33.450889 ] ] ] } },
{ "type": "Feature", "properties": { "INMUEBLES_": 1379, "COUNT": 1, "INMUEBLE": "I", "NUEVO_NUM": 1379 }, "geometry": { "type": "Polygon", "coordinates": [ [ [ -70.66541, -33.450919 ], [ -70.665399, -33.451005 ], [ -70.665367, -33.451028 ], [ -70.665332, -33.451027 ], [ -70.665347, -33.450913 ], [ -70.66541, -33.450919 ] ] ] } },
{ "type": "Feature", "properties": { "INMUEBLES_": 1282, "COUNT": 2, "INMUEBLE": "I", "NUEVO_NUM": 1282 }, "geometry": { "type": "Polygon", "coordinates": [ [ [ -70.674548, -33.439191 ], [ -70.674544, -33.439232 ], [ -70.67454, -33.439267 ], [ -70.674532, -33.439346 ], [ -70.674359, -33.439332 ], [ -70.674367, -33.439257 ], [ -70.674374, -33.439181 ], [ -70.674548, -33.439191 ] ] ] } },
{ "type": "Feature", "properties": { "INMUEBLES_": 1225, "COUNT": 4, "INMUEBLE": "I", "NUEVO_NUM": 1225 }, "geometry": { "type": "MultiPolygon", "coordinates": [ [ [ [ -70.675295, -33.438385 ], [ -70.675329, -33.438387 ], [ -70.675358, -33.438389 ], [ -70.675402, -33.438392 ], [ -70.675431, -33.438394 ], [ -70.675428, -33.438427 ], [ -70.675426, -33.438446 ], [ -70.675425, -33.438466 ], [ -70.675424, -33.438472 ], [ -70.67542, -33.43853 ], [ -70.675419, -33.43855 ], [ -70.675414, -33.438626 ], [ -70.675411, -33.43866 ], [ -70.675408, -33.438704 ], [ -70.675407, -33.438725 ], [ -70.675404, -33.438757 ], [ -70.675402, -33.438782 ], [ -70.675401, -33.438788 ], [ -70.6754, -33.438805 ], [ -70.675398, -33.438838 ], [ -70.675396, -33.438851 ], [ -70.675396, -33.438859 ], [ -70.675393, -33.438893 ], [ -70.675392, -33.438905 ], [ -70.67539, -33.438933 ], [ -70.675387, -33.438961 ], [ -70.675385, -33.438992 ], [ -70.675383, -33.439012 ], [ -70.675303, -33.439008 ], [ -70.675247, -33.439004 ], [ -70.675226, -33.438983 ], [ -70.675238, -33.43884 ], [ -70.675242, -33.438778 ], [ -70.675248, -33.438716 ], [ -70.675253, -33.438648 ], [ -70.675261, -33.438519 ], [ -70.675271, -33.438384 ], [ -70.675295, -33.438385 ] ] ], [ [ [ -70.675196, -33.438379 ], [ -70.675217, -33.43838 ], [ -70.675207, -33.438521 ], [ -70.675198, -33.438651 ], [ -70.675193, -33.438715 ], [ -70.675187, -33.43878 ], [ -70.675182, -33.438842 ], [ -70.675177, -33.438907 ], [ -70.675171, -33.438973 ], [ -70.675166, -33.439035 ], [ -70.67516, -33.439098 ], [ -70.675154, -33.439163 ], [ -70.675142, -33.439291 ], [ -70.675135, -33.439355 ], [ -70.675129, -33.439425 ], [ -70.675108, -33.439423 ], [ -70.675012, -33.439414 ], [ -70.675013, -33.439402 ], [ -70.675018, -33.439342 ], [ -70.675024, -33.439282 ], [ -70.67503, -33.43922 ], [ -70.675036, -33.439155 ], [ -70.675042, -33.439089 ], [ -70.675045, -33.439047 ], [ -70.675047, -33.439025 ], [ -70.675052, -33.438965 ], [ -70.675058, -33.438902 ], [ -70.675063, -33.438837 ], [ -70.675067, -33.438791 ], [ -70.675069, -33.438772 ], [ -70.67507, -33.438754 ], [ -70.675075, -33.438707 ], [ -70.675078, -33.438664 ], [ -70.67508, -33.438641 ], [ -70.675084, -33.438578 ], [ -70.675089, -33.438513 ], [ -70.67509, -33.438495 ], [ -70.675096, -33.438412 ], [ -70.675099, -33.438373 ], [ -70.675196, -33.438379 ] ] ], [ [ [ -70.67532, -33.439209 ], [ -70.67531, -33.439308 ], [ -70.675304, -33.439372 ], [ -70.675297, -33.439442 ], [ -70.675205, -33.439433 ], [ -70.675182, -33.439431 ], [ -70.675189, -33.439361 ], [ -70.675195, -33.439299 ], [ -70.675207, -33.439174 ], [ -70.675213, -33.43911 ], [ -70.675218, -33.439055 ], [ -70.675242, -33.439033 ], [ -70.675244, -33.439032 ], [ -70.675336, -33.43904 ], [ -70.675409, -33.439047 ], [ -70.675444, -33.43905 ], [ -70.675483, -33.439053 ], [ -70.675469, -33.439214 ], [ -70.675396, -33.439211 ], [ -70.67532, -33.439209 ] ] ] ] } },
{ "type": "Feature", "properties": { "INMUEBLES_": 1224, "COUNT": 3, "INMUEBLE": "I", "NUEVO_NUM": 1224 }, "geometry": { "type": "Polygon", "coordinates": [ [ [ -70.669419, -33.437006 ], [ -70.669533, -33.437015 ], [ -70.669588, -33.437019 ], [ -70.669649, -33.437023 ], [ -70.669658, -33.436895 ], [ -70.669669, -33.436753 ], [ -70.669669, -33.436752 ], [ -70.669756, -33.436758 ], [ -70.66978, -33.436785 ], [ -70.669769, -33.436902 ], [ -70.669758, -33.437031 ], [ -70.669745, -33.43716 ], [ -70.669298, -33.437126 ], [ -70.669307, -33.437017 ], [ -70.669309, -33.436998 ], [ -70.669419, -33.437006 ] ] ] } },
{ "type": "Feature", "properties": { "INMUEBLES_": 1228, "COUNT": 1, "INMUEBLE": "I", "NUEVO_NUM": 1228 }, "geometry": { "type": "Polygon", "coordinates": [ [ [ -70.671584, -33.439046 ], [ -70.671576, -33.439139 ], [ -70.671447, -33.439124 ], [ -70.671459, -33.439032 ], [ -70.671584, -33.439046 ] ] ] } },
{ "type": "Feature", "properties": { "INMUEBLES_": 1229, "COUNT": 1, "INMUEBLE": "I", "NUEVO_NUM": 1229 }, "geometry": { "type": "Polygon", "coordinates": [ [ [ -70.668924, -33.438548 ], [ -70.66892, -33.438581 ], [ -70.668914, -33.438638 ], [ -70.668702, -33.438628 ], [ -70.668711, -33.438536 ], [ -70.668924, -33.438548 ] ] ] } },
{ "type": "Feature", "properties": { "INMUEBLES_": 1230, "COUNT": 1, "INMUEBLE": "I", "NUEVO_NUM": 1230 }, "geometry": { "type": "Polygon", "coordinates": [ [ [ -70.667058, -33.438575 ], [ -70.667178, -33.438588 ], [ -70.667129, -33.438947 ], [ -70.667129, -33.438948 ], [ -70.667129, -33.438951 ], [ -70.667044, -33.438942 ], [ -70.667042, -33.43894 ], [ -70.667016, -33.43891 ], [ -70.667058, -33.438577 ], [ -70.667058, -33.438575 ] ] ] } },
{ "type": "Feature", "properties": { "INMUEBLES_": 1239, "COUNT": 1, "INMUEBLE": "I", "NUEVO_NUM": 1239 }, "geometry": { "type": "Polygon", "coordinates": [ [ [ -70.676535, -33.440531 ], [ -70.676526, -33.440633 ], [ -70.676242, -33.440594 ], [ -70.676239, -33.440608 ], [ -70.6762, -33.440604 ], [ -70.676201, -33.44059 ], [ -70.676208, -33.44051 ], [ -70.676535, -33.440531 ] ] ] } },
{ "type": "Feature", "properties": { "INMUEBLES_": 1238, "COUNT": 2, "INMUEBLE": "I", "NUEVO_NUM": 1238 }, "geometry": { "type": "Polygon", "coordinates": [ [ [ -70.675896, -33.440665 ], [ -70.675887, -33.440801 ], [ -70.675661, -33.440774 ], [ -70.675674, -33.440639 ], [ -70.675896, -33.440665 ] ] ] } },
{ "type": "Feature", "properties": { "INMUEBLES_": 1237, "COUNT": 3, "INMUEBLE": "I", "NUEVO_NUM": 1237 }, "geometry": { "type": "Polygon", "coordinates": [ [ [ -70.675427, -33.439938 ], [ -70.675515, -33.439946 ], [ -70.675543, -33.439974 ], [ -70.675534, -33.440061 ], [ -70.67559, -33.440066 ], [ -70.675583, -33.440143 ], [ -70.675428, -33.440128 ], [ -70.675261, -33.440112 ], [ -70.675237, -33.440109 ], [ -70.67524, -33.440089 ], [ -70.675267, -33.440093 ], [ -70.675301, -33.439892 ], [ -70.675432, -33.439906 ], [ -70.675427, -33.439938 ] ] ] } },
{ "type": "Feature", "properties": { "INMUEBLES_": 1236, "COUNT": 3, "INMUEBLE": "I", "NUEVO_NUM": 1236 }, "geometry": { "type": "GeometryCollection", "geometries": [ { "type": "Polygon", "coordinates": [ [ [ -70.674118, -33.440691 ], [ -70.673915, -33.440673 ], [ -70.673922, -33.440607 ], [ -70.673923, -33.440596 ], [ -70.673927, -33.440536 ], [ -70.6741, -33.440556 ], [ -70.674132, -33.440558 ], [ -70.674125, -33.440625 ], [ -70.674124, -33.440625 ], [ -70.674118, -33.440691 ] ] ] }, { "type": "LineString", "coordinates": [ [ -70.674118, -33.440691 ], [ -70.674119, -33.440691 ] ] } ] } },
{ "type": "Feature", "properties": { "INMUEBLES_": 1235, "COUNT": 1, "INMUEBLE": "I", "NUEVO_NUM": 1235 }, "geometry": { "type": "Polygon", "coordinates": [ [ [ -70.673768, -33.440183 ], [ -70.673762, -33.440255 ], [ -70.673782, -33.440258 ], [ -70.673778, -33.440292 ], [ -70.673772, -33.440291 ], [ -70.67359, -33.440272 ], [ -70.673416, -33.440253 ], [ -70.67343, -33.440114 ], [ -70.673583, -33.440132 ], [ -70.673581, -33.440161 ], [ -70.673768, -33.440183 ] ] ] } },
{ "type": "Feature", "properties": { "INMUEBLES_": 1234, "COUNT": 1, "INMUEBLE": "I", "NUEVO_NUM": 1234 }, "geometry": { "type": "Polygon", "coordinates": [ [ [ -70.673355, -33.440596 ], [ -70.673386, -33.440598 ], [ -70.673561, -33.440616 ], [ -70.673543, -33.440826 ], [ -70.673543, -33.440828 ], [ -70.673336, -33.440805 ], [ -70.673355, -33.440596 ] ] ] } },
{ "type": "Feature", "properties": { "INMUEBLES_": 1233, "COUNT": 1, "INMUEBLE": "I", "NUEVO_NUM": 1233 }, "geometry": { "type": "Polygon", "coordinates": [ [ [ -70.670923, -33.43997 ], [ -70.671472, -33.440024 ], [ -70.671469, -33.440057 ], [ -70.671461, -33.44013 ], [ -70.671453, -33.440202 ], [ -70.671182, -33.440172 ], [ -70.671118, -33.440165 ], [ -70.67105, -33.440157 ], [ -70.67098, -33.440149 ], [ -70.670901, -33.440141 ], [ -70.670919, -33.440003 ], [ -70.670923, -33.43997 ] ] ] } },
{ "type": "Feature", "properties": { "INMUEBLES_": 1232, "COUNT": 1, "INMUEBLE": "I", "NUEVO_NUM": 1232 }, "geometry": { "type": "Polygon", "coordinates": [ [ [ -70.664527, -33.4394 ], [ -70.664655, -33.439382 ], [ -70.664672, -33.439466 ], [ -70.664541, -33.439482 ], [ -70.664527, -33.4394 ] ] ] } },
{ "type": "Feature", "properties": { "INMUEBLES_": 1231, "COUNT": 1, "INMUEBLE": "I", "NUEVO_NUM": 1231 }, "geometry": { "type": "Polygon", "coordinates": [ [ [ -70.662693, -33.438611 ], [ -70.662733, -33.438615 ], [ -70.662864, -33.438628 ], [ -70.662872, -33.438629 ], [ -70.662869, -33.438659 ], [ -70.662823, -33.439121 ], [ -70.662792, -33.439119 ], [ -70.662756, -33.439116 ], [ -70.662742, -33.439115 ], [ -70.662645, -33.439107 ], [ -70.662693, -33.438611 ] ] ] } },
{ "type": "Feature", "properties": { "INMUEBLES_": 1241, "COUNT": 4, "INMUEBLE": "I", "NUEVO_NUM": 1241 }, "geometry": { "type": "Polygon", "coordinates": [ [ [ -70.674146, -33.44162 ], [ -70.674152, -33.441548 ], [ -70.674169, -33.441549 ], [ -70.674316, -33.441565 ], [ -70.674485, -33.441584 ], [ -70.674492, -33.441585 ], [ -70.674483, -33.441654 ], [ -70.674481, -33.441676 ], [ -70.674477, -33.441719 ], [ -70.674476, -33.441726 ], [ -70.674473, -33.441764 ], [ -70.674469, -33.441798 ], [ -70.674469, -33.441801 ], [ -70.674466, -33.441827 ], [ -70.674463, -33.441857 ], [ -70.674462, -33.441868 ], [ -70.674354, -33.441859 ], [ -70.67424, -33.441849 ], [ -70.674126, -33.441839 ], [ -70.674133, -33.441767 ], [ -70.674139, -33.441694 ], [ -70.674138, -33.441694 ], [ -70.674146, -33.44162 ] ] ] } },
{ "type": "Feature", "properties": { "INMUEBLES_": 1242, "COUNT": 3, "INMUEBLE": "I", "NUEVO_NUM": 1242 }, "geometry": { "type": "Polygon", "coordinates": [ [ [ -70.674011, -33.441533 ], [ -70.674001, -33.441639 ], [ -70.673992, -33.441739 ], [ -70.673984, -33.441826 ], [ -70.673944, -33.441822 ], [ -70.673942, -33.441832 ], [ -70.673869, -33.441827 ], [ -70.673724, -33.441816 ], [ -70.673728, -33.441766 ], [ -70.673732, -33.44172 ], [ -70.67374, -33.44164 ], [ -70.673743, -33.441615 ], [ -70.673753, -33.441503 ], [ -70.674011, -33.441533 ] ] ] } },
{ "type": "Feature", "properties": { "INMUEBLES_": 1273, "COUNT": 1, "INMUEBLE": "I", "NUEVO_NUM": 1273 }, "geometry": { "type": "Polygon", "coordinates": [ [ [ -70.673479, -33.441472 ], [ -70.673558, -33.441481 ], [ -70.673523, -33.442039 ], [ -70.673415, -33.442027 ], [ -70.673417, -33.442005 ], [ -70.673418, -33.441999 ], [ -70.673439, -33.441784 ], [ -70.673447, -33.441704 ], [ -70.673455, -33.441623 ], [ -70.67347, -33.441471 ], [ -70.673479, -33.441472 ] ] ] } },
{ "type": "Feature", "properties": { "INMUEBLES_": 1243, "COUNT": 1, "INMUEBLE": "I", "NUEVO_NUM": 1243 }, "geometry": { "type": "Polygon", "coordinates": [ [ [ -70.67307, -33.44119 ], [ -70.673171, -33.441199 ], [ -70.673144, -33.441491 ], [ -70.673143, -33.441491 ], [ -70.673095, -33.441485 ], [ -70.673013, -33.441476 ], [ -70.673004, -33.441475 ], [ -70.673034, -33.441186 ], [ -70.67307, -33.44119 ] ] ] } },
{ "type": "Feature", "properties": { "INMUEBLES_": 1245, "COUNT": 2, "INMUEBLE": "I", "NUEVO_NUM": 1245 }, "geometry": { "type": "Polygon", "coordinates": [ [ [ -70.672652, -33.44082 ], [ -70.672623, -33.44102 ], [ -70.672604, -33.441148 ], [ -70.672731, -33.441159 ], [ -70.672848, -33.44117 ], [ -70.672961, -33.44118 ], [ -70.673034, -33.441186 ], [ -70.673004, -33.441475 ], [ -70.672765, -33.441449 ], [ -70.67277, -33.441383 ], [ -70.672403, -33.441346 ], [ -70.672386, -33.441344 ], [ -70.672405, -33.441126 ], [ -70.672417, -33.440992 ], [ -70.672429, -33.440852 ], [ -70.672434, -33.4408 ], [ -70.672435, -33.440795 ], [ -70.672442, -33.440795 ], [ -70.672652, -33.44082 ] ] ] } },
{ "type": "Feature", "properties": { "INMUEBLES_": 1244, "COUNT": 1, "INMUEBLE": "I", "NUEVO_NUM": 1244 }, "geometry": { "type": "Polygon", "coordinates": [ [ [ -70.672403, -33.441346 ], [ -70.67277, -33.441383 ], [ -70.672765, -33.441449 ], [ -70.672764, -33.441457 ], [ -70.672758, -33.441536 ], [ -70.672752, -33.441618 ], [ -70.672745, -33.441702 ], [ -70.672725, -33.441918 ], [ -70.672626, -33.441907 ], [ -70.672532, -33.441895 ], [ -70.672436, -33.441883 ], [ -70.672388, -33.441878 ], [ -70.672363, -33.441875 ], [ -70.67234, -33.44185 ], [ -70.672341, -33.441836 ], [ -70.672341, -33.441829 ], [ -70.672363, -33.441579 ], [ -70.672371, -33.441501 ], [ -70.672378, -33.441426 ], [ -70.672386, -33.441344 ], [ -70.672403, -33.441346 ] ] ] } },
{ "type": "Feature", "properties": { "INMUEBLES_": 1246, "COUNT": 1, "INMUEBLE": "I", "NUEVO_NUM": 1246 }, "geometry": { "type": "Polygon", "coordinates": [ [ [ -70.668821, -33.441194 ], [ -70.668798, -33.441473 ], [ -70.668655, -33.441455 ], [ -70.668634, -33.441452 ], [ -70.668496, -33.441434 ], [ -70.668496, -33.441433 ], [ -70.668501, -33.441403 ], [ -70.668524, -33.441256 ], [ -70.668542, -33.441158 ], [ -70.668821, -33.441194 ] ] ] } },
{ "type": "Feature", "properties": { "INMUEBLES_": 1247, "COUNT": 1, "INMUEBLE": "I", "NUEVO_NUM": 1247 }, "geometry": { "type": "Polygon", "coordinates": [ [ [ -70.666917, -33.440983 ], [ -70.667086, -33.441002 ], [ -70.667066, -33.441256 ], [ -70.667058, -33.441255 ], [ -70.667038, -33.441252 ], [ -70.666919, -33.441237 ], [ -70.666919, -33.441237 ], [ -70.666891, -33.441234 ], [ -70.666892, -33.441228 ], [ -70.666907, -33.441085 ], [ -70.666917, -33.440983 ] ] ] } },
{ "type": "Feature", "properties": { "INMUEBLES_": 1262, "COUNT": 1, "INMUEBLE": "I", "NUEVO_NUM": 1262 }, "geometry": { "type": "Polygon", "coordinates": [ [ [ -70.677267, -33.442509 ], [ -70.677288, -33.442509 ], [ -70.677381, -33.442515 ], [ -70.677409, -33.442543 ], [ -70.6774, -33.442644 ], [ -70.6774, -33.442644 ], [ -70.677396, -33.442685 ], [ -70.677393, -33.442727 ], [ -70.677389, -33.442772 ], [ -70.677386, -33.442819 ], [ -70.677242, -33.442809 ], [ -70.677246, -33.442765 ], [ -70.677249, -33.442722 ], [ -70.677253, -33.442678 ], [ -70.677256, -33.442637 ], [ -70.677267, -33.442509 ] ] ] } },
{ "type": "Feature", "properties": { "INMUEBLES_": 1261, "COUNT": 1, "INMUEBLE": "I", "NUEVO_NUM": 1261 }, "geometry": { "type": "Polygon", "coordinates": [ [ [ -70.674199, -33.442209 ], [ -70.674306, -33.442222 ], [ -70.674282, -33.442471 ], [ -70.674179, -33.442457 ], [ -70.674199, -33.442209 ] ] ] } },
{ "type": "Feature", "properties": { "INMUEBLES_": 1259, "COUNT": 1, "INMUEBLE": "I", "NUEVO_NUM": 1259 }, "geometry": { "type": "Polygon", "coordinates": [ [ [ -70.674262, -33.442676 ], [ -70.674233, -33.442988 ], [ -70.674056, -33.442968 ], [ -70.674025, -33.442937 ], [ -70.674046, -33.442703 ], [ -70.674186, -33.442713 ], [ -70.67419, -33.442672 ], [ -70.674262, -33.442676 ] ] ] } },
{ "type": "Feature", "properties": { "INMUEBLES_": 1260, "COUNT": 1, "INMUEBLE": "I", "NUEVO_NUM": 1260 }, "geometry": { "type": "Polygon", "coordinates": [ [ [ -70.674535, -33.44264 ], [ -70.6745, -33.443018 ], [ -70.674394, -33.443006 ], [ -70.674433, -33.442629 ], [ -70.674462, -33.442633 ], [ -70.674535, -33.44264 ] ] ] } },
{ "type": "Feature", "properties": { "INMUEBLES_": 1258, "COUNT": 2, "INMUEBLE": "I", "NUEVO_NUM": 1258 }, "geometry": { "type": "Polygon", "coordinates": [ [ [ -70.673433, -33.442745 ], [ -70.673431, -33.442766 ], [ -70.673428, -33.442817 ], [ -70.673423, -33.442897 ], [ -70.673296, -33.442881 ], [ -70.673215, -33.442873 ], [ -70.673185, -33.442847 ], [ -70.673196, -33.44272 ], [ -70.673307, -33.442732 ], [ -70.673433, -33.442745 ] ] ] } },
{ "type": "Feature", "properties": { "INMUEBLES_": 1256, "COUNT": 2, "INMUEBLE": "I", "NUEVO_NUM": 1256 }, "geometry": { "type": "Polygon", "coordinates": [ [ [ -70.673051, -33.442535 ], [ -70.673043, -33.44263 ], [ -70.673042, -33.44263 ], [ -70.673036, -33.442717 ], [ -70.673023, -33.442851 ], [ -70.672901, -33.442838 ], [ -70.672901, -33.442837 ], [ -70.672913, -33.442707 ], [ -70.67292, -33.442618 ], [ -70.672843, -33.44261 ], [ -70.672846, -33.44258 ], [ -70.672852, -33.442518 ], [ -70.673051, -33.442535 ] ] ] } },
{ "type": "Feature", "properties": { "INMUEBLES_": 1255, "COUNT": 1, "INMUEBLE": "I", "NUEVO_NUM": 1255 }, "geometry": { "type": "Polygon", "coordinates": [ [ [ -70.67306, -33.442439 ], [ -70.673051, -33.442535 ], [ -70.672852, -33.442518 ], [ -70.672859, -33.442445 ], [ -70.672862, -33.442422 ], [ -70.67306, -33.442439 ] ] ] } },
{ "type": "Feature", "properties": { "INMUEBLES_": 1254, "COUNT": 1, "INMUEBLE": "I", "NUEVO_NUM": 1254 }, "geometry": { "type": "Polygon", "coordinates": [ [ [ -70.672483, -33.442478 ], [ -70.672489, -33.442406 ], [ -70.672567, -33.442414 ], [ -70.67256, -33.442458 ], [ -70.672557, -33.442485 ], [ -70.672556, -33.442485 ], [ -70.672539, -33.442614 ], [ -70.672472, -33.442607 ], [ -70.672464, -33.442669 ], [ -70.672365, -33.442663 ], [ -70.672266, -33.442656 ], [ -70.672276, -33.44254 ], [ -70.672475, -33.442558 ], [ -70.672483, -33.442478 ] ] ] } },
{ "type": "Feature", "properties": { "INMUEBLES_": 1257, "COUNT": 1, "INMUEBLE": "I", "NUEVO_NUM": 1257 }, "geometry": { "type": "Polygon", "coordinates": [ [ [ -70.672464, -33.442669 ], [ -70.672449, -33.442785 ], [ -70.672448, -33.442786 ], [ -70.672448, -33.442787 ], [ -70.672351, -33.442777 ], [ -70.672352, -33.442774 ], [ -70.672365, -33.442663 ], [ -70.672464, -33.442669 ] ] ] } },
{ "type": "Feature", "properties": { "INMUEBLES_": 1253, "COUNT": 3, "INMUEBLE": "I", "NUEVO_NUM": 1253 }, "geometry": { "type": "Polygon", "coordinates": [ [ [ -70.669859, -33.442431 ], [ -70.669873, -33.442432 ], [ -70.669859, -33.442531 ], [ -70.669861, -33.442531 ], [ -70.669851, -33.442601 ], [ -70.669846, -33.44264 ], [ -70.669823, -33.442806 ], [ -70.669797, -33.442823 ], [ -70.669709, -33.442808 ], [ -70.669743, -33.442608 ], [ -70.669749, -33.442564 ], [ -70.669761, -33.442487 ], [ -70.669711, -33.442468 ], [ -70.669661, -33.442448 ], [ -70.669668, -33.442409 ], [ -70.669859, -33.442431 ] ] ] } },
{ "type": "Feature", "properties": { "INMUEBLES_": 1249, "COUNT": 1, "INMUEBLE": "I", "NUEVO_NUM": 1249 }, "geometry": { "type": "Polygon", "coordinates": [ [ [ -70.665331, -33.441319 ], [ -70.66519, -33.441297 ], [ -70.665188, -33.441246 ], [ -70.665187, -33.441241 ], [ -70.665181, -33.441139 ], [ -70.665213, -33.441115 ], [ -70.665214, -33.441114 ], [ -70.665325, -33.441128 ], [ -70.665325, -33.44113 ], [ -70.665331, -33.441319 ] ] ] } },
{ "type": "Feature", "properties": { "INMUEBLES_": 1250, "COUNT": 3, "INMUEBLE": "I", "NUEVO_NUM": 1250 }, "geometry": { "type": "Polygon", "coordinates": [ [ [ -70.665891, -33.441402 ], [ -70.665929, -33.441408 ], [ -70.66597, -33.441413 ], [ -70.665952, -33.441534 ], [ -70.665907, -33.441925 ], [ -70.665896, -33.442015 ], [ -70.665894, -33.442038 ], [ -70.665879, -33.442184 ], [ -70.665878, -33.442192 ], [ -70.665878, -33.442193 ], [ -70.665704, -33.442176 ], [ -70.6656, -33.442167 ], [ -70.665491, -33.442156 ], [ -70.665393, -33.442147 ], [ -70.665394, -33.442145 ], [ -70.665394, -33.442132 ], [ -70.665389, -33.442011 ], [ -70.665388, -33.441969 ], [ -70.665384, -33.441879 ], [ -70.665384, -33.441879 ], [ -70.665382, -33.441841 ], [ -70.665382, -33.441822 ], [ -70.665381, -33.441805 ], [ -70.665379, -33.441764 ], [ -70.665377, -33.44168 ], [ -70.665376, -33.441659 ], [ -70.665376, -33.441646 ], [ -70.665502, -33.441656 ], [ -70.66563, -33.441665 ], [ -70.665654, -33.44137 ], [ -70.665702, -33.441377 ], [ -70.665721, -33.441379 ], [ -70.665773, -33.441386 ], [ -70.665891, -33.441402 ] ] ] } },
{ "type": "Feature", "properties": { "INMUEBLES_": 1251, "COUNT": 3, "INMUEBLE": "I", "NUEVO_NUM": 1251 }, "geometry": { "type": "Polygon", "coordinates": [ [ [ -70.666245, -33.441626 ], [ -70.666254, -33.441573 ], [ -70.666254, -33.441573 ], [ -70.666258, -33.441542 ], [ -70.666545, -33.441582 ], [ -70.666529, -33.441665 ], [ -70.666514, -33.441748 ], [ -70.666498, -33.441831 ], [ -70.666359, -33.44181 ], [ -70.666216, -33.44179 ], [ -70.666231, -33.441706 ], [ -70.666245, -33.441626 ] ] ] } },
{ "type": "Feature", "properties": { "INMUEBLES_": 1265, "COUNT": 1, "INMUEBLE": "I", "NUEVO_NUM": 1265 }, "geometry": { "type": "Polygon", "coordinates": [ [ [ -70.672754, -33.443274 ], [ -70.6727, -33.443616 ], [ -70.672586, -33.443603 ], [ -70.672622, -33.443259 ], [ -70.672754, -33.443274 ] ] ] } },
{ "type": "Feature", "properties": { "INMUEBLES_": 1266, "COUNT": 3, "INMUEBLE": "I", "NUEVO_NUM": 1266 }, "geometry": { "type": "Polygon", "coordinates": [ [ [ -70.672183, -33.443779 ], [ -70.672195, -33.443663 ], [ -70.672206, -33.443548 ], [ -70.672416, -33.443575 ], [ -70.672412, -33.443603 ], [ -70.672407, -33.443648 ], [ -70.672403, -33.443686 ], [ -70.67239, -33.443802 ], [ -70.672479, -33.443813 ], [ -70.672552, -33.443821 ], [ -70.672542, -33.443906 ], [ -70.672173, -33.443885 ], [ -70.672183, -33.443779 ] ] ] } },
{ "type": "Feature", "properties": { "INMUEBLES_": 1269, "COUNT": 3, "INMUEBLE": "I", "NUEVO_NUM": 1269 }, "geometry": { "type": "Polygon", "coordinates": [ [ [ -70.668115, -33.443771 ], [ -70.668042, -33.443757 ], [ -70.668038, -33.443756 ], [ -70.668021, -33.44375 ], [ -70.668013, -33.443745 ], [ -70.668006, -33.443739 ], [ -70.668001, -33.443731 ], [ -70.667998, -33.443722 ], [ -70.667997, -33.443713 ], [ -70.668002, -33.443673 ], [ -70.668002, -33.44367 ], [ -70.668001, -33.443665 ], [ -70.667999, -33.443663 ], [ -70.667991, -33.443654 ], [ -70.667989, -33.443652 ], [ -70.667988, -33.44365 ], [ -70.667987, -33.443648 ], [ -70.667991, -33.443595 ], [ -70.667999, -33.443505 ], [ -70.668299, -33.443535 ], [ -70.668373, -33.443541 ], [ -70.668343, -33.443813 ], [ -70.668231, -33.443792 ], [ -70.668115, -33.443771 ] ] ] } },
{ "type": "Feature", "properties": { "INMUEBLES_": 1382, "COUNT": 1, "INMUEBLE": "I", "NUEVO_NUM": 1382 }, "geometry": { "type": "Polygon", "coordinates": [ [ [ -70.664911, -33.442388 ], [ -70.664908, -33.442499 ], [ -70.664719, -33.442491 ], [ -70.664719, -33.442441 ], [ -70.664718, -33.442382 ], [ -70.664911, -33.442388 ] ] ] } },
{ "type": "Feature", "properties": { "INMUEBLES_": 1381, "COUNT": 1, "INMUEBLE": "I", "NUEVO_NUM": 1381 }, "geometry": { "type": "Polygon", "coordinates": [ [ [ -70.662199, -33.442231 ], [ -70.662197, -33.442268 ], [ -70.662197, -33.442272 ], [ -70.662194, -33.442309 ], [ -70.662194, -33.442314 ], [ -70.662193, -33.442338 ], [ -70.662023, -33.442325 ], [ -70.662039, -33.442212 ], [ -70.662199, -33.442231 ] ] ] } },
{ "type": "Feature", "properties": { "INMUEBLES_": 1280, "COUNT": 5, "INMUEBLE": "I", "NUEVO_NUM": 1280 }, "geometry": { "type": "Polygon", "coordinates": [ [ [ -70.66726, -33.444691 ], [ -70.667354, -33.444695 ], [ -70.667663, -33.444708 ], [ -70.667657, -33.444803 ], [ -70.667657, -33.444804 ], [ -70.667651, -33.444895 ], [ -70.667644, -33.444992 ], [ -70.667637, -33.445078 ], [ -70.667601, -33.445099 ], [ -70.667476, -33.445085 ], [ -70.667431, -33.44508 ], [ -70.667381, -33.445075 ], [ -70.667343, -33.445071 ], [ -70.667363, -33.444881 ], [ -70.667241, -33.444877 ], [ -70.66725, -33.444786 ], [ -70.66726, -33.444691 ] ] ] } },
{ "type": "Feature", "properties": { "INMUEBLES_": 1279, "COUNT": 3, "INMUEBLE": "I", "NUEVO_NUM": 1279 }, "geometry": { "type": "Polygon", "coordinates": [ [ [ -70.667144, -33.444477 ], [ -70.667142, -33.444507 ], [ -70.667142, -33.444508 ], [ -70.667122, -33.445045 ], [ -70.667122, -33.44505 ], [ -70.66699, -33.445036 ], [ -70.66699, -33.445039 ], [ -70.66699, -33.445041 ], [ -70.666984, -33.44504 ], [ -70.666833, -33.445022 ], [ -70.666833, -33.445021 ], [ -70.666833, -33.445017 ], [ -70.666823, -33.445016 ], [ -70.666677, -33.445003 ], [ -70.666674, -33.445002 ], [ -70.666674, -33.444992 ], [ -70.666671, -33.444479 ], [ -70.666672, -33.444451 ], [ -70.666836, -33.44446 ], [ -70.666992, -33.444469 ], [ -70.667144, -33.444477 ] ] ] } },
{ "type": "Feature", "properties": { "INMUEBLES_": 1270, "COUNT": 1, "INMUEBLE": "I", "NUEVO_NUM": 1270 }, "geometry": { "type": "Polygon", "coordinates": [ [ [ -70.666023, -33.443666 ], [ -70.66619, -33.443676 ], [ -70.666188, -33.443841 ], [ -70.666188, -33.443841 ], [ -70.666015, -33.443807 ], [ -70.666023, -33.443666 ] ] ] } },
{ "type": "Feature", "properties": { "INMUEBLES_": 1278, "COUNT": 1, "INMUEBLE": "I", "NUEVO_NUM": 1278 }, "geometry": { "type": "Polygon", "coordinates": [ [ [ -70.666672, -33.444451 ], [ -70.666671, -33.444479 ], [ -70.666674, -33.444992 ], [ -70.666674, -33.445002 ], [ -70.666674, -33.445007 ], [ -70.66649, -33.444987 ], [ -70.666491, -33.44497 ], [ -70.666488, -33.44497 ], [ -70.666329, -33.444954 ], [ -70.666319, -33.444952 ], [ -70.666318, -33.444952 ], [ -70.666311, -33.444946 ], [ -70.666298, -33.444932 ], [ -70.666293, -33.444925 ], [ -70.666292, -33.444924 ], [ -70.666292, -33.444919 ], [ -70.666289, -33.444819 ], [ -70.666492, -33.444825 ], [ -70.666491, -33.444749 ], [ -70.666491, -33.444682 ], [ -70.666491, -33.444608 ], [ -70.666491, -33.444568 ], [ -70.666492, -33.444492 ], [ -70.666492, -33.444492 ], [ -70.666492, -33.444467 ], [ -70.666493, -33.444441 ], [ -70.666672, -33.444451 ] ] ] } },
{ "type": "Feature", "properties": { "INMUEBLES_": 1277, "COUNT": 4, "INMUEBLE": "I", "NUEVO_NUM": 1277 }, "geometry": { "type": "Polygon", "coordinates": [ [ [ -70.665507, -33.444604 ], [ -70.665516, -33.444605 ], [ -70.665593, -33.444612 ], [ -70.665659, -33.444618 ], [ -70.665682, -33.44462 ], [ -70.665739, -33.444626 ], [ -70.665842, -33.444635 ], [ -70.6659, -33.444641 ], [ -70.66595, -33.444645 ], [ -70.665945, -33.444687 ], [ -70.665945, -33.444691 ], [ -70.665933, -33.444783 ], [ -70.665933, -33.444784 ], [ -70.666029, -33.444795 ], [ -70.666185, -33.444805 ], [ -70.666186, -33.444852 ], [ -70.666187, -33.444861 ], [ -70.666187, -33.444865 ], [ -70.666187, -33.444868 ], [ -70.666187, -33.444872 ], [ -70.666187, -33.444872 ], [ -70.666183, -33.444872 ], [ -70.66618, -33.444874 ], [ -70.666181, -33.444875 ], [ -70.666182, -33.444877 ], [ -70.666182, -33.444878 ], [ -70.666183, -33.444879 ], [ -70.666183, -33.44488 ], [ -70.666184, -33.444884 ], [ -70.666184, -33.444888 ], [ -70.666183, -33.444891 ], [ -70.666181, -33.444894 ], [ -70.666179, -33.444897 ], [ -70.666175, -33.444901 ], [ -70.666169, -33.444903 ], [ -70.666166, -33.444904 ], [ -70.666164, -33.444905 ], [ -70.666161, -33.444905 ], [ -70.666159, -33.444905 ], [ -70.666156, -33.444904 ], [ -70.666154, -33.444904 ], [ -70.666152, -33.444903 ], [ -70.66615, -33.444903 ], [ -70.666148, -33.444902 ], [ -70.666146, -33.444901 ], [ -70.666143, -33.444903 ], [ -70.666143, -33.444907 ], [ -70.666097, -33.444903 ], [ -70.666014, -33.444892 ], [ -70.665872, -33.444878 ], [ -70.665835, -33.444873 ], [ -70.665748, -33.444862 ], [ -70.665745, -33.444862 ], [ -70.665744, -33.444862 ], [ -70.665703, -33.444858 ], [ -70.665655, -33.444852 ], [ -70.665564, -33.44484 ], [ -70.66548, -33.444829 ], [ -70.665453, -33.444826 ], [ -70.665385, -33.444817 ], [ -70.665413, -33.444595 ], [ -70.665507, -33.444604 ] ] ] } },
{ "type": "Feature", "properties": { "INMUEBLES_": 1274, "COUNT": 1, "INMUEBLE": "I", "NUEVO_NUM": 1274 }, "geometry": { "type": "Polygon", "coordinates": [ [ [ -70.663972, -33.444355 ], [ -70.663973, -33.444355 ], [ -70.66396, -33.444458 ], [ -70.663959, -33.444457 ], [ -70.663838, -33.444438 ], [ -70.663855, -33.44434 ], [ -70.663972, -33.444355 ] ] ] } },
{ "type": "Feature", "properties": { "INMUEBLES_": 1275, "COUNT": 1, "INMUEBLE": "I", "NUEVO_NUM": 1275 }, "geometry": { "type": "Polygon", "coordinates": [ [ [ -70.664277, -33.444555 ], [ -70.664291, -33.444556 ], [ -70.664475, -33.444574 ], [ -70.66471, -33.444593 ], [ -70.664712, -33.444593 ], [ -70.664694, -33.44472 ], [ -70.664694, -33.44472 ], [ -70.664661, -33.444743 ], [ -70.664456, -33.444723 ], [ -70.664256, -33.444704 ], [ -70.664277, -33.444555 ] ] ] } },
{ "type": "Feature", "properties": { "INMUEBLES_": 1284, "COUNT": 21, "INMUEBLE": "I", "NUEVO_NUM": 1284 }, "geometry": { "type": "MultiPolygon", "coordinates": [ [ [ [ -70.665758, -33.445561 ], [ -70.665896, -33.445589 ], [ -70.665957, -33.445671 ], [ -70.66596, -33.445675 ], [ -70.665962, -33.445678 ], [ -70.665963, -33.445681 ], [ -70.665963, -33.445684 ], [ -70.665962, -33.445687 ], [ -70.665961, -33.44569 ], [ -70.665959, -33.445692 ], [ -70.665957, -33.445694 ], [ -70.665954, -33.445695 ], [ -70.665951, -33.445696 ], [ -70.665947, -33.445697 ], [ -70.665842, -33.445714 ], [ -70.665739, -33.445694 ], [ -70.665653, -33.445639 ], [ -70.665652, -33.445638 ], [ -70.66565, -33.445636 ], [ -70.665649, -33.445635 ], [ -70.665649, -33.445634 ], [ -70.665648, -33.445633 ], [ -70.665647, -33.445631 ], [ -70.665647, -33.445629 ], [ -70.665647, -33.445628 ], [ -70.665647, -33.445626 ], [ -70.665647, -33.445625 ], [ -70.665648, -33.445623 ], [ -70.665648, -33.445622 ], [ -70.665649, -33.445622 ], [ -70.665758, -33.445561 ] ] ], [ [ [ -70.665621, -33.4453 ], [ -70.66567, -33.44529 ], [ -70.665759, -33.445406 ], [ -70.665737, -33.445487 ], [ -70.665731, -33.445512 ], [ -70.665599, -33.445581 ], [ -70.665587, -33.445574 ], [ -70.665599, -33.445469 ], [ -70.665621, -33.4453 ] ] ], [ [ [ -70.665676, -33.445884 ], [ -70.665676, -33.445884 ], [ -70.665471, -33.445819 ], [ -70.66545, -33.445814 ], [ -70.665326, -33.445786 ], [ -70.665347, -33.445641 ], [ -70.665351, -33.445618 ], [ -70.665362, -33.445549 ], [ -70.665375, -33.445466 ], [ -70.665377, -33.445453 ], [ -70.665378, -33.44545 ], [ -70.665394, -33.445323 ], [ -70.665396, -33.445305 ], [ -70.665412, -33.44519 ], [ -70.665417, -33.445157 ], [ -70.66543, -33.445062 ], [ -70.665274, -33.445046 ], [ -70.665285, -33.444947 ], [ -70.665444, -33.444964 ], [ -70.665566, -33.444976 ], [ -70.665566, -33.444977 ], [ -70.665585, -33.445 ], [ -70.665586, -33.445 ], [ -70.665555, -33.445207 ], [ -70.665553, -33.445227 ], [ -70.665537, -33.445341 ], [ -70.66552, -33.44547 ], [ -70.665519, -33.44547 ], [ -70.665507, -33.445562 ], [ -70.665506, -33.445577 ], [ -70.66557, -33.445669 ], [ -70.66559, -33.445695 ], [ -70.665593, -33.445697 ], [ -70.665698, -33.445752 ], [ -70.665816, -33.445776 ], [ -70.665835, -33.44578 ], [ -70.665959, -33.445762 ], [ -70.665963, -33.445763 ], [ -70.665966, -33.445764 ], [ -70.665968, -33.445765 ], [ -70.665971, -33.445767 ], [ -70.665976, -33.44577 ], [ -70.665978, -33.445772 ], [ -70.66598, -33.445774 ], [ -70.665982, -33.445778 ], [ -70.665982, -33.44578 ], [ -70.665983, -33.445782 ], [ -70.665983, -33.445785 ], [ -70.665982, -33.445789 ], [ -70.665925, -33.445958 ], [ -70.665923, -33.445962 ], [ -70.665922, -33.445962 ], [ -70.665914, -33.445976 ], [ -70.6659, -33.445998 ], [ -70.66587, -33.446013 ], [ -70.665858, -33.446045 ], [ -70.665642, -33.445992 ], [ -70.665676, -33.445884 ] ] ], [ [ [ -70.666123, -33.445968 ], [ -70.666038, -33.44595 ], [ -70.666021, -33.445925 ], [ -70.666078, -33.445757 ], [ -70.666014, -33.44565 ], [ -70.665958, -33.445557 ], [ -70.665956, -33.445555 ], [ -70.665962, -33.445526 ], [ -70.665968, -33.445488 ], [ -70.665974, -33.445457 ], [ -70.665976, -33.445455 ], [ -70.666061, -33.445418 ], [ -70.666229, -33.44534 ], [ -70.666237, -33.445338 ], [ -70.666243, -33.445338 ], [ -70.666247, -33.445338 ], [ -70.66625, -33.445339 ], [ -70.666254, -33.445341 ], [ -70.666258, -33.445344 ], [ -70.666261, -33.445347 ], [ -70.666263, -33.44535 ], [ -70.666264, -33.445354 ], [ -70.666269, -33.445576 ], [ -70.66627, -33.445576 ], [ -70.666275, -33.445748 ], [ -70.666278, -33.445827 ], [ -70.666267, -33.445852 ], [ -70.666281, -33.445919 ], [ -70.666282, -33.445952 ], [ -70.666255, -33.445996 ], [ -70.666123, -33.445968 ] ] ], [ [ [ -70.665688, -33.44499 ], [ -70.665851, -33.445009 ], [ -70.666019, -33.445026 ], [ -70.666024, -33.445027 ], [ -70.666275, -33.445057 ], [ -70.666282, -33.445058 ], [ -70.66625, -33.445273 ], [ -70.666246, -33.445275 ], [ -70.666062, -33.445356 ], [ -70.665961, -33.445407 ], [ -70.665958, -33.445409 ], [ -70.665813, -33.44538 ], [ -70.665811, -33.445378 ], [ -70.665731, -33.445273 ], [ -70.665704, -33.445236 ], [ -70.66565, -33.44516 ], [ -70.665645, -33.445154 ], [ -70.665642, -33.445149 ], [ -70.665641, -33.445146 ], [ -70.66564, -33.445144 ], [ -70.665639, -33.445141 ], [ -70.665638, -33.445139 ], [ -70.665637, -33.445134 ], [ -70.665637, -33.445127 ], [ -70.66564, -33.445102 ], [ -70.665653, -33.445014 ], [ -70.665688, -33.44499 ] ] ] ] } },
{ "type": "Feature", "properties": { "INMUEBLES_": 1285, "COUNT": 1, "INMUEBLE": "I", "NUEVO_NUM": 1285 }, "geometry": { "type": "Polygon", "coordinates": [ [ [ -70.664985, -33.444938 ], [ -70.665012, -33.44492 ], [ -70.665284, -33.444947 ], [ -70.665285, -33.444947 ], [ -70.665274, -33.445046 ], [ -70.664975, -33.445017 ], [ -70.664985, -33.444938 ] ] ] } },
{ "type": "Feature", "properties": { "INMUEBLES_": 1293, "COUNT": 3, "INMUEBLE": "I", "NUEVO_NUM": 1293 }, "geometry": { "type": "Polygon", "coordinates": [ [ [ -70.665832, -33.446129 ], [ -70.665799, -33.446227 ], [ -70.665779, -33.446293 ], [ -70.665764, -33.446338 ], [ -70.665724, -33.446459 ], [ -70.665724, -33.446459 ], [ -70.665505, -33.446412 ], [ -70.665545, -33.446291 ], [ -70.665581, -33.446183 ], [ -70.665614, -33.446083 ], [ -70.665832, -33.446129 ] ] ] } },
{ "type": "Feature", "properties": { "INMUEBLES_": 1292, "COUNT": 3, "INMUEBLE": "I", "NUEVO_NUM": 1292 }, "geometry": { "type": "Polygon", "coordinates": [ [ [ -70.665588, -33.446735 ], [ -70.665597, -33.446701 ], [ -70.665604, -33.446679 ], [ -70.66561, -33.446655 ], [ -70.665655, -33.446511 ], [ -70.665713, -33.446524 ], [ -70.665739, -33.446631 ], [ -70.665748, -33.446669 ], [ -70.665747, -33.446676 ], [ -70.665717, -33.44677 ], [ -70.665656, -33.446954 ], [ -70.665656, -33.446955 ], [ -70.665621, -33.446975 ], [ -70.665521, -33.446951 ], [ -70.665521, -33.446949 ], [ -70.665588, -33.446735 ] ] ] } },
{ "type": "Feature", "properties": { "INMUEBLES_": 1294, "COUNT": 12, "INMUEBLE": "I", "NUEVO_NUM": 1294 }, "geometry": { "type": "Polygon", "coordinates": [ [ [ -70.666267, -33.446172 ], [ -70.666239, -33.446258 ], [ -70.66621, -33.446345 ], [ -70.666185, -33.446417 ], [ -70.666155, -33.446504 ], [ -70.666126, -33.446591 ], [ -70.666101, -33.446663 ], [ -70.666099, -33.446666 ], [ -70.666097, -33.446669 ], [ -70.666095, -33.44667 ], [ -70.666094, -33.446671 ], [ -70.666092, -33.446673 ], [ -70.66609, -33.446674 ], [ -70.666088, -33.446674 ], [ -70.666085, -33.446675 ], [ -70.666083, -33.446675 ], [ -70.666081, -33.446675 ], [ -70.666078, -33.446675 ], [ -70.666076, -33.446675 ], [ -70.666051, -33.446669 ], [ -70.666, -33.446656 ], [ -70.66599, -33.446654 ], [ -70.665959, -33.446646 ], [ -70.665845, -33.44662 ], [ -70.665813, -33.446612 ], [ -70.66581, -33.44661 ], [ -70.665808, -33.446609 ], [ -70.665806, -33.446608 ], [ -70.665804, -33.446606 ], [ -70.665802, -33.446604 ], [ -70.665801, -33.446603 ], [ -70.6658, -33.446601 ], [ -70.665799, -33.446599 ], [ -70.665798, -33.446596 ], [ -70.665798, -33.446594 ], [ -70.665798, -33.446592 ], [ -70.665798, -33.44659 ], [ -70.665798, -33.446588 ], [ -70.665799, -33.446586 ], [ -70.6658, -33.446584 ], [ -70.66582, -33.446517 ], [ -70.66585, -33.446429 ], [ -70.665878, -33.446342 ], [ -70.665903, -33.446274 ], [ -70.665934, -33.446184 ], [ -70.665963, -33.4461 ], [ -70.665982, -33.446042 ], [ -70.665983, -33.44604 ], [ -70.665984, -33.446038 ], [ -70.665986, -33.446036 ], [ -70.665988, -33.446035 ], [ -70.66599, -33.446033 ], [ -70.665992, -33.446032 ], [ -70.665995, -33.446031 ], [ -70.665997, -33.446031 ], [ -70.666001, -33.44603 ], [ -70.666004, -33.44603 ], [ -70.66614, -33.446061 ], [ -70.666269, -33.446091 ], [ -70.666272, -33.446092 ], [ -70.666274, -33.446093 ], [ -70.666277, -33.446095 ], [ -70.666279, -33.446097 ], [ -70.666281, -33.446099 ], [ -70.666283, -33.446101 ], [ -70.666285, -33.446103 ], [ -70.666286, -33.446105 ], [ -70.666286, -33.446108 ], [ -70.666287, -33.44611 ], [ -70.666287, -33.446113 ], [ -70.666287, -33.446115 ], [ -70.666286, -33.446117 ], [ -70.666267, -33.446172 ] ] ] } },
{ "type": "Feature", "properties": { "INMUEBLES_": 1295, "COUNT": 4, "INMUEBLE": "I", "NUEVO_NUM": 1295 }, "geometry": { "type": "Polygon", "coordinates": [ [ [ -70.666048, -33.446902 ], [ -70.666091, -33.446781 ], [ -70.666098, -33.446759 ], [ -70.6661, -33.446755 ], [ -70.666159, -33.446709 ], [ -70.666171, -33.446672 ], [ -70.666185, -33.446627 ], [ -70.666243, -33.446452 ], [ -70.66631, -33.446463 ], [ -70.666257, -33.446624 ], [ -70.666253, -33.446637 ], [ -70.666201, -33.446801 ], [ -70.666162, -33.446925 ], [ -70.666108, -33.447091 ], [ -70.666092, -33.447087 ], [ -70.666011, -33.447068 ], [ -70.665998, -33.447048 ], [ -70.666027, -33.446961 ], [ -70.666048, -33.446902 ] ] ] } },
{ "type": "Feature", "properties": { "INMUEBLES_": 1291, "COUNT": 1, "INMUEBLE": "I", "NUEVO_NUM": 1291 }, "geometry": { "type": "Polygon", "coordinates": [ [ [ -70.665676, -33.445884 ], [ -70.665642, -33.445992 ], [ -70.665614, -33.446083 ], [ -70.665581, -33.446183 ], [ -70.665545, -33.446291 ], [ -70.665505, -33.446412 ], [ -70.665429, -33.446639 ], [ -70.66534, -33.446904 ], [ -70.665339, -33.446906 ], [ -70.665339, -33.446907 ], [ -70.665137, -33.446858 ], [ -70.665138, -33.446855 ], [ -70.66514, -33.44685 ], [ -70.665471, -33.445819 ], [ -70.665676, -33.445884 ], [ -70.665676, -33.445884 ] ] ] } },
{ "type": "Feature", "properties": { "INMUEBLES_": 1290, "COUNT": 2, "INMUEBLE": "I", "NUEVO_NUM": 1290 }, "geometry": { "type": "Polygon", "coordinates": [ [ [ -70.664781, -33.446447 ], [ -70.664924, -33.446462 ], [ -70.664896, -33.44661 ], [ -70.664894, -33.446615 ], [ -70.664859, -33.44679 ], [ -70.664827, -33.446781 ], [ -70.664826, -33.446778 ], [ -70.664825, -33.446775 ], [ -70.664761, -33.446759 ], [ -70.664742, -33.446734 ], [ -70.664761, -33.446585 ], [ -70.664765, -33.446549 ], [ -70.66478, -33.446447 ], [ -70.664781, -33.446447 ] ] ] } },
{ "type": "Feature", "properties": { "INMUEBLES_": 1287, "COUNT": 2, "INMUEBLE": "I", "NUEVO_NUM": 1287 }, "geometry": { "type": "Polygon", "coordinates": [ [ [ -70.664898, -33.445605 ], [ -70.664911, -33.445506 ], [ -70.664924, -33.445408 ], [ -70.665122, -33.445425 ], [ -70.665264, -33.44544 ], [ -70.665377, -33.445453 ], [ -70.665375, -33.445466 ], [ -70.665362, -33.445549 ], [ -70.665351, -33.445618 ], [ -70.665347, -33.445641 ], [ -70.665326, -33.445786 ], [ -70.665303, -33.445781 ], [ -70.665078, -33.445737 ], [ -70.664884, -33.445703 ], [ -70.664898, -33.445605 ] ] ] } },
{ "type": "Feature", "properties": { "INMUEBLES_": 1286, "COUNT": 6, "INMUEBLE": "I", "NUEVO_NUM": 1286 }, "geometry": { "type": "Polygon", "coordinates": [ [ [ -70.665122, -33.445425 ], [ -70.664924, -33.445408 ], [ -70.664936, -33.445321 ], [ -70.66497, -33.445299 ], [ -70.665141, -33.445315 ], [ -70.66515, -33.445315 ], [ -70.66516, -33.445318 ], [ -70.665167, -33.445321 ], [ -70.665175, -33.445326 ], [ -70.66518, -33.44533 ], [ -70.665184, -33.445334 ], [ -70.665187, -33.445339 ], [ -70.665189, -33.445344 ], [ -70.66519, -33.445348 ], [ -70.665192, -33.445355 ], [ -70.665274, -33.445364 ], [ -70.665274, -33.445362 ], [ -70.665283, -33.445291 ], [ -70.665294, -33.445221 ], [ -70.665209, -33.445213 ], [ -70.665207, -33.445218 ], [ -70.665205, -33.445223 ], [ -70.665201, -33.445228 ], [ -70.665199, -33.445231 ], [ -70.665195, -33.445234 ], [ -70.665191, -33.445237 ], [ -70.665187, -33.445239 ], [ -70.665182, -33.445241 ], [ -70.665177, -33.445243 ], [ -70.665171, -33.445244 ], [ -70.665166, -33.445244 ], [ -70.665161, -33.445244 ], [ -70.665156, -33.445244 ], [ -70.665123, -33.445241 ], [ -70.664977, -33.445228 ], [ -70.664951, -33.4452 ], [ -70.664961, -33.445115 ], [ -70.665138, -33.44513 ], [ -70.665305, -33.445147 ], [ -70.665417, -33.445157 ], [ -70.665412, -33.44519 ], [ -70.665396, -33.445305 ], [ -70.665394, -33.445323 ], [ -70.665378, -33.44545 ], [ -70.665377, -33.445453 ], [ -70.665264, -33.44544 ], [ -70.665122, -33.445425 ] ] ] } },
{ "type": "Feature", "properties": { "INMUEBLES_": 1289, "COUNT": 1, "INMUEBLE": "I", "NUEVO_NUM": 1289 }, "geometry": { "type": "Polygon", "coordinates": [ [ [ -70.66283, -33.445698 ], [ -70.662837, -33.445666 ], [ -70.662851, -33.445668 ], [ -70.663037, -33.445708 ], [ -70.663031, -33.445726 ], [ -70.663024, -33.445745 ], [ -70.663002, -33.445806 ], [ -70.662954, -33.44594 ], [ -70.662938, -33.445983 ], [ -70.662923, -33.446026 ], [ -70.662864, -33.446188 ], [ -70.662822, -33.446296 ], [ -70.662812, -33.446294 ], [ -70.662701, -33.446268 ], [ -70.662725, -33.446158 ], [ -70.662763, -33.445989 ], [ -70.662774, -33.445946 ], [ -70.662784, -33.4459 ], [ -70.662814, -33.445769 ], [ -70.66283, -33.445698 ] ] ] } },
{ "type": "Feature", "properties": { "INMUEBLES_": 1288, "COUNT": 1, "INMUEBLE": "I", "NUEVO_NUM": 1288 }, "geometry": { "type": "Polygon", "coordinates": [ [ [ -70.662482, -33.446032 ], [ -70.662457, -33.446119 ], [ -70.662581, -33.446144 ], [ -70.662581, -33.446146 ], [ -70.662573, -33.446175 ], [ -70.662568, -33.446196 ], [ -70.662564, -33.446206 ], [ -70.662558, -33.446213 ], [ -70.66255, -33.446219 ], [ -70.662542, -33.446223 ], [ -70.662542, -33.446224 ], [ -70.662534, -33.446226 ], [ -70.662527, -33.446227 ], [ -70.662521, -33.446227 ], [ -70.662517, -33.446227 ], [ -70.662334, -33.446184 ], [ -70.662392, -33.446009 ], [ -70.662482, -33.446032 ] ] ] } },
{ "type": "Feature", "properties": { "INMUEBLES_": 1248, "COUNT": 1, "INMUEBLE": "I", "NUEVO_NUM": 1248 }, "geometry": { "type": "Polygon", "coordinates": [ [ [ -70.664709, -33.440441 ], [ -70.664823, -33.440445 ], [ -70.664878, -33.440447 ], [ -70.664889, -33.440506 ], [ -70.664771, -33.440506 ], [ -70.664708, -33.440504 ], [ -70.664709, -33.440441 ] ] ] } },
{ "type": "Feature", "properties": { "INMUEBLES_": 1240, "COUNT": 1, "INMUEBLE": "I", "NUEVO_NUM": 1240 }, "geometry": { "type": "Polygon", "coordinates": [ [ [ -70.678014, -33.440897 ], [ -70.677957, -33.441325 ], [ -70.677957, -33.441326 ], [ -70.677864, -33.441315 ], [ -70.677864, -33.441315 ], [ -70.677864, -33.441312 ], [ -70.677895, -33.441097 ], [ -70.677911, -33.440986 ], [ -70.677926, -33.440887 ], [ -70.678014, -33.440897 ] ] ] } },
{ "type": "Feature", "properties": { "INMUEBLES_": 1252, "COUNT": 1, "INMUEBLE": "I", "NUEVO_NUM": 1252 }, "geometry": { "type": "Polygon", "coordinates": [ [ [ -70.667271, -33.441373 ], [ -70.667392, -33.441388 ], [ -70.667389, -33.441402 ], [ -70.667358, -33.44159 ], [ -70.66733, -33.441587 ], [ -70.667317, -33.441685 ], [ -70.667184, -33.441652 ], [ -70.667169, -33.441647 ], [ -70.66719, -33.441551 ], [ -70.667226, -33.441567 ], [ -70.667271, -33.441373 ] ] ] } },
{ "type": "Feature", "properties": { "INMUEBLES_": 1298, "COUNT": 1, "INMUEBLE": "I", "NUEVO_NUM": 1298 }, "geometry": { "type": "Polygon", "coordinates": [ [ [ -70.667818, -33.446471 ], [ -70.669194, -33.446828 ], [ -70.66921, -33.446861 ], [ -70.669137, -33.447323 ], [ -70.668976, -33.447307 ], [ -70.668955, -33.447394 ], [ -70.668861, -33.447382 ], [ -70.668846, -33.447472 ], [ -70.668842, -33.447505 ], [ -70.668713, -33.447475 ], [ -70.668656, -33.447642 ], [ -70.668606, -33.447633 ], [ -70.668662, -33.447464 ], [ -70.668499, -33.447425 ], [ -70.668378, -33.447396 ], [ -70.668326, -33.447383 ], [ -70.668306, -33.447438 ], [ -70.668133, -33.447396 ], [ -70.668151, -33.447353 ], [ -70.668068, -33.447333 ], [ -70.668029, -33.447442 ], [ -70.667978, -33.44743 ], [ -70.667974, -33.447441 ], [ -70.667768, -33.447392 ], [ -70.667723, -33.44729 ], [ -70.667733, -33.447245 ], [ -70.667715, -33.447244 ], [ -70.667745, -33.446901 ], [ -70.667781, -33.446486 ], [ -70.667818, -33.446471 ] ] ] } },
{ "type": "Feature", "properties": { "INMUEBLES_": 1297, "COUNT": 1, "INMUEBLE": "I", "NUEVO_NUM": 1297 }, "geometry": { "type": "Polygon", "coordinates": [ [ [ -70.667507, -33.446764 ], [ -70.667464, -33.447384 ], [ -70.66743, -33.447405 ], [ -70.667105, -33.447329 ], [ -70.667202, -33.446746 ], [ -70.667507, -33.446764 ] ] ] } },
{ "type": "Feature", "properties": { "INMUEBLES_": 1263, "COUNT": 8, "INMUEBLE": "I", "NUEVO_NUM": 1263 }, "geometry": { "type": "MultiPolygon", "coordinates": [ [ [ [ -70.676803, -33.444437 ], [ -70.676805, -33.444412 ], [ -70.676828, -33.444398 ], [ -70.676828, -33.44439 ], [ -70.676842, -33.44439 ], [ -70.676846, -33.444351 ], [ -70.676847, -33.444351 ], [ -70.67692, -33.44436 ], [ -70.677002, -33.444369 ], [ -70.677001, -33.444379 ], [ -70.676995, -33.44445 ], [ -70.676914, -33.444444 ], [ -70.676908, -33.444444 ], [ -70.676901, -33.44452 ], [ -70.676833, -33.444516 ], [ -70.676836, -33.444485 ], [ -70.676818, -33.444484 ], [ -70.676818, -33.444473 ], [ -70.676802, -33.444456 ], [ -70.676803, -33.444437 ] ] ], [ [ [ -70.676579, -33.444348 ], [ -70.676579, -33.444345 ], [ -70.67658, -33.444334 ], [ -70.676586, -33.444258 ], [ -70.67666, -33.444265 ], [ -70.676725, -33.444271 ], [ -70.676752, -33.444273 ], [ -70.676853, -33.444284 ], [ -70.676849, -33.444312 ], [ -70.676813, -33.444308 ], [ -70.676809, -33.444351 ], [ -70.67678, -33.444349 ], [ -70.676778, -33.444376 ], [ -70.676761, -33.444384 ], [ -70.67674, -33.444383 ], [ -70.676723, -33.444381 ], [ -70.67671, -33.44437 ], [ -70.676711, -33.444346 ], [ -70.67668, -33.444344 ], [ -70.676683, -33.444304 ], [ -70.676656, -33.444301 ], [ -70.676655, -33.444301 ], [ -70.676651, -33.444352 ], [ -70.676649, -33.444382 ], [ -70.676665, -33.444385 ], [ -70.676664, -33.444396 ], [ -70.676678, -33.444408 ], [ -70.676676, -33.44443 ], [ -70.676674, -33.444451 ], [ -70.676658, -33.444461 ], [ -70.676658, -33.444472 ], [ -70.67664, -33.444472 ], [ -70.676638, -33.444502 ], [ -70.676566, -33.444499 ], [ -70.676567, -33.44449 ], [ -70.676573, -33.444423 ], [ -70.676573, -33.444419 ], [ -70.676574, -33.444405 ], [ -70.676578, -33.444357 ], [ -70.676579, -33.444348 ] ] ] ] } },
{ "type": "Feature", "properties": { "INMUEBLES_": 1264, "COUNT": 6, "INMUEBLE": "I", "NUEVO_NUM": 1264 }, "geometry": { "type": "Polygon", "coordinates": [ [ [ -70.673808, -33.444161 ], [ -70.673807, -33.444174 ], [ -70.673803, -33.444225 ], [ -70.673797, -33.444284 ], [ -70.673791, -33.444348 ], [ -70.673783, -33.444436 ], [ -70.673778, -33.444496 ], [ -70.673746, -33.444521 ], [ -70.673616, -33.444506 ], [ -70.673536, -33.444497 ], [ -70.673564, -33.444323 ], [ -70.673572, -33.44426 ], [ -70.67358, -33.4442 ], [ -70.673591, -33.444137 ], [ -70.673808, -33.444161 ] ] ] } },
{ "type": "Feature", "properties": { "INMUEBLES_": 1296, "COUNT": 1, "INMUEBLE": "I", "NUEVO_NUM": 1296 }, "geometry": { "type": "Polygon", "coordinates": [ [ [ -70.666378, -33.446106 ], [ -70.666424, -33.446117 ], [ -70.666366, -33.44629 ], [ -70.666302, -33.446279 ], [ -70.666347, -33.446154 ], [ -70.66636, -33.446117 ], [ -70.666361, -33.446117 ], [ -70.666378, -33.446106 ] ] ] } },
{ "type": "Feature", "properties": { "INMUEBLES_": 1364, "COUNT": 1, "INMUEBLE": "I", "NUEVO_NUM": 1364 }, "geometry": { "type": "Polygon", "coordinates": [ [ [ -70.627201, -33.47094 ], [ -70.627145, -33.471163 ], [ -70.62693, -33.471123 ], [ -70.626899, -33.471117 ], [ -70.626906, -33.471092 ], [ -70.626963, -33.470894 ], [ -70.627201, -33.47094 ] ] ] } },
{ "type": "Feature", "properties": { "INMUEBLES_": 1227, "COUNT": 2, "INMUEBLE": "I", "NUEVO_NUM": 1227 }, "geometry": { "type": "Polygon", "coordinates": [ [ [ -70.672097, -33.43808 ], [ -70.672103, -33.438028 ], [ -70.672114, -33.437938 ], [ -70.672218, -33.437946 ], [ -70.672216, -33.437969 ], [ -70.672201, -33.43809 ], [ -70.672201, -33.438092 ], [ -70.67219, -33.438183 ], [ -70.672143, -33.438178 ], [ -70.672087, -33.438172 ], [ -70.672097, -33.43808 ] ] ] } },
{ "type": "Feature", "properties": { "INMUEBLES_": 1226, "COUNT": 2, "INMUEBLE": "I", "NUEVO_NUM": 1226 }, "geometry": { "type": "Polygon", "coordinates": [ [ [ -70.672201, -33.43809 ], [ -70.672216, -33.437969 ], [ -70.672323, -33.437979 ], [ -70.672323, -33.437979 ], [ -70.672433, -33.437985 ], [ -70.672526, -33.437991 ], [ -70.672555, -33.438019 ], [ -70.672546, -33.438117 ], [ -70.672417, -33.438107 ], [ -70.672307, -33.438099 ], [ -70.672228, -33.438092 ], [ -70.672201, -33.43809 ] ] ] } },
{ "type": "Feature", "properties": { "INMUEBLES_": 1380, "COUNT": 1, "INMUEBLE": null, "NUEVO_NUM": 1380 }, "geometry": { "type": "Polygon", "coordinates": [ [ [ -70.661544, -33.447272 ], [ -70.661783, -33.447313 ], [ -70.661758, -33.447448 ], [ -70.661769, -33.44745 ], [ -70.661766, -33.447482 ], [ -70.661507, -33.447445 ], [ -70.661544, -33.447272 ] ] ] } },
{ "type": "Feature", "properties": { "INMUEBLES_": 1268, "COUNT": 0, "INMUEBLE": null, "NUEVO_NUM": 1268 }, "geometry": { "type": "Polygon", "coordinates": [ [ [ -70.668301, -33.443164 ], [ -70.668293, -33.443258 ], [ -70.668022, -33.443234 ], [ -70.668032, -33.443115 ], [ -70.668148, -33.443126 ], [ -70.668301, -33.443164 ] ] ] } },
{ "type": "Feature", "properties": { "INMUEBLES_": 1281, "COUNT": 0, "INMUEBLE": null, "NUEVO_NUM": 1281 }, "geometry": { "type": "Polygon", "coordinates": [ [ [ -70.669516, -33.44492 ], [ -70.669507, -33.444982 ], [ -70.669249, -33.444946 ], [ -70.669261, -33.44489 ], [ -70.669516, -33.44492 ] ] ] } },
{ "type": "Feature", "properties": { "INMUEBLES_": 1281, "COUNT": 0, "INMUEBLE": null, "NUEVO_NUM": 1281 }, "geometry": { "type": "Polygon", "coordinates": [ [ [ -70.669507, -33.444982 ], [ -70.669498, -33.445046 ], [ -70.66925, -33.445016 ], [ -70.669235, -33.445014 ], [ -70.669249, -33.444946 ], [ -70.669507, -33.444982 ] ] ] } },
{ "type": "Feature", "properties": { "INMUEBLES_": 1272, "COUNT": 0, "INMUEBLE": null, "NUEVO_NUM": 1272 }, "geometry": { "type": "Polygon", "coordinates": [ [ [ -70.6651, -33.444098 ], [ -70.665192, -33.444105 ], [ -70.665177, -33.444215 ], [ -70.665112, -33.444208 ], [ -70.665087, -33.444183 ], [ -70.6651, -33.444098 ] ] ] } },
{ "type": "Feature", "properties": { "INMUEBLES_": 1272, "COUNT": 0, "INMUEBLE": null, "NUEVO_NUM": 1272 }, "geometry": { "type": "Polygon", "coordinates": [ [ [ -70.665192, -33.444105 ], [ -70.665269, -33.444111 ], [ -70.665252, -33.444223 ], [ -70.665177, -33.444215 ], [ -70.665192, -33.444105 ] ] ] } },
{ "type": "Feature", "properties": { "INMUEBLES_": 1272, "COUNT": 0, "INMUEBLE": null, "NUEVO_NUM": 1272 }, "geometry": { "type": "Polygon", "coordinates": [ [ [ -70.665269, -33.444111 ], [ -70.665345, -33.444118 ], [ -70.66533, -33.444231 ], [ -70.665252, -33.444223 ], [ -70.665269, -33.444111 ] ] ] } },
{ "type": "Feature", "properties": { "INMUEBLES_": 1299, "COUNT": 0, "INMUEBLE": null, "NUEVO_NUM": 1299 }, "geometry": { "type": "Polygon", "coordinates": [ [ [ -70.668842, -33.447505 ], [ -70.668773, -33.447864 ], [ -70.668544, -33.447803 ], [ -70.668606, -33.447633 ], [ -70.668656, -33.447642 ], [ -70.668713, -33.447475 ], [ -70.668842, -33.447505 ] ] ] } },
{ "type": "Feature", "properties": { "INMUEBLES_": 1283, "COUNT": 0, "INMUEBLE": null, "NUEVO_NUM": 1283 }, "geometry": { "type": "Polygon", "coordinates": [ [ [ -70.667403, -33.445347 ], [ -70.667391, -33.445475 ], [ -70.667364, -33.445473 ], [ -70.667275, -33.445464 ], [ -70.667275, -33.445464 ], [ -70.66724, -33.445461 ], [ -70.667255, -33.445329 ], [ -70.667403, -33.445347 ] ] ] } },
{ "type": "Feature", "properties": { "INMUEBLES_": 1276, "COUNT": 0, "INMUEBLE": null, "NUEVO_NUM": 1276 }, "geometry": { "type": "Polygon", "coordinates": [ [ [ -70.665247, -33.444592 ], [ -70.66522, -33.444799 ], [ -70.66522, -33.444802 ], [ -70.66522, -33.444802 ], [ -70.665187, -33.444799 ], [ -70.665039, -33.444783 ], [ -70.665009, -33.444752 ], [ -70.665033, -33.444572 ], [ -70.665087, -33.44458 ], [ -70.665089, -33.444575 ], [ -70.665247, -33.444592 ] ] ] } },
{ "type": "Feature", "properties": { "INMUEBLES_": 1276, "COUNT": 0, "INMUEBLE": null, "NUEVO_NUM": 1276 }, "geometry": { "type": "Polygon", "coordinates": [ [ [ -70.665247, -33.444592 ], [ -70.665249, -33.44458 ], [ -70.665413, -33.444595 ], [ -70.665385, -33.444817 ], [ -70.66522, -33.444802 ], [ -70.66522, -33.444802 ], [ -70.66522, -33.444802 ], [ -70.66522, -33.444799 ], [ -70.665247, -33.444592 ] ] ] } },
{ "type": "Feature", "properties": { "INMUEBLES_": 1304, "COUNT": 0, "INMUEBLE": null, "NUEVO_NUM": 1304 }, "geometry": { "type": "Polygon", "coordinates": [ [ [ -70.645642, -33.435643 ], [ -70.645799, -33.435662 ], [ -70.645827, -33.43569 ], [ -70.645816, -33.435815 ], [ -70.645622, -33.435794 ], [ -70.645623, -33.435787 ], [ -70.645642, -33.435643 ] ] ] } },
{ "type": "Feature", "properties": { "INMUEBLES_": 1305, "COUNT": 0, "INMUEBLE": null, "NUEVO_NUM": 1305 }, "geometry": { "type": "Polygon", "coordinates": [ [ [ -70.645816, -33.435815 ], [ -70.6458, -33.435926 ], [ -70.645607, -33.435911 ], [ -70.645622, -33.435794 ], [ -70.645816, -33.435815 ] ] ] } },
{ "type": "Feature", "properties": { "INMUEBLES_": 1303, "COUNT": 0, "INMUEBLE": null, "NUEVO_NUM": 1303 }, "geometry": { "type": "Polygon", "coordinates": [ [ [ -70.645669, -33.435122 ], [ -70.645894, -33.435141 ], [ -70.645876, -33.435257 ], [ -70.645801, -33.43525 ], [ -70.645748, -33.435245 ], [ -70.645639, -33.435234 ], [ -70.645655, -33.435131 ], [ -70.645669, -33.435122 ] ] ] } },
{ "type": "Feature", "properties": { "INMUEBLES_": 1271, "COUNT": 0, "INMUEBLE": null, "NUEVO_NUM": 1271 }, "geometry": { "type": "Polygon", "coordinates": [ [ [ -70.665112, -33.444008 ], [ -70.665391, -33.444028 ], [ -70.665379, -33.44412 ], [ -70.665345, -33.444118 ], [ -70.665269, -33.444111 ], [ -70.665192, -33.444105 ], [ -70.6651, -33.444098 ], [ -70.665112, -33.444008 ] ] ] } },
{ "type": "Feature", "properties": { "INMUEBLES_": 1267, "COUNT": 0, "INMUEBLE": null, "NUEVO_NUM": 1267 }, "geometry": { "type": "Polygon", "coordinates": [ [ [ -70.668178, -33.442648 ], [ -70.668338, -33.442676 ], [ -70.668327, -33.442819 ], [ -70.66816, -33.442802 ], [ -70.66817, -33.44271 ], [ -70.668178, -33.442648 ] ] ] } },
{ "type": "Feature", "properties": { "INMUEBLES_": 1308, "COUNT": 0, "INMUEBLE": null, "NUEVO_NUM": 0 }, "geometry": { "type": "Polygon", "coordinates": [ [ [ -70.642448, -33.437086 ], [ -70.64262, -33.437103 ], [ -70.642608, -33.437208 ], [ -70.64258, -33.437425 ], [ -70.64258, -33.437425 ], [ -70.642431, -33.437391 ], [ -70.642448, -33.437086 ] ] ] } }
]
}
