{
"type": "FeatureCollection",
"name": "URB_PTO_GRIFOS_STGO",
"features": [
{ "type": "Feature", "properties": { "TIPO_EQUIP": "Grifo", "CALIDAD_U": "Media", "PRESTADOR_": null }, "geometry": { "type": "Point", "coordinates": [ -70.675133, -33.478378, 0.0 ] } },
{ "type": "Feature", "properties": { "TIPO_EQUIP": "Grifo", "CALIDAD_U": "Media", "PRESTADOR_": null }, "geometry": { "type": "Point", "coordinates": [ -70.648389, -33.4763, 0.0 ] } },
{ "type": "Feature", "properties": { "TIPO_EQUIP": "Grifo", "CALIDAD_U": "Media", "PRESTADOR_": null }, "geometry": { "type": "Point", "coordinates": [ -70.651867, -33.475896, 0.0 ] } },
{ "type": "Feature", "properties": { "TIPO_EQUIP": "Grifo", "CALIDAD_U": "Media", "PRESTADOR_": null }, "geometry": { "type": "Point", "coordinates": [ -70.67031, -33.475761, 0.0 ] } },
{ "type": "Feature", "properties": { "TIPO_EQUIP": "Grifo", "CALIDAD_U": "Media", "PRESTADOR_": null }, "geometry": { "type": "Point", "coordinates": [ -70.668557, -33.475682, 0.0 ] } },
{ "type": "Feature", "properties": { "TIPO_EQUIP": "Grifo", "CALIDAD_U": "Media", "PRESTADOR_": null }, "geometry": { "type": "Point", "coordinates": [ -70.654069, -33.475524, 0.0 ] } },
{ "type": "Feature", "properties": { "TIPO_EQUIP": "Grifo", "CALIDAD_U": "Media", "PRESTADOR_": null }, "geometry": { "type": "Point", "coordinates": [ -70.646622, -33.475401, 0.0 ] } },
{ "type": "Feature", "properties": { "TIPO_EQUIP": "Grifo", "CALIDAD_U": "Media", "PRESTADOR_": null }, "geometry": { "type": "Point", "coordinates": [ -70.643879, -33.475328, 0.0 ] } },
{ "type": "Feature", "properties": { "TIPO_EQUIP": "Grifo", "CALIDAD_U": "Media", "PRESTADOR_": null }, "geometry": { "type": "Point", "coordinates": [ -70.641392, -33.475326, 0.0 ] } },
{ "type": "Feature", "properties": { "TIPO_EQUIP": "Grifo", "CALIDAD_U": "Media", "PRESTADOR_": null }, "geometry": { "type": "Point", "coordinates": [ -70.640673, -33.475306, 0.0 ] } },
{ "type": "Feature", "properties": { "TIPO_EQUIP": "Grifo", "CALIDAD_U": "Media", "PRESTADOR_": null }, "geometry": { "type": "Point", "coordinates": [ -70.639217, -33.475223, 0.0 ] } },
{ "type": "Feature", "properties": { "TIPO_EQUIP": "Grifo", "CALIDAD_U": "Media", "PRESTADOR_": null }, "geometry": { "type": "Point", "coordinates": [ -70.642094, -33.475207, 0.0 ] } },
{ "type": "Feature", "properties": { "TIPO_EQUIP": "Grifo", "CALIDAD_U": "Media", "PRESTADOR_": null }, "geometry": { "type": "Point", "coordinates": [ -70.652041, -33.474855, 0.0 ] } },
{ "type": "Feature", "properties": { "TIPO_EQUIP": "Grifo", "CALIDAD_U": "Media", "PRESTADOR_": null }, "geometry": { "type": "Point", "coordinates": [ -70.67174, -33.474744, 0.0 ] } },
{ "type": "Feature", "properties": { "TIPO_EQUIP": "Grifo", "CALIDAD_U": "Media", "PRESTADOR_": null }, "geometry": { "type": "Point", "coordinates": [ -70.636105, -33.474705, 0.0 ] } },
{ "type": "Feature", "properties": { "TIPO_EQUIP": "Grifo", "CALIDAD_U": "Media", "PRESTADOR_": null }, "geometry": { "type": "Point", "coordinates": [ -70.669354, -33.474623, 0.0 ] } },
{ "type": "Feature", "properties": { "TIPO_EQUIP": "Grifo", "CALIDAD_U": "Media", "PRESTADOR_": null }, "geometry": { "type": "Point", "coordinates": [ -70.648456, -33.474617, 0.0 ] } },
{ "type": "Feature", "properties": { "TIPO_EQUIP": "Grifo", "CALIDAD_U": "Media", "PRESTADOR_": null }, "geometry": { "type": "Point", "coordinates": [ -70.649056, -33.474499, 0.0 ] } },
{ "type": "Feature", "properties": { "TIPO_EQUIP": "Grifo", "CALIDAD_U": "Media", "PRESTADOR_": null }, "geometry": { "type": "Point", "coordinates": [ -70.65422, -33.474404, 0.0 ] } },
{ "type": "Feature", "properties": { "TIPO_EQUIP": "Grifo", "CALIDAD_U": "Media", "PRESTADOR_": null }, "geometry": { "type": "Point", "coordinates": [ -70.655121, -33.4743, 0.0 ] } },
{ "type": "Feature", "properties": { "TIPO_EQUIP": "Grifo", "CALIDAD_U": "Media", "PRESTADOR_": null }, "geometry": { "type": "Point", "coordinates": [ -70.643853, -33.474096, 0.0 ] } },
{ "type": "Feature", "properties": { "TIPO_EQUIP": "Grifo", "CALIDAD_U": "Media", "PRESTADOR_": null }, "geometry": { "type": "Point", "coordinates": [ -70.668425, -33.473952, 0.0 ] } },
{ "type": "Feature", "properties": { "TIPO_EQUIP": "Grifo", "CALIDAD_U": "Media", "PRESTADOR_": null }, "geometry": { "type": "Point", "coordinates": [ -70.652339, -33.473821, 0.0 ] } },
{ "type": "Feature", "properties": { "TIPO_EQUIP": "Grifo", "CALIDAD_U": "Media", "PRESTADOR_": null }, "geometry": { "type": "Point", "coordinates": [ -70.668278, -33.473726, 0.0 ] } },
{ "type": "Feature", "properties": { "TIPO_EQUIP": "Grifo", "CALIDAD_U": "Media", "PRESTADOR_": null }, "geometry": { "type": "Point", "coordinates": [ -70.646112, -33.473698, 0.0 ] } },
{ "type": "Feature", "properties": { "TIPO_EQUIP": "Grifo", "CALIDAD_U": "Media", "PRESTADOR_": null }, "geometry": { "type": "Point", "coordinates": [ -70.64064, -33.473657, 0.0 ] } },
{ "type": "Feature", "properties": { "TIPO_EQUIP": "Grifo", "CALIDAD_U": "Media", "PRESTADOR_": null }, "geometry": { "type": "Point", "coordinates": [ -70.652548, -33.473609, 0.0 ] } },
{ "type": "Feature", "properties": { "TIPO_EQUIP": "Grifo", "CALIDAD_U": "Media", "PRESTADOR_": null }, "geometry": { "type": "Point", "coordinates": [ -70.651394, -33.473557, 0.0 ] } },
{ "type": "Feature", "properties": { "TIPO_EQUIP": "Grifo", "CALIDAD_U": "Media", "PRESTADOR_": null }, "geometry": { "type": "Point", "coordinates": [ -70.659655, -33.47353, 0.0 ] } },
{ "type": "Feature", "properties": { "TIPO_EQUIP": "Grifo", "CALIDAD_U": "Media", "PRESTADOR_": null }, "geometry": { "type": "Point", "coordinates": [ -70.664217, -33.473525, 0.0 ] } },
{ "type": "Feature", "properties": { "TIPO_EQUIP": "Grifo", "CALIDAD_U": "Media", "PRESTADOR_": null }, "geometry": { "type": "Point", "coordinates": [ -70.64414, -33.4735, 0.0 ] } },
{ "type": "Feature", "properties": { "TIPO_EQUIP": "Grifo", "CALIDAD_U": "Media", "PRESTADOR_": null }, "geometry": { "type": "Point", "coordinates": [ -70.659128, -33.473499, 0.0 ] } },
{ "type": "Feature", "properties": { "TIPO_EQUIP": "Grifo", "CALIDAD_U": "Media", "PRESTADOR_": null }, "geometry": { "type": "Point", "coordinates": [ -70.657937, -33.473428, 0.0 ] } },
{ "type": "Feature", "properties": { "TIPO_EQUIP": "Grifo", "CALIDAD_U": "Media", "PRESTADOR_": null }, "geometry": { "type": "Point", "coordinates": [ -70.638384, -33.473425, 0.0 ] } },
{ "type": "Feature", "properties": { "TIPO_EQUIP": "Grifo", "CALIDAD_U": "Media", "PRESTADOR_": null }, "geometry": { "type": "Point", "coordinates": [ -70.648596, -33.473409, 0.0 ] } },
{ "type": "Feature", "properties": { "TIPO_EQUIP": "Grifo", "CALIDAD_U": "Media", "PRESTADOR_": null }, "geometry": { "type": "Point", "coordinates": [ -70.646692, -33.47334, 0.0 ] } },
{ "type": "Feature", "properties": { "TIPO_EQUIP": "Grifo", "CALIDAD_U": "Media", "PRESTADOR_": null }, "geometry": { "type": "Point", "coordinates": [ -70.665378, -33.473332, 0.0 ] } },
{ "type": "Feature", "properties": { "TIPO_EQUIP": "Grifo", "CALIDAD_U": "Media", "PRESTADOR_": null }, "geometry": { "type": "Point", "coordinates": [ -70.663149, -33.473284, 0.0 ] } },
{ "type": "Feature", "properties": { "TIPO_EQUIP": "Grifo", "CALIDAD_U": "Media", "PRESTADOR_": null }, "geometry": { "type": "Point", "coordinates": [ -70.658049, -33.473171, 0.0 ] } },
{ "type": "Feature", "properties": { "TIPO_EQUIP": "Grifo", "CALIDAD_U": "Media", "PRESTADOR_": null }, "geometry": { "type": "Point", "coordinates": [ -70.642142, -33.473161, 0.0 ] } },
{ "type": "Feature", "properties": { "TIPO_EQUIP": "Grifo", "CALIDAD_U": "Media", "PRESTADOR_": null }, "geometry": { "type": "Point", "coordinates": [ -70.643929, -33.473154, 0.0 ] } },
{ "type": "Feature", "properties": { "TIPO_EQUIP": "Grifo", "CALIDAD_U": "Media", "PRESTADOR_": null }, "geometry": { "type": "Point", "coordinates": [ -70.645414, -33.473106, 0.0 ] } },
{ "type": "Feature", "properties": { "TIPO_EQUIP": "Grifo", "CALIDAD_U": "Media", "PRESTADOR_": null }, "geometry": { "type": "Point", "coordinates": [ -70.656111, -33.47301, 0.0 ] } },
{ "type": "Feature", "properties": { "TIPO_EQUIP": "Grifo", "CALIDAD_U": "Media", "PRESTADOR_": null }, "geometry": { "type": "Point", "coordinates": [ -70.671734, -33.472817, 0.0 ] } },
{ "type": "Feature", "properties": { "TIPO_EQUIP": "Grifo", "CALIDAD_U": "Media", "PRESTADOR_": null }, "geometry": { "type": "Point", "coordinates": [ -70.669323, -33.472535, 0.0 ] } },
{ "type": "Feature", "properties": { "TIPO_EQUIP": "Grifo", "CALIDAD_U": "Media", "PRESTADOR_": null }, "geometry": { "type": "Point", "coordinates": [ -70.648487, -33.472453, 0.0 ] } },
{ "type": "Feature", "properties": { "TIPO_EQUIP": "Grifo", "CALIDAD_U": "Media", "PRESTADOR_": null }, "geometry": { "type": "Point", "coordinates": [ -70.635843, -33.472435, 0.0 ] } },
{ "type": "Feature", "properties": { "TIPO_EQUIP": "Grifo", "CALIDAD_U": "Media", "PRESTADOR_": null }, "geometry": { "type": "Point", "coordinates": [ -70.667872, -33.472383, 0.0 ] } },
{ "type": "Feature", "properties": { "TIPO_EQUIP": "Grifo", "CALIDAD_U": "Media", "PRESTADOR_": null }, "geometry": { "type": "Point", "coordinates": [ -70.63354, -33.472369, 0.0 ] } },
{ "type": "Feature", "properties": { "TIPO_EQUIP": "Grifo", "CALIDAD_U": "Media", "PRESTADOR_": null }, "geometry": { "type": "Point", "coordinates": [ -70.634899, -33.472352, 0.0 ] } },
{ "type": "Feature", "properties": { "TIPO_EQUIP": "Grifo", "CALIDAD_U": "Media", "PRESTADOR_": null }, "geometry": { "type": "Point", "coordinates": [ -70.670366, -33.472326, 0.0 ] } },
{ "type": "Feature", "properties": { "TIPO_EQUIP": "Grifo", "CALIDAD_U": "Media", "PRESTADOR_": null }, "geometry": { "type": "Point", "coordinates": [ -70.632453, -33.472207, 0.0 ] } },
{ "type": "Feature", "properties": { "TIPO_EQUIP": "Grifo", "CALIDAD_U": "Media", "PRESTADOR_": null }, "geometry": { "type": "Point", "coordinates": [ -70.647707, -33.472184, 0.0 ] } },
{ "type": "Feature", "properties": { "TIPO_EQUIP": "Grifo", "CALIDAD_U": "Media", "PRESTADOR_": null }, "geometry": { "type": "Point", "coordinates": [ -70.663434, -33.472167, 0.0 ] } },
{ "type": "Feature", "properties": { "TIPO_EQUIP": "Grifo", "CALIDAD_U": "Media", "PRESTADOR_": null }, "geometry": { "type": "Point", "coordinates": [ -70.664692, -33.472151, 0.0 ] } },
{ "type": "Feature", "properties": { "TIPO_EQUIP": "Grifo", "CALIDAD_U": "Media", "PRESTADOR_": null }, "geometry": { "type": "Point", "coordinates": [ -70.631399, -33.472017, 0.0 ] } },
{ "type": "Feature", "properties": { "TIPO_EQUIP": "Grifo", "CALIDAD_U": "Media", "PRESTADOR_": null }, "geometry": { "type": "Point", "coordinates": [ -70.666875, -33.47201, 0.0 ] } },
{ "type": "Feature", "properties": { "TIPO_EQUIP": "Grifo", "CALIDAD_U": "Media", "PRESTADOR_": null }, "geometry": { "type": "Point", "coordinates": [ -70.645227, -33.472008, 0.0 ] } },
{ "type": "Feature", "properties": { "TIPO_EQUIP": "Grifo", "CALIDAD_U": "Media", "PRESTADOR_": null }, "geometry": { "type": "Point", "coordinates": [ -70.657174, -33.471981, 0.0 ] } },
{ "type": "Feature", "properties": { "TIPO_EQUIP": "Grifo", "CALIDAD_U": "Media", "PRESTADOR_": null }, "geometry": { "type": "Point", "coordinates": [ -70.64398, -33.471913, 0.0 ] } },
{ "type": "Feature", "properties": { "TIPO_EQUIP": "Grifo", "CALIDAD_U": "Media", "PRESTADOR_": null }, "geometry": { "type": "Point", "coordinates": [ -70.671821, -33.471904, 0.0 ] } },
{ "type": "Feature", "properties": { "TIPO_EQUIP": "Grifo", "CALIDAD_U": "Media", "PRESTADOR_": null }, "geometry": { "type": "Point", "coordinates": [ -70.652849, -33.47187, 0.0 ] } },
{ "type": "Feature", "properties": { "TIPO_EQUIP": "Grifo", "CALIDAD_U": "Media", "PRESTADOR_": null }, "geometry": { "type": "Point", "coordinates": [ -70.642269, -33.471812, 0.0 ] } },
{ "type": "Feature", "properties": { "TIPO_EQUIP": "Grifo", "CALIDAD_U": "Media", "PRESTADOR_": null }, "geometry": { "type": "Point", "coordinates": [ -70.65933, -33.471744, 0.0 ] } },
{ "type": "Feature", "properties": { "TIPO_EQUIP": "Grifo", "CALIDAD_U": "Media", "PRESTADOR_": null }, "geometry": { "type": "Point", "coordinates": [ -70.629437, -33.471656, 0.0 ] } },
{ "type": "Feature", "properties": { "TIPO_EQUIP": "Grifo", "CALIDAD_U": "Media", "PRESTADOR_": null }, "geometry": { "type": "Point", "coordinates": [ -70.655638, -33.471622, 0.0 ] } },
{ "type": "Feature", "properties": { "TIPO_EQUIP": "Grifo", "CALIDAD_U": "Media", "PRESTADOR_": null }, "geometry": { "type": "Point", "coordinates": [ -70.654607, -33.471582, 0.0 ] } },
{ "type": "Feature", "properties": { "TIPO_EQUIP": "Grifo", "CALIDAD_U": "Media", "PRESTADOR_": null }, "geometry": { "type": "Point", "coordinates": [ -70.661918, -33.471567, 0.0 ] } },
{ "type": "Feature", "properties": { "TIPO_EQUIP": "Grifo", "CALIDAD_U": "Media", "PRESTADOR_": null }, "geometry": { "type": "Point", "coordinates": [ -70.635807, -33.471532, 0.0 ] } },
{ "type": "Feature", "properties": { "TIPO_EQUIP": "Grifo", "CALIDAD_U": "Media", "PRESTADOR_": null }, "geometry": { "type": "Point", "coordinates": [ -70.640834, -33.471527, 0.0 ] } },
{ "type": "Feature", "properties": { "TIPO_EQUIP": "Grifo", "CALIDAD_U": "Media", "PRESTADOR_": null }, "geometry": { "type": "Point", "coordinates": [ -70.637753, -33.471433, 0.0 ] } },
{ "type": "Feature", "properties": { "TIPO_EQUIP": "Grifo", "CALIDAD_U": "Media", "PRESTADOR_": null }, "geometry": { "type": "Point", "coordinates": [ -70.650803, -33.471326, 0.0 ] } },
{ "type": "Feature", "properties": { "TIPO_EQUIP": "Grifo", "CALIDAD_U": "Media", "PRESTADOR_": null }, "geometry": { "type": "Point", "coordinates": [ -70.63447, -33.471217, 0.0 ] } },
{ "type": "Feature", "properties": { "TIPO_EQUIP": "Grifo", "CALIDAD_U": "Media", "PRESTADOR_": null }, "geometry": { "type": "Point", "coordinates": [ -70.626998, -33.471186, 0.0 ] } },
{ "type": "Feature", "properties": { "TIPO_EQUIP": "Grifo", "CALIDAD_U": "Media", "PRESTADOR_": null }, "geometry": { "type": "Point", "coordinates": [ -70.648575, -33.47117, 0.0 ] } },
{ "type": "Feature", "properties": { "TIPO_EQUIP": "Grifo", "CALIDAD_U": "Media", "PRESTADOR_": null }, "geometry": { "type": "Point", "coordinates": [ -70.632433, -33.471146, 0.0 ] } },
{ "type": "Feature", "properties": { "TIPO_EQUIP": "Grifo", "CALIDAD_U": "Media", "PRESTADOR_": null }, "geometry": { "type": "Point", "coordinates": [ -70.646875, -33.470947, 0.0 ] } },
{ "type": "Feature", "properties": { "TIPO_EQUIP": "Grifo", "CALIDAD_U": "Media", "PRESTADOR_": null }, "geometry": { "type": "Point", "coordinates": [ -70.626624, -33.470869, 0.0 ] } },
{ "type": "Feature", "properties": { "TIPO_EQUIP": "Grifo", "CALIDAD_U": "Media", "PRESTADOR_": null }, "geometry": { "type": "Point", "coordinates": [ -70.671559, -33.470858, 0.0 ] } },
{ "type": "Feature", "properties": { "TIPO_EQUIP": "Grifo", "CALIDAD_U": "Media", "PRESTADOR_": null }, "geometry": { "type": "Point", "coordinates": [ -70.645396, -33.470857, 0.0 ] } },
{ "type": "Feature", "properties": { "TIPO_EQUIP": "Grifo", "CALIDAD_U": "Media", "PRESTADOR_": null }, "geometry": { "type": "Point", "coordinates": [ -70.642277, -33.470821, 0.0 ] } },
{ "type": "Feature", "properties": { "TIPO_EQUIP": "Grifo", "CALIDAD_U": "Media", "PRESTADOR_": null }, "geometry": { "type": "Point", "coordinates": [ -70.630668, -33.470776, 0.0 ] } },
{ "type": "Feature", "properties": { "TIPO_EQUIP": "Grifo", "CALIDAD_U": "Media", "PRESTADOR_": null }, "geometry": { "type": "Point", "coordinates": [ -70.664822, -33.470703, 0.0 ] } },
{ "type": "Feature", "properties": { "TIPO_EQUIP": "Grifo", "CALIDAD_U": "Media", "PRESTADOR_": null }, "geometry": { "type": "Point", "coordinates": [ -70.644049, -33.470686, 0.0 ] } },
{ "type": "Feature", "properties": { "TIPO_EQUIP": "Grifo", "CALIDAD_U": "Media", "PRESTADOR_": null }, "geometry": { "type": "Point", "coordinates": [ -70.66335, -33.470643, 0.0 ] } },
{ "type": "Feature", "properties": { "TIPO_EQUIP": "Grifo", "CALIDAD_U": "Media", "PRESTADOR_": null }, "geometry": { "type": "Point", "coordinates": [ -70.677946, -33.47063, 0.0 ] } },
{ "type": "Feature", "properties": { "TIPO_EQUIP": "Grifo", "CALIDAD_U": "Media", "PRESTADOR_": null }, "geometry": { "type": "Point", "coordinates": [ -70.648474, -33.470619, 0.0 ] } },
{ "type": "Feature", "properties": { "TIPO_EQUIP": "Grifo", "CALIDAD_U": "Media", "PRESTADOR_": null }, "geometry": { "type": "Point", "coordinates": [ -70.67001, -33.470611, 0.0 ] } },
{ "type": "Feature", "properties": { "TIPO_EQUIP": "Grifo", "CALIDAD_U": "Media", "PRESTADOR_": null }, "geometry": { "type": "Point", "coordinates": [ -70.661105, -33.470559, 0.0 ] } },
{ "type": "Feature", "properties": { "TIPO_EQUIP": "Grifo", "CALIDAD_U": "Media", "PRESTADOR_": null }, "geometry": { "type": "Point", "coordinates": [ -70.668106, -33.470559, 0.0 ] } },
{ "type": "Feature", "properties": { "TIPO_EQUIP": "Grifo", "CALIDAD_U": "Media", "PRESTADOR_": null }, "geometry": { "type": "Point", "coordinates": [ -70.675478, -33.470538, 0.0 ] } },
{ "type": "Feature", "properties": { "TIPO_EQUIP": "Grifo", "CALIDAD_U": "Media", "PRESTADOR_": null }, "geometry": { "type": "Point", "coordinates": [ -70.629483, -33.470499, 0.0 ] } },
{ "type": "Feature", "properties": { "TIPO_EQUIP": "Grifo", "CALIDAD_U": "Media", "PRESTADOR_": null }, "geometry": { "type": "Point", "coordinates": [ -70.654359, -33.470417, 0.0 ] } },
{ "type": "Feature", "properties": { "TIPO_EQUIP": "Grifo", "CALIDAD_U": "Media", "PRESTADOR_": null }, "geometry": { "type": "Point", "coordinates": [ -70.659404, -33.470414, 0.0 ] } },
{ "type": "Feature", "properties": { "TIPO_EQUIP": "Grifo", "CALIDAD_U": "Media", "PRESTADOR_": null }, "geometry": { "type": "Point", "coordinates": [ -70.657327, -33.470403, 0.0 ] } },
{ "type": "Feature", "properties": { "TIPO_EQUIP": "Grifo", "CALIDAD_U": "Media", "PRESTADOR_": null }, "geometry": { "type": "Point", "coordinates": [ -70.628147, -33.470334, 0.0 ] } },
{ "type": "Feature", "properties": { "TIPO_EQUIP": "Grifo", "CALIDAD_U": "Media", "PRESTADOR_": null }, "geometry": { "type": "Point", "coordinates": [ -70.654601, -33.470082, 0.0 ] } },
{ "type": "Feature", "properties": { "TIPO_EQUIP": "Grifo", "CALIDAD_U": "Media", "PRESTADOR_": null }, "geometry": { "type": "Point", "coordinates": [ -70.638936, -33.470081, 0.0 ] } },
{ "type": "Feature", "properties": { "TIPO_EQUIP": "Grifo", "CALIDAD_U": "Media", "PRESTADOR_": null }, "geometry": { "type": "Point", "coordinates": [ -70.636224, -33.470059, 0.0 ] } },
{ "type": "Feature", "properties": { "TIPO_EQUIP": "Grifo", "CALIDAD_U": "Media", "PRESTADOR_": null }, "geometry": { "type": "Point", "coordinates": [ -70.626471, -33.470036, 0.0 ] } },
{ "type": "Feature", "properties": { "TIPO_EQUIP": "Grifo", "CALIDAD_U": "Media", "PRESTADOR_": null }, "geometry": { "type": "Point", "coordinates": [ -70.650339, -33.470022, 0.0 ] } },
{ "type": "Feature", "properties": { "TIPO_EQUIP": "Grifo", "CALIDAD_U": "Media", "PRESTADOR_": null }, "geometry": { "type": "Point", "coordinates": [ -70.648641, -33.469963, 0.0 ] } },
{ "type": "Feature", "properties": { "TIPO_EQUIP": "Grifo", "CALIDAD_U": "Media", "PRESTADOR_": null }, "geometry": { "type": "Point", "coordinates": [ -70.655839, -33.46995, 0.0 ] } },
{ "type": "Feature", "properties": { "TIPO_EQUIP": "Grifo", "CALIDAD_U": "Media", "PRESTADOR_": null }, "geometry": { "type": "Point", "coordinates": [ -70.633606, -33.469826, 0.0 ] } },
{ "type": "Feature", "properties": { "TIPO_EQUIP": "Grifo", "CALIDAD_U": "Media", "PRESTADOR_": null }, "geometry": { "type": "Point", "coordinates": [ -70.646886, -33.469767, 0.0 ] } },
{ "type": "Feature", "properties": { "TIPO_EQUIP": "Grifo", "CALIDAD_U": "Media", "PRESTADOR_": null }, "geometry": { "type": "Point", "coordinates": [ -70.634835, -33.469763, 0.0 ] } },
{ "type": "Feature", "properties": { "TIPO_EQUIP": "Grifo", "CALIDAD_U": "Media", "PRESTADOR_": null }, "geometry": { "type": "Point", "coordinates": [ -70.672432, -33.46972, 0.0 ] } },
{ "type": "Feature", "properties": { "TIPO_EQUIP": "Grifo", "CALIDAD_U": "Media", "PRESTADOR_": null }, "geometry": { "type": "Point", "coordinates": [ -70.645501, -33.469605, 0.0 ] } },
{ "type": "Feature", "properties": { "TIPO_EQUIP": "Grifo", "CALIDAD_U": "Media", "PRESTADOR_": null }, "geometry": { "type": "Point", "coordinates": [ -70.67026, -33.469591, 0.0 ] } },
{ "type": "Feature", "properties": { "TIPO_EQUIP": "Grifo", "CALIDAD_U": "Media", "PRESTADOR_": null }, "geometry": { "type": "Point", "coordinates": [ -70.669783, -33.469565, 0.0 ] } },
{ "type": "Feature", "properties": { "TIPO_EQUIP": "Grifo", "CALIDAD_U": "Media", "PRESTADOR_": null }, "geometry": { "type": "Point", "coordinates": [ -70.671547, -33.469532, 0.0 ] } },
{ "type": "Feature", "properties": { "TIPO_EQUIP": "Grifo", "CALIDAD_U": "Media", "PRESTADOR_": null }, "geometry": { "type": "Point", "coordinates": [ -70.67671, -33.469483, 0.0 ] } },
{ "type": "Feature", "properties": { "TIPO_EQUIP": "Grifo", "CALIDAD_U": "Media", "PRESTADOR_": null }, "geometry": { "type": "Point", "coordinates": [ -70.674434, -33.469471, 0.0 ] } },
{ "type": "Feature", "properties": { "TIPO_EQUIP": "Grifo", "CALIDAD_U": "Media", "PRESTADOR_": null }, "geometry": { "type": "Point", "coordinates": [ -70.643844, -33.469411, 0.0 ] } },
{ "type": "Feature", "properties": { "TIPO_EQUIP": "Grifo", "CALIDAD_U": "Media", "PRESTADOR_": null }, "geometry": { "type": "Point", "coordinates": [ -70.642327, -33.469358, 0.0 ] } },
{ "type": "Feature", "properties": { "TIPO_EQUIP": "Grifo", "CALIDAD_U": "Media", "PRESTADOR_": null }, "geometry": { "type": "Point", "coordinates": [ -70.670901, -33.469355, 0.0 ] } },
{ "type": "Feature", "properties": { "TIPO_EQUIP": "Grifo", "CALIDAD_U": "Media", "PRESTADOR_": null }, "geometry": { "type": "Point", "coordinates": [ -70.631624, -33.469341, 0.0 ] } },
{ "type": "Feature", "properties": { "TIPO_EQUIP": "Grifo", "CALIDAD_U": "Media", "PRESTADOR_": null }, "geometry": { "type": "Point", "coordinates": [ -70.669194, -33.469296, 0.0 ] } },
{ "type": "Feature", "properties": { "TIPO_EQUIP": "Grifo", "CALIDAD_U": "Media", "PRESTADOR_": null }, "geometry": { "type": "Point", "coordinates": [ -70.630486, -33.469246, 0.0 ] } },
{ "type": "Feature", "properties": { "TIPO_EQUIP": "Grifo", "CALIDAD_U": "Media", "PRESTADOR_": null }, "geometry": { "type": "Point", "coordinates": [ -70.650256, -33.469078, 0.0 ] } },
{ "type": "Feature", "properties": { "TIPO_EQUIP": "Grifo", "CALIDAD_U": "Media", "PRESTADOR_": null }, "geometry": { "type": "Point", "coordinates": [ -70.639794, -33.469031, 0.0 ] } },
{ "type": "Feature", "properties": { "TIPO_EQUIP": "Grifo", "CALIDAD_U": "Media", "PRESTADOR_": null }, "geometry": { "type": "Point", "coordinates": [ -70.652177, -33.469013, 0.0 ] } },
{ "type": "Feature", "properties": { "TIPO_EQUIP": "Grifo", "CALIDAD_U": "Media", "PRESTADOR_": null }, "geometry": { "type": "Point", "coordinates": [ -70.678797, -33.468986, 0.0 ] } },
{ "type": "Feature", "properties": { "TIPO_EQUIP": "Grifo", "CALIDAD_U": "Media", "PRESTADOR_": null }, "geometry": { "type": "Point", "coordinates": [ -70.679027, -33.468944, 0.0 ] } },
{ "type": "Feature", "properties": { "TIPO_EQUIP": "Grifo", "CALIDAD_U": "Media", "PRESTADOR_": null }, "geometry": { "type": "Point", "coordinates": [ -70.62919, -33.468817, 0.0 ] } },
{ "type": "Feature", "properties": { "TIPO_EQUIP": "Grifo", "CALIDAD_U": "Media", "PRESTADOR_": null }, "geometry": { "type": "Point", "coordinates": [ -70.636586, -33.46865, 0.0 ] } },
{ "type": "Feature", "properties": { "TIPO_EQUIP": "Grifo", "CALIDAD_U": "Media", "PRESTADOR_": null }, "geometry": { "type": "Point", "coordinates": [ -70.671594, -33.46856, 0.0 ] } },
{ "type": "Feature", "properties": { "TIPO_EQUIP": "Grifo", "CALIDAD_U": "Media", "PRESTADOR_": null }, "geometry": { "type": "Point", "coordinates": [ -70.647029, -33.468524, 0.0 ] } },
{ "type": "Feature", "properties": { "TIPO_EQUIP": "Grifo", "CALIDAD_U": "Media", "PRESTADOR_": null }, "geometry": { "type": "Point", "coordinates": [ -70.670322, -33.46849, 0.0 ] } },
{ "type": "Feature", "properties": { "TIPO_EQUIP": "Grifo", "CALIDAD_U": "Media", "PRESTADOR_": null }, "geometry": { "type": "Point", "coordinates": [ -70.64556, -33.468439, 0.0 ] } },
{ "type": "Feature", "properties": { "TIPO_EQUIP": "Grifo", "CALIDAD_U": "Media", "PRESTADOR_": null }, "geometry": { "type": "Point", "coordinates": [ -70.65486, -33.468368, 0.0 ] } },
{ "type": "Feature", "properties": { "TIPO_EQUIP": "Grifo", "CALIDAD_U": "Media", "PRESTADOR_": null }, "geometry": { "type": "Point", "coordinates": [ -70.675688, -33.468354, 0.0 ] } },
{ "type": "Feature", "properties": { "TIPO_EQUIP": "Grifo", "CALIDAD_U": "Media", "PRESTADOR_": null }, "geometry": { "type": "Point", "coordinates": [ -70.670899, -33.468339, 0.0 ] } },
{ "type": "Feature", "properties": { "TIPO_EQUIP": "Grifo", "CALIDAD_U": "Media", "PRESTADOR_": null }, "geometry": { "type": "Point", "coordinates": [ -70.673157, -33.468339, 0.0 ] } },
{ "type": "Feature", "properties": { "TIPO_EQUIP": "Grifo", "CALIDAD_U": "Media", "PRESTADOR_": null }, "geometry": { "type": "Point", "coordinates": [ -70.633922, -33.468312, 0.0 ] } },
{ "type": "Feature", "properties": { "TIPO_EQUIP": "Grifo", "CALIDAD_U": "Media", "PRESTADOR_": null }, "geometry": { "type": "Point", "coordinates": [ -70.635169, -33.468311, 0.0 ] } },
{ "type": "Feature", "properties": { "TIPO_EQUIP": "Grifo", "CALIDAD_U": "Media", "PRESTADOR_": null }, "geometry": { "type": "Point", "coordinates": [ -70.633044, -33.468091, 0.0 ] } },
{ "type": "Feature", "properties": { "TIPO_EQUIP": "Grifo", "CALIDAD_U": "Media", "PRESTADOR_": null }, "geometry": { "type": "Point", "coordinates": [ -70.648593, -33.467977, 0.0 ] } },
{ "type": "Feature", "properties": { "TIPO_EQUIP": "Grifo", "CALIDAD_U": "Media", "PRESTADOR_": null }, "geometry": { "type": "Point", "coordinates": [ -70.670353, -33.467927, 0.0 ] } },
{ "type": "Feature", "properties": { "TIPO_EQUIP": "Grifo", "CALIDAD_U": "Media", "PRESTADOR_": null }, "geometry": { "type": "Point", "coordinates": [ -70.673858, -33.467856, 0.0 ] } },
{ "type": "Feature", "properties": { "TIPO_EQUIP": "Grifo", "CALIDAD_U": "Media", "PRESTADOR_": null }, "geometry": { "type": "Point", "coordinates": [ -70.630226, -33.467699, 0.0 ] } },
{ "type": "Feature", "properties": { "TIPO_EQUIP": "Grifo", "CALIDAD_U": "Media", "PRESTADOR_": null }, "geometry": { "type": "Point", "coordinates": [ -70.641309, -33.467683, 0.0 ] } },
{ "type": "Feature", "properties": { "TIPO_EQUIP": "Grifo", "CALIDAD_U": "Media", "PRESTADOR_": null }, "geometry": { "type": "Point", "coordinates": [ -70.65955, -33.467661, 0.0 ] } },
{ "type": "Feature", "properties": { "TIPO_EQUIP": "Grifo", "CALIDAD_U": "Media", "PRESTADOR_": null }, "geometry": { "type": "Point", "coordinates": [ -70.648621, -33.467617, 0.0 ] } },
{ "type": "Feature", "properties": { "TIPO_EQUIP": "Grifo", "CALIDAD_U": "Media", "PRESTADOR_": null }, "geometry": { "type": "Point", "coordinates": [ -70.626677, -33.467497, 0.0 ] } },
{ "type": "Feature", "properties": { "TIPO_EQUIP": "Grifo", "CALIDAD_U": "Media", "PRESTADOR_": null }, "geometry": { "type": "Point", "coordinates": [ -70.663749, -33.467487, 0.0 ] } },
{ "type": "Feature", "properties": { "TIPO_EQUIP": "Grifo", "CALIDAD_U": "Media", "PRESTADOR_": null }, "geometry": { "type": "Point", "coordinates": [ -70.638937, -33.467421, 0.0 ] } },
{ "type": "Feature", "properties": { "TIPO_EQUIP": "Grifo", "CALIDAD_U": "Media", "PRESTADOR_": null }, "geometry": { "type": "Point", "coordinates": [ -70.646937, -33.467313, 0.0 ] } },
{ "type": "Feature", "properties": { "TIPO_EQUIP": "Grifo", "CALIDAD_U": "Media", "PRESTADOR_": null }, "geometry": { "type": "Point", "coordinates": [ -70.671593, -33.467299, 0.0 ] } },
{ "type": "Feature", "properties": { "TIPO_EQUIP": "Grifo", "CALIDAD_U": "Media", "PRESTADOR_": null }, "geometry": { "type": "Point", "coordinates": [ -70.674565, -33.467152, 0.0 ] } },
{ "type": "Feature", "properties": { "TIPO_EQUIP": "Grifo", "CALIDAD_U": "Media", "PRESTADOR_": null }, "geometry": { "type": "Point", "coordinates": [ -70.636265, -33.467114, 0.0 ] } },
{ "type": "Feature", "properties": { "TIPO_EQUIP": "Grifo", "CALIDAD_U": "Media", "PRESTADOR_": null }, "geometry": { "type": "Point", "coordinates": [ -70.645748, -33.467094, 0.0 ] } },
{ "type": "Feature", "properties": { "TIPO_EQUIP": "Grifo", "CALIDAD_U": "Media", "PRESTADOR_": null }, "geometry": { "type": "Point", "coordinates": [ -70.674202, -33.467048, 0.0 ] } },
{ "type": "Feature", "properties": { "TIPO_EQUIP": "Grifo", "CALIDAD_U": "Media", "PRESTADOR_": null }, "geometry": { "type": "Point", "coordinates": [ -70.673644, -33.467038, 0.0 ] } },
{ "type": "Feature", "properties": { "TIPO_EQUIP": "Grifo", "CALIDAD_U": "Media", "PRESTADOR_": null }, "geometry": { "type": "Point", "coordinates": [ -70.633701, -33.466994, 0.0 ] } },
{ "type": "Feature", "properties": { "TIPO_EQUIP": "Grifo", "CALIDAD_U": "Media", "PRESTADOR_": null }, "geometry": { "type": "Point", "coordinates": [ -70.627968, -33.466953, 0.0 ] } },
{ "type": "Feature", "properties": { "TIPO_EQUIP": "Grifo", "CALIDAD_U": "Media", "PRESTADOR_": null }, "geometry": { "type": "Point", "coordinates": [ -70.644408, -33.466952, 0.0 ] } },
{ "type": "Feature", "properties": { "TIPO_EQUIP": "Grifo", "CALIDAD_U": "Media", "PRESTADOR_": null }, "geometry": { "type": "Point", "coordinates": [ -70.678873, -33.466925, 0.0 ] } },
{ "type": "Feature", "properties": { "TIPO_EQUIP": "Grifo", "CALIDAD_U": "Media", "PRESTADOR_": null }, "geometry": { "type": "Point", "coordinates": [ -70.648674, -33.466893, 0.0 ] } },
{ "type": "Feature", "properties": { "TIPO_EQUIP": "Grifo", "CALIDAD_U": "Media", "PRESTADOR_": null }, "geometry": { "type": "Point", "coordinates": [ -70.654991, -33.466891, 0.0 ] } },
{ "type": "Feature", "properties": { "TIPO_EQUIP": "Grifo", "CALIDAD_U": "Media", "PRESTADOR_": null }, "geometry": { "type": "Point", "coordinates": [ -70.642487, -33.466869, 0.0 ] } },
{ "type": "Feature", "properties": { "TIPO_EQUIP": "Grifo", "CALIDAD_U": "Media", "PRESTADOR_": null }, "geometry": { "type": "Point", "coordinates": [ -70.674184, -33.466828, 0.0 ] } },
{ "type": "Feature", "properties": { "TIPO_EQUIP": "Grifo", "CALIDAD_U": "Media", "PRESTADOR_": null }, "geometry": { "type": "Point", "coordinates": [ -70.673654, -33.466822, 0.0 ] } },
{ "type": "Feature", "properties": { "TIPO_EQUIP": "Grifo", "CALIDAD_U": "Media", "PRESTADOR_": null }, "geometry": { "type": "Point", "coordinates": [ -70.653858, -33.466727, 0.0 ] } },
{ "type": "Feature", "properties": { "TIPO_EQUIP": "Grifo", "CALIDAD_U": "Media", "PRESTADOR_": null }, "geometry": { "type": "Point", "coordinates": [ -70.671809, -33.466652, 0.0 ] } },
{ "type": "Feature", "properties": { "TIPO_EQUIP": "Grifo", "CALIDAD_U": "Media", "PRESTADOR_": null }, "geometry": { "type": "Point", "coordinates": [ -70.652719, -33.466622, 0.0 ] } },
{ "type": "Feature", "properties": { "TIPO_EQUIP": "Grifo", "CALIDAD_U": "Media", "PRESTADOR_": null }, "geometry": { "type": "Point", "coordinates": [ -70.67673, -33.466609, 0.0 ] } },
{ "type": "Feature", "properties": { "TIPO_EQUIP": "Grifo", "CALIDAD_U": "Media", "PRESTADOR_": null }, "geometry": { "type": "Point", "coordinates": [ -70.631767, -33.466602, 0.0 ] } },
{ "type": "Feature", "properties": { "TIPO_EQUIP": "Grifo", "CALIDAD_U": "Media", "PRESTADOR_": null }, "geometry": { "type": "Point", "coordinates": [ -70.673873, -33.466598, 0.0 ] } },
{ "type": "Feature", "properties": { "TIPO_EQUIP": "Grifo", "CALIDAD_U": "Media", "PRESTADOR_": null }, "geometry": { "type": "Point", "coordinates": [ -70.674452, -33.46651, 0.0 ] } },
{ "type": "Feature", "properties": { "TIPO_EQUIP": "Grifo", "CALIDAD_U": "Media", "PRESTADOR_": null }, "geometry": { "type": "Point", "coordinates": [ -70.673173, -33.466431, 0.0 ] } },
{ "type": "Feature", "properties": { "TIPO_EQUIP": "Grifo", "CALIDAD_U": "Media", "PRESTADOR_": null }, "geometry": { "type": "Point", "coordinates": [ -70.650058, -33.466364, 0.0 ] } },
{ "type": "Feature", "properties": { "TIPO_EQUIP": "Grifo", "CALIDAD_U": "Media", "PRESTADOR_": null }, "geometry": { "type": "Point", "coordinates": [ -70.671911, -33.466358, 0.0 ] } },
{ "type": "Feature", "properties": { "TIPO_EQUIP": "Grifo", "CALIDAD_U": "Media", "PRESTADOR_": null }, "geometry": { "type": "Point", "coordinates": [ -70.637763, -33.4663, 0.0 ] } },
{ "type": "Feature", "properties": { "TIPO_EQUIP": "Grifo", "CALIDAD_U": "Media", "PRESTADOR_": null }, "geometry": { "type": "Point", "coordinates": [ -70.645746, -33.466267, 0.0 ] } },
{ "type": "Feature", "properties": { "TIPO_EQUIP": "Grifo", "CALIDAD_U": "Media", "PRESTADOR_": null }, "geometry": { "type": "Point", "coordinates": [ -70.64886, -33.466239, 0.0 ] } },
{ "type": "Feature", "properties": { "TIPO_EQUIP": "Grifo", "CALIDAD_U": "Media", "PRESTADOR_": null }, "geometry": { "type": "Point", "coordinates": [ -70.647035, -33.466134, 0.0 ] } },
{ "type": "Feature", "properties": { "TIPO_EQUIP": "Grifo", "CALIDAD_U": "Media", "PRESTADOR_": null }, "geometry": { "type": "Point", "coordinates": [ -70.678832, -33.466094, 0.0 ] } },
{ "type": "Feature", "properties": { "TIPO_EQUIP": "Grifo", "CALIDAD_U": "Media", "PRESTADOR_": null }, "geometry": { "type": "Point", "coordinates": [ -70.645758, -33.465996, 0.0 ] } },
{ "type": "Feature", "properties": { "TIPO_EQUIP": "Grifo", "CALIDAD_U": "Media", "PRESTADOR_": null }, "geometry": { "type": "Point", "coordinates": [ -70.627018, -33.465909, 0.0 ] } },
{ "type": "Feature", "properties": { "TIPO_EQUIP": "Grifo", "CALIDAD_U": "Media", "PRESTADOR_": null }, "geometry": { "type": "Point", "coordinates": [ -70.634088, -33.465744, 0.0 ] } },
{ "type": "Feature", "properties": { "TIPO_EQUIP": "Grifo", "CALIDAD_U": "Media", "PRESTADOR_": null }, "geometry": { "type": "Point", "coordinates": [ -70.645641, -33.465691, 0.0 ] } },
{ "type": "Feature", "properties": { "TIPO_EQUIP": "Grifo", "CALIDAD_U": "Media", "PRESTADOR_": null }, "geometry": { "type": "Point", "coordinates": [ -70.676255, -33.465651, 0.0 ] } },
{ "type": "Feature", "properties": { "TIPO_EQUIP": "Grifo", "CALIDAD_U": "Media", "PRESTADOR_": null }, "geometry": { "type": "Point", "coordinates": [ -70.665043, -33.465645, 0.0 ] } },
{ "type": "Feature", "properties": { "TIPO_EQUIP": "Grifo", "CALIDAD_U": "Media", "PRESTADOR_": null }, "geometry": { "type": "Point", "coordinates": [ -70.648751, -33.465565, 0.0 ] } },
{ "type": "Feature", "properties": { "TIPO_EQUIP": "Grifo", "CALIDAD_U": "Media", "PRESTADOR_": null }, "geometry": { "type": "Point", "coordinates": [ -70.663889, -33.465497, 0.0 ] } },
{ "type": "Feature", "properties": { "TIPO_EQUIP": "Grifo", "CALIDAD_U": "Media", "PRESTADOR_": null }, "geometry": { "type": "Point", "coordinates": [ -70.632118, -33.465437, 0.0 ] } },
{ "type": "Feature", "properties": { "TIPO_EQUIP": "Grifo", "CALIDAD_U": "Media", "PRESTADOR_": null }, "geometry": { "type": "Point", "coordinates": [ -70.638511, -33.465395, 0.0 ] } },
{ "type": "Feature", "properties": { "TIPO_EQUIP": "Grifo", "CALIDAD_U": "Media", "PRESTADOR_": null }, "geometry": { "type": "Point", "coordinates": [ -70.674516, -33.465368, 0.0 ] } },
{ "type": "Feature", "properties": { "TIPO_EQUIP": "Grifo", "CALIDAD_U": "Media", "PRESTADOR_": null }, "geometry": { "type": "Point", "coordinates": [ -70.641415, -33.46533, 0.0 ] } },
{ "type": "Feature", "properties": { "TIPO_EQUIP": "Grifo", "CALIDAD_U": "Media", "PRESTADOR_": null }, "geometry": { "type": "Point", "coordinates": [ -70.643509, -33.465276, 0.0 ] } },
{ "type": "Feature", "properties": { "TIPO_EQUIP": "Grifo", "CALIDAD_U": "Media", "PRESTADOR_": null }, "geometry": { "type": "Point", "coordinates": [ -70.630081, -33.465256, 0.0 ] } },
{ "type": "Feature", "properties": { "TIPO_EQUIP": "Grifo", "CALIDAD_U": "Media", "PRESTADOR_": null }, "geometry": { "type": "Point", "coordinates": [ -70.638554, -33.465063, 0.0 ] } },
{ "type": "Feature", "properties": { "TIPO_EQUIP": "Grifo", "CALIDAD_U": "Media", "PRESTADOR_": null }, "geometry": { "type": "Point", "coordinates": [ -70.672244, -33.464959, 0.0 ] } },
{ "type": "Feature", "properties": { "TIPO_EQUIP": "Grifo", "CALIDAD_U": "Media", "PRESTADOR_": null }, "geometry": { "type": "Point", "coordinates": [ -70.640085, -33.464883, 0.0 ] } },
{ "type": "Feature", "properties": { "TIPO_EQUIP": "Grifo", "CALIDAD_U": "Media", "PRESTADOR_": null }, "geometry": { "type": "Point", "coordinates": [ -70.647109, -33.464841, 0.0 ] } },
{ "type": "Feature", "properties": { "TIPO_EQUIP": "Grifo", "CALIDAD_U": "Media", "PRESTADOR_": null }, "geometry": { "type": "Point", "coordinates": [ -70.627374, -33.464782, 0.0 ] } },
{ "type": "Feature", "properties": { "TIPO_EQUIP": "Grifo", "CALIDAD_U": "Media", "PRESTADOR_": null }, "geometry": { "type": "Point", "coordinates": [ -70.637778, -33.464706, 0.0 ] } },
{ "type": "Feature", "properties": { "TIPO_EQUIP": "Grifo", "CALIDAD_U": "Media", "PRESTADOR_": null }, "geometry": { "type": "Point", "coordinates": [ -70.676, -33.464504, 0.0 ] } },
{ "type": "Feature", "properties": { "TIPO_EQUIP": "Grifo", "CALIDAD_U": "Media", "PRESTADOR_": null }, "geometry": { "type": "Point", "coordinates": [ -70.65296, -33.464377, 0.0 ] } },
{ "type": "Feature", "properties": { "TIPO_EQUIP": "Grifo", "CALIDAD_U": "Media", "PRESTADOR_": null }, "geometry": { "type": "Point", "coordinates": [ -70.674768, -33.46431, 0.0 ] } },
{ "type": "Feature", "properties": { "TIPO_EQUIP": "Grifo", "CALIDAD_U": "Media", "PRESTADOR_": null }, "geometry": { "type": "Point", "coordinates": [ -70.635072, -33.464284, 0.0 ] } },
{ "type": "Feature", "properties": { "TIPO_EQUIP": "Grifo", "CALIDAD_U": "Media", "PRESTADOR_": null }, "geometry": { "type": "Point", "coordinates": [ -70.652057, -33.464274, 0.0 ] } },
{ "type": "Feature", "properties": { "TIPO_EQUIP": "Grifo", "CALIDAD_U": "Media", "PRESTADOR_": null }, "geometry": { "type": "Point", "coordinates": [ -70.678691, -33.464198, 0.0 ] } },
{ "type": "Feature", "properties": { "TIPO_EQUIP": "Grifo", "CALIDAD_U": "Media", "PRESTADOR_": null }, "geometry": { "type": "Point", "coordinates": [ -70.663921, -33.464125, 0.0 ] } },
{ "type": "Feature", "properties": { "TIPO_EQUIP": "Grifo", "CALIDAD_U": "Media", "PRESTADOR_": null }, "geometry": { "type": "Point", "coordinates": [ -70.673656, -33.464064, 0.0 ] } },
{ "type": "Feature", "properties": { "TIPO_EQUIP": "Grifo", "CALIDAD_U": "Media", "PRESTADOR_": null }, "geometry": { "type": "Point", "coordinates": [ -70.627608, -33.463955, 0.0 ] } },
{ "type": "Feature", "properties": { "TIPO_EQUIP": "Grifo", "CALIDAD_U": "Media", "PRESTADOR_": null }, "geometry": { "type": "Point", "coordinates": [ -70.649031, -33.463873, 0.0 ] } },
{ "type": "Feature", "properties": { "TIPO_EQUIP": "Grifo", "CALIDAD_U": "Media", "PRESTADOR_": null }, "geometry": { "type": "Point", "coordinates": [ -70.655245, -33.463792, 0.0 ] } },
{ "type": "Feature", "properties": { "TIPO_EQUIP": "Grifo", "CALIDAD_U": "Media", "PRESTADOR_": null }, "geometry": { "type": "Point", "coordinates": [ -70.672517, -33.463769, 0.0 ] } },
{ "type": "Feature", "properties": { "TIPO_EQUIP": "Grifo", "CALIDAD_U": "Media", "PRESTADOR_": null }, "geometry": { "type": "Point", "coordinates": [ -70.632744, -33.463751, 0.0 ] } },
{ "type": "Feature", "properties": { "TIPO_EQUIP": "Grifo", "CALIDAD_U": "Media", "PRESTADOR_": null }, "geometry": { "type": "Point", "coordinates": [ -70.647155, -33.463715, 0.0 ] } },
{ "type": "Feature", "properties": { "TIPO_EQUIP": "Grifo", "CALIDAD_U": "Media", "PRESTADOR_": null }, "geometry": { "type": "Point", "coordinates": [ -70.63722, -33.46358, 0.0 ] } },
{ "type": "Feature", "properties": { "TIPO_EQUIP": "Grifo", "CALIDAD_U": "Media", "PRESTADOR_": null }, "geometry": { "type": "Point", "coordinates": [ -70.645923, -33.463553, 0.0 ] } },
{ "type": "Feature", "properties": { "TIPO_EQUIP": "Grifo", "CALIDAD_U": "Media", "PRESTADOR_": null }, "geometry": { "type": "Point", "coordinates": [ -70.644804, -33.463474, 0.0 ] } },
{ "type": "Feature", "properties": { "TIPO_EQUIP": "Grifo", "CALIDAD_U": "Media", "PRESTADOR_": null }, "geometry": { "type": "Point", "coordinates": [ -70.643907, -33.463315, 0.0 ] } },
{ "type": "Feature", "properties": { "TIPO_EQUIP": "Grifo", "CALIDAD_U": "Media", "PRESTADOR_": null }, "geometry": { "type": "Point", "coordinates": [ -70.676466, -33.463271, 0.0 ] } },
{ "type": "Feature", "properties": { "TIPO_EQUIP": "Grifo", "CALIDAD_U": "Media", "PRESTADOR_": null }, "geometry": { "type": "Point", "coordinates": [ -70.634566, -33.46324, 0.0 ] } },
{ "type": "Feature", "properties": { "TIPO_EQUIP": "Grifo", "CALIDAD_U": "Media", "PRESTADOR_": null }, "geometry": { "type": "Point", "coordinates": [ -70.642794, -33.46324, 0.0 ] } },
{ "type": "Feature", "properties": { "TIPO_EQUIP": "Grifo", "CALIDAD_U": "Media", "PRESTADOR_": null }, "geometry": { "type": "Point", "coordinates": [ -70.65835, -33.463224, 0.0 ] } },
{ "type": "Feature", "properties": { "TIPO_EQUIP": "Grifo", "CALIDAD_U": "Media", "PRESTADOR_": null }, "geometry": { "type": "Point", "coordinates": [ -70.676357, -33.463211, 0.0 ] } },
{ "type": "Feature", "properties": { "TIPO_EQUIP": "Grifo", "CALIDAD_U": "Media", "PRESTADOR_": null }, "geometry": { "type": "Point", "coordinates": [ -70.675015, -33.463169, 0.0 ] } },
{ "type": "Feature", "properties": { "TIPO_EQUIP": "Grifo", "CALIDAD_U": "Media", "PRESTADOR_": null }, "geometry": { "type": "Point", "coordinates": [ -70.664999, -33.463141, 0.0 ] } },
{ "type": "Feature", "properties": { "TIPO_EQUIP": "Grifo", "CALIDAD_U": "Media", "PRESTADOR_": null }, "geometry": { "type": "Point", "coordinates": [ -70.643234, -33.463132, 0.0 ] } },
{ "type": "Feature", "properties": { "TIPO_EQUIP": "Grifo", "CALIDAD_U": "Media", "PRESTADOR_": null }, "geometry": { "type": "Point", "coordinates": [ -70.663988, -33.463121, 0.0 ] } },
{ "type": "Feature", "properties": { "TIPO_EQUIP": "Grifo", "CALIDAD_U": "Media", "PRESTADOR_": null }, "geometry": { "type": "Point", "coordinates": [ -70.633472, -33.463098, 0.0 ] } },
{ "type": "Feature", "properties": { "TIPO_EQUIP": "Grifo", "CALIDAD_U": "Media", "PRESTADOR_": null }, "geometry": { "type": "Point", "coordinates": [ -70.648891, -33.462994, 0.0 ] } },
{ "type": "Feature", "properties": { "TIPO_EQUIP": "Grifo", "CALIDAD_U": "Media", "PRESTADOR_": null }, "geometry": { "type": "Point", "coordinates": [ -70.673924, -33.462957, 0.0 ] } },
{ "type": "Feature", "properties": { "TIPO_EQUIP": "Grifo", "CALIDAD_U": "Media", "PRESTADOR_": null }, "geometry": { "type": "Point", "coordinates": [ -70.652271, -33.462763, 0.0 ] } },
{ "type": "Feature", "properties": { "TIPO_EQUIP": "Grifo", "CALIDAD_U": "Media", "PRESTADOR_": null }, "geometry": { "type": "Point", "coordinates": [ -70.63168, -33.462751, 0.0 ] } },
{ "type": "Feature", "properties": { "TIPO_EQUIP": "Grifo", "CALIDAD_U": "Media", "PRESTADOR_": null }, "geometry": { "type": "Point", "coordinates": [ -70.672767, -33.462746, 0.0 ] } },
{ "type": "Feature", "properties": { "TIPO_EQUIP": "Grifo", "CALIDAD_U": "Media", "PRESTADOR_": null }, "geometry": { "type": "Point", "coordinates": [ -70.653171, -33.462732, 0.0 ] } },
{ "type": "Feature", "properties": { "TIPO_EQUIP": "Grifo", "CALIDAD_U": "Media", "PRESTADOR_": null }, "geometry": { "type": "Point", "coordinates": [ -70.651347, -33.462666, 0.0 ] } },
{ "type": "Feature", "properties": { "TIPO_EQUIP": "Grifo", "CALIDAD_U": "Media", "PRESTADOR_": null }, "geometry": { "type": "Point", "coordinates": [ -70.638405, -33.462532, 0.0 ] } },
{ "type": "Feature", "properties": { "TIPO_EQUIP": "Grifo", "CALIDAD_U": "Media", "PRESTADOR_": null }, "geometry": { "type": "Point", "coordinates": [ -70.650335, -33.462476, 0.0 ] } },
{ "type": "Feature", "properties": { "TIPO_EQUIP": "Grifo", "CALIDAD_U": "Media", "PRESTADOR_": null }, "geometry": { "type": "Point", "coordinates": [ -70.638235, -33.4624, 0.0 ] } },
{ "type": "Feature", "properties": { "TIPO_EQUIP": "Grifo", "CALIDAD_U": "Media", "PRESTADOR_": null }, "geometry": { "type": "Point", "coordinates": [ -70.636882, -33.462399, 0.0 ] } },
{ "type": "Feature", "properties": { "TIPO_EQUIP": "Grifo", "CALIDAD_U": "Media", "PRESTADOR_": null }, "geometry": { "type": "Point", "coordinates": [ -70.645934, -33.462382, 0.0 ] } },
{ "type": "Feature", "properties": { "TIPO_EQUIP": "Grifo", "CALIDAD_U": "Media", "PRESTADOR_": null }, "geometry": { "type": "Point", "coordinates": [ -70.67857, -33.462362, 0.0 ] } },
{ "type": "Feature", "properties": { "TIPO_EQUIP": "Grifo", "CALIDAD_U": "Media", "PRESTADOR_": null }, "geometry": { "type": "Point", "coordinates": [ -70.65521, -33.462337, 0.0 ] } },
{ "type": "Feature", "properties": { "TIPO_EQUIP": "Grifo", "CALIDAD_U": "Media", "PRESTADOR_": null }, "geometry": { "type": "Point", "coordinates": [ -70.642775, -33.462239, 0.0 ] } },
{ "type": "Feature", "properties": { "TIPO_EQUIP": "Grifo", "CALIDAD_U": "Media", "PRESTADOR_": null }, "geometry": { "type": "Point", "coordinates": [ -70.676923, -33.462225, 0.0 ] } },
{ "type": "Feature", "properties": { "TIPO_EQUIP": "Grifo", "CALIDAD_U": "Media", "PRESTADOR_": null }, "geometry": { "type": "Point", "coordinates": [ -70.639297, -33.462202, 0.0 ] } },
{ "type": "Feature", "properties": { "TIPO_EQUIP": "Grifo", "CALIDAD_U": "Media", "PRESTADOR_": null }, "geometry": { "type": "Point", "coordinates": [ -70.635656, -33.46218, 0.0 ] } },
{ "type": "Feature", "properties": { "TIPO_EQUIP": "Grifo", "CALIDAD_U": "Media", "PRESTADOR_": null }, "geometry": { "type": "Point", "coordinates": [ -70.678586, -33.462139, 0.0 ] } },
{ "type": "Feature", "properties": { "TIPO_EQUIP": "Grifo", "CALIDAD_U": "Media", "PRESTADOR_": null }, "geometry": { "type": "Point", "coordinates": [ -70.675285, -33.462076, 0.0 ] } },
{ "type": "Feature", "properties": { "TIPO_EQUIP": "Grifo", "CALIDAD_U": "Media", "PRESTADOR_": null }, "geometry": { "type": "Point", "coordinates": [ -70.628109, -33.461995, 0.0 ] } },
{ "type": "Feature", "properties": { "TIPO_EQUIP": "Grifo", "CALIDAD_U": "Media", "PRESTADOR_": null }, "geometry": { "type": "Point", "coordinates": [ -70.677547, -33.461881, 0.0 ] } },
{ "type": "Feature", "properties": { "TIPO_EQUIP": "Grifo", "CALIDAD_U": "Media", "PRESTADOR_": null }, "geometry": { "type": "Point", "coordinates": [ -70.655267, -33.461778, 0.0 ] } },
{ "type": "Feature", "properties": { "TIPO_EQUIP": "Grifo", "CALIDAD_U": "Media", "PRESTADOR_": null }, "geometry": { "type": "Point", "coordinates": [ -70.658018, -33.46177, 0.0 ] } },
{ "type": "Feature", "properties": { "TIPO_EQUIP": "Grifo", "CALIDAD_U": "Media", "PRESTADOR_": null }, "geometry": { "type": "Point", "coordinates": [ -70.674273, -33.461723, 0.0 ] } },
{ "type": "Feature", "properties": { "TIPO_EQUIP": "Grifo", "CALIDAD_U": "Media", "PRESTADOR_": null }, "geometry": { "type": "Point", "coordinates": [ -70.673023, -33.461596, 0.0 ] } },
{ "type": "Feature", "properties": { "TIPO_EQUIP": "Grifo", "CALIDAD_U": "Media", "PRESTADOR_": null }, "geometry": { "type": "Point", "coordinates": [ -70.63313, -33.461545, 0.0 ] } },
{ "type": "Feature", "properties": { "TIPO_EQUIP": "Grifo", "CALIDAD_U": "Media", "PRESTADOR_": null }, "geometry": { "type": "Point", "coordinates": [ -70.678437, -33.461534, 0.0 ] } },
{ "type": "Feature", "properties": { "TIPO_EQUIP": "Grifo", "CALIDAD_U": "Media", "PRESTADOR_": null }, "geometry": { "type": "Point", "coordinates": [ -70.653266, -33.461441, 0.0 ] } },
{ "type": "Feature", "properties": { "TIPO_EQUIP": "Grifo", "CALIDAD_U": "Media", "PRESTADOR_": null }, "geometry": { "type": "Point", "coordinates": [ -70.652409, -33.461415, 0.0 ] } },
{ "type": "Feature", "properties": { "TIPO_EQUIP": "Grifo", "CALIDAD_U": "Media", "PRESTADOR_": null }, "geometry": { "type": "Point", "coordinates": [ -70.651526, -33.461356, 0.0 ] } },
{ "type": "Feature", "properties": { "TIPO_EQUIP": "Grifo", "CALIDAD_U": "Media", "PRESTADOR_": null }, "geometry": { "type": "Point", "coordinates": [ -70.649108, -33.461309, 0.0 ] } },
{ "type": "Feature", "properties": { "TIPO_EQUIP": "Grifo", "CALIDAD_U": "Media", "PRESTADOR_": null }, "geometry": { "type": "Point", "coordinates": [ -70.671906, -33.46128, 0.0 ] } },
{ "type": "Feature", "properties": { "TIPO_EQUIP": "Grifo", "CALIDAD_U": "Media", "PRESTADOR_": null }, "geometry": { "type": "Point", "coordinates": [ -70.677219, -33.461254, 0.0 ] } },
{ "type": "Feature", "properties": { "TIPO_EQUIP": "Grifo", "CALIDAD_U": "Media", "PRESTADOR_": null }, "geometry": { "type": "Point", "coordinates": [ -70.637212, -33.461203, 0.0 ] } },
{ "type": "Feature", "properties": { "TIPO_EQUIP": "Grifo", "CALIDAD_U": "Media", "PRESTADOR_": null }, "geometry": { "type": "Point", "coordinates": [ -70.647267, -33.461184, 0.0 ] } },
{ "type": "Feature", "properties": { "TIPO_EQUIP": "Grifo", "CALIDAD_U": "Media", "PRESTADOR_": null }, "geometry": { "type": "Point", "coordinates": [ -70.646156, -33.461113, 0.0 ] } },
{ "type": "Feature", "properties": { "TIPO_EQUIP": "Grifo", "CALIDAD_U": "Media", "PRESTADOR_": null }, "geometry": { "type": "Point", "coordinates": [ -70.678451, -33.46108, 0.0 ] } },
{ "type": "Feature", "properties": { "TIPO_EQUIP": "Grifo", "CALIDAD_U": "Media", "PRESTADOR_": null }, "geometry": { "type": "Point", "coordinates": [ -70.655323, -33.460994, 0.0 ] } },
{ "type": "Feature", "properties": { "TIPO_EQUIP": "Grifo", "CALIDAD_U": "Media", "PRESTADOR_": null }, "geometry": { "type": "Point", "coordinates": [ -70.65831, -33.460907, 0.0 ] } },
{ "type": "Feature", "properties": { "TIPO_EQUIP": "Grifo", "CALIDAD_U": "Media", "PRESTADOR_": null }, "geometry": { "type": "Point", "coordinates": [ -70.632064, -33.460822, 0.0 ] } },
{ "type": "Feature", "properties": { "TIPO_EQUIP": "Grifo", "CALIDAD_U": "Media", "PRESTADOR_": null }, "geometry": { "type": "Point", "coordinates": [ -70.675125, -33.46074, 0.0 ] } },
{ "type": "Feature", "properties": { "TIPO_EQUIP": "Grifo", "CALIDAD_U": "Media", "PRESTADOR_": null }, "geometry": { "type": "Point", "coordinates": [ -70.656339, -33.46072, 0.0 ] } },
{ "type": "Feature", "properties": { "TIPO_EQUIP": "Grifo", "CALIDAD_U": "Media", "PRESTADOR_": null }, "geometry": { "type": "Point", "coordinates": [ -70.642918, -33.460575, 0.0 ] } },
{ "type": "Feature", "properties": { "TIPO_EQUIP": "Grifo", "CALIDAD_U": "Media", "PRESTADOR_": null }, "geometry": { "type": "Point", "coordinates": [ -70.638715, -33.460568, 0.0 ] } },
{ "type": "Feature", "properties": { "TIPO_EQUIP": "Grifo", "CALIDAD_U": "Media", "PRESTADOR_": null }, "geometry": { "type": "Point", "coordinates": [ -70.655587, -33.460525, 0.0 ] } },
{ "type": "Feature", "properties": { "TIPO_EQUIP": "Grifo", "CALIDAD_U": "Media", "PRESTADOR_": null }, "geometry": { "type": "Point", "coordinates": [ -70.67328, -33.460473, 0.0 ] } },
{ "type": "Feature", "properties": { "TIPO_EQUIP": "Grifo", "CALIDAD_U": "Media", "PRESTADOR_": null }, "geometry": { "type": "Point", "coordinates": [ -70.654451, -33.460396, 0.0 ] } },
{ "type": "Feature", "properties": { "TIPO_EQUIP": "Grifo", "CALIDAD_U": "Media", "PRESTADOR_": null }, "geometry": { "type": "Point", "coordinates": [ -70.678339, -33.460391, 0.0 ] } },
{ "type": "Feature", "properties": { "TIPO_EQUIP": "Grifo", "CALIDAD_U": "Media", "PRESTADOR_": null }, "geometry": { "type": "Point", "coordinates": [ -70.672008, -33.4603, 0.0 ] } },
{ "type": "Feature", "properties": { "TIPO_EQUIP": "Grifo", "CALIDAD_U": "Media", "PRESTADOR_": null }, "geometry": { "type": "Point", "coordinates": [ -70.653478, -33.460294, 0.0 ] } },
{ "type": "Feature", "properties": { "TIPO_EQUIP": "Grifo", "CALIDAD_U": "Media", "PRESTADOR_": null }, "geometry": { "type": "Point", "coordinates": [ -70.636175, -33.460257, 0.0 ] } },
{ "type": "Feature", "properties": { "TIPO_EQUIP": "Grifo", "CALIDAD_U": "Media", "PRESTADOR_": null }, "geometry": { "type": "Point", "coordinates": [ -70.652636, -33.460179, 0.0 ] } },
{ "type": "Feature", "properties": { "TIPO_EQUIP": "Grifo", "CALIDAD_U": "Media", "PRESTADOR_": null }, "geometry": { "type": "Point", "coordinates": [ -70.651762, -33.460086, 0.0 ] } },
{ "type": "Feature", "properties": { "TIPO_EQUIP": "Grifo", "CALIDAD_U": "Media", "PRESTADOR_": null }, "geometry": { "type": "Point", "coordinates": [ -70.628731, -33.460048, 0.0 ] } },
{ "type": "Feature", "properties": { "TIPO_EQUIP": "Grifo", "CALIDAD_U": "Media", "PRESTADOR_": null }, "geometry": { "type": "Point", "coordinates": [ -70.650793, -33.460047, 0.0 ] } },
{ "type": "Feature", "properties": { "TIPO_EQUIP": "Grifo", "CALIDAD_U": "Media", "PRESTADOR_": null }, "geometry": { "type": "Point", "coordinates": [ -70.675797, -33.459907, 0.0 ] } },
{ "type": "Feature", "properties": { "TIPO_EQUIP": "Grifo", "CALIDAD_U": "Media", "PRESTADOR_": null }, "geometry": { "type": "Point", "coordinates": [ -70.628885, -33.459898, 0.0 ] } },
{ "type": "Feature", "properties": { "TIPO_EQUIP": "Grifo", "CALIDAD_U": "Media", "PRESTADOR_": null }, "geometry": { "type": "Point", "coordinates": [ -70.649765, -33.459872, 0.0 ] } },
{ "type": "Feature", "properties": { "TIPO_EQUIP": "Grifo", "CALIDAD_U": "Media", "PRESTADOR_": null }, "geometry": { "type": "Point", "coordinates": [ -70.649195, -33.459864, 0.0 ] } },
{ "type": "Feature", "properties": { "TIPO_EQUIP": "Grifo", "CALIDAD_U": "Media", "PRESTADOR_": null }, "geometry": { "type": "Point", "coordinates": [ -70.634831, -33.459861, 0.0 ] } },
{ "type": "Feature", "properties": { "TIPO_EQUIP": "Grifo", "CALIDAD_U": "Media", "PRESTADOR_": null }, "geometry": { "type": "Point", "coordinates": [ -70.66413, -33.459825, 0.0 ] } },
{ "type": "Feature", "properties": { "TIPO_EQUIP": "Grifo", "CALIDAD_U": "Media", "PRESTADOR_": null }, "geometry": { "type": "Point", "coordinates": [ -70.641781, -33.459624, 0.0 ] } },
{ "type": "Feature", "properties": { "TIPO_EQUIP": "Grifo", "CALIDAD_U": "Media", "PRESTADOR_": null }, "geometry": { "type": "Point", "coordinates": [ -70.643081, -33.459601, 0.0 ] } },
{ "type": "Feature", "properties": { "TIPO_EQUIP": "Grifo", "CALIDAD_U": "Media", "PRESTADOR_": null }, "geometry": { "type": "Point", "coordinates": [ -70.633798, -33.45953, 0.0 ] } },
{ "type": "Feature", "properties": { "TIPO_EQUIP": "Grifo", "CALIDAD_U": "Media", "PRESTADOR_": null }, "geometry": { "type": "Point", "coordinates": [ -70.678274, -33.459433, 0.0 ] } },
{ "type": "Feature", "properties": { "TIPO_EQUIP": "Grifo", "CALIDAD_U": "Media", "PRESTADOR_": null }, "geometry": { "type": "Point", "coordinates": [ -70.647401, -33.45942, 0.0 ] } },
{ "type": "Feature", "properties": { "TIPO_EQUIP": "Grifo", "CALIDAD_U": "Media", "PRESTADOR_": null }, "geometry": { "type": "Point", "coordinates": [ -70.673548, -33.459399, 0.0 ] } },
{ "type": "Feature", "properties": { "TIPO_EQUIP": "Grifo", "CALIDAD_U": "Media", "PRESTADOR_": null }, "geometry": { "type": "Point", "coordinates": [ -70.637292, -33.459268, 0.0 ] } },
{ "type": "Feature", "properties": { "TIPO_EQUIP": "Grifo", "CALIDAD_U": "Media", "PRESTADOR_": null }, "geometry": { "type": "Point", "coordinates": [ -70.639976, -33.459223, 0.0 ] } },
{ "type": "Feature", "properties": { "TIPO_EQUIP": "Grifo", "CALIDAD_U": "Media", "PRESTADOR_": null }, "geometry": { "type": "Point", "coordinates": [ -70.646359, -33.459217, 0.0 ] } },
{ "type": "Feature", "properties": { "TIPO_EQUIP": "Grifo", "CALIDAD_U": "Media", "PRESTADOR_": null }, "geometry": { "type": "Point", "coordinates": [ -70.645381, -33.459031, 0.0 ] } },
{ "type": "Feature", "properties": { "TIPO_EQUIP": "Grifo", "CALIDAD_U": "Media", "PRESTADOR_": null }, "geometry": { "type": "Point", "coordinates": [ -70.676922, -33.45899, 0.0 ] } },
{ "type": "Feature", "properties": { "TIPO_EQUIP": "Grifo", "CALIDAD_U": "Media", "PRESTADOR_": null }, "geometry": { "type": "Point", "coordinates": [ -70.647387, -33.458971, 0.0 ] } },
{ "type": "Feature", "properties": { "TIPO_EQUIP": "Grifo", "CALIDAD_U": "Media", "PRESTADOR_": null }, "geometry": { "type": "Point", "coordinates": [ -70.676007, -33.458948, 0.0 ] } },
{ "type": "Feature", "properties": { "TIPO_EQUIP": "Grifo", "CALIDAD_U": "Media", "PRESTADOR_": null }, "geometry": { "type": "Point", "coordinates": [ -70.66495, -33.458872, 0.0 ] } },
{ "type": "Feature", "properties": { "TIPO_EQUIP": "Grifo", "CALIDAD_U": "Media", "PRESTADOR_": null }, "geometry": { "type": "Point", "coordinates": [ -70.664183, -33.458869, 0.0 ] } },
{ "type": "Feature", "properties": { "TIPO_EQUIP": "Grifo", "CALIDAD_U": "Media", "PRESTADOR_": null }, "geometry": { "type": "Point", "coordinates": [ -70.653625, -33.458813, 0.0 ] } },
{ "type": "Feature", "properties": { "TIPO_EQUIP": "Grifo", "CALIDAD_U": "Media", "PRESTADOR_": null }, "geometry": { "type": "Point", "coordinates": [ -70.649365, -33.458795, 0.0 ] } },
{ "type": "Feature", "properties": { "TIPO_EQUIP": "Grifo", "CALIDAD_U": "Media", "PRESTADOR_": null }, "geometry": { "type": "Point", "coordinates": [ -70.655659, -33.458785, 0.0 ] } },
{ "type": "Feature", "properties": { "TIPO_EQUIP": "Grifo", "CALIDAD_U": "Media", "PRESTADOR_": null }, "geometry": { "type": "Point", "coordinates": [ -70.674977, -33.458773, 0.0 ] } },
{ "type": "Feature", "properties": { "TIPO_EQUIP": "Grifo", "CALIDAD_U": "Media", "PRESTADOR_": null }, "geometry": { "type": "Point", "coordinates": [ -70.673727, -33.458684, 0.0 ] } },
{ "type": "Feature", "properties": { "TIPO_EQUIP": "Grifo", "CALIDAD_U": "Media", "PRESTADOR_": null }, "geometry": { "type": "Point", "coordinates": [ -70.643416, -33.4586, 0.0 ] } },
{ "type": "Feature", "properties": { "TIPO_EQUIP": "Grifo", "CALIDAD_U": "Media", "PRESTADOR_": null }, "geometry": { "type": "Point", "coordinates": [ -70.678205, -33.458592, 0.0 ] } },
{ "type": "Feature", "properties": { "TIPO_EQUIP": "Grifo", "CALIDAD_U": "Media", "PRESTADOR_": null }, "geometry": { "type": "Point", "coordinates": [ -70.67228, -33.458587, 0.0 ] } },
{ "type": "Feature", "properties": { "TIPO_EQUIP": "Grifo", "CALIDAD_U": "Media", "PRESTADOR_": null }, "geometry": { "type": "Point", "coordinates": [ -70.645484, -33.458565, 0.0 ] } },
{ "type": "Feature", "properties": { "TIPO_EQUIP": "Grifo", "CALIDAD_U": "Media", "PRESTADOR_": null }, "geometry": { "type": "Point", "coordinates": [ -70.651028, -33.458552, 0.0 ] } },
{ "type": "Feature", "properties": { "TIPO_EQUIP": "Grifo", "CALIDAD_U": "Media", "PRESTADOR_": null }, "geometry": { "type": "Point", "coordinates": [ -70.662687, -33.458457, 0.0 ] } },
{ "type": "Feature", "properties": { "TIPO_EQUIP": "Grifo", "CALIDAD_U": "Media", "PRESTADOR_": null }, "geometry": { "type": "Point", "coordinates": [ -70.647536, -33.458419, 0.0 ] } },
{ "type": "Feature", "properties": { "TIPO_EQUIP": "Grifo", "CALIDAD_U": "Media", "PRESTADOR_": null }, "geometry": { "type": "Point", "coordinates": [ -70.673848, -33.458406, 0.0 ] } },
{ "type": "Feature", "properties": { "TIPO_EQUIP": "Grifo", "CALIDAD_U": "Media", "PRESTADOR_": null }, "geometry": { "type": "Point", "coordinates": [ -70.64443, -33.45839, 0.0 ] } },
{ "type": "Feature", "properties": { "TIPO_EQUIP": "Grifo", "CALIDAD_U": "Media", "PRESTADOR_": null }, "geometry": { "type": "Point", "coordinates": [ -70.635668, -33.458372, 0.0 ] } },
{ "type": "Feature", "properties": { "TIPO_EQUIP": "Grifo", "CALIDAD_U": "Media", "PRESTADOR_": null }, "geometry": { "type": "Point", "coordinates": [ -70.661255, -33.458284, 0.0 ] } },
{ "type": "Feature", "properties": { "TIPO_EQUIP": "Grifo", "CALIDAD_U": "Media", "PRESTADOR_": null }, "geometry": { "type": "Point", "coordinates": [ -70.65951, -33.458202, 0.0 ] } },
{ "type": "Feature", "properties": { "TIPO_EQUIP": "Grifo", "CALIDAD_U": "Media", "PRESTADOR_": null }, "geometry": { "type": "Point", "coordinates": [ -70.651889, -33.458183, 0.0 ] } },
{ "type": "Feature", "properties": { "TIPO_EQUIP": "Grifo", "CALIDAD_U": "Media", "PRESTADOR_": null }, "geometry": { "type": "Point", "coordinates": [ -70.655711, -33.45814, 0.0 ] } },
{ "type": "Feature", "properties": { "TIPO_EQUIP": "Grifo", "CALIDAD_U": "Media", "PRESTADOR_": null }, "geometry": { "type": "Point", "coordinates": [ -70.633946, -33.458125, 0.0 ] } },
{ "type": "Feature", "properties": { "TIPO_EQUIP": "Grifo", "CALIDAD_U": "Media", "PRESTADOR_": null }, "geometry": { "type": "Point", "coordinates": [ -70.643422, -33.45811, 0.0 ] } },
{ "type": "Feature", "properties": { "TIPO_EQUIP": "Grifo", "CALIDAD_U": "Media", "PRESTADOR_": null }, "geometry": { "type": "Point", "coordinates": [ -70.649309, -33.458075, 0.0 ] } },
{ "type": "Feature", "properties": { "TIPO_EQUIP": "Grifo", "CALIDAD_U": "Media", "PRESTADOR_": null }, "geometry": { "type": "Point", "coordinates": [ -70.656479, -33.45807, 0.0 ] } },
{ "type": "Feature", "properties": { "TIPO_EQUIP": "Grifo", "CALIDAD_U": "Media", "PRESTADOR_": null }, "geometry": { "type": "Point", "coordinates": [ -70.630766, -33.458055, 0.0 ] } },
{ "type": "Feature", "properties": { "TIPO_EQUIP": "Grifo", "CALIDAD_U": "Media", "PRESTADOR_": null }, "geometry": { "type": "Point", "coordinates": [ -70.64078, -33.458047, 0.0 ] } },
{ "type": "Feature", "properties": { "TIPO_EQUIP": "Grifo", "CALIDAD_U": "Media", "PRESTADOR_": null }, "geometry": { "type": "Point", "coordinates": [ -70.647596, -33.458003, 0.0 ] } },
{ "type": "Feature", "properties": { "TIPO_EQUIP": "Grifo", "CALIDAD_U": "Media", "PRESTADOR_": null }, "geometry": { "type": "Point", "coordinates": [ -70.65465, -33.457951, 0.0 ] } },
{ "type": "Feature", "properties": { "TIPO_EQUIP": "Grifo", "CALIDAD_U": "Media", "PRESTADOR_": null }, "geometry": { "type": "Point", "coordinates": [ -70.629345, -33.457904, 0.0 ] } },
{ "type": "Feature", "properties": { "TIPO_EQUIP": "Grifo", "CALIDAD_U": "Media", "PRESTADOR_": null }, "geometry": { "type": "Point", "coordinates": [ -70.64228, -33.457875, 0.0 ] } },
{ "type": "Feature", "properties": { "TIPO_EQUIP": "Grifo", "CALIDAD_U": "Media", "PRESTADOR_": null }, "geometry": { "type": "Point", "coordinates": [ -70.639579, -33.45787, 0.0 ] } },
{ "type": "Feature", "properties": { "TIPO_EQUIP": "Grifo", "CALIDAD_U": "Media", "PRESTADOR_": null }, "geometry": { "type": "Point", "coordinates": [ -70.663662, -33.457826, 0.0 ] } },
{ "type": "Feature", "properties": { "TIPO_EQUIP": "Grifo", "CALIDAD_U": "Media", "PRESTADOR_": null }, "geometry": { "type": "Point", "coordinates": [ -70.653764, -33.45776, 0.0 ] } },
{ "type": "Feature", "properties": { "TIPO_EQUIP": "Grifo", "CALIDAD_U": "Media", "PRESTADOR_": null }, "geometry": { "type": "Point", "coordinates": [ -70.676339, -33.457665, 0.0 ] } },
{ "type": "Feature", "properties": { "TIPO_EQUIP": "Grifo", "CALIDAD_U": "Media", "PRESTADOR_": null }, "geometry": { "type": "Point", "coordinates": [ -70.672147, -33.457617, 0.0 ] } },
{ "type": "Feature", "properties": { "TIPO_EQUIP": "Grifo", "CALIDAD_U": "Media", "PRESTADOR_": null }, "geometry": { "type": "Point", "coordinates": [ -70.652854, -33.457587, 0.0 ] } },
{ "type": "Feature", "properties": { "TIPO_EQUIP": "Grifo", "CALIDAD_U": "Media", "PRESTADOR_": null }, "geometry": { "type": "Point", "coordinates": [ -70.668531, -33.457574, 0.0 ] } },
{ "type": "Feature", "properties": { "TIPO_EQUIP": "Grifo", "CALIDAD_U": "Media", "PRESTADOR_": null }, "geometry": { "type": "Point", "coordinates": [ -70.667789, -33.45751, 0.0 ] } },
{ "type": "Feature", "properties": { "TIPO_EQUIP": "Grifo", "CALIDAD_U": "Media", "PRESTADOR_": null }, "geometry": { "type": "Point", "coordinates": [ -70.645786, -33.457487, 0.0 ] } },
{ "type": "Feature", "properties": { "TIPO_EQUIP": "Grifo", "CALIDAD_U": "Media", "PRESTADOR_": null }, "geometry": { "type": "Point", "coordinates": [ -70.675225, -33.457474, 0.0 ] } },
{ "type": "Feature", "properties": { "TIPO_EQUIP": "Grifo", "CALIDAD_U": "Media", "PRESTADOR_": null }, "geometry": { "type": "Point", "coordinates": [ -70.665138, -33.457384, 0.0 ] } },
{ "type": "Feature", "properties": { "TIPO_EQUIP": "Grifo", "CALIDAD_U": "Media", "PRESTADOR_": null }, "geometry": { "type": "Point", "coordinates": [ -70.645077, -33.457347, 0.0 ] } },
{ "type": "Feature", "properties": { "TIPO_EQUIP": "Grifo", "CALIDAD_U": "Media", "PRESTADOR_": null }, "geometry": { "type": "Point", "coordinates": [ -70.651237, -33.457325, 0.0 ] } },
{ "type": "Feature", "properties": { "TIPO_EQUIP": "Grifo", "CALIDAD_U": "Media", "PRESTADOR_": null }, "geometry": { "type": "Point", "coordinates": [ -70.678169, -33.457319, 0.0 ] } },
{ "type": "Feature", "properties": { "TIPO_EQUIP": "Grifo", "CALIDAD_U": "Media", "PRESTADOR_": null }, "geometry": { "type": "Point", "coordinates": [ -70.664171, -33.457264, 0.0 ] } },
{ "type": "Feature", "properties": { "TIPO_EQUIP": "Grifo", "CALIDAD_U": "Media", "PRESTADOR_": null }, "geometry": { "type": "Point", "coordinates": [ -70.636993, -33.457246, 0.0 ] } },
{ "type": "Feature", "properties": { "TIPO_EQUIP": "Grifo", "CALIDAD_U": "Media", "PRESTADOR_": null }, "geometry": { "type": "Point", "coordinates": [ -70.666654, -33.457245, 0.0 ] } },
{ "type": "Feature", "properties": { "TIPO_EQUIP": "Grifo", "CALIDAD_U": "Media", "PRESTADOR_": null }, "geometry": { "type": "Point", "coordinates": [ -70.668593, -33.457205, 0.0 ] } },
{ "type": "Feature", "properties": { "TIPO_EQUIP": "Grifo", "CALIDAD_U": "Media", "PRESTADOR_": null }, "geometry": { "type": "Point", "coordinates": [ -70.638175, -33.457129, 0.0 ] } },
{ "type": "Feature", "properties": { "TIPO_EQUIP": "Grifo", "CALIDAD_U": "Media", "PRESTADOR_": null }, "geometry": { "type": "Point", "coordinates": [ -70.673825, -33.457115, 0.0 ] } },
{ "type": "Feature", "properties": { "TIPO_EQUIP": "Grifo", "CALIDAD_U": "Media", "PRESTADOR_": null }, "geometry": { "type": "Point", "coordinates": [ -70.649695, -33.457058, 0.0 ] } },
{ "type": "Feature", "properties": { "TIPO_EQUIP": "Grifo", "CALIDAD_U": "Media", "PRESTADOR_": null }, "geometry": { "type": "Point", "coordinates": [ -70.660747, -33.45703, 0.0 ] } },
{ "type": "Feature", "properties": { "TIPO_EQUIP": "Grifo", "CALIDAD_U": "Media", "PRESTADOR_": null }, "geometry": { "type": "Point", "coordinates": [ -70.635887, -33.457013, 0.0 ] } },
{ "type": "Feature", "properties": { "TIPO_EQUIP": "Grifo", "CALIDAD_U": "Media", "PRESTADOR_": null }, "geometry": { "type": "Point", "coordinates": [ -70.642512, -33.456993, 0.0 ] } },
{ "type": "Feature", "properties": { "TIPO_EQUIP": "Grifo", "CALIDAD_U": "Media", "PRESTADOR_": null }, "geometry": { "type": "Point", "coordinates": [ -70.641213, -33.456989, 0.0 ] } },
{ "type": "Feature", "properties": { "TIPO_EQUIP": "Grifo", "CALIDAD_U": "Media", "PRESTADOR_": null }, "geometry": { "type": "Point", "coordinates": [ -70.630915, -33.456985, 0.0 ] } },
{ "type": "Feature", "properties": { "TIPO_EQUIP": "Grifo", "CALIDAD_U": "Media", "PRESTADOR_": null }, "geometry": { "type": "Point", "coordinates": [ -70.643601, -33.456965, 0.0 ] } },
{ "type": "Feature", "properties": { "TIPO_EQUIP": "Grifo", "CALIDAD_U": "Media", "PRESTADOR_": null }, "geometry": { "type": "Point", "coordinates": [ -70.666752, -33.45689, 0.0 ] } },
{ "type": "Feature", "properties": { "TIPO_EQUIP": "Grifo", "CALIDAD_U": "Media", "PRESTADOR_": null }, "geometry": { "type": "Point", "coordinates": [ -70.64885, -33.456877, 0.0 ] } },
{ "type": "Feature", "properties": { "TIPO_EQUIP": "Grifo", "CALIDAD_U": "Media", "PRESTADOR_": null }, "geometry": { "type": "Point", "coordinates": [ -70.672338, -33.456862, 0.0 ] } },
{ "type": "Feature", "properties": { "TIPO_EQUIP": "Grifo", "CALIDAD_U": "Media", "PRESTADOR_": null }, "geometry": { "type": "Point", "coordinates": [ -70.636768, -33.456825, 0.0 ] } },
{ "type": "Feature", "properties": { "TIPO_EQUIP": "Grifo", "CALIDAD_U": "Media", "PRESTADOR_": null }, "geometry": { "type": "Point", "coordinates": [ -70.678113, -33.456792, 0.0 ] } },
{ "type": "Feature", "properties": { "TIPO_EQUIP": "Grifo", "CALIDAD_U": "Media", "PRESTADOR_": null }, "geometry": { "type": "Point", "coordinates": [ -70.647834, -33.456778, 0.0 ] } },
{ "type": "Feature", "properties": { "TIPO_EQUIP": "Grifo", "CALIDAD_U": "Media", "PRESTADOR_": null }, "geometry": { "type": "Point", "coordinates": [ -70.659445, -33.45677, 0.0 ] } },
{ "type": "Feature", "properties": { "TIPO_EQUIP": "Grifo", "CALIDAD_U": "Media", "PRESTADOR_": null }, "geometry": { "type": "Point", "coordinates": [ -70.658882, -33.456721, 0.0 ] } },
{ "type": "Feature", "properties": { "TIPO_EQUIP": "Grifo", "CALIDAD_U": "Media", "PRESTADOR_": null }, "geometry": { "type": "Point", "coordinates": [ -70.657655, -33.456708, 0.0 ] } },
{ "type": "Feature", "properties": { "TIPO_EQUIP": "Grifo", "CALIDAD_U": "Media", "PRESTADOR_": null }, "geometry": { "type": "Point", "coordinates": [ -70.658442, -33.456686, 0.0 ] } },
{ "type": "Feature", "properties": { "TIPO_EQUIP": "Grifo", "CALIDAD_U": "Media", "PRESTADOR_": null }, "geometry": { "type": "Point", "coordinates": [ -70.65818, -33.456674, 0.0 ] } },
{ "type": "Feature", "properties": { "TIPO_EQUIP": "Grifo", "CALIDAD_U": "Media", "PRESTADOR_": null }, "geometry": { "type": "Point", "coordinates": [ -70.661103, -33.456669, 0.0 ] } },
{ "type": "Feature", "properties": { "TIPO_EQUIP": "Grifo", "CALIDAD_U": "Media", "PRESTADOR_": null }, "geometry": { "type": "Point", "coordinates": [ -70.65717, -33.456634, 0.0 ] } },
{ "type": "Feature", "properties": { "TIPO_EQUIP": "Grifo", "CALIDAD_U": "Media", "PRESTADOR_": null }, "geometry": { "type": "Point", "coordinates": [ -70.676691, -33.456617, 0.0 ] } },
{ "type": "Feature", "properties": { "TIPO_EQUIP": "Grifo", "CALIDAD_U": "Media", "PRESTADOR_": null }, "geometry": { "type": "Point", "coordinates": [ -70.665072, -33.456608, 0.0 ] } },
{ "type": "Feature", "properties": { "TIPO_EQUIP": "Grifo", "CALIDAD_U": "Media", "PRESTADOR_": null }, "geometry": { "type": "Point", "coordinates": [ -70.646911, -33.456596, 0.0 ] } },
{ "type": "Feature", "properties": { "TIPO_EQUIP": "Grifo", "CALIDAD_U": "Media", "PRESTADOR_": null }, "geometry": { "type": "Point", "coordinates": [ -70.666124, -33.45659, 0.0 ] } },
{ "type": "Feature", "properties": { "TIPO_EQUIP": "Grifo", "CALIDAD_U": "Media", "PRESTADOR_": null }, "geometry": { "type": "Point", "coordinates": [ -70.659832, -33.456582, 0.0 ] } },
{ "type": "Feature", "properties": { "TIPO_EQUIP": "Grifo", "CALIDAD_U": "Media", "PRESTADOR_": null }, "geometry": { "type": "Point", "coordinates": [ -70.656669, -33.456562, 0.0 ] } },
{ "type": "Feature", "properties": { "TIPO_EQUIP": "Grifo", "CALIDAD_U": "Media", "PRESTADOR_": null }, "geometry": { "type": "Point", "coordinates": [ -70.655909, -33.456494, 0.0 ] } },
{ "type": "Feature", "properties": { "TIPO_EQUIP": "Grifo", "CALIDAD_U": "Media", "PRESTADOR_": null }, "geometry": { "type": "Point", "coordinates": [ -70.649597, -33.456489, 0.0 ] } },
{ "type": "Feature", "properties": { "TIPO_EQUIP": "Grifo", "CALIDAD_U": "Media", "PRESTADOR_": null }, "geometry": { "type": "Point", "coordinates": [ -70.633371, -33.456457, 0.0 ] } },
{ "type": "Feature", "properties": { "TIPO_EQUIP": "Grifo", "CALIDAD_U": "Media", "PRESTADOR_": null }, "geometry": { "type": "Point", "coordinates": [ -70.675464, -33.45643, 0.0 ] } },
{ "type": "Feature", "properties": { "TIPO_EQUIP": "Grifo", "CALIDAD_U": "Media", "PRESTADOR_": null }, "geometry": { "type": "Point", "coordinates": [ -70.664164, -33.456402, 0.0 ] } },
{ "type": "Feature", "properties": { "TIPO_EQUIP": "Grifo", "CALIDAD_U": "Media", "PRESTADOR_": null }, "geometry": { "type": "Point", "coordinates": [ -70.646039, -33.456367, 0.0 ] } },
{ "type": "Feature", "properties": { "TIPO_EQUIP": "Grifo", "CALIDAD_U": "Media", "PRESTADOR_": null }, "geometry": { "type": "Point", "coordinates": [ -70.640005, -33.45634, 0.0 ] } },
{ "type": "Feature", "properties": { "TIPO_EQUIP": "Grifo", "CALIDAD_U": "Media", "PRESTADOR_": null }, "geometry": { "type": "Point", "coordinates": [ -70.666649, -33.456286, 0.0 ] } },
{ "type": "Feature", "properties": { "TIPO_EQUIP": "Grifo", "CALIDAD_U": "Media", "PRESTADOR_": null }, "geometry": { "type": "Point", "coordinates": [ -70.678117, -33.456208, 0.0 ] } },
{ "type": "Feature", "properties": { "TIPO_EQUIP": "Grifo", "CALIDAD_U": "Media", "PRESTADOR_": null }, "geometry": { "type": "Point", "coordinates": [ -70.668836, -33.456204, 0.0 ] } },
{ "type": "Feature", "properties": { "TIPO_EQUIP": "Grifo", "CALIDAD_U": "Media", "PRESTADOR_": null }, "geometry": { "type": "Point", "coordinates": [ -70.656154, -33.456199, 0.0 ] } },
{ "type": "Feature", "properties": { "TIPO_EQUIP": "Grifo", "CALIDAD_U": "Media", "PRESTADOR_": null }, "geometry": { "type": "Point", "coordinates": [ -70.654863, -33.456194, 0.0 ] } },
{ "type": "Feature", "properties": { "TIPO_EQUIP": "Grifo", "CALIDAD_U": "Media", "PRESTADOR_": null }, "geometry": { "type": "Point", "coordinates": [ -70.637251, -33.456143, 0.0 ] } },
{ "type": "Feature", "properties": { "TIPO_EQUIP": "Grifo", "CALIDAD_U": "Media", "PRESTADOR_": null }, "geometry": { "type": "Point", "coordinates": [ -70.644951, -33.456122, 0.0 ] } },
{ "type": "Feature", "properties": { "TIPO_EQUIP": "Grifo", "CALIDAD_U": "Media", "PRESTADOR_": null }, "geometry": { "type": "Point", "coordinates": [ -70.662664, -33.456118, 0.0 ] } },
{ "type": "Feature", "properties": { "TIPO_EQUIP": "Grifo", "CALIDAD_U": "Media", "PRESTADOR_": null }, "geometry": { "type": "Point", "coordinates": [ -70.653917, -33.456083, 0.0 ] } },
{ "type": "Feature", "properties": { "TIPO_EQUIP": "Grifo", "CALIDAD_U": "Media", "PRESTADOR_": null }, "geometry": { "type": "Point", "coordinates": [ -70.633432, -33.456075, 0.0 ] } },
{ "type": "Feature", "properties": { "TIPO_EQUIP": "Grifo", "CALIDAD_U": "Media", "PRESTADOR_": null }, "geometry": { "type": "Point", "coordinates": [ -70.643701, -33.456039, 0.0 ] } },
{ "type": "Feature", "properties": { "TIPO_EQUIP": "Grifo", "CALIDAD_U": "Media", "PRESTADOR_": null }, "geometry": { "type": "Point", "coordinates": [ -70.674082, -33.456019, 0.0 ] } },
{ "type": "Feature", "properties": { "TIPO_EQUIP": "Grifo", "CALIDAD_U": "Media", "PRESTADOR_": null }, "geometry": { "type": "Point", "coordinates": [ -70.653168, -33.455997, 0.0 ] } },
{ "type": "Feature", "properties": { "TIPO_EQUIP": "Grifo", "CALIDAD_U": "Media", "PRESTADOR_": null }, "geometry": { "type": "Point", "coordinates": [ -70.652365, -33.455913, 0.0 ] } },
{ "type": "Feature", "properties": { "TIPO_EQUIP": "Grifo", "CALIDAD_U": "Media", "PRESTADOR_": null }, "geometry": { "type": "Point", "coordinates": [ -70.661172, -33.455881, 0.0 ] } },
{ "type": "Feature", "properties": { "TIPO_EQUIP": "Grifo", "CALIDAD_U": "Media", "PRESTADOR_": null }, "geometry": { "type": "Point", "coordinates": [ -70.666948, -33.455822, 0.0 ] } },
{ "type": "Feature", "properties": { "TIPO_EQUIP": "Grifo", "CALIDAD_U": "Media", "PRESTADOR_": null }, "geometry": { "type": "Point", "coordinates": [ -70.651377, -33.455771, 0.0 ] } },
{ "type": "Feature", "properties": { "TIPO_EQUIP": "Grifo", "CALIDAD_U": "Media", "PRESTADOR_": null }, "geometry": { "type": "Point", "coordinates": [ -70.629935, -33.45575, 0.0 ] } },
{ "type": "Feature", "properties": { "TIPO_EQUIP": "Grifo", "CALIDAD_U": "Media", "PRESTADOR_": null }, "geometry": { "type": "Point", "coordinates": [ -70.672414, -33.45572, 0.0 ] } },
{ "type": "Feature", "properties": { "TIPO_EQUIP": "Grifo", "CALIDAD_U": "Media", "PRESTADOR_": null }, "geometry": { "type": "Point", "coordinates": [ -70.664125, -33.45572, 0.0 ] } },
{ "type": "Feature", "properties": { "TIPO_EQUIP": "Grifo", "CALIDAD_U": "Media", "PRESTADOR_": null }, "geometry": { "type": "Point", "coordinates": [ -70.643456, -33.455697, 0.0 ] } },
{ "type": "Feature", "properties": { "TIPO_EQUIP": "Grifo", "CALIDAD_U": "Media", "PRESTADOR_": null }, "geometry": { "type": "Point", "coordinates": [ -70.678014, -33.455636, 0.0 ] } },
{ "type": "Feature", "properties": { "TIPO_EQUIP": "Grifo", "CALIDAD_U": "Media", "PRESTADOR_": null }, "geometry": { "type": "Point", "coordinates": [ -70.64249, -33.455621, 0.0 ] } },
{ "type": "Feature", "properties": { "TIPO_EQUIP": "Grifo", "CALIDAD_U": "Media", "PRESTADOR_": null }, "geometry": { "type": "Point", "coordinates": [ -70.649864, -33.455607, 0.0 ] } },
{ "type": "Feature", "properties": { "TIPO_EQUIP": "Grifo", "CALIDAD_U": "Media", "PRESTADOR_": null }, "geometry": { "type": "Point", "coordinates": [ -70.676949, -33.455572, 0.0 ] } },
{ "type": "Feature", "properties": { "TIPO_EQUIP": "Grifo", "CALIDAD_U": "Media", "PRESTADOR_": null }, "geometry": { "type": "Point", "coordinates": [ -70.659938, -33.455521, 0.0 ] } },
{ "type": "Feature", "properties": { "TIPO_EQUIP": "Grifo", "CALIDAD_U": "Media", "PRESTADOR_": null }, "geometry": { "type": "Point", "coordinates": [ -70.666296, -33.455509, 0.0 ] } },
{ "type": "Feature", "properties": { "TIPO_EQUIP": "Grifo", "CALIDAD_U": "Media", "PRESTADOR_": null }, "geometry": { "type": "Point", "coordinates": [ -70.665096, -33.455459, 0.0 ] } },
{ "type": "Feature", "properties": { "TIPO_EQUIP": "Grifo", "CALIDAD_U": "Media", "PRESTADOR_": null }, "geometry": { "type": "Point", "coordinates": [ -70.634786, -33.455444, 0.0 ] } },
{ "type": "Feature", "properties": { "TIPO_EQUIP": "Grifo", "CALIDAD_U": "Media", "PRESTADOR_": null }, "geometry": { "type": "Point", "coordinates": [ -70.633587, -33.455388, 0.0 ] } },
{ "type": "Feature", "properties": { "TIPO_EQUIP": "Grifo", "CALIDAD_U": "Media", "PRESTADOR_": null }, "geometry": { "type": "Point", "coordinates": [ -70.648148, -33.455356, 0.0 ] } },
{ "type": "Feature", "properties": { "TIPO_EQUIP": "Grifo", "CALIDAD_U": "Media", "PRESTADOR_": null }, "geometry": { "type": "Point", "coordinates": [ -70.664285, -33.455269, 0.0 ] } },
{ "type": "Feature", "properties": { "TIPO_EQUIP": "Grifo", "CALIDAD_U": "Media", "PRESTADOR_": null }, "geometry": { "type": "Point", "coordinates": [ -70.675742, -33.455264, 0.0 ] } },
{ "type": "Feature", "properties": { "TIPO_EQUIP": "Grifo", "CALIDAD_U": "Media", "PRESTADOR_": null }, "geometry": { "type": "Point", "coordinates": [ -70.658247, -33.455256, 0.0 ] } },
{ "type": "Feature", "properties": { "TIPO_EQUIP": "Grifo", "CALIDAD_U": "Media", "PRESTADOR_": null }, "geometry": { "type": "Point", "coordinates": [ -70.640286, -33.455251, 0.0 ] } },
{ "type": "Feature", "properties": { "TIPO_EQUIP": "Grifo", "CALIDAD_U": "Media", "PRESTADOR_": null }, "geometry": { "type": "Point", "coordinates": [ -70.647318, -33.455226, 0.0 ] } },
{ "type": "Feature", "properties": { "TIPO_EQUIP": "Grifo", "CALIDAD_U": "Media", "PRESTADOR_": null }, "geometry": { "type": "Point", "coordinates": [ -70.669075, -33.455131, 0.0 ] } },
{ "type": "Feature", "properties": { "TIPO_EQUIP": "Grifo", "CALIDAD_U": "Media", "PRESTADOR_": null }, "geometry": { "type": "Point", "coordinates": [ -70.646344, -33.455065, 0.0 ] } },
{ "type": "Feature", "properties": { "TIPO_EQUIP": "Grifo", "CALIDAD_U": "Media", "PRESTADOR_": null }, "geometry": { "type": "Point", "coordinates": [ -70.662825, -33.454984, 0.0 ] } },
{ "type": "Feature", "properties": { "TIPO_EQUIP": "Grifo", "CALIDAD_U": "Media", "PRESTADOR_": null }, "geometry": { "type": "Point", "coordinates": [ -70.674337, -33.454964, 0.0 ] } },
{ "type": "Feature", "properties": { "TIPO_EQUIP": "Grifo", "CALIDAD_U": "Media", "PRESTADOR_": null }, "geometry": { "type": "Point", "coordinates": [ -70.661193, -33.454878, 0.0 ] } },
{ "type": "Feature", "properties": { "TIPO_EQUIP": "Grifo", "CALIDAD_U": "Media", "PRESTADOR_": null }, "geometry": { "type": "Point", "coordinates": [ -70.637417, -33.454801, 0.0 ] } },
{ "type": "Feature", "properties": { "TIPO_EQUIP": "Grifo", "CALIDAD_U": "Media", "PRESTADOR_": null }, "geometry": { "type": "Point", "coordinates": [ -70.638785, -33.454792, 0.0 ] } },
{ "type": "Feature", "properties": { "TIPO_EQUIP": "Grifo", "CALIDAD_U": "Media", "PRESTADOR_": null }, "geometry": { "type": "Point", "coordinates": [ -70.667155, -33.454715, 0.0 ] } },
{ "type": "Feature", "properties": { "TIPO_EQUIP": "Grifo", "CALIDAD_U": "Media", "PRESTADOR_": null }, "geometry": { "type": "Point", "coordinates": [ -70.63028, -33.454685, 0.0 ] } },
{ "type": "Feature", "properties": { "TIPO_EQUIP": "Grifo", "CALIDAD_U": "Media", "PRESTADOR_": null }, "geometry": { "type": "Point", "coordinates": [ -70.661382, -33.454659, 0.0 ] } },
{ "type": "Feature", "properties": { "TIPO_EQUIP": "Grifo", "CALIDAD_U": "Media", "PRESTADOR_": null }, "geometry": { "type": "Point", "coordinates": [ -70.655035, -33.454648, 0.0 ] } },
{ "type": "Feature", "properties": { "TIPO_EQUIP": "Grifo", "CALIDAD_U": "Media", "PRESTADOR_": null }, "geometry": { "type": "Point", "coordinates": [ -70.677911, -33.454641, 0.0 ] } },
{ "type": "Feature", "properties": { "TIPO_EQUIP": "Grifo", "CALIDAD_U": "Media", "PRESTADOR_": null }, "geometry": { "type": "Point", "coordinates": [ -70.655983, -33.454637, 0.0 ] } },
{ "type": "Feature", "properties": { "TIPO_EQUIP": "Grifo", "CALIDAD_U": "Media", "PRESTADOR_": null }, "geometry": { "type": "Point", "coordinates": [ -70.653207, -33.45462, 0.0 ] } },
{ "type": "Feature", "properties": { "TIPO_EQUIP": "Grifo", "CALIDAD_U": "Media", "PRESTADOR_": null }, "geometry": { "type": "Point", "coordinates": [ -70.654145, -33.454614, 0.0 ] } },
{ "type": "Feature", "properties": { "TIPO_EQUIP": "Grifo", "CALIDAD_U": "Media", "PRESTADOR_": null }, "geometry": { "type": "Point", "coordinates": [ -70.656717, -33.454585, 0.0 ] } },
{ "type": "Feature", "properties": { "TIPO_EQUIP": "Grifo", "CALIDAD_U": "Media", "PRESTADOR_": null }, "geometry": { "type": "Point", "coordinates": [ -70.637661, -33.454569, 0.0 ] } },
{ "type": "Feature", "properties": { "TIPO_EQUIP": "Grifo", "CALIDAD_U": "Media", "PRESTADOR_": null }, "geometry": { "type": "Point", "coordinates": [ -70.636261, -33.454515, 0.0 ] } },
{ "type": "Feature", "properties": { "TIPO_EQUIP": "Grifo", "CALIDAD_U": "Media", "PRESTADOR_": null }, "geometry": { "type": "Point", "coordinates": [ -70.651543, -33.45451, 0.0 ] } },
{ "type": "Feature", "properties": { "TIPO_EQUIP": "Grifo", "CALIDAD_U": "Media", "PRESTADOR_": null }, "geometry": { "type": "Point", "coordinates": [ -70.666274, -33.454503, 0.0 ] } },
{ "type": "Feature", "properties": { "TIPO_EQUIP": "Grifo", "CALIDAD_U": "Media", "PRESTADOR_": null }, "geometry": { "type": "Point", "coordinates": [ -70.652635, -33.454494, 0.0 ] } },
{ "type": "Feature", "properties": { "TIPO_EQUIP": "Grifo", "CALIDAD_U": "Media", "PRESTADOR_": null }, "geometry": { "type": "Point", "coordinates": [ -70.677281, -33.45448, 0.0 ] } },
{ "type": "Feature", "properties": { "TIPO_EQUIP": "Grifo", "CALIDAD_U": "Media", "PRESTADOR_": null }, "geometry": { "type": "Point", "coordinates": [ -70.643995, -33.454412, 0.0 ] } },
{ "type": "Feature", "properties": { "TIPO_EQUIP": "Grifo", "CALIDAD_U": "Media", "PRESTADOR_": null }, "geometry": { "type": "Point", "coordinates": [ -70.66019, -33.454412, 0.0 ] } },
{ "type": "Feature", "properties": { "TIPO_EQUIP": "Grifo", "CALIDAD_U": "Media", "PRESTADOR_": null }, "geometry": { "type": "Point", "coordinates": [ -70.672525, -33.454391, 0.0 ] } },
{ "type": "Feature", "properties": { "TIPO_EQUIP": "Grifo", "CALIDAD_U": "Media", "PRESTADOR_": null }, "geometry": { "type": "Point", "coordinates": [ -70.675933, -33.454383, 0.0 ] } },
{ "type": "Feature", "properties": { "TIPO_EQUIP": "Grifo", "CALIDAD_U": "Media", "PRESTADOR_": null }, "geometry": { "type": "Point", "coordinates": [ -70.650104, -33.454365, 0.0 ] } },
{ "type": "Feature", "properties": { "TIPO_EQUIP": "Grifo", "CALIDAD_U": "Media", "PRESTADOR_": null }, "geometry": { "type": "Point", "coordinates": [ -70.665147, -33.454286, 0.0 ] } },
{ "type": "Feature", "properties": { "TIPO_EQUIP": "Grifo", "CALIDAD_U": "Media", "PRESTADOR_": null }, "geometry": { "type": "Point", "coordinates": [ -70.635062, -33.454205, 0.0 ] } },
{ "type": "Feature", "properties": { "TIPO_EQUIP": "Grifo", "CALIDAD_U": "Media", "PRESTADOR_": null }, "geometry": { "type": "Point", "coordinates": [ -70.648813, -33.454184, 0.0 ] } },
{ "type": "Feature", "properties": { "TIPO_EQUIP": "Grifo", "CALIDAD_U": "Media", "PRESTADOR_": null }, "geometry": { "type": "Point", "coordinates": [ -70.658645, -33.454178, 0.0 ] } },
{ "type": "Feature", "properties": { "TIPO_EQUIP": "Grifo", "CALIDAD_U": "Media", "PRESTADOR_": null }, "geometry": { "type": "Point", "coordinates": [ -70.641893, -33.45416, 0.0 ] } },
{ "type": "Feature", "properties": { "TIPO_EQUIP": "Grifo", "CALIDAD_U": "Media", "PRESTADOR_": null }, "geometry": { "type": "Point", "coordinates": [ -70.664452, -33.454073, 0.0 ] } },
{ "type": "Feature", "properties": { "TIPO_EQUIP": "Grifo", "CALIDAD_U": "Media", "PRESTADOR_": null }, "geometry": { "type": "Point", "coordinates": [ -70.647584, -33.454065, 0.0 ] } },
{ "type": "Feature", "properties": { "TIPO_EQUIP": "Grifo", "CALIDAD_U": "Media", "PRESTADOR_": null }, "geometry": { "type": "Point", "coordinates": [ -70.633939, -33.454042, 0.0 ] } },
{ "type": "Feature", "properties": { "TIPO_EQUIP": "Grifo", "CALIDAD_U": "Media", "PRESTADOR_": null }, "geometry": { "type": "Point", "coordinates": [ -70.640603, -33.454005, 0.0 ] } },
{ "type": "Feature", "properties": { "TIPO_EQUIP": "Grifo", "CALIDAD_U": "Media", "PRESTADOR_": null }, "geometry": { "type": "Point", "coordinates": [ -70.669339, -33.453978, 0.0 ] } },
{ "type": "Feature", "properties": { "TIPO_EQUIP": "Grifo", "CALIDAD_U": "Media", "PRESTADOR_": null }, "geometry": { "type": "Point", "coordinates": [ -70.646544, -33.453975, 0.0 ] } },
{ "type": "Feature", "properties": { "TIPO_EQUIP": "Grifo", "CALIDAD_U": "Media", "PRESTADOR_": null }, "geometry": { "type": "Point", "coordinates": [ -70.655775, -33.453945, 0.0 ] } },
{ "type": "Feature", "properties": { "TIPO_EQUIP": "Grifo", "CALIDAD_U": "Media", "PRESTADOR_": null }, "geometry": { "type": "Point", "coordinates": [ -70.674588, -33.453897, 0.0 ] } },
{ "type": "Feature", "properties": { "TIPO_EQUIP": "Grifo", "CALIDAD_U": "Media", "PRESTADOR_": null }, "geometry": { "type": "Point", "coordinates": [ -70.63895, -33.45382, 0.0 ] } },
{ "type": "Feature", "properties": { "TIPO_EQUIP": "Grifo", "CALIDAD_U": "Media", "PRESTADOR_": null }, "geometry": { "type": "Point", "coordinates": [ -70.662981, -33.453819, 0.0 ] } },
{ "type": "Feature", "properties": { "TIPO_EQUIP": "Grifo", "CALIDAD_U": "Media", "PRESTADOR_": null }, "geometry": { "type": "Point", "coordinates": [ -70.655143, -33.45379, 0.0 ] } },
{ "type": "Feature", "properties": { "TIPO_EQUIP": "Grifo", "CALIDAD_U": "Media", "PRESTADOR_": null }, "geometry": { "type": "Point", "coordinates": [ -70.65007, -33.453667, 0.0 ] } },
{ "type": "Feature", "properties": { "TIPO_EQUIP": "Grifo", "CALIDAD_U": "Media", "PRESTADOR_": null }, "geometry": { "type": "Point", "coordinates": [ -70.654256, -33.453618, 0.0 ] } },
{ "type": "Feature", "properties": { "TIPO_EQUIP": "Grifo", "CALIDAD_U": "Media", "PRESTADOR_": null }, "geometry": { "type": "Point", "coordinates": [ -70.64406, -33.4536, 0.0 ] } },
{ "type": "Feature", "properties": { "TIPO_EQUIP": "Grifo", "CALIDAD_U": "Media", "PRESTADOR_": null }, "geometry": { "type": "Point", "coordinates": [ -70.667382, -33.453583, 0.0 ] } },
{ "type": "Feature", "properties": { "TIPO_EQUIP": "Grifo", "CALIDAD_U": "Media", "PRESTADOR_": null }, "geometry": { "type": "Point", "coordinates": [ -70.637649, -33.453556, 0.0 ] } },
{ "type": "Feature", "properties": { "TIPO_EQUIP": "Grifo", "CALIDAD_U": "Media", "PRESTADOR_": null }, "geometry": { "type": "Point", "coordinates": [ -70.672531, -33.453501, 0.0 ] } },
{ "type": "Feature", "properties": { "TIPO_EQUIP": "Grifo", "CALIDAD_U": "Media", "PRESTADOR_": null }, "geometry": { "type": "Point", "coordinates": [ -70.661578, -33.453497, 0.0 ] } },
{ "type": "Feature", "properties": { "TIPO_EQUIP": "Grifo", "CALIDAD_U": "Media", "PRESTADOR_": null }, "geometry": { "type": "Point", "coordinates": [ -70.653594, -33.453481, 0.0 ] } },
{ "type": "Feature", "properties": { "TIPO_EQUIP": "Grifo", "CALIDAD_U": "Media", "PRESTADOR_": null }, "geometry": { "type": "Point", "coordinates": [ -70.659611, -33.453447, 0.0 ] } },
{ "type": "Feature", "properties": { "TIPO_EQUIP": "Grifo", "CALIDAD_U": "Media", "PRESTADOR_": null }, "geometry": { "type": "Point", "coordinates": [ -70.65594, -33.453378, 0.0 ] } },
{ "type": "Feature", "properties": { "TIPO_EQUIP": "Grifo", "CALIDAD_U": "Media", "PRESTADOR_": null }, "geometry": { "type": "Point", "coordinates": [ -70.652829, -33.453346, 0.0 ] } },
{ "type": "Feature", "properties": { "TIPO_EQUIP": "Grifo", "CALIDAD_U": "Media", "PRESTADOR_": null }, "geometry": { "type": "Point", "coordinates": [ -70.630647, -33.453346, 0.0 ] } },
{ "type": "Feature", "properties": { "TIPO_EQUIP": "Grifo", "CALIDAD_U": "Media", "PRESTADOR_": null }, "geometry": { "type": "Point", "coordinates": [ -70.677857, -33.453335, 0.0 ] } },
{ "type": "Feature", "properties": { "TIPO_EQUIP": "Grifo", "CALIDAD_U": "Media", "PRESTADOR_": null }, "geometry": { "type": "Point", "coordinates": [ -70.660422, -33.453303, 0.0 ] } },
{ "type": "Feature", "properties": { "TIPO_EQUIP": "Grifo", "CALIDAD_U": "Media", "PRESTADOR_": null }, "geometry": { "type": "Point", "coordinates": [ -70.656962, -33.453291, 0.0 ] } },
{ "type": "Feature", "properties": { "TIPO_EQUIP": "Grifo", "CALIDAD_U": "Media", "PRESTADOR_": null }, "geometry": { "type": "Point", "coordinates": [ -70.666308, -33.45328, 0.0 ] } },
{ "type": "Feature", "properties": { "TIPO_EQUIP": "Grifo", "CALIDAD_U": "Media", "PRESTADOR_": null }, "geometry": { "type": "Point", "coordinates": [ -70.676202, -33.453251, 0.0 ] } },
{ "type": "Feature", "properties": { "TIPO_EQUIP": "Grifo", "CALIDAD_U": "Media", "PRESTADOR_": null }, "geometry": { "type": "Point", "coordinates": [ -70.630867, -33.453234, 0.0 ] } },
{ "type": "Feature", "properties": { "TIPO_EQUIP": "Grifo", "CALIDAD_U": "Media", "PRESTADOR_": null }, "geometry": { "type": "Point", "coordinates": [ -70.636821, -33.453187, 0.0 ] } },
{ "type": "Feature", "properties": { "TIPO_EQUIP": "Grifo", "CALIDAD_U": "Media", "PRESTADOR_": null }, "geometry": { "type": "Point", "coordinates": [ -70.65967, -33.453185, 0.0 ] } },
{ "type": "Feature", "properties": { "TIPO_EQUIP": "Grifo", "CALIDAD_U": "Media", "PRESTADOR_": null }, "geometry": { "type": "Point", "coordinates": [ -70.65173, -33.453166, 0.0 ] } },
{ "type": "Feature", "properties": { "TIPO_EQUIP": "Grifo", "CALIDAD_U": "Media", "PRESTADOR_": null }, "geometry": { "type": "Point", "coordinates": [ -70.642424, -33.453095, 0.0 ] } },
{ "type": "Feature", "properties": { "TIPO_EQUIP": "Grifo", "CALIDAD_U": "Media", "PRESTADOR_": null }, "geometry": { "type": "Point", "coordinates": [ -70.665112, -33.453081, 0.0 ] } },
{ "type": "Feature", "properties": { "TIPO_EQUIP": "Grifo", "CALIDAD_U": "Media", "PRESTADOR_": null }, "geometry": { "type": "Point", "coordinates": [ -70.656897, -33.452999, 0.0 ] } },
{ "type": "Feature", "properties": { "TIPO_EQUIP": "Grifo", "CALIDAD_U": "Media", "PRESTADOR_": null }, "geometry": { "type": "Point", "coordinates": [ -70.650288, -33.452951, 0.0 ] } },
{ "type": "Feature", "properties": { "TIPO_EQUIP": "Grifo", "CALIDAD_U": "Media", "PRESTADOR_": null }, "geometry": { "type": "Point", "coordinates": [ -70.640883, -33.452871, 0.0 ] } },
{ "type": "Feature", "properties": { "TIPO_EQUIP": "Grifo", "CALIDAD_U": "Media", "PRESTADOR_": null }, "geometry": { "type": "Point", "coordinates": [ -70.674836, -33.452869, 0.0 ] } },
{ "type": "Feature", "properties": { "TIPO_EQUIP": "Grifo", "CALIDAD_U": "Media", "PRESTADOR_": null }, "geometry": { "type": "Point", "coordinates": [ -70.664548, -33.452868, 0.0 ] } },
{ "type": "Feature", "properties": { "TIPO_EQUIP": "Grifo", "CALIDAD_U": "Media", "PRESTADOR_": null }, "geometry": { "type": "Point", "coordinates": [ -70.634264, -33.452855, 0.0 ] } },
{ "type": "Feature", "properties": { "TIPO_EQUIP": "Grifo", "CALIDAD_U": "Media", "PRESTADOR_": null }, "geometry": { "type": "Point", "coordinates": [ -70.672548, -33.452851, 0.0 ] } },
{ "type": "Feature", "properties": { "TIPO_EQUIP": "Grifo", "CALIDAD_U": "Media", "PRESTADOR_": null }, "geometry": { "type": "Point", "coordinates": [ -70.669583, -33.452817, 0.0 ] } },
{ "type": "Feature", "properties": { "TIPO_EQUIP": "Grifo", "CALIDAD_U": "Media", "PRESTADOR_": null }, "geometry": { "type": "Point", "coordinates": [ -70.631537, -33.452794, 0.0 ] } },
{ "type": "Feature", "properties": { "TIPO_EQUIP": "Grifo", "CALIDAD_U": "Media", "PRESTADOR_": null }, "geometry": { "type": "Point", "coordinates": [ -70.667324, -33.452735, 0.0 ] } },
{ "type": "Feature", "properties": { "TIPO_EQUIP": "Grifo", "CALIDAD_U": "Media", "PRESTADOR_": null }, "geometry": { "type": "Point", "coordinates": [ -70.676298, -33.452664, 0.0 ] } },
{ "type": "Feature", "properties": { "TIPO_EQUIP": "Grifo", "CALIDAD_U": "Media", "PRESTADOR_": null }, "geometry": { "type": "Point", "coordinates": [ -70.663136, -33.452612, 0.0 ] } },
{ "type": "Feature", "properties": { "TIPO_EQUIP": "Grifo", "CALIDAD_U": "Media", "PRESTADOR_": null }, "geometry": { "type": "Point", "coordinates": [ -70.677814, -33.452608, 0.0 ] } },
{ "type": "Feature", "properties": { "TIPO_EQUIP": "Grifo", "CALIDAD_U": "Media", "PRESTADOR_": null }, "geometry": { "type": "Point", "coordinates": [ -70.656116, -33.452592, 0.0 ] } },
{ "type": "Feature", "properties": { "TIPO_EQUIP": "Grifo", "CALIDAD_U": "Media", "PRESTADOR_": null }, "geometry": { "type": "Point", "coordinates": [ -70.648703, -33.452568, 0.0 ] } },
{ "type": "Feature", "properties": { "TIPO_EQUIP": "Grifo", "CALIDAD_U": "Media", "PRESTADOR_": null }, "geometry": { "type": "Point", "coordinates": [ -70.639425, -33.452532, 0.0 ] } },
{ "type": "Feature", "properties": { "TIPO_EQUIP": "Grifo", "CALIDAD_U": "Media", "PRESTADOR_": null }, "geometry": { "type": "Point", "coordinates": [ -70.647906, -33.452379, 0.0 ] } },
{ "type": "Feature", "properties": { "TIPO_EQUIP": "Grifo", "CALIDAD_U": "Media", "PRESTADOR_": null }, "geometry": { "type": "Point", "coordinates": [ -70.672563, -33.452357, 0.0 ] } },
{ "type": "Feature", "properties": { "TIPO_EQUIP": "Grifo", "CALIDAD_U": "Media", "PRESTADOR_": null }, "geometry": { "type": "Point", "coordinates": [ -70.667716, -33.452352, 0.0 ] } },
{ "type": "Feature", "properties": { "TIPO_EQUIP": "Grifo", "CALIDAD_U": "Media", "PRESTADOR_": null }, "geometry": { "type": "Point", "coordinates": [ -70.676381, -33.452306, 0.0 ] } },
{ "type": "Feature", "properties": { "TIPO_EQUIP": "Grifo", "CALIDAD_U": "Media", "PRESTADOR_": null }, "geometry": { "type": "Point", "coordinates": [ -70.661747, -33.4523, 0.0 ] } },
{ "type": "Feature", "properties": { "TIPO_EQUIP": "Grifo", "CALIDAD_U": "Media", "PRESTADOR_": null }, "geometry": { "type": "Point", "coordinates": [ -70.638135, -33.452279, 0.0 ] } },
{ "type": "Feature", "properties": { "TIPO_EQUIP": "Grifo", "CALIDAD_U": "Media", "PRESTADOR_": null }, "geometry": { "type": "Point", "coordinates": [ -70.676438, -33.452228, 0.0 ] } },
{ "type": "Feature", "properties": { "TIPO_EQUIP": "Grifo", "CALIDAD_U": "Media", "PRESTADOR_": null }, "geometry": { "type": "Point", "coordinates": [ -70.646805, -33.452222, 0.0 ] } },
{ "type": "Feature", "properties": { "TIPO_EQUIP": "Grifo", "CALIDAD_U": "Media", "PRESTADOR_": null }, "geometry": { "type": "Point", "coordinates": [ -70.652834, -33.452213, 0.0 ] } },
{ "type": "Feature", "properties": { "TIPO_EQUIP": "Grifo", "CALIDAD_U": "Media", "PRESTADOR_": null }, "geometry": { "type": "Point", "coordinates": [ -70.65721, -33.452187, 0.0 ] } },
{ "type": "Feature", "properties": { "TIPO_EQUIP": "Grifo", "CALIDAD_U": "Media", "PRESTADOR_": null }, "geometry": { "type": "Point", "coordinates": [ -70.651719, -33.452133, 0.0 ] } },
{ "type": "Feature", "properties": { "TIPO_EQUIP": "Grifo", "CALIDAD_U": "Media", "PRESTADOR_": null }, "geometry": { "type": "Point", "coordinates": [ -70.631128, -33.452132, 0.0 ] } },
{ "type": "Feature", "properties": { "TIPO_EQUIP": "Grifo", "CALIDAD_U": "Media", "PRESTADOR_": null }, "geometry": { "type": "Point", "coordinates": [ -70.666424, -33.452116, 0.0 ] } },
{ "type": "Feature", "properties": { "TIPO_EQUIP": "Grifo", "CALIDAD_U": "Media", "PRESTADOR_": null }, "geometry": { "type": "Point", "coordinates": [ -70.637086, -33.452082, 0.0 ] } },
{ "type": "Feature", "properties": { "TIPO_EQUIP": "Grifo", "CALIDAD_U": "Media", "PRESTADOR_": null }, "geometry": { "type": "Point", "coordinates": [ -70.676918, -33.452076, 0.0 ] } },
{ "type": "Feature", "properties": { "TIPO_EQUIP": "Grifo", "CALIDAD_U": "Media", "PRESTADOR_": null }, "geometry": { "type": "Point", "coordinates": [ -70.66063, -33.452075, 0.0 ] } },
{ "type": "Feature", "properties": { "TIPO_EQUIP": "Grifo", "CALIDAD_U": "Media", "PRESTADOR_": null }, "geometry": { "type": "Point", "coordinates": [ -70.650407, -33.452074, 0.0 ] } },
{ "type": "Feature", "properties": { "TIPO_EQUIP": "Grifo", "CALIDAD_U": "Media", "PRESTADOR_": null }, "geometry": { "type": "Point", "coordinates": [ -70.659987, -33.451997, 0.0 ] } },
{ "type": "Feature", "properties": { "TIPO_EQUIP": "Grifo", "CALIDAD_U": "Media", "PRESTADOR_": null }, "geometry": { "type": "Point", "coordinates": [ -70.676466, -33.451972, 0.0 ] } },
{ "type": "Feature", "properties": { "TIPO_EQUIP": "Grifo", "CALIDAD_U": "Media", "PRESTADOR_": null }, "geometry": { "type": "Point", "coordinates": [ -70.646815, -33.451951, 0.0 ] } },
{ "type": "Feature", "properties": { "TIPO_EQUIP": "Grifo", "CALIDAD_U": "Media", "PRESTADOR_": null }, "geometry": { "type": "Point", "coordinates": [ -70.644269, -33.451857, 0.0 ] } },
{ "type": "Feature", "properties": { "TIPO_EQUIP": "Grifo", "CALIDAD_U": "Media", "PRESTADOR_": null }, "geometry": { "type": "Point", "coordinates": [ -70.635587, -33.451844, 0.0 ] } },
{ "type": "Feature", "properties": { "TIPO_EQUIP": "Grifo", "CALIDAD_U": "Media", "PRESTADOR_": null }, "geometry": { "type": "Point", "coordinates": [ -70.675083, -33.451803, 0.0 ] } },
{ "type": "Feature", "properties": { "TIPO_EQUIP": "Grifo", "CALIDAD_U": "Media", "PRESTADOR_": null }, "geometry": { "type": "Point", "coordinates": [ -70.6545, -33.451802, 0.0 ] } },
{ "type": "Feature", "properties": { "TIPO_EQUIP": "Grifo", "CALIDAD_U": "Media", "PRESTADOR_": null }, "geometry": { "type": "Point", "coordinates": [ -70.669891, -33.451747, 0.0 ] } },
{ "type": "Feature", "properties": { "TIPO_EQUIP": "Grifo", "CALIDAD_U": "Media", "PRESTADOR_": null }, "geometry": { "type": "Point", "coordinates": [ -70.632584, -33.451727, 0.0 ] } },
{ "type": "Feature", "properties": { "TIPO_EQUIP": "Grifo", "CALIDAD_U": "Media", "PRESTADOR_": null }, "geometry": { "type": "Point", "coordinates": [ -70.63457, -33.451712, 0.0 ] } },
{ "type": "Feature", "properties": { "TIPO_EQUIP": "Grifo", "CALIDAD_U": "Media", "PRESTADOR_": null }, "geometry": { "type": "Point", "coordinates": [ -70.672583, -33.451685, 0.0 ] } },
{ "type": "Feature", "properties": { "TIPO_EQUIP": "Grifo", "CALIDAD_U": "Media", "PRESTADOR_": null }, "geometry": { "type": "Point", "coordinates": [ -70.631163, -33.451685, 0.0 ] } },
{ "type": "Feature", "properties": { "TIPO_EQUIP": "Grifo", "CALIDAD_U": "Media", "PRESTADOR_": null }, "geometry": { "type": "Point", "coordinates": [ -70.66466, -33.451683, 0.0 ] } },
{ "type": "Feature", "properties": { "TIPO_EQUIP": "Grifo", "CALIDAD_U": "Media", "PRESTADOR_": null }, "geometry": { "type": "Point", "coordinates": [ -70.67648, -33.451669, 0.0 ] } },
{ "type": "Feature", "properties": { "TIPO_EQUIP": "Grifo", "CALIDAD_U": "Media", "PRESTADOR_": null }, "geometry": { "type": "Point", "coordinates": [ -70.659448, -33.451665, 0.0 ] } },
{ "type": "Feature", "properties": { "TIPO_EQUIP": "Grifo", "CALIDAD_U": "Media", "PRESTADOR_": null }, "geometry": { "type": "Point", "coordinates": [ -70.642824, -33.451616, 0.0 ] } },
{ "type": "Feature", "properties": { "TIPO_EQUIP": "Grifo", "CALIDAD_U": "Media", "PRESTADOR_": null }, "geometry": { "type": "Point", "coordinates": [ -70.667521, -33.45158, 0.0 ] } },
{ "type": "Feature", "properties": { "TIPO_EQUIP": "Grifo", "CALIDAD_U": "Media", "PRESTADOR_": null }, "geometry": { "type": "Point", "coordinates": [ -70.633517, -33.451485, 0.0 ] } },
{ "type": "Feature", "properties": { "TIPO_EQUIP": "Grifo", "CALIDAD_U": "Media", "PRESTADOR_": null }, "geometry": { "type": "Point", "coordinates": [ -70.674089, -33.451476, 0.0 ] } },
{ "type": "Feature", "properties": { "TIPO_EQUIP": "Grifo", "CALIDAD_U": "Media", "PRESTADOR_": null }, "geometry": { "type": "Point", "coordinates": [ -70.648944, -33.451461, 0.0 ] } },
{ "type": "Feature", "properties": { "TIPO_EQUIP": "Grifo", "CALIDAD_U": "Media", "PRESTADOR_": null }, "geometry": { "type": "Point", "coordinates": [ -70.677441, -33.451449, 0.0 ] } },
{ "type": "Feature", "properties": { "TIPO_EQUIP": "Grifo", "CALIDAD_U": "Media", "PRESTADOR_": null }, "geometry": { "type": "Point", "coordinates": [ -70.648127, -33.451436, 0.0 ] } },
{ "type": "Feature", "properties": { "TIPO_EQUIP": "Grifo", "CALIDAD_U": "Media", "PRESTADOR_": null }, "geometry": { "type": "Point", "coordinates": [ -70.663308, -33.4514, 0.0 ] } },
{ "type": "Feature", "properties": { "TIPO_EQUIP": "Grifo", "CALIDAD_U": "Media", "PRESTADOR_": null }, "geometry": { "type": "Point", "coordinates": [ -70.638422, -33.451295, 0.0 ] } },
{ "type": "Feature", "properties": { "TIPO_EQUIP": "Grifo", "CALIDAD_U": "Media", "PRESTADOR_": null }, "geometry": { "type": "Point", "coordinates": [ -70.650595, -33.451285, 0.0 ] } },
{ "type": "Feature", "properties": { "TIPO_EQUIP": "Grifo", "CALIDAD_U": "Media", "PRESTADOR_": null }, "geometry": { "type": "Point", "coordinates": [ -70.66786, -33.451229, 0.0 ] } },
{ "type": "Feature", "properties": { "TIPO_EQUIP": "Grifo", "CALIDAD_U": "Media", "PRESTADOR_": null }, "geometry": { "type": "Point", "coordinates": [ -70.672597, -33.451217, 0.0 ] } },
{ "type": "Feature", "properties": { "TIPO_EQUIP": "Grifo", "CALIDAD_U": "Media", "PRESTADOR_": null }, "geometry": { "type": "Point", "coordinates": [ -70.637912, -33.45117, 0.0 ] } },
{ "type": "Feature", "properties": { "TIPO_EQUIP": "Grifo", "CALIDAD_U": "Media", "PRESTADOR_": null }, "geometry": { "type": "Point", "coordinates": [ -70.657283, -33.451096, 0.0 ] } },
{ "type": "Feature", "properties": { "TIPO_EQUIP": "Grifo", "CALIDAD_U": "Media", "PRESTADOR_": null }, "geometry": { "type": "Point", "coordinates": [ -70.664548, -33.451058, 0.0 ] } },
{ "type": "Feature", "properties": { "TIPO_EQUIP": "Grifo", "CALIDAD_U": "Media", "PRESTADOR_": null }, "geometry": { "type": "Point", "coordinates": [ -70.653087, -33.451032, 0.0 ] } },
{ "type": "Feature", "properties": { "TIPO_EQUIP": "Grifo", "CALIDAD_U": "Media", "PRESTADOR_": null }, "geometry": { "type": "Point", "coordinates": [ -70.65296, -33.450943, 0.0 ] } },
{ "type": "Feature", "properties": { "TIPO_EQUIP": "Grifo", "CALIDAD_U": "Media", "PRESTADOR_": null }, "geometry": { "type": "Point", "coordinates": [ -70.674059, -33.450888, 0.0 ] } },
{ "type": "Feature", "properties": { "TIPO_EQUIP": "Grifo", "CALIDAD_U": "Media", "PRESTADOR_": null }, "geometry": { "type": "Point", "coordinates": [ -70.660847, -33.450869, 0.0 ] } },
{ "type": "Feature", "properties": { "TIPO_EQUIP": "Grifo", "CALIDAD_U": "Media", "PRESTADOR_": null }, "geometry": { "type": "Point", "coordinates": [ -70.631412, -33.450828, 0.0 ] } },
{ "type": "Feature", "properties": { "TIPO_EQUIP": "Grifo", "CALIDAD_U": "Media", "PRESTADOR_": null }, "geometry": { "type": "Point", "coordinates": [ -70.666551, -33.450809, 0.0 ] } },
{ "type": "Feature", "properties": { "TIPO_EQUIP": "Grifo", "CALIDAD_U": "Media", "PRESTADOR_": null }, "geometry": { "type": "Point", "coordinates": [ -70.671422, -33.450808, 0.0 ] } },
{ "type": "Feature", "properties": { "TIPO_EQUIP": "Grifo", "CALIDAD_U": "Media", "PRESTADOR_": null }, "geometry": { "type": "Point", "coordinates": [ -70.652461, -33.450769, 0.0 ] } },
{ "type": "Feature", "properties": { "TIPO_EQUIP": "Grifo", "CALIDAD_U": "Media", "PRESTADOR_": null }, "geometry": { "type": "Point", "coordinates": [ -70.676748, -33.450757, 0.0 ] } },
{ "type": "Feature", "properties": { "TIPO_EQUIP": "Grifo", "CALIDAD_U": "Media", "PRESTADOR_": null }, "geometry": { "type": "Point", "coordinates": [ -70.657504, -33.450723, 0.0 ] } },
{ "type": "Feature", "properties": { "TIPO_EQUIP": "Grifo", "CALIDAD_U": "Media", "PRESTADOR_": null }, "geometry": { "type": "Point", "coordinates": [ -70.659756, -33.45072, 0.0 ] } },
{ "type": "Feature", "properties": { "TIPO_EQUIP": "Grifo", "CALIDAD_U": "Media", "PRESTADOR_": null }, "geometry": { "type": "Point", "coordinates": [ -70.65857, -33.450683, 0.0 ] } },
{ "type": "Feature", "properties": { "TIPO_EQUIP": "Grifo", "CALIDAD_U": "Media", "PRESTADOR_": null }, "geometry": { "type": "Point", "coordinates": [ -70.656541, -33.450676, 0.0 ] } },
{ "type": "Feature", "properties": { "TIPO_EQUIP": "Grifo", "CALIDAD_U": "Media", "PRESTADOR_": null }, "geometry": { "type": "Point", "coordinates": [ -70.63479, -33.450674, 0.0 ] } },
{ "type": "Feature", "properties": { "TIPO_EQUIP": "Grifo", "CALIDAD_U": "Media", "PRESTADOR_": null }, "geometry": { "type": "Point", "coordinates": [ -70.650653, -33.450643, 0.0 ] } },
{ "type": "Feature", "properties": { "TIPO_EQUIP": "Grifo", "CALIDAD_U": "Media", "PRESTADOR_": null }, "geometry": { "type": "Point", "coordinates": [ -70.670106, -33.450611, 0.0 ] } },
{ "type": "Feature", "properties": { "TIPO_EQUIP": "Grifo", "CALIDAD_U": "Media", "PRESTADOR_": null }, "geometry": { "type": "Point", "coordinates": [ -70.640136, -33.450611, 0.0 ] } },
{ "type": "Feature", "properties": { "TIPO_EQUIP": "Grifo", "CALIDAD_U": "Media", "PRESTADOR_": null }, "geometry": { "type": "Point", "coordinates": [ -70.667771, -33.45056, 0.0 ] } },
{ "type": "Feature", "properties": { "TIPO_EQUIP": "Grifo", "CALIDAD_U": "Media", "PRESTADOR_": null }, "geometry": { "type": "Point", "coordinates": [ -70.6784, -33.450487, 0.0 ] } },
{ "type": "Feature", "properties": { "TIPO_EQUIP": "Grifo", "CALIDAD_U": "Media", "PRESTADOR_": null }, "geometry": { "type": "Point", "coordinates": [ -70.659809, -33.450463, 0.0 ] } },
{ "type": "Feature", "properties": { "TIPO_EQUIP": "Grifo", "CALIDAD_U": "Media", "PRESTADOR_": null }, "geometry": { "type": "Point", "coordinates": [ -70.638733, -33.450405, 0.0 ] } },
{ "type": "Feature", "properties": { "TIPO_EQUIP": "Grifo", "CALIDAD_U": "Media", "PRESTADOR_": null }, "geometry": { "type": "Point", "coordinates": [ -70.664786, -33.450403, 0.0 ] } },
{ "type": "Feature", "properties": { "TIPO_EQUIP": "Grifo", "CALIDAD_U": "Media", "PRESTADOR_": null }, "geometry": { "type": "Point", "coordinates": [ -70.642974, -33.450401, 0.0 ] } },
{ "type": "Feature", "properties": { "TIPO_EQUIP": "Grifo", "CALIDAD_U": "Media", "PRESTADOR_": null }, "geometry": { "type": "Point", "coordinates": [ -70.677989, -33.450339, 0.0 ] } },
{ "type": "Feature", "properties": { "TIPO_EQUIP": "Grifo", "CALIDAD_U": "Media", "PRESTADOR_": null }, "geometry": { "type": "Point", "coordinates": [ -70.661899, -33.450328, 0.0 ] } },
{ "type": "Feature", "properties": { "TIPO_EQUIP": "Grifo", "CALIDAD_U": "Media", "PRESTADOR_": null }, "geometry": { "type": "Point", "coordinates": [ -70.644545, -33.450294, 0.0 ] } },
{ "type": "Feature", "properties": { "TIPO_EQUIP": "Grifo", "CALIDAD_U": "Media", "PRESTADOR_": null }, "geometry": { "type": "Point", "coordinates": [ -70.631591, -33.450293, 0.0 ] } },
{ "type": "Feature", "properties": { "TIPO_EQUIP": "Grifo", "CALIDAD_U": "Media", "PRESTADOR_": null }, "geometry": { "type": "Point", "coordinates": [ -70.675728, -33.450287, 0.0 ] } },
{ "type": "Feature", "properties": { "TIPO_EQUIP": "Grifo", "CALIDAD_U": "Media", "PRESTADOR_": null }, "geometry": { "type": "Point", "coordinates": [ -70.669249, -33.450284, 0.0 ] } },
{ "type": "Feature", "properties": { "TIPO_EQUIP": "Grifo", "CALIDAD_U": "Media", "PRESTADOR_": null }, "geometry": { "type": "Point", "coordinates": [ -70.648346, -33.450249, 0.0 ] } },
{ "type": "Feature", "properties": { "TIPO_EQUIP": "Grifo", "CALIDAD_U": "Media", "PRESTADOR_": null }, "geometry": { "type": "Point", "coordinates": [ -70.660817, -33.450216, 0.0 ] } },
{ "type": "Feature", "properties": { "TIPO_EQUIP": "Grifo", "CALIDAD_U": "Media", "PRESTADOR_": null }, "geometry": { "type": "Point", "coordinates": [ -70.67503, -33.450135, 0.0 ] } },
{ "type": "Feature", "properties": { "TIPO_EQUIP": "Grifo", "CALIDAD_U": "Media", "PRESTADOR_": null }, "geometry": { "type": "Point", "coordinates": [ -70.641608, -33.45011, 0.0 ] } },
{ "type": "Feature", "properties": { "TIPO_EQUIP": "Grifo", "CALIDAD_U": "Media", "PRESTADOR_": null }, "geometry": { "type": "Point", "coordinates": [ -70.668129, -33.450073, 0.0 ] } },
{ "type": "Feature", "properties": { "TIPO_EQUIP": "Grifo", "CALIDAD_U": "Media", "PRESTADOR_": null }, "geometry": { "type": "Point", "coordinates": [ -70.672531, -33.449982, 0.0 ] } },
{ "type": "Feature", "properties": { "TIPO_EQUIP": "Grifo", "CALIDAD_U": "Media", "PRESTADOR_": null }, "geometry": { "type": "Point", "coordinates": [ -70.662121, -33.44993, 0.0 ] } },
{ "type": "Feature", "properties": { "TIPO_EQUIP": "Grifo", "CALIDAD_U": "Media", "PRESTADOR_": null }, "geometry": { "type": "Point", "coordinates": [ -70.674273, -33.449912, 0.0 ] } },
{ "type": "Feature", "properties": { "TIPO_EQUIP": "Grifo", "CALIDAD_U": "Media", "PRESTADOR_": null }, "geometry": { "type": "Point", "coordinates": [ -70.63644, -33.449891, 0.0 ] } },
{ "type": "Feature", "properties": { "TIPO_EQUIP": "Grifo", "CALIDAD_U": "Media", "PRESTADOR_": null }, "geometry": { "type": "Point", "coordinates": [ -70.667921, -33.44985, 0.0 ] } },
{ "type": "Feature", "properties": { "TIPO_EQUIP": "Grifo", "CALIDAD_U": "Media", "PRESTADOR_": null }, "geometry": { "type": "Point", "coordinates": [ -70.642925, -33.449849, 0.0 ] } },
{ "type": "Feature", "properties": { "TIPO_EQUIP": "Grifo", "CALIDAD_U": "Media", "PRESTADOR_": null }, "geometry": { "type": "Point", "coordinates": [ -70.646205, -33.449836, 0.0 ] } },
{ "type": "Feature", "properties": { "TIPO_EQUIP": "Grifo", "CALIDAD_U": "Media", "PRESTADOR_": null }, "geometry": { "type": "Point", "coordinates": [ -70.673894, -33.449799, 0.0 ] } },
{ "type": "Feature", "properties": { "TIPO_EQUIP": "Grifo", "CALIDAD_U": "Media", "PRESTADOR_": null }, "geometry": { "type": "Point", "coordinates": [ -70.652016, -33.449736, 0.0 ] } },
{ "type": "Feature", "properties": { "TIPO_EQUIP": "Grifo", "CALIDAD_U": "Media", "PRESTADOR_": null }, "geometry": { "type": "Point", "coordinates": [ -70.666544, -33.449723, 0.0 ] } },
{ "type": "Feature", "properties": { "TIPO_EQUIP": "Grifo", "CALIDAD_U": "Media", "PRESTADOR_": null }, "geometry": { "type": "Point", "coordinates": [ -70.670193, -33.449719, 0.0 ] } },
{ "type": "Feature", "properties": { "TIPO_EQUIP": "Grifo", "CALIDAD_U": "Media", "PRESTADOR_": null }, "geometry": { "type": "Point", "coordinates": [ -70.673489, -33.449687, 0.0 ] } },
{ "type": "Feature", "properties": { "TIPO_EQUIP": "Grifo", "CALIDAD_U": "Media", "PRESTADOR_": null }, "geometry": { "type": "Point", "coordinates": [ -70.661079, -33.449673, 0.0 ] } },
{ "type": "Feature", "properties": { "TIPO_EQUIP": "Grifo", "CALIDAD_U": "Media", "PRESTADOR_": null }, "geometry": { "type": "Point", "coordinates": [ -70.635031, -33.449658, 0.0 ] } },
{ "type": "Feature", "properties": { "TIPO_EQUIP": "Grifo", "CALIDAD_U": "Media", "PRESTADOR_": null }, "geometry": { "type": "Point", "coordinates": [ -70.64041, -33.449633, 0.0 ] } },
{ "type": "Feature", "properties": { "TIPO_EQUIP": "Grifo", "CALIDAD_U": "Media", "PRESTADOR_": null }, "geometry": { "type": "Point", "coordinates": [ -70.656749, -33.449613, 0.0 ] } },
{ "type": "Feature", "properties": { "TIPO_EQUIP": "Grifo", "CALIDAD_U": "Media", "PRESTADOR_": null }, "geometry": { "type": "Point", "coordinates": [ -70.649228, -33.44959, 0.0 ] } },
{ "type": "Feature", "properties": { "TIPO_EQUIP": "Grifo", "CALIDAD_U": "Media", "PRESTADOR_": null }, "geometry": { "type": "Point", "coordinates": [ -70.671926, -33.44958, 0.0 ] } },
{ "type": "Feature", "properties": { "TIPO_EQUIP": "Grifo", "CALIDAD_U": "Media", "PRESTADOR_": null }, "geometry": { "type": "Point", "coordinates": [ -70.665767, -33.449574, 0.0 ] } },
{ "type": "Feature", "properties": { "TIPO_EQUIP": "Grifo", "CALIDAD_U": "Media", "PRESTADOR_": null }, "geometry": { "type": "Point", "coordinates": [ -70.660103, -33.449491, 0.0 ] } },
{ "type": "Feature", "properties": { "TIPO_EQUIP": "Grifo", "CALIDAD_U": "Media", "PRESTADOR_": null }, "geometry": { "type": "Point", "coordinates": [ -70.672731, -33.449476, 0.0 ] } },
{ "type": "Feature", "properties": { "TIPO_EQUIP": "Grifo", "CALIDAD_U": "Media", "PRESTADOR_": null }, "geometry": { "type": "Point", "coordinates": [ -70.650825, -33.449469, 0.0 ] } },
{ "type": "Feature", "properties": { "TIPO_EQUIP": "Grifo", "CALIDAD_U": "Media", "PRESTADOR_": null }, "geometry": { "type": "Point", "coordinates": [ -70.677907, -33.449448, 0.0 ] } },
{ "type": "Feature", "properties": { "TIPO_EQUIP": "Grifo", "CALIDAD_U": "Media", "PRESTADOR_": null }, "geometry": { "type": "Point", "coordinates": [ -70.64468, -33.44944, 0.0 ] } },
{ "type": "Feature", "properties": { "TIPO_EQUIP": "Grifo", "CALIDAD_U": "Media", "PRESTADOR_": null }, "geometry": { "type": "Point", "coordinates": [ -70.674486, -33.449431, 0.0 ] } },
{ "type": "Feature", "properties": { "TIPO_EQUIP": "Grifo", "CALIDAD_U": "Media", "PRESTADOR_": null }, "geometry": { "type": "Point", "coordinates": [ -70.657799, -33.449395, 0.0 ] } },
{ "type": "Feature", "properties": { "TIPO_EQUIP": "Grifo", "CALIDAD_U": "Media", "PRESTADOR_": null }, "geometry": { "type": "Point", "coordinates": [ -70.664815, -33.449386, 0.0 ] } },
{ "type": "Feature", "properties": { "TIPO_EQUIP": "Grifo", "CALIDAD_U": "Media", "PRESTADOR_": null }, "geometry": { "type": "Point", "coordinates": [ -70.638918, -33.449326, 0.0 ] } },
{ "type": "Feature", "properties": { "TIPO_EQUIP": "Grifo", "CALIDAD_U": "Media", "PRESTADOR_": null }, "geometry": { "type": "Point", "coordinates": [ -70.634154, -33.449318, 0.0 ] } },
{ "type": "Feature", "properties": { "TIPO_EQUIP": "Grifo", "CALIDAD_U": "Media", "PRESTADOR_": null }, "geometry": { "type": "Point", "coordinates": [ -70.673792, -33.449298, 0.0 ] } },
{ "type": "Feature", "properties": { "TIPO_EQUIP": "Grifo", "CALIDAD_U": "Media", "PRESTADOR_": null }, "geometry": { "type": "Point", "coordinates": [ -70.656745, -33.449248, 0.0 ] } },
{ "type": "Feature", "properties": { "TIPO_EQUIP": "Grifo", "CALIDAD_U": "Media", "PRESTADOR_": null }, "geometry": { "type": "Point", "coordinates": [ -70.668036, -33.449208, 0.0 ] } },
{ "type": "Feature", "properties": { "TIPO_EQUIP": "Grifo", "CALIDAD_U": "Media", "PRESTADOR_": null }, "geometry": { "type": "Point", "coordinates": [ -70.662053, -33.449182, 0.0 ] } },
{ "type": "Feature", "properties": { "TIPO_EQUIP": "Grifo", "CALIDAD_U": "Media", "PRESTADOR_": null }, "geometry": { "type": "Point", "coordinates": [ -70.649405, -33.44917, 0.0 ] } },
{ "type": "Feature", "properties": { "TIPO_EQUIP": "Grifo", "CALIDAD_U": "Media", "PRESTADOR_": null }, "geometry": { "type": "Point", "coordinates": [ -70.643473, -33.449112, 0.0 ] } },
{ "type": "Feature", "properties": { "TIPO_EQUIP": "Grifo", "CALIDAD_U": "Media", "PRESTADOR_": null }, "geometry": { "type": "Point", "coordinates": [ -70.675768, -33.4491, 0.0 ] } },
{ "type": "Feature", "properties": { "TIPO_EQUIP": "Grifo", "CALIDAD_U": "Media", "PRESTADOR_": null }, "geometry": { "type": "Point", "coordinates": [ -70.661191, -33.449038, 0.0 ] } },
{ "type": "Feature", "properties": { "TIPO_EQUIP": "Grifo", "CALIDAD_U": "Media", "PRESTADOR_": null }, "geometry": { "type": "Point", "coordinates": [ -70.654923, -33.449036, 0.0 ] } },
{ "type": "Feature", "properties": { "TIPO_EQUIP": "Grifo", "CALIDAD_U": "Media", "PRESTADOR_": null }, "geometry": { "type": "Point", "coordinates": [ -70.674423, -33.449, 0.0 ] } },
{ "type": "Feature", "properties": { "TIPO_EQUIP": "Grifo", "CALIDAD_U": "Media", "PRESTADOR_": null }, "geometry": { "type": "Point", "coordinates": [ -70.670483, -33.448988, 0.0 ] } },
{ "type": "Feature", "properties": { "TIPO_EQUIP": "Grifo", "CALIDAD_U": "Media", "PRESTADOR_": null }, "geometry": { "type": "Point", "coordinates": [ -70.653396, -33.448969, 0.0 ] } },
{ "type": "Feature", "properties": { "TIPO_EQUIP": "Grifo", "CALIDAD_U": "Media", "PRESTADOR_": null }, "geometry": { "type": "Point", "coordinates": [ -70.648586, -33.448945, 0.0 ] } },
{ "type": "Feature", "properties": { "TIPO_EQUIP": "Grifo", "CALIDAD_U": "Media", "PRESTADOR_": null }, "geometry": { "type": "Point", "coordinates": [ -70.652817, -33.448854, 0.0 ] } },
{ "type": "Feature", "properties": { "TIPO_EQUIP": "Grifo", "CALIDAD_U": "Media", "PRESTADOR_": null }, "geometry": { "type": "Point", "coordinates": [ -70.666421, -33.448835, 0.0 ] } },
{ "type": "Feature", "properties": { "TIPO_EQUIP": "Grifo", "CALIDAD_U": "Media", "PRESTADOR_": null }, "geometry": { "type": "Point", "coordinates": [ -70.6378, -33.448793, 0.0 ] } },
{ "type": "Feature", "properties": { "TIPO_EQUIP": "Grifo", "CALIDAD_U": "Media", "PRESTADOR_": null }, "geometry": { "type": "Point", "coordinates": [ -70.66363, -33.44878, 0.0 ] } },
{ "type": "Feature", "properties": { "TIPO_EQUIP": "Grifo", "CALIDAD_U": "Media", "PRESTADOR_": null }, "geometry": { "type": "Point", "coordinates": [ -70.650985, -33.448776, 0.0 ] } },
{ "type": "Feature", "properties": { "TIPO_EQUIP": "Grifo", "CALIDAD_U": "Media", "PRESTADOR_": null }, "geometry": { "type": "Point", "coordinates": [ -70.671798, -33.448753, 0.0 ] } },
{ "type": "Feature", "properties": { "TIPO_EQUIP": "Grifo", "CALIDAD_U": "Media", "PRESTADOR_": null }, "geometry": { "type": "Point", "coordinates": [ -70.641825, -33.448683, 0.0 ] } },
{ "type": "Feature", "properties": { "TIPO_EQUIP": "Grifo", "CALIDAD_U": "Media", "PRESTADOR_": null }, "geometry": { "type": "Point", "coordinates": [ -70.662319, -33.448658, 0.0 ] } },
{ "type": "Feature", "properties": { "TIPO_EQUIP": "Grifo", "CALIDAD_U": "Media", "PRESTADOR_": null }, "geometry": { "type": "Point", "coordinates": [ -70.647154, -33.448651, 0.0 ] } },
{ "type": "Feature", "properties": { "TIPO_EQUIP": "Grifo", "CALIDAD_U": "Media", "PRESTADOR_": null }, "geometry": { "type": "Point", "coordinates": [ -70.669482, -33.448604, 0.0 ] } },
{ "type": "Feature", "properties": { "TIPO_EQUIP": "Grifo", "CALIDAD_U": "Media", "PRESTADOR_": null }, "geometry": { "type": "Point", "coordinates": [ -70.665786, -33.448574, 0.0 ] } },
{ "type": "Feature", "properties": { "TIPO_EQUIP": "Grifo", "CALIDAD_U": "Media", "PRESTADOR_": null }, "geometry": { "type": "Point", "coordinates": [ -70.640729, -33.448564, 0.0 ] } },
{ "type": "Feature", "properties": { "TIPO_EQUIP": "Grifo", "CALIDAD_U": "Media", "PRESTADOR_": null }, "geometry": { "type": "Point", "coordinates": [ -70.671176, -33.448563, 0.0 ] } },
{ "type": "Feature", "properties": { "TIPO_EQUIP": "Grifo", "CALIDAD_U": "Media", "PRESTADOR_": null }, "geometry": { "type": "Point", "coordinates": [ -70.643631, -33.448538, 0.0 ] } },
{ "type": "Feature", "properties": { "TIPO_EQUIP": "Grifo", "CALIDAD_U": "Media", "PRESTADOR_": null }, "geometry": { "type": "Point", "coordinates": [ -70.679098, -33.448477, 0.0 ] } },
{ "type": "Feature", "properties": { "TIPO_EQUIP": "Grifo", "CALIDAD_U": "Media", "PRESTADOR_": null }, "geometry": { "type": "Point", "coordinates": [ -70.649424, -33.44847, 0.0 ] } },
{ "type": "Feature", "properties": { "TIPO_EQUIP": "Grifo", "CALIDAD_U": "Media", "PRESTADOR_": null }, "geometry": { "type": "Point", "coordinates": [ -70.678154, -33.448451, 0.0 ] } },
{ "type": "Feature", "properties": { "TIPO_EQUIP": "Grifo", "CALIDAD_U": "Media", "PRESTADOR_": null }, "geometry": { "type": "Point", "coordinates": [ -70.646369, -33.44844, 0.0 ] } },
{ "type": "Feature", "properties": { "TIPO_EQUIP": "Grifo", "CALIDAD_U": "Media", "PRESTADOR_": null }, "geometry": { "type": "Point", "coordinates": [ -70.659256, -33.448402, 0.0 ] } },
{ "type": "Feature", "properties": { "TIPO_EQUIP": "Grifo", "CALIDAD_U": "Media", "PRESTADOR_": null }, "geometry": { "type": "Point", "coordinates": [ -70.658749, -33.448399, 0.0 ] } },
{ "type": "Feature", "properties": { "TIPO_EQUIP": "Grifo", "CALIDAD_U": "Media", "PRESTADOR_": null }, "geometry": { "type": "Point", "coordinates": [ -70.670524, -33.448387, 0.0 ] } },
{ "type": "Feature", "properties": { "TIPO_EQUIP": "Grifo", "CALIDAD_U": "Media", "PRESTADOR_": null }, "geometry": { "type": "Point", "coordinates": [ -70.668406, -33.448368, 0.0 ] } },
{ "type": "Feature", "properties": { "TIPO_EQUIP": "Grifo", "CALIDAD_U": "Media", "PRESTADOR_": null }, "geometry": { "type": "Point", "coordinates": [ -70.656949, -33.448347, 0.0 ] } },
{ "type": "Feature", "properties": { "TIPO_EQUIP": "Grifo", "CALIDAD_U": "Media", "PRESTADOR_": null }, "geometry": { "type": "Point", "coordinates": [ -70.635437, -33.448313, 0.0 ] } },
{ "type": "Feature", "properties": { "TIPO_EQUIP": "Grifo", "CALIDAD_U": "Media", "PRESTADOR_": null }, "geometry": { "type": "Point", "coordinates": [ -70.671697, -33.448302, 0.0 ] } },
{ "type": "Feature", "properties": { "TIPO_EQUIP": "Grifo", "CALIDAD_U": "Media", "PRESTADOR_": null }, "geometry": { "type": "Point", "coordinates": [ -70.676047, -33.448243, 0.0 ] } },
{ "type": "Feature", "properties": { "TIPO_EQUIP": "Grifo", "CALIDAD_U": "Media", "PRESTADOR_": null }, "geometry": { "type": "Point", "coordinates": [ -70.66812, -33.448239, 0.0 ] } },
{ "type": "Feature", "properties": { "TIPO_EQUIP": "Grifo", "CALIDAD_U": "Media", "PRESTADOR_": null }, "geometry": { "type": "Point", "coordinates": [ -70.664713, -33.448235, 0.0 ] } },
{ "type": "Feature", "properties": { "TIPO_EQUIP": "Grifo", "CALIDAD_U": "Media", "PRESTADOR_": null }, "geometry": { "type": "Point", "coordinates": [ -70.639469, -33.448229, 0.0 ] } },
{ "type": "Feature", "properties": { "TIPO_EQUIP": "Grifo", "CALIDAD_U": "Media", "PRESTADOR_": null }, "geometry": { "type": "Point", "coordinates": [ -70.645361, -33.448119, 0.0 ] } },
{ "type": "Feature", "properties": { "TIPO_EQUIP": "Grifo", "CALIDAD_U": "Media", "PRESTADOR_": null }, "geometry": { "type": "Point", "coordinates": [ -70.667313, -33.448091, 0.0 ] } },
{ "type": "Feature", "properties": { "TIPO_EQUIP": "Grifo", "CALIDAD_U": "Media", "PRESTADOR_": null }, "geometry": { "type": "Point", "coordinates": [ -70.63459, -33.448082, 0.0 ] } },
{ "type": "Feature", "properties": { "TIPO_EQUIP": "Grifo", "CALIDAD_U": "Media", "PRESTADOR_": null }, "geometry": { "type": "Point", "coordinates": [ -70.6692, -33.448031, 0.0 ] } },
{ "type": "Feature", "properties": { "TIPO_EQUIP": "Grifo", "CALIDAD_U": "Media", "PRESTADOR_": null }, "geometry": { "type": "Point", "coordinates": [ -70.662287, -33.447972, 0.0 ] } },
{ "type": "Feature", "properties": { "TIPO_EQUIP": "Grifo", "CALIDAD_U": "Media", "PRESTADOR_": null }, "geometry": { "type": "Point", "coordinates": [ -70.64373, -33.447941, 0.0 ] } },
{ "type": "Feature", "properties": { "TIPO_EQUIP": "Grifo", "CALIDAD_U": "Media", "PRESTADOR_": null }, "geometry": { "type": "Point", "coordinates": [ -70.666001, -33.447873, 0.0 ] } },
{ "type": "Feature", "properties": { "TIPO_EQUIP": "Grifo", "CALIDAD_U": "Media", "PRESTADOR_": null }, "geometry": { "type": "Point", "coordinates": [ -70.673363, -33.44782, 0.0 ] } },
{ "type": "Feature", "properties": { "TIPO_EQUIP": "Grifo", "CALIDAD_U": "Media", "PRESTADOR_": null }, "geometry": { "type": "Point", "coordinates": [ -70.668287, -33.447791, 0.0 ] } },
{ "type": "Feature", "properties": { "TIPO_EQUIP": "Grifo", "CALIDAD_U": "Media", "PRESTADOR_": null }, "geometry": { "type": "Point", "coordinates": [ -70.653505, -33.447758, 0.0 ] } },
{ "type": "Feature", "properties": { "TIPO_EQUIP": "Grifo", "CALIDAD_U": "Media", "PRESTADOR_": null }, "geometry": { "type": "Point", "coordinates": [ -70.678086, -33.447729, 0.0 ] } },
{ "type": "Feature", "properties": { "TIPO_EQUIP": "Grifo", "CALIDAD_U": "Media", "PRESTADOR_": null }, "geometry": { "type": "Point", "coordinates": [ -70.679186, -33.447656, 0.0 ] } },
{ "type": "Feature", "properties": { "TIPO_EQUIP": "Grifo", "CALIDAD_U": "Media", "PRESTADOR_": null }, "geometry": { "type": "Point", "coordinates": [ -70.664992, -33.447608, 0.0 ] } },
{ "type": "Feature", "properties": { "TIPO_EQUIP": "Grifo", "CALIDAD_U": "Media", "PRESTADOR_": null }, "geometry": { "type": "Point", "coordinates": [ -70.652058, -33.447582, 0.0 ] } },
{ "type": "Feature", "properties": { "TIPO_EQUIP": "Grifo", "CALIDAD_U": "Media", "PRESTADOR_": null }, "geometry": { "type": "Point", "coordinates": [ -70.667706, -33.44758, 0.0 ] } },
{ "type": "Feature", "properties": { "TIPO_EQUIP": "Grifo", "CALIDAD_U": "Media", "PRESTADOR_": null }, "geometry": { "type": "Point", "coordinates": [ -70.632382, -33.447567, 0.0 ] } },
{ "type": "Feature", "properties": { "TIPO_EQUIP": "Grifo", "CALIDAD_U": "Media", "PRESTADOR_": null }, "geometry": { "type": "Point", "coordinates": [ -70.674733, -33.447555, 0.0 ] } },
{ "type": "Feature", "properties": { "TIPO_EQUIP": "Grifo", "CALIDAD_U": "Media", "PRESTADOR_": null }, "geometry": { "type": "Point", "coordinates": [ -70.663891, -33.447373, 0.0 ] } },
{ "type": "Feature", "properties": { "TIPO_EQUIP": "Grifo", "CALIDAD_U": "Media", "PRESTADOR_": null }, "geometry": { "type": "Point", "coordinates": [ -70.658231, -33.447337, 0.0 ] } },
{ "type": "Feature", "properties": { "TIPO_EQUIP": "Grifo", "CALIDAD_U": "Media", "PRESTADOR_": null }, "geometry": { "type": "Point", "coordinates": [ -70.635763, -33.447314, 0.0 ] } },
{ "type": "Feature", "properties": { "TIPO_EQUIP": "Grifo", "CALIDAD_U": "Media", "PRESTADOR_": null }, "geometry": { "type": "Point", "coordinates": [ -70.648958, -33.447245, 0.0 ] } },
{ "type": "Feature", "properties": { "TIPO_EQUIP": "Grifo", "CALIDAD_U": "Media", "PRESTADOR_": null }, "geometry": { "type": "Point", "coordinates": [ -70.669301, -33.447217, 0.0 ] } },
{ "type": "Feature", "properties": { "TIPO_EQUIP": "Grifo", "CALIDAD_U": "Media", "PRESTADOR_": null }, "geometry": { "type": "Point", "coordinates": [ -70.657147, -33.447202, 0.0 ] } },
{ "type": "Feature", "properties": { "TIPO_EQUIP": "Grifo", "CALIDAD_U": "Media", "PRESTADOR_": null }, "geometry": { "type": "Point", "coordinates": [ -70.670657, -33.447197, 0.0 ] } },
{ "type": "Feature", "properties": { "TIPO_EQUIP": "Grifo", "CALIDAD_U": "Media", "PRESTADOR_": null }, "geometry": { "type": "Point", "coordinates": [ -70.676218, -33.447186, 0.0 ] } },
{ "type": "Feature", "properties": { "TIPO_EQUIP": "Grifo", "CALIDAD_U": "Media", "PRESTADOR_": null }, "geometry": { "type": "Point", "coordinates": [ -70.662642, -33.447125, 0.0 ] } },
{ "type": "Feature", "properties": { "TIPO_EQUIP": "Grifo", "CALIDAD_U": "Media", "PRESTADOR_": null }, "geometry": { "type": "Point", "coordinates": [ -70.642481, -33.447069, 0.0 ] } },
{ "type": "Feature", "properties": { "TIPO_EQUIP": "Grifo", "CALIDAD_U": "Media", "PRESTADOR_": null }, "geometry": { "type": "Point", "coordinates": [ -70.665776, -33.447024, 0.0 ] } },
{ "type": "Feature", "properties": { "TIPO_EQUIP": "Grifo", "CALIDAD_U": "Media", "PRESTADOR_": null }, "geometry": { "type": "Point", "coordinates": [ -70.657063, -33.44702, 0.0 ] } },
{ "type": "Feature", "properties": { "TIPO_EQUIP": "Grifo", "CALIDAD_U": "Media", "PRESTADOR_": null }, "geometry": { "type": "Point", "coordinates": [ -70.66777, -33.446984, 0.0 ] } },
{ "type": "Feature", "properties": { "TIPO_EQUIP": "Grifo", "CALIDAD_U": "Media", "PRESTADOR_": null }, "geometry": { "type": "Point", "coordinates": [ -70.661895, -33.44696, 0.0 ] } },
{ "type": "Feature", "properties": { "TIPO_EQUIP": "Grifo", "CALIDAD_U": "Media", "PRESTADOR_": null }, "geometry": { "type": "Point", "coordinates": [ -70.672114, -33.446953, 0.0 ] } },
{ "type": "Feature", "properties": { "TIPO_EQUIP": "Grifo", "CALIDAD_U": "Media", "PRESTADOR_": null }, "geometry": { "type": "Point", "coordinates": [ -70.656077, -33.446943, 0.0 ] } },
{ "type": "Feature", "properties": { "TIPO_EQUIP": "Grifo", "CALIDAD_U": "Media", "PRESTADOR_": null }, "geometry": { "type": "Point", "coordinates": [ -70.636459, -33.446895, 0.0 ] } },
{ "type": "Feature", "properties": { "TIPO_EQUIP": "Grifo", "CALIDAD_U": "Media", "PRESTADOR_": null }, "geometry": { "type": "Point", "coordinates": [ -70.647165, -33.446875, 0.0 ] } },
{ "type": "Feature", "properties": { "TIPO_EQUIP": "Grifo", "CALIDAD_U": "Media", "PRESTADOR_": null }, "geometry": { "type": "Point", "coordinates": [ -70.638604, -33.446875, 0.0 ] } },
{ "type": "Feature", "properties": { "TIPO_EQUIP": "Grifo", "CALIDAD_U": "Media", "PRESTADOR_": null }, "geometry": { "type": "Point", "coordinates": [ -70.658159, -33.446849, 0.0 ] } },
{ "type": "Feature", "properties": { "TIPO_EQUIP": "Grifo", "CALIDAD_U": "Media", "PRESTADOR_": null }, "geometry": { "type": "Point", "coordinates": [ -70.655273, -33.446807, 0.0 ] } },
{ "type": "Feature", "properties": { "TIPO_EQUIP": "Grifo", "CALIDAD_U": "Media", "PRESTADOR_": null }, "geometry": { "type": "Point", "coordinates": [ -70.660869, -33.44678, 0.0 ] } },
{ "type": "Feature", "properties": { "TIPO_EQUIP": "Grifo", "CALIDAD_U": "Media", "PRESTADOR_": null }, "geometry": { "type": "Point", "coordinates": [ -70.651116, -33.446707, 0.0 ] } },
{ "type": "Feature", "properties": { "TIPO_EQUIP": "Grifo", "CALIDAD_U": "Media", "PRESTADOR_": null }, "geometry": { "type": "Point", "coordinates": [ -70.661933, -33.446705, 0.0 ] } },
{ "type": "Feature", "properties": { "TIPO_EQUIP": "Grifo", "CALIDAD_U": "Media", "PRESTADOR_": null }, "geometry": { "type": "Point", "coordinates": [ -70.649806, -33.446696, 0.0 ] } },
{ "type": "Feature", "properties": { "TIPO_EQUIP": "Grifo", "CALIDAD_U": "Media", "PRESTADOR_": null }, "geometry": { "type": "Point", "coordinates": [ -70.679155, -33.446683, 0.0 ] } },
{ "type": "Feature", "properties": { "TIPO_EQUIP": "Grifo", "CALIDAD_U": "Media", "PRESTADOR_": null }, "geometry": { "type": "Point", "coordinates": [ -70.661564, -33.446674, 0.0 ] } },
{ "type": "Feature", "properties": { "TIPO_EQUIP": "Grifo", "CALIDAD_U": "Media", "PRESTADOR_": null }, "geometry": { "type": "Point", "coordinates": [ -70.663996, -33.446641, 0.0 ] } },
{ "type": "Feature", "properties": { "TIPO_EQUIP": "Grifo", "CALIDAD_U": "Media", "PRESTADOR_": null }, "geometry": { "type": "Point", "coordinates": [ -70.645349, -33.446522, 0.0 ] } },
{ "type": "Feature", "properties": { "TIPO_EQUIP": "Grifo", "CALIDAD_U": "Media", "PRESTADOR_": null }, "geometry": { "type": "Point", "coordinates": [ -70.664752, -33.446508, 0.0 ] } },
{ "type": "Feature", "properties": { "TIPO_EQUIP": "Grifo", "CALIDAD_U": "Media", "PRESTADOR_": null }, "geometry": { "type": "Point", "coordinates": [ -70.653395, -33.446504, 0.0 ] } },
{ "type": "Feature", "properties": { "TIPO_EQUIP": "Grifo", "CALIDAD_U": "Media", "PRESTADOR_": null }, "geometry": { "type": "Point", "coordinates": [ -70.669335, -33.446479, 0.0 ] } },
{ "type": "Feature", "properties": { "TIPO_EQUIP": "Grifo", "CALIDAD_U": "Media", "PRESTADOR_": null }, "geometry": { "type": "Point", "coordinates": [ -70.678348, -33.446428, 0.0 ] } },
{ "type": "Feature", "properties": { "TIPO_EQUIP": "Grifo", "CALIDAD_U": "Media", "PRESTADOR_": null }, "geometry": { "type": "Point", "coordinates": [ -70.667566, -33.446423, 0.0 ] } },
{ "type": "Feature", "properties": { "TIPO_EQUIP": "Grifo", "CALIDAD_U": "Media", "PRESTADOR_": null }, "geometry": { "type": "Point", "coordinates": [ -70.652735, -33.446366, 0.0 ] } },
{ "type": "Feature", "properties": { "TIPO_EQUIP": "Grifo", "CALIDAD_U": "Media", "PRESTADOR_": null }, "geometry": { "type": "Point", "coordinates": [ -70.641456, -33.446312, 0.0 ] } },
{ "type": "Feature", "properties": { "TIPO_EQUIP": "Grifo", "CALIDAD_U": "Media", "PRESTADOR_": null }, "geometry": { "type": "Point", "coordinates": [ -70.662702, -33.446265, 0.0 ] } },
{ "type": "Feature", "properties": { "TIPO_EQUIP": "Grifo", "CALIDAD_U": "Media", "PRESTADOR_": null }, "geometry": { "type": "Point", "coordinates": [ -70.676363, -33.446198, 0.0 ] } },
{ "type": "Feature", "properties": { "TIPO_EQUIP": "Grifo", "CALIDAD_U": "Media", "PRESTADOR_": null }, "geometry": { "type": "Point", "coordinates": [ -70.658484, -33.446177, 0.0 ] } },
{ "type": "Feature", "properties": { "TIPO_EQUIP": "Grifo", "CALIDAD_U": "Media", "PRESTADOR_": null }, "geometry": { "type": "Point", "coordinates": [ -70.659214, -33.446176, 0.0 ] } },
{ "type": "Feature", "properties": { "TIPO_EQUIP": "Grifo", "CALIDAD_U": "Media", "PRESTADOR_": null }, "geometry": { "type": "Point", "coordinates": [ -70.644132, -33.446166, 0.0 ] } },
{ "type": "Feature", "properties": { "TIPO_EQUIP": "Grifo", "CALIDAD_U": "Media", "PRESTADOR_": null }, "geometry": { "type": "Point", "coordinates": [ -70.65028, -33.446156, 0.0 ] } },
{ "type": "Feature", "properties": { "TIPO_EQUIP": "Grifo", "CALIDAD_U": "Media", "PRESTADOR_": null }, "geometry": { "type": "Point", "coordinates": [ -70.651349, -33.446088, 0.0 ] } },
{ "type": "Feature", "properties": { "TIPO_EQUIP": "Grifo", "CALIDAD_U": "Media", "PRESTADOR_": null }, "geometry": { "type": "Point", "coordinates": [ -70.675254, -33.446081, 0.0 ] } },
{ "type": "Feature", "properties": { "TIPO_EQUIP": "Grifo", "CALIDAD_U": "Media", "PRESTADOR_": null }, "geometry": { "type": "Point", "coordinates": [ -70.640251, -33.446057, 0.0 ] } },
{ "type": "Feature", "properties": { "TIPO_EQUIP": "Grifo", "CALIDAD_U": "Media", "PRESTADOR_": null }, "geometry": { "type": "Point", "coordinates": [ -70.666108, -33.446015, 0.0 ] } },
{ "type": "Feature", "properties": { "TIPO_EQUIP": "Grifo", "CALIDAD_U": "Media", "PRESTADOR_": null }, "geometry": { "type": "Point", "coordinates": [ -70.658614, -33.445953, 0.0 ] } },
{ "type": "Feature", "properties": { "TIPO_EQUIP": "Grifo", "CALIDAD_U": "Media", "PRESTADOR_": null }, "geometry": { "type": "Point", "coordinates": [ -70.658287, -33.445943, 0.0 ] } },
{ "type": "Feature", "properties": { "TIPO_EQUIP": "Grifo", "CALIDAD_U": "Media", "PRESTADOR_": null }, "geometry": { "type": "Point", "coordinates": [ -70.650085, -33.445937, 0.0 ] } },
{ "type": "Feature", "properties": { "TIPO_EQUIP": "Grifo", "CALIDAD_U": "Media", "PRESTADOR_": null }, "geometry": { "type": "Point", "coordinates": [ -70.657376, -33.445901, 0.0 ] } },
{ "type": "Feature", "properties": { "TIPO_EQUIP": "Grifo", "CALIDAD_U": "Media", "PRESTADOR_": null }, "geometry": { "type": "Point", "coordinates": [ -70.674192, -33.445861, 0.0 ] } },
{ "type": "Feature", "properties": { "TIPO_EQUIP": "Grifo", "CALIDAD_U": "Media", "PRESTADOR_": null }, "geometry": { "type": "Point", "coordinates": [ -70.676303, -33.445835, 0.0 ] } },
{ "type": "Feature", "properties": { "TIPO_EQUIP": "Grifo", "CALIDAD_U": "Media", "PRESTADOR_": null }, "geometry": { "type": "Point", "coordinates": [ -70.635141, -33.445834, 0.0 ] } },
{ "type": "Feature", "properties": { "TIPO_EQUIP": "Grifo", "CALIDAD_U": "Media", "PRESTADOR_": null }, "geometry": { "type": "Point", "coordinates": [ -70.638991, -33.445779, 0.0 ] } },
{ "type": "Feature", "properties": { "TIPO_EQUIP": "Grifo", "CALIDAD_U": "Media", "PRESTADOR_": null }, "geometry": { "type": "Point", "coordinates": [ -70.671465, -33.44572, 0.0 ] } },
{ "type": "Feature", "properties": { "TIPO_EQUIP": "Grifo", "CALIDAD_U": "Media", "PRESTADOR_": null }, "geometry": { "type": "Point", "coordinates": [ -70.642795, -33.445703, 0.0 ] } },
{ "type": "Feature", "properties": { "TIPO_EQUIP": "Grifo", "CALIDAD_U": "Media", "PRESTADOR_": null }, "geometry": { "type": "Point", "coordinates": [ -70.648163, -33.445697, 0.0 ] } },
{ "type": "Feature", "properties": { "TIPO_EQUIP": "Grifo", "CALIDAD_U": "Media", "PRESTADOR_": null }, "geometry": { "type": "Point", "coordinates": [ -70.672076, -33.445664, 0.0 ] } },
{ "type": "Feature", "properties": { "TIPO_EQUIP": "Grifo", "CALIDAD_U": "Media", "PRESTADOR_": null }, "geometry": { "type": "Point", "coordinates": [ -70.678274, -33.445573, 0.0 ] } },
{ "type": "Feature", "properties": { "TIPO_EQUIP": "Grifo", "CALIDAD_U": "Media", "PRESTADOR_": null }, "geometry": { "type": "Point", "coordinates": [ -70.67719, -33.445553, 0.0 ] } },
{ "type": "Feature", "properties": { "TIPO_EQUIP": "Grifo", "CALIDAD_U": "Media", "PRESTADOR_": null }, "geometry": { "type": "Point", "coordinates": [ -70.633089, -33.445538, 0.0 ] } },
{ "type": "Feature", "properties": { "TIPO_EQUIP": "Grifo", "CALIDAD_U": "Media", "PRESTADOR_": null }, "geometry": { "type": "Point", "coordinates": [ -70.670538, -33.445513, 0.0 ] } },
{ "type": "Feature", "properties": { "TIPO_EQUIP": "Grifo", "CALIDAD_U": "Media", "PRESTADOR_": null }, "geometry": { "type": "Point", "coordinates": [ -70.665806, -33.445501, 0.0 ] } },
{ "type": "Feature", "properties": { "TIPO_EQUIP": "Grifo", "CALIDAD_U": "Media", "PRESTADOR_": null }, "geometry": { "type": "Point", "coordinates": [ -70.669632, -33.445494, 0.0 ] } },
{ "type": "Feature", "properties": { "TIPO_EQUIP": "Grifo", "CALIDAD_U": "Media", "PRESTADOR_": null }, "geometry": { "type": "Point", "coordinates": [ -70.675112, -33.445483, 0.0 ] } },
{ "type": "Feature", "properties": { "TIPO_EQUIP": "Grifo", "CALIDAD_U": "Media", "PRESTADOR_": null }, "geometry": { "type": "Point", "coordinates": [ -70.647211, -33.445455, 0.0 ] } },
{ "type": "Feature", "properties": { "TIPO_EQUIP": "Grifo", "CALIDAD_U": "Media", "PRESTADOR_": null }, "geometry": { "type": "Point", "coordinates": [ -70.650123, -33.445395, 0.0 ] } },
{ "type": "Feature", "properties": { "TIPO_EQUIP": "Grifo", "CALIDAD_U": "Media", "PRESTADOR_": null }, "geometry": { "type": "Point", "coordinates": [ -70.667686, -33.445392, 0.0 ] } },
{ "type": "Feature", "properties": { "TIPO_EQUIP": "Grifo", "CALIDAD_U": "Media", "PRESTADOR_": null }, "geometry": { "type": "Point", "coordinates": [ -70.645665, -33.445355, 0.0 ] } },
{ "type": "Feature", "properties": { "TIPO_EQUIP": "Grifo", "CALIDAD_U": "Media", "PRESTADOR_": null }, "geometry": { "type": "Point", "coordinates": [ -70.655715, -33.445332, 0.0 ] } },
{ "type": "Feature", "properties": { "TIPO_EQUIP": "Grifo", "CALIDAD_U": "Media", "PRESTADOR_": null }, "geometry": { "type": "Point", "coordinates": [ -70.636635, -33.445279, 0.0 ] } },
{ "type": "Feature", "properties": { "TIPO_EQUIP": "Grifo", "CALIDAD_U": "Media", "PRESTADOR_": null }, "geometry": { "type": "Point", "coordinates": [ -70.658755, -33.445231, 0.0 ] } },
{ "type": "Feature", "properties": { "TIPO_EQUIP": "Grifo", "CALIDAD_U": "Media", "PRESTADOR_": null }, "geometry": { "type": "Point", "coordinates": [ -70.672956, -33.445215, 0.0 ] } },
{ "type": "Feature", "properties": { "TIPO_EQUIP": "Grifo", "CALIDAD_U": "Media", "PRESTADOR_": null }, "geometry": { "type": "Point", "coordinates": [ -70.657892, -33.4452, 0.0 ] } },
{ "type": "Feature", "properties": { "TIPO_EQUIP": "Grifo", "CALIDAD_U": "Media", "PRESTADOR_": null }, "geometry": { "type": "Point", "coordinates": [ -70.679411, -33.445163, 0.0 ] } },
{ "type": "Feature", "properties": { "TIPO_EQUIP": "Grifo", "CALIDAD_U": "Media", "PRESTADOR_": null }, "geometry": { "type": "Point", "coordinates": [ -70.667152, -33.445103, 0.0 ] } },
{ "type": "Feature", "properties": { "TIPO_EQUIP": "Grifo", "CALIDAD_U": "Media", "PRESTADOR_": null }, "geometry": { "type": "Point", "coordinates": [ -70.644357, -33.445076, 0.0 ] } },
{ "type": "Feature", "properties": { "TIPO_EQUIP": "Grifo", "CALIDAD_U": "Media", "PRESTADOR_": null }, "geometry": { "type": "Point", "coordinates": [ -70.657488, -33.445073, 0.0 ] } },
{ "type": "Feature", "properties": { "TIPO_EQUIP": "Grifo", "CALIDAD_U": "Media", "PRESTADOR_": null }, "geometry": { "type": "Point", "coordinates": [ -70.678464, -33.445047, 0.0 ] } },
{ "type": "Feature", "properties": { "TIPO_EQUIP": "Grifo", "CALIDAD_U": "Media", "PRESTADOR_": null }, "geometry": { "type": "Point", "coordinates": [ -70.654602, -33.445046, 0.0 ] } },
{ "type": "Feature", "properties": { "TIPO_EQUIP": "Grifo", "CALIDAD_U": "Media", "PRESTADOR_": null }, "geometry": { "type": "Point", "coordinates": [ -70.67739, -33.444988, 0.0 ] } },
{ "type": "Feature", "properties": { "TIPO_EQUIP": "Grifo", "CALIDAD_U": "Media", "PRESTADOR_": null }, "geometry": { "type": "Point", "coordinates": [ -70.663964, -33.444983, 0.0 ] } },
{ "type": "Feature", "properties": { "TIPO_EQUIP": "Grifo", "CALIDAD_U": "Media", "PRESTADOR_": null }, "geometry": { "type": "Point", "coordinates": [ -70.666321, -33.44498, 0.0 ] } },
{ "type": "Feature", "properties": { "TIPO_EQUIP": "Grifo", "CALIDAD_U": "Media", "PRESTADOR_": null }, "geometry": { "type": "Point", "coordinates": [ -70.652714, -33.444959, 0.0 ] } },
{ "type": "Feature", "properties": { "TIPO_EQUIP": "Grifo", "CALIDAD_U": "Media", "PRESTADOR_": null }, "geometry": { "type": "Point", "coordinates": [ -70.635635, -33.444928, 0.0 ] } },
{ "type": "Feature", "properties": { "TIPO_EQUIP": "Grifo", "CALIDAD_U": "Media", "PRESTADOR_": null }, "geometry": { "type": "Point", "coordinates": [ -70.653031, -33.444905, 0.0 ] } },
{ "type": "Feature", "properties": { "TIPO_EQUIP": "Grifo", "CALIDAD_U": "Media", "PRESTADOR_": null }, "geometry": { "type": "Point", "coordinates": [ -70.675339, -33.44489, 0.0 ] } },
{ "type": "Feature", "properties": { "TIPO_EQUIP": "Grifo", "CALIDAD_U": "Media", "PRESTADOR_": null }, "geometry": { "type": "Point", "coordinates": [ -70.656478, -33.444889, 0.0 ] } },
{ "type": "Feature", "properties": { "TIPO_EQUIP": "Grifo", "CALIDAD_U": "Media", "PRESTADOR_": null }, "geometry": { "type": "Point", "coordinates": [ -70.669599, -33.444874, 0.0 ] } },
{ "type": "Feature", "properties": { "TIPO_EQUIP": "Grifo", "CALIDAD_U": "Media", "PRESTADOR_": null }, "geometry": { "type": "Point", "coordinates": [ -70.644309, -33.444817, 0.0 ] } },
{ "type": "Feature", "properties": { "TIPO_EQUIP": "Grifo", "CALIDAD_U": "Media", "PRESTADOR_": null }, "geometry": { "type": "Point", "coordinates": [ -70.663091, -33.444811, 0.0 ] } },
{ "type": "Feature", "properties": { "TIPO_EQUIP": "Grifo", "CALIDAD_U": "Media", "PRESTADOR_": null }, "geometry": { "type": "Point", "coordinates": [ -70.676195, -33.444792, 0.0 ] } },
{ "type": "Feature", "properties": { "TIPO_EQUIP": "Grifo", "CALIDAD_U": "Media", "PRESTADOR_": null }, "geometry": { "type": "Point", "coordinates": [ -70.664788, -33.444766, 0.0 ] } },
{ "type": "Feature", "properties": { "TIPO_EQUIP": "Grifo", "CALIDAD_U": "Media", "PRESTADOR_": null }, "geometry": { "type": "Point", "coordinates": [ -70.67399, -33.444723, 0.0 ] } },
{ "type": "Feature", "properties": { "TIPO_EQUIP": "Grifo", "CALIDAD_U": "Media", "PRESTADOR_": null }, "geometry": { "type": "Point", "coordinates": [ -70.648505, -33.44472, 0.0 ] } },
{ "type": "Feature", "properties": { "TIPO_EQUIP": "Grifo", "CALIDAD_U": "Media", "PRESTADOR_": null }, "geometry": { "type": "Point", "coordinates": [ -70.647245, -33.444693, 0.0 ] } },
{ "type": "Feature", "properties": { "TIPO_EQUIP": "Grifo", "CALIDAD_U": "Media", "PRESTADOR_": null }, "geometry": { "type": "Point", "coordinates": [ -70.667933, -33.44466, 0.0 ] } },
{ "type": "Feature", "properties": { "TIPO_EQUIP": "Grifo", "CALIDAD_U": "Media", "PRESTADOR_": null }, "geometry": { "type": "Point", "coordinates": [ -70.66174, -33.444564, 0.0 ] } },
{ "type": "Feature", "properties": { "TIPO_EQUIP": "Grifo", "CALIDAD_U": "Media", "PRESTADOR_": null }, "geometry": { "type": "Point", "coordinates": [ -70.660206, -33.444557, 0.0 ] } },
{ "type": "Feature", "properties": { "TIPO_EQUIP": "Grifo", "CALIDAD_U": "Media", "PRESTADOR_": null }, "geometry": { "type": "Point", "coordinates": [ -70.643049, -33.444549, 0.0 ] } },
{ "type": "Feature", "properties": { "TIPO_EQUIP": "Grifo", "CALIDAD_U": "Media", "PRESTADOR_": null }, "geometry": { "type": "Point", "coordinates": [ -70.649799, -33.444541, 0.0 ] } },
{ "type": "Feature", "properties": { "TIPO_EQUIP": "Grifo", "CALIDAD_U": "Media", "PRESTADOR_": null }, "geometry": { "type": "Point", "coordinates": [ -70.678374, -33.444528, 0.0 ] } },
{ "type": "Feature", "properties": { "TIPO_EQUIP": "Grifo", "CALIDAD_U": "Media", "PRESTADOR_": null }, "geometry": { "type": "Point", "coordinates": [ -70.651641, -33.444526, 0.0 ] } },
{ "type": "Feature", "properties": { "TIPO_EQUIP": "Grifo", "CALIDAD_U": "Media", "PRESTADOR_": null }, "geometry": { "type": "Point", "coordinates": [ -70.637074, -33.444526, 0.0 ] } },
{ "type": "Feature", "properties": { "TIPO_EQUIP": "Grifo", "CALIDAD_U": "Media", "PRESTADOR_": null }, "geometry": { "type": "Point", "coordinates": [ -70.654958, -33.44452, 0.0 ] } },
{ "type": "Feature", "properties": { "TIPO_EQUIP": "Grifo", "CALIDAD_U": "Media", "PRESTADOR_": null }, "geometry": { "type": "Point", "coordinates": [ -70.639436, -33.444493, 0.0 ] } },
{ "type": "Feature", "properties": { "TIPO_EQUIP": "Grifo", "CALIDAD_U": "Media", "PRESTADOR_": null }, "geometry": { "type": "Point", "coordinates": [ -70.667655, -33.444476, 0.0 ] } },
{ "type": "Feature", "properties": { "TIPO_EQUIP": "Grifo", "CALIDAD_U": "Media", "PRESTADOR_": null }, "geometry": { "type": "Point", "coordinates": [ -70.646398, -33.444458, 0.0 ] } },
{ "type": "Feature", "properties": { "TIPO_EQUIP": "Grifo", "CALIDAD_U": "Media", "PRESTADOR_": null }, "geometry": { "type": "Point", "coordinates": [ -70.665061, -33.444401, 0.0 ] } },
{ "type": "Feature", "properties": { "TIPO_EQUIP": "Grifo", "CALIDAD_U": "Media", "PRESTADOR_": null }, "geometry": { "type": "Point", "coordinates": [ -70.671225, -33.444399, 0.0 ] } },
{ "type": "Feature", "properties": { "TIPO_EQUIP": "Grifo", "CALIDAD_U": "Media", "PRESTADOR_": null }, "geometry": { "type": "Point", "coordinates": [ -70.650435, -33.444299, 0.0 ] } },
{ "type": "Feature", "properties": { "TIPO_EQUIP": "Grifo", "CALIDAD_U": "Media", "PRESTADOR_": null }, "geometry": { "type": "Point", "coordinates": [ -70.654361, -33.444293, 0.0 ] } },
{ "type": "Feature", "properties": { "TIPO_EQUIP": "Grifo", "CALIDAD_U": "Media", "PRESTADOR_": null }, "geometry": { "type": "Point", "coordinates": [ -70.664205, -33.444272, 0.0 ] } },
{ "type": "Feature", "properties": { "TIPO_EQUIP": "Grifo", "CALIDAD_U": "Media", "PRESTADOR_": null }, "geometry": { "type": "Point", "coordinates": [ -70.669786, -33.444271, 0.0 ] } },
{ "type": "Feature", "properties": { "TIPO_EQUIP": "Grifo", "CALIDAD_U": "Media", "PRESTADOR_": null }, "geometry": { "type": "Point", "coordinates": [ -70.663207, -33.444218, 0.0 ] } },
{ "type": "Feature", "properties": { "TIPO_EQUIP": "Grifo", "CALIDAD_U": "Media", "PRESTADOR_": null }, "geometry": { "type": "Point", "coordinates": [ -70.653676, -33.44421, 0.0 ] } },
{ "type": "Feature", "properties": { "TIPO_EQUIP": "Grifo", "CALIDAD_U": "Media", "PRESTADOR_": null }, "geometry": { "type": "Point", "coordinates": [ -70.633371, -33.444202, 0.0 ] } },
{ "type": "Feature", "properties": { "TIPO_EQUIP": "Grifo", "CALIDAD_U": "Media", "PRESTADOR_": null }, "geometry": { "type": "Point", "coordinates": [ -70.658954, -33.444122, 0.0 ] } },
{ "type": "Feature", "properties": { "TIPO_EQUIP": "Grifo", "CALIDAD_U": "Media", "PRESTADOR_": null }, "geometry": { "type": "Point", "coordinates": [ -70.678533, -33.444008, 0.0 ] } },
{ "type": "Feature", "properties": { "TIPO_EQUIP": "Grifo", "CALIDAD_U": "Media", "PRESTADOR_": null }, "geometry": { "type": "Point", "coordinates": [ -70.667988, -33.443956, 0.0 ] } },
{ "type": "Feature", "properties": { "TIPO_EQUIP": "Grifo", "CALIDAD_U": "Media", "PRESTADOR_": null }, "geometry": { "type": "Point", "coordinates": [ -70.649636, -33.443955, 0.0 ] } },
{ "type": "Feature", "properties": { "TIPO_EQUIP": "Grifo", "CALIDAD_U": "Media", "PRESTADOR_": null }, "geometry": { "type": "Point", "coordinates": [ -70.683018, -33.443955, 0.0 ] } },
{ "type": "Feature", "properties": { "TIPO_EQUIP": "Grifo", "CALIDAD_U": "Media", "PRESTADOR_": null }, "geometry": { "type": "Point", "coordinates": [ -70.647992, -33.443949, 0.0 ] } },
{ "type": "Feature", "properties": { "TIPO_EQUIP": "Grifo", "CALIDAD_U": "Media", "PRESTADOR_": null }, "geometry": { "type": "Point", "coordinates": [ -70.652445, -33.443948, 0.0 ] } },
{ "type": "Feature", "properties": { "TIPO_EQUIP": "Grifo", "CALIDAD_U": "Media", "PRESTADOR_": null }, "geometry": { "type": "Point", "coordinates": [ -70.655886, -33.443933, 0.0 ] } },
{ "type": "Feature", "properties": { "TIPO_EQUIP": "Grifo", "CALIDAD_U": "Media", "PRESTADOR_": null }, "geometry": { "type": "Point", "coordinates": [ -70.672056, -33.443924, 0.0 ] } },
{ "type": "Feature", "properties": { "TIPO_EQUIP": "Grifo", "CALIDAD_U": "Media", "PRESTADOR_": null }, "geometry": { "type": "Point", "coordinates": [ -70.654427, -33.443913, 0.0 ] } },
{ "type": "Feature", "properties": { "TIPO_EQUIP": "Grifo", "CALIDAD_U": "Media", "PRESTADOR_": null }, "geometry": { "type": "Point", "coordinates": [ -70.677453, -33.443864, 0.0 ] } },
{ "type": "Feature", "properties": { "TIPO_EQUIP": "Grifo", "CALIDAD_U": "Media", "PRESTADOR_": null }, "geometry": { "type": "Point", "coordinates": [ -70.652027, -33.44386, 0.0 ] } },
{ "type": "Feature", "properties": { "TIPO_EQUIP": "Grifo", "CALIDAD_U": "Media", "PRESTADOR_": null }, "geometry": { "type": "Point", "coordinates": [ -70.651908, -33.443857, 0.0 ] } },
{ "type": "Feature", "properties": { "TIPO_EQUIP": "Grifo", "CALIDAD_U": "Media", "PRESTADOR_": null }, "geometry": { "type": "Point", "coordinates": [ -70.644505, -33.443847, 0.0 ] } },
{ "type": "Feature", "properties": { "TIPO_EQUIP": "Grifo", "CALIDAD_U": "Media", "PRESTADOR_": null }, "geometry": { "type": "Point", "coordinates": [ -70.637222, -33.443824, 0.0 ] } },
{ "type": "Feature", "properties": { "TIPO_EQUIP": "Grifo", "CALIDAD_U": "Media", "PRESTADOR_": null }, "geometry": { "type": "Point", "coordinates": [ -70.646163, -33.443819, 0.0 ] } },
{ "type": "Feature", "properties": { "TIPO_EQUIP": "Grifo", "CALIDAD_U": "Media", "PRESTADOR_": null }, "geometry": { "type": "Point", "coordinates": [ -70.657492, -33.443731, 0.0 ] } },
{ "type": "Feature", "properties": { "TIPO_EQUIP": "Grifo", "CALIDAD_U": "Media", "PRESTADOR_": null }, "geometry": { "type": "Point", "coordinates": [ -70.651347, -33.443691, 0.0 ] } },
{ "type": "Feature", "properties": { "TIPO_EQUIP": "Grifo", "CALIDAD_U": "Media", "PRESTADOR_": null }, "geometry": { "type": "Point", "coordinates": [ -70.675476, -33.443652, 0.0 ] } },
{ "type": "Feature", "properties": { "TIPO_EQUIP": "Grifo", "CALIDAD_U": "Media", "PRESTADOR_": null }, "geometry": { "type": "Point", "coordinates": [ -70.643264, -33.443643, 0.0 ] } },
{ "type": "Feature", "properties": { "TIPO_EQUIP": "Grifo", "CALIDAD_U": "Media", "PRESTADOR_": null }, "geometry": { "type": "Point", "coordinates": [ -70.678597, -33.443642, 0.0 ] } },
{ "type": "Feature", "properties": { "TIPO_EQUIP": "Grifo", "CALIDAD_U": "Media", "PRESTADOR_": null }, "geometry": { "type": "Point", "coordinates": [ -70.648075, -33.443639, 0.0 ] } },
{ "type": "Feature", "properties": { "TIPO_EQUIP": "Grifo", "CALIDAD_U": "Media", "PRESTADOR_": null }, "geometry": { "type": "Point", "coordinates": [ -70.655224, -33.443639, 0.0 ] } },
{ "type": "Feature", "properties": { "TIPO_EQUIP": "Grifo", "CALIDAD_U": "Media", "PRESTADOR_": null }, "geometry": { "type": "Point", "coordinates": [ -70.679505, -33.443629, 0.0 ] } },
{ "type": "Feature", "properties": { "TIPO_EQUIP": "Grifo", "CALIDAD_U": "Media", "PRESTADOR_": null }, "geometry": { "type": "Point", "coordinates": [ -70.666368, -33.443577, 0.0 ] } },
{ "type": "Feature", "properties": { "TIPO_EQUIP": "Grifo", "CALIDAD_U": "Media", "PRESTADOR_": null }, "geometry": { "type": "Point", "coordinates": [ -70.6532, -33.443549, 0.0 ] } },
{ "type": "Feature", "properties": { "TIPO_EQUIP": "Grifo", "CALIDAD_U": "Media", "PRESTADOR_": null }, "geometry": { "type": "Point", "coordinates": [ -70.665186, -33.443502, 0.0 ] } },
{ "type": "Feature", "properties": { "TIPO_EQUIP": "Grifo", "CALIDAD_U": "Media", "PRESTADOR_": null }, "geometry": { "type": "Point", "coordinates": [ -70.677504, -33.443498, 0.0 ] } },
{ "type": "Feature", "properties": { "TIPO_EQUIP": "Grifo", "CALIDAD_U": "Media", "PRESTADOR_": null }, "geometry": { "type": "Point", "coordinates": [ -70.648244, -33.443498, 0.0 ] } },
{ "type": "Feature", "properties": { "TIPO_EQUIP": "Grifo", "CALIDAD_U": "Media", "PRESTADOR_": null }, "geometry": { "type": "Point", "coordinates": [ -70.633589, -33.44349, 0.0 ] } },
{ "type": "Feature", "properties": { "TIPO_EQUIP": "Grifo", "CALIDAD_U": "Media", "PRESTADOR_": null }, "geometry": { "type": "Point", "coordinates": [ -70.674096, -33.443465, 0.0 ] } },
{ "type": "Feature", "properties": { "TIPO_EQUIP": "Grifo", "CALIDAD_U": "Media", "PRESTADOR_": null }, "geometry": { "type": "Point", "coordinates": [ -70.673176, -33.443381, 0.0 ] } },
{ "type": "Feature", "properties": { "TIPO_EQUIP": "Grifo", "CALIDAD_U": "Media", "PRESTADOR_": null }, "geometry": { "type": "Point", "coordinates": [ -70.654563, -33.44332, 0.0 ] } },
{ "type": "Feature", "properties": { "TIPO_EQUIP": "Grifo", "CALIDAD_U": "Media", "PRESTADOR_": null }, "geometry": { "type": "Point", "coordinates": [ -70.647272, -33.443312, 0.0 ] } },
{ "type": "Feature", "properties": { "TIPO_EQUIP": "Grifo", "CALIDAD_U": "Media", "PRESTADOR_": null }, "geometry": { "type": "Point", "coordinates": [ -70.649559, -33.443283, 0.0 ] } },
{ "type": "Feature", "properties": { "TIPO_EQUIP": "Grifo", "CALIDAD_U": "Media", "PRESTADOR_": null }, "geometry": { "type": "Point", "coordinates": [ -70.663484, -33.443256, 0.0 ] } },
{ "type": "Feature", "properties": { "TIPO_EQUIP": "Grifo", "CALIDAD_U": "Media", "PRESTADOR_": null }, "geometry": { "type": "Point", "coordinates": [ -70.646333, -33.443226, 0.0 ] } },
{ "type": "Feature", "properties": { "TIPO_EQUIP": "Grifo", "CALIDAD_U": "Media", "PRESTADOR_": null }, "geometry": { "type": "Point", "coordinates": [ -70.650623, -33.443166, 0.0 ] } },
{ "type": "Feature", "properties": { "TIPO_EQUIP": "Grifo", "CALIDAD_U": "Media", "PRESTADOR_": null }, "geometry": { "type": "Point", "coordinates": [ -70.635947, -33.44316, 0.0 ] } },
{ "type": "Feature", "properties": { "TIPO_EQUIP": "Grifo", "CALIDAD_U": "Media", "PRESTADOR_": null }, "geometry": { "type": "Point", "coordinates": [ -70.671354, -33.443156, 0.0 ] } },
{ "type": "Feature", "properties": { "TIPO_EQUIP": "Grifo", "CALIDAD_U": "Media", "PRESTADOR_": null }, "geometry": { "type": "Point", "coordinates": [ -70.648478, -33.443123, 0.0 ] } },
{ "type": "Feature", "properties": { "TIPO_EQUIP": "Grifo", "CALIDAD_U": "Media", "PRESTADOR_": null }, "geometry": { "type": "Point", "coordinates": [ -70.662081, -33.443119, 0.0 ] } },
{ "type": "Feature", "properties": { "TIPO_EQUIP": "Grifo", "CALIDAD_U": "Media", "PRESTADOR_": null }, "geometry": { "type": "Point", "coordinates": [ -70.635246, -33.443116, 0.0 ] } },
{ "type": "Feature", "properties": { "TIPO_EQUIP": "Grifo", "CALIDAD_U": "Media", "PRESTADOR_": null }, "geometry": { "type": "Point", "coordinates": [ -70.635731, -33.443099, 0.0 ] } },
{ "type": "Feature", "properties": { "TIPO_EQUIP": "Grifo", "CALIDAD_U": "Media", "PRESTADOR_": null }, "geometry": { "type": "Point", "coordinates": [ -70.669958, -33.443091, 0.0 ] } },
{ "type": "Feature", "properties": { "TIPO_EQUIP": "Grifo", "CALIDAD_U": "Media", "PRESTADOR_": null }, "geometry": { "type": "Point", "coordinates": [ -70.641256, -33.443083, 0.0 ] } },
{ "type": "Feature", "properties": { "TIPO_EQUIP": "Grifo", "CALIDAD_U": "Media", "PRESTADOR_": null }, "geometry": { "type": "Point", "coordinates": [ -70.649096, -33.443079, 0.0 ] } },
{ "type": "Feature", "properties": { "TIPO_EQUIP": "Grifo", "CALIDAD_U": "Media", "PRESTADOR_": null }, "geometry": { "type": "Point", "coordinates": [ -70.639937, -33.443071, 0.0 ] } },
{ "type": "Feature", "properties": { "TIPO_EQUIP": "Grifo", "CALIDAD_U": "Media", "PRESTADOR_": null }, "geometry": { "type": "Point", "coordinates": [ -70.654612, -33.443048, 0.0 ] } },
{ "type": "Feature", "properties": { "TIPO_EQUIP": "Grifo", "CALIDAD_U": "Media", "PRESTADOR_": null }, "geometry": { "type": "Point", "coordinates": [ -70.644856, -33.443003, 0.0 ] } },
{ "type": "Feature", "properties": { "TIPO_EQUIP": "Grifo", "CALIDAD_U": "Media", "PRESTADOR_": null }, "geometry": { "type": "Point", "coordinates": [ -70.672316, -33.442946, 0.0 ] } },
{ "type": "Feature", "properties": { "TIPO_EQUIP": "Grifo", "CALIDAD_U": "Media", "PRESTADOR_": null }, "geometry": { "type": "Point", "coordinates": [ -70.665224, -33.442853, 0.0 ] } },
{ "type": "Feature", "properties": { "TIPO_EQUIP": "Grifo", "CALIDAD_U": "Media", "PRESTADOR_": null }, "geometry": { "type": "Point", "coordinates": [ -70.646997, -33.442825, 0.0 ] } },
{ "type": "Feature", "properties": { "TIPO_EQUIP": "Grifo", "CALIDAD_U": "Media", "PRESTADOR_": null }, "geometry": { "type": "Point", "coordinates": [ -70.635941, -33.442799, 0.0 ] } },
{ "type": "Feature", "properties": { "TIPO_EQUIP": "Grifo", "CALIDAD_U": "Media", "PRESTADOR_": null }, "geometry": { "type": "Point", "coordinates": [ -70.646662, -33.442787, 0.0 ] } },
{ "type": "Feature", "properties": { "TIPO_EQUIP": "Grifo", "CALIDAD_U": "Media", "PRESTADOR_": null }, "geometry": { "type": "Point", "coordinates": [ -70.653161, -33.442764, 0.0 ] } },
{ "type": "Feature", "properties": { "TIPO_EQUIP": "Grifo", "CALIDAD_U": "Media", "PRESTADOR_": null }, "geometry": { "type": "Point", "coordinates": [ -70.657767, -33.442736, 0.0 ] } },
{ "type": "Feature", "properties": { "TIPO_EQUIP": "Grifo", "CALIDAD_U": "Media", "PRESTADOR_": null }, "geometry": { "type": "Point", "coordinates": [ -70.651073, -33.44273, 0.0 ] } },
{ "type": "Feature", "properties": { "TIPO_EQUIP": "Grifo", "CALIDAD_U": "Media", "PRESTADOR_": null }, "geometry": { "type": "Point", "coordinates": [ -70.668097, -33.442695, 0.0 ] } },
{ "type": "Feature", "properties": { "TIPO_EQUIP": "Grifo", "CALIDAD_U": "Media", "PRESTADOR_": null }, "geometry": { "type": "Point", "coordinates": [ -70.65893, -33.442695, 0.0 ] } },
{ "type": "Feature", "properties": { "TIPO_EQUIP": "Grifo", "CALIDAD_U": "Media", "PRESTADOR_": null }, "geometry": { "type": "Point", "coordinates": [ -70.649207, -33.442693, 0.0 ] } },
{ "type": "Feature", "properties": { "TIPO_EQUIP": "Grifo", "CALIDAD_U": "Media", "PRESTADOR_": null }, "geometry": { "type": "Point", "coordinates": [ -70.679552, -33.442687, 0.0 ] } },
{ "type": "Feature", "properties": { "TIPO_EQUIP": "Grifo", "CALIDAD_U": "Media", "PRESTADOR_": null }, "geometry": { "type": "Point", "coordinates": [ -70.643615, -33.442632, 0.0 ] } },
{ "type": "Feature", "properties": { "TIPO_EQUIP": "Grifo", "CALIDAD_U": "Media", "PRESTADOR_": null }, "geometry": { "type": "Point", "coordinates": [ -70.678666, -33.442625, 0.0 ] } },
{ "type": "Feature", "properties": { "TIPO_EQUIP": "Grifo", "CALIDAD_U": "Media", "PRESTADOR_": null }, "geometry": { "type": "Point", "coordinates": [ -70.646387, -33.44258, 0.0 ] } },
{ "type": "Feature", "properties": { "TIPO_EQUIP": "Grifo", "CALIDAD_U": "Media", "PRESTADOR_": null }, "geometry": { "type": "Point", "coordinates": [ -70.656791, -33.442569, 0.0 ] } },
{ "type": "Feature", "properties": { "TIPO_EQUIP": "Grifo", "CALIDAD_U": "Media", "PRESTADOR_": null }, "geometry": { "type": "Point", "coordinates": [ -70.677612, -33.44255, 0.0 ] } },
{ "type": "Feature", "properties": { "TIPO_EQUIP": "Grifo", "CALIDAD_U": "Media", "PRESTADOR_": null }, "geometry": { "type": "Point", "coordinates": [ -70.651824, -33.442549, 0.0 ] } },
{ "type": "Feature", "properties": { "TIPO_EQUIP": "Grifo", "CALIDAD_U": "Media", "PRESTADOR_": null }, "geometry": { "type": "Point", "coordinates": [ -70.676531, -33.442514, 0.0 ] } },
{ "type": "Feature", "properties": { "TIPO_EQUIP": "Grifo", "CALIDAD_U": "Media", "PRESTADOR_": null }, "geometry": { "type": "Point", "coordinates": [ -70.650457, -33.4425, 0.0 ] } },
{ "type": "Feature", "properties": { "TIPO_EQUIP": "Grifo", "CALIDAD_U": "Media", "PRESTADOR_": null }, "geometry": { "type": "Point", "coordinates": [ -70.645611, -33.442496, 0.0 ] } },
{ "type": "Feature", "properties": { "TIPO_EQUIP": "Grifo", "CALIDAD_U": "Media", "PRESTADOR_": null }, "geometry": { "type": "Point", "coordinates": [ -70.644242, -33.442492, 0.0 ] } },
{ "type": "Feature", "properties": { "TIPO_EQUIP": "Grifo", "CALIDAD_U": "Media", "PRESTADOR_": null }, "geometry": { "type": "Point", "coordinates": [ -70.689938, -33.442485, 0.0 ] } },
{ "type": "Feature", "properties": { "TIPO_EQUIP": "Grifo", "CALIDAD_U": "Media", "PRESTADOR_": null }, "geometry": { "type": "Point", "coordinates": [ -70.662015, -33.442467, 0.0 ] } },
{ "type": "Feature", "properties": { "TIPO_EQUIP": "Grifo", "CALIDAD_U": "Media", "PRESTADOR_": null }, "geometry": { "type": "Point", "coordinates": [ -70.655586, -33.442463, 0.0 ] } },
{ "type": "Feature", "properties": { "TIPO_EQUIP": "Grifo", "CALIDAD_U": "Media", "PRESTADOR_": null }, "geometry": { "type": "Point", "coordinates": [ -70.654519, -33.442441, 0.0 ] } },
{ "type": "Feature", "properties": { "TIPO_EQUIP": "Grifo", "CALIDAD_U": "Media", "PRESTADOR_": null }, "geometry": { "type": "Point", "coordinates": [ -70.675545, -33.442435, 0.0 ] } },
{ "type": "Feature", "properties": { "TIPO_EQUIP": "Grifo", "CALIDAD_U": "Media", "PRESTADOR_": null }, "geometry": { "type": "Point", "coordinates": [ -70.654737, -33.442435, 0.0 ] } },
{ "type": "Feature", "properties": { "TIPO_EQUIP": "Grifo", "CALIDAD_U": "Media", "PRESTADOR_": null }, "geometry": { "type": "Point", "coordinates": [ -70.674835, -33.442323, 0.0 ] } },
{ "type": "Feature", "properties": { "TIPO_EQUIP": "Grifo", "CALIDAD_U": "Media", "PRESTADOR_": null }, "geometry": { "type": "Point", "coordinates": [ -70.644668, -33.442275, 0.0 ] } },
{ "type": "Feature", "properties": { "TIPO_EQUIP": "Grifo", "CALIDAD_U": "Media", "PRESTADOR_": null }, "geometry": { "type": "Point", "coordinates": [ -70.665291, -33.442269, 0.0 ] } },
{ "type": "Feature", "properties": { "TIPO_EQUIP": "Grifo", "CALIDAD_U": "Media", "PRESTADOR_": null }, "geometry": { "type": "Point", "coordinates": [ -70.674124, -33.442256, 0.0 ] } },
{ "type": "Feature", "properties": { "TIPO_EQUIP": "Grifo", "CALIDAD_U": "Media", "PRESTADOR_": null }, "geometry": { "type": "Point", "coordinates": [ -70.665883, -33.442251, 0.0 ] } },
{ "type": "Feature", "properties": { "TIPO_EQUIP": "Grifo", "CALIDAD_U": "Media", "PRESTADOR_": null }, "geometry": { "type": "Point", "coordinates": [ -70.644741, -33.442246, 0.0 ] } },
{ "type": "Feature", "properties": { "TIPO_EQUIP": "Grifo", "CALIDAD_U": "Media", "PRESTADOR_": null }, "geometry": { "type": "Point", "coordinates": [ -70.63976, -33.442243, 0.0 ] } },
{ "type": "Feature", "properties": { "TIPO_EQUIP": "Grifo", "CALIDAD_U": "Media", "PRESTADOR_": null }, "geometry": { "type": "Point", "coordinates": [ -70.643225, -33.442216, 0.0 ] } },
{ "type": "Feature", "properties": { "TIPO_EQUIP": "Grifo", "CALIDAD_U": "Media", "PRESTADOR_": null }, "geometry": { "type": "Point", "coordinates": [ -70.653983, -33.442173, 0.0 ] } },
{ "type": "Feature", "properties": { "TIPO_EQUIP": "Grifo", "CALIDAD_U": "Media", "PRESTADOR_": null }, "geometry": { "type": "Point", "coordinates": [ -70.646097, -33.442165, 0.0 ] } },
{ "type": "Feature", "properties": { "TIPO_EQUIP": "Grifo", "CALIDAD_U": "Media", "PRESTADOR_": null }, "geometry": { "type": "Point", "coordinates": [ -70.644388, -33.442144, 0.0 ] } },
{ "type": "Feature", "properties": { "TIPO_EQUIP": "Grifo", "CALIDAD_U": "Media", "PRESTADOR_": null }, "geometry": { "type": "Point", "coordinates": [ -70.673323, -33.442144, 0.0 ] } },
{ "type": "Feature", "properties": { "TIPO_EQUIP": "Grifo", "CALIDAD_U": "Media", "PRESTADOR_": null }, "geometry": { "type": "Point", "coordinates": [ -70.653552, -33.442118, 0.0 ] } },
{ "type": "Feature", "properties": { "TIPO_EQUIP": "Grifo", "CALIDAD_U": "Media", "PRESTADOR_": null }, "geometry": { "type": "Point", "coordinates": [ -70.654204, -33.442089, 0.0 ] } },
{ "type": "Feature", "properties": { "TIPO_EQUIP": "Grifo", "CALIDAD_U": "Media", "PRESTADOR_": null }, "geometry": { "type": "Point", "coordinates": [ -70.652667, -33.442078, 0.0 ] } },
{ "type": "Feature", "properties": { "TIPO_EQUIP": "Grifo", "CALIDAD_U": "Media", "PRESTADOR_": null }, "geometry": { "type": "Point", "coordinates": [ -70.650773, -33.442072, 0.0 ] } },
{ "type": "Feature", "properties": { "TIPO_EQUIP": "Grifo", "CALIDAD_U": "Media", "PRESTADOR_": null }, "geometry": { "type": "Point", "coordinates": [ -70.663671, -33.442066, 0.0 ] } },
{ "type": "Feature", "properties": { "TIPO_EQUIP": "Grifo", "CALIDAD_U": "Media", "PRESTADOR_": null }, "geometry": { "type": "Point", "coordinates": [ -70.672344, -33.442063, 0.0 ] } },
{ "type": "Feature", "properties": { "TIPO_EQUIP": "Grifo", "CALIDAD_U": "Media", "PRESTADOR_": null }, "geometry": { "type": "Point", "coordinates": [ -70.649789, -33.442007, 0.0 ] } },
{ "type": "Feature", "properties": { "TIPO_EQUIP": "Grifo", "CALIDAD_U": "Media", "PRESTADOR_": null }, "geometry": { "type": "Point", "coordinates": [ -70.649278, -33.441987, 0.0 ] } },
{ "type": "Feature", "properties": { "TIPO_EQUIP": "Grifo", "CALIDAD_U": "Media", "PRESTADOR_": null }, "geometry": { "type": "Point", "coordinates": [ -70.651362, -33.44197, 0.0 ] } },
{ "type": "Feature", "properties": { "TIPO_EQUIP": "Grifo", "CALIDAD_U": "Media", "PRESTADOR_": null }, "geometry": { "type": "Point", "coordinates": [ -70.656146, -33.441968, 0.0 ] } },
{ "type": "Feature", "properties": { "TIPO_EQUIP": "Grifo", "CALIDAD_U": "Media", "PRESTADOR_": null }, "geometry": { "type": "Point", "coordinates": [ -70.638927, -33.441958, 0.0 ] } },
{ "type": "Feature", "properties": { "TIPO_EQUIP": "Grifo", "CALIDAD_U": "Media", "PRESTADOR_": null }, "geometry": { "type": "Point", "coordinates": [ -70.671491, -33.441942, 0.0 ] } },
{ "type": "Feature", "properties": { "TIPO_EQUIP": "Grifo", "CALIDAD_U": "Media", "PRESTADOR_": null }, "geometry": { "type": "Point", "coordinates": [ -70.678606, -33.441942, 0.0 ] } },
{ "type": "Feature", "properties": { "TIPO_EQUIP": "Grifo", "CALIDAD_U": "Media", "PRESTADOR_": null }, "geometry": { "type": "Point", "coordinates": [ -70.676461, -33.441916, 0.0 ] } },
{ "type": "Feature", "properties": { "TIPO_EQUIP": "Grifo", "CALIDAD_U": "Media", "PRESTADOR_": null }, "geometry": { "type": "Point", "coordinates": [ -70.653332, -33.441916, 0.0 ] } },
{ "type": "Feature", "properties": { "TIPO_EQUIP": "Grifo", "CALIDAD_U": "Media", "PRESTADOR_": null }, "geometry": { "type": "Point", "coordinates": [ -70.650707, -33.441907, 0.0 ] } },
{ "type": "Feature", "properties": { "TIPO_EQUIP": "Grifo", "CALIDAD_U": "Media", "PRESTADOR_": null }, "geometry": { "type": "Point", "coordinates": [ -70.649935, -33.441862, 0.0 ] } },
{ "type": "Feature", "properties": { "TIPO_EQUIP": "Grifo", "CALIDAD_U": "Media", "PRESTADOR_": null }, "geometry": { "type": "Point", "coordinates": [ -70.67017, -33.441854, 0.0 ] } },
{ "type": "Feature", "properties": { "TIPO_EQUIP": "Grifo", "CALIDAD_U": "Media", "PRESTADOR_": null }, "geometry": { "type": "Point", "coordinates": [ -70.660758, -33.441841, 0.0 ] } },
{ "type": "Feature", "properties": { "TIPO_EQUIP": "Grifo", "CALIDAD_U": "Media", "PRESTADOR_": null }, "geometry": { "type": "Point", "coordinates": [ -70.63408, -33.441816, 0.0 ] } },
{ "type": "Feature", "properties": { "TIPO_EQUIP": "Grifo", "CALIDAD_U": "Media", "PRESTADOR_": null }, "geometry": { "type": "Point", "coordinates": [ -70.651962, -33.441754, 0.0 ] } },
{ "type": "Feature", "properties": { "TIPO_EQUIP": "Grifo", "CALIDAD_U": "Media", "PRESTADOR_": null }, "geometry": { "type": "Point", "coordinates": [ -70.648679, -33.441748, 0.0 ] } },
{ "type": "Feature", "properties": { "TIPO_EQUIP": "Grifo", "CALIDAD_U": "Media", "PRESTADOR_": null }, "geometry": { "type": "Point", "coordinates": [ -70.644589, -33.441726, 0.0 ] } },
{ "type": "Feature", "properties": { "TIPO_EQUIP": "Grifo", "CALIDAD_U": "Media", "PRESTADOR_": null }, "geometry": { "type": "Point", "coordinates": [ -70.649187, -33.441684, 0.0 ] } },
{ "type": "Feature", "properties": { "TIPO_EQUIP": "Grifo", "CALIDAD_U": "Media", "PRESTADOR_": null }, "geometry": { "type": "Point", "coordinates": [ -70.682837, -33.441683, 0.0 ] } },
{ "type": "Feature", "properties": { "TIPO_EQUIP": "Grifo", "CALIDAD_U": "Media", "PRESTADOR_": null }, "geometry": { "type": "Point", "coordinates": [ -70.645182, -33.44168, 0.0 ] } },
{ "type": "Feature", "properties": { "TIPO_EQUIP": "Grifo", "CALIDAD_U": "Media", "PRESTADOR_": null }, "geometry": { "type": "Point", "coordinates": [ -70.679619, -33.441634, 0.0 ] } },
{ "type": "Feature", "properties": { "TIPO_EQUIP": "Grifo", "CALIDAD_U": "Media", "PRESTADOR_": null }, "geometry": { "type": "Point", "coordinates": [ -70.647216, -33.441631, 0.0 ] } },
{ "type": "Feature", "properties": { "TIPO_EQUIP": "Grifo", "CALIDAD_U": "Media", "PRESTADOR_": null }, "geometry": { "type": "Point", "coordinates": [ -70.684334, -33.441629, 0.0 ] } },
{ "type": "Feature", "properties": { "TIPO_EQUIP": "Grifo", "CALIDAD_U": "Media", "PRESTADOR_": null }, "geometry": { "type": "Point", "coordinates": [ -70.659425, -33.441627, 0.0 ] } },
{ "type": "Feature", "properties": { "TIPO_EQUIP": "Grifo", "CALIDAD_U": "Media", "PRESTADOR_": null }, "geometry": { "type": "Point", "coordinates": [ -70.680687, -33.441616, 0.0 ] } },
{ "type": "Feature", "properties": { "TIPO_EQUIP": "Grifo", "CALIDAD_U": "Media", "PRESTADOR_": null }, "geometry": { "type": "Point", "coordinates": [ -70.654755, -33.441609, 0.0 ] } },
{ "type": "Feature", "properties": { "TIPO_EQUIP": "Grifo", "CALIDAD_U": "Media", "PRESTADOR_": null }, "geometry": { "type": "Point", "coordinates": [ -70.657931, -33.441594, 0.0 ] } },
{ "type": "Feature", "properties": { "TIPO_EQUIP": "Grifo", "CALIDAD_U": "Media", "PRESTADOR_": null }, "geometry": { "type": "Point", "coordinates": [ -70.668348, -33.441589, 0.0 ] } },
{ "type": "Feature", "properties": { "TIPO_EQUIP": "Grifo", "CALIDAD_U": "Media", "PRESTADOR_": null }, "geometry": { "type": "Point", "coordinates": [ -70.638617, -33.441564, 0.0 ] } },
{ "type": "Feature", "properties": { "TIPO_EQUIP": "Grifo", "CALIDAD_U": "Media", "PRESTADOR_": null }, "geometry": { "type": "Point", "coordinates": [ -70.673214, -33.441554, 0.0 ] } },
{ "type": "Feature", "properties": { "TIPO_EQUIP": "Grifo", "CALIDAD_U": "Media", "PRESTADOR_": null }, "geometry": { "type": "Point", "coordinates": [ -70.678879, -33.441549, 0.0 ] } },
{ "type": "Feature", "properties": { "TIPO_EQUIP": "Grifo", "CALIDAD_U": "Media", "PRESTADOR_": null }, "geometry": { "type": "Point", "coordinates": [ -70.647857, -33.441524, 0.0 ] } },
{ "type": "Feature", "properties": { "TIPO_EQUIP": "Grifo", "CALIDAD_U": "Media", "PRESTADOR_": null }, "geometry": { "type": "Point", "coordinates": [ -70.677549, -33.441496, 0.0 ] } },
{ "type": "Feature", "properties": { "TIPO_EQUIP": "Grifo", "CALIDAD_U": "Media", "PRESTADOR_": null }, "geometry": { "type": "Point", "coordinates": [ -70.65905, -33.441489, 0.0 ] } },
{ "type": "Feature", "properties": { "TIPO_EQUIP": "Grifo", "CALIDAD_U": "Media", "PRESTADOR_": null }, "geometry": { "type": "Point", "coordinates": [ -70.662152, -33.441442, 0.0 ] } },
{ "type": "Feature", "properties": { "TIPO_EQUIP": "Grifo", "CALIDAD_U": "Media", "PRESTADOR_": null }, "geometry": { "type": "Point", "coordinates": [ -70.646455, -33.441435, 0.0 ] } },
{ "type": "Feature", "properties": { "TIPO_EQUIP": "Grifo", "CALIDAD_U": "Media", "PRESTADOR_": null }, "geometry": { "type": "Point", "coordinates": [ -70.641939, -33.441407, 0.0 ] } },
{ "type": "Feature", "properties": { "TIPO_EQUIP": "Grifo", "CALIDAD_U": "Media", "PRESTADOR_": null }, "geometry": { "type": "Point", "coordinates": [ -70.666735, -33.441387, 0.0 ] } },
{ "type": "Feature", "properties": { "TIPO_EQUIP": "Grifo", "CALIDAD_U": "Media", "PRESTADOR_": null }, "geometry": { "type": "Point", "coordinates": [ -70.657183, -33.441372, 0.0 ] } },
{ "type": "Feature", "properties": { "TIPO_EQUIP": "Grifo", "CALIDAD_U": "Media", "PRESTADOR_": null }, "geometry": { "type": "Point", "coordinates": [ -70.672314, -33.441368, 0.0 ] } },
{ "type": "Feature", "properties": { "TIPO_EQUIP": "Grifo", "CALIDAD_U": "Media", "PRESTADOR_": null }, "geometry": { "type": "Point", "coordinates": [ -70.65084, -33.441357, 0.0 ] } },
{ "type": "Feature", "properties": { "TIPO_EQUIP": "Grifo", "CALIDAD_U": "Media", "PRESTADOR_": null }, "geometry": { "type": "Point", "coordinates": [ -70.651857, -33.441348, 0.0 ] } },
{ "type": "Feature", "properties": { "TIPO_EQUIP": "Grifo", "CALIDAD_U": "Media", "PRESTADOR_": null }, "geometry": { "type": "Point", "coordinates": [ -70.67667, -33.44134, 0.0 ] } },
{ "type": "Feature", "properties": { "TIPO_EQUIP": "Grifo", "CALIDAD_U": "Media", "PRESTADOR_": null }, "geometry": { "type": "Point", "coordinates": [ -70.655013, -33.441321, 0.0 ] } },
{ "type": "Feature", "properties": { "TIPO_EQUIP": "Grifo", "CALIDAD_U": "Media", "PRESTADOR_": null }, "geometry": { "type": "Point", "coordinates": [ -70.676118, -33.44131, 0.0 ] } },
{ "type": "Feature", "properties": { "TIPO_EQUIP": "Grifo", "CALIDAD_U": "Media", "PRESTADOR_": null }, "geometry": { "type": "Point", "coordinates": [ -70.650665, -33.441295, 0.0 ] } },
{ "type": "Feature", "properties": { "TIPO_EQUIP": "Grifo", "CALIDAD_U": "Media", "PRESTADOR_": null }, "geometry": { "type": "Point", "coordinates": [ -70.637445, -33.441262, 0.0 ] } },
{ "type": "Feature", "properties": { "TIPO_EQUIP": "Grifo", "CALIDAD_U": "Media", "PRESTADOR_": null }, "geometry": { "type": "Point", "coordinates": [ -70.660767, -33.441252, 0.0 ] } },
{ "type": "Feature", "properties": { "TIPO_EQUIP": "Grifo", "CALIDAD_U": "Media", "PRESTADOR_": null }, "geometry": { "type": "Point", "coordinates": [ -70.655759, -33.441234, 0.0 ] } },
{ "type": "Feature", "properties": { "TIPO_EQUIP": "Grifo", "CALIDAD_U": "Media", "PRESTADOR_": null }, "geometry": { "type": "Point", "coordinates": [ -70.649471, -33.44122, 0.0 ] } },
{ "type": "Feature", "properties": { "TIPO_EQUIP": "Grifo", "CALIDAD_U": "Media", "PRESTADOR_": null }, "geometry": { "type": "Point", "coordinates": [ -70.642412, -33.4412, 0.0 ] } },
{ "type": "Feature", "properties": { "TIPO_EQUIP": "Grifo", "CALIDAD_U": "Media", "PRESTADOR_": null }, "geometry": { "type": "Point", "coordinates": [ -70.653578, -33.4412, 0.0 ] } },
{ "type": "Feature", "properties": { "TIPO_EQUIP": "Grifo", "CALIDAD_U": "Media", "PRESTADOR_": null }, "geometry": { "type": "Point", "coordinates": [ -70.675696, -33.441191, 0.0 ] } },
{ "type": "Feature", "properties": { "TIPO_EQUIP": "Grifo", "CALIDAD_U": "Media", "PRESTADOR_": null }, "geometry": { "type": "Point", "coordinates": [ -70.638362, -33.441162, 0.0 ] } },
{ "type": "Feature", "properties": { "TIPO_EQUIP": "Grifo", "CALIDAD_U": "Media", "PRESTADOR_": null }, "geometry": { "type": "Point", "coordinates": [ -70.665223, -33.441145, 0.0 ] } },
{ "type": "Feature", "properties": { "TIPO_EQUIP": "Grifo", "CALIDAD_U": "Media", "PRESTADOR_": null }, "geometry": { "type": "Point", "coordinates": [ -70.647906, -33.441141, 0.0 ] } },
{ "type": "Feature", "properties": { "TIPO_EQUIP": "Grifo", "CALIDAD_U": "Media", "PRESTADOR_": null }, "geometry": { "type": "Point", "coordinates": [ -70.674232, -33.441117, 0.0 ] } },
{ "type": "Feature", "properties": { "TIPO_EQUIP": "Grifo", "CALIDAD_U": "Media", "PRESTADOR_": null }, "geometry": { "type": "Point", "coordinates": [ -70.65451, -33.441107, 0.0 ] } },
{ "type": "Feature", "properties": { "TIPO_EQUIP": "Grifo", "CALIDAD_U": "Media", "PRESTADOR_": null }, "geometry": { "type": "Point", "coordinates": [ -70.64228, -33.441068, 0.0 ] } },
{ "type": "Feature", "properties": { "TIPO_EQUIP": "Grifo", "CALIDAD_U": "Media", "PRESTADOR_": null }, "geometry": { "type": "Point", "coordinates": [ -70.652401, -33.441033, 0.0 ] } },
{ "type": "Feature", "properties": { "TIPO_EQUIP": "Grifo", "CALIDAD_U": "Media", "PRESTADOR_": null }, "geometry": { "type": "Point", "coordinates": [ -70.664956, -33.441003, 0.0 ] } },
{ "type": "Feature", "properties": { "TIPO_EQUIP": "Grifo", "CALIDAD_U": "Media", "PRESTADOR_": null }, "geometry": { "type": "Point", "coordinates": [ -70.653065, -33.440977, 0.0 ] } },
{ "type": "Feature", "properties": { "TIPO_EQUIP": "Grifo", "CALIDAD_U": "Media", "PRESTADOR_": null }, "geometry": { "type": "Point", "coordinates": [ -70.650842, -33.440963, 0.0 ] } },
{ "type": "Feature", "properties": { "TIPO_EQUIP": "Grifo", "CALIDAD_U": "Media", "PRESTADOR_": null }, "geometry": { "type": "Point", "coordinates": [ -70.679778, -33.440948, 0.0 ] } },
{ "type": "Feature", "properties": { "TIPO_EQUIP": "Grifo", "CALIDAD_U": "Media", "PRESTADOR_": null }, "geometry": { "type": "Point", "coordinates": [ -70.649447, -33.440946, 0.0 ] } },
{ "type": "Feature", "properties": { "TIPO_EQUIP": "Grifo", "CALIDAD_U": "Media", "PRESTADOR_": null }, "geometry": { "type": "Point", "coordinates": [ -70.673239, -33.440909, 0.0 ] } },
{ "type": "Feature", "properties": { "TIPO_EQUIP": "Grifo", "CALIDAD_U": "Media", "PRESTADOR_": null }, "geometry": { "type": "Point", "coordinates": [ -70.678696, -33.440867, 0.0 ] } },
{ "type": "Feature", "properties": { "TIPO_EQUIP": "Grifo", "CALIDAD_U": "Media", "PRESTADOR_": null }, "geometry": { "type": "Point", "coordinates": [ -70.636618, -33.440866, 0.0 ] } },
{ "type": "Feature", "properties": { "TIPO_EQUIP": "Grifo", "CALIDAD_U": "Media", "PRESTADOR_": null }, "geometry": { "type": "Point", "coordinates": [ -70.647942, -33.440859, 0.0 ] } },
{ "type": "Feature", "properties": { "TIPO_EQUIP": "Grifo", "CALIDAD_U": "Media", "PRESTADOR_": null }, "geometry": { "type": "Point", "coordinates": [ -70.672322, -33.440839, 0.0 ] } },
{ "type": "Feature", "properties": { "TIPO_EQUIP": "Grifo", "CALIDAD_U": "Media", "PRESTADOR_": null }, "geometry": { "type": "Point", "coordinates": [ -70.645139, -33.440832, 0.0 ] } },
{ "type": "Feature", "properties": { "TIPO_EQUIP": "Grifo", "CALIDAD_U": "Media", "PRESTADOR_": null }, "geometry": { "type": "Point", "coordinates": [ -70.657874, -33.4408, 0.0 ] } },
{ "type": "Feature", "properties": { "TIPO_EQUIP": "Grifo", "CALIDAD_U": "Media", "PRESTADOR_": null }, "geometry": { "type": "Point", "coordinates": [ -70.662756, -33.440797, 0.0 ] } },
{ "type": "Feature", "properties": { "TIPO_EQUIP": "Grifo", "CALIDAD_U": "Media", "PRESTADOR_": null }, "geometry": { "type": "Point", "coordinates": [ -70.634425, -33.440792, 0.0 ] } },
{ "type": "Feature", "properties": { "TIPO_EQUIP": "Grifo", "CALIDAD_U": "Media", "PRESTADOR_": null }, "geometry": { "type": "Point", "coordinates": [ -70.653491, -33.440763, 0.0 ] } },
{ "type": "Feature", "properties": { "TIPO_EQUIP": "Grifo", "CALIDAD_U": "Media", "PRESTADOR_": null }, "geometry": { "type": "Point", "coordinates": [ -70.650594, -33.440713, 0.0 ] } },
{ "type": "Feature", "properties": { "TIPO_EQUIP": "Grifo", "CALIDAD_U": "Media", "PRESTADOR_": null }, "geometry": { "type": "Point", "coordinates": [ -70.647327, -33.44067, 0.0 ] } },
{ "type": "Feature", "properties": { "TIPO_EQUIP": "Grifo", "CALIDAD_U": "Media", "PRESTADOR_": null }, "geometry": { "type": "Point", "coordinates": [ -70.648194, -33.440658, 0.0 ] } },
{ "type": "Feature", "properties": { "TIPO_EQUIP": "Grifo", "CALIDAD_U": "Media", "PRESTADOR_": null }, "geometry": { "type": "Point", "coordinates": [ -70.671589, -33.440625, 0.0 ] } },
{ "type": "Feature", "properties": { "TIPO_EQUIP": "Grifo", "CALIDAD_U": "Media", "PRESTADOR_": null }, "geometry": { "type": "Point", "coordinates": [ -70.6495, -33.440593, 0.0 ] } },
{ "type": "Feature", "properties": { "TIPO_EQUIP": "Grifo", "CALIDAD_U": "Media", "PRESTADOR_": null }, "geometry": { "type": "Point", "coordinates": [ -70.670347, -33.440584, 0.0 ] } },
{ "type": "Feature", "properties": { "TIPO_EQUIP": "Grifo", "CALIDAD_U": "Media", "PRESTADOR_": null }, "geometry": { "type": "Point", "coordinates": [ -70.646753, -33.440584, 0.0 ] } },
{ "type": "Feature", "properties": { "TIPO_EQUIP": "Grifo", "CALIDAD_U": "Media", "PRESTADOR_": null }, "geometry": { "type": "Point", "coordinates": [ -70.650969, -33.440542, 0.0 ] } },
{ "type": "Feature", "properties": { "TIPO_EQUIP": "Grifo", "CALIDAD_U": "Media", "PRESTADOR_": null }, "geometry": { "type": "Point", "coordinates": [ -70.652166, -33.440493, 0.0 ] } },
{ "type": "Feature", "properties": { "TIPO_EQUIP": "Grifo", "CALIDAD_U": "Media", "PRESTADOR_": null }, "geometry": { "type": "Point", "coordinates": [ -70.675614, -33.440476, 0.0 ] } },
{ "type": "Feature", "properties": { "TIPO_EQUIP": "Grifo", "CALIDAD_U": "Media", "PRESTADOR_": null }, "geometry": { "type": "Point", "coordinates": [ -70.638995, -33.440468, 0.0 ] } },
{ "type": "Feature", "properties": { "TIPO_EQUIP": "Grifo", "CALIDAD_U": "Media", "PRESTADOR_": null }, "geometry": { "type": "Point", "coordinates": [ -70.668579, -33.440444, 0.0 ] } },
{ "type": "Feature", "properties": { "TIPO_EQUIP": "Grifo", "CALIDAD_U": "Media", "PRESTADOR_": null }, "geometry": { "type": "Point", "coordinates": [ -70.679765, -33.440422, 0.0 ] } },
{ "type": "Feature", "properties": { "TIPO_EQUIP": "Grifo", "CALIDAD_U": "Media", "PRESTADOR_": null }, "geometry": { "type": "Point", "coordinates": [ -70.64048, -33.440408, 0.0 ] } },
{ "type": "Feature", "properties": { "TIPO_EQUIP": "Grifo", "CALIDAD_U": "Media", "PRESTADOR_": null }, "geometry": { "type": "Point", "coordinates": [ -70.635449, -33.440389, 0.0 ] } },
{ "type": "Feature", "properties": { "TIPO_EQUIP": "Grifo", "CALIDAD_U": "Media", "PRESTADOR_": null }, "geometry": { "type": "Point", "coordinates": [ -70.645367, -33.44037, 0.0 ] } },
{ "type": "Feature", "properties": { "TIPO_EQUIP": "Grifo", "CALIDAD_U": "Media", "PRESTADOR_": null }, "geometry": { "type": "Point", "coordinates": [ -70.673321, -33.440358, 0.0 ] } },
{ "type": "Feature", "properties": { "TIPO_EQUIP": "Grifo", "CALIDAD_U": "Media", "PRESTADOR_": null }, "geometry": { "type": "Point", "coordinates": [ -70.67885, -33.440346, 0.0 ] } },
{ "type": "Feature", "properties": { "TIPO_EQUIP": "Grifo", "CALIDAD_U": "Media", "PRESTADOR_": null }, "geometry": { "type": "Point", "coordinates": [ -70.635518, -33.440324, 0.0 ] } },
{ "type": "Feature", "properties": { "TIPO_EQUIP": "Grifo", "CALIDAD_U": "Media", "PRESTADOR_": null }, "geometry": { "type": "Point", "coordinates": [ -70.657431, -33.440274, 0.0 ] } },
{ "type": "Feature", "properties": { "TIPO_EQUIP": "Grifo", "CALIDAD_U": "Media", "PRESTADOR_": null }, "geometry": { "type": "Point", "coordinates": [ -70.655953, -33.440254, 0.0 ] } },
{ "type": "Feature", "properties": { "TIPO_EQUIP": "Grifo", "CALIDAD_U": "Media", "PRESTADOR_": null }, "geometry": { "type": "Point", "coordinates": [ -70.666869, -33.440233, 0.0 ] } },
{ "type": "Feature", "properties": { "TIPO_EQUIP": "Grifo", "CALIDAD_U": "Media", "PRESTADOR_": null }, "geometry": { "type": "Point", "coordinates": [ -70.677793, -33.440229, 0.0 ] } },
{ "type": "Feature", "properties": { "TIPO_EQUIP": "Grifo", "CALIDAD_U": "Media", "PRESTADOR_": null }, "geometry": { "type": "Point", "coordinates": [ -70.647964, -33.440225, 0.0 ] } },
{ "type": "Feature", "properties": { "TIPO_EQUIP": "Grifo", "CALIDAD_U": "Media", "PRESTADOR_": null }, "geometry": { "type": "Point", "coordinates": [ -70.645242, -33.440209, 0.0 ] } },
{ "type": "Feature", "properties": { "TIPO_EQUIP": "Grifo", "CALIDAD_U": "Media", "PRESTADOR_": null }, "geometry": { "type": "Point", "coordinates": [ -70.656089, -33.440156, 0.0 ] } },
{ "type": "Feature", "properties": { "TIPO_EQUIP": "Grifo", "CALIDAD_U": "Media", "PRESTADOR_": null }, "geometry": { "type": "Point", "coordinates": [ -70.640878, -33.440151, 0.0 ] } },
{ "type": "Feature", "properties": { "TIPO_EQUIP": "Grifo", "CALIDAD_U": "Media", "PRESTADOR_": null }, "geometry": { "type": "Point", "coordinates": [ -70.654422, -33.440106, 0.0 ] } },
{ "type": "Feature", "properties": { "TIPO_EQUIP": "Grifo", "CALIDAD_U": "Media", "PRESTADOR_": null }, "geometry": { "type": "Point", "coordinates": [ -70.676741, -33.440102, 0.0 ] } },
{ "type": "Feature", "properties": { "TIPO_EQUIP": "Grifo", "CALIDAD_U": "Media", "PRESTADOR_": null }, "geometry": { "type": "Point", "coordinates": [ -70.665105, -33.44005, 0.0 ] } },
{ "type": "Feature", "properties": { "TIPO_EQUIP": "Grifo", "CALIDAD_U": "Media", "PRESTADOR_": null }, "geometry": { "type": "Point", "coordinates": [ -70.653034, -33.439964, 0.0 ] } },
{ "type": "Feature", "properties": { "TIPO_EQUIP": "Grifo", "CALIDAD_U": "Media", "PRESTADOR_": null }, "geometry": { "type": "Point", "coordinates": [ -70.655154, -33.439948, 0.0 ] } },
{ "type": "Feature", "properties": { "TIPO_EQUIP": "Grifo", "CALIDAD_U": "Media", "PRESTADOR_": null }, "geometry": { "type": "Point", "coordinates": [ -70.640463, -33.439927, 0.0 ] } },
{ "type": "Feature", "properties": { "TIPO_EQUIP": "Grifo", "CALIDAD_U": "Media", "PRESTADOR_": null }, "geometry": { "type": "Point", "coordinates": [ -70.650813, -33.439915, 0.0 ] } },
{ "type": "Feature", "properties": { "TIPO_EQUIP": "Grifo", "CALIDAD_U": "Media", "PRESTADOR_": null }, "geometry": { "type": "Point", "coordinates": [ -70.680138, -33.439888, 0.0 ] } },
{ "type": "Feature", "properties": { "TIPO_EQUIP": "Grifo", "CALIDAD_U": "Media", "PRESTADOR_": null }, "geometry": { "type": "Point", "coordinates": [ -70.640399, -33.439871, 0.0 ] } },
{ "type": "Feature", "properties": { "TIPO_EQUIP": "Grifo", "CALIDAD_U": "Media", "PRESTADOR_": null }, "geometry": { "type": "Point", "coordinates": [ -70.666834, -33.439854, 0.0 ] } },
{ "type": "Feature", "properties": { "TIPO_EQUIP": "Grifo", "CALIDAD_U": "Media", "PRESTADOR_": null }, "geometry": { "type": "Point", "coordinates": [ -70.660964, -33.439848, 0.0 ] } },
{ "type": "Feature", "properties": { "TIPO_EQUIP": "Grifo", "CALIDAD_U": "Media", "PRESTADOR_": null }, "geometry": { "type": "Point", "coordinates": [ -70.638811, -33.439821, 0.0 ] } },
{ "type": "Feature", "properties": { "TIPO_EQUIP": "Grifo", "CALIDAD_U": "Media", "PRESTADOR_": null }, "geometry": { "type": "Point", "coordinates": [ -70.663134, -33.439802, 0.0 ] } },
{ "type": "Feature", "properties": { "TIPO_EQUIP": "Grifo", "CALIDAD_U": "Media", "PRESTADOR_": null }, "geometry": { "type": "Point", "coordinates": [ -70.673481, -33.439773, 0.0 ] } },
{ "type": "Feature", "properties": { "TIPO_EQUIP": "Grifo", "CALIDAD_U": "Media", "PRESTADOR_": null }, "geometry": { "type": "Point", "coordinates": [ -70.674365, -33.43974, 0.0 ] } },
{ "type": "Feature", "properties": { "TIPO_EQUIP": "Grifo", "CALIDAD_U": "Media", "PRESTADOR_": null }, "geometry": { "type": "Point", "coordinates": [ -70.652463, -33.439724, 0.0 ] } },
{ "type": "Feature", "properties": { "TIPO_EQUIP": "Grifo", "CALIDAD_U": "Media", "PRESTADOR_": null }, "geometry": { "type": "Point", "coordinates": [ -70.649655, -33.439687, 0.0 ] } },
{ "type": "Feature", "properties": { "TIPO_EQUIP": "Grifo", "CALIDAD_U": "Media", "PRESTADOR_": null }, "geometry": { "type": "Point", "coordinates": [ -70.672579, -33.439684, 0.0 ] } },
{ "type": "Feature", "properties": { "TIPO_EQUIP": "Grifo", "CALIDAD_U": "Media", "PRESTADOR_": null }, "geometry": { "type": "Point", "coordinates": [ -70.651642, -33.439679, 0.0 ] } },
{ "type": "Feature", "properties": { "TIPO_EQUIP": "Grifo", "CALIDAD_U": "Media", "PRESTADOR_": null }, "geometry": { "type": "Point", "coordinates": [ -70.639447, -33.439679, 0.0 ] } },
{ "type": "Feature", "properties": { "TIPO_EQUIP": "Grifo", "CALIDAD_U": "Media", "PRESTADOR_": null }, "geometry": { "type": "Point", "coordinates": [ -70.687736, -33.439652, 0.0 ] } },
{ "type": "Feature", "properties": { "TIPO_EQUIP": "Grifo", "CALIDAD_U": "Media", "PRESTADOR_": null }, "geometry": { "type": "Point", "coordinates": [ -70.645354, -33.439613, 0.0 ] } },
{ "type": "Feature", "properties": { "TIPO_EQUIP": "Grifo", "CALIDAD_U": "Media", "PRESTADOR_": null }, "geometry": { "type": "Point", "coordinates": [ -70.656639, -33.439594, 0.0 ] } },
{ "type": "Feature", "properties": { "TIPO_EQUIP": "Grifo", "CALIDAD_U": "Media", "PRESTADOR_": null }, "geometry": { "type": "Point", "coordinates": [ -70.671696, -33.439585, 0.0 ] } },
{ "type": "Feature", "properties": { "TIPO_EQUIP": "Grifo", "CALIDAD_U": "Media", "PRESTADOR_": null }, "geometry": { "type": "Point", "coordinates": [ -70.642283, -33.439565, 0.0 ] } },
{ "type": "Feature", "properties": { "TIPO_EQUIP": "Grifo", "CALIDAD_U": "Media", "PRESTADOR_": null }, "geometry": { "type": "Point", "coordinates": [ -70.640748, -33.439553, 0.0 ] } },
{ "type": "Feature", "properties": { "TIPO_EQUIP": "Grifo", "CALIDAD_U": "Media", "PRESTADOR_": null }, "geometry": { "type": "Point", "coordinates": [ -70.650075, -33.439524, 0.0 ] } },
{ "type": "Feature", "properties": { "TIPO_EQUIP": "Grifo", "CALIDAD_U": "Media", "PRESTADOR_": null }, "geometry": { "type": "Point", "coordinates": [ -70.649362, -33.439481, 0.0 ] } },
{ "type": "Feature", "properties": { "TIPO_EQUIP": "Grifo", "CALIDAD_U": "Media", "PRESTADOR_": null }, "geometry": { "type": "Point", "coordinates": [ -70.648583, -33.439451, 0.0 ] } },
{ "type": "Feature", "properties": { "TIPO_EQUIP": "Grifo", "CALIDAD_U": "Media", "PRESTADOR_": null }, "geometry": { "type": "Point", "coordinates": [ -70.678818, -33.439369, 0.0 ] } },
{ "type": "Feature", "properties": { "TIPO_EQUIP": "Grifo", "CALIDAD_U": "Media", "PRESTADOR_": null }, "geometry": { "type": "Point", "coordinates": [ -70.651176, -33.439328, 0.0 ] } },
{ "type": "Feature", "properties": { "TIPO_EQUIP": "Grifo", "CALIDAD_U": "Media", "PRESTADOR_": null }, "geometry": { "type": "Point", "coordinates": [ -70.668668, -33.43932, 0.0 ] } },
{ "type": "Feature", "properties": { "TIPO_EQUIP": "Grifo", "CALIDAD_U": "Media", "PRESTADOR_": null }, "geometry": { "type": "Point", "coordinates": [ -70.64702, -33.439283, 0.0 ] } },
{ "type": "Feature", "properties": { "TIPO_EQUIP": "Grifo", "CALIDAD_U": "Media", "PRESTADOR_": null }, "geometry": { "type": "Point", "coordinates": [ -70.659071, -33.439282, 0.0 ] } },
{ "type": "Feature", "properties": { "TIPO_EQUIP": "Grifo", "CALIDAD_U": "Media", "PRESTADOR_": null }, "geometry": { "type": "Point", "coordinates": [ -70.647517, -33.439247, 0.0 ] } },
{ "type": "Feature", "properties": { "TIPO_EQUIP": "Grifo", "CALIDAD_U": "Media", "PRESTADOR_": null }, "geometry": { "type": "Point", "coordinates": [ -70.645608, -33.439173, 0.0 ] } },
{ "type": "Feature", "properties": { "TIPO_EQUIP": "Grifo", "CALIDAD_U": "Media", "PRESTADOR_": null }, "geometry": { "type": "Point", "coordinates": [ -70.662385, -33.439141, 0.0 ] } },
{ "type": "Feature", "properties": { "TIPO_EQUIP": "Grifo", "CALIDAD_U": "Media", "PRESTADOR_": null }, "geometry": { "type": "Point", "coordinates": [ -70.657445, -33.439128, 0.0 ] } },
{ "type": "Feature", "properties": { "TIPO_EQUIP": "Grifo", "CALIDAD_U": "Media", "PRESTADOR_": null }, "geometry": { "type": "Point", "coordinates": [ -70.667009, -33.439112, 0.0 ] } },
{ "type": "Feature", "properties": { "TIPO_EQUIP": "Grifo", "CALIDAD_U": "Media", "PRESTADOR_": null }, "geometry": { "type": "Point", "coordinates": [ -70.656366, -33.439106, 0.0 ] } },
{ "type": "Feature", "properties": { "TIPO_EQUIP": "Grifo", "CALIDAD_U": "Media", "PRESTADOR_": null }, "geometry": { "type": "Point", "coordinates": [ -70.680191, -33.439099, 0.0 ] } },
{ "type": "Feature", "properties": { "TIPO_EQUIP": "Grifo", "CALIDAD_U": "Media", "PRESTADOR_": null }, "geometry": { "type": "Point", "coordinates": [ -70.644145, -33.439093, 0.0 ] } },
{ "type": "Feature", "properties": { "TIPO_EQUIP": "Grifo", "CALIDAD_U": "Media", "PRESTADOR_": null }, "geometry": { "type": "Point", "coordinates": [ -70.689667, -33.439086, 0.0 ] } },
{ "type": "Feature", "properties": { "TIPO_EQUIP": "Grifo", "CALIDAD_U": "Media", "PRESTADOR_": null }, "geometry": { "type": "Point", "coordinates": [ -70.648225, -33.439069, 0.0 ] } },
{ "type": "Feature", "properties": { "TIPO_EQUIP": "Grifo", "CALIDAD_U": "Media", "PRESTADOR_": null }, "geometry": { "type": "Point", "coordinates": [ -70.675732, -33.439058, 0.0 ] } },
{ "type": "Feature", "properties": { "TIPO_EQUIP": "Grifo", "CALIDAD_U": "Media", "PRESTADOR_": null }, "geometry": { "type": "Point", "coordinates": [ -70.640375, -33.439051, 0.0 ] } },
{ "type": "Feature", "properties": { "TIPO_EQUIP": "Grifo", "CALIDAD_U": "Media", "PRESTADOR_": null }, "geometry": { "type": "Point", "coordinates": [ -70.64109, -33.439041, 0.0 ] } },
{ "type": "Feature", "properties": { "TIPO_EQUIP": "Grifo", "CALIDAD_U": "Media", "PRESTADOR_": null }, "geometry": { "type": "Point", "coordinates": [ -70.654809, -33.43897, 0.0 ] } },
{ "type": "Feature", "properties": { "TIPO_EQUIP": "Grifo", "CALIDAD_U": "Media", "PRESTADOR_": null }, "geometry": { "type": "Point", "coordinates": [ -70.645481, -33.438948, 0.0 ] } },
{ "type": "Feature", "properties": { "TIPO_EQUIP": "Grifo", "CALIDAD_U": "Media", "PRESTADOR_": null }, "geometry": { "type": "Point", "coordinates": [ -70.673439, -33.43894, 0.0 ] } },
{ "type": "Feature", "properties": { "TIPO_EQUIP": "Grifo", "CALIDAD_U": "Media", "PRESTADOR_": null }, "geometry": { "type": "Point", "coordinates": [ -70.664795, -33.438887, 0.0 ] } },
{ "type": "Feature", "properties": { "TIPO_EQUIP": "Grifo", "CALIDAD_U": "Media", "PRESTADOR_": null }, "geometry": { "type": "Point", "coordinates": [ -70.670412, -33.438851, 0.0 ] } },
{ "type": "Feature", "properties": { "TIPO_EQUIP": "Grifo", "CALIDAD_U": "Media", "PRESTADOR_": null }, "geometry": { "type": "Point", "coordinates": [ -70.651004, -33.438849, 0.0 ] } },
{ "type": "Feature", "properties": { "TIPO_EQUIP": "Grifo", "CALIDAD_U": "Media", "PRESTADOR_": null }, "geometry": { "type": "Point", "coordinates": [ -70.634932, -33.43881, 0.0 ] } },
{ "type": "Feature", "properties": { "TIPO_EQUIP": "Grifo", "CALIDAD_U": "Media", "PRESTADOR_": null }, "geometry": { "type": "Point", "coordinates": [ -70.666039, -33.438803, 0.0 ] } },
{ "type": "Feature", "properties": { "TIPO_EQUIP": "Grifo", "CALIDAD_U": "Media", "PRESTADOR_": null }, "geometry": { "type": "Point", "coordinates": [ -70.653064, -33.438781, 0.0 ] } },
{ "type": "Feature", "properties": { "TIPO_EQUIP": "Grifo", "CALIDAD_U": "Media", "PRESTADOR_": null }, "geometry": { "type": "Point", "coordinates": [ -70.683369, -33.43871, 0.0 ] } },
{ "type": "Feature", "properties": { "TIPO_EQUIP": "Grifo", "CALIDAD_U": "Media", "PRESTADOR_": null }, "geometry": { "type": "Point", "coordinates": [ -70.653966, -33.438709, 0.0 ] } },
{ "type": "Feature", "properties": { "TIPO_EQUIP": "Grifo", "CALIDAD_U": "Media", "PRESTADOR_": null }, "geometry": { "type": "Point", "coordinates": [ -70.656751, -33.438691, 0.0 ] } },
{ "type": "Feature", "properties": { "TIPO_EQUIP": "Grifo", "CALIDAD_U": "Media", "PRESTADOR_": null }, "geometry": { "type": "Point", "coordinates": [ -70.636233, -33.438678, 0.0 ] } },
{ "type": "Feature", "properties": { "TIPO_EQUIP": "Grifo", "CALIDAD_U": "Media", "PRESTADOR_": null }, "geometry": { "type": "Point", "coordinates": [ -70.651266, -33.438629, 0.0 ] } },
{ "type": "Feature", "properties": { "TIPO_EQUIP": "Grifo", "CALIDAD_U": "Media", "PRESTADOR_": null }, "geometry": { "type": "Point", "coordinates": [ -70.658166, -33.438623, 0.0 ] } },
{ "type": "Feature", "properties": { "TIPO_EQUIP": "Grifo", "CALIDAD_U": "Media", "PRESTADOR_": null }, "geometry": { "type": "Point", "coordinates": [ -70.679958, -33.438562, 0.0 ] } },
{ "type": "Feature", "properties": { "TIPO_EQUIP": "Grifo", "CALIDAD_U": "Media", "PRESTADOR_": null }, "geometry": { "type": "Point", "coordinates": [ -70.642571, -33.438529, 0.0 ] } },
{ "type": "Feature", "properties": { "TIPO_EQUIP": "Grifo", "CALIDAD_U": "Media", "PRESTADOR_": null }, "geometry": { "type": "Point", "coordinates": [ -70.661467, -33.438529, 0.0 ] } },
{ "type": "Feature", "properties": { "TIPO_EQUIP": "Grifo", "CALIDAD_U": "Media", "PRESTADOR_": null }, "geometry": { "type": "Point", "coordinates": [ -70.679066, -33.438458, 0.0 ] } },
{ "type": "Feature", "properties": { "TIPO_EQUIP": "Grifo", "CALIDAD_U": "Media", "PRESTADOR_": null }, "geometry": { "type": "Point", "coordinates": [ -70.650965, -33.438411, 0.0 ] } },
{ "type": "Feature", "properties": { "TIPO_EQUIP": "Grifo", "CALIDAD_U": "Media", "PRESTADOR_": null }, "geometry": { "type": "Point", "coordinates": [ -70.660504, -33.438408, 0.0 ] } },
{ "type": "Feature", "properties": { "TIPO_EQUIP": "Grifo", "CALIDAD_U": "Media", "PRESTADOR_": null }, "geometry": { "type": "Point", "coordinates": [ -70.678025, -33.438384, 0.0 ] } },
{ "type": "Feature", "properties": { "TIPO_EQUIP": "Grifo", "CALIDAD_U": "Media", "PRESTADOR_": null }, "geometry": { "type": "Point", "coordinates": [ -70.649909, -33.438337, 0.0 ] } },
{ "type": "Feature", "properties": { "TIPO_EQUIP": "Grifo", "CALIDAD_U": "Media", "PRESTADOR_": null }, "geometry": { "type": "Point", "coordinates": [ -70.640997, -33.438332, 0.0 ] } },
{ "type": "Feature", "properties": { "TIPO_EQUIP": "Grifo", "CALIDAD_U": "Media", "PRESTADOR_": null }, "geometry": { "type": "Point", "coordinates": [ -70.638232, -33.43831, 0.0 ] } },
{ "type": "Feature", "properties": { "TIPO_EQUIP": "Grifo", "CALIDAD_U": "Media", "PRESTADOR_": null }, "geometry": { "type": "Point", "coordinates": [ -70.676945, -33.438308, 0.0 ] } },
{ "type": "Feature", "properties": { "TIPO_EQUIP": "Grifo", "CALIDAD_U": "Media", "PRESTADOR_": null }, "geometry": { "type": "Point", "coordinates": [ -70.648188, -33.438292, 0.0 ] } },
{ "type": "Feature", "properties": { "TIPO_EQUIP": "Grifo", "CALIDAD_U": "Media", "PRESTADOR_": null }, "geometry": { "type": "Point", "coordinates": [ -70.655418, -33.438277, 0.0 ] } },
{ "type": "Feature", "properties": { "TIPO_EQUIP": "Grifo", "CALIDAD_U": "Media", "PRESTADOR_": null }, "geometry": { "type": "Point", "coordinates": [ -70.647154, -33.438265, 0.0 ] } },
{ "type": "Feature", "properties": { "TIPO_EQUIP": "Grifo", "CALIDAD_U": "Media", "PRESTADOR_": null }, "geometry": { "type": "Point", "coordinates": [ -70.647903, -33.43826, 0.0 ] } },
{ "type": "Feature", "properties": { "TIPO_EQUIP": "Grifo", "CALIDAD_U": "Media", "PRESTADOR_": null }, "geometry": { "type": "Point", "coordinates": [ -70.676012, -33.438249, 0.0 ] } },
{ "type": "Feature", "properties": { "TIPO_EQUIP": "Grifo", "CALIDAD_U": "Media", "PRESTADOR_": null }, "geometry": { "type": "Point", "coordinates": [ -70.648869, -33.438246, 0.0 ] } },
{ "type": "Feature", "properties": { "TIPO_EQUIP": "Grifo", "CALIDAD_U": "Media", "PRESTADOR_": null }, "geometry": { "type": "Point", "coordinates": [ -70.6511, -33.438239, 0.0 ] } },
{ "type": "Feature", "properties": { "TIPO_EQUIP": "Grifo", "CALIDAD_U": "Media", "PRESTADOR_": null }, "geometry": { "type": "Point", "coordinates": [ -70.658016, -33.438179, 0.0 ] } },
{ "type": "Feature", "properties": { "TIPO_EQUIP": "Grifo", "CALIDAD_U": "Media", "PRESTADOR_": null }, "geometry": { "type": "Point", "coordinates": [ -70.659495, -33.438173, 0.0 ] } },
{ "type": "Feature", "properties": { "TIPO_EQUIP": "Grifo", "CALIDAD_U": "Media", "PRESTADOR_": null }, "geometry": { "type": "Point", "coordinates": [ -70.674556, -33.43815, 0.0 ] } },
{ "type": "Feature", "properties": { "TIPO_EQUIP": "Grifo", "CALIDAD_U": "Media", "PRESTADOR_": null }, "geometry": { "type": "Point", "coordinates": [ -70.653897, -33.438117, 0.0 ] } },
{ "type": "Feature", "properties": { "TIPO_EQUIP": "Grifo", "CALIDAD_U": "Media", "PRESTADOR_": null }, "geometry": { "type": "Point", "coordinates": [ -70.643645, -33.438084, 0.0 ] } },
{ "type": "Feature", "properties": { "TIPO_EQUIP": "Grifo", "CALIDAD_U": "Media", "PRESTADOR_": null }, "geometry": { "type": "Point", "coordinates": [ -70.673677, -33.438079, 0.0 ] } },
{ "type": "Feature", "properties": { "TIPO_EQUIP": "Grifo", "CALIDAD_U": "Media", "PRESTADOR_": null }, "geometry": { "type": "Point", "coordinates": [ -70.668808, -33.438071, 0.0 ] } },
{ "type": "Feature", "properties": { "TIPO_EQUIP": "Grifo", "CALIDAD_U": "Media", "PRESTADOR_": null }, "geometry": { "type": "Point", "coordinates": [ -70.672722, -33.43804, 0.0 ] } },
{ "type": "Feature", "properties": { "TIPO_EQUIP": "Grifo", "CALIDAD_U": "Media", "PRESTADOR_": null }, "geometry": { "type": "Point", "coordinates": [ -70.645732, -33.438035, 0.0 ] } },
{ "type": "Feature", "properties": { "TIPO_EQUIP": "Grifo", "CALIDAD_U": "Media", "PRESTADOR_": null }, "geometry": { "type": "Point", "coordinates": [ -70.639109, -33.438025, 0.0 ] } },
{ "type": "Feature", "properties": { "TIPO_EQUIP": "Grifo", "CALIDAD_U": "Media", "PRESTADOR_": null }, "geometry": { "type": "Point", "coordinates": [ -70.661152, -33.438023, 0.0 ] } },
{ "type": "Feature", "properties": { "TIPO_EQUIP": "Grifo", "CALIDAD_U": "Media", "PRESTADOR_": null }, "geometry": { "type": "Point", "coordinates": [ -70.667642, -33.438005, 0.0 ] } },
{ "type": "Feature", "properties": { "TIPO_EQUIP": "Grifo", "CALIDAD_U": "Media", "PRESTADOR_": null }, "geometry": { "type": "Point", "coordinates": [ -70.671875, -33.437957, 0.0 ] } },
{ "type": "Feature", "properties": { "TIPO_EQUIP": "Grifo", "CALIDAD_U": "Media", "PRESTADOR_": null }, "geometry": { "type": "Point", "coordinates": [ -70.667208, -33.437956, 0.0 ] } },
{ "type": "Feature", "properties": { "TIPO_EQUIP": "Grifo", "CALIDAD_U": "Media", "PRESTADOR_": null }, "geometry": { "type": "Point", "coordinates": [ -70.64116, -33.43793, 0.0 ] } },
{ "type": "Feature", "properties": { "TIPO_EQUIP": "Grifo", "CALIDAD_U": "Media", "PRESTADOR_": null }, "geometry": { "type": "Point", "coordinates": [ -70.655599, -33.437926, 0.0 ] } },
{ "type": "Feature", "properties": { "TIPO_EQUIP": "Grifo", "CALIDAD_U": "Media", "PRESTADOR_": null }, "geometry": { "type": "Point", "coordinates": [ -70.643495, -33.437887, 0.0 ] } },
{ "type": "Feature", "properties": { "TIPO_EQUIP": "Grifo", "CALIDAD_U": "Media", "PRESTADOR_": null }, "geometry": { "type": "Point", "coordinates": [ -70.645623, -33.437865, 0.0 ] } },
{ "type": "Feature", "properties": { "TIPO_EQUIP": "Grifo", "CALIDAD_U": "Media", "PRESTADOR_": null }, "geometry": { "type": "Point", "coordinates": [ -70.66614, -33.437851, 0.0 ] } },
{ "type": "Feature", "properties": { "TIPO_EQUIP": "Grifo", "CALIDAD_U": "Media", "PRESTADOR_": null }, "geometry": { "type": "Point", "coordinates": [ -70.671341, -33.437833, 0.0 ] } },
{ "type": "Feature", "properties": { "TIPO_EQUIP": "Grifo", "CALIDAD_U": "Media", "PRESTADOR_": null }, "geometry": { "type": "Point", "coordinates": [ -70.679004, -33.437827, 0.0 ] } },
{ "type": "Feature", "properties": { "TIPO_EQUIP": "Grifo", "CALIDAD_U": "Media", "PRESTADOR_": null }, "geometry": { "type": "Point", "coordinates": [ -70.669794, -33.437826, 0.0 ] } },
{ "type": "Feature", "properties": { "TIPO_EQUIP": "Grifo", "CALIDAD_U": "Media", "PRESTADOR_": null }, "geometry": { "type": "Point", "coordinates": [ -70.644419, -33.437821, 0.0 ] } },
{ "type": "Feature", "properties": { "TIPO_EQUIP": "Grifo", "CALIDAD_U": "Media", "PRESTADOR_": null }, "geometry": { "type": "Point", "coordinates": [ -70.637408, -33.437818, 0.0 ] } },
{ "type": "Feature", "properties": { "TIPO_EQUIP": "Grifo", "CALIDAD_U": "Media", "PRESTADOR_": null }, "geometry": { "type": "Point", "coordinates": [ -70.677901, -33.437739, 0.0 ] } },
{ "type": "Feature", "properties": { "TIPO_EQUIP": "Grifo", "CALIDAD_U": "Media", "PRESTADOR_": null }, "geometry": { "type": "Point", "coordinates": [ -70.664534, -33.437695, 0.0 ] } },
{ "type": "Feature", "properties": { "TIPO_EQUIP": "Grifo", "CALIDAD_U": "Media", "PRESTADOR_": null }, "geometry": { "type": "Point", "coordinates": [ -70.658287, -33.437644, 0.0 ] } },
{ "type": "Feature", "properties": { "TIPO_EQUIP": "Grifo", "CALIDAD_U": "Media", "PRESTADOR_": null }, "geometry": { "type": "Point", "coordinates": [ -70.638942, -33.437584, 0.0 ] } },
{ "type": "Feature", "properties": { "TIPO_EQUIP": "Grifo", "CALIDAD_U": "Media", "PRESTADOR_": null }, "geometry": { "type": "Point", "coordinates": [ -70.648505, -33.437578, 0.0 ] } },
{ "type": "Feature", "properties": { "TIPO_EQUIP": "Grifo", "CALIDAD_U": "Media", "PRESTADOR_": null }, "geometry": { "type": "Point", "coordinates": [ -70.653355, -33.43756, 0.0 ] } },
{ "type": "Feature", "properties": { "TIPO_EQUIP": "Grifo", "CALIDAD_U": "Media", "PRESTADOR_": null }, "geometry": { "type": "Point", "coordinates": [ -70.662584, -33.437544, 0.0 ] } },
{ "type": "Feature", "properties": { "TIPO_EQUIP": "Grifo", "CALIDAD_U": "Media", "PRESTADOR_": null }, "geometry": { "type": "Point", "coordinates": [ -70.680074, -33.437543, 0.0 ] } },
{ "type": "Feature", "properties": { "TIPO_EQUIP": "Grifo", "CALIDAD_U": "Media", "PRESTADOR_": null }, "geometry": { "type": "Point", "coordinates": [ -70.643312, -33.437541, 0.0 ] } },
{ "type": "Feature", "properties": { "TIPO_EQUIP": "Grifo", "CALIDAD_U": "Media", "PRESTADOR_": null }, "geometry": { "type": "Point", "coordinates": [ -70.656903, -33.437503, 0.0 ] } },
{ "type": "Feature", "properties": { "TIPO_EQUIP": "Grifo", "CALIDAD_U": "Media", "PRESTADOR_": null }, "geometry": { "type": "Point", "coordinates": [ -70.66269, -33.437498, 0.0 ] } },
{ "type": "Feature", "properties": { "TIPO_EQUIP": "Grifo", "CALIDAD_U": "Media", "PRESTADOR_": null }, "geometry": { "type": "Point", "coordinates": [ -70.635482, -33.437492, 0.0 ] } },
{ "type": "Feature", "properties": { "TIPO_EQUIP": "Grifo", "CALIDAD_U": "Media", "PRESTADOR_": null }, "geometry": { "type": "Point", "coordinates": [ -70.643551, -33.437488, 0.0 ] } },
{ "type": "Feature", "properties": { "TIPO_EQUIP": "Grifo", "CALIDAD_U": "Media", "PRESTADOR_": null }, "geometry": { "type": "Point", "coordinates": [ -70.679353, -33.437419, 0.0 ] } },
{ "type": "Feature", "properties": { "TIPO_EQUIP": "Grifo", "CALIDAD_U": "Media", "PRESTADOR_": null }, "geometry": { "type": "Point", "coordinates": [ -70.660529, -33.437403, 0.0 ] } },
{ "type": "Feature", "properties": { "TIPO_EQUIP": "Grifo", "CALIDAD_U": "Media", "PRESTADOR_": null }, "geometry": { "type": "Point", "coordinates": [ -70.678044, -33.437395, 0.0 ] } },
{ "type": "Feature", "properties": { "TIPO_EQUIP": "Grifo", "CALIDAD_U": "Media", "PRESTADOR_": null }, "geometry": { "type": "Point", "coordinates": [ -70.651949, -33.437385, 0.0 ] } },
{ "type": "Feature", "properties": { "TIPO_EQUIP": "Grifo", "CALIDAD_U": "Media", "PRESTADOR_": null }, "geometry": { "type": "Point", "coordinates": [ -70.661218, -33.437372, 0.0 ] } },
{ "type": "Feature", "properties": { "TIPO_EQUIP": "Grifo", "CALIDAD_U": "Media", "PRESTADOR_": null }, "geometry": { "type": "Point", "coordinates": [ -70.649988, -33.437347, 0.0 ] } },
{ "type": "Feature", "properties": { "TIPO_EQUIP": "Grifo", "CALIDAD_U": "Media", "PRESTADOR_": null }, "geometry": { "type": "Point", "coordinates": [ -70.676966, -33.437324, 0.0 ] } },
{ "type": "Feature", "properties": { "TIPO_EQUIP": "Grifo", "CALIDAD_U": "Media", "PRESTADOR_": null }, "geometry": { "type": "Point", "coordinates": [ -70.641142, -33.437289, 0.0 ] } },
{ "type": "Feature", "properties": { "TIPO_EQUIP": "Grifo", "CALIDAD_U": "Media", "PRESTADOR_": null }, "geometry": { "type": "Point", "coordinates": [ -70.650481, -33.437246, 0.0 ] } },
{ "type": "Feature", "properties": { "TIPO_EQUIP": "Grifo", "CALIDAD_U": "Media", "PRESTADOR_": null }, "geometry": { "type": "Point", "coordinates": [ -70.676085, -33.437243, 0.0 ] } },
{ "type": "Feature", "properties": { "TIPO_EQUIP": "Grifo", "CALIDAD_U": "Media", "PRESTADOR_": null }, "geometry": { "type": "Point", "coordinates": [ -70.649308, -33.437207, 0.0 ] } },
{ "type": "Feature", "properties": { "TIPO_EQUIP": "Grifo", "CALIDAD_U": "Media", "PRESTADOR_": null }, "geometry": { "type": "Point", "coordinates": [ -70.674555, -33.437156, 0.0 ] } },
{ "type": "Feature", "properties": { "TIPO_EQUIP": "Grifo", "CALIDAD_U": "Media", "PRESTADOR_": null }, "geometry": { "type": "Point", "coordinates": [ -70.649648, -33.437121, 0.0 ] } },
{ "type": "Feature", "properties": { "TIPO_EQUIP": "Grifo", "CALIDAD_U": "Media", "PRESTADOR_": null }, "geometry": { "type": "Point", "coordinates": [ -70.67363, -33.437118, 0.0 ] } },
{ "type": "Feature", "properties": { "TIPO_EQUIP": "Grifo", "CALIDAD_U": "Media", "PRESTADOR_": null }, "geometry": { "type": "Point", "coordinates": [ -70.635475, -33.437073, 0.0 ] } },
{ "type": "Feature", "properties": { "TIPO_EQUIP": "Grifo", "CALIDAD_U": "Media", "PRESTADOR_": null }, "geometry": { "type": "Point", "coordinates": [ -70.649322, -33.437059, 0.0 ] } },
{ "type": "Feature", "properties": { "TIPO_EQUIP": "Grifo", "CALIDAD_U": "Media", "PRESTADOR_": null }, "geometry": { "type": "Point", "coordinates": [ -70.64777, -33.437058, 0.0 ] } },
{ "type": "Feature", "properties": { "TIPO_EQUIP": "Grifo", "CALIDAD_U": "Media", "PRESTADOR_": null }, "geometry": { "type": "Point", "coordinates": [ -70.659671, -33.437028, 0.0 ] } },
{ "type": "Feature", "properties": { "TIPO_EQUIP": "Grifo", "CALIDAD_U": "Media", "PRESTADOR_": null }, "geometry": { "type": "Point", "coordinates": [ -70.637562, -33.436989, 0.0 ] } },
{ "type": "Feature", "properties": { "TIPO_EQUIP": "Grifo", "CALIDAD_U": "Media", "PRESTADOR_": null }, "geometry": { "type": "Point", "coordinates": [ -70.63904, -33.436961, 0.0 ] } },
{ "type": "Feature", "properties": { "TIPO_EQUIP": "Grifo", "CALIDAD_U": "Media", "PRESTADOR_": null }, "geometry": { "type": "Point", "coordinates": [ -70.671936, -33.436959, 0.0 ] } },
{ "type": "Feature", "properties": { "TIPO_EQUIP": "Grifo", "CALIDAD_U": "Media", "PRESTADOR_": null }, "geometry": { "type": "Point", "coordinates": [ -70.679068, -33.436939, 0.0 ] } },
{ "type": "Feature", "properties": { "TIPO_EQUIP": "Grifo", "CALIDAD_U": "Media", "PRESTADOR_": null }, "geometry": { "type": "Point", "coordinates": [ -70.643319, -33.436932, 0.0 ] } },
{ "type": "Feature", "properties": { "TIPO_EQUIP": "Grifo", "CALIDAD_U": "Media", "PRESTADOR_": null }, "geometry": { "type": "Point", "coordinates": [ -70.658371, -33.43691, 0.0 ] } },
{ "type": "Feature", "properties": { "TIPO_EQUIP": "Grifo", "CALIDAD_U": "Media", "PRESTADOR_": null }, "geometry": { "type": "Point", "coordinates": [ -70.658116, -33.4369, 0.0 ] } },
{ "type": "Feature", "properties": { "TIPO_EQUIP": "Grifo", "CALIDAD_U": "Media", "PRESTADOR_": null }, "geometry": { "type": "Point", "coordinates": [ -70.67078, -33.436893, 0.0 ] } },
{ "type": "Feature", "properties": { "TIPO_EQUIP": "Grifo", "CALIDAD_U": "Media", "PRESTADOR_": null }, "geometry": { "type": "Point", "coordinates": [ -70.667158, -33.43688, 0.0 ] } },
{ "type": "Feature", "properties": { "TIPO_EQUIP": "Grifo", "CALIDAD_U": "Media", "PRESTADOR_": null }, "geometry": { "type": "Point", "coordinates": [ -70.6527, -33.436855, 0.0 ] } },
{ "type": "Feature", "properties": { "TIPO_EQUIP": "Grifo", "CALIDAD_U": "Media", "PRESTADOR_": null }, "geometry": { "type": "Point", "coordinates": [ -70.655723, -33.436842, 0.0 ] } },
{ "type": "Feature", "properties": { "TIPO_EQUIP": "Grifo", "CALIDAD_U": "Media", "PRESTADOR_": null }, "geometry": { "type": "Point", "coordinates": [ -70.641656, -33.43682, 0.0 ] } },
{ "type": "Feature", "properties": { "TIPO_EQUIP": "Grifo", "CALIDAD_U": "Media", "PRESTADOR_": null }, "geometry": { "type": "Point", "coordinates": [ -70.6459, -33.436806, 0.0 ] } },
{ "type": "Feature", "properties": { "TIPO_EQUIP": "Grifo", "CALIDAD_U": "Media", "PRESTADOR_": null }, "geometry": { "type": "Point", "coordinates": [ -70.644307, -33.436792, 0.0 ] } },
{ "type": "Feature", "properties": { "TIPO_EQUIP": "Grifo", "CALIDAD_U": "Media", "PRESTADOR_": null }, "geometry": { "type": "Point", "coordinates": [ -70.65129, -33.436755, 0.0 ] } },
{ "type": "Feature", "properties": { "TIPO_EQUIP": "Grifo", "CALIDAD_U": "Media", "PRESTADOR_": null }, "geometry": { "type": "Point", "coordinates": [ -70.6689, -33.436751, 0.0 ] } },
{ "type": "Feature", "properties": { "TIPO_EQUIP": "Grifo", "CALIDAD_U": "Media", "PRESTADOR_": null }, "geometry": { "type": "Point", "coordinates": [ -70.654117, -33.436731, 0.0 ] } },
{ "type": "Feature", "properties": { "TIPO_EQUIP": "Grifo", "CALIDAD_U": "Media", "PRESTADOR_": null }, "geometry": { "type": "Point", "coordinates": [ -70.656206, -33.436692, 0.0 ] } },
{ "type": "Feature", "properties": { "TIPO_EQUIP": "Grifo", "CALIDAD_U": "Media", "PRESTADOR_": null }, "geometry": { "type": "Point", "coordinates": [ -70.640668, -33.436689, 0.0 ] } },
{ "type": "Feature", "properties": { "TIPO_EQUIP": "Grifo", "CALIDAD_U": "Media", "PRESTADOR_": null }, "geometry": { "type": "Point", "coordinates": [ -70.650095, -33.436664, 0.0 ] } },
{ "type": "Feature", "properties": { "TIPO_EQUIP": "Grifo", "CALIDAD_U": "Media", "PRESTADOR_": null }, "geometry": { "type": "Point", "coordinates": [ -70.667298, -33.436641, 0.0 ] } },
{ "type": "Feature", "properties": { "TIPO_EQUIP": "Grifo", "CALIDAD_U": "Media", "PRESTADOR_": null }, "geometry": { "type": "Point", "coordinates": [ -70.676081, -33.436537, 0.0 ] } },
{ "type": "Feature", "properties": { "TIPO_EQUIP": "Grifo", "CALIDAD_U": "Media", "PRESTADOR_": null }, "geometry": { "type": "Point", "coordinates": [ -70.648815, -33.436506, 0.0 ] } },
{ "type": "Feature", "properties": { "TIPO_EQUIP": "Grifo", "CALIDAD_U": "Media", "PRESTADOR_": null }, "geometry": { "type": "Point", "coordinates": [ -70.643654, -33.436477, 0.0 ] } },
{ "type": "Feature", "properties": { "TIPO_EQUIP": "Grifo", "CALIDAD_U": "Media", "PRESTADOR_": null }, "geometry": { "type": "Point", "coordinates": [ -70.652927, -33.436438, 0.0 ] } },
{ "type": "Feature", "properties": { "TIPO_EQUIP": "Grifo", "CALIDAD_U": "Media", "PRESTADOR_": null }, "geometry": { "type": "Point", "coordinates": [ -70.664656, -33.436361, 0.0 ] } },
{ "type": "Feature", "properties": { "TIPO_EQUIP": "Grifo", "CALIDAD_U": "Media", "PRESTADOR_": null }, "geometry": { "type": "Point", "coordinates": [ -70.662758, -33.436257, 0.0 ] } },
{ "type": "Feature", "properties": { "TIPO_EQUIP": "Grifo", "CALIDAD_U": "Media", "PRESTADOR_": null }, "geometry": { "type": "Point", "coordinates": [ -70.679103, -33.436252, 0.0 ] } },
{ "type": "Feature", "properties": { "TIPO_EQUIP": "Grifo", "CALIDAD_U": "Media", "PRESTADOR_": null }, "geometry": { "type": "Point", "coordinates": [ -70.652192, -33.436217, 0.0 ] } },
{ "type": "Feature", "properties": { "TIPO_EQUIP": "Grifo", "CALIDAD_U": "Media", "PRESTADOR_": null }, "geometry": { "type": "Point", "coordinates": [ -70.643035, -33.436166, 0.0 ] } },
{ "type": "Feature", "properties": { "TIPO_EQUIP": "Grifo", "CALIDAD_U": "Media", "PRESTADOR_": null }, "geometry": { "type": "Point", "coordinates": [ -70.680195, -33.436163, 0.0 ] } },
{ "type": "Feature", "properties": { "TIPO_EQUIP": "Grifo", "CALIDAD_U": "Media", "PRESTADOR_": null }, "geometry": { "type": "Point", "coordinates": [ -70.654175, -33.436149, 0.0 ] } },
{ "type": "Feature", "properties": { "TIPO_EQUIP": "Grifo", "CALIDAD_U": "Media", "PRESTADOR_": null }, "geometry": { "type": "Point", "coordinates": [ -70.661403, -33.436086, 0.0 ] } },
{ "type": "Feature", "properties": { "TIPO_EQUIP": "Grifo", "CALIDAD_U": "Media", "PRESTADOR_": null }, "geometry": { "type": "Point", "coordinates": [ -70.643131, -33.436082, 0.0 ] } },
{ "type": "Feature", "properties": { "TIPO_EQUIP": "Grifo", "CALIDAD_U": "Media", "PRESTADOR_": null }, "geometry": { "type": "Point", "coordinates": [ -70.650855, -33.436075, 0.0 ] } },
{ "type": "Feature", "properties": { "TIPO_EQUIP": "Grifo", "CALIDAD_U": "Media", "PRESTADOR_": null }, "geometry": { "type": "Point", "coordinates": [ -70.658622, -33.43594, 0.0 ] } },
{ "type": "Feature", "properties": { "TIPO_EQUIP": "Grifo", "CALIDAD_U": "Media", "PRESTADOR_": null }, "geometry": { "type": "Point", "coordinates": [ -70.643174, -33.435937, 0.0 ] } },
{ "type": "Feature", "properties": { "TIPO_EQUIP": "Grifo", "CALIDAD_U": "Media", "PRESTADOR_": null }, "geometry": { "type": "Point", "coordinates": [ -70.643463, -33.435866, 0.0 ] } },
{ "type": "Feature", "properties": { "TIPO_EQUIP": "Grifo", "CALIDAD_U": "Media", "PRESTADOR_": null }, "geometry": { "type": "Point", "coordinates": [ -70.67926, -33.43585, 0.0 ] } },
{ "type": "Feature", "properties": { "TIPO_EQUIP": "Grifo", "CALIDAD_U": "Media", "PRESTADOR_": null }, "geometry": { "type": "Point", "coordinates": [ -70.644434, -33.435811, 0.0 ] } },
{ "type": "Feature", "properties": { "TIPO_EQUIP": "Grifo", "CALIDAD_U": "Media", "PRESTADOR_": null }, "geometry": { "type": "Point", "coordinates": [ -70.65723, -33.435801, 0.0 ] } },
{ "type": "Feature", "properties": { "TIPO_EQUIP": "Grifo", "CALIDAD_U": "Media", "PRESTADOR_": null }, "geometry": { "type": "Point", "coordinates": [ -70.651445, -33.43574, 0.0 ] } },
{ "type": "Feature", "properties": { "TIPO_EQUIP": "Grifo", "CALIDAD_U": "Media", "PRESTADOR_": null }, "geometry": { "type": "Point", "coordinates": [ -70.678193, -33.435731, 0.0 ] } },
{ "type": "Feature", "properties": { "TIPO_EQUIP": "Grifo", "CALIDAD_U": "Media", "PRESTADOR_": null }, "geometry": { "type": "Point", "coordinates": [ -70.655898, -33.435698, 0.0 ] } },
{ "type": "Feature", "properties": { "TIPO_EQUIP": "Grifo", "CALIDAD_U": "Media", "PRESTADOR_": null }, "geometry": { "type": "Point", "coordinates": [ -70.666259, -33.435606, 0.0 ] } },
{ "type": "Feature", "properties": { "TIPO_EQUIP": "Grifo", "CALIDAD_U": "Media", "PRESTADOR_": null }, "geometry": { "type": "Point", "coordinates": [ -70.677121, -33.435592, 0.0 ] } },
{ "type": "Feature", "properties": { "TIPO_EQUIP": "Grifo", "CALIDAD_U": "Media", "PRESTADOR_": null }, "geometry": { "type": "Point", "coordinates": [ -70.646071, -33.435582, 0.0 ] } },
{ "type": "Feature", "properties": { "TIPO_EQUIP": "Grifo", "CALIDAD_U": "Media", "PRESTADOR_": null }, "geometry": { "type": "Point", "coordinates": [ -70.645143, -33.435547, 0.0 ] } },
{ "type": "Feature", "properties": { "TIPO_EQUIP": "Grifo", "CALIDAD_U": "Media", "PRESTADOR_": null }, "geometry": { "type": "Point", "coordinates": [ -70.670864, -33.435543, 0.0 ] } },
{ "type": "Feature", "properties": { "TIPO_EQUIP": "Grifo", "CALIDAD_U": "Media", "PRESTADOR_": null }, "geometry": { "type": "Point", "coordinates": [ -70.654415, -33.435484, 0.0 ] } },
{ "type": "Feature", "properties": { "TIPO_EQUIP": "Grifo", "CALIDAD_U": "Media", "PRESTADOR_": null }, "geometry": { "type": "Point", "coordinates": [ -70.654796, -33.435463, 0.0 ] } },
{ "type": "Feature", "properties": { "TIPO_EQUIP": "Grifo", "CALIDAD_U": "Media", "PRESTADOR_": null }, "geometry": { "type": "Point", "coordinates": [ -70.676189, -33.435457, 0.0 ] } },
{ "type": "Feature", "properties": { "TIPO_EQUIP": "Grifo", "CALIDAD_U": "Media", "PRESTADOR_": null }, "geometry": { "type": "Point", "coordinates": [ -70.65362, -33.43541, 0.0 ] } },
{ "type": "Feature", "properties": { "TIPO_EQUIP": "Grifo", "CALIDAD_U": "Media", "PRESTADOR_": null }, "geometry": { "type": "Point", "coordinates": [ -70.644456, -33.435388, 0.0 ] } },
{ "type": "Feature", "properties": { "TIPO_EQUIP": "Grifo", "CALIDAD_U": "Media", "PRESTADOR_": null }, "geometry": { "type": "Point", "coordinates": [ -70.6474, -33.435339, 0.0 ] } },
{ "type": "Feature", "properties": { "TIPO_EQUIP": "Grifo", "CALIDAD_U": "Media", "PRESTADOR_": null }, "geometry": { "type": "Point", "coordinates": [ -70.653088, -33.435288, 0.0 ] } },
{ "type": "Feature", "properties": { "TIPO_EQUIP": "Grifo", "CALIDAD_U": "Media", "PRESTADOR_": null }, "geometry": { "type": "Point", "coordinates": [ -70.674755, -33.435284, 0.0 ] } },
{ "type": "Feature", "properties": { "TIPO_EQUIP": "Grifo", "CALIDAD_U": "Media", "PRESTADOR_": null }, "geometry": { "type": "Point", "coordinates": [ -70.676002, -33.435281, 0.0 ] } },
{ "type": "Feature", "properties": { "TIPO_EQUIP": "Grifo", "CALIDAD_U": "Media", "PRESTADOR_": null }, "geometry": { "type": "Point", "coordinates": [ -70.673882, -33.435216, 0.0 ] } },
{ "type": "Feature", "properties": { "TIPO_EQUIP": "Grifo", "CALIDAD_U": "Media", "PRESTADOR_": null }, "geometry": { "type": "Point", "coordinates": [ -70.651629, -33.435207, 0.0 ] } },
{ "type": "Feature", "properties": { "TIPO_EQUIP": "Grifo", "CALIDAD_U": "Media", "PRESTADOR_": null }, "geometry": { "type": "Point", "coordinates": [ -70.672993, -33.435175, 0.0 ] } },
{ "type": "Feature", "properties": { "TIPO_EQUIP": "Grifo", "CALIDAD_U": "Media", "PRESTADOR_": null }, "geometry": { "type": "Point", "coordinates": [ -70.671042, -33.435156, 0.0 ] } },
{ "type": "Feature", "properties": { "TIPO_EQUIP": "Grifo", "CALIDAD_U": "Media", "PRESTADOR_": null }, "geometry": { "type": "Point", "coordinates": [ -70.649671, -33.435145, 0.0 ] } },
{ "type": "Feature", "properties": { "TIPO_EQUIP": "Grifo", "CALIDAD_U": "Media", "PRESTADOR_": null }, "geometry": { "type": "Point", "coordinates": [ -70.672146, -33.435125, 0.0 ] } },
{ "type": "Feature", "properties": { "TIPO_EQUIP": "Grifo", "CALIDAD_U": "Media", "PRESTADOR_": null }, "geometry": { "type": "Point", "coordinates": [ -70.679196, -33.435111, 0.0 ] } },
{ "type": "Feature", "properties": { "TIPO_EQUIP": "Grifo", "CALIDAD_U": "Media", "PRESTADOR_": null }, "geometry": { "type": "Point", "coordinates": [ -70.658611, -33.435095, 0.0 ] } },
{ "type": "Feature", "properties": { "TIPO_EQUIP": "Grifo", "CALIDAD_U": "Media", "PRESTADOR_": null }, "geometry": { "type": "Point", "coordinates": [ -70.650349, -33.435037, 0.0 ] } },
{ "type": "Feature", "properties": { "TIPO_EQUIP": "Grifo", "CALIDAD_U": "Media", "PRESTADOR_": null }, "geometry": { "type": "Point", "coordinates": [ -70.669136, -33.435016, 0.0 ] } },
{ "type": "Feature", "properties": { "TIPO_EQUIP": "Grifo", "CALIDAD_U": "Media", "PRESTADOR_": null }, "geometry": { "type": "Point", "coordinates": [ -70.643575, -33.435013, 0.0 ] } },
{ "type": "Feature", "properties": { "TIPO_EQUIP": "Grifo", "CALIDAD_U": "Media", "PRESTADOR_": null }, "geometry": { "type": "Point", "coordinates": [ -70.667342, -33.435004, 0.0 ] } },
{ "type": "Feature", "properties": { "TIPO_EQUIP": "Grifo", "CALIDAD_U": "Media", "PRESTADOR_": null }, "geometry": { "type": "Point", "coordinates": [ -70.654331, -33.434985, 0.0 ] } },
{ "type": "Feature", "properties": { "TIPO_EQUIP": "Grifo", "CALIDAD_U": "Media", "PRESTADOR_": null }, "geometry": { "type": "Point", "coordinates": [ -70.666389, -33.434952, 0.0 ] } },
{ "type": "Feature", "properties": { "TIPO_EQUIP": "Grifo", "CALIDAD_U": "Media", "PRESTADOR_": null }, "geometry": { "type": "Point", "coordinates": [ -70.670198, -33.434945, 0.0 ] } },
{ "type": "Feature", "properties": { "TIPO_EQUIP": "Grifo", "CALIDAD_U": "Media", "PRESTADOR_": null }, "geometry": { "type": "Point", "coordinates": [ -70.646118, -33.434939, 0.0 ] } },
{ "type": "Feature", "properties": { "TIPO_EQUIP": "Grifo", "CALIDAD_U": "Media", "PRESTADOR_": null }, "geometry": { "type": "Point", "coordinates": [ -70.665034, -33.434904, 0.0 ] } },
{ "type": "Feature", "properties": { "TIPO_EQUIP": "Grifo", "CALIDAD_U": "Media", "PRESTADOR_": null }, "geometry": { "type": "Point", "coordinates": [ -70.66292, -33.434821, 0.0 ] } },
{ "type": "Feature", "properties": { "TIPO_EQUIP": "Grifo", "CALIDAD_U": "Media", "PRESTADOR_": null }, "geometry": { "type": "Point", "coordinates": [ -70.661675, -33.434732, 0.0 ] } },
{ "type": "Feature", "properties": { "TIPO_EQUIP": "Grifo", "CALIDAD_U": "Media", "PRESTADOR_": null }, "geometry": { "type": "Point", "coordinates": [ -70.64632, -33.434729, 0.0 ] } },
{ "type": "Feature", "properties": { "TIPO_EQUIP": "Grifo", "CALIDAD_U": "Media", "PRESTADOR_": null }, "geometry": { "type": "Point", "coordinates": [ -70.648982, -33.434654, 0.0 ] } },
{ "type": "Feature", "properties": { "TIPO_EQUIP": "Grifo", "CALIDAD_U": "Media", "PRESTADOR_": null }, "geometry": { "type": "Point", "coordinates": [ -70.659826, -33.434646, 0.0 ] } },
{ "type": "Feature", "properties": { "TIPO_EQUIP": "Grifo", "CALIDAD_U": "Media", "PRESTADOR_": null }, "geometry": { "type": "Point", "coordinates": [ -70.647664, -33.434619, 0.0 ] } },
{ "type": "Feature", "properties": { "TIPO_EQUIP": "Grifo", "CALIDAD_U": "Media", "PRESTADOR_": null }, "geometry": { "type": "Point", "coordinates": [ -70.659258, -33.434608, 0.0 ] } },
{ "type": "Feature", "properties": { "TIPO_EQUIP": "Grifo", "CALIDAD_U": "Media", "PRESTADOR_": null }, "geometry": { "type": "Point", "coordinates": [ -70.678299, -33.434546, 0.0 ] } },
{ "type": "Feature", "properties": { "TIPO_EQUIP": "Grifo", "CALIDAD_U": "Media", "PRESTADOR_": null }, "geometry": { "type": "Point", "coordinates": [ -70.64926, -33.434535, 0.0 ] } },
{ "type": "Feature", "properties": { "TIPO_EQUIP": "Grifo", "CALIDAD_U": "Media", "PRESTADOR_": null }, "geometry": { "type": "Point", "coordinates": [ -70.671001, -33.434527, 0.0 ] } },
{ "type": "Feature", "properties": { "TIPO_EQUIP": "Grifo", "CALIDAD_U": "Media", "PRESTADOR_": null }, "geometry": { "type": "Point", "coordinates": [ -70.653051, -33.43452, 0.0 ] } },
{ "type": "Feature", "properties": { "TIPO_EQUIP": "Grifo", "CALIDAD_U": "Media", "PRESTADOR_": null }, "geometry": { "type": "Point", "coordinates": [ -70.656706, -33.434508, 0.0 ] } },
{ "type": "Feature", "properties": { "TIPO_EQUIP": "Grifo", "CALIDAD_U": "Media", "PRESTADOR_": null }, "geometry": { "type": "Point", "coordinates": [ -70.672176, -33.434507, 0.0 ] } },
{ "type": "Feature", "properties": { "TIPO_EQUIP": "Grifo", "CALIDAD_U": "Media", "PRESTADOR_": null }, "geometry": { "type": "Point", "coordinates": [ -70.660045, -33.434491, 0.0 ] } },
{ "type": "Feature", "properties": { "TIPO_EQUIP": "Grifo", "CALIDAD_U": "Media", "PRESTADOR_": null }, "geometry": { "type": "Point", "coordinates": [ -70.667422, -33.434367, 0.0 ] } },
{ "type": "Feature", "properties": { "TIPO_EQUIP": "Grifo", "CALIDAD_U": "Media", "PRESTADOR_": null }, "geometry": { "type": "Point", "coordinates": [ -70.676295, -33.434358, 0.0 ] } },
{ "type": "Feature", "properties": { "TIPO_EQUIP": "Grifo", "CALIDAD_U": "Media", "PRESTADOR_": null }, "geometry": { "type": "Point", "coordinates": [ -70.65464, -33.434347, 0.0 ] } },
{ "type": "Feature", "properties": { "TIPO_EQUIP": "Grifo", "CALIDAD_U": "Media", "PRESTADOR_": null }, "geometry": { "type": "Point", "coordinates": [ -70.651854, -33.434332, 0.0 ] } },
{ "type": "Feature", "properties": { "TIPO_EQUIP": "Grifo", "CALIDAD_U": "Media", "PRESTADOR_": null }, "geometry": { "type": "Point", "coordinates": [ -70.653874, -33.434327, 0.0 ] } },
{ "type": "Feature", "properties": { "TIPO_EQUIP": "Grifo", "CALIDAD_U": "Media", "PRESTADOR_": null }, "geometry": { "type": "Point", "coordinates": [ -70.668916, -33.434325, 0.0 ] } },
{ "type": "Feature", "properties": { "TIPO_EQUIP": "Grifo", "CALIDAD_U": "Media", "PRESTADOR_": null }, "geometry": { "type": "Point", "coordinates": [ -70.674846, -33.434313, 0.0 ] } },
{ "type": "Feature", "properties": { "TIPO_EQUIP": "Grifo", "CALIDAD_U": "Media", "PRESTADOR_": null }, "geometry": { "type": "Point", "coordinates": [ -70.650406, -33.434296, 0.0 ] } },
{ "type": "Feature", "properties": { "TIPO_EQUIP": "Grifo", "CALIDAD_U": "Media", "PRESTADOR_": null }, "geometry": { "type": "Point", "coordinates": [ -70.680361, -33.434271, 0.0 ] } },
{ "type": "Feature", "properties": { "TIPO_EQUIP": "Grifo", "CALIDAD_U": "Media", "PRESTADOR_": null }, "geometry": { "type": "Point", "coordinates": [ -70.652546, -33.434252, 0.0 ] } },
{ "type": "Feature", "properties": { "TIPO_EQUIP": "Grifo", "CALIDAD_U": "Media", "PRESTADOR_": null }, "geometry": { "type": "Point", "coordinates": [ -70.673968, -33.434244, 0.0 ] } },
{ "type": "Feature", "properties": { "TIPO_EQUIP": "Grifo", "CALIDAD_U": "Media", "PRESTADOR_": null }, "geometry": { "type": "Point", "coordinates": [ -70.658737, -33.434201, 0.0 ] } },
{ "type": "Feature", "properties": { "TIPO_EQUIP": "Grifo", "CALIDAD_U": "Media", "PRESTADOR_": null }, "geometry": { "type": "Point", "coordinates": [ -70.648893, -33.434149, 0.0 ] } },
{ "type": "Feature", "properties": { "TIPO_EQUIP": "Grifo", "CALIDAD_U": "Media", "PRESTADOR_": null }, "geometry": { "type": "Point", "coordinates": [ -70.672224, -33.434112, 0.0 ] } },
{ "type": "Feature", "properties": { "TIPO_EQUIP": "Grifo", "CALIDAD_U": "Media", "PRESTADOR_": null }, "geometry": { "type": "Point", "coordinates": [ -70.671176, -33.434058, 0.0 ] } },
{ "type": "Feature", "properties": { "TIPO_EQUIP": "Grifo", "CALIDAD_U": "Media", "PRESTADOR_": null }, "geometry": { "type": "Point", "coordinates": [ -70.669227, -33.433889, 0.0 ] } },
{ "type": "Feature", "properties": { "TIPO_EQUIP": "Grifo", "CALIDAD_U": "Media", "PRESTADOR_": null }, "geometry": { "type": "Point", "coordinates": [ -70.657342, -33.433888, 0.0 ] } },
{ "type": "Feature", "properties": { "TIPO_EQUIP": "Grifo", "CALIDAD_U": "Media", "PRESTADOR_": null }, "geometry": { "type": "Point", "coordinates": [ -70.670295, -33.433871, 0.0 ] } },
{ "type": "Feature", "properties": { "TIPO_EQUIP": "Grifo", "CALIDAD_U": "Media", "PRESTADOR_": null }, "geometry": { "type": "Point", "coordinates": [ -70.667628, -33.43381, 0.0 ] } },
{ "type": "Feature", "properties": { "TIPO_EQUIP": "Grifo", "CALIDAD_U": "Media", "PRESTADOR_": null }, "geometry": { "type": "Point", "coordinates": [ -70.679432, -33.433806, 0.0 ] } },
{ "type": "Feature", "properties": { "TIPO_EQUIP": "Grifo", "CALIDAD_U": "Media", "PRESTADOR_": null }, "geometry": { "type": "Point", "coordinates": [ -70.678372, -33.433775, 0.0 ] } },
{ "type": "Feature", "properties": { "TIPO_EQUIP": "Grifo", "CALIDAD_U": "Media", "PRESTADOR_": null }, "geometry": { "type": "Point", "coordinates": [ -70.666469, -33.433713, 0.0 ] } },
{ "type": "Feature", "properties": { "TIPO_EQUIP": "Grifo", "CALIDAD_U": "Media", "PRESTADOR_": null }, "geometry": { "type": "Point", "coordinates": [ -70.650246, -33.433709, 0.0 ] } },
{ "type": "Feature", "properties": { "TIPO_EQUIP": "Grifo", "CALIDAD_U": "Media", "PRESTADOR_": null }, "geometry": { "type": "Point", "coordinates": [ -70.665121, -33.433679, 0.0 ] } },
{ "type": "Feature", "properties": { "TIPO_EQUIP": "Grifo", "CALIDAD_U": "Media", "PRESTADOR_": null }, "geometry": { "type": "Point", "coordinates": [ -70.654531, -33.43362, 0.0 ] } },
{ "type": "Feature", "properties": { "TIPO_EQUIP": "Grifo", "CALIDAD_U": "Media", "PRESTADOR_": null }, "geometry": { "type": "Point", "coordinates": [ -70.676368, -33.433588, 0.0 ] } },
{ "type": "Feature", "properties": { "TIPO_EQUIP": "Grifo", "CALIDAD_U": "Media", "PRESTADOR_": null }, "geometry": { "type": "Point", "coordinates": [ -70.674934, -33.433582, 0.0 ] } },
{ "type": "Feature", "properties": { "TIPO_EQUIP": "Grifo", "CALIDAD_U": "Media", "PRESTADOR_": null }, "geometry": { "type": "Point", "coordinates": [ -70.680421, -33.433551, 0.0 ] } },
{ "type": "Feature", "properties": { "TIPO_EQUIP": "Grifo", "CALIDAD_U": "Media", "PRESTADOR_": null }, "geometry": { "type": "Point", "coordinates": [ -70.648677, -33.433547, 0.0 ] } },
{ "type": "Feature", "properties": { "TIPO_EQUIP": "Grifo", "CALIDAD_U": "Media", "PRESTADOR_": null }, "geometry": { "type": "Point", "coordinates": [ -70.661073, -33.433496, 0.0 ] } },
{ "type": "Feature", "properties": { "TIPO_EQUIP": "Grifo", "CALIDAD_U": "Media", "PRESTADOR_": null }, "geometry": { "type": "Point", "coordinates": [ -70.674032, -33.43348, 0.0 ] } },
{ "type": "Feature", "properties": { "TIPO_EQUIP": "Grifo", "CALIDAD_U": "Media", "PRESTADOR_": null }, "geometry": { "type": "Point", "coordinates": [ -70.664261, -33.433472, 0.0 ] } },
{ "type": "Feature", "properties": { "TIPO_EQUIP": "Grifo", "CALIDAD_U": "Media", "PRESTADOR_": null }, "geometry": { "type": "Point", "coordinates": [ -70.664021, -33.433457, 0.0 ] } },
{ "type": "Feature", "properties": { "TIPO_EQUIP": "Grifo", "CALIDAD_U": "Media", "PRESTADOR_": null }, "geometry": { "type": "Point", "coordinates": [ -70.657516, -33.433444, 0.0 ] } },
{ "type": "Feature", "properties": { "TIPO_EQUIP": "Grifo", "CALIDAD_U": "Media", "PRESTADOR_": null }, "geometry": { "type": "Point", "coordinates": [ -70.673165, -33.433433, 0.0 ] } },
{ "type": "Feature", "properties": { "TIPO_EQUIP": "Grifo", "CALIDAD_U": "Media", "PRESTADOR_": null }, "geometry": { "type": "Point", "coordinates": [ -70.653089, -33.433433, 0.0 ] } },
{ "type": "Feature", "properties": { "TIPO_EQUIP": "Grifo", "CALIDAD_U": "Media", "PRESTADOR_": null }, "geometry": { "type": "Point", "coordinates": [ -70.663096, -33.43343, 0.0 ] } },
{ "type": "Feature", "properties": { "TIPO_EQUIP": "Grifo", "CALIDAD_U": "Media", "PRESTADOR_": null }, "geometry": { "type": "Point", "coordinates": [ -70.651529, -33.433428, 0.0 ] } },
{ "type": "Feature", "properties": { "TIPO_EQUIP": "Grifo", "CALIDAD_U": "Media", "PRESTADOR_": null }, "geometry": { "type": "Point", "coordinates": [ -70.661953, -33.433414, 0.0 ] } },
{ "type": "Feature", "properties": { "TIPO_EQUIP": "Grifo", "CALIDAD_U": "Media", "PRESTADOR_": null }, "geometry": { "type": "Point", "coordinates": [ -70.65897, -33.433374, 0.0 ] } },
{ "type": "Feature", "properties": { "TIPO_EQUIP": "Grifo", "CALIDAD_U": "Media", "PRESTADOR_": null }, "geometry": { "type": "Point", "coordinates": [ -70.671254, -33.433365, 0.0 ] } },
{ "type": "Feature", "properties": { "TIPO_EQUIP": "Grifo", "CALIDAD_U": "Media", "PRESTADOR_": null }, "geometry": { "type": "Point", "coordinates": [ -70.659769, -33.43326, 0.0 ] } },
{ "type": "Feature", "properties": { "TIPO_EQUIP": "Grifo", "CALIDAD_U": "Media", "PRESTADOR_": null }, "geometry": { "type": "Point", "coordinates": [ -70.656174, -33.433257, 0.0 ] } },
{ "type": "Feature", "properties": { "TIPO_EQUIP": "Grifo", "CALIDAD_U": "Media", "PRESTADOR_": null }, "geometry": { "type": "Point", "coordinates": [ -70.669237, -33.433256, 0.0 ] } },
{ "type": "Feature", "properties": { "TIPO_EQUIP": "Grifo", "CALIDAD_U": "Media", "PRESTADOR_": null }, "geometry": { "type": "Point", "coordinates": [ -70.670279, -33.43322, 0.0 ] } },
{ "type": "Feature", "properties": { "TIPO_EQUIP": "Grifo", "CALIDAD_U": "Media", "PRESTADOR_": null }, "geometry": { "type": "Point", "coordinates": [ -70.654789, -33.433171, 0.0 ] } },
{ "type": "Feature", "properties": { "TIPO_EQUIP": "Grifo", "CALIDAD_U": "Media", "PRESTADOR_": null }, "geometry": { "type": "Point", "coordinates": [ -70.680359, -33.43313, 0.0 ] } },
{ "type": "Feature", "properties": { "TIPO_EQUIP": "Grifo", "CALIDAD_U": "Media", "PRESTADOR_": null }, "geometry": { "type": "Point", "coordinates": [ -70.667601, -33.433097, 0.0 ] } },
{ "type": "Feature", "properties": { "TIPO_EQUIP": "Grifo", "CALIDAD_U": "Media", "PRESTADOR_": null }, "geometry": { "type": "Point", "coordinates": [ -70.665125, -33.433073, 0.0 ] } },
{ "type": "Feature", "properties": { "TIPO_EQUIP": "Grifo", "CALIDAD_U": "Media", "PRESTADOR_": null }, "geometry": { "type": "Point", "coordinates": [ -70.679512, -33.433022, 0.0 ] } },
{ "type": "Feature", "properties": { "TIPO_EQUIP": "Grifo", "CALIDAD_U": "Media", "PRESTADOR_": null }, "geometry": { "type": "Point", "coordinates": [ -70.678461, -33.432984, 0.0 ] } },
{ "type": "Feature", "properties": { "TIPO_EQUIP": "Grifo", "CALIDAD_U": "Media", "PRESTADOR_": null }, "geometry": { "type": "Point", "coordinates": [ -70.666504, -33.432929, 0.0 ] } },
{ "type": "Feature", "properties": { "TIPO_EQUIP": "Grifo", "CALIDAD_U": "Media", "PRESTADOR_": null }, "geometry": { "type": "Point", "coordinates": [ -70.677364, -33.432831, 0.0 ] } },
{ "type": "Feature", "properties": { "TIPO_EQUIP": "Grifo", "CALIDAD_U": "Media", "PRESTADOR_": null }, "geometry": { "type": "Point", "coordinates": [ -70.661965, -33.432759, 0.0 ] } },
{ "type": "Feature", "properties": { "TIPO_EQUIP": "Grifo", "CALIDAD_U": "Media", "PRESTADOR_": null }, "geometry": { "type": "Point", "coordinates": [ -70.680437, -33.432718, 0.0 ] } },
{ "type": "Feature", "properties": { "TIPO_EQUIP": "Grifo", "CALIDAD_U": "Media", "PRESTADOR_": null }, "geometry": { "type": "Point", "coordinates": [ -70.654919, -33.432683, 0.0 ] } },
{ "type": "Feature", "properties": { "TIPO_EQUIP": "Grifo", "CALIDAD_U": "Media", "PRESTADOR_": null }, "geometry": { "type": "Point", "coordinates": [ -70.657545, -33.432681, 0.0 ] } },
{ "type": "Feature", "properties": { "TIPO_EQUIP": "Grifo", "CALIDAD_U": "Media", "PRESTADOR_": null }, "geometry": { "type": "Point", "coordinates": [ -70.675095, -33.432596, 0.0 ] } },
{ "type": "Feature", "properties": { "TIPO_EQUIP": "Grifo", "CALIDAD_U": "Media", "PRESTADOR_": null }, "geometry": { "type": "Point", "coordinates": [ -70.674187, -33.432532, 0.0 ] } },
{ "type": "Feature", "properties": { "TIPO_EQUIP": "Grifo", "CALIDAD_U": "Media", "PRESTADOR_": null }, "geometry": { "type": "Point", "coordinates": [ -70.65894, -33.432382, 0.0 ] } },
{ "type": "Feature", "properties": { "TIPO_EQUIP": "Grifo", "CALIDAD_U": "Media", "PRESTADOR_": null }, "geometry": { "type": "Point", "coordinates": [ -70.669328, -33.432314, 0.0 ] } },
{ "type": "Feature", "properties": { "TIPO_EQUIP": "Grifo", "CALIDAD_U": "Media", "PRESTADOR_": null }, "geometry": { "type": "Point", "coordinates": [ -70.670329, -33.432313, 0.0 ] } },
{ "type": "Feature", "properties": { "TIPO_EQUIP": "Grifo", "CALIDAD_U": "Media", "PRESTADOR_": null }, "geometry": { "type": "Point", "coordinates": [ -70.667676, -33.432298, 0.0 ] } },
{ "type": "Feature", "properties": { "TIPO_EQUIP": "Grifo", "CALIDAD_U": "Media", "PRESTADOR_": null }, "geometry": { "type": "Point", "coordinates": [ -70.662168, -33.432238, 0.0 ] } },
{ "type": "Feature", "properties": { "TIPO_EQUIP": "Grifo", "CALIDAD_U": "Media", "PRESTADOR_": null }, "geometry": { "type": "Point", "coordinates": [ -70.663139, -33.432235, 0.0 ] } },
{ "type": "Feature", "properties": { "TIPO_EQUIP": "Grifo", "CALIDAD_U": "Media", "PRESTADOR_": null }, "geometry": { "type": "Point", "coordinates": [ -70.671618, -33.432216, 0.0 ] } },
{ "type": "Feature", "properties": { "TIPO_EQUIP": "Grifo", "CALIDAD_U": "Media", "PRESTADOR_": null }, "geometry": { "type": "Point", "coordinates": [ -70.657575, -33.432197, 0.0 ] } },
{ "type": "Feature", "properties": { "TIPO_EQUIP": "Grifo", "CALIDAD_U": "Media", "PRESTADOR_": null }, "geometry": { "type": "Point", "coordinates": [ -70.665246, -33.432175, 0.0 ] } },
{ "type": "Feature", "properties": { "TIPO_EQUIP": "Grifo", "CALIDAD_U": "Media", "PRESTADOR_": null }, "geometry": { "type": "Point", "coordinates": [ -70.653303, -33.432154, 0.0 ] } },
{ "type": "Feature", "properties": { "TIPO_EQUIP": "Grifo", "CALIDAD_U": "Media", "PRESTADOR_": null }, "geometry": { "type": "Point", "coordinates": [ -70.671323, -33.432112, 0.0 ] } },
{ "type": "Feature", "properties": { "TIPO_EQUIP": "Grifo", "CALIDAD_U": "Media", "PRESTADOR_": null }, "geometry": { "type": "Point", "coordinates": [ -70.666525, -33.431919, 0.0 ] } },
{ "type": "Feature", "properties": { "TIPO_EQUIP": "Grifo", "CALIDAD_U": "Media", "PRESTADOR_": null }, "geometry": { "type": "Point", "coordinates": [ -70.679492, -33.431779, 0.0 ] } },
{ "type": "Feature", "properties": { "TIPO_EQUIP": "Grifo", "CALIDAD_U": "Media", "PRESTADOR_": null }, "geometry": { "type": "Point", "coordinates": [ -70.663214, -33.431737, 0.0 ] } },
{ "type": "Feature", "properties": { "TIPO_EQUIP": "Grifo", "CALIDAD_U": "Media", "PRESTADOR_": null }, "geometry": { "type": "Point", "coordinates": [ -70.658624, -33.431727, 0.0 ] } },
{ "type": "Feature", "properties": { "TIPO_EQUIP": "Grifo", "CALIDAD_U": "Media", "PRESTADOR_": null }, "geometry": { "type": "Point", "coordinates": [ -70.678548, -33.431702, 0.0 ] } },
{ "type": "Feature", "properties": { "TIPO_EQUIP": "Grifo", "CALIDAD_U": "Media", "PRESTADOR_": null }, "geometry": { "type": "Point", "coordinates": [ -70.659377, -33.431624, 0.0 ] } },
{ "type": "Feature", "properties": { "TIPO_EQUIP": "Grifo", "CALIDAD_U": "Media", "PRESTADOR_": null }, "geometry": { "type": "Point", "coordinates": [ -70.67739, -33.431619, 0.0 ] } },
{ "type": "Feature", "properties": { "TIPO_EQUIP": "Grifo", "CALIDAD_U": "Media", "PRESTADOR_": null }, "geometry": { "type": "Point", "coordinates": [ -70.673368, -33.431549, 0.0 ] } },
{ "type": "Feature", "properties": { "TIPO_EQUIP": "Grifo", "CALIDAD_U": "Media", "PRESTADOR_": null }, "geometry": { "type": "Point", "coordinates": [ -70.65979, -33.431535, 0.0 ] } },
{ "type": "Feature", "properties": { "TIPO_EQUIP": "Grifo", "CALIDAD_U": "Media", "PRESTADOR_": null }, "geometry": { "type": "Point", "coordinates": [ -70.6725, -33.431529, 0.0 ] } },
{ "type": "Feature", "properties": { "TIPO_EQUIP": "Grifo", "CALIDAD_U": "Media", "PRESTADOR_": null }, "geometry": { "type": "Point", "coordinates": [ -70.669208, -33.431183, 0.0 ] } },
{ "type": "Feature", "properties": { "TIPO_EQUIP": "Grifo", "CALIDAD_U": "Media", "PRESTADOR_": null }, "geometry": { "type": "Point", "coordinates": [ -70.665078, -33.431098, 0.0 ] } },
{ "type": "Feature", "properties": { "TIPO_EQUIP": "Grifo", "CALIDAD_U": "Media", "PRESTADOR_": null }, "geometry": { "type": "Point", "coordinates": [ -70.670273, -33.431026, 0.0 ] } },
{ "type": "Feature", "properties": { "TIPO_EQUIP": "Grifo", "CALIDAD_U": "Media", "PRESTADOR_": null }, "geometry": { "type": "Point", "coordinates": [ -70.673353, -33.430986, 0.0 ] } },
{ "type": "Feature", "properties": { "TIPO_EQUIP": "Grifo", "CALIDAD_U": "Media", "PRESTADOR_": null }, "geometry": { "type": "Point", "coordinates": [ -70.666584, -33.430934, 0.0 ] } },
{ "type": "Feature", "properties": { "TIPO_EQUIP": "Grifo", "CALIDAD_U": "Media", "PRESTADOR_": null }, "geometry": { "type": "Point", "coordinates": [ -70.667768, -33.430896, 0.0 ] } },
{ "type": "Feature", "properties": { "TIPO_EQUIP": "Grifo", "CALIDAD_U": "Media", "PRESTADOR_": null }, "geometry": { "type": "Point", "coordinates": [ -70.67869, -33.430434, 0.0 ] } },
{ "type": "Feature", "properties": { "TIPO_EQUIP": "Grifo", "CALIDAD_U": "Media", "PRESTADOR_": null }, "geometry": { "type": "Point", "coordinates": [ -70.679747, -33.430419, 0.0 ] } },
{ "type": "Feature", "properties": { "TIPO_EQUIP": "Grifo", "CALIDAD_U": "Media", "PRESTADOR_": null }, "geometry": { "type": "Point", "coordinates": [ -70.676671, -33.430313, 0.0 ] } },
{ "type": "Feature", "properties": { "TIPO_EQUIP": "Grifo", "CALIDAD_U": "Media", "PRESTADOR_": null }, "geometry": { "type": "Point", "coordinates": [ -70.66929, -33.430302, 0.0 ] } },
{ "type": "Feature", "properties": { "TIPO_EQUIP": "Grifo", "CALIDAD_U": "Media", "PRESTADOR_": null }, "geometry": { "type": "Point", "coordinates": [ -70.675282, -33.430203, 0.0 ] } },
{ "type": "Feature", "properties": { "TIPO_EQUIP": "Grifo", "CALIDAD_U": "Media", "PRESTADOR_": null }, "geometry": { "type": "Point", "coordinates": [ -70.673428, -33.430123, 0.0 ] } },
{ "type": "Feature", "properties": { "TIPO_EQUIP": "Grifo", "CALIDAD_U": "Media", "PRESTADOR_": null }, "geometry": { "type": "Point", "coordinates": [ -70.669292, -33.430104, 0.0 ] } },
{ "type": "Feature", "properties": { "TIPO_EQUIP": "Grifo", "CALIDAD_U": "Media", "PRESTADOR_": null }, "geometry": { "type": "Point", "coordinates": [ -70.680659, -33.429895, 0.0 ] } },
{ "type": "Feature", "properties": { "TIPO_EQUIP": "Grifo", "CALIDAD_U": "Media", "PRESTADOR_": null }, "geometry": { "type": "Point", "coordinates": [ -70.671738, -33.42988, 0.0 ] } },
{ "type": "Feature", "properties": { "TIPO_EQUIP": "Grifo", "CALIDAD_U": "Media", "PRESTADOR_": null }, "geometry": { "type": "Point", "coordinates": [ -70.66787, -33.429823, 0.0 ] } },
{ "type": "Feature", "properties": { "TIPO_EQUIP": "Grifo", "CALIDAD_U": "Media", "PRESTADOR_": null }, "geometry": { "type": "Point", "coordinates": [ -70.669406, -33.429283, 0.0 ] } },
{ "type": "Feature", "properties": { "TIPO_EQUIP": "Grifo", "CALIDAD_U": "Media", "PRESTADOR_": null }, "geometry": { "type": "Point", "coordinates": [ -70.677833, -33.429212, 0.0 ] } },
{ "type": "Feature", "properties": { "TIPO_EQUIP": "Grifo", "CALIDAD_U": "Media", "PRESTADOR_": null }, "geometry": { "type": "Point", "coordinates": [ -70.679751, -33.429162, 0.0 ] } },
{ "type": "Feature", "properties": { "TIPO_EQUIP": "Grifo", "CALIDAD_U": "Media", "PRESTADOR_": null }, "geometry": { "type": "Point", "coordinates": [ -70.680369, -33.429095, 0.0 ] } },
{ "type": "Feature", "properties": { "TIPO_EQUIP": "Grifo", "CALIDAD_U": "Media", "PRESTADOR_": null }, "geometry": { "type": "Point", "coordinates": [ -70.670953, -33.429039, 0.0 ] } },
{ "type": "Feature", "properties": { "TIPO_EQUIP": "Grifo", "CALIDAD_U": "Media", "PRESTADOR_": null }, "geometry": { "type": "Point", "coordinates": [ -70.673642, -33.428951, 0.0 ] } },
{ "type": "Feature", "properties": { "TIPO_EQUIP": "Grifo", "CALIDAD_U": "Media", "PRESTADOR_": null }, "geometry": { "type": "Point", "coordinates": [ -70.675441, -33.428369, 0.0 ] } },
{ "type": "Feature", "properties": { "TIPO_EQUIP": "Grifo", "CALIDAD_U": "Media", "PRESTADOR_": null }, "geometry": { "type": "Point", "coordinates": [ -70.67889, -33.428198, 0.0 ] } },
{ "type": "Feature", "properties": { "TIPO_EQUIP": "Grifo", "CALIDAD_U": "Media", "PRESTADOR_": null }, "geometry": { "type": "Point", "coordinates": [ -70.673749, -33.427958, 0.0 ] } },
{ "type": "Feature", "properties": { "TIPO_EQUIP": "Grifo", "CALIDAD_U": "Media", "PRESTADOR_": null }, "geometry": { "type": "Point", "coordinates": [ -70.67559, -33.427239, 0.0 ] } },
{ "type": "Feature", "properties": { "TIPO_EQUIP": "Grifo", "CALIDAD_U": "Media", "PRESTADOR_": null }, "geometry": { "type": "Point", "coordinates": [ -70.678078, -33.427083, 0.0 ] } },
{ "type": "Feature", "properties": { "TIPO_EQUIP": "Grifo", "CALIDAD_U": "Media", "PRESTADOR_": null }, "geometry": { "type": "Point", "coordinates": [ -70.677134, -33.426919, 0.0 ] } }
]
}
