{
"type": "FeatureCollection",
"name": "ECO_PTO_COMERCIO_AMBULANTE_2025",
"features": [
{ "type": "Feature", "properties": { "BARRIO": "EJERCITO", "DIA_SEMANA": "Viernes", "TIPO_DIA": "Semana", "TRAMO_HORA": "08 A 10 HRS", "MES": "enero", "ZONA_1": "SURPONIENTE", "AÑO": 2025 }, "geometry": { "type": "Point", "coordinates": [ -70.663096, -33.448387 ] } },
{ "type": "Feature", "properties": { "BARRIO": "UNIVERSITARIO", "DIA_SEMANA": "Viernes", "TIPO_DIA": "Semana", "TRAMO_HORA": "10 A 12 HRS", "MES": "enero", "ZONA_1": "SURPONIENTE", "AÑO": 2025 }, "geometry": { "type": "Point", "coordinates": [ -70.67224, -33.45177 ] } },
{ "type": "Feature", "properties": { "BARRIO": "PARQUE ALMAGRO", "DIA_SEMANA": "Viernes", "TIPO_DIA": "Semana", "TRAMO_HORA": "12 A 14 HRS", "MES": "enero", "ZONA_1": "CENTRORIENTE", "AÑO": 2025 }, "geometry": { "type": "Point", "coordinates": [ -70.654841, -33.452161 ] } },
{ "type": "Feature", "properties": { "BARRIO": "YUNGAY", "DIA_SEMANA": "Viernes", "TIPO_DIA": "Semana", "TRAMO_HORA": "14 A 16 HRS", "MES": "enero", "ZONA_1": "NORPONIENTE", "AÑO": 2025 }, "geometry": { "type": "Point", "coordinates": [ -70.669104, -33.439281 ] } },
{ "type": "Feature", "properties": { "BARRIO": "SANTA ISABEL", "DIA_SEMANA": "Viernes", "TIPO_DIA": "Semana", "TRAMO_HORA": "16 A 18 HRS", "MES": "enero", "ZONA_1": "CENTRORIENTE", "AÑO": 2025 }, "geometry": { "type": "Point", "coordinates": [ -70.643331, -33.447727 ] } },
{ "type": "Feature", "properties": { "BARRIO": "SANTA ISABEL", "DIA_SEMANA": "Viernes", "TIPO_DIA": "Semana", "TRAMO_HORA": "16 A 18 HRS", "MES": "enero", "ZONA_1": "CENTRORIENTE", "AÑO": 2025 }, "geometry": { "type": "Point", "coordinates": [ -70.643331, -33.447727 ] } },
{ "type": "Feature", "properties": { "BARRIO": "SANTA ISABEL", "DIA_SEMANA": "Viernes", "TIPO_DIA": "Semana", "TRAMO_HORA": "16 A 18 HRS", "MES": "enero", "ZONA_1": "CENTRORIENTE", "AÑO": 2025 }, "geometry": { "type": "Point", "coordinates": [ -70.643331, -33.447727 ] } },
{ "type": "Feature", "properties": { "BARRIO": "SANTA ISABEL", "DIA_SEMANA": "Viernes", "TIPO_DIA": "Semana", "TRAMO_HORA": "16 A 18 HRS", "MES": "enero", "ZONA_1": "CENTRORIENTE", "AÑO": 2025 }, "geometry": { "type": "Point", "coordinates": [ -70.643331, -33.447727 ] } },
{ "type": "Feature", "properties": { "BARRIO": "SANTA ISABEL", "DIA_SEMANA": "Viernes", "TIPO_DIA": "Semana", "TRAMO_HORA": "18 A 20 HRS", "MES": "enero", "ZONA_1": "CENTRORIENTE", "AÑO": 2025 }, "geometry": { "type": "Point", "coordinates": [ -70.632793, -33.446849 ] } },
{ "type": "Feature", "properties": { "BARRIO": "SANTA ELENA", "DIA_SEMANA": "Viernes", "TIPO_DIA": "Semana", "TRAMO_HORA": "18 A 20 HRS", "MES": "enero", "ZONA_1": "SURORIENTE", "AÑO": 2025 }, "geometry": { "type": "Point", "coordinates": [ -70.626765, -33.467187 ] } },
{ "type": "Feature", "properties": { "BARRIO": "YUNGAY", "DIA_SEMANA": "Viernes", "TIPO_DIA": "Semana", "TRAMO_HORA": "18 A 20 HRS", "MES": "enero", "ZONA_1": "NORPONIENTE", "AÑO": 2025 }, "geometry": { "type": "Point", "coordinates": [ -70.673631, -33.449038 ] } },
{ "type": "Feature", "properties": { "BARRIO": "SANTA LUCIA FORESTAL", "DIA_SEMANA": "Viernes", "TIPO_DIA": "Semana", "TRAMO_HORA": "18 A 20 HRS", "MES": "enero", "ZONA_1": "NORORIENTE", "AÑO": 2025 }, "geometry": { "type": "Point", "coordinates": [ -70.642335, -33.437309 ] } },
{ "type": "Feature", "properties": { "BARRIO": "DIEZ DE JULIO", "DIA_SEMANA": "Viernes", "TIPO_DIA": "Semana", "TRAMO_HORA": "18 A 20 HRS", "MES": "enero", "ZONA_1": "CENTRORIENTE", "AÑO": 2025 }, "geometry": { "type": "Point", "coordinates": [ -70.633979, -33.453998 ] } },
{ "type": "Feature", "properties": { "BARRIO": "PARQUE ALMAGRO", "DIA_SEMANA": "Viernes", "TIPO_DIA": "Semana", "TRAMO_HORA": "18 A 20 HRS", "MES": "enero", "ZONA_1": "CENTRORIENTE", "AÑO": 2025 }, "geometry": { "type": "Point", "coordinates": [ -70.646979, -33.448533 ] } },
{ "type": "Feature", "properties": { "BARRIO": "SANTA LUCIA FORESTAL", "DIA_SEMANA": "Viernes", "TIPO_DIA": "Semana", "TRAMO_HORA": "18 A 20 HRS", "MES": "enero", "ZONA_1": "NORORIENTE", "AÑO": 2025 }, "geometry": { "type": "Point", "coordinates": [ -70.646356, -33.437666 ] } },
{ "type": "Feature", "properties": { "BARRIO": "SANTA LUCIA FORESTAL", "DIA_SEMANA": "Viernes", "TIPO_DIA": "Semana", "TRAMO_HORA": "18 A 20 HRS", "MES": "enero", "ZONA_1": "NORORIENTE", "AÑO": 2025 }, "geometry": { "type": "Point", "coordinates": [ -70.640211, -33.439518 ] } },
{ "type": "Feature", "properties": { "BARRIO": "PARQUE ALMAGRO", "DIA_SEMANA": "Viernes", "TIPO_DIA": "Semana", "TRAMO_HORA": "18 A 20 HRS", "MES": "enero", "ZONA_1": "CENTRORIENTE", "AÑO": 2025 }, "geometry": { "type": "Point", "coordinates": [ -70.646704, -33.448229 ] } },
{ "type": "Feature", "properties": { "BARRIO": "PARQUE ALMAGRO", "DIA_SEMANA": "Viernes", "TIPO_DIA": "Semana", "TRAMO_HORA": "18 A 20 HRS", "MES": "enero", "ZONA_1": "CENTRORIENTE", "AÑO": 2025 }, "geometry": { "type": "Point", "coordinates": [ -70.649196, -33.449065 ] } },
{ "type": "Feature", "properties": { "BARRIO": "SANTA ISABEL", "DIA_SEMANA": "Viernes", "TIPO_DIA": "Semana", "TRAMO_HORA": "20 A 22 HRS", "MES": "enero", "ZONA_1": "CENTRORIENTE", "AÑO": 2025 }, "geometry": { "type": "Point", "coordinates": [ -70.643004, -33.450286 ] } },
{ "type": "Feature", "properties": { "BARRIO": "SANTA LUCIA FORESTAL", "DIA_SEMANA": "Viernes", "TIPO_DIA": "Semana", "TRAMO_HORA": "20 A 22 HRS", "MES": "enero", "ZONA_1": "NORORIENTE", "AÑO": 2025 }, "geometry": { "type": "Point", "coordinates": [ -70.64119, -33.439404 ] } },
{ "type": "Feature", "properties": { "BARRIO": "SANTA LUCIA FORESTAL", "DIA_SEMANA": "Viernes", "TIPO_DIA": "Semana", "TRAMO_HORA": "20 A 22 HRS", "MES": "enero", "ZONA_1": "NORORIENTE", "AÑO": 2025 }, "geometry": { "type": "Point", "coordinates": [ -70.641185, -33.439407 ] } },
{ "type": "Feature", "properties": { "BARRIO": "SANTA LUCIA FORESTAL", "DIA_SEMANA": "Viernes", "TIPO_DIA": "Semana", "TRAMO_HORA": "20 A 22 HRS", "MES": "enero", "ZONA_1": "NORORIENTE", "AÑO": 2025 }, "geometry": { "type": "Point", "coordinates": [ -70.641026, -33.437408 ] } },
{ "type": "Feature", "properties": { "BARRIO": "SANTA ISABEL", "DIA_SEMANA": "Viernes", "TIPO_DIA": "Semana", "TRAMO_HORA": "20 A 22 HRS", "MES": "enero", "ZONA_1": "CENTRORIENTE", "AÑO": 2025 }, "geometry": { "type": "Point", "coordinates": [ -70.639787, -33.448762 ] } },
{ "type": "Feature", "properties": { "BARRIO": "PARQUE ALMAGRO", "DIA_SEMANA": "Viernes", "TIPO_DIA": "Semana", "TRAMO_HORA": "20 A 22 HRS", "MES": "enero", "ZONA_1": "CENTRORIENTE", "AÑO": 2025 }, "geometry": { "type": "Point", "coordinates": [ -70.646982, -33.448488 ] } },
{ "type": "Feature", "properties": { "BARRIO": "SANTA ISABEL", "DIA_SEMANA": "Viernes", "TIPO_DIA": "Semana", "TRAMO_HORA": "22 A 00 HRS", "MES": "enero", "ZONA_1": "CENTRORIENTE", "AÑO": 2025 }, "geometry": { "type": "Point", "coordinates": [ -70.640234, -33.450647 ] } },
{ "type": "Feature", "properties": { "BARRIO": "SAN BORJA", "DIA_SEMANA": "Viernes", "TIPO_DIA": "Semana", "TRAMO_HORA": "22 A 00 HRS", "MES": "enero", "ZONA_1": "NORORIENTE", "AÑO": 2025 }, "geometry": { "type": "Point", "coordinates": [ -70.64485, -33.442999 ] } },
{ "type": "Feature", "properties": { "BARRIO": "SANTA ANA", "DIA_SEMANA": "Viernes", "TIPO_DIA": "Semana", "TRAMO_HORA": "22 A 00 HRS", "MES": "enero", "ZONA_1": "NORORIENTE", "AÑO": 2025 }, "geometry": { "type": "Point", "coordinates": [ -70.658789, -33.434462 ] } },
{ "type": "Feature", "properties": { "BARRIO": "SANTA ISABEL", "DIA_SEMANA": "Viernes", "TIPO_DIA": "Semana", "TRAMO_HORA": "22 A 00 HRS", "MES": "enero", "ZONA_1": "CENTRORIENTE", "AÑO": 2025 }, "geometry": { "type": "Point", "coordinates": [ -70.640338, -33.450649 ] } },
{ "type": "Feature", "properties": { "BARRIO": "SANTA ELENA", "DIA_SEMANA": "Viernes", "TIPO_DIA": "Semana", "TRAMO_HORA": "22 A 00 HRS", "MES": "enero", "ZONA_1": "SURORIENTE", "AÑO": 2025 }, "geometry": { "type": "Point", "coordinates": [ -70.629765, -33.456305 ] } },
{ "type": "Feature", "properties": { "BARRIO": "VIEL", "DIA_SEMANA": "Sabado", "TIPO_DIA": "Semana", "TRAMO_HORA": "00 A 02 HRS", "MES": "enero", "ZONA_1": "SURORIENTE", "AÑO": 2025 }, "geometry": { "type": "Point", "coordinates": [ -70.649893, -33.466309 ] } },
{ "type": "Feature", "properties": { "BARRIO": "SAN BORJA", "DIA_SEMANA": "Sabado", "TIPO_DIA": "Semana", "TRAMO_HORA": "06 A 08 HRS", "MES": "enero", "ZONA_1": "NORORIENTE", "AÑO": 2025 }, "geometry": { "type": "Point", "coordinates": [ -70.645286, -33.44271 ] } },
{ "type": "Feature", "properties": { "BARRIO": "FRANKLIN", "DIA_SEMANA": "Sabado", "TIPO_DIA": "Semana", "TRAMO_HORA": "10 A 12 HRS", "MES": "enero", "ZONA_1": "SURORIENTE", "AÑO": 2025 }, "geometry": { "type": "Point", "coordinates": [ -70.647423, -33.476324 ] } },
{ "type": "Feature", "properties": { "BARRIO": "HUEMUL", "DIA_SEMANA": "Sabado", "TIPO_DIA": "Semana", "TRAMO_HORA": "10 A 12 HRS", "MES": "enero", "ZONA_1": "SURORIENTE", "AÑO": 2025 }, "geometry": { "type": "Point", "coordinates": [ -70.648856, -33.475653 ] } },
{ "type": "Feature", "properties": { "BARRIO": "MEIGGS", "DIA_SEMANA": "Sabado", "TIPO_DIA": "Semana", "TRAMO_HORA": "12 A 14 HRS", "MES": "enero", "ZONA_1": "SURPONIENTE", "AÑO": 2025 }, "geometry": { "type": "Point", "coordinates": [ -70.674687, -33.453795 ] } },
{ "type": "Feature", "properties": { "BARRIO": "SANTA ANA", "DIA_SEMANA": "Sabado", "TIPO_DIA": "Semana", "TRAMO_HORA": "14 A 16 HRS", "MES": "enero", "ZONA_1": "NORORIENTE", "AÑO": 2025 }, "geometry": { "type": "Point", "coordinates": [ -70.659112, -33.445309 ] } },
{ "type": "Feature", "properties": { "BARRIO": "PARQUE ALMAGRO", "DIA_SEMANA": "Sabado", "TIPO_DIA": "Semana", "TRAMO_HORA": "16 A 18 HRS", "MES": "enero", "ZONA_1": "CENTRORIENTE", "AÑO": 2025 }, "geometry": { "type": "Point", "coordinates": [ -70.651158, -33.44657 ] } },
{ "type": "Feature", "properties": { "BARRIO": "SAN BORJA", "DIA_SEMANA": "Sabado", "TIPO_DIA": "Semana", "TRAMO_HORA": "18 A 20 HRS", "MES": "enero", "ZONA_1": "NORORIENTE", "AÑO": 2025 }, "geometry": { "type": "Point", "coordinates": [ -70.644727, -33.443008 ] } },
{ "type": "Feature", "properties": { "BARRIO": "PARQUE ALMAGRO", "DIA_SEMANA": "Sabado", "TIPO_DIA": "Semana", "TRAMO_HORA": "18 A 20 HRS", "MES": "enero", "ZONA_1": "CENTRORIENTE", "AÑO": 2025 }, "geometry": { "type": "Point", "coordinates": [ -70.647002, -33.4485 ] } },
{ "type": "Feature", "properties": { "BARRIO": "DIEZ DE JULIO", "DIA_SEMANA": "Sabado", "TIPO_DIA": "Semana", "TRAMO_HORA": "18 A 20 HRS", "MES": "enero", "ZONA_1": "CENTRORIENTE", "AÑO": 2025 }, "geometry": { "type": "Point", "coordinates": [ -70.633857, -33.454182 ] } },
{ "type": "Feature", "properties": { "BARRIO": "FRANKLIN", "DIA_SEMANA": "Sabado", "TIPO_DIA": "Semana", "TRAMO_HORA": "20 A 22 HRS", "MES": "enero", "ZONA_1": "SURORIENTE", "AÑO": 2025 }, "geometry": { "type": "Point", "coordinates": [ -70.643897, -33.469984 ] } },
{ "type": "Feature", "properties": { "BARRIO": "PARQUE ALMAGRO", "DIA_SEMANA": "Sabado", "TIPO_DIA": "Semana", "TRAMO_HORA": "20 A 22 HRS", "MES": "enero", "ZONA_1": "CENTRORIENTE", "AÑO": 2025 }, "geometry": { "type": "Point", "coordinates": [ -70.65045, -33.449327 ] } },
{ "type": "Feature", "properties": { "BARRIO": "DIEZ DE JULIO", "DIA_SEMANA": "Sabado", "TIPO_DIA": "Semana", "TRAMO_HORA": "20 A 22 HRS", "MES": "enero", "ZONA_1": "CENTRORIENTE", "AÑO": 2025 }, "geometry": { "type": "Point", "coordinates": [ -70.631605, -33.453517 ] } },
{ "type": "Feature", "properties": { "BARRIO": "DIEZ DE JULIO", "DIA_SEMANA": "Sabado", "TIPO_DIA": "Semana", "TRAMO_HORA": "20 A 22 HRS", "MES": "enero", "ZONA_1": "CENTRORIENTE", "AÑO": 2025 }, "geometry": { "type": "Point", "coordinates": [ -70.6306, -33.453424 ] } },
{ "type": "Feature", "properties": { "BARRIO": "DIEZ DE JULIO", "DIA_SEMANA": "Sabado", "TIPO_DIA": "Semana", "TRAMO_HORA": "20 A 22 HRS", "MES": "enero", "ZONA_1": "CENTRORIENTE", "AÑO": 2025 }, "geometry": { "type": "Point", "coordinates": [ -70.63427, -33.452755 ] } },
{ "type": "Feature", "properties": { "BARRIO": "SANTA ISABEL", "DIA_SEMANA": "Sabado", "TIPO_DIA": "Semana", "TRAMO_HORA": "20 A 22 HRS", "MES": "enero", "ZONA_1": "CENTRORIENTE", "AÑO": 2025 }, "geometry": { "type": "Point", "coordinates": [ -70.642948, -33.450281 ] } },
{ "type": "Feature", "properties": { "BARRIO": "VIEL", "DIA_SEMANA": "Sabado", "TIPO_DIA": "Semana", "TRAMO_HORA": "22 A 00 HRS", "MES": "enero", "ZONA_1": "SURORIENTE", "AÑO": 2025 }, "geometry": { "type": "Point", "coordinates": [ -70.648688, -33.467953 ] } },
{ "type": "Feature", "properties": { "BARRIO": "SANTA ISABEL", "DIA_SEMANA": "Domingo", "TIPO_DIA": "Semana", "TRAMO_HORA": "04 A 06 HRS", "MES": "enero", "ZONA_1": "CENTRORIENTE", "AÑO": 2025 }, "geometry": { "type": "Point", "coordinates": [ -70.635112, -33.449551 ] } },
{ "type": "Feature", "properties": { "BARRIO": "YUNGAY", "DIA_SEMANA": "Domingo", "TIPO_DIA": "Semana", "TRAMO_HORA": "06 A 08 HRS", "MES": "enero", "ZONA_1": "NORPONIENTE", "AÑO": 2025 }, "geometry": { "type": "Point", "coordinates": [ -70.67353, -33.443162 ] } },
{ "type": "Feature", "properties": { "BARRIO": "YUNGAY", "DIA_SEMANA": "Domingo", "TIPO_DIA": "Semana", "TRAMO_HORA": "08 A 10 HRS", "MES": "enero", "ZONA_1": "NORPONIENTE", "AÑO": 2025 }, "geometry": { "type": "Point", "coordinates": [ -70.674994, -33.443296 ] } },
{ "type": "Feature", "properties": { "BARRIO": "YUNGAY", "DIA_SEMANA": "Domingo", "TIPO_DIA": "Semana", "TRAMO_HORA": "08 A 10 HRS", "MES": "enero", "ZONA_1": "NORPONIENTE", "AÑO": 2025 }, "geometry": { "type": "Point", "coordinates": [ -70.671384, -33.443032 ] } },
{ "type": "Feature", "properties": { "BARRIO": "YUNGAY", "DIA_SEMANA": "Domingo", "TIPO_DIA": "Semana", "TRAMO_HORA": "10 A 12 HRS", "MES": "enero", "ZONA_1": "NORPONIENTE", "AÑO": 2025 }, "geometry": { "type": "Point", "coordinates": [ -70.67435, -33.443291 ] } },
{ "type": "Feature", "properties": { "BARRIO": "CASCO HISTORICO", "DIA_SEMANA": "Domingo", "TIPO_DIA": "Semana", "TRAMO_HORA": "14 A 16 HRS", "MES": "enero", "ZONA_1": "NORORIENTE", "AÑO": 2025 }, "geometry": { "type": "Point", "coordinates": [ -70.652496, -33.432814 ] } },
{ "type": "Feature", "properties": { "BARRIO": "SANTA LUCIA FORESTAL", "DIA_SEMANA": "Domingo", "TIPO_DIA": "Semana", "TRAMO_HORA": "16 A 18 HRS", "MES": "enero", "ZONA_1": "NORORIENTE", "AÑO": 2025 }, "geometry": { "type": "Point", "coordinates": [ -70.643166, -33.435606 ] } },
{ "type": "Feature", "properties": { "BARRIO": "SANTA ISABEL", "DIA_SEMANA": "Domingo", "TIPO_DIA": "Semana", "TRAMO_HORA": "16 A 18 HRS", "MES": "enero", "ZONA_1": "CENTRORIENTE", "AÑO": 2025 }, "geometry": { "type": "Point", "coordinates": [ -70.634905, -33.448697 ] } },
{ "type": "Feature", "properties": { "BARRIO": "MATTA NORTE", "DIA_SEMANA": "Domingo", "TIPO_DIA": "Semana", "TRAMO_HORA": "18 A 20 HRS", "MES": "enero", "ZONA_1": "CENTRORIENTE", "AÑO": 2025 }, "geometry": { "type": "Point", "coordinates": [ -70.648252, -33.451248 ] } },
{ "type": "Feature", "properties": { "BARRIO": "YUNGAY", "DIA_SEMANA": "Domingo", "TIPO_DIA": "Semana", "TRAMO_HORA": "18 A 20 HRS", "MES": "enero", "ZONA_1": "NORPONIENTE", "AÑO": 2025 }, "geometry": { "type": "Point", "coordinates": [ -70.670564, -33.445998 ] } },
{ "type": "Feature", "properties": { "BARRIO": "SANTA ELENA", "DIA_SEMANA": "Domingo", "TIPO_DIA": "Semana", "TRAMO_HORA": "18 A 20 HRS", "MES": "enero", "ZONA_1": "SURORIENTE", "AÑO": 2025 }, "geometry": { "type": "Point", "coordinates": [ -70.626703, -33.467318 ] } },
{ "type": "Feature", "properties": { "BARRIO": "PARQUE ALMAGRO", "DIA_SEMANA": "Domingo", "TIPO_DIA": "Semana", "TRAMO_HORA": "18 A 20 HRS", "MES": "enero", "ZONA_1": "CENTRORIENTE", "AÑO": 2025 }, "geometry": { "type": "Point", "coordinates": [ -70.649162, -33.448927 ] } },
{ "type": "Feature", "properties": { "BARRIO": "MATTA NORTE", "DIA_SEMANA": "Domingo", "TIPO_DIA": "Semana", "TRAMO_HORA": "18 A 20 HRS", "MES": "enero", "ZONA_1": "CENTRORIENTE", "AÑO": 2025 }, "geometry": { "type": "Point", "coordinates": [ -70.64794, -33.4512 ] } },
{ "type": "Feature", "properties": { "BARRIO": "MATTA NORTE", "DIA_SEMANA": "Domingo", "TIPO_DIA": "Semana", "TRAMO_HORA": "18 A 20 HRS", "MES": "enero", "ZONA_1": "CENTRORIENTE", "AÑO": 2025 }, "geometry": { "type": "Point", "coordinates": [ -70.644386, -33.454637 ] } },
{ "type": "Feature", "properties": { "BARRIO": "MATTA NORTE", "DIA_SEMANA": "Domingo", "TIPO_DIA": "Semana", "TRAMO_HORA": "20 A 22 HRS", "MES": "enero", "ZONA_1": "CENTRORIENTE", "AÑO": 2025 }, "geometry": { "type": "Point", "coordinates": [ -70.648089, -33.451194 ] } },
{ "type": "Feature", "properties": { "BARRIO": "SANTA ISABEL", "DIA_SEMANA": "Domingo", "TIPO_DIA": "Semana", "TRAMO_HORA": "20 A 22 HRS", "MES": "enero", "ZONA_1": "CENTRORIENTE", "AÑO": 2025 }, "geometry": { "type": "Point", "coordinates": [ -70.642985, -33.450464 ] } },
{ "type": "Feature", "properties": { "BARRIO": "SANTA ISABEL", "DIA_SEMANA": "Domingo", "TIPO_DIA": "Semana", "TRAMO_HORA": "20 A 22 HRS", "MES": "enero", "ZONA_1": "CENTRORIENTE", "AÑO": 2025 }, "geometry": { "type": "Point", "coordinates": [ -70.634627, -33.448185 ] } },
{ "type": "Feature", "properties": { "BARRIO": "SANTA ISABEL", "DIA_SEMANA": "Domingo", "TIPO_DIA": "Semana", "TRAMO_HORA": "22 A 00 HRS", "MES": "enero", "ZONA_1": "CENTRORIENTE", "AÑO": 2025 }, "geometry": { "type": "Point", "coordinates": [ -70.64037, -33.450673 ] } },
{ "type": "Feature", "properties": { "BARRIO": "PARQUE ALMAGRO", "DIA_SEMANA": "Domingo", "TIPO_DIA": "Semana", "TRAMO_HORA": "22 A 00 HRS", "MES": "enero", "ZONA_1": "CENTRORIENTE", "AÑO": 2025 }, "geometry": { "type": "Point", "coordinates": [ -70.654497, -33.450699 ] } },
{ "type": "Feature", "properties": { "BARRIO": "SANTA ISABEL", "DIA_SEMANA": "Domingo", "TIPO_DIA": "Semana", "TRAMO_HORA": "22 A 00 HRS", "MES": "enero", "ZONA_1": "NORORIENTE", "AÑO": 2025 }, "geometry": { "type": "Point", "coordinates": [ -70.643779, -33.44772 ] } },
{ "type": "Feature", "properties": { "BARRIO": "HUEMUL", "DIA_SEMANA": "Lunes", "TIPO_DIA": "Semana", "TRAMO_HORA": "08 A 10 HRS", "MES": "enero", "ZONA_1": null, "AÑO": 2025 }, "geometry": null },
{ "type": "Feature", "properties": { "BARRIO": "PARQUE ALMAGRO", "DIA_SEMANA": "Lunes", "TIPO_DIA": "Semana", "TRAMO_HORA": "08 A 10 HRS", "MES": "enero", "ZONA_1": "CENTRORIENTE", "AÑO": 2025 }, "geometry": { "type": "Point", "coordinates": [ -70.650714, -33.451123 ] } },
{ "type": "Feature", "properties": { "BARRIO": "SANTA ANA", "DIA_SEMANA": "Lunes", "TIPO_DIA": "Semana", "TRAMO_HORA": "12 A 14 HRS", "MES": "enero", "ZONA_1": "NORORIENTE", "AÑO": 2025 }, "geometry": { "type": "Point", "coordinates": [ -70.657572, -33.444633 ] } },
{ "type": "Feature", "properties": { "BARRIO": "EJERCITO", "DIA_SEMANA": "Lunes", "TIPO_DIA": "Semana", "TRAMO_HORA": "12 A 14 HRS", "MES": "enero", "ZONA_1": "SURPONIENTE", "AÑO": 2025 }, "geometry": { "type": "Point", "coordinates": [ -70.66237, -33.452143 ] } },
{ "type": "Feature", "properties": { "BARRIO": "SANTA LUCIA FORESTAL", "DIA_SEMANA": "Lunes", "TIPO_DIA": "Semana", "TRAMO_HORA": "18 A 20 HRS", "MES": "enero", "ZONA_1": "NORORIENTE", "AÑO": 2025 }, "geometry": { "type": "Point", "coordinates": [ -70.643975, -33.436856 ] } },
{ "type": "Feature", "properties": { "BARRIO": "SANTA LUCIA FORESTAL", "DIA_SEMANA": "Lunes", "TIPO_DIA": "Semana", "TRAMO_HORA": "18 A 20 HRS", "MES": "enero", "ZONA_1": "NORORIENTE", "AÑO": 2025 }, "geometry": { "type": "Point", "coordinates": [ -70.641161, -33.437225 ] } },
{ "type": "Feature", "properties": { "BARRIO": "SAN BORJA", "DIA_SEMANA": "Lunes", "TIPO_DIA": "Semana", "TRAMO_HORA": "18 A 20 HRS", "MES": "enero", "ZONA_1": "NORORIENTE", "AÑO": 2025 }, "geometry": { "type": "Point", "coordinates": [ -70.644543, -33.444641 ] } },
{ "type": "Feature", "properties": { "BARRIO": "SAN BORJA", "DIA_SEMANA": "Lunes", "TIPO_DIA": "Semana", "TRAMO_HORA": "18 A 20 HRS", "MES": "enero", "ZONA_1": "NORORIENTE", "AÑO": 2025 }, "geometry": { "type": "Point", "coordinates": [ -70.644714, -33.443738 ] } },
{ "type": "Feature", "properties": { "BARRIO": "DIEZ DE JULIO", "DIA_SEMANA": "Lunes", "TIPO_DIA": "Semana", "TRAMO_HORA": "20 A 22 HRS", "MES": "enero", "ZONA_1": "CENTRORIENTE", "AÑO": 2025 }, "geometry": { "type": "Point", "coordinates": [ -70.633934, -33.454019 ] } },
{ "type": "Feature", "properties": { "BARRIO": "SANTA LUCIA FORESTAL", "DIA_SEMANA": "Lunes", "TIPO_DIA": "Semana", "TRAMO_HORA": "20 A 22 HRS", "MES": "enero", "ZONA_1": "NORORIENTE", "AÑO": 2025 }, "geometry": { "type": "Point", "coordinates": [ -70.640629, -33.439462 ] } },
{ "type": "Feature", "properties": { "BARRIO": "SANTA LUCIA FORESTAL", "DIA_SEMANA": "Lunes", "TIPO_DIA": "Semana", "TRAMO_HORA": "20 A 22 HRS", "MES": "enero", "ZONA_1": "NORORIENTE", "AÑO": 2025 }, "geometry": { "type": "Point", "coordinates": [ -70.641182, -33.439416 ] } },
{ "type": "Feature", "properties": { "BARRIO": "VIEL", "DIA_SEMANA": "Lunes", "TIPO_DIA": "Semana", "TRAMO_HORA": "20 A 22 HRS", "MES": "enero", "ZONA_1": "SURORIENTE", "AÑO": 2025 }, "geometry": { "type": "Point", "coordinates": [ -70.648845, -33.465398 ] } },
{ "type": "Feature", "properties": { "BARRIO": "SANTA ISABEL", "DIA_SEMANA": "Lunes", "TIPO_DIA": "Semana", "TRAMO_HORA": "22 A 00 HRS", "MES": "enero", "ZONA_1": "CENTRORIENTE", "AÑO": 2025 }, "geometry": { "type": "Point", "coordinates": [ -70.642962, -33.450347 ] } },
{ "type": "Feature", "properties": { "BARRIO": "HUEMUL", "DIA_SEMANA": "Martes", "TIPO_DIA": "Semana", "TRAMO_HORA": "08 A 10 HRS", "MES": "enero", "ZONA_1": null, "AÑO": 2025 }, "geometry": null },
{ "type": "Feature", "properties": { "BARRIO": "YUNGAY", "DIA_SEMANA": "Martes", "TIPO_DIA": "Semana", "TRAMO_HORA": "10 A 12 HRS", "MES": "enero", "ZONA_1": "NORPONIENTE", "AÑO": 2025 }, "geometry": { "type": "Point", "coordinates": [ -70.676698, -33.442979 ] } },
{ "type": "Feature", "properties": { "BARRIO": "PARQUE ALMAGRO", "DIA_SEMANA": "Martes", "TIPO_DIA": "Semana", "TRAMO_HORA": "10 A 12 HRS", "MES": "enero", "ZONA_1": "CENTRORIENTE", "AÑO": 2025 }, "geometry": { "type": "Point", "coordinates": [ -70.649342, -33.444808 ] } },
{ "type": "Feature", "properties": { "BARRIO": "MEIGGS", "DIA_SEMANA": "Martes", "TIPO_DIA": "Semana", "TRAMO_HORA": "12 A 14 HRS", "MES": "enero", "ZONA_1": "SURPONIENTE", "AÑO": 2025 }, "geometry": { "type": "Point", "coordinates": [ -70.672548, -33.452109 ] } },
{ "type": "Feature", "properties": { "BARRIO": "UNIVERSITARIO", "DIA_SEMANA": "Martes", "TIPO_DIA": "Semana", "TRAMO_HORA": "12 A 14 HRS", "MES": "enero", "ZONA_1": "SURPONIENTE", "AÑO": 2025 }, "geometry": { "type": "Point", "coordinates": [ -70.672422, -33.452139 ] } },
{ "type": "Feature", "properties": { "BARRIO": "SANTA ISABEL", "DIA_SEMANA": "Martes", "TIPO_DIA": "Semana", "TRAMO_HORA": "16 A 18 HRS", "MES": "enero", "ZONA_1": "CENTRORIENTE", "AÑO": 2025 }, "geometry": { "type": "Point", "coordinates": [ -70.642954, -33.447787 ] } },
{ "type": "Feature", "properties": { "BARRIO": "SANTA ISABEL", "DIA_SEMANA": "Martes", "TIPO_DIA": "Semana", "TRAMO_HORA": "16 A 18 HRS", "MES": "enero", "ZONA_1": "CENTRORIENTE", "AÑO": 2025 }, "geometry": { "type": "Point", "coordinates": [ -70.642954, -33.447787 ] } },
{ "type": "Feature", "properties": { "BARRIO": "SANTA ISABEL", "DIA_SEMANA": "Martes", "TIPO_DIA": "Semana", "TRAMO_HORA": "16 A 18 HRS", "MES": "enero", "ZONA_1": "CENTRORIENTE", "AÑO": 2025 }, "geometry": { "type": "Point", "coordinates": [ -70.642954, -33.447787 ] } },
{ "type": "Feature", "properties": { "BARRIO": "MATTA NORTE", "DIA_SEMANA": "Martes", "TIPO_DIA": "Semana", "TRAMO_HORA": "16 A 18 HRS", "MES": "enero", "ZONA_1": "CENTRORIENTE", "AÑO": 2025 }, "geometry": { "type": "Point", "coordinates": [ -70.652194, -33.455758 ] } },
{ "type": "Feature", "properties": { "BARRIO": "PARQUE ALMAGRO", "DIA_SEMANA": "Martes", "TIPO_DIA": "Semana", "TRAMO_HORA": "18 A 20 HRS", "MES": "enero", "ZONA_1": "CENTRORIENTE", "AÑO": 2025 }, "geometry": { "type": "Point", "coordinates": [ -70.655093, -33.446922 ] } },
{ "type": "Feature", "properties": { "BARRIO": "SANTA LUCIA FORESTAL", "DIA_SEMANA": "Martes", "TIPO_DIA": "Semana", "TRAMO_HORA": "18 A 20 HRS", "MES": "enero", "ZONA_1": "NORORIENTE", "AÑO": 2025 }, "geometry": { "type": "Point", "coordinates": [ -70.641087, -33.439471 ] } },
{ "type": "Feature", "properties": { "BARRIO": "YUNGAY", "DIA_SEMANA": "Martes", "TIPO_DIA": "Semana", "TRAMO_HORA": "18 A 20 HRS", "MES": "enero", "ZONA_1": "NORPONIENTE", "AÑO": 2025 }, "geometry": { "type": "Point", "coordinates": [ -70.678278, -33.434403 ] } },
{ "type": "Feature", "properties": { "BARRIO": "BALMACEDA", "DIA_SEMANA": "Martes", "TIPO_DIA": "Semana", "TRAMO_HORA": "18 A 20 HRS", "MES": "enero", "ZONA_1": "NORPONIENTE", "AÑO": 2025 }, "geometry": { "type": "Point", "coordinates": [ -70.678417, -33.432787 ] } },
{ "type": "Feature", "properties": { "BARRIO": "SIERRA BELLA", "DIA_SEMANA": "Martes", "TIPO_DIA": "Semana", "TRAMO_HORA": "18 A 20 HRS", "MES": "enero", "ZONA_1": "SURORIENTE", "AÑO": 2025 }, "geometry": { "type": "Point", "coordinates": [ -70.626862, -33.467436 ] } },
{ "type": "Feature", "properties": { "BARRIO": "SANTA ANA", "DIA_SEMANA": "Martes", "TIPO_DIA": "Semana", "TRAMO_HORA": "20 A 22 HRS", "MES": "enero", "ZONA_1": "NORORIENTE", "AÑO": 2025 }, "geometry": { "type": "Point", "coordinates": [ -70.659112, -33.445309 ] } },
{ "type": "Feature", "properties": { "BARRIO": "CASCO HISTORICO", "DIA_SEMANA": "Martes", "TIPO_DIA": "Semana", "TRAMO_HORA": "20 A 22 HRS", "MES": "enero", "ZONA_1": "NORORIENTE", "AÑO": 2025 }, "geometry": { "type": "Point", "coordinates": [ -70.649622, -33.443399 ] } },
{ "type": "Feature", "properties": { "BARRIO": "PARQUE ALMAGRO", "DIA_SEMANA": "Martes", "TIPO_DIA": "Semana", "TRAMO_HORA": "20 A 22 HRS", "MES": "enero", "ZONA_1": "CENTRORIENTE", "AÑO": 2025 }, "geometry": { "type": "Point", "coordinates": [ -70.649106, -33.448839 ] } },
{ "type": "Feature", "properties": { "BARRIO": "SANTA ISABEL", "DIA_SEMANA": "Martes", "TIPO_DIA": "Semana", "TRAMO_HORA": "20 A 22 HRS", "MES": "enero", "ZONA_1": "CENTRORIENTE", "AÑO": 2025 }, "geometry": { "type": "Point", "coordinates": [ -70.642937, -33.450431 ] } },
{ "type": "Feature", "properties": { "BARRIO": "PARQUE ALMAGRO", "DIA_SEMANA": "Martes", "TIPO_DIA": "Semana", "TRAMO_HORA": "22 A 00 HRS", "MES": "enero", "ZONA_1": "CENTRORIENTE", "AÑO": 2025 }, "geometry": { "type": "Point", "coordinates": [ -70.646991, -33.448539 ] } },
{ "type": "Feature", "properties": { "BARRIO": "PARQUE ALMAGRO", "DIA_SEMANA": "Martes", "TIPO_DIA": "Semana", "TRAMO_HORA": "22 A 00 HRS", "MES": "enero", "ZONA_1": "CENTRORIENTE", "AÑO": 2025 }, "geometry": { "type": "Point", "coordinates": [ -70.649321, -33.44895 ] } },
{ "type": "Feature", "properties": { "BARRIO": "EJERCITO", "DIA_SEMANA": "Miercoles", "TIPO_DIA": "Semana", "TRAMO_HORA": "08 A 10 HRS", "MES": "enero", "ZONA_1": "SURPONIENTE", "AÑO": 2025 }, "geometry": { "type": "Point", "coordinates": [ -70.663387, -33.448853 ] } },
{ "type": "Feature", "properties": { "BARRIO": "CASCO HISTORICO", "DIA_SEMANA": "Miercoles", "TIPO_DIA": "Semana", "TRAMO_HORA": "12 A 14 HRS", "MES": "enero", "ZONA_1": "NORORIENTE", "AÑO": 2025 }, "geometry": { "type": "Point", "coordinates": [ -70.654268, -33.436536 ] } },
{ "type": "Feature", "properties": { "BARRIO": "BALMACEDA", "DIA_SEMANA": "Miercoles", "TIPO_DIA": "Semana", "TRAMO_HORA": "14 A 16 HRS", "MES": "enero", "ZONA_1": "NORPONIENTE", "AÑO": 2025 }, "geometry": { "type": "Point", "coordinates": [ -70.675762, -33.427467 ] } },
{ "type": "Feature", "properties": { "BARRIO": "CASCO HISTORICO", "DIA_SEMANA": "Miercoles", "TIPO_DIA": "Semana", "TRAMO_HORA": "16 A 18 HRS", "MES": "enero", "ZONA_1": "NORORIENTE", "AÑO": 2025 }, "geometry": { "type": "Point", "coordinates": [ -70.649288, -33.441373 ] } },
{ "type": "Feature", "properties": { "BARRIO": "PARQUE ALMAGRO", "DIA_SEMANA": "Miercoles", "TIPO_DIA": "Semana", "TRAMO_HORA": "18 A 20 HRS", "MES": "enero", "ZONA_1": "CENTRORIENTE", "AÑO": 2025 }, "geometry": { "type": "Point", "coordinates": [ -70.652894, -33.448059 ] } },
{ "type": "Feature", "properties": { "BARRIO": "SAN BORJA", "DIA_SEMANA": "Miercoles", "TIPO_DIA": "Semana", "TRAMO_HORA": "18 A 20 HRS", "MES": "enero", "ZONA_1": "NORORIENTE", "AÑO": 2025 }, "geometry": { "type": "Point", "coordinates": [ -70.644252, -33.445237 ] } },
{ "type": "Feature", "properties": { "BARRIO": "DIEZ DE JULIO", "DIA_SEMANA": "Miercoles", "TIPO_DIA": "Semana", "TRAMO_HORA": "18 A 20 HRS", "MES": "enero", "ZONA_1": "CENTRORIENTE", "AÑO": 2025 }, "geometry": { "type": "Point", "coordinates": [ -70.633965, -33.453985 ] } },
{ "type": "Feature", "properties": { "BARRIO": "VIEL", "DIA_SEMANA": "Miercoles", "TIPO_DIA": "Semana", "TRAMO_HORA": "18 A 20 HRS", "MES": "enero", "ZONA_1": "SURORIENTE", "AÑO": 2025 }, "geometry": { "type": "Point", "coordinates": [ -70.650316, -33.466284 ] } },
{ "type": "Feature", "properties": { "BARRIO": "SANTA ELENA", "DIA_SEMANA": "Miercoles", "TIPO_DIA": "Semana", "TRAMO_HORA": "20 A 22 HRS", "MES": "enero", "ZONA_1": "SURORIENTE", "AÑO": 2025 }, "geometry": { "type": "Point", "coordinates": [ -70.626868, -33.467343 ] } },
{ "type": "Feature", "properties": { "BARRIO": "SANTA LUCIA FORESTAL", "DIA_SEMANA": "Miercoles", "TIPO_DIA": "Semana", "TRAMO_HORA": "20 A 22 HRS", "MES": "enero", "ZONA_1": "NORORIENTE", "AÑO": 2025 }, "geometry": { "type": "Point", "coordinates": [ -70.641013, -33.437431 ] } },
{ "type": "Feature", "properties": { "BARRIO": "SANTA ISABEL", "DIA_SEMANA": "Miercoles", "TIPO_DIA": "Semana", "TRAMO_HORA": "20 A 22 HRS", "MES": "enero", "ZONA_1": "CENTRORIENTE", "AÑO": 2025 }, "geometry": { "type": "Point", "coordinates": [ -70.640307, -33.450667 ] } },
{ "type": "Feature", "properties": { "BARRIO": "DIEZ DE JULIO", "DIA_SEMANA": "Miercoles", "TIPO_DIA": "Semana", "TRAMO_HORA": "20 A 22 HRS", "MES": "enero", "ZONA_1": "CENTRORIENTE", "AÑO": 2025 }, "geometry": { "type": "Point", "coordinates": [ -70.631723, -33.453542 ] } },
{ "type": "Feature", "properties": { "BARRIO": "BRASIL", "DIA_SEMANA": "Miercoles", "TIPO_DIA": "Semana", "TRAMO_HORA": "20 A 22 HRS", "MES": "enero", "ZONA_1": "NORPONIENTE", "AÑO": 2025 }, "geometry": { "type": "Point", "coordinates": [ -70.664956, -33.442863 ] } },
{ "type": "Feature", "properties": { "BARRIO": "SANTA ISABEL", "DIA_SEMANA": "Miercoles", "TIPO_DIA": "Semana", "TRAMO_HORA": "20 A 22 HRS", "MES": "enero", "ZONA_1": "CENTRORIENTE", "AÑO": 2025 }, "geometry": { "type": "Point", "coordinates": [ -70.640443, -33.450709 ] } },
{ "type": "Feature", "properties": { "BARRIO": "PARQUE ALMAGRO", "DIA_SEMANA": "Miercoles", "TIPO_DIA": "Semana", "TRAMO_HORA": "22 A 00 HRS", "MES": "enero", "ZONA_1": "CENTRORIENTE", "AÑO": 2025 }, "geometry": { "type": "Point", "coordinates": [ -70.647033, -33.448463 ] } },
{ "type": "Feature", "properties": { "BARRIO": "DIEZ DE JULIO", "DIA_SEMANA": "Miercoles", "TIPO_DIA": "Semana", "TRAMO_HORA": "22 A 00 HRS", "MES": "enero", "ZONA_1": "CENTRORIENTE", "AÑO": 2025 }, "geometry": { "type": "Point", "coordinates": [ -70.633865, -33.453992 ] } },
{ "type": "Feature", "properties": { "BARRIO": "SANTA ISABEL", "DIA_SEMANA": "Miercoles", "TIPO_DIA": "Semana", "TRAMO_HORA": "22 A 00 HRS", "MES": "enero", "ZONA_1": "CENTRORIENTE", "AÑO": 2025 }, "geometry": { "type": "Point", "coordinates": [ -70.642795, -33.450363 ] } },
{ "type": "Feature", "properties": { "BARRIO": "PARQUE ALMAGRO", "DIA_SEMANA": "Miercoles", "TIPO_DIA": "Semana", "TRAMO_HORA": "22 A 00 HRS", "MES": "enero", "ZONA_1": "CENTRORIENTE", "AÑO": 2025 }, "geometry": { "type": "Point", "coordinates": [ -70.649172, -33.448949 ] } },
{ "type": "Feature", "properties": { "BARRIO": "PARQUE ALMAGRO", "DIA_SEMANA": "Jueves", "TIPO_DIA": "Semana", "TRAMO_HORA": "10 A 12 HRS", "MES": "enero", "ZONA_1": "CENTRORIENTE", "AÑO": 2025 }, "geometry": { "type": "Point", "coordinates": [ -70.646973, -33.448567 ] } },
{ "type": "Feature", "properties": { "BARRIO": "UNIVERSITARIO", "DIA_SEMANA": "Jueves", "TIPO_DIA": "Semana", "TRAMO_HORA": "10 A 12 HRS", "MES": "enero", "ZONA_1": "SURPONIENTE", "AÑO": 2025 }, "geometry": { "type": "Point", "coordinates": [ -70.672384, -33.452043 ] } },
{ "type": "Feature", "properties": { "BARRIO": "MATTA SUR", "DIA_SEMANA": "Jueves", "TIPO_DIA": "Semana", "TRAMO_HORA": "14 A 16 HRS", "MES": "enero", "ZONA_1": "SURORIENTE", "AÑO": 2025 }, "geometry": { "type": "Point", "coordinates": [ -70.639895, -33.457838 ] } },
{ "type": "Feature", "properties": { "BARRIO": "SAN BORJA", "DIA_SEMANA": "Jueves", "TIPO_DIA": "Semana", "TRAMO_HORA": "14 A 16 HRS", "MES": "enero", "ZONA_1": "NORORIENTE", "AÑO": 2025 }, "geometry": { "type": "Point", "coordinates": [ -70.644352, -33.443349 ] } },
{ "type": "Feature", "properties": { "BARRIO": "SANTA LUCIA FORESTAL", "DIA_SEMANA": "Jueves", "TIPO_DIA": "Semana", "TRAMO_HORA": "16 A 18 HRS", "MES": "enero", "ZONA_1": "NORORIENTE", "AÑO": 2025 }, "geometry": { "type": "Point", "coordinates": [ -70.640643, -33.439484 ] } },
{ "type": "Feature", "properties": { "BARRIO": "SANTA LUCIA FORESTAL", "DIA_SEMANA": "Jueves", "TIPO_DIA": "Semana", "TRAMO_HORA": "16 A 18 HRS", "MES": "enero", "ZONA_1": "NORORIENTE", "AÑO": 2025 }, "geometry": { "type": "Point", "coordinates": [ -70.646356, -33.437666 ] } },
{ "type": "Feature", "properties": { "BARRIO": "SANTA LUCIA FORESTAL", "DIA_SEMANA": "Jueves", "TIPO_DIA": "Semana", "TRAMO_HORA": "18 A 20 HRS", "MES": "enero", "ZONA_1": "NORORIENTE", "AÑO": 2025 }, "geometry": { "type": "Point", "coordinates": [ -70.640902, -33.439457 ] } },
{ "type": "Feature", "properties": { "BARRIO": "SANTA LUCIA FORESTAL", "DIA_SEMANA": "Jueves", "TIPO_DIA": "Semana", "TRAMO_HORA": "18 A 20 HRS", "MES": "enero", "ZONA_1": "NORORIENTE", "AÑO": 2025 }, "geometry": { "type": "Point", "coordinates": [ -70.640688, -33.439424 ] } },
{ "type": "Feature", "properties": { "BARRIO": "SANTA ANA", "DIA_SEMANA": "Jueves", "TIPO_DIA": "Semana", "TRAMO_HORA": "20 A 22 HRS", "MES": "enero", "ZONA_1": "NORORIENTE", "AÑO": 2025 }, "geometry": { "type": "Point", "coordinates": [ -70.65921, -33.434376 ] } },
{ "type": "Feature", "properties": { "BARRIO": "SANTA ISABEL", "DIA_SEMANA": "Jueves", "TIPO_DIA": "Semana", "TRAMO_HORA": "20 A 22 HRS", "MES": "enero", "ZONA_1": "CENTRORIENTE", "AÑO": 2025 }, "geometry": { "type": "Point", "coordinates": [ -70.642872, -33.450456 ] } },
{ "type": "Feature", "properties": { "BARRIO": "DIEZ DE JULIO", "DIA_SEMANA": "Jueves", "TIPO_DIA": "Semana", "TRAMO_HORA": "20 A 22 HRS", "MES": "enero", "ZONA_1": "CENTRORIENTE", "AÑO": 2025 }, "geometry": { "type": "Point", "coordinates": [ -70.63173, -33.453551 ] } },
{ "type": "Feature", "properties": { "BARRIO": "SANTA ISABEL", "DIA_SEMANA": "Jueves", "TIPO_DIA": "Semana", "TRAMO_HORA": "20 A 22 HRS", "MES": "enero", "ZONA_1": "CENTRORIENTE", "AÑO": 2025 }, "geometry": { "type": "Point", "coordinates": [ -70.633563, -33.44476 ] } },
{ "type": "Feature", "properties": { "BARRIO": "SIERRA BELLA", "DIA_SEMANA": "Jueves", "TIPO_DIA": "Semana", "TRAMO_HORA": "20 A 22 HRS", "MES": "enero", "ZONA_1": "SURORIENTE", "AÑO": 2025 }, "geometry": { "type": "Point", "coordinates": [ -70.635423, -33.473461 ] } },
{ "type": "Feature", "properties": { "BARRIO": "PARQUE ALMAGRO", "DIA_SEMANA": "Jueves", "TIPO_DIA": "Semana", "TRAMO_HORA": "22 A 00 HRS", "MES": "enero", "ZONA_1": "CENTRORIENTE", "AÑO": 2025 }, "geometry": { "type": "Point", "coordinates": [ -70.646981, -33.448557 ] } },
{ "type": "Feature", "properties": { "BARRIO": "SANTA ANA", "DIA_SEMANA": "Jueves", "TIPO_DIA": "Semana", "TRAMO_HORA": "22 A 00 HRS", "MES": "enero", "ZONA_1": "NORORIENTE", "AÑO": 2025 }, "geometry": { "type": "Point", "coordinates": [ -70.659053, -33.43342 ] } },
{ "type": "Feature", "properties": { "BARRIO": "SANTA ISABEL", "DIA_SEMANA": "Jueves", "TIPO_DIA": "Semana", "TRAMO_HORA": "22 A 00 HRS", "MES": "enero", "ZONA_1": "CENTRORIENTE", "AÑO": 2025 }, "geometry": { "type": "Point", "coordinates": [ -70.634131, -33.445007 ] } },
{ "type": "Feature", "properties": { "BARRIO": "SANTA LUCIA FORESTAL", "DIA_SEMANA": "Jueves", "TIPO_DIA": "Semana", "TRAMO_HORA": "22 A 00 HRS", "MES": "enero", "ZONA_1": "NORORIENTE", "AÑO": 2025 }, "geometry": { "type": "Point", "coordinates": [ -70.641002, -33.437559 ] } },
{ "type": "Feature", "properties": { "BARRIO": "SANTA LUCIA FORESTAL", "DIA_SEMANA": "Jueves", "TIPO_DIA": "Semana", "TRAMO_HORA": "22 A 00 HRS", "MES": "enero", "ZONA_1": "NORORIENTE", "AÑO": 2025 }, "geometry": { "type": "Point", "coordinates": [ -70.641056, -33.437185 ] } },
{ "type": "Feature", "properties": { "BARRIO": "PARQUE ALMAGRO", "DIA_SEMANA": "Viernes", "TIPO_DIA": "Semana", "TRAMO_HORA": "08 A 10 HRS", "MES": "enero", "ZONA_1": "CENTRORIENTE", "AÑO": 2025 }, "geometry": { "type": "Point", "coordinates": [ -70.647021, -33.448594 ] } },
{ "type": "Feature", "properties": { "BARRIO": "PARQUE ALMAGRO", "DIA_SEMANA": "Viernes", "TIPO_DIA": "Semana", "TRAMO_HORA": "10 A 12 HRS", "MES": "enero", "ZONA_1": "CENTRORIENTE", "AÑO": 2025 }, "geometry": { "type": "Point", "coordinates": [ -70.650403, -33.452327 ] } },
{ "type": "Feature", "properties": { "BARRIO": "SANTA LUCIA FORESTAL", "DIA_SEMANA": "Viernes", "TIPO_DIA": "Semana", "TRAMO_HORA": "10 A 12 HRS", "MES": "enero", "ZONA_1": "NORORIENTE", "AÑO": 2025 }, "geometry": { "type": "Point", "coordinates": [ -70.646356, -33.437666 ] } },
{ "type": "Feature", "properties": { "BARRIO": "SANTA LUCIA FORESTAL", "DIA_SEMANA": "Viernes", "TIPO_DIA": "Semana", "TRAMO_HORA": "12 A 14 HRS", "MES": "enero", "ZONA_1": "NORORIENTE", "AÑO": 2025 }, "geometry": { "type": "Point", "coordinates": [ -70.646356, -33.437666 ] } },
{ "type": "Feature", "properties": { "BARRIO": "SANTA LUCIA FORESTAL", "DIA_SEMANA": "Viernes", "TIPO_DIA": "Semana", "TRAMO_HORA": "12 A 14 HRS", "MES": "enero", "ZONA_1": "NORORIENTE", "AÑO": 2025 }, "geometry": { "type": "Point", "coordinates": [ -70.640689, -33.439489 ] } },
{ "type": "Feature", "properties": { "BARRIO": "BALMACEDA", "DIA_SEMANA": "Viernes", "TIPO_DIA": "Semana", "TRAMO_HORA": "16 A 18 HRS", "MES": "enero", "ZONA_1": "NORPONIENTE", "AÑO": 2025 }, "geometry": { "type": "Point", "coordinates": [ -70.675347, -33.428388 ] } },
{ "type": "Feature", "properties": { "BARRIO": "PANAMA", "DIA_SEMANA": "Viernes", "TIPO_DIA": "Semana", "TRAMO_HORA": "18 A 20 HRS", "MES": "enero", "ZONA_1": "NORPONIENTE", "AÑO": 2025 }, "geometry": { "type": "Point", "coordinates": [ -70.662241, -33.430685 ] } },
{ "type": "Feature", "properties": { "BARRIO": "DIEZ DE JULIO", "DIA_SEMANA": "Viernes", "TIPO_DIA": "Semana", "TRAMO_HORA": "18 A 20 HRS", "MES": "enero", "ZONA_1": "CENTRORIENTE", "AÑO": 2025 }, "geometry": { "type": "Point", "coordinates": [ -70.633961, -33.453961 ] } },
{ "type": "Feature", "properties": { "BARRIO": "PARQUE ALMAGRO", "DIA_SEMANA": "Viernes", "TIPO_DIA": "Semana", "TRAMO_HORA": "20 A 22 HRS", "MES": "enero", "ZONA_1": "CENTRORIENTE", "AÑO": 2025 }, "geometry": { "type": "Point", "coordinates": [ -70.655394, -33.44904 ] } },
{ "type": "Feature", "properties": { "BARRIO": "VIEL", "DIA_SEMANA": "Viernes", "TIPO_DIA": "Semana", "TRAMO_HORA": "20 A 22 HRS", "MES": "enero", "ZONA_1": "SURORIENTE", "AÑO": 2025 }, "geometry": { "type": "Point", "coordinates": [ -70.64996, -33.466209 ] } },
{ "type": "Feature", "properties": { "BARRIO": "SANTA LUCIA FORESTAL", "DIA_SEMANA": "Viernes", "TIPO_DIA": "Semana", "TRAMO_HORA": "20 A 22 HRS", "MES": "enero", "ZONA_1": "NORORIENTE", "AÑO": 2025 }, "geometry": { "type": "Point", "coordinates": [ -70.640807, -33.439478 ] } },
{ "type": "Feature", "properties": { "BARRIO": "SANTA ISABEL", "DIA_SEMANA": "Viernes", "TIPO_DIA": "Semana", "TRAMO_HORA": "20 A 22 HRS", "MES": "enero", "ZONA_1": "CENTRORIENTE", "AÑO": 2025 }, "geometry": { "type": "Point", "coordinates": [ -70.642745, -33.450384 ] } },
{ "type": "Feature", "properties": { "BARRIO": "SANTA LUCIA FORESTAL", "DIA_SEMANA": "Viernes", "TIPO_DIA": "Semana", "TRAMO_HORA": "20 A 22 HRS", "MES": "enero", "ZONA_1": "NORORIENTE", "AÑO": 2025 }, "geometry": { "type": "Point", "coordinates": [ -70.641084, -33.439744 ] } },
{ "type": "Feature", "properties": { "BARRIO": "SANTA ELENA", "DIA_SEMANA": "Viernes", "TIPO_DIA": "Semana", "TRAMO_HORA": "20 A 22 HRS", "MES": "enero", "ZONA_1": "SURORIENTE", "AÑO": 2025 }, "geometry": { "type": "Point", "coordinates": [ -70.630118, -33.456429 ] } },
{ "type": "Feature", "properties": { "BARRIO": "SANTA ISABEL", "DIA_SEMANA": "Viernes", "TIPO_DIA": "Semana", "TRAMO_HORA": "20 A 22 HRS", "MES": "enero", "ZONA_1": "CENTRORIENTE", "AÑO": 2025 }, "geometry": { "type": "Point", "coordinates": [ -70.640372, -33.450687 ] } },
{ "type": "Feature", "properties": { "BARRIO": "SANTA ELENA", "DIA_SEMANA": "Viernes", "TIPO_DIA": "Semana", "TRAMO_HORA": "20 A 22 HRS", "MES": "enero", "ZONA_1": "SURORIENTE", "AÑO": 2025 }, "geometry": { "type": "Point", "coordinates": [ -70.629741, -33.456302 ] } },
{ "type": "Feature", "properties": { "BARRIO": "PARQUE ALMAGRO", "DIA_SEMANA": "Viernes", "TIPO_DIA": "Semana", "TRAMO_HORA": "20 A 22 HRS", "MES": "enero", "ZONA_1": "CENTRORIENTE", "AÑO": 2025 }, "geometry": { "type": "Point", "coordinates": [ -70.654429, -33.450225 ] } },
{ "type": "Feature", "properties": { "BARRIO": "SANTA ELENA", "DIA_SEMANA": "Viernes", "TIPO_DIA": "Semana", "TRAMO_HORA": "20 A 22 HRS", "MES": "enero", "ZONA_1": "SURORIENTE", "AÑO": 2025 }, "geometry": { "type": "Point", "coordinates": [ -70.626876, -33.467312 ] } },
{ "type": "Feature", "properties": { "BARRIO": "SANTA ANA", "DIA_SEMANA": "Viernes", "TIPO_DIA": "Semana", "TRAMO_HORA": "22 A 00 HRS", "MES": "enero", "ZONA_1": "NORORIENTE", "AÑO": 2025 }, "geometry": { "type": "Point", "coordinates": [ -70.657387, -33.434784 ] } },
{ "type": "Feature", "properties": { "BARRIO": "PARQUE ALMAGRO", "DIA_SEMANA": "Viernes", "TIPO_DIA": "Semana", "TRAMO_HORA": "22 A 00 HRS", "MES": "enero", "ZONA_1": "CENTRORIENTE", "AÑO": 2025 }, "geometry": { "type": "Point", "coordinates": [ -70.649138, -33.448913 ] } },
{ "type": "Feature", "properties": { "BARRIO": "VIEL", "DIA_SEMANA": "Viernes", "TIPO_DIA": "Semana", "TRAMO_HORA": "22 A 00 HRS", "MES": "enero", "ZONA_1": "SURORIENTE", "AÑO": 2025 }, "geometry": { "type": "Point", "coordinates": [ -70.649823, -33.46628 ] } },
{ "type": "Feature", "properties": { "BARRIO": "VIEL", "DIA_SEMANA": "Sabado", "TIPO_DIA": "Semana", "TRAMO_HORA": "08 A 10 HRS", "MES": "enero", "ZONA_1": "SURORIENTE", "AÑO": 2025 }, "geometry": { "type": "Point", "coordinates": [ -70.652189, -33.446919 ] } },
{ "type": "Feature", "properties": { "BARRIO": "MEIGGS", "DIA_SEMANA": "Sabado", "TIPO_DIA": "Semana", "TRAMO_HORA": "12 A 14 HRS", "MES": "enero", "ZONA_1": "SURPONIENTE", "AÑO": 2025 }, "geometry": { "type": "Point", "coordinates": [ -70.674648, -33.4538 ] } },
{ "type": "Feature", "properties": { "BARRIO": "CASCO HISTORICO", "DIA_SEMANA": "Sabado", "TIPO_DIA": "Semana", "TRAMO_HORA": "14 A 16 HRS", "MES": "enero", "ZONA_1": "NORORIENTE", "AÑO": 2025 }, "geometry": { "type": "Point", "coordinates": [ -70.64941, -33.443525 ] } },
{ "type": "Feature", "properties": { "BARRIO": "SANTA ISABEL", "DIA_SEMANA": "Sabado", "TIPO_DIA": "Semana", "TRAMO_HORA": "20 A 22 HRS", "MES": "enero", "ZONA_1": "CENTRORIENTE", "AÑO": 2025 }, "geometry": { "type": "Point", "coordinates": [ -70.642829, -33.450415 ] } },
{ "type": "Feature", "properties": { "BARRIO": "PARQUE ALMAGRO", "DIA_SEMANA": "Sabado", "TIPO_DIA": "Semana", "TRAMO_HORA": "20 A 22 HRS", "MES": "enero", "ZONA_1": "CENTRORIENTE", "AÑO": 2025 }, "geometry": { "type": "Point", "coordinates": [ -70.654852, -33.448541 ] } },
{ "type": "Feature", "properties": { "BARRIO": "SANTA LUCIA FORESTAL", "DIA_SEMANA": "Sabado", "TIPO_DIA": "Semana", "TRAMO_HORA": "20 A 22 HRS", "MES": "enero", "ZONA_1": "NORORIENTE", "AÑO": 2025 }, "geometry": { "type": "Point", "coordinates": [ -70.641042, -33.437266 ] } },
{ "type": "Feature", "properties": { "BARRIO": "SANTA LUCIA FORESTAL", "DIA_SEMANA": "Sabado", "TIPO_DIA": "Semana", "TRAMO_HORA": "20 A 22 HRS", "MES": "enero", "ZONA_1": "NORORIENTE", "AÑO": 2025 }, "geometry": { "type": "Point", "coordinates": [ -70.641096, -33.437192 ] } },
{ "type": "Feature", "properties": { "BARRIO": "YUNGAY", "DIA_SEMANA": "Sabado", "TIPO_DIA": "Semana", "TRAMO_HORA": "22 A 00 HRS", "MES": "enero", "ZONA_1": "NORPONIENTE", "AÑO": 2025 }, "geometry": { "type": "Point", "coordinates": [ -70.673941, -33.443578 ] } },
{ "type": "Feature", "properties": { "BARRIO": "SANTA ISABEL", "DIA_SEMANA": "Sabado", "TIPO_DIA": "Semana", "TRAMO_HORA": "22 A 00 HRS", "MES": "enero", "ZONA_1": "CENTRORIENTE", "AÑO": 2025 }, "geometry": { "type": "Point", "coordinates": [ -70.633189, -33.444665 ] } },
{ "type": "Feature", "properties": { "BARRIO": "SANTA ISABEL", "DIA_SEMANA": "Sabado", "TIPO_DIA": "Semana", "TRAMO_HORA": "22 A 00 HRS", "MES": "enero", "ZONA_1": "CENTRORIENTE", "AÑO": 2025 }, "geometry": { "type": "Point", "coordinates": [ -70.633186, -33.444694 ] } },
{ "type": "Feature", "properties": { "BARRIO": "VIEL", "DIA_SEMANA": "Sabado", "TIPO_DIA": "Semana", "TRAMO_HORA": "22 A 00 HRS", "MES": "enero", "ZONA_1": "SURORIENTE", "AÑO": 2025 }, "geometry": { "type": "Point", "coordinates": [ -70.649854, -33.466275 ] } },
{ "type": "Feature", "properties": { "BARRIO": "FRANKLIN", "DIA_SEMANA": "Domingo", "TIPO_DIA": "Semana", "TRAMO_HORA": "00 A 02 HRS", "MES": "enero", "ZONA_1": "SURORIENTE", "AÑO": 2025 }, "geometry": { "type": "Point", "coordinates": [ -70.647949, -33.470989 ] } },
{ "type": "Feature", "properties": { "BARRIO": "PARQUE ALMAGRO", "DIA_SEMANA": "Domingo", "TIPO_DIA": "Semana", "TRAMO_HORA": "00 A 02 HRS", "MES": "enero", "ZONA_1": "CENTRORIENTE", "AÑO": 2025 }, "geometry": { "type": "Point", "coordinates": [ -70.646891, -33.44837 ] } },
{ "type": "Feature", "properties": { "BARRIO": "SAN BORJA", "DIA_SEMANA": "Domingo", "TIPO_DIA": "Semana", "TRAMO_HORA": "00 A 02 HRS", "MES": "enero", "ZONA_1": "NORORIENTE", "AÑO": 2025 }, "geometry": { "type": "Point", "coordinates": [ -70.640638, -33.445314 ] } },
{ "type": "Feature", "properties": { "BARRIO": "DIEZ DE JULIO", "DIA_SEMANA": "Domingo", "TIPO_DIA": "Semana", "TRAMO_HORA": "02 A 04 HRS", "MES": "enero", "ZONA_1": "CENTRORIENTE", "AÑO": 2025 }, "geometry": { "type": "Point", "coordinates": [ -70.633921, -33.452571 ] } },
{ "type": "Feature", "properties": { "BARRIO": "SANTA ISABEL", "DIA_SEMANA": "Domingo", "TIPO_DIA": "Semana", "TRAMO_HORA": "02 A 04 HRS", "MES": "enero", "ZONA_1": "NORORIENTE", "AÑO": 2025 }, "geometry": { "type": "Point", "coordinates": [ -70.643754, -33.447675 ] } },
{ "type": "Feature", "properties": { "BARRIO": "HUEMUL", "DIA_SEMANA": "Domingo", "TIPO_DIA": "Semana", "TRAMO_HORA": "02 A 04 HRS", "MES": "enero", "ZONA_1": "SURORIENTE", "AÑO": 2025 }, "geometry": { "type": "Point", "coordinates": [ -70.648507, -33.471986 ] } },
{ "type": "Feature", "properties": { "BARRIO": "YUNGAY", "DIA_SEMANA": "Domingo", "TIPO_DIA": "Semana", "TRAMO_HORA": "18 A 20 HRS", "MES": "enero", "ZONA_1": "NORPONIENTE", "AÑO": 2025 }, "geometry": { "type": "Point", "coordinates": [ -70.672939, -33.443343 ] } },
{ "type": "Feature", "properties": { "BARRIO": "EJERCITO", "DIA_SEMANA": "Domingo", "TIPO_DIA": "Semana", "TRAMO_HORA": "18 A 20 HRS", "MES": "enero", "ZONA_1": "SURPONIENTE", "AÑO": 2025 }, "geometry": { "type": "Point", "coordinates": [ -70.661564, -33.453495 ] } },
{ "type": "Feature", "properties": { "BARRIO": "PARQUE ALMAGRO", "DIA_SEMANA": "Domingo", "TIPO_DIA": "Semana", "TRAMO_HORA": "20 A 22 HRS", "MES": "enero", "ZONA_1": "CENTRORIENTE", "AÑO": 2025 }, "geometry": { "type": "Point", "coordinates": [ -70.652847, -33.448287 ] } },
{ "type": "Feature", "properties": { "BARRIO": "SANTA LUCIA FORESTAL", "DIA_SEMANA": "Domingo", "TIPO_DIA": "Semana", "TRAMO_HORA": "20 A 22 HRS", "MES": "enero", "ZONA_1": "NORORIENTE", "AÑO": 2025 }, "geometry": { "type": "Point", "coordinates": [ -70.640933, -33.438232 ] } },
{ "type": "Feature", "properties": { "BARRIO": "PARQUE ALMAGRO", "DIA_SEMANA": "Domingo", "TIPO_DIA": "Semana", "TRAMO_HORA": "20 A 22 HRS", "MES": "enero", "ZONA_1": "CENTRORIENTE", "AÑO": 2025 }, "geometry": { "type": "Point", "coordinates": [ -70.646985, -33.44854 ] } },
{ "type": "Feature", "properties": { "BARRIO": "PARQUE ALMAGRO", "DIA_SEMANA": "Domingo", "TIPO_DIA": "Semana", "TRAMO_HORA": "20 A 22 HRS", "MES": "enero", "ZONA_1": "CENTRORIENTE", "AÑO": 2025 }, "geometry": { "type": "Point", "coordinates": [ -70.653113, -33.447219 ] } },
{ "type": "Feature", "properties": { "BARRIO": "SANTA ISABEL", "DIA_SEMANA": "Domingo", "TIPO_DIA": "Semana", "TRAMO_HORA": "20 A 22 HRS", "MES": "enero", "ZONA_1": "CENTRORIENTE", "AÑO": 2025 }, "geometry": { "type": "Point", "coordinates": [ -70.643022, -33.450343 ] } },
{ "type": "Feature", "properties": { "BARRIO": "SANTA ISABEL", "DIA_SEMANA": "Domingo", "TIPO_DIA": "Semana", "TRAMO_HORA": "20 A 22 HRS", "MES": "enero", "ZONA_1": "CENTRORIENTE", "AÑO": 2025 }, "geometry": { "type": "Point", "coordinates": [ -70.639456, -33.448369 ] } },
{ "type": "Feature", "properties": { "BARRIO": "PARQUE ALMAGRO", "DIA_SEMANA": "Domingo", "TIPO_DIA": "Semana", "TRAMO_HORA": "20 A 22 HRS", "MES": "enero", "ZONA_1": "CENTRORIENTE", "AÑO": 2025 }, "geometry": { "type": "Point", "coordinates": [ -70.647173, -33.447218 ] } },
{ "type": "Feature", "properties": { "BARRIO": "FRANKLIN", "DIA_SEMANA": "Domingo", "TIPO_DIA": "Semana", "TRAMO_HORA": "22 A 00 HRS", "MES": "enero", "ZONA_1": "SURORIENTE", "AÑO": 2025 }, "geometry": { "type": "Point", "coordinates": [ -70.64788, -33.470799 ] } },
{ "type": "Feature", "properties": { "BARRIO": "SIERRA BELLA", "DIA_SEMANA": "Domingo", "TIPO_DIA": "Semana", "TRAMO_HORA": "22 A 00 HRS", "MES": "enero", "ZONA_1": "SURORIENTE", "AÑO": 2025 }, "geometry": { "type": "Point", "coordinates": [ -70.63542, -33.473476 ] } },
{ "type": "Feature", "properties": { "BARRIO": "PARQUE ALMAGRO", "DIA_SEMANA": "Domingo", "TIPO_DIA": "Semana", "TRAMO_HORA": "22 A 00 HRS", "MES": "enero", "ZONA_1": "CENTRORIENTE", "AÑO": 2025 }, "geometry": { "type": "Point", "coordinates": [ -70.654753, -33.448885 ] } },
{ "type": "Feature", "properties": { "BARRIO": "SAN BORJA", "DIA_SEMANA": "Domingo", "TIPO_DIA": "Semana", "TRAMO_HORA": "22 A 00 HRS", "MES": "enero", "ZONA_1": "NORORIENTE", "AÑO": 2025 }, "geometry": { "type": "Point", "coordinates": [ -70.644632, -33.443699 ] } },
{ "type": "Feature", "properties": { "BARRIO": "FRANKLIN", "DIA_SEMANA": "Domingo", "TIPO_DIA": "Semana", "TRAMO_HORA": "22 A 00 HRS", "MES": "enero", "ZONA_1": "SURORIENTE", "AÑO": 2025 }, "geometry": { "type": "Point", "coordinates": [ -70.648464, -33.471132 ] } },
{ "type": "Feature", "properties": { "BARRIO": "PARQUE ALMAGRO", "DIA_SEMANA": "Domingo", "TIPO_DIA": "Semana", "TRAMO_HORA": "22 A 00 HRS", "MES": "enero", "ZONA_1": "CENTRORIENTE", "AÑO": 2025 }, "geometry": { "type": "Point", "coordinates": [ -70.647174, -33.448887 ] } },
{ "type": "Feature", "properties": { "BARRIO": "SANTA ISABEL", "DIA_SEMANA": "Lunes", "TIPO_DIA": "Semana", "TRAMO_HORA": "00 A 02 HRS", "MES": "enero", "ZONA_1": "CENTRORIENTE", "AÑO": 2025 }, "geometry": { "type": "Point", "coordinates": [ -70.643154, -33.45067 ] } },
{ "type": "Feature", "properties": { "BARRIO": "JUDICIAL", "DIA_SEMANA": "Lunes", "TIPO_DIA": "Semana", "TRAMO_HORA": "06 A 08 HRS", "MES": "enero", "ZONA_1": null, "AÑO": 2025 }, "geometry": null },
{ "type": "Feature", "properties": { "BARRIO": "SAN BORJA", "DIA_SEMANA": "Lunes", "TIPO_DIA": "Semana", "TRAMO_HORA": "10 A 12 HRS", "MES": "enero", "ZONA_1": "NORORIENTE", "AÑO": 2025 }, "geometry": { "type": "Point", "coordinates": [ -70.638635, -33.439589 ] } },
{ "type": "Feature", "properties": { "BARRIO": "SANTA ANA", "DIA_SEMANA": "Lunes", "TIPO_DIA": "Semana", "TRAMO_HORA": "12 A 14 HRS", "MES": "enero", "ZONA_1": "NORORIENTE", "AÑO": 2025 }, "geometry": { "type": "Point", "coordinates": [ -70.657323, -33.440308 ] } },
{ "type": "Feature", "properties": { "BARRIO": "SANTA ANA", "DIA_SEMANA": "Lunes", "TIPO_DIA": "Semana", "TRAMO_HORA": "12 A 14 HRS", "MES": "enero", "ZONA_1": "NORORIENTE", "AÑO": 2025 }, "geometry": { "type": "Point", "coordinates": [ -70.657128, -33.440319 ] } },
{ "type": "Feature", "properties": { "BARRIO": "CASCO HISTORICO", "DIA_SEMANA": "Lunes", "TIPO_DIA": "Semana", "TRAMO_HORA": "12 A 14 HRS", "MES": "enero", "ZONA_1": "NORORIENTE", "AÑO": 2025 }, "geometry": { "type": "Point", "coordinates": [ -70.655552, -33.44467 ] } },
{ "type": "Feature", "properties": { "BARRIO": "MEIGGS", "DIA_SEMANA": "Lunes", "TIPO_DIA": "Semana", "TRAMO_HORA": "12 A 14 HRS", "MES": "enero", "ZONA_1": "SURPONIENTE", "AÑO": 2025 }, "geometry": { "type": "Point", "coordinates": [ -70.672867, -33.449173 ] } },
{ "type": "Feature", "properties": { "BARRIO": "SAN BORJA", "DIA_SEMANA": "Lunes", "TIPO_DIA": "Semana", "TRAMO_HORA": "14 A 16 HRS", "MES": "enero", "ZONA_1": "NORORIENTE", "AÑO": 2025 }, "geometry": { "type": "Point", "coordinates": [ -70.644754, -33.44321 ] } },
{ "type": "Feature", "properties": { "BARRIO": "SANTA LUCIA FORESTAL", "DIA_SEMANA": "Lunes", "TIPO_DIA": "Semana", "TRAMO_HORA": "16 A 18 HRS", "MES": "enero", "ZONA_1": "NORORIENTE", "AÑO": 2025 }, "geometry": { "type": "Point", "coordinates": [ -70.643671, -33.436514 ] } },
{ "type": "Feature", "properties": { "BARRIO": "MATTA NORTE", "DIA_SEMANA": "Lunes", "TIPO_DIA": "Semana", "TRAMO_HORA": "16 A 18 HRS", "MES": "enero", "ZONA_1": "CENTRORIENTE", "AÑO": 2025 }, "geometry": { "type": "Point", "coordinates": [ -70.647928, -33.453869 ] } },
{ "type": "Feature", "properties": { "BARRIO": "SAN BORJA", "DIA_SEMANA": "Lunes", "TIPO_DIA": "Semana", "TRAMO_HORA": "18 A 20 HRS", "MES": "enero", "ZONA_1": "NORORIENTE", "AÑO": 2025 }, "geometry": { "type": "Point", "coordinates": [ -70.644704, -33.443398 ] } },
{ "type": "Feature", "properties": { "BARRIO": "PARQUE ALMAGRO", "DIA_SEMANA": "Lunes", "TIPO_DIA": "Semana", "TRAMO_HORA": "20 A 22 HRS", "MES": "enero", "ZONA_1": "CENTRORIENTE", "AÑO": 2025 }, "geometry": { "type": "Point", "coordinates": [ -70.64887, -33.449312 ] } },
{ "type": "Feature", "properties": { "BARRIO": "SANTA ISABEL", "DIA_SEMANA": "Lunes", "TIPO_DIA": "Semana", "TRAMO_HORA": "20 A 22 HRS", "MES": "enero", "ZONA_1": "CENTRORIENTE", "AÑO": 2025 }, "geometry": { "type": "Point", "coordinates": [ -70.642755, -33.450416 ] } },
{ "type": "Feature", "properties": { "BARRIO": "PARQUE ALMAGRO", "DIA_SEMANA": "Lunes", "TIPO_DIA": "Semana", "TRAMO_HORA": "20 A 22 HRS", "MES": "enero", "ZONA_1": "CENTRORIENTE", "AÑO": 2025 }, "geometry": { "type": "Point", "coordinates": [ -70.652489, -33.448601 ] } },
{ "type": "Feature", "properties": { "BARRIO": "SANTA ISABEL", "DIA_SEMANA": "Lunes", "TIPO_DIA": "Semana", "TRAMO_HORA": "20 A 22 HRS", "MES": "enero", "ZONA_1": "CENTRORIENTE", "AÑO": 2025 }, "geometry": { "type": "Point", "coordinates": [ -70.643047, -33.450429 ] } },
{ "type": "Feature", "properties": { "BARRIO": "SANTA ELENA", "DIA_SEMANA": "Lunes", "TIPO_DIA": "Semana", "TRAMO_HORA": "20 A 22 HRS", "MES": "enero", "ZONA_1": "SURORIENTE", "AÑO": 2025 }, "geometry": { "type": "Point", "coordinates": [ -70.626906, -33.467287 ] } },
{ "type": "Feature", "properties": { "BARRIO": "SAN BORJA", "DIA_SEMANA": "Lunes", "TIPO_DIA": "Semana", "TRAMO_HORA": "20 A 22 HRS", "MES": "enero", "ZONA_1": "NORORIENTE", "AÑO": 2025 }, "geometry": { "type": "Point", "coordinates": [ -70.644635, -33.443689 ] } },
{ "type": "Feature", "properties": { "BARRIO": "JUDICIAL", "DIA_SEMANA": "Martes", "TIPO_DIA": "Semana", "TRAMO_HORA": "06 A 08 HRS", "MES": "enero", "ZONA_1": "SURPONIENTE", "AÑO": 2025 }, "geometry": { "type": "Point", "coordinates": [ -70.656917, -33.476167 ] } },
{ "type": "Feature", "properties": { "BARRIO": "SANTA LUCIA FORESTAL", "DIA_SEMANA": "Martes", "TIPO_DIA": "Semana", "TRAMO_HORA": "10 A 12 HRS", "MES": "enero", "ZONA_1": "NORORIENTE", "AÑO": 2025 }, "geometry": { "type": "Point", "coordinates": [ -70.640603, -33.439456 ] } },
{ "type": "Feature", "properties": { "BARRIO": "SANTA ANA", "DIA_SEMANA": "Martes", "TIPO_DIA": "Semana", "TRAMO_HORA": "12 A 14 HRS", "MES": "enero", "ZONA_1": "NORORIENTE", "AÑO": 2025 }, "geometry": { "type": "Point", "coordinates": [ -70.657018, -33.44014 ] } },
{ "type": "Feature", "properties": { "BARRIO": "PARQUE ALMAGRO", "DIA_SEMANA": "Martes", "TIPO_DIA": "Semana", "TRAMO_HORA": "18 A 20 HRS", "MES": "enero", "ZONA_1": "CENTRORIENTE", "AÑO": 2025 }, "geometry": { "type": "Point", "coordinates": [ -70.646975, -33.448553 ] } },
{ "type": "Feature", "properties": { "BARRIO": "SANTA ELENA", "DIA_SEMANA": "Martes", "TIPO_DIA": "Semana", "TRAMO_HORA": "18 A 20 HRS", "MES": "enero", "ZONA_1": "SURORIENTE", "AÑO": 2025 }, "geometry": { "type": "Point", "coordinates": [ -70.62694, -33.467186 ] } },
{ "type": "Feature", "properties": { "BARRIO": "BOGOTA", "DIA_SEMANA": "Martes", "TIPO_DIA": "Semana", "TRAMO_HORA": "20 A 22 HRS", "MES": "enero", "ZONA_1": "SURORIENTE", "AÑO": 2025 }, "geometry": { "type": "Point", "coordinates": [ -70.648561, -33.469115 ] } },
{ "type": "Feature", "properties": { "BARRIO": "SANTA LUCIA FORESTAL", "DIA_SEMANA": "Martes", "TIPO_DIA": "Semana", "TRAMO_HORA": "20 A 22 HRS", "MES": "enero", "ZONA_1": "NORORIENTE", "AÑO": 2025 }, "geometry": { "type": "Point", "coordinates": [ -70.642302, -33.437413 ] } },
{ "type": "Feature", "properties": { "BARRIO": "DIEZ DE JULIO", "DIA_SEMANA": "Martes", "TIPO_DIA": "Semana", "TRAMO_HORA": "20 A 22 HRS", "MES": "enero", "ZONA_1": "CENTRORIENTE", "AÑO": 2025 }, "geometry": { "type": "Point", "coordinates": [ -70.631681, -33.453537 ] } },
{ "type": "Feature", "properties": { "BARRIO": "DIEZ DE JULIO", "DIA_SEMANA": "Martes", "TIPO_DIA": "Semana", "TRAMO_HORA": "20 A 22 HRS", "MES": "enero", "ZONA_1": "CENTRORIENTE", "AÑO": 2025 }, "geometry": { "type": "Point", "coordinates": [ -70.631234, -33.453691 ] } },
{ "type": "Feature", "properties": { "BARRIO": "SANTA LUCIA FORESTAL", "DIA_SEMANA": "Martes", "TIPO_DIA": "Semana", "TRAMO_HORA": "20 A 22 HRS", "MES": "enero", "ZONA_1": "NORORIENTE", "AÑO": 2025 }, "geometry": { "type": "Point", "coordinates": [ -70.641069, -33.437232 ] } },
{ "type": "Feature", "properties": { "BARRIO": "DIEZ DE JULIO", "DIA_SEMANA": "Martes", "TIPO_DIA": "Semana", "TRAMO_HORA": "20 A 22 HRS", "MES": "enero", "ZONA_1": "CENTRORIENTE", "AÑO": 2025 }, "geometry": { "type": "Point", "coordinates": [ -70.634291, -33.452763 ] } },
{ "type": "Feature", "properties": { "BARRIO": "DIEZ DE JULIO", "DIA_SEMANA": "Martes", "TIPO_DIA": "Semana", "TRAMO_HORA": "20 A 22 HRS", "MES": "enero", "ZONA_1": "CENTRORIENTE", "AÑO": 2025 }, "geometry": { "type": "Point", "coordinates": [ -70.634288, -33.452814 ] } },
{ "type": "Feature", "properties": { "BARRIO": "SANTA ISABEL", "DIA_SEMANA": "Martes", "TIPO_DIA": "Semana", "TRAMO_HORA": "20 A 22 HRS", "MES": "enero", "ZONA_1": "CENTRORIENTE", "AÑO": 2025 }, "geometry": { "type": "Point", "coordinates": [ -70.642839, -33.450212 ] } },
{ "type": "Feature", "properties": { "BARRIO": "CASCO HISTORICO", "DIA_SEMANA": "Martes", "TIPO_DIA": "Semana", "TRAMO_HORA": "20 A 22 HRS", "MES": "enero", "ZONA_1": "NORORIENTE", "AÑO": 2025 }, "geometry": { "type": "Point", "coordinates": [ -70.656666, -33.435639 ] } },
{ "type": "Feature", "properties": { "BARRIO": "DIEZ DE JULIO", "DIA_SEMANA": "Martes", "TIPO_DIA": "Semana", "TRAMO_HORA": "22 A 00 HRS", "MES": "enero", "ZONA_1": "CENTRORIENTE", "AÑO": 2025 }, "geometry": { "type": "Point", "coordinates": [ -70.634228, -33.452783 ] } },
{ "type": "Feature", "properties": { "BARRIO": "SANTA ANA", "DIA_SEMANA": "Martes", "TIPO_DIA": "Semana", "TRAMO_HORA": "22 A 00 HRS", "MES": "enero", "ZONA_1": "NORORIENTE", "AÑO": 2025 }, "geometry": { "type": "Point", "coordinates": [ -70.658784, -33.434339 ] } },
{ "type": "Feature", "properties": { "BARRIO": "CASCO HISTORICO", "DIA_SEMANA": "Martes", "TIPO_DIA": "Semana", "TRAMO_HORA": "22 A 00 HRS", "MES": "enero", "ZONA_1": "NORORIENTE", "AÑO": 2025 }, "geometry": { "type": "Point", "coordinates": [ -70.648261, -33.434288 ] } },
{ "type": "Feature", "properties": { "BARRIO": "PARQUE ALMAGRO", "DIA_SEMANA": "Martes", "TIPO_DIA": "Semana", "TRAMO_HORA": "22 A 00 HRS", "MES": "enero", "ZONA_1": "CENTRORIENTE", "AÑO": 2025 }, "geometry": { "type": "Point", "coordinates": [ -70.644881, -33.448155 ] } },
{ "type": "Feature", "properties": { "BARRIO": "SANTA ISABEL", "DIA_SEMANA": "Martes", "TIPO_DIA": "Semana", "TRAMO_HORA": "22 A 00 HRS", "MES": "enero", "ZONA_1": "NORORIENTE", "AÑO": 2025 }, "geometry": { "type": "Point", "coordinates": [ -70.643775, -33.447524 ] } },
{ "type": "Feature", "properties": { "BARRIO": "SANTA ISABEL", "DIA_SEMANA": "Martes", "TIPO_DIA": "Semana", "TRAMO_HORA": "22 A 00 HRS", "MES": "enero", "ZONA_1": "CENTRORIENTE", "AÑO": 2025 }, "geometry": { "type": "Point", "coordinates": [ -70.643048, -33.45065 ] } },
{ "type": "Feature", "properties": { "BARRIO": "SANTA ANA", "DIA_SEMANA": "Martes", "TIPO_DIA": "Semana", "TRAMO_HORA": "22 A 00 HRS", "MES": "enero", "ZONA_1": "NORORIENTE", "AÑO": 2025 }, "geometry": { "type": "Point", "coordinates": [ -70.658928, -33.43465 ] } },
{ "type": "Feature", "properties": { "BARRIO": "SANTA ANA", "DIA_SEMANA": "Martes", "TIPO_DIA": "Semana", "TRAMO_HORA": "22 A 00 HRS", "MES": "enero", "ZONA_1": "NORORIENTE", "AÑO": 2025 }, "geometry": { "type": "Point", "coordinates": [ -70.660002, -33.434606 ] } },
{ "type": "Feature", "properties": { "BARRIO": "PARQUE ALMAGRO", "DIA_SEMANA": "Miercoles", "TIPO_DIA": "Semana", "TRAMO_HORA": "00 A 02 HRS", "MES": "enero", "ZONA_1": "CENTRORIENTE", "AÑO": 2025 }, "geometry": { "type": "Point", "coordinates": [ -70.648473, -33.448806 ] } },
{ "type": "Feature", "properties": { "BARRIO": "PARQUE ALMAGRO", "DIA_SEMANA": "Miercoles", "TIPO_DIA": "Semana", "TRAMO_HORA": "00 A 02 HRS", "MES": "enero", "ZONA_1": "CENTRORIENTE", "AÑO": 2025 }, "geometry": { "type": "Point", "coordinates": [ -70.649301, -33.448958 ] } },
{ "type": "Feature", "properties": { "BARRIO": "PARQUE ALMAGRO", "DIA_SEMANA": "Miercoles", "TIPO_DIA": "Semana", "TRAMO_HORA": "00 A 02 HRS", "MES": "enero", "ZONA_1": "CENTRORIENTE", "AÑO": 2025 }, "geometry": { "type": "Point", "coordinates": [ -70.649248, -33.449839 ] } },
{ "type": "Feature", "properties": { "BARRIO": "PARQUE ALMAGRO", "DIA_SEMANA": "Miercoles", "TIPO_DIA": "Semana", "TRAMO_HORA": "00 A 02 HRS", "MES": "enero", "ZONA_1": "CENTRORIENTE", "AÑO": 2025 }, "geometry": { "type": "Point", "coordinates": [ -70.652641, -33.44975 ] } },
{ "type": "Feature", "properties": { "BARRIO": "MATTA NORTE", "DIA_SEMANA": "Miercoles", "TIPO_DIA": "Semana", "TRAMO_HORA": "00 A 02 HRS", "MES": "enero", "ZONA_1": "CENTRORIENTE", "AÑO": 2025 }, "geometry": { "type": "Point", "coordinates": [ -70.646915, -33.451079 ] } },
{ "type": "Feature", "properties": { "BARRIO": "JUDICIAL", "DIA_SEMANA": "Miercoles", "TIPO_DIA": "Semana", "TRAMO_HORA": "06 A 08 HRS", "MES": "enero", "ZONA_1": "SURPONIENTE", "AÑO": 2025 }, "geometry": { "type": "Point", "coordinates": [ -70.6561, -33.476268 ] } },
{ "type": "Feature", "properties": { "BARRIO": "SANTA ISABEL", "DIA_SEMANA": "Miercoles", "TIPO_DIA": "Semana", "TRAMO_HORA": "08 A 10 HRS", "MES": "enero", "ZONA_1": "CENTRORIENTE", "AÑO": 2025 }, "geometry": { "type": "Point", "coordinates": [ -70.633541, -33.44705 ] } },
{ "type": "Feature", "properties": { "BARRIO": "CASCO HISTORICO", "DIA_SEMANA": "Miercoles", "TIPO_DIA": "Semana", "TRAMO_HORA": "10 A 12 HRS", "MES": "enero", "ZONA_1": "NORORIENTE", "AÑO": 2025 }, "geometry": { "type": "Point", "coordinates": [ -70.649261, -33.441574 ] } },
{ "type": "Feature", "properties": { "BARRIO": "CASCO HISTORICO", "DIA_SEMANA": "Miercoles", "TIPO_DIA": "Semana", "TRAMO_HORA": "14 A 16 HRS", "MES": "enero", "ZONA_1": "NORORIENTE", "AÑO": 2025 }, "geometry": { "type": "Point", "coordinates": [ -70.649214, -33.441482 ] } },
{ "type": "Feature", "properties": { "BARRIO": "SANTA ISABEL", "DIA_SEMANA": "Miercoles", "TIPO_DIA": "Semana", "TRAMO_HORA": "18 A 20 HRS", "MES": "enero", "ZONA_1": "CENTRORIENTE", "AÑO": 2025 }, "geometry": { "type": "Point", "coordinates": [ -70.633471, -33.446982 ] } },
{ "type": "Feature", "properties": { "BARRIO": "UNIVERSITARIO", "DIA_SEMANA": "Miercoles", "TIPO_DIA": "Semana", "TRAMO_HORA": "18 A 20 HRS", "MES": "enero", "ZONA_1": "SURPONIENTE", "AÑO": 2025 }, "geometry": { "type": "Point", "coordinates": [ -70.6667, -33.45 ] } },
{ "type": "Feature", "properties": { "BARRIO": "PARQUE ALMAGRO", "DIA_SEMANA": "Miercoles", "TIPO_DIA": "Semana", "TRAMO_HORA": "18 A 20 HRS", "MES": "enero", "ZONA_1": "CENTRORIENTE", "AÑO": 2025 }, "geometry": { "type": "Point", "coordinates": [ -70.64486, -33.448125 ] } },
{ "type": "Feature", "properties": { "BARRIO": "PARQUE ALMAGRO", "DIA_SEMANA": "Miercoles", "TIPO_DIA": "Semana", "TRAMO_HORA": "18 A 20 HRS", "MES": "enero", "ZONA_1": "CENTRORIENTE", "AÑO": 2025 }, "geometry": { "type": "Point", "coordinates": [ -70.647017, -33.448602 ] } },
{ "type": "Feature", "properties": { "BARRIO": "SANTA LUCIA FORESTAL", "DIA_SEMANA": "Miercoles", "TIPO_DIA": "Semana", "TRAMO_HORA": "18 A 20 HRS", "MES": "enero", "ZONA_1": "NORORIENTE", "AÑO": 2025 }, "geometry": { "type": "Point", "coordinates": [ -70.641108, -33.437293 ] } },
{ "type": "Feature", "properties": { "BARRIO": "PARQUE ALMAGRO", "DIA_SEMANA": "Miercoles", "TIPO_DIA": "Semana", "TRAMO_HORA": "20 A 22 HRS", "MES": "enero", "ZONA_1": "CENTRORIENTE", "AÑO": 2025 }, "geometry": { "type": "Point", "coordinates": [ -70.65479, -33.449168 ] } },
{ "type": "Feature", "properties": { "BARRIO": "SANTA LUCIA FORESTAL", "DIA_SEMANA": "Miercoles", "TIPO_DIA": "Semana", "TRAMO_HORA": "20 A 22 HRS", "MES": "enero", "ZONA_1": "NORORIENTE", "AÑO": 2025 }, "geometry": { "type": "Point", "coordinates": [ -70.641096, -33.437195 ] } },
{ "type": "Feature", "properties": { "BARRIO": "SANTA ELENA", "DIA_SEMANA": "Miercoles", "TIPO_DIA": "Semana", "TRAMO_HORA": "20 A 22 HRS", "MES": "enero", "ZONA_1": "SURORIENTE", "AÑO": 2025 }, "geometry": { "type": "Point", "coordinates": [ -70.626636, -33.467338 ] } },
{ "type": "Feature", "properties": { "BARRIO": "VIEL", "DIA_SEMANA": "Miercoles", "TIPO_DIA": "Semana", "TRAMO_HORA": "20 A 22 HRS", "MES": "enero", "ZONA_1": "SURORIENTE", "AÑO": 2025 }, "geometry": { "type": "Point", "coordinates": [ -70.649549, -33.468971 ] } },
{ "type": "Feature", "properties": { "BARRIO": "SANTA ISABEL", "DIA_SEMANA": "Miercoles", "TIPO_DIA": "Semana", "TRAMO_HORA": "20 A 22 HRS", "MES": "enero", "ZONA_1": "CENTRORIENTE", "AÑO": 2025 }, "geometry": { "type": "Point", "coordinates": [ -70.642499, -33.450329 ] } },
{ "type": "Feature", "properties": { "BARRIO": "PARQUE ALMAGRO", "DIA_SEMANA": "Miercoles", "TIPO_DIA": "Semana", "TRAMO_HORA": "22 A 00 HRS", "MES": "enero", "ZONA_1": "CENTRORIENTE", "AÑO": 2025 }, "geometry": { "type": "Point", "coordinates": [ -70.646983, -33.448568 ] } },
{ "type": "Feature", "properties": { "BARRIO": "SANTA LUCIA FORESTAL", "DIA_SEMANA": "Miercoles", "TIPO_DIA": "Semana", "TRAMO_HORA": "22 A 00 HRS", "MES": "enero", "ZONA_1": "NORORIENTE", "AÑO": 2025 }, "geometry": { "type": "Point", "coordinates": [ -70.64106, -33.437215 ] } },
{ "type": "Feature", "properties": { "BARRIO": "MATTA SUR", "DIA_SEMANA": "Miercoles", "TIPO_DIA": "Semana", "TRAMO_HORA": "22 A 00 HRS", "MES": "enero", "ZONA_1": "SURORIENTE", "AÑO": 2025 }, "geometry": { "type": "Point", "coordinates": [ -70.647276, -33.463039 ] } },
{ "type": "Feature", "properties": { "BARRIO": "PARQUE ALMAGRO", "DIA_SEMANA": "Jueves", "TIPO_DIA": "Semana", "TRAMO_HORA": "02 A 04 HRS", "MES": "enero", "ZONA_1": "CENTRORIENTE", "AÑO": 2025 }, "geometry": { "type": "Point", "coordinates": [ -70.648321, -33.443839 ] } },
{ "type": "Feature", "properties": { "BARRIO": "YUNGAY", "DIA_SEMANA": "Jueves", "TIPO_DIA": "Semana", "TRAMO_HORA": "10 A 12 HRS", "MES": "enero", "ZONA_1": "NORPONIENTE", "AÑO": 2025 }, "geometry": { "type": "Point", "coordinates": [ -70.679061, -33.443588 ] } },
{ "type": "Feature", "properties": { "BARRIO": "YUNGAY", "DIA_SEMANA": "Jueves", "TIPO_DIA": "Semana", "TRAMO_HORA": "10 A 12 HRS", "MES": "enero", "ZONA_1": "NORPONIENTE", "AÑO": 2025 }, "geometry": { "type": "Point", "coordinates": [ -70.679061, -33.443588 ] } },
{ "type": "Feature", "properties": { "BARRIO": "BRASIL", "DIA_SEMANA": "Jueves", "TIPO_DIA": "Semana", "TRAMO_HORA": "12 A 14 HRS", "MES": "enero", "ZONA_1": "NORPONIENTE", "AÑO": 2025 }, "geometry": { "type": "Point", "coordinates": [ -70.664824, -33.440543 ] } },
{ "type": "Feature", "properties": { "BARRIO": "CASCO HISTORICO", "DIA_SEMANA": "Jueves", "TIPO_DIA": "Semana", "TRAMO_HORA": "12 A 14 HRS", "MES": "enero", "ZONA_1": "NORORIENTE", "AÑO": 2025 }, "geometry": { "type": "Point", "coordinates": [ -70.649216, -33.441361 ] } },
{ "type": "Feature", "properties": { "BARRIO": "FRANKLIN", "DIA_SEMANA": "Jueves", "TIPO_DIA": "Semana", "TRAMO_HORA": "14 A 16 HRS", "MES": "enero", "ZONA_1": "SURORIENTE", "AÑO": 2025 }, "geometry": { "type": "Point", "coordinates": [ -70.648377, -33.471394 ] } },
{ "type": "Feature", "properties": { "BARRIO": "SANTA LUCIA FORESTAL", "DIA_SEMANA": "Jueves", "TIPO_DIA": "Semana", "TRAMO_HORA": "16 A 18 HRS", "MES": "enero", "ZONA_1": "NORORIENTE", "AÑO": 2025 }, "geometry": { "type": "Point", "coordinates": [ -70.641079, -33.43841 ] } },
{ "type": "Feature", "properties": { "BARRIO": "DIEZ DE JULIO", "DIA_SEMANA": "Jueves", "TIPO_DIA": "Semana", "TRAMO_HORA": "16 A 18 HRS", "MES": "enero", "ZONA_1": "CENTRORIENTE", "AÑO": 2025 }, "geometry": { "type": "Point", "coordinates": [ -70.632036, -33.454266 ] } },
{ "type": "Feature", "properties": { "BARRIO": "SAN BORJA", "DIA_SEMANA": "Jueves", "TIPO_DIA": "Semana", "TRAMO_HORA": "16 A 18 HRS", "MES": "enero", "ZONA_1": "NORORIENTE", "AÑO": 2025 }, "geometry": { "type": "Point", "coordinates": [ -70.644807, -33.44283 ] } },
{ "type": "Feature", "properties": { "BARRIO": "PARQUE ALMAGRO", "DIA_SEMANA": "Jueves", "TIPO_DIA": "Semana", "TRAMO_HORA": "18 A 20 HRS", "MES": "enero", "ZONA_1": "CENTRORIENTE", "AÑO": 2025 }, "geometry": { "type": "Point", "coordinates": [ -70.65288, -33.448064 ] } },
{ "type": "Feature", "properties": { "BARRIO": "PARQUE ALMAGRO", "DIA_SEMANA": "Jueves", "TIPO_DIA": "Semana", "TRAMO_HORA": "18 A 20 HRS", "MES": "enero", "ZONA_1": "CENTRORIENTE", "AÑO": 2025 }, "geometry": { "type": "Point", "coordinates": [ -70.650714, -33.451123 ] } },
{ "type": "Feature", "properties": { "BARRIO": "SAN BORJA", "DIA_SEMANA": "Jueves", "TIPO_DIA": "Semana", "TRAMO_HORA": "18 A 20 HRS", "MES": "enero", "ZONA_1": "NORORIENTE", "AÑO": 2025 }, "geometry": { "type": "Point", "coordinates": [ -70.635329, -33.437452 ] } },
{ "type": "Feature", "properties": { "BARRIO": "SANTA LUCIA FORESTAL", "DIA_SEMANA": "Jueves", "TIPO_DIA": "Semana", "TRAMO_HORA": "18 A 20 HRS", "MES": "enero", "ZONA_1": "NORORIENTE", "AÑO": 2025 }, "geometry": { "type": "Point", "coordinates": [ -70.63607, -33.437358 ] } },
{ "type": "Feature", "properties": { "BARRIO": "SANTA LUCIA FORESTAL", "DIA_SEMANA": "Jueves", "TIPO_DIA": "Semana", "TRAMO_HORA": "18 A 20 HRS", "MES": "enero", "ZONA_1": "NORORIENTE", "AÑO": 2025 }, "geometry": { "type": "Point", "coordinates": [ -70.640604, -33.439454 ] } },
{ "type": "Feature", "properties": { "BARRIO": "EJERCITO", "DIA_SEMANA": "Jueves", "TIPO_DIA": "Semana", "TRAMO_HORA": "18 A 20 HRS", "MES": "enero", "ZONA_1": "SURPONIENTE", "AÑO": 2025 }, "geometry": { "type": "Point", "coordinates": [ -70.661581, -33.453333 ] } },
{ "type": "Feature", "properties": { "BARRIO": "EJERCITO", "DIA_SEMANA": "Jueves", "TIPO_DIA": "Semana", "TRAMO_HORA": "18 A 20 HRS", "MES": "enero", "ZONA_1": "SURPONIENTE", "AÑO": 2025 }, "geometry": { "type": "Point", "coordinates": [ -70.661655, -33.453391 ] } },
{ "type": "Feature", "properties": { "BARRIO": "EJERCITO", "DIA_SEMANA": "Jueves", "TIPO_DIA": "Semana", "TRAMO_HORA": "18 A 20 HRS", "MES": "enero", "ZONA_1": "SURPONIENTE", "AÑO": 2025 }, "geometry": { "type": "Point", "coordinates": [ -70.661611, -33.453195 ] } },
{ "type": "Feature", "properties": { "BARRIO": "EJERCITO", "DIA_SEMANA": "Jueves", "TIPO_DIA": "Semana", "TRAMO_HORA": "18 A 20 HRS", "MES": "enero", "ZONA_1": "SURPONIENTE", "AÑO": 2025 }, "geometry": { "type": "Point", "coordinates": [ -70.661596, -33.453357 ] } },
{ "type": "Feature", "properties": { "BARRIO": "PARQUE ALMAGRO", "DIA_SEMANA": "Jueves", "TIPO_DIA": "Semana", "TRAMO_HORA": "18 A 20 HRS", "MES": "enero", "ZONA_1": "CENTRORIENTE", "AÑO": 2025 }, "geometry": { "type": "Point", "coordinates": [ -70.649318, -33.448839 ] } },
{ "type": "Feature", "properties": { "BARRIO": "SANTA ELENA", "DIA_SEMANA": "Jueves", "TIPO_DIA": "Semana", "TRAMO_HORA": "18 A 20 HRS", "MES": "enero", "ZONA_1": "SURORIENTE", "AÑO": 2025 }, "geometry": { "type": "Point", "coordinates": [ -70.626581, -33.46738 ] } },
{ "type": "Feature", "properties": { "BARRIO": "SANTA ELENA", "DIA_SEMANA": "Jueves", "TIPO_DIA": "Semana", "TRAMO_HORA": "18 A 20 HRS", "MES": "enero", "ZONA_1": "SURORIENTE", "AÑO": 2025 }, "geometry": { "type": "Point", "coordinates": [ -70.626601, -33.467314 ] } },
{ "type": "Feature", "properties": { "BARRIO": "PARQUE ALMAGRO", "DIA_SEMANA": "Jueves", "TIPO_DIA": "Semana", "TRAMO_HORA": "18 A 20 HRS", "MES": "enero", "ZONA_1": "CENTRORIENTE", "AÑO": 2025 }, "geometry": { "type": "Point", "coordinates": [ -70.646922, -33.448348 ] } },
{ "type": "Feature", "properties": { "BARRIO": "EJERCITO", "DIA_SEMANA": "Jueves", "TIPO_DIA": "Semana", "TRAMO_HORA": "18 A 20 HRS", "MES": "enero", "ZONA_1": "SURPONIENTE", "AÑO": 2025 }, "geometry": { "type": "Point", "coordinates": [ -70.66159, -33.453218 ] } },
{ "type": "Feature", "properties": { "BARRIO": "SAN BORJA", "DIA_SEMANA": "Jueves", "TIPO_DIA": "Semana", "TRAMO_HORA": "20 A 22 HRS", "MES": "enero", "ZONA_1": "NORORIENTE", "AÑO": 2025 }, "geometry": { "type": "Point", "coordinates": [ -70.6342, -33.441274 ] } },
{ "type": "Feature", "properties": { "BARRIO": "SANTA ANA", "DIA_SEMANA": "Jueves", "TIPO_DIA": "Semana", "TRAMO_HORA": "20 A 22 HRS", "MES": "enero", "ZONA_1": "NORORIENTE", "AÑO": 2025 }, "geometry": { "type": "Point", "coordinates": [ -70.659077, -33.433227 ] } },
{ "type": "Feature", "properties": { "BARRIO": "YUNGAY", "DIA_SEMANA": "Jueves", "TIPO_DIA": "Semana", "TRAMO_HORA": "20 A 22 HRS", "MES": "enero", "ZONA_1": "NORPONIENTE", "AÑO": 2025 }, "geometry": { "type": "Point", "coordinates": [ -70.672371, -33.443131 ] } },
{ "type": "Feature", "properties": { "BARRIO": "DIEZ DE JULIO", "DIA_SEMANA": "Jueves", "TIPO_DIA": "Semana", "TRAMO_HORA": "20 A 22 HRS", "MES": "enero", "ZONA_1": "CENTRORIENTE", "AÑO": 2025 }, "geometry": { "type": "Point", "coordinates": [ -70.633604, -33.455237 ] } },
{ "type": "Feature", "properties": { "BARRIO": "SANTA ELENA", "DIA_SEMANA": "Jueves", "TIPO_DIA": "Semana", "TRAMO_HORA": "20 A 22 HRS", "MES": "enero", "ZONA_1": "SURORIENTE", "AÑO": 2025 }, "geometry": { "type": "Point", "coordinates": [ -70.627845, -33.466232 ] } },
{ "type": "Feature", "properties": { "BARRIO": "SANTA LUCIA FORESTAL", "DIA_SEMANA": "Jueves", "TIPO_DIA": "Semana", "TRAMO_HORA": "20 A 22 HRS", "MES": "enero", "ZONA_1": "NORORIENTE", "AÑO": 2025 }, "geometry": { "type": "Point", "coordinates": [ -70.641, -33.43745 ] } },
{ "type": "Feature", "properties": { "BARRIO": "SANTA LUCIA FORESTAL", "DIA_SEMANA": "Jueves", "TIPO_DIA": "Semana", "TRAMO_HORA": "20 A 22 HRS", "MES": "enero", "ZONA_1": "NORORIENTE", "AÑO": 2025 }, "geometry": { "type": "Point", "coordinates": [ -70.641034, -33.43729 ] } },
{ "type": "Feature", "properties": { "BARRIO": "SANTA ISABEL", "DIA_SEMANA": "Jueves", "TIPO_DIA": "Semana", "TRAMO_HORA": "22 A 00 HRS", "MES": "enero", "ZONA_1": "CENTRORIENTE", "AÑO": 2025 }, "geometry": { "type": "Point", "coordinates": [ -70.642908, -33.450433 ] } },
{ "type": "Feature", "properties": { "BARRIO": "PARQUE ALMAGRO", "DIA_SEMANA": "Jueves", "TIPO_DIA": "Semana", "TRAMO_HORA": "22 A 00 HRS", "MES": "enero", "ZONA_1": "CENTRORIENTE", "AÑO": 2025 }, "geometry": { "type": "Point", "coordinates": [ -70.652464, -33.453192 ] } },
{ "type": "Feature", "properties": { "BARRIO": "PARQUE ALMAGRO", "DIA_SEMANA": "Jueves", "TIPO_DIA": "Semana", "TRAMO_HORA": "22 A 00 HRS", "MES": "enero", "ZONA_1": "CENTRORIENTE", "AÑO": 2025 }, "geometry": { "type": "Point", "coordinates": [ -70.64698, -33.448545 ] } },
{ "type": "Feature", "properties": { "BARRIO": "SAN BORJA", "DIA_SEMANA": "Viernes", "TIPO_DIA": "Semana", "TRAMO_HORA": "06 A 08 HRS", "MES": "enero", "ZONA_1": "NORORIENTE", "AÑO": 2025 }, "geometry": { "type": "Point", "coordinates": [ -70.642889, -33.443003 ] } },
{ "type": "Feature", "properties": { "BARRIO": "CASCO HISTORICO", "DIA_SEMANA": "Viernes", "TIPO_DIA": "Semana", "TRAMO_HORA": "06 A 08 HRS", "MES": "enero", "ZONA_1": "NORORIENTE", "AÑO": 2025 }, "geometry": { "type": "Point", "coordinates": [ -70.650122, -33.437136 ] } },
{ "type": "Feature", "properties": { "BARRIO": "SAN BORJA", "DIA_SEMANA": "Viernes", "TIPO_DIA": "Semana", "TRAMO_HORA": "06 A 08 HRS", "MES": "enero", "ZONA_1": "NORORIENTE", "AÑO": 2025 }, "geometry": { "type": "Point", "coordinates": [ -70.642751, -33.442789 ] } },
{ "type": "Feature", "properties": { "BARRIO": "PARQUE ALMAGRO", "DIA_SEMANA": "Viernes", "TIPO_DIA": "Semana", "TRAMO_HORA": "06 A 08 HRS", "MES": "enero", "ZONA_1": "CENTRORIENTE", "AÑO": 2025 }, "geometry": { "type": "Point", "coordinates": [ -70.650676, -33.451496 ] } },
{ "type": "Feature", "properties": { "BARRIO": "EJERCITO", "DIA_SEMANA": "Viernes", "TIPO_DIA": "Semana", "TRAMO_HORA": "12 A 14 HRS", "MES": "enero", "ZONA_1": "SURPONIENTE", "AÑO": 2025 }, "geometry": { "type": "Point", "coordinates": [ -70.660111, -33.453545 ] } },
{ "type": "Feature", "properties": { "BARRIO": "PARQUE ALMAGRO", "DIA_SEMANA": "Viernes", "TIPO_DIA": "Semana", "TRAMO_HORA": "18 A 20 HRS", "MES": "enero", "ZONA_1": "CENTRORIENTE", "AÑO": 2025 }, "geometry": { "type": "Point", "coordinates": [ -70.646941, -33.448555 ] } },
{ "type": "Feature", "properties": { "BARRIO": "DIEZ DE JULIO", "DIA_SEMANA": "Viernes", "TIPO_DIA": "Semana", "TRAMO_HORA": "18 A 20 HRS", "MES": "enero", "ZONA_1": "CENTRORIENTE", "AÑO": 2025 }, "geometry": { "type": "Point", "coordinates": [ -70.633628, -33.455264 ] } },
{ "type": "Feature", "properties": { "BARRIO": "SANTA LUCIA FORESTAL", "DIA_SEMANA": "Viernes", "TIPO_DIA": "Semana", "TRAMO_HORA": "20 A 22 HRS", "MES": "enero", "ZONA_1": "NORORIENTE", "AÑO": 2025 }, "geometry": { "type": "Point", "coordinates": [ -70.646356, -33.437666 ] } },
{ "type": "Feature", "properties": { "BARRIO": "PARQUE ALMAGRO", "DIA_SEMANA": "Viernes", "TIPO_DIA": "Semana", "TRAMO_HORA": "20 A 22 HRS", "MES": "enero", "ZONA_1": "CENTRORIENTE", "AÑO": 2025 }, "geometry": { "type": "Point", "coordinates": [ -70.65322, -33.450965 ] } },
{ "type": "Feature", "properties": { "BARRIO": "PARQUE ALMAGRO", "DIA_SEMANA": "Viernes", "TIPO_DIA": "Semana", "TRAMO_HORA": "20 A 22 HRS", "MES": "enero", "ZONA_1": "CENTRORIENTE", "AÑO": 2025 }, "geometry": { "type": "Point", "coordinates": [ -70.652748, -33.44893 ] } },
{ "type": "Feature", "properties": { "BARRIO": "SAN BORJA", "DIA_SEMANA": "Viernes", "TIPO_DIA": "Semana", "TRAMO_HORA": "20 A 22 HRS", "MES": "enero", "ZONA_1": "NORORIENTE", "AÑO": 2025 }, "geometry": { "type": "Point", "coordinates": [ -70.644371, -33.443579 ] } },
{ "type": "Feature", "properties": { "BARRIO": "SAN BORJA", "DIA_SEMANA": "Viernes", "TIPO_DIA": "Semana", "TRAMO_HORA": "20 A 22 HRS", "MES": "enero", "ZONA_1": "NORORIENTE", "AÑO": 2025 }, "geometry": { "type": "Point", "coordinates": [ -70.644644, -33.443557 ] } },
{ "type": "Feature", "properties": { "BARRIO": "SANTA ELENA", "DIA_SEMANA": "Viernes", "TIPO_DIA": "Semana", "TRAMO_HORA": "20 A 22 HRS", "MES": "enero", "ZONA_1": "SURORIENTE", "AÑO": 2025 }, "geometry": { "type": "Point", "coordinates": [ -70.629965, -33.456332 ] } },
{ "type": "Feature", "properties": { "BARRIO": "SANTA ELENA", "DIA_SEMANA": "Viernes", "TIPO_DIA": "Semana", "TRAMO_HORA": "20 A 22 HRS", "MES": "enero", "ZONA_1": "SURORIENTE", "AÑO": 2025 }, "geometry": { "type": "Point", "coordinates": [ -70.626596, -33.467311 ] } },
{ "type": "Feature", "properties": { "BARRIO": "SANTA ISABEL", "DIA_SEMANA": "Viernes", "TIPO_DIA": "Semana", "TRAMO_HORA": "20 A 22 HRS", "MES": "enero", "ZONA_1": "CENTRORIENTE", "AÑO": 2025 }, "geometry": { "type": "Point", "coordinates": [ -70.642961, -33.45032 ] } },
{ "type": "Feature", "properties": { "BARRIO": "SANTA ISABEL", "DIA_SEMANA": "Viernes", "TIPO_DIA": "Semana", "TRAMO_HORA": "20 A 22 HRS", "MES": "enero", "ZONA_1": "CENTRORIENTE", "AÑO": 2025 }, "geometry": { "type": "Point", "coordinates": [ -70.640465, -33.450689 ] } },
{ "type": "Feature", "properties": { "BARRIO": "SANTA ISABEL", "DIA_SEMANA": "Viernes", "TIPO_DIA": "Semana", "TRAMO_HORA": "22 A 00 HRS", "MES": "enero", "ZONA_1": "CENTRORIENTE", "AÑO": 2025 }, "geometry": { "type": "Point", "coordinates": [ -70.640257, -33.450613 ] } },
{ "type": "Feature", "properties": { "BARRIO": "DIEZ DE JULIO", "DIA_SEMANA": "Viernes", "TIPO_DIA": "Semana", "TRAMO_HORA": "22 A 00 HRS", "MES": "enero", "ZONA_1": "CENTRORIENTE", "AÑO": 2025 }, "geometry": { "type": "Point", "coordinates": [ -70.631752, -33.453502 ] } },
{ "type": "Feature", "properties": { "BARRIO": "SANTA ISABEL", "DIA_SEMANA": "Viernes", "TIPO_DIA": "Semana", "TRAMO_HORA": "22 A 00 HRS", "MES": "enero", "ZONA_1": "CENTRORIENTE", "AÑO": 2025 }, "geometry": { "type": "Point", "coordinates": [ -70.634693, -33.448199 ] } },
{ "type": "Feature", "properties": { "BARRIO": "MATTA SUR", "DIA_SEMANA": "Viernes", "TIPO_DIA": "Semana", "TRAMO_HORA": "22 A 00 HRS", "MES": "enero", "ZONA_1": "SURORIENTE", "AÑO": 2025 }, "geometry": { "type": "Point", "coordinates": [ -70.648924, -33.462794 ] } },
{ "type": "Feature", "properties": { "BARRIO": "HUEMUL", "DIA_SEMANA": "Sabado", "TIPO_DIA": "Semana", "TRAMO_HORA": "10 A 12 HRS", "MES": "enero", "ZONA_1": "SURORIENTE", "AÑO": 2025 }, "geometry": { "type": "Point", "coordinates": [ -70.649801, -33.469929 ] } },
{ "type": "Feature", "properties": { "BARRIO": "CASCO HISTORICO", "DIA_SEMANA": "Sabado", "TIPO_DIA": "Semana", "TRAMO_HORA": "12 A 14 HRS", "MES": "enero", "ZONA_1": "NORORIENTE", "AÑO": 2025 }, "geometry": { "type": "Point", "coordinates": [ -70.654203, -33.436503 ] } },
{ "type": "Feature", "properties": { "BARRIO": "SANTA ISABEL", "DIA_SEMANA": "Sabado", "TIPO_DIA": "Semana", "TRAMO_HORA": "14 A 16 HRS", "MES": "enero", "ZONA_1": "CENTRORIENTE", "AÑO": 2025 }, "geometry": { "type": "Point", "coordinates": [ -70.635213, -33.448135 ] } },
{ "type": "Feature", "properties": { "BARRIO": "PARQUE ALMAGRO", "DIA_SEMANA": "Sabado", "TIPO_DIA": "Semana", "TRAMO_HORA": "18 A 20 HRS", "MES": "enero", "ZONA_1": "CENTRORIENTE", "AÑO": 2025 }, "geometry": { "type": "Point", "coordinates": [ -70.646989, -33.448595 ] } },
{ "type": "Feature", "properties": { "BARRIO": "SANTA ELENA", "DIA_SEMANA": "Sabado", "TIPO_DIA": "Semana", "TRAMO_HORA": "18 A 20 HRS", "MES": "enero", "ZONA_1": "SURORIENTE", "AÑO": 2025 }, "geometry": { "type": "Point", "coordinates": [ -70.62675, -33.467318 ] } },
{ "type": "Feature", "properties": { "BARRIO": "PARQUE ALMAGRO", "DIA_SEMANA": "Sabado", "TIPO_DIA": "Semana", "TRAMO_HORA": "20 A 22 HRS", "MES": "enero", "ZONA_1": "CENTRORIENTE", "AÑO": 2025 }, "geometry": { "type": "Point", "coordinates": [ -70.649017, -33.44914 ] } },
{ "type": "Feature", "properties": { "BARRIO": "PARQUE ALMAGRO", "DIA_SEMANA": "Sabado", "TIPO_DIA": "Semana", "TRAMO_HORA": "20 A 22 HRS", "MES": "enero", "ZONA_1": "CENTRORIENTE", "AÑO": 2025 }, "geometry": { "type": "Point", "coordinates": [ -70.649026, -33.449135 ] } },
{ "type": "Feature", "properties": { "BARRIO": "MEIGGS", "DIA_SEMANA": "Sabado", "TIPO_DIA": "Semana", "TRAMO_HORA": "20 A 22 HRS", "MES": "enero", "ZONA_1": "SURPONIENTE", "AÑO": 2025 }, "geometry": { "type": "Point", "coordinates": [ -70.673242, -33.454536 ] } },
{ "type": "Feature", "properties": { "BARRIO": "PARQUE ALMAGRO", "DIA_SEMANA": "Sabado", "TIPO_DIA": "Semana", "TRAMO_HORA": "20 A 22 HRS", "MES": "enero", "ZONA_1": "CENTRORIENTE", "AÑO": 2025 }, "geometry": { "type": "Point", "coordinates": [ -70.652811, -33.446725 ] } },
{ "type": "Feature", "properties": { "BARRIO": "SANTA ISABEL", "DIA_SEMANA": "Sabado", "TIPO_DIA": "Semana", "TRAMO_HORA": "20 A 22 HRS", "MES": "enero", "ZONA_1": "CENTRORIENTE", "AÑO": 2025 }, "geometry": { "type": "Point", "coordinates": [ -70.642967, -33.45049 ] } },
{ "type": "Feature", "properties": { "BARRIO": "EJERCITO", "DIA_SEMANA": "Sabado", "TIPO_DIA": "Semana", "TRAMO_HORA": "20 A 22 HRS", "MES": "enero", "ZONA_1": "SURPONIENTE", "AÑO": 2025 }, "geometry": { "type": "Point", "coordinates": [ -70.664478, -33.451493 ] } },
{ "type": "Feature", "properties": { "BARRIO": "PARQUE ALMAGRO", "DIA_SEMANA": "Sabado", "TIPO_DIA": "Semana", "TRAMO_HORA": "22 A 00 HRS", "MES": "enero", "ZONA_1": "CENTRORIENTE", "AÑO": 2025 }, "geometry": { "type": "Point", "coordinates": [ -70.652228, -33.450405 ] } },
{ "type": "Feature", "properties": { "BARRIO": "PARQUE ALMAGRO", "DIA_SEMANA": "Sabado", "TIPO_DIA": "Semana", "TRAMO_HORA": "22 A 00 HRS", "MES": "enero", "ZONA_1": "CENTRORIENTE", "AÑO": 2025 }, "geometry": { "type": "Point", "coordinates": [ -70.652385, -33.450325 ] } },
{ "type": "Feature", "properties": { "BARRIO": "PARQUE ALMAGRO", "DIA_SEMANA": "Sabado", "TIPO_DIA": "Semana", "TRAMO_HORA": "22 A 00 HRS", "MES": "enero", "ZONA_1": "CENTRORIENTE", "AÑO": 2025 }, "geometry": { "type": "Point", "coordinates": [ -70.652486, -33.450083 ] } },
{ "type": "Feature", "properties": { "BARRIO": "PARQUE ALMAGRO", "DIA_SEMANA": "Sabado", "TIPO_DIA": "Semana", "TRAMO_HORA": "22 A 00 HRS", "MES": "enero", "ZONA_1": "CENTRORIENTE", "AÑO": 2025 }, "geometry": { "type": "Point", "coordinates": [ -70.652672, -33.449732 ] } },
{ "type": "Feature", "properties": { "BARRIO": "PARQUE ALMAGRO", "DIA_SEMANA": "Sabado", "TIPO_DIA": "Semana", "TRAMO_HORA": "22 A 00 HRS", "MES": "enero", "ZONA_1": "CENTRORIENTE", "AÑO": 2025 }, "geometry": { "type": "Point", "coordinates": [ -70.652684, -33.44967 ] } },
{ "type": "Feature", "properties": { "BARRIO": "VIEL", "DIA_SEMANA": "Sabado", "TIPO_DIA": "Semana", "TRAMO_HORA": "22 A 00 HRS", "MES": "enero", "ZONA_1": "SURORIENTE", "AÑO": 2025 }, "geometry": { "type": "Point", "coordinates": [ -70.649826, -33.466291 ] } },
{ "type": "Feature", "properties": { "BARRIO": "PARQUE ALMAGRO", "DIA_SEMANA": "Domingo", "TIPO_DIA": "Semana", "TRAMO_HORA": "00 A 02 HRS", "MES": "enero", "ZONA_1": "CENTRORIENTE", "AÑO": 2025 }, "geometry": { "type": "Point", "coordinates": [ -70.647154, -33.446906 ] } },
{ "type": "Feature", "properties": { "BARRIO": "DIEZ DE JULIO", "DIA_SEMANA": "Domingo", "TIPO_DIA": "Semana", "TRAMO_HORA": "00 A 02 HRS", "MES": "enero", "ZONA_1": "CENTRORIENTE", "AÑO": 2025 }, "geometry": { "type": "Point", "coordinates": [ -70.631867, -33.45323 ] } },
{ "type": "Feature", "properties": { "BARRIO": "PARQUE ALMAGRO", "DIA_SEMANA": "Domingo", "TIPO_DIA": "Semana", "TRAMO_HORA": "00 A 02 HRS", "MES": "enero", "ZONA_1": "CENTRORIENTE", "AÑO": 2025 }, "geometry": { "type": "Point", "coordinates": [ -70.649262, -33.4498 ] } },
{ "type": "Feature", "properties": { "BARRIO": "PARQUE ALMAGRO", "DIA_SEMANA": "Domingo", "TIPO_DIA": "Semana", "TRAMO_HORA": "00 A 02 HRS", "MES": "enero", "ZONA_1": "CENTRORIENTE", "AÑO": 2025 }, "geometry": { "type": "Point", "coordinates": [ -70.649279, -33.449019 ] } },
{ "type": "Feature", "properties": { "BARRIO": "VIEL", "DIA_SEMANA": "Domingo", "TIPO_DIA": "Semana", "TRAMO_HORA": "06 A 08 HRS", "MES": "enero", "ZONA_1": "SURORIENTE", "AÑO": 2025 }, "geometry": { "type": "Point", "coordinates": [ -70.649281, -33.468608 ] } },
{ "type": "Feature", "properties": { "BARRIO": "VIEL", "DIA_SEMANA": "Domingo", "TIPO_DIA": "Semana", "TRAMO_HORA": "08 A 10 HRS", "MES": "enero", "ZONA_1": "SURORIENTE", "AÑO": 2025 }, "geometry": { "type": "Point", "coordinates": [ -70.655389, -33.463038 ] } },
{ "type": "Feature", "properties": { "BARRIO": "DIEZ DE JULIO", "DIA_SEMANA": "Domingo", "TIPO_DIA": "Semana", "TRAMO_HORA": "12 A 14 HRS", "MES": "enero", "ZONA_1": "CENTRORIENTE", "AÑO": 2025 }, "geometry": { "type": "Point", "coordinates": [ -70.642976, -33.453472 ] } },
{ "type": "Feature", "properties": { "BARRIO": "SAN BORJA", "DIA_SEMANA": "Domingo", "TIPO_DIA": "Semana", "TRAMO_HORA": "14 A 16 HRS", "MES": "enero", "ZONA_1": "NORORIENTE", "AÑO": 2025 }, "geometry": { "type": "Point", "coordinates": [ -70.639513, -33.439569 ] } },
{ "type": "Feature", "properties": { "BARRIO": "EJERCITO", "DIA_SEMANA": "Domingo", "TIPO_DIA": "Semana", "TRAMO_HORA": "18 A 20 HRS", "MES": "enero", "ZONA_1": "SURPONIENTE", "AÑO": 2025 }, "geometry": { "type": "Point", "coordinates": [ -70.664504, -33.4518 ] } },
{ "type": "Feature", "properties": { "BARRIO": "EJERCITO", "DIA_SEMANA": "Domingo", "TIPO_DIA": "Semana", "TRAMO_HORA": "18 A 20 HRS", "MES": "enero", "ZONA_1": "SURPONIENTE", "AÑO": 2025 }, "geometry": { "type": "Point", "coordinates": [ -70.664504, -33.4518 ] } },
{ "type": "Feature", "properties": { "BARRIO": "SANTA LUCIA FORESTAL", "DIA_SEMANA": "Domingo", "TIPO_DIA": "Semana", "TRAMO_HORA": "18 A 20 HRS", "MES": "enero", "ZONA_1": "NORORIENTE", "AÑO": 2025 }, "geometry": { "type": "Point", "coordinates": [ -70.646356, -33.437666 ] } },
{ "type": "Feature", "properties": { "BARRIO": "SANTA LUCIA FORESTAL", "DIA_SEMANA": "Domingo", "TIPO_DIA": "Semana", "TRAMO_HORA": "18 A 20 HRS", "MES": "enero", "ZONA_1": "NORORIENTE", "AÑO": 2025 }, "geometry": { "type": "Point", "coordinates": [ -70.646356, -33.437666 ] } },
{ "type": "Feature", "properties": { "BARRIO": "YUNGAY", "DIA_SEMANA": "Domingo", "TIPO_DIA": "Semana", "TRAMO_HORA": "18 A 20 HRS", "MES": "enero", "ZONA_1": "NORPONIENTE", "AÑO": 2025 }, "geometry": { "type": "Point", "coordinates": [ -70.669074, -33.434921 ] } },
{ "type": "Feature", "properties": { "BARRIO": "YUNGAY", "DIA_SEMANA": "Domingo", "TIPO_DIA": "Semana", "TRAMO_HORA": "18 A 20 HRS", "MES": "enero", "ZONA_1": "NORPONIENTE", "AÑO": 2025 }, "geometry": { "type": "Point", "coordinates": [ -70.669074, -33.434921 ] } },
{ "type": "Feature", "properties": { "BARRIO": "YUNGAY", "DIA_SEMANA": "Domingo", "TIPO_DIA": "Semana", "TRAMO_HORA": "18 A 20 HRS", "MES": "enero", "ZONA_1": "NORPONIENTE", "AÑO": 2025 }, "geometry": { "type": "Point", "coordinates": [ -70.670517, -33.435198 ] } },
{ "type": "Feature", "properties": { "BARRIO": "YUNGAY", "DIA_SEMANA": "Domingo", "TIPO_DIA": "Semana", "TRAMO_HORA": "18 A 20 HRS", "MES": "enero", "ZONA_1": "NORPONIENTE", "AÑO": 2025 }, "geometry": { "type": "Point", "coordinates": [ -70.670517, -33.435198 ] } },
{ "type": "Feature", "properties": { "BARRIO": "SANTA LUCIA FORESTAL", "DIA_SEMANA": "Domingo", "TIPO_DIA": "Semana", "TRAMO_HORA": "20 A 22 HRS", "MES": "enero", "ZONA_1": "NORORIENTE", "AÑO": 2025 }, "geometry": { "type": "Point", "coordinates": [ -70.642394, -33.437435 ] } },
{ "type": "Feature", "properties": { "BARRIO": "SANTA LUCIA FORESTAL", "DIA_SEMANA": "Domingo", "TIPO_DIA": "Semana", "TRAMO_HORA": "20 A 22 HRS", "MES": "enero", "ZONA_1": "NORORIENTE", "AÑO": 2025 }, "geometry": { "type": "Point", "coordinates": [ -70.642394, -33.437435 ] } },
{ "type": "Feature", "properties": { "BARRIO": "PARQUE ALMAGRO", "DIA_SEMANA": "Domingo", "TIPO_DIA": "Semana", "TRAMO_HORA": "20 A 22 HRS", "MES": "enero", "ZONA_1": "CENTRORIENTE", "AÑO": 2025 }, "geometry": { "type": "Point", "coordinates": [ -70.646957, -33.448457 ] } },
{ "type": "Feature", "properties": { "BARRIO": "PARQUE ALMAGRO", "DIA_SEMANA": "Domingo", "TIPO_DIA": "Semana", "TRAMO_HORA": "20 A 22 HRS", "MES": "enero", "ZONA_1": "CENTRORIENTE", "AÑO": 2025 }, "geometry": { "type": "Point", "coordinates": [ -70.646957, -33.448457 ] } },
{ "type": "Feature", "properties": { "BARRIO": "EJERCITO", "DIA_SEMANA": "Domingo", "TIPO_DIA": "Semana", "TRAMO_HORA": "20 A 22 HRS", "MES": "enero", "ZONA_1": "SURPONIENTE", "AÑO": 2025 }, "geometry": { "type": "Point", "coordinates": [ -70.664426, -33.451576 ] } },
{ "type": "Feature", "properties": { "BARRIO": "EJERCITO", "DIA_SEMANA": "Domingo", "TIPO_DIA": "Semana", "TRAMO_HORA": "20 A 22 HRS", "MES": "enero", "ZONA_1": "SURPONIENTE", "AÑO": 2025 }, "geometry": { "type": "Point", "coordinates": [ -70.664426, -33.451576 ] } },
{ "type": "Feature", "properties": { "BARRIO": "SANTA LUCIA FORESTAL", "DIA_SEMANA": "Domingo", "TIPO_DIA": "Semana", "TRAMO_HORA": "20 A 22 HRS", "MES": "enero", "ZONA_1": "NORORIENTE", "AÑO": 2025 }, "geometry": { "type": "Point", "coordinates": [ -70.641203, -33.437311 ] } },
{ "type": "Feature", "properties": { "BARRIO": "PARQUE ALMAGRO", "DIA_SEMANA": "Domingo", "TIPO_DIA": "Semana", "TRAMO_HORA": "20 A 22 HRS", "MES": "enero", "ZONA_1": "CENTRORIENTE", "AÑO": 2025 }, "geometry": { "type": "Point", "coordinates": [ -70.652969, -33.448038 ] } },
{ "type": "Feature", "properties": { "BARRIO": "PARQUE ALMAGRO", "DIA_SEMANA": "Domingo", "TIPO_DIA": "Semana", "TRAMO_HORA": "20 A 22 HRS", "MES": "enero", "ZONA_1": "CENTRORIENTE", "AÑO": 2025 }, "geometry": { "type": "Point", "coordinates": [ -70.652205, -33.448097 ] } },
{ "type": "Feature", "properties": { "BARRIO": "SANTA ISABEL", "DIA_SEMANA": "Domingo", "TIPO_DIA": "Semana", "TRAMO_HORA": "20 A 22 HRS", "MES": "enero", "ZONA_1": "CENTRORIENTE", "AÑO": 2025 }, "geometry": { "type": "Point", "coordinates": [ -70.642907, -33.450409 ] } },
{ "type": "Feature", "properties": { "BARRIO": "PARQUE ALMAGRO", "DIA_SEMANA": "Domingo", "TIPO_DIA": "Semana", "TRAMO_HORA": "20 A 22 HRS", "MES": "enero", "ZONA_1": "CENTRORIENTE", "AÑO": 2025 }, "geometry": { "type": "Point", "coordinates": [ -70.652915, -33.448773 ] } },
{ "type": "Feature", "properties": { "BARRIO": "PARQUE ALMAGRO", "DIA_SEMANA": "Domingo", "TIPO_DIA": "Semana", "TRAMO_HORA": "22 A 00 HRS", "MES": "enero", "ZONA_1": "CENTRORIENTE", "AÑO": 2025 }, "geometry": { "type": "Point", "coordinates": [ -70.654435, -33.450261 ] } },
{ "type": "Feature", "properties": { "BARRIO": "SANTA ISABEL", "DIA_SEMANA": "Domingo", "TIPO_DIA": "Semana", "TRAMO_HORA": "22 A 00 HRS", "MES": "enero", "ZONA_1": "CENTRORIENTE", "AÑO": 2025 }, "geometry": { "type": "Point", "coordinates": [ -70.64035, -33.450652 ] } },
{ "type": "Feature", "properties": { "BARRIO": "SAN BORJA", "DIA_SEMANA": "Domingo", "TIPO_DIA": "Semana", "TRAMO_HORA": "22 A 00 HRS", "MES": "enero", "ZONA_1": "NORORIENTE", "AÑO": 2025 }, "geometry": { "type": "Point", "coordinates": [ -70.644642, -33.44372 ] } },
{ "type": "Feature", "properties": { "BARRIO": "SANTA ELENA", "DIA_SEMANA": "Lunes", "TIPO_DIA": "Semana", "TRAMO_HORA": "02 A 04 HRS", "MES": "enero", "ZONA_1": "SURORIENTE", "AÑO": 2025 }, "geometry": { "type": "Point", "coordinates": [ -70.630494, -33.46425 ] } },
{ "type": "Feature", "properties": { "BARRIO": "SANTA ELENA", "DIA_SEMANA": "Lunes", "TIPO_DIA": "Semana", "TRAMO_HORA": "02 A 04 HRS", "MES": "enero", "ZONA_1": "SURORIENTE", "AÑO": 2025 }, "geometry": { "type": "Point", "coordinates": [ -70.630514, -33.46423 ] } },
{ "type": "Feature", "properties": { "BARRIO": "SANTA ELENA", "DIA_SEMANA": "Lunes", "TIPO_DIA": "Semana", "TRAMO_HORA": "02 A 04 HRS", "MES": "enero", "ZONA_1": "SURORIENTE", "AÑO": 2025 }, "geometry": { "type": "Point", "coordinates": [ -70.630425, -33.464572 ] } },
{ "type": "Feature", "properties": { "BARRIO": "EJERCITO", "DIA_SEMANA": "Lunes", "TIPO_DIA": "Semana", "TRAMO_HORA": "06 A 08 HRS", "MES": "enero", "ZONA_1": "SURPONIENTE", "AÑO": 2025 }, "geometry": { "type": "Point", "coordinates": [ -70.661532, -33.446862 ] } },
{ "type": "Feature", "properties": { "BARRIO": "DIEZ DE JULIO", "DIA_SEMANA": "Lunes", "TIPO_DIA": "Semana", "TRAMO_HORA": "06 A 08 HRS", "MES": "enero", "ZONA_1": "CENTRORIENTE", "AÑO": 2025 }, "geometry": { "type": "Point", "coordinates": [ -70.638712, -33.453598 ] } },
{ "type": "Feature", "properties": { "BARRIO": "CASCO HISTORICO", "DIA_SEMANA": "Lunes", "TIPO_DIA": "Semana", "TRAMO_HORA": "10 A 12 HRS", "MES": "enero", "ZONA_1": "NORORIENTE", "AÑO": 2025 }, "geometry": { "type": "Point", "coordinates": [ -70.649261, -33.441574 ] } },
{ "type": "Feature", "properties": { "BARRIO": "SANTA ANA", "DIA_SEMANA": "Lunes", "TIPO_DIA": "Semana", "TRAMO_HORA": "12 A 14 HRS", "MES": "enero", "ZONA_1": "NORORIENTE", "AÑO": 2025 }, "geometry": { "type": "Point", "coordinates": [ -70.657785, -33.440278 ] } },
{ "type": "Feature", "properties": { "BARRIO": "MATTA NORTE", "DIA_SEMANA": "Lunes", "TIPO_DIA": "Semana", "TRAMO_HORA": "14 A 16 HRS", "MES": "enero", "ZONA_1": "CENTRORIENTE", "AÑO": 2025 }, "geometry": { "type": "Point", "coordinates": [ -70.650253, -33.452237 ] } },
{ "type": "Feature", "properties": { "BARRIO": "MATTA NORTE", "DIA_SEMANA": "Lunes", "TIPO_DIA": "Semana", "TRAMO_HORA": "14 A 16 HRS", "MES": "enero", "ZONA_1": "CENTRORIENTE", "AÑO": 2025 }, "geometry": { "type": "Point", "coordinates": [ -70.646276, -33.452111 ] } },
{ "type": "Feature", "properties": { "BARRIO": "SANTA LUCIA FORESTAL", "DIA_SEMANA": "Lunes", "TIPO_DIA": "Semana", "TRAMO_HORA": "18 A 20 HRS", "MES": "enero", "ZONA_1": "NORORIENTE", "AÑO": 2025 }, "geometry": { "type": "Point", "coordinates": [ -70.645218, -33.442324 ] } },
{ "type": "Feature", "properties": { "BARRIO": "PARQUE ALMAGRO", "DIA_SEMANA": "Lunes", "TIPO_DIA": "Semana", "TRAMO_HORA": "18 A 20 HRS", "MES": "enero", "ZONA_1": "CENTRORIENTE", "AÑO": 2025 }, "geometry": { "type": "Point", "coordinates": [ -70.647, -33.448561 ] } },
{ "type": "Feature", "properties": { "BARRIO": "PARQUE ALMAGRO", "DIA_SEMANA": "Lunes", "TIPO_DIA": "Semana", "TRAMO_HORA": "20 A 22 HRS", "MES": "enero", "ZONA_1": "CENTRORIENTE", "AÑO": 2025 }, "geometry": { "type": "Point", "coordinates": [ -70.651299, -33.447952 ] } },
{ "type": "Feature", "properties": { "BARRIO": "SANTA ANA", "DIA_SEMANA": "Lunes", "TIPO_DIA": "Semana", "TRAMO_HORA": "20 A 22 HRS", "MES": "enero", "ZONA_1": "NORORIENTE", "AÑO": 2025 }, "geometry": { "type": "Point", "coordinates": [ -70.657614, -33.434616 ] } },
{ "type": "Feature", "properties": { "BARRIO": "UNIVERSITARIO", "DIA_SEMANA": "Lunes", "TIPO_DIA": "Semana", "TRAMO_HORA": "20 A 22 HRS", "MES": "enero", "ZONA_1": "SURPONIENTE", "AÑO": 2025 }, "geometry": { "type": "Point", "coordinates": [ -70.6667, -33.45 ] } },
{ "type": "Feature", "properties": { "BARRIO": "SANTA LUCIA FORESTAL", "DIA_SEMANA": "Lunes", "TIPO_DIA": "Semana", "TRAMO_HORA": "20 A 22 HRS", "MES": "enero", "ZONA_1": "NORORIENTE", "AÑO": 2025 }, "geometry": { "type": "Point", "coordinates": [ -70.641252, -33.437197 ] } },
{ "type": "Feature", "properties": { "BARRIO": "PARQUE ALMAGRO", "DIA_SEMANA": "Lunes", "TIPO_DIA": "Semana", "TRAMO_HORA": "22 A 00 HRS", "MES": "enero", "ZONA_1": "CENTRORIENTE", "AÑO": 2025 }, "geometry": { "type": "Point", "coordinates": [ -70.647007, -33.448624 ] } },
{ "type": "Feature", "properties": { "BARRIO": "SANTA ELENA", "DIA_SEMANA": "Lunes", "TIPO_DIA": "Semana", "TRAMO_HORA": "22 A 00 HRS", "MES": "enero", "ZONA_1": "SURORIENTE", "AÑO": 2025 }, "geometry": { "type": "Point", "coordinates": [ -70.629895, -33.456118 ] } },
{ "type": "Feature", "properties": { "BARRIO": "SAN BORJA", "DIA_SEMANA": "Lunes", "TIPO_DIA": "Semana", "TRAMO_HORA": "22 A 00 HRS", "MES": "enero", "ZONA_1": "NORORIENTE", "AÑO": 2025 }, "geometry": { "type": "Point", "coordinates": [ -70.644652, -33.443008 ] } },
{ "type": "Feature", "properties": { "BARRIO": "SANTA ISABEL", "DIA_SEMANA": "Lunes", "TIPO_DIA": "Semana", "TRAMO_HORA": "22 A 00 HRS", "MES": "enero", "ZONA_1": "CENTRORIENTE", "AÑO": 2025 }, "geometry": { "type": "Point", "coordinates": [ -70.634693, -33.448174 ] } },
{ "type": "Feature", "properties": { "BARRIO": "BALMACEDA", "DIA_SEMANA": "Lunes", "TIPO_DIA": "Semana", "TRAMO_HORA": "22 A 00 HRS", "MES": "enero", "ZONA_1": "NORPONIENTE", "AÑO": 2025 }, "geometry": { "type": "Point", "coordinates": [ -70.672916, -33.429718 ] } },
{ "type": "Feature", "properties": { "BARRIO": "JUDICIAL", "DIA_SEMANA": "Martes", "TIPO_DIA": "Semana", "TRAMO_HORA": "06 A 08 HRS", "MES": "enero", "ZONA_1": "SURPONIENTE", "AÑO": 2025 }, "geometry": { "type": "Point", "coordinates": [ -70.655702, -33.476322 ] } },
{ "type": "Feature", "properties": { "BARRIO": "SANTA ISABEL", "DIA_SEMANA": "Martes", "TIPO_DIA": "Semana", "TRAMO_HORA": "12 A 14 HRS", "MES": "enero", "ZONA_1": "CENTRORIENTE", "AÑO": 2025 }, "geometry": { "type": "Point", "coordinates": [ -70.633914, -33.447794 ] } },
{ "type": "Feature", "properties": { "BARRIO": "CASCO HISTORICO", "DIA_SEMANA": "Martes", "TIPO_DIA": "Semana", "TRAMO_HORA": "14 A 16 HRS", "MES": "enero", "ZONA_1": "NORORIENTE", "AÑO": 2025 }, "geometry": { "type": "Point", "coordinates": [ -70.650297, -33.434285 ] } },
{ "type": "Feature", "properties": { "BARRIO": "SANTA LUCIA FORESTAL", "DIA_SEMANA": "Martes", "TIPO_DIA": "Semana", "TRAMO_HORA": "16 A 18 HRS", "MES": "enero", "ZONA_1": "NORORIENTE", "AÑO": 2025 }, "geometry": { "type": "Point", "coordinates": [ -70.643876, -33.436527 ] } },
{ "type": "Feature", "properties": { "BARRIO": "DIEZ DE JULIO", "DIA_SEMANA": "Martes", "TIPO_DIA": "Semana", "TRAMO_HORA": "18 A 20 HRS", "MES": "enero", "ZONA_1": "CENTRORIENTE", "AÑO": 2025 }, "geometry": { "type": "Point", "coordinates": [ -70.643157, -33.458171 ] } },
{ "type": "Feature", "properties": { "BARRIO": "PARQUE ALMAGRO", "DIA_SEMANA": "Martes", "TIPO_DIA": "Semana", "TRAMO_HORA": "18 A 20 HRS", "MES": "enero", "ZONA_1": "CENTRORIENTE", "AÑO": 2025 }, "geometry": { "type": "Point", "coordinates": [ -70.646994, -33.448527 ] } },
{ "type": "Feature", "properties": { "BARRIO": "PARQUE ALMAGRO", "DIA_SEMANA": "Martes", "TIPO_DIA": "Semana", "TRAMO_HORA": "18 A 20 HRS", "MES": "enero", "ZONA_1": "CENTRORIENTE", "AÑO": 2025 }, "geometry": { "type": "Point", "coordinates": [ -70.649306, -33.448902 ] } },
{ "type": "Feature", "properties": { "BARRIO": "SANTA ELENA", "DIA_SEMANA": "Martes", "TIPO_DIA": "Semana", "TRAMO_HORA": "20 A 22 HRS", "MES": "enero", "ZONA_1": "SURORIENTE", "AÑO": 2025 }, "geometry": { "type": "Point", "coordinates": [ -70.626601, -33.467281 ] } },
{ "type": "Feature", "properties": { "BARRIO": "PARQUE ALMAGRO", "DIA_SEMANA": "Martes", "TIPO_DIA": "Semana", "TRAMO_HORA": "20 A 22 HRS", "MES": "enero", "ZONA_1": "CENTRORIENTE", "AÑO": 2025 }, "geometry": { "type": "Point", "coordinates": [ -70.650506, -33.450105 ] } },
{ "type": "Feature", "properties": { "BARRIO": "DIEZ DE JULIO", "DIA_SEMANA": "Martes", "TIPO_DIA": "Semana", "TRAMO_HORA": "20 A 22 HRS", "MES": "enero", "ZONA_1": "CENTRORIENTE", "AÑO": 2025 }, "geometry": { "type": "Point", "coordinates": [ -70.630776, -33.453162 ] } },
{ "type": "Feature", "properties": { "BARRIO": "SANTA ANA", "DIA_SEMANA": "Martes", "TIPO_DIA": "Semana", "TRAMO_HORA": "20 A 22 HRS", "MES": "enero", "ZONA_1": "NORORIENTE", "AÑO": 2025 }, "geometry": { "type": "Point", "coordinates": [ -70.658789, -33.434503 ] } },
{ "type": "Feature", "properties": { "BARRIO": "DIEZ DE JULIO", "DIA_SEMANA": "Martes", "TIPO_DIA": "Semana", "TRAMO_HORA": "20 A 22 HRS", "MES": "enero", "ZONA_1": "CENTRORIENTE", "AÑO": 2025 }, "geometry": { "type": "Point", "coordinates": [ -70.631376, -33.453668 ] } },
{ "type": "Feature", "properties": { "BARRIO": "SANTA ISABEL", "DIA_SEMANA": "Martes", "TIPO_DIA": "Semana", "TRAMO_HORA": "20 A 22 HRS", "MES": "enero", "ZONA_1": "CENTRORIENTE", "AÑO": 2025 }, "geometry": { "type": "Point", "coordinates": [ -70.642755, -33.450416 ] } },
{ "type": "Feature", "properties": { "BARRIO": "DIEZ DE JULIO", "DIA_SEMANA": "Martes", "TIPO_DIA": "Semana", "TRAMO_HORA": "20 A 22 HRS", "MES": "enero", "ZONA_1": "CENTRORIENTE", "AÑO": 2025 }, "geometry": { "type": "Point", "coordinates": [ -70.634261, -33.452763 ] } },
{ "type": "Feature", "properties": { "BARRIO": "SANTA ISABEL", "DIA_SEMANA": "Martes", "TIPO_DIA": "Semana", "TRAMO_HORA": "20 A 22 HRS", "MES": "enero", "ZONA_1": "CENTRORIENTE", "AÑO": 2025 }, "geometry": { "type": "Point", "coordinates": [ -70.640294, -33.450616 ] } },
{ "type": "Feature", "properties": { "BARRIO": "DIEZ DE JULIO", "DIA_SEMANA": "Martes", "TIPO_DIA": "Semana", "TRAMO_HORA": "20 A 22 HRS", "MES": "enero", "ZONA_1": "CENTRORIENTE", "AÑO": 2025 }, "geometry": { "type": "Point", "coordinates": [ -70.634257, -33.452749 ] } },
{ "type": "Feature", "properties": { "BARRIO": "SANTA LUCIA FORESTAL", "DIA_SEMANA": "Martes", "TIPO_DIA": "Semana", "TRAMO_HORA": "22 A 00 HRS", "MES": "enero", "ZONA_1": "NORORIENTE", "AÑO": 2025 }, "geometry": { "type": "Point", "coordinates": [ -70.640954, -33.437457 ] } },
{ "type": "Feature", "properties": { "BARRIO": "PARQUE ALMAGRO", "DIA_SEMANA": "Martes", "TIPO_DIA": "Semana", "TRAMO_HORA": "22 A 00 HRS", "MES": "enero", "ZONA_1": "CENTRORIENTE", "AÑO": 2025 }, "geometry": { "type": "Point", "coordinates": [ -70.647004, -33.448544 ] } },
{ "type": "Feature", "properties": { "BARRIO": "PARQUE ALMAGRO", "DIA_SEMANA": "Martes", "TIPO_DIA": "Semana", "TRAMO_HORA": "22 A 00 HRS", "MES": "enero", "ZONA_1": "CENTRORIENTE", "AÑO": 2025 }, "geometry": { "type": "Point", "coordinates": [ -70.64707, -33.448498 ] } },
{ "type": "Feature", "properties": { "BARRIO": "SANTA ELENA", "DIA_SEMANA": "Martes", "TIPO_DIA": "Semana", "TRAMO_HORA": "22 A 00 HRS", "MES": "enero", "ZONA_1": "SURORIENTE", "AÑO": 2025 }, "geometry": { "type": "Point", "coordinates": [ -70.629931, -33.456239 ] } },
{ "type": "Feature", "properties": { "BARRIO": "SANTA LUCIA FORESTAL", "DIA_SEMANA": "Martes", "TIPO_DIA": "Semana", "TRAMO_HORA": "22 A 00 HRS", "MES": "enero", "ZONA_1": "NORORIENTE", "AÑO": 2025 }, "geometry": { "type": "Point", "coordinates": [ -70.641036, -33.437248 ] } },
{ "type": "Feature", "properties": { "BARRIO": "SANTA LUCIA FORESTAL", "DIA_SEMANA": "Martes", "TIPO_DIA": "Semana", "TRAMO_HORA": "22 A 00 HRS", "MES": "enero", "ZONA_1": "NORORIENTE", "AÑO": 2025 }, "geometry": { "type": "Point", "coordinates": [ -70.641044, -33.437473 ] } },
{ "type": "Feature", "properties": { "BARRIO": "SANTA LUCIA FORESTAL", "DIA_SEMANA": "Miercoles", "TIPO_DIA": "Semana", "TRAMO_HORA": "02 A 04 HRS", "MES": "enero", "ZONA_1": "NORORIENTE", "AÑO": 2025 }, "geometry": { "type": "Point", "coordinates": [ -70.641078, -33.438135 ] } },
{ "type": "Feature", "properties": { "BARRIO": "PARQUE ALMAGRO", "DIA_SEMANA": "Miercoles", "TIPO_DIA": "Semana", "TRAMO_HORA": "08 A 10 HRS", "MES": "enero", "ZONA_1": "CENTRORIENTE", "AÑO": 2025 }, "geometry": { "type": "Point", "coordinates": [ -70.649301, -33.445235 ] } },
{ "type": "Feature", "properties": { "BARRIO": "VIEL", "DIA_SEMANA": "Miercoles", "TIPO_DIA": "Semana", "TRAMO_HORA": "08 A 10 HRS", "MES": "enero", "ZONA_1": "SURORIENTE", "AÑO": 2025 }, "geometry": { "type": "Point", "coordinates": [ -70.649812, -33.469909 ] } },
{ "type": "Feature", "properties": { "BARRIO": "VIEL", "DIA_SEMANA": "Miercoles", "TIPO_DIA": "Semana", "TRAMO_HORA": "10 A 12 HRS", "MES": "enero", "ZONA_1": "SURORIENTE", "AÑO": 2025 }, "geometry": { "type": "Point", "coordinates": [ -70.649721, -33.469897 ] } },
{ "type": "Feature", "properties": { "BARRIO": "VIEL", "DIA_SEMANA": "Miercoles", "TIPO_DIA": "Semana", "TRAMO_HORA": "10 A 12 HRS", "MES": "enero", "ZONA_1": "SURORIENTE", "AÑO": 2025 }, "geometry": { "type": "Point", "coordinates": [ -70.649885, -33.469911 ] } },
{ "type": "Feature", "properties": { "BARRIO": "PANAMA", "DIA_SEMANA": "Miercoles", "TIPO_DIA": "Semana", "TRAMO_HORA": "10 A 12 HRS", "MES": "enero", "ZONA_1": "NORPONIENTE", "AÑO": 2025 }, "geometry": { "type": "Point", "coordinates": [ -70.664982, -33.433697 ] } },
{ "type": "Feature", "properties": { "BARRIO": "MEIGGS", "DIA_SEMANA": "Miercoles", "TIPO_DIA": "Semana", "TRAMO_HORA": "12 A 14 HRS", "MES": "enero", "ZONA_1": "SURPONIENTE", "AÑO": 2025 }, "geometry": { "type": "Point", "coordinates": [ -70.674612, -33.454599 ] } },
{ "type": "Feature", "properties": { "BARRIO": "SANTA ISABEL", "DIA_SEMANA": "Miercoles", "TIPO_DIA": "Semana", "TRAMO_HORA": "14 A 16 HRS", "MES": "enero", "ZONA_1": "CENTRORIENTE", "AÑO": 2025 }, "geometry": { "type": "Point", "coordinates": [ -70.634915, -33.448084 ] } },
{ "type": "Feature", "properties": { "BARRIO": "SANTA LUCIA FORESTAL", "DIA_SEMANA": "Miercoles", "TIPO_DIA": "Semana", "TRAMO_HORA": "16 A 18 HRS", "MES": "enero", "ZONA_1": "NORORIENTE", "AÑO": 2025 }, "geometry": { "type": "Point", "coordinates": [ -70.640808, -33.439422 ] } },
{ "type": "Feature", "properties": { "BARRIO": "PARQUE ALMAGRO", "DIA_SEMANA": "Miercoles", "TIPO_DIA": "Semana", "TRAMO_HORA": "18 A 20 HRS", "MES": "enero", "ZONA_1": "CENTRORIENTE", "AÑO": 2025 }, "geometry": { "type": "Point", "coordinates": [ -70.646999, -33.448636 ] } },
{ "type": "Feature", "properties": { "BARRIO": "SANTA LUCIA FORESTAL", "DIA_SEMANA": "Miercoles", "TIPO_DIA": "Semana", "TRAMO_HORA": "18 A 20 HRS", "MES": "enero", "ZONA_1": "NORORIENTE", "AÑO": 2025 }, "geometry": { "type": "Point", "coordinates": [ -70.642252, -33.437295 ] } },
{ "type": "Feature", "properties": { "BARRIO": "DIEZ DE JULIO", "DIA_SEMANA": "Miercoles", "TIPO_DIA": "Semana", "TRAMO_HORA": "20 A 22 HRS", "MES": "enero", "ZONA_1": "CENTRORIENTE", "AÑO": 2025 }, "geometry": { "type": "Point", "coordinates": [ -70.631986, -33.452699 ] } },
{ "type": "Feature", "properties": { "BARRIO": "SANTA LUCIA FORESTAL", "DIA_SEMANA": "Miercoles", "TIPO_DIA": "Semana", "TRAMO_HORA": "20 A 22 HRS", "MES": "enero", "ZONA_1": "NORORIENTE", "AÑO": 2025 }, "geometry": { "type": "Point", "coordinates": [ -70.640756, -33.439448 ] } },
{ "type": "Feature", "properties": { "BARRIO": "DIEZ DE JULIO", "DIA_SEMANA": "Miercoles", "TIPO_DIA": "Semana", "TRAMO_HORA": "20 A 22 HRS", "MES": "enero", "ZONA_1": "CENTRORIENTE", "AÑO": 2025 }, "geometry": { "type": "Point", "coordinates": [ -70.633668, -33.455272 ] } },
{ "type": "Feature", "properties": { "BARRIO": "SANTA ELENA", "DIA_SEMANA": "Miercoles", "TIPO_DIA": "Semana", "TRAMO_HORA": "20 A 22 HRS", "MES": "enero", "ZONA_1": "SURORIENTE", "AÑO": 2025 }, "geometry": { "type": "Point", "coordinates": [ -70.629581, -33.459319 ] } },
{ "type": "Feature", "properties": { "BARRIO": "DIEZ DE JULIO", "DIA_SEMANA": "Miercoles", "TIPO_DIA": "Semana", "TRAMO_HORA": "20 A 22 HRS", "MES": "enero", "ZONA_1": "CENTRORIENTE", "AÑO": 2025 }, "geometry": { "type": "Point", "coordinates": [ -70.634262, -33.452741 ] } },
{ "type": "Feature", "properties": { "BARRIO": "PARQUE ALMAGRO", "DIA_SEMANA": "Miercoles", "TIPO_DIA": "Semana", "TRAMO_HORA": "22 A 00 HRS", "MES": "enero", "ZONA_1": "CENTRORIENTE", "AÑO": 2025 }, "geometry": { "type": "Point", "coordinates": [ -70.646987, -33.448548 ] } },
{ "type": "Feature", "properties": { "BARRIO": "SANTA ELENA", "DIA_SEMANA": "Miercoles", "TIPO_DIA": "Semana", "TRAMO_HORA": "22 A 00 HRS", "MES": "enero", "ZONA_1": "SURORIENTE", "AÑO": 2025 }, "geometry": { "type": "Point", "coordinates": [ -70.629941, -33.456143 ] } },
{ "type": "Feature", "properties": { "BARRIO": "PARQUE ALMAGRO", "DIA_SEMANA": "Miercoles", "TIPO_DIA": "Semana", "TRAMO_HORA": "22 A 00 HRS", "MES": "enero", "ZONA_1": "CENTRORIENTE", "AÑO": 2025 }, "geometry": { "type": "Point", "coordinates": [ -70.653401, -33.449934 ] } },
{ "type": "Feature", "properties": { "BARRIO": "SANTA ISABEL", "DIA_SEMANA": "Miercoles", "TIPO_DIA": "Semana", "TRAMO_HORA": "22 A 00 HRS", "MES": "enero", "ZONA_1": "CENTRORIENTE", "AÑO": 2025 }, "geometry": { "type": "Point", "coordinates": [ -70.642783, -33.449903 ] } },
{ "type": "Feature", "properties": { "BARRIO": "SANTA LUCIA FORESTAL", "DIA_SEMANA": "Jueves", "TIPO_DIA": "Semana", "TRAMO_HORA": "00 A 02 HRS", "MES": "enero", "ZONA_1": "NORORIENTE", "AÑO": 2025 }, "geometry": { "type": "Point", "coordinates": [ -70.641017, -33.437522 ] } },
{ "type": "Feature", "properties": { "BARRIO": "EJERCITO", "DIA_SEMANA": "Jueves", "TIPO_DIA": "Semana", "TRAMO_HORA": "06 A 08 HRS", "MES": "enero", "ZONA_1": "SURPONIENTE", "AÑO": 2025 }, "geometry": { "type": "Point", "coordinates": [ -70.661475, -33.447577 ] } },
{ "type": "Feature", "properties": { "BARRIO": "MEIGGS", "DIA_SEMANA": "Jueves", "TIPO_DIA": "Semana", "TRAMO_HORA": "08 A 10 HRS", "MES": "enero", "ZONA_1": null, "AÑO": 2025 }, "geometry": null },
{ "type": "Feature", "properties": { "BARRIO": "SANTA LUCIA FORESTAL", "DIA_SEMANA": "Jueves", "TIPO_DIA": "Semana", "TRAMO_HORA": "08 A 10 HRS", "MES": "enero", "ZONA_1": "NORORIENTE", "AÑO": 2025 }, "geometry": { "type": "Point", "coordinates": [ -70.65794, -33.436595 ] } },
{ "type": "Feature", "properties": { "BARRIO": "BOGOTA", "DIA_SEMANA": "Jueves", "TIPO_DIA": "Semana", "TRAMO_HORA": "10 A 12 HRS", "MES": "enero", "ZONA_1": "SURORIENTE", "AÑO": 2025 }, "geometry": { "type": "Point", "coordinates": [ -70.634774, -33.462566 ] } },
{ "type": "Feature", "properties": { "BARRIO": "SANTA ISABEL", "DIA_SEMANA": "Jueves", "TIPO_DIA": "Semana", "TRAMO_HORA": "10 A 12 HRS", "MES": "enero", "ZONA_1": "CENTRORIENTE", "AÑO": 2025 }, "geometry": { "type": "Point", "coordinates": [ -70.633005, -33.447556 ] } },
{ "type": "Feature", "properties": { "BARRIO": "SANTA ISABEL", "DIA_SEMANA": "Jueves", "TIPO_DIA": "Semana", "TRAMO_HORA": "10 A 12 HRS", "MES": "enero", "ZONA_1": "CENTRORIENTE", "AÑO": 2025 }, "geometry": { "type": "Point", "coordinates": [ -70.634992, -33.448118 ] } },
{ "type": "Feature", "properties": { "BARRIO": "PARQUE O'HIGGINS", "DIA_SEMANA": "Jueves", "TIPO_DIA": "Semana", "TRAMO_HORA": "12 A 14 HRS", "MES": "enero", "ZONA_1": "SURPONIENTE", "AÑO": 2025 }, "geometry": { "type": "Point", "coordinates": [ -70.656581, -33.470012 ] } },
{ "type": "Feature", "properties": { "BARRIO": "SANTA LUCIA FORESTAL", "DIA_SEMANA": "Jueves", "TIPO_DIA": "Semana", "TRAMO_HORA": "16 A 18 HRS", "MES": "enero", "ZONA_1": "NORORIENTE", "AÑO": 2025 }, "geometry": { "type": "Point", "coordinates": [ -70.640306, -33.439438 ] } },
{ "type": "Feature", "properties": { "BARRIO": "PARQUE ALMAGRO", "DIA_SEMANA": "Jueves", "TIPO_DIA": "Semana", "TRAMO_HORA": "16 A 18 HRS", "MES": "enero", "ZONA_1": "CENTRORIENTE", "AÑO": 2025 }, "geometry": { "type": "Point", "coordinates": [ -70.65259, -33.44943 ] } },
{ "type": "Feature", "properties": { "BARRIO": "PANAMA", "DIA_SEMANA": "Jueves", "TIPO_DIA": "Semana", "TRAMO_HORA": "18 A 20 HRS", "MES": "enero", "ZONA_1": "NORPONIENTE", "AÑO": 2025 }, "geometry": { "type": "Point", "coordinates": [ -70.661115, -33.437174 ] } },
{ "type": "Feature", "properties": { "BARRIO": "SANTA ISABEL", "DIA_SEMANA": "Jueves", "TIPO_DIA": "Semana", "TRAMO_HORA": "18 A 20 HRS", "MES": "enero", "ZONA_1": "CENTRORIENTE", "AÑO": 2025 }, "geometry": { "type": "Point", "coordinates": [ -70.637547, -33.447599 ] } },
{ "type": "Feature", "properties": { "BARRIO": "SANTA LUCIA FORESTAL", "DIA_SEMANA": "Jueves", "TIPO_DIA": "Semana", "TRAMO_HORA": "18 A 20 HRS", "MES": "enero", "ZONA_1": "NORORIENTE", "AÑO": 2025 }, "geometry": { "type": "Point", "coordinates": [ -70.641171, -33.439464 ] } },
{ "type": "Feature", "properties": { "BARRIO": "SANTA ISABEL", "DIA_SEMANA": "Jueves", "TIPO_DIA": "Semana", "TRAMO_HORA": "18 A 20 HRS", "MES": "enero", "ZONA_1": "CENTRORIENTE", "AÑO": 2025 }, "geometry": { "type": "Point", "coordinates": [ -70.632668, -33.447467 ] } },
{ "type": "Feature", "properties": { "BARRIO": "PARQUE ALMAGRO", "DIA_SEMANA": "Jueves", "TIPO_DIA": "Semana", "TRAMO_HORA": "18 A 20 HRS", "MES": "enero", "ZONA_1": "CENTRORIENTE", "AÑO": 2025 }, "geometry": { "type": "Point", "coordinates": [ -70.649271, -33.448919 ] } },
{ "type": "Feature", "properties": { "BARRIO": "PARQUE ALMAGRO", "DIA_SEMANA": "Jueves", "TIPO_DIA": "Semana", "TRAMO_HORA": "18 A 20 HRS", "MES": "enero", "ZONA_1": "CENTRORIENTE", "AÑO": 2025 }, "geometry": { "type": "Point", "coordinates": [ -70.646937, -33.448366 ] } },
{ "type": "Feature", "properties": { "BARRIO": "PARQUE ALMAGRO", "DIA_SEMANA": "Jueves", "TIPO_DIA": "Semana", "TRAMO_HORA": "18 A 20 HRS", "MES": "enero", "ZONA_1": "CENTRORIENTE", "AÑO": 2025 }, "geometry": { "type": "Point", "coordinates": [ -70.653558, -33.449875 ] } },
{ "type": "Feature", "properties": { "BARRIO": "PARQUE ALMAGRO", "DIA_SEMANA": "Jueves", "TIPO_DIA": "Semana", "TRAMO_HORA": "18 A 20 HRS", "MES": "enero", "ZONA_1": "CENTRORIENTE", "AÑO": 2025 }, "geometry": { "type": "Point", "coordinates": [ -70.652786, -33.448454 ] } },
{ "type": "Feature", "properties": { "BARRIO": "SANTA LUCIA FORESTAL", "DIA_SEMANA": "Jueves", "TIPO_DIA": "Semana", "TRAMO_HORA": "18 A 20 HRS", "MES": "enero", "ZONA_1": "NORORIENTE", "AÑO": 2025 }, "geometry": { "type": "Point", "coordinates": [ -70.641068, -33.439445 ] } },
{ "type": "Feature", "properties": { "BARRIO": "PARQUE ALMAGRO", "DIA_SEMANA": "Jueves", "TIPO_DIA": "Semana", "TRAMO_HORA": "20 A 22 HRS", "MES": "enero", "ZONA_1": "CENTRORIENTE", "AÑO": 2025 }, "geometry": { "type": "Point", "coordinates": [ -70.651925, -33.449518 ] } },
{ "type": "Feature", "properties": { "BARRIO": "VIEL", "DIA_SEMANA": "Jueves", "TIPO_DIA": "Semana", "TRAMO_HORA": "20 A 22 HRS", "MES": "enero", "ZONA_1": "SURORIENTE", "AÑO": 2025 }, "geometry": { "type": "Point", "coordinates": [ -70.64935, -33.465789 ] } },
{ "type": "Feature", "properties": { "BARRIO": "YUNGAY", "DIA_SEMANA": "Jueves", "TIPO_DIA": "Semana", "TRAMO_HORA": "20 A 22 HRS", "MES": "enero", "ZONA_1": "NORPONIENTE", "AÑO": 2025 }, "geometry": { "type": "Point", "coordinates": [ -70.669693, -33.435081 ] } },
{ "type": "Feature", "properties": { "BARRIO": "YUNGAY", "DIA_SEMANA": "Jueves", "TIPO_DIA": "Semana", "TRAMO_HORA": "20 A 22 HRS", "MES": "enero", "ZONA_1": "NORPONIENTE", "AÑO": 2025 }, "geometry": { "type": "Point", "coordinates": [ -70.670912, -33.435098 ] } },
{ "type": "Feature", "properties": { "BARRIO": "YUNGAY", "DIA_SEMANA": "Jueves", "TIPO_DIA": "Semana", "TRAMO_HORA": "20 A 22 HRS", "MES": "enero", "ZONA_1": "NORPONIENTE", "AÑO": 2025 }, "geometry": { "type": "Point", "coordinates": [ -70.668683, -33.439014 ] } },
{ "type": "Feature", "properties": { "BARRIO": "SANTA ISABEL", "DIA_SEMANA": "Jueves", "TIPO_DIA": "Semana", "TRAMO_HORA": "20 A 22 HRS", "MES": "enero", "ZONA_1": "NORORIENTE", "AÑO": 2025 }, "geometry": { "type": "Point", "coordinates": [ -70.643746, -33.447707 ] } },
{ "type": "Feature", "properties": { "BARRIO": "CASCO HISTORICO", "DIA_SEMANA": "Jueves", "TIPO_DIA": "Semana", "TRAMO_HORA": "20 A 22 HRS", "MES": "enero", "ZONA_1": "NORORIENTE", "AÑO": 2025 }, "geometry": { "type": "Point", "coordinates": [ -70.656883, -33.434146 ] } },
{ "type": "Feature", "properties": { "BARRIO": "CASCO HISTORICO", "DIA_SEMANA": "Jueves", "TIPO_DIA": "Semana", "TRAMO_HORA": "20 A 22 HRS", "MES": "enero", "ZONA_1": "NORORIENTE", "AÑO": 2025 }, "geometry": { "type": "Point", "coordinates": [ -70.656928, -33.434409 ] } },
{ "type": "Feature", "properties": { "BARRIO": "PARQUE ALMAGRO", "DIA_SEMANA": "Jueves", "TIPO_DIA": "Semana", "TRAMO_HORA": "20 A 22 HRS", "MES": "enero", "ZONA_1": "CENTRORIENTE", "AÑO": 2025 }, "geometry": { "type": "Point", "coordinates": [ -70.651607, -33.449242 ] } },
{ "type": "Feature", "properties": { "BARRIO": "SANTA LUCIA FORESTAL", "DIA_SEMANA": "Jueves", "TIPO_DIA": "Semana", "TRAMO_HORA": "20 A 22 HRS", "MES": "enero", "ZONA_1": "NORORIENTE", "AÑO": 2025 }, "geometry": { "type": "Point", "coordinates": [ -70.641072, -33.438291 ] } },
{ "type": "Feature", "properties": { "BARRIO": "PARQUE ALMAGRO", "DIA_SEMANA": "Jueves", "TIPO_DIA": "Semana", "TRAMO_HORA": "20 A 22 HRS", "MES": "enero", "ZONA_1": "CENTRORIENTE", "AÑO": 2025 }, "geometry": { "type": "Point", "coordinates": [ -70.653975, -33.450129 ] } },
{ "type": "Feature", "properties": { "BARRIO": "DIEZ DE JULIO", "DIA_SEMANA": "Jueves", "TIPO_DIA": "Semana", "TRAMO_HORA": "20 A 22 HRS", "MES": "enero", "ZONA_1": "CENTRORIENTE", "AÑO": 2025 }, "geometry": { "type": "Point", "coordinates": [ -70.634306, -33.452806 ] } },
{ "type": "Feature", "properties": { "BARRIO": "SANTA ISABEL", "DIA_SEMANA": "Jueves", "TIPO_DIA": "Semana", "TRAMO_HORA": "20 A 22 HRS", "MES": "enero", "ZONA_1": "CENTRORIENTE", "AÑO": 2025 }, "geometry": { "type": "Point", "coordinates": [ -70.640355, -33.45065 ] } },
{ "type": "Feature", "properties": { "BARRIO": "PARQUE ALMAGRO", "DIA_SEMANA": "Jueves", "TIPO_DIA": "Semana", "TRAMO_HORA": "22 A 00 HRS", "MES": "enero", "ZONA_1": "CENTRORIENTE", "AÑO": 2025 }, "geometry": { "type": "Point", "coordinates": [ -70.647026, -33.448483 ] } },
{ "type": "Feature", "properties": { "BARRIO": "YUNGAY", "DIA_SEMANA": "Jueves", "TIPO_DIA": "Semana", "TRAMO_HORA": "22 A 00 HRS", "MES": "enero", "ZONA_1": "NORPONIENTE", "AÑO": 2025 }, "geometry": { "type": "Point", "coordinates": [ -70.689356, -33.439527 ] } },
{ "type": "Feature", "properties": { "BARRIO": "EJERCITO", "DIA_SEMANA": "Viernes", "TIPO_DIA": "Semana", "TRAMO_HORA": "00 A 02 HRS", "MES": "enero", "ZONA_1": "SURPONIENTE", "AÑO": 2025 }, "geometry": { "type": "Point", "coordinates": [ -70.662562, -33.455709 ] } },
{ "type": "Feature", "properties": { "BARRIO": "EJERCITO", "DIA_SEMANA": "Viernes", "TIPO_DIA": "Semana", "TRAMO_HORA": "02 A 04 HRS", "MES": "enero", "ZONA_1": "SURPONIENTE", "AÑO": 2025 }, "geometry": { "type": "Point", "coordinates": [ -70.664394, -33.451557 ] } },
{ "type": "Feature", "properties": { "BARRIO": "DIEZ DE JULIO", "DIA_SEMANA": "Viernes", "TIPO_DIA": "Semana", "TRAMO_HORA": "04 A 06 HRS", "MES": "enero", "ZONA_1": "CENTRORIENTE", "AÑO": 2025 }, "geometry": { "type": "Point", "coordinates": [ -70.634469, -33.452806 ] } },
{ "type": "Feature", "properties": { "BARRIO": "FRANKLIN", "DIA_SEMANA": "Viernes", "TIPO_DIA": "Semana", "TRAMO_HORA": "08 A 10 HRS", "MES": "enero", "ZONA_1": "SURORIENTE", "AÑO": 2025 }, "geometry": { "type": "Point", "coordinates": [ -70.646534, -33.473714 ] } },
{ "type": "Feature", "properties": { "BARRIO": "CASCO HISTORICO", "DIA_SEMANA": "Viernes", "TIPO_DIA": "Semana", "TRAMO_HORA": "12 A 14 HRS", "MES": "enero", "ZONA_1": "NORORIENTE", "AÑO": 2025 }, "geometry": { "type": "Point", "coordinates": [ -70.655534, -33.444659 ] } },
{ "type": "Feature", "properties": { "BARRIO": "CASCO HISTORICO", "DIA_SEMANA": "Viernes", "TIPO_DIA": "Semana", "TRAMO_HORA": "14 A 16 HRS", "MES": "enero", "ZONA_1": "NORORIENTE", "AÑO": 2025 }, "geometry": { "type": "Point", "coordinates": [ -70.650878, -33.440858 ] } },
{ "type": "Feature", "properties": { "BARRIO": "EJERCITO", "DIA_SEMANA": "Viernes", "TIPO_DIA": "Semana", "TRAMO_HORA": "16 A 18 HRS", "MES": "enero", "ZONA_1": "SURPONIENTE", "AÑO": 2025 }, "geometry": { "type": "Point", "coordinates": [ -70.661118, -33.446382 ] } },
{ "type": "Feature", "properties": { "BARRIO": "SAN BORJA", "DIA_SEMANA": "Viernes", "TIPO_DIA": "Semana", "TRAMO_HORA": "16 A 18 HRS", "MES": "enero", "ZONA_1": "NORORIENTE", "AÑO": 2025 }, "geometry": { "type": "Point", "coordinates": [ -70.639439, -33.440674 ] } },
{ "type": "Feature", "properties": { "BARRIO": "PARQUE ALMAGRO", "DIA_SEMANA": "Viernes", "TIPO_DIA": "Semana", "TRAMO_HORA": "18 A 20 HRS", "MES": "enero", "ZONA_1": "CENTRORIENTE", "AÑO": 2025 }, "geometry": { "type": "Point", "coordinates": [ -70.652791, -33.448181 ] } },
{ "type": "Feature", "properties": { "BARRIO": "EJERCITO", "DIA_SEMANA": "Viernes", "TIPO_DIA": "Semana", "TRAMO_HORA": "18 A 20 HRS", "MES": "enero", "ZONA_1": "SURPONIENTE", "AÑO": 2025 }, "geometry": { "type": "Point", "coordinates": [ -70.664058, -33.4515 ] } },
{ "type": "Feature", "properties": { "BARRIO": "PARQUE ALMAGRO", "DIA_SEMANA": "Viernes", "TIPO_DIA": "Semana", "TRAMO_HORA": "18 A 20 HRS", "MES": "enero", "ZONA_1": "CENTRORIENTE", "AÑO": 2025 }, "geometry": { "type": "Point", "coordinates": [ -70.646946, -33.448527 ] } },
{ "type": "Feature", "properties": { "BARRIO": "EJERCITO", "DIA_SEMANA": "Viernes", "TIPO_DIA": "Semana", "TRAMO_HORA": "18 A 20 HRS", "MES": "enero", "ZONA_1": "SURPONIENTE", "AÑO": 2025 }, "geometry": { "type": "Point", "coordinates": [ -70.664112, -33.451467 ] } },
{ "type": "Feature", "properties": { "BARRIO": "UNIVERSITARIO", "DIA_SEMANA": "Viernes", "TIPO_DIA": "Semana", "TRAMO_HORA": "18 A 20 HRS", "MES": "enero", "ZONA_1": "SURPONIENTE", "AÑO": 2025 }, "geometry": { "type": "Point", "coordinates": [ -70.6667, -33.45 ] } },
{ "type": "Feature", "properties": { "BARRIO": "EJERCITO", "DIA_SEMANA": "Viernes", "TIPO_DIA": "Semana", "TRAMO_HORA": "18 A 20 HRS", "MES": "enero", "ZONA_1": "SURPONIENTE", "AÑO": 2025 }, "geometry": { "type": "Point", "coordinates": [ -70.664517, -33.451599 ] } },
{ "type": "Feature", "properties": { "BARRIO": "DIEZ DE JULIO", "DIA_SEMANA": "Viernes", "TIPO_DIA": "Semana", "TRAMO_HORA": "18 A 20 HRS", "MES": "enero", "ZONA_1": "CENTRORIENTE", "AÑO": 2025 }, "geometry": { "type": "Point", "coordinates": [ -70.63365, -33.455262 ] } },
{ "type": "Feature", "properties": { "BARRIO": "SANTA LUCIA FORESTAL", "DIA_SEMANA": "Viernes", "TIPO_DIA": "Semana", "TRAMO_HORA": "18 A 20 HRS", "MES": "enero", "ZONA_1": "NORORIENTE", "AÑO": 2025 }, "geometry": { "type": "Point", "coordinates": [ -70.640249, -33.439932 ] } },
{ "type": "Feature", "properties": { "BARRIO": "PARQUE ALMAGRO", "DIA_SEMANA": "Viernes", "TIPO_DIA": "Semana", "TRAMO_HORA": "20 A 22 HRS", "MES": "enero", "ZONA_1": "CENTRORIENTE", "AÑO": 2025 }, "geometry": { "type": "Point", "coordinates": [ -70.652689, -33.449016 ] } },
{ "type": "Feature", "properties": { "BARRIO": "SANTA ISABEL", "DIA_SEMANA": "Viernes", "TIPO_DIA": "Semana", "TRAMO_HORA": "20 A 22 HRS", "MES": "enero", "ZONA_1": "CENTRORIENTE", "AÑO": 2025 }, "geometry": { "type": "Point", "coordinates": [ -70.632429, -33.447312 ] } },
{ "type": "Feature", "properties": { "BARRIO": "BALMACEDA", "DIA_SEMANA": "Viernes", "TIPO_DIA": "Semana", "TRAMO_HORA": "20 A 22 HRS", "MES": "enero", "ZONA_1": "NORPONIENTE", "AÑO": 2025 }, "geometry": { "type": "Point", "coordinates": [ -70.674992, -33.427439 ] } },
{ "type": "Feature", "properties": { "BARRIO": "SANTA ANA", "DIA_SEMANA": "Viernes", "TIPO_DIA": "Semana", "TRAMO_HORA": "20 A 22 HRS", "MES": "enero", "ZONA_1": "NORORIENTE", "AÑO": 2025 }, "geometry": { "type": "Point", "coordinates": [ -70.658023, -33.438114 ] } },
{ "type": "Feature", "properties": { "BARRIO": "SAN VICENTE", "DIA_SEMANA": "Miercoles", "TIPO_DIA": "Semana", "TRAMO_HORA": "12 A 14 HRS", "MES": "enero", "ZONA_1": "SURPONIENTE", "AÑO": 2025 }, "geometry": { "type": "Point", "coordinates": [ -70.67401, -33.462552 ] } },
{ "type": "Feature", "properties": { "BARRIO": "PARQUE ALMAGRO", "DIA_SEMANA": "Lunes", "TIPO_DIA": "Semana", "TRAMO_HORA": "18 A 20 HRS", "MES": "enero", "ZONA_1": "CENTRORIENTE", "AÑO": 2025 }, "geometry": { "type": "Point", "coordinates": [ -70.647092, -33.448121 ] } },
{ "type": "Feature", "properties": { "BARRIO": "CASCO HISTORICO", "DIA_SEMANA": "Lunes", "TIPO_DIA": "Semana", "TRAMO_HORA": "08 A 10 HRS", "MES": "enero", "ZONA_1": "NORORIENTE", "AÑO": 2025 }, "geometry": { "type": "Point", "coordinates": [ -70.655532, -33.442921 ] } },
{ "type": "Feature", "properties": { "BARRIO": "CASCO HISTORICO", "DIA_SEMANA": "Lunes", "TIPO_DIA": "Semana", "TRAMO_HORA": "08 A 10 HRS", "MES": "enero", "ZONA_1": "NORORIENTE", "AÑO": 2025 }, "geometry": { "type": "Point", "coordinates": [ -70.655532, -33.442921 ] } },
{ "type": "Feature", "properties": { "BARRIO": "CASCO HISTORICO", "DIA_SEMANA": "Miercoles", "TIPO_DIA": "Semana", "TRAMO_HORA": "08 A 10 HRS", "MES": "enero", "ZONA_1": "NORORIENTE", "AÑO": 2025 }, "geometry": { "type": "Point", "coordinates": [ -70.655532, -33.442921 ] } },
{ "type": "Feature", "properties": { "BARRIO": "VIEL", "DIA_SEMANA": "Miercoles", "TIPO_DIA": "Semana", "TRAMO_HORA": "10 A 12 HRS", "MES": "enero", "ZONA_1": "SURORIENTE", "AÑO": 2025 }, "geometry": { "type": "Point", "coordinates": [ -70.649639, -33.46821 ] } },
{ "type": "Feature", "properties": { "BARRIO": "PARQUE ALMAGRO", "DIA_SEMANA": "Miercoles", "TIPO_DIA": "Semana", "TRAMO_HORA": "22 A 00 HRS", "MES": "enero", "ZONA_1": "CENTRORIENTE", "AÑO": 2025 }, "geometry": { "type": "Point", "coordinates": [ -70.654849, -33.4491 ] } },
{ "type": "Feature", "properties": { "BARRIO": "PARQUE ALMAGRO", "DIA_SEMANA": "Miercoles", "TIPO_DIA": "Semana", "TRAMO_HORA": "22 A 00 HRS", "MES": "enero", "ZONA_1": "CENTRORIENTE", "AÑO": 2025 }, "geometry": { "type": "Point", "coordinates": [ -70.654849, -33.4491 ] } },
{ "type": "Feature", "properties": { "BARRIO": "PARQUE ALMAGRO", "DIA_SEMANA": "Miercoles", "TIPO_DIA": "Semana", "TRAMO_HORA": "22 A 00 HRS", "MES": "enero", "ZONA_1": "CENTRORIENTE", "AÑO": 2025 }, "geometry": { "type": "Point", "coordinates": [ -70.654858, -33.448621 ] } },
{ "type": "Feature", "properties": { "BARRIO": "CASCO HISTORICO", "DIA_SEMANA": "Jueves", "TIPO_DIA": "Semana", "TRAMO_HORA": "08 A 10 HRS", "MES": "enero", "ZONA_1": "NORORIENTE", "AÑO": 2025 }, "geometry": { "type": "Point", "coordinates": [ -70.648169, -33.439358 ] } },
{ "type": "Feature", "properties": { "BARRIO": "YUNGAY", "DIA_SEMANA": "Jueves", "TIPO_DIA": "Semana", "TRAMO_HORA": "10 A 12 HRS", "MES": "enero", "ZONA_1": "NORPONIENTE", "AÑO": 2025 }, "geometry": { "type": "Point", "coordinates": [ -70.671528, -33.435811 ] } },
{ "type": "Feature", "properties": { "BARRIO": "DIEZ DE JULIO", "DIA_SEMANA": "Jueves", "TIPO_DIA": "Semana", "TRAMO_HORA": "10 A 12 HRS", "MES": "enero", "ZONA_1": "CENTRORIENTE", "AÑO": 2025 }, "geometry": { "type": "Point", "coordinates": [ -70.637839, -33.453426 ] } },
{ "type": "Feature", "properties": { "BARRIO": "PARQUE ALMAGRO", "DIA_SEMANA": "Jueves", "TIPO_DIA": "Semana", "TRAMO_HORA": "12 A 14 HRS", "MES": "enero", "ZONA_1": "CENTRORIENTE", "AÑO": 2025 }, "geometry": { "type": "Point", "coordinates": [ -70.651357, -33.454392 ] } },
{ "type": "Feature", "properties": { "BARRIO": "SAN BORJA", "DIA_SEMANA": "Jueves", "TIPO_DIA": "Semana", "TRAMO_HORA": "14 A 16 HRS", "MES": "enero", "ZONA_1": "NORORIENTE", "AÑO": 2025 }, "geometry": { "type": "Point", "coordinates": [ -70.643954, -33.446748 ] } },
{ "type": "Feature", "properties": { "BARRIO": "VIEL", "DIA_SEMANA": "Jueves", "TIPO_DIA": "Semana", "TRAMO_HORA": "14 A 16 HRS", "MES": "enero", "ZONA_1": "SURORIENTE", "AÑO": 2025 }, "geometry": { "type": "Point", "coordinates": [ -70.652748, -33.464856 ] } },
{ "type": "Feature", "properties": { "BARRIO": "PARQUE ALMAGRO", "DIA_SEMANA": "Jueves", "TIPO_DIA": "Semana", "TRAMO_HORA": "20 A 22 HRS", "MES": "enero", "ZONA_1": "CENTRORIENTE", "AÑO": 2025 }, "geometry": { "type": "Point", "coordinates": [ -70.653194, -33.446195 ] } },
{ "type": "Feature", "properties": { "BARRIO": "SANTA LUCIA FORESTAL", "DIA_SEMANA": "Jueves", "TIPO_DIA": "Semana", "TRAMO_HORA": "20 A 22 HRS", "MES": "enero", "ZONA_1": "NORORIENTE", "AÑO": 2025 }, "geometry": { "type": "Point", "coordinates": [ -70.641226, -33.439574 ] } },
{ "type": "Feature", "properties": { "BARRIO": "PARQUE ALMAGRO", "DIA_SEMANA": "Jueves", "TIPO_DIA": "Semana", "TRAMO_HORA": "20 A 22 HRS", "MES": "enero", "ZONA_1": "CENTRORIENTE", "AÑO": 2025 }, "geometry": { "type": "Point", "coordinates": [ -70.649254, -33.448938 ] } },
{ "type": "Feature", "properties": { "BARRIO": "SANTA LUCIA FORESTAL", "DIA_SEMANA": "Jueves", "TIPO_DIA": "Semana", "TRAMO_HORA": "20 A 22 HRS", "MES": "enero", "ZONA_1": "NORORIENTE", "AÑO": 2025 }, "geometry": { "type": "Point", "coordinates": [ -70.64102, -33.439301 ] } },
{ "type": "Feature", "properties": { "BARRIO": "MATTA NORTE", "DIA_SEMANA": "Jueves", "TIPO_DIA": "Semana", "TRAMO_HORA": "20 A 22 HRS", "MES": "enero", "ZONA_1": "CENTRORIENTE", "AÑO": 2025 }, "geometry": { "type": "Point", "coordinates": [ -70.64787, -33.452271 ] } },
{ "type": "Feature", "properties": { "BARRIO": "SANTA ISABEL", "DIA_SEMANA": "Viernes", "TIPO_DIA": "Semana", "TRAMO_HORA": "08 A 10 HRS", "MES": "enero", "ZONA_1": "CENTRORIENTE", "AÑO": 2025 }, "geometry": { "type": "Point", "coordinates": [ -70.638384, -33.45041 ] } },
{ "type": "Feature", "properties": { "BARRIO": "MEIGGS", "DIA_SEMANA": "Viernes", "TIPO_DIA": "Semana", "TRAMO_HORA": "10 A 12 HRS", "MES": "enero", "ZONA_1": "SURPONIENTE", "AÑO": 2025 }, "geometry": { "type": "Point", "coordinates": [ -70.673925, -33.454747 ] } },
{ "type": "Feature", "properties": { "BARRIO": "UNIVERSITARIO", "DIA_SEMANA": "Viernes", "TIPO_DIA": "Semana", "TRAMO_HORA": "10 A 12 HRS", "MES": "enero", "ZONA_1": "SURPONIENTE", "AÑO": 2025 }, "geometry": { "type": "Point", "coordinates": [ -70.674981, -33.451713 ] } },
{ "type": "Feature", "properties": { "BARRIO": "PARQUE ALMAGRO", "DIA_SEMANA": "Viernes", "TIPO_DIA": "Semana", "TRAMO_HORA": "12 A 14 HRS", "MES": "enero", "ZONA_1": "CENTRORIENTE", "AÑO": 2025 }, "geometry": { "type": "Point", "coordinates": [ -70.655434, -33.445279 ] } },
{ "type": "Feature", "properties": { "BARRIO": "YUNGAY", "DIA_SEMANA": "Viernes", "TIPO_DIA": "Semana", "TRAMO_HORA": "14 A 16 HRS", "MES": "enero", "ZONA_1": "NORPONIENTE", "AÑO": 2025 }, "geometry": { "type": "Point", "coordinates": [ -70.678623, -33.442444 ] } },
{ "type": "Feature", "properties": { "BARRIO": "SANTA ANA", "DIA_SEMANA": "Viernes", "TIPO_DIA": "Semana", "TRAMO_HORA": "14 A 16 HRS", "MES": "enero", "ZONA_1": "NORORIENTE", "AÑO": 2025 }, "geometry": { "type": "Point", "coordinates": [ -70.657053, -33.440275 ] } },
{ "type": "Feature", "properties": { "BARRIO": "DIEZ DE JULIO", "DIA_SEMANA": "Viernes", "TIPO_DIA": "Semana", "TRAMO_HORA": "14 A 16 HRS", "MES": "enero", "ZONA_1": "CENTRORIENTE", "AÑO": 2025 }, "geometry": { "type": "Point", "coordinates": [ -70.635031, -33.449376 ] } },
{ "type": "Feature", "properties": { "BARRIO": "YUNGAY", "DIA_SEMANA": "Viernes", "TIPO_DIA": "Semana", "TRAMO_HORA": "14 A 16 HRS", "MES": "enero", "ZONA_1": "NORPONIENTE", "AÑO": 2025 }, "geometry": { "type": "Point", "coordinates": [ -70.678578, -33.44253 ] } },
{ "type": "Feature", "properties": { "BARRIO": "SAN BORJA", "DIA_SEMANA": "Viernes", "TIPO_DIA": "Semana", "TRAMO_HORA": "14 A 16 HRS", "MES": "enero", "ZONA_1": "NORORIENTE", "AÑO": 2025 }, "geometry": { "type": "Point", "coordinates": [ -70.64475, -33.443285 ] } },
{ "type": "Feature", "properties": { "BARRIO": "CASCO HISTORICO", "DIA_SEMANA": "Viernes", "TIPO_DIA": "Semana", "TRAMO_HORA": "16 A 18 HRS", "MES": "enero", "ZONA_1": "NORORIENTE", "AÑO": 2025 }, "geometry": { "type": "Point", "coordinates": [ -70.654165, -33.4365 ] } },
{ "type": "Feature", "properties": { "BARRIO": "SANTA ISABEL", "DIA_SEMANA": "Viernes", "TIPO_DIA": "Semana", "TRAMO_HORA": "16 A 18 HRS", "MES": "enero", "ZONA_1": "CENTRORIENTE", "AÑO": 2025 }, "geometry": { "type": "Point", "coordinates": [ -70.638384, -33.45041 ] } },
{ "type": "Feature", "properties": { "BARRIO": "SANTA LUCIA FORESTAL", "DIA_SEMANA": "Viernes", "TIPO_DIA": "Semana", "TRAMO_HORA": "16 A 18 HRS", "MES": "enero", "ZONA_1": "NORORIENTE", "AÑO": 2025 }, "geometry": { "type": "Point", "coordinates": [ -70.644256, -33.437059 ] } },
{ "type": "Feature", "properties": { "BARRIO": "YUNGAY", "DIA_SEMANA": "Viernes", "TIPO_DIA": "Semana", "TRAMO_HORA": "16 A 18 HRS", "MES": "enero", "ZONA_1": "NORPONIENTE", "AÑO": 2025 }, "geometry": { "type": "Point", "coordinates": [ -70.678578, -33.44253 ] } },
{ "type": "Feature", "properties": { "BARRIO": "CASCO HISTORICO", "DIA_SEMANA": "Viernes", "TIPO_DIA": "Semana", "TRAMO_HORA": "18 A 20 HRS", "MES": "enero", "ZONA_1": "NORORIENTE", "AÑO": 2025 }, "geometry": { "type": "Point", "coordinates": [ -70.644311, -33.437131 ] } },
{ "type": "Feature", "properties": { "BARRIO": "PARQUE ALMAGRO", "DIA_SEMANA": "Viernes", "TIPO_DIA": "Semana", "TRAMO_HORA": "18 A 20 HRS", "MES": "enero", "ZONA_1": "CENTRORIENTE", "AÑO": 2025 }, "geometry": { "type": "Point", "coordinates": [ -70.647043, -33.448508 ] } },
{ "type": "Feature", "properties": { "BARRIO": "SANTA ANA", "DIA_SEMANA": "Viernes", "TIPO_DIA": "Semana", "TRAMO_HORA": "20 A 22 HRS", "MES": "enero", "ZONA_1": "NORORIENTE", "AÑO": 2025 }, "geometry": { "type": "Point", "coordinates": [ -70.659007, -33.445531 ] } },
{ "type": "Feature", "properties": { "BARRIO": "PARQUE ALMAGRO", "DIA_SEMANA": "Viernes", "TIPO_DIA": "Semana", "TRAMO_HORA": "20 A 22 HRS", "MES": "enero", "ZONA_1": "CENTRORIENTE", "AÑO": 2025 }, "geometry": { "type": "Point", "coordinates": [ -70.647077, -33.448418 ] } },
{ "type": "Feature", "properties": { "BARRIO": "PARQUE ALMAGRO", "DIA_SEMANA": "Viernes", "TIPO_DIA": "Semana", "TRAMO_HORA": "20 A 22 HRS", "MES": "enero", "ZONA_1": "CENTRORIENTE", "AÑO": 2025 }, "geometry": { "type": "Point", "coordinates": [ -70.654642, -33.450403 ] } },
{ "type": "Feature", "properties": { "BARRIO": "SANTA ANA", "DIA_SEMANA": "Viernes", "TIPO_DIA": "Semana", "TRAMO_HORA": "22 A 00 HRS", "MES": "enero", "ZONA_1": "NORPONIENTE", "AÑO": 2025 }, "geometry": { "type": "Point", "coordinates": [ -70.663644, -33.437426 ] } },
{ "type": "Feature", "properties": { "BARRIO": "PARQUE ALMAGRO", "DIA_SEMANA": "Viernes", "TIPO_DIA": "Semana", "TRAMO_HORA": "22 A 00 HRS", "MES": "enero", "ZONA_1": "NORORIENTE", "AÑO": 2025 }, "geometry": { "type": "Point", "coordinates": [ -70.644303, -33.444928 ] } },
{ "type": "Feature", "properties": { "BARRIO": "SAN BORJA", "DIA_SEMANA": "Viernes", "TIPO_DIA": "Semana", "TRAMO_HORA": "22 A 00 HRS", "MES": "enero", "ZONA_1": "CENTRORIENTE", "AÑO": 2025 }, "geometry": { "type": "Point", "coordinates": [ -70.640859, -33.449695 ] } },
{ "type": "Feature", "properties": { "BARRIO": "PARQUE ALMAGRO", "DIA_SEMANA": "Viernes", "TIPO_DIA": "Semana", "TRAMO_HORA": "22 A 00 HRS", "MES": "enero", "ZONA_1": "CENTRORIENTE", "AÑO": 2025 }, "geometry": { "type": "Point", "coordinates": [ -70.654642, -33.450403 ] } },
{ "type": "Feature", "properties": { "BARRIO": "SANTA ISABEL", "DIA_SEMANA": "Sabado", "TIPO_DIA": "Semana", "TRAMO_HORA": "10 A 12 HRS", "MES": "enero", "ZONA_1": "CENTRORIENTE", "AÑO": 2025 }, "geometry": { "type": "Point", "coordinates": [ -70.63511, -33.448192 ] } },
{ "type": "Feature", "properties": { "BARRIO": "HUEMUL", "DIA_SEMANA": "Sabado", "TIPO_DIA": "Semana", "TRAMO_HORA": "10 A 12 HRS", "MES": "enero", "ZONA_1": "SURORIENTE", "AÑO": 2025 }, "geometry": { "type": "Point", "coordinates": [ -70.651265, -33.46253 ] } },
{ "type": "Feature", "properties": { "BARRIO": "SANTA ANA", "DIA_SEMANA": "Sabado", "TIPO_DIA": "Semana", "TRAMO_HORA": "12 A 14 HRS", "MES": "enero", "ZONA_1": "NORORIENTE", "AÑO": 2025 }, "geometry": { "type": "Point", "coordinates": [ -70.657053, -33.440275 ] } },
{ "type": "Feature", "properties": { "BARRIO": "UNIVERSITARIO", "DIA_SEMANA": "Sabado", "TIPO_DIA": "Semana", "TRAMO_HORA": "12 A 14 HRS", "MES": "enero", "ZONA_1": "SURPONIENTE", "AÑO": 2025 }, "geometry": { "type": "Point", "coordinates": [ -70.672272, -33.455106 ] } },
{ "type": "Feature", "properties": { "BARRIO": "SANTA LUCIA FORESTAL", "DIA_SEMANA": "Sabado", "TIPO_DIA": "Semana", "TRAMO_HORA": "12 A 14 HRS", "MES": "enero", "ZONA_1": "NORORIENTE", "AÑO": 2025 }, "geometry": { "type": "Point", "coordinates": [ -70.643616, -33.436554 ] } },
{ "type": "Feature", "properties": { "BARRIO": "SANTA ANA", "DIA_SEMANA": "Sabado", "TIPO_DIA": "Semana", "TRAMO_HORA": "12 A 14 HRS", "MES": "enero", "ZONA_1": "NORORIENTE", "AÑO": 2025 }, "geometry": { "type": "Point", "coordinates": [ -70.657053, -33.440275 ] } },
{ "type": "Feature", "properties": { "BARRIO": "PARQUE ALMAGRO", "DIA_SEMANA": "Sabado", "TIPO_DIA": "Semana", "TRAMO_HORA": "14 A 16 HRS", "MES": "enero", "ZONA_1": "CENTRORIENTE", "AÑO": 2025 }, "geometry": { "type": "Point", "coordinates": [ -70.645288, -33.446311 ] } },
{ "type": "Feature", "properties": { "BARRIO": "YUNGAY", "DIA_SEMANA": "Sabado", "TIPO_DIA": "Semana", "TRAMO_HORA": "14 A 16 HRS", "MES": "enero", "ZONA_1": "NORPONIENTE", "AÑO": 2025 }, "geometry": { "type": "Point", "coordinates": [ -70.679925, -33.440408 ] } },
{ "type": "Feature", "properties": { "BARRIO": "UNIVERSITARIO", "DIA_SEMANA": "Sabado", "TIPO_DIA": "Semana", "TRAMO_HORA": "14 A 16 HRS", "MES": "enero", "ZONA_1": "SURPONIENTE", "AÑO": 2025 }, "geometry": { "type": "Point", "coordinates": [ -70.664804, -33.451711 ] } },
{ "type": "Feature", "properties": { "BARRIO": "HUEMUL", "DIA_SEMANA": "Sabado", "TIPO_DIA": "Semana", "TRAMO_HORA": "16 A 18 HRS", "MES": "enero", "ZONA_1": "CENTRORIENTE", "AÑO": 2025 }, "geometry": { "type": "Point", "coordinates": [ -70.649845, -33.455975 ] } },
{ "type": "Feature", "properties": { "BARRIO": "YUNGAY", "DIA_SEMANA": "Sabado", "TIPO_DIA": "Semana", "TRAMO_HORA": "16 A 18 HRS", "MES": "enero", "ZONA_1": "NORPONIENTE", "AÑO": 2025 }, "geometry": { "type": "Point", "coordinates": [ -70.678578, -33.44253 ] } },
{ "type": "Feature", "properties": { "BARRIO": "EJERCITO", "DIA_SEMANA": "Sabado", "TIPO_DIA": "Semana", "TRAMO_HORA": "16 A 18 HRS", "MES": "enero", "ZONA_1": "SURPONIENTE", "AÑO": 2025 }, "geometry": { "type": "Point", "coordinates": [ -70.664502, -33.451738 ] } },
{ "type": "Feature", "properties": { "BARRIO": "DIEZ DE JULIO", "DIA_SEMANA": "Sabado", "TIPO_DIA": "Semana", "TRAMO_HORA": "18 A 20 HRS", "MES": "enero", "ZONA_1": "CENTRORIENTE", "AÑO": 2025 }, "geometry": { "type": "Point", "coordinates": [ -70.633887, -33.453953 ] } },
{ "type": "Feature", "properties": { "BARRIO": "DIEZ DE JULIO", "DIA_SEMANA": "Sabado", "TIPO_DIA": "Semana", "TRAMO_HORA": "22 A 00 HRS", "MES": "enero", "ZONA_1": "CENTRORIENTE", "AÑO": 2025 }, "geometry": { "type": "Point", "coordinates": [ -70.634191, -33.452786 ] } },
{ "type": "Feature", "properties": { "BARRIO": "YUNGAY", "DIA_SEMANA": "Sabado", "TIPO_DIA": "Semana", "TRAMO_HORA": "22 A 00 HRS", "MES": "enero", "ZONA_1": "NORPONIENTE", "AÑO": 2025 }, "geometry": { "type": "Point", "coordinates": [ -70.691517, -33.439258 ] } },
{ "type": "Feature", "properties": { "BARRIO": "SANTA LUCIA FORESTAL", "DIA_SEMANA": "Domingo", "TIPO_DIA": "Semana", "TRAMO_HORA": "00 A 02 HRS", "MES": "enero", "ZONA_1": "NORORIENTE", "AÑO": 2025 }, "geometry": { "type": "Point", "coordinates": [ -70.64102, -33.439301 ] } },
{ "type": "Feature", "properties": { "BARRIO": "DIEZ DE JULIO", "DIA_SEMANA": "Domingo", "TIPO_DIA": "Semana", "TRAMO_HORA": "00 A 02 HRS", "MES": "enero", "ZONA_1": "CENTRORIENTE", "AÑO": 2025 }, "geometry": { "type": "Point", "coordinates": [ -70.634234, -33.452608 ] } },
{ "type": "Feature", "properties": { "BARRIO": "YUNGAY", "DIA_SEMANA": "Domingo", "TIPO_DIA": "Semana", "TRAMO_HORA": "08 A 10 HRS", "MES": "enero", "ZONA_1": "NORPONIENTE", "AÑO": 2025 }, "geometry": { "type": "Point", "coordinates": [ -70.673155, -33.443294 ] } },
{ "type": "Feature", "properties": { "BARRIO": "DIEZ DE JULIO", "DIA_SEMANA": "Domingo", "TIPO_DIA": "Semana", "TRAMO_HORA": "10 A 12 HRS", "MES": "enero", "ZONA_1": "CENTRORIENTE", "AÑO": 2025 }, "geometry": { "type": "Point", "coordinates": [ -70.635886, -33.444414 ] } },
{ "type": "Feature", "properties": { "BARRIO": "YUNGAY", "DIA_SEMANA": "Domingo", "TIPO_DIA": "Semana", "TRAMO_HORA": "12 A 14 HRS", "MES": "enero", "ZONA_1": "NORPONIENTE", "AÑO": 2025 }, "geometry": { "type": "Point", "coordinates": [ -70.679925, -33.440408 ] } },
{ "type": "Feature", "properties": { "BARRIO": "FRANKLIN", "DIA_SEMANA": "Domingo", "TIPO_DIA": "Semana", "TRAMO_HORA": "12 A 14 HRS", "MES": "enero", "ZONA_1": "SURORIENTE", "AÑO": 2025 }, "geometry": { "type": "Point", "coordinates": [ -70.646882, -33.473174 ] } },
{ "type": "Feature", "properties": { "BARRIO": "HUEMUL", "DIA_SEMANA": "Domingo", "TIPO_DIA": "Semana", "TRAMO_HORA": "12 A 14 HRS", "MES": "enero", "ZONA_1": "CENTRORIENTE", "AÑO": 2025 }, "geometry": { "type": "Point", "coordinates": [ -70.649845, -33.455975 ] } },
{ "type": "Feature", "properties": { "BARRIO": "SANTA ISABEL", "DIA_SEMANA": "Domingo", "TIPO_DIA": "Semana", "TRAMO_HORA": "12 A 14 HRS", "MES": "enero", "ZONA_1": "NORORIENTE", "AÑO": 2025 }, "geometry": { "type": "Point", "coordinates": [ -70.645094, -33.446962 ] } },
{ "type": "Feature", "properties": { "BARRIO": "EJERCITO", "DIA_SEMANA": "Domingo", "TIPO_DIA": "Semana", "TRAMO_HORA": "14 A 16 HRS", "MES": "enero", "ZONA_1": "SURPONIENTE", "AÑO": 2025 }, "geometry": { "type": "Point", "coordinates": [ -70.664502, -33.451738 ] } },
{ "type": "Feature", "properties": { "BARRIO": "YUNGAY", "DIA_SEMANA": "Domingo", "TIPO_DIA": "Semana", "TRAMO_HORA": "14 A 16 HRS", "MES": "enero", "ZONA_1": "NORPONIENTE", "AÑO": 2025 }, "geometry": { "type": "Point", "coordinates": [ -70.672221, -33.439509 ] } },
{ "type": "Feature", "properties": { "BARRIO": "MATTA NORTE", "DIA_SEMANA": "Domingo", "TIPO_DIA": "Semana", "TRAMO_HORA": "20 A 22 HRS", "MES": "enero", "ZONA_1": "CENTRORIENTE", "AÑO": 2025 }, "geometry": { "type": "Point", "coordinates": [ -70.633217, -33.452511 ] } },
{ "type": "Feature", "properties": { "BARRIO": "SANTA LUCIA FORESTAL", "DIA_SEMANA": "Domingo", "TIPO_DIA": "Semana", "TRAMO_HORA": "20 A 22 HRS", "MES": "enero", "ZONA_1": "NORORIENTE", "AÑO": 2025 }, "geometry": { "type": "Point", "coordinates": [ -70.64102, -33.439301 ] } },
{ "type": "Feature", "properties": { "BARRIO": "SANTA LUCIA FORESTAL", "DIA_SEMANA": "Domingo", "TIPO_DIA": "Semana", "TRAMO_HORA": "20 A 22 HRS", "MES": "enero", "ZONA_1": "NORORIENTE", "AÑO": 2025 }, "geometry": { "type": "Point", "coordinates": [ -70.64102, -33.439301 ] } },
{ "type": "Feature", "properties": { "BARRIO": "PARQUE ALMAGRO", "DIA_SEMANA": "Domingo", "TIPO_DIA": "Semana", "TRAMO_HORA": "20 A 22 HRS", "MES": "enero", "ZONA_1": "CENTRORIENTE", "AÑO": 2025 }, "geometry": { "type": "Point", "coordinates": [ -70.658854, -33.449414 ] } },
{ "type": "Feature", "properties": { "BARRIO": "SANTA ANA", "DIA_SEMANA": "Domingo", "TIPO_DIA": "Semana", "TRAMO_HORA": "20 A 22 HRS", "MES": "enero", "ZONA_1": "NORORIENTE", "AÑO": 2025 }, "geometry": { "type": "Point", "coordinates": [ -70.659004, -33.443332 ] } },
{ "type": "Feature", "properties": { "BARRIO": "MATTA SUR", "DIA_SEMANA": "Domingo", "TIPO_DIA": "Semana", "TRAMO_HORA": "20 A 22 HRS", "MES": "enero", "ZONA_1": "SURORIENTE", "AÑO": 2025 }, "geometry": { "type": "Point", "coordinates": [ -70.629278, -33.457708 ] } },
{ "type": "Feature", "properties": { "BARRIO": "PARQUE ALMAGRO", "DIA_SEMANA": "Domingo", "TIPO_DIA": "Semana", "TRAMO_HORA": "20 A 22 HRS", "MES": "enero", "ZONA_1": "SURORIENTE", "AÑO": 2025 }, "geometry": { "type": "Point", "coordinates": [ -70.647927, -33.463976 ] } },
{ "type": "Feature", "properties": { "BARRIO": "PARQUE ALMAGRO", "DIA_SEMANA": "Domingo", "TIPO_DIA": "Semana", "TRAMO_HORA": "22 A 00 HRS", "MES": "enero", "ZONA_1": "CENTRORIENTE", "AÑO": 2025 }, "geometry": { "type": "Point", "coordinates": [ -70.652655, -33.449358 ] } },
{ "type": "Feature", "properties": { "BARRIO": "DIEZ DE JULIO", "DIA_SEMANA": "Domingo", "TIPO_DIA": "Semana", "TRAMO_HORA": "22 A 00 HRS", "MES": "enero", "ZONA_1": "CENTRORIENTE", "AÑO": 2025 }, "geometry": { "type": "Point", "coordinates": [ -70.634191, -33.452786 ] } },
{ "type": "Feature", "properties": { "BARRIO": "SAN BORJA", "DIA_SEMANA": "Lunes", "TIPO_DIA": "Semana", "TRAMO_HORA": "08 A 10 HRS", "MES": "enero", "ZONA_1": "CENTRORIENTE", "AÑO": 2025 }, "geometry": { "type": "Point", "coordinates": [ -70.645109, -33.447159 ] } },
{ "type": "Feature", "properties": { "BARRIO": "CASCO HISTORICO", "DIA_SEMANA": "Lunes", "TIPO_DIA": "Semana", "TRAMO_HORA": "10 A 12 HRS", "MES": "enero", "ZONA_1": "NORORIENTE", "AÑO": 2025 }, "geometry": { "type": "Point", "coordinates": [ -70.648169, -33.439358 ] } },
{ "type": "Feature", "properties": { "BARRIO": "CASCO HISTORICO", "DIA_SEMANA": "Lunes", "TIPO_DIA": "Semana", "TRAMO_HORA": "12 A 14 HRS", "MES": "enero", "ZONA_1": "NORORIENTE", "AÑO": 2025 }, "geometry": { "type": "Point", "coordinates": [ -70.65354, -33.439555 ] } },
{ "type": "Feature", "properties": { "BARRIO": "SANTA ISABEL", "DIA_SEMANA": "Lunes", "TIPO_DIA": "Semana", "TRAMO_HORA": "12 A 14 HRS", "MES": "enero", "ZONA_1": "CENTRORIENTE", "AÑO": 2025 }, "geometry": { "type": "Point", "coordinates": [ -70.640881, -33.449702 ] } },
{ "type": "Feature", "properties": { "BARRIO": "MEIGGS", "DIA_SEMANA": "Lunes", "TIPO_DIA": "Semana", "TRAMO_HORA": "12 A 14 HRS", "MES": "enero", "ZONA_1": "SURPONIENTE", "AÑO": 2025 }, "geometry": { "type": "Point", "coordinates": [ -70.673046, -33.465778 ] } },
{ "type": "Feature", "properties": { "BARRIO": "SANTA ISABEL", "DIA_SEMANA": "Lunes", "TIPO_DIA": "Semana", "TRAMO_HORA": "16 A 18 HRS", "MES": "enero", "ZONA_1": "CENTRORIENTE", "AÑO": 2025 }, "geometry": { "type": "Point", "coordinates": [ -70.635297, -33.448222 ] } },
{ "type": "Feature", "properties": { "BARRIO": "CASCO HISTORICO", "DIA_SEMANA": "Lunes", "TIPO_DIA": "Semana", "TRAMO_HORA": "16 A 18 HRS", "MES": "enero", "ZONA_1": "NORORIENTE", "AÑO": 2025 }, "geometry": { "type": "Point", "coordinates": [ -70.648348, -33.439408 ] } },
{ "type": "Feature", "properties": { "BARRIO": "PARQUE ALMAGRO", "DIA_SEMANA": "Lunes", "TIPO_DIA": "Semana", "TRAMO_HORA": "18 A 20 HRS", "MES": "enero", "ZONA_1": "CENTRORIENTE", "AÑO": 2025 }, "geometry": { "type": "Point", "coordinates": [ -70.649554, -33.443729 ] } },
{ "type": "Feature", "properties": { "BARRIO": "SANTA LUCIA FORESTAL", "DIA_SEMANA": "Lunes", "TIPO_DIA": "Semana", "TRAMO_HORA": "18 A 20 HRS", "MES": "enero", "ZONA_1": "NORORIENTE", "AÑO": 2025 }, "geometry": { "type": "Point", "coordinates": [ -70.640975, -33.437541 ] } },
{ "type": "Feature", "properties": { "BARRIO": "PARQUE ALMAGRO", "DIA_SEMANA": "Lunes", "TIPO_DIA": "Semana", "TRAMO_HORA": "18 A 20 HRS", "MES": "enero", "ZONA_1": "CENTRORIENTE", "AÑO": 2025 }, "geometry": { "type": "Point", "coordinates": [ -70.647043, -33.448508 ] } },
{ "type": "Feature", "properties": { "BARRIO": "SAN BORJA", "DIA_SEMANA": "Lunes", "TIPO_DIA": "Semana", "TRAMO_HORA": "18 A 20 HRS", "MES": "enero", "ZONA_1": "CENTRORIENTE", "AÑO": 2025 }, "geometry": { "type": "Point", "coordinates": [ -70.633877, -33.453859 ] } },
{ "type": "Feature", "properties": { "BARRIO": "CASCO HISTORICO", "DIA_SEMANA": "Lunes", "TIPO_DIA": "Semana", "TRAMO_HORA": "20 A 22 HRS", "MES": "enero", "ZONA_1": "NORORIENTE", "AÑO": 2025 }, "geometry": { "type": "Point", "coordinates": [ -70.658394, -33.436967 ] } },
{ "type": "Feature", "properties": { "BARRIO": "DIEZ DE JULIO", "DIA_SEMANA": "Lunes", "TIPO_DIA": "Semana", "TRAMO_HORA": "20 A 22 HRS", "MES": "enero", "ZONA_1": "CENTRORIENTE", "AÑO": 2025 }, "geometry": { "type": "Point", "coordinates": [ -70.634294, -33.452686 ] } },
{ "type": "Feature", "properties": { "BARRIO": "SANTA ISABEL", "DIA_SEMANA": "Lunes", "TIPO_DIA": "Semana", "TRAMO_HORA": "20 A 22 HRS", "MES": "enero", "ZONA_1": "CENTRORIENTE", "AÑO": 2025 }, "geometry": { "type": "Point", "coordinates": [ -70.642985, -33.450303 ] } },
{ "type": "Feature", "properties": { "BARRIO": "DIEZ DE JULIO", "DIA_SEMANA": "Lunes", "TIPO_DIA": "Semana", "TRAMO_HORA": "20 A 22 HRS", "MES": "enero", "ZONA_1": "CENTRORIENTE", "AÑO": 2025 }, "geometry": { "type": "Point", "coordinates": [ -70.634234, -33.452608 ] } },
{ "type": "Feature", "properties": { "BARRIO": "SANTA ELENA", "DIA_SEMANA": "Lunes", "TIPO_DIA": "Semana", "TRAMO_HORA": "20 A 22 HRS", "MES": "enero", "ZONA_1": "SURORIENTE", "AÑO": 2025 }, "geometry": { "type": "Point", "coordinates": [ -70.62646, -33.467387 ] } },
{ "type": "Feature", "properties": { "BARRIO": "DIEZ DE JULIO", "DIA_SEMANA": "Lunes", "TIPO_DIA": "Semana", "TRAMO_HORA": "22 A 00 HRS", "MES": "enero", "ZONA_1": "CENTRORIENTE", "AÑO": 2025 }, "geometry": { "type": "Point", "coordinates": [ -70.634191, -33.452786 ] } },
{ "type": "Feature", "properties": { "BARRIO": "SANTA ISABEL", "DIA_SEMANA": "Lunes", "TIPO_DIA": "Semana", "TRAMO_HORA": "22 A 00 HRS", "MES": "enero", "ZONA_1": "CENTRORIENTE", "AÑO": 2025 }, "geometry": { "type": "Point", "coordinates": [ -70.633832, -33.45417 ] } },
{ "type": "Feature", "properties": { "BARRIO": "DIEZ DE JULIO", "DIA_SEMANA": "Lunes", "TIPO_DIA": "Semana", "TRAMO_HORA": "22 A 00 HRS", "MES": "enero", "ZONA_1": "CENTRORIENTE", "AÑO": 2025 }, "geometry": { "type": "Point", "coordinates": [ -70.634191, -33.452786 ] } },
{ "type": "Feature", "properties": { "BARRIO": "MATTA SUR", "DIA_SEMANA": "Martes", "TIPO_DIA": "Semana", "TRAMO_HORA": "06 A 08 HRS", "MES": "enero", "ZONA_1": "SURORIENTE", "AÑO": 2025 }, "geometry": { "type": "Point", "coordinates": [ -70.642865, -33.461398 ] } },
{ "type": "Feature", "properties": { "BARRIO": "MATTA SUR", "DIA_SEMANA": "Martes", "TIPO_DIA": "Semana", "TRAMO_HORA": "06 A 08 HRS", "MES": "enero", "ZONA_1": "SURORIENTE", "AÑO": 2025 }, "geometry": { "type": "Point", "coordinates": [ -70.642865, -33.461398 ] } },
{ "type": "Feature", "properties": { "BARRIO": "YUNGAY", "DIA_SEMANA": "Martes", "TIPO_DIA": "Semana", "TRAMO_HORA": "08 A 10 HRS", "MES": "enero", "ZONA_1": "NORPONIENTE", "AÑO": 2025 }, "geometry": { "type": "Point", "coordinates": [ -70.679653, -33.443679 ] } },
{ "type": "Feature", "properties": { "BARRIO": "CASCO HISTORICO", "DIA_SEMANA": "Martes", "TIPO_DIA": "Semana", "TRAMO_HORA": "08 A 10 HRS", "MES": "enero", "ZONA_1": "NORORIENTE", "AÑO": 2025 }, "geometry": { "type": "Point", "coordinates": [ -70.648169, -33.439358 ] } },
{ "type": "Feature", "properties": { "BARRIO": "MATTA NORTE", "DIA_SEMANA": "Martes", "TIPO_DIA": "Semana", "TRAMO_HORA": "08 A 10 HRS", "MES": "enero", "ZONA_1": "CENTRORIENTE", "AÑO": 2025 }, "geometry": { "type": "Point", "coordinates": [ -70.647337, -33.458968 ] } },
{ "type": "Feature", "properties": { "BARRIO": "CASCO HISTORICO", "DIA_SEMANA": "Martes", "TIPO_DIA": "Semana", "TRAMO_HORA": "08 A 10 HRS", "MES": "enero", "ZONA_1": "NORORIENTE", "AÑO": 2025 }, "geometry": { "type": "Point", "coordinates": [ -70.65354, -33.439555 ] } },
{ "type": "Feature", "properties": { "BARRIO": "CASCO HISTORICO", "DIA_SEMANA": "Martes", "TIPO_DIA": "Semana", "TRAMO_HORA": "08 A 10 HRS", "MES": "enero", "ZONA_1": "NORORIENTE", "AÑO": 2025 }, "geometry": { "type": "Point", "coordinates": [ -70.653426, -33.440243 ] } },
{ "type": "Feature", "properties": { "BARRIO": "SANTA LUCIA FORESTAL", "DIA_SEMANA": "Martes", "TIPO_DIA": "Semana", "TRAMO_HORA": "10 A 12 HRS", "MES": "enero", "ZONA_1": "NORORIENTE", "AÑO": 2025 }, "geometry": { "type": "Point", "coordinates": [ -70.64435, -33.436604 ] } },
{ "type": "Feature", "properties": { "BARRIO": "SAN BORJA", "DIA_SEMANA": "Martes", "TIPO_DIA": "Semana", "TRAMO_HORA": "12 A 14 HRS", "MES": "enero", "ZONA_1": "NORORIENTE", "AÑO": 2025 }, "geometry": { "type": "Point", "coordinates": [ -70.644011, -33.446191 ] } },
{ "type": "Feature", "properties": { "BARRIO": "PARQUE ALMAGRO", "DIA_SEMANA": "Martes", "TIPO_DIA": "Semana", "TRAMO_HORA": "12 A 14 HRS", "MES": "enero", "ZONA_1": "CENTRORIENTE", "AÑO": 2025 }, "geometry": { "type": "Point", "coordinates": [ -70.651372, -33.445504 ] } },
{ "type": "Feature", "properties": { "BARRIO": "SAN VICENTE", "DIA_SEMANA": "Martes", "TIPO_DIA": "Semana", "TRAMO_HORA": "14 A 16 HRS", "MES": "enero", "ZONA_1": "SURPONIENTE", "AÑO": 2025 }, "geometry": { "type": "Point", "coordinates": [ -70.673046, -33.465778 ] } },
{ "type": "Feature", "properties": { "BARRIO": "MEIGGS", "DIA_SEMANA": "Martes", "TIPO_DIA": "Semana", "TRAMO_HORA": "14 A 16 HRS", "MES": "enero", "ZONA_1": "SURPONIENTE", "AÑO": 2025 }, "geometry": null },
{ "type": "Feature", "properties": { "BARRIO": "SANTA ANA", "DIA_SEMANA": "Martes", "TIPO_DIA": "Semana", "TRAMO_HORA": "16 A 18 HRS", "MES": "enero", "ZONA_1": "NORORIENTE", "AÑO": 2025 }, "geometry": { "type": "Point", "coordinates": [ -70.657053, -33.440275 ] } },
{ "type": "Feature", "properties": { "BARRIO": "PARQUE ALMAGRO", "DIA_SEMANA": "Martes", "TIPO_DIA": "Semana", "TRAMO_HORA": "16 A 18 HRS", "MES": "enero", "ZONA_1": "NORORIENTE", "AÑO": 2025 }, "geometry": { "type": "Point", "coordinates": [ -70.644303, -33.444928 ] } },
{ "type": "Feature", "properties": { "BARRIO": "SANTA LUCIA FORESTAL", "DIA_SEMANA": "Martes", "TIPO_DIA": "Semana", "TRAMO_HORA": "16 A 18 HRS", "MES": "enero", "ZONA_1": "NORORIENTE", "AÑO": 2025 }, "geometry": { "type": "Point", "coordinates": [ -70.64102, -33.439301 ] } },
{ "type": "Feature", "properties": { "BARRIO": "PARQUE ALMAGRO", "DIA_SEMANA": "Martes", "TIPO_DIA": "Semana", "TRAMO_HORA": "18 A 20 HRS", "MES": "enero", "ZONA_1": "CENTRORIENTE", "AÑO": 2025 }, "geometry": { "type": "Point", "coordinates": [ -70.647077, -33.448418 ] } },
{ "type": "Feature", "properties": { "BARRIO": "PARQUE ALMAGRO", "DIA_SEMANA": "Martes", "TIPO_DIA": "Semana", "TRAMO_HORA": "18 A 20 HRS", "MES": "enero", "ZONA_1": "CENTRORIENTE", "AÑO": 2025 }, "geometry": { "type": "Point", "coordinates": [ -70.645866, -33.450818 ] } },
{ "type": "Feature", "properties": { "BARRIO": "SANTA ISABEL", "DIA_SEMANA": "Martes", "TIPO_DIA": "Semana", "TRAMO_HORA": "20 A 22 HRS", "MES": "enero", "ZONA_1": "CENTRORIENTE", "AÑO": 2025 }, "geometry": { "type": "Point", "coordinates": [ -70.639868, -33.44899 ] } },
{ "type": "Feature", "properties": { "BARRIO": "PARQUE ALMAGRO", "DIA_SEMANA": "Martes", "TIPO_DIA": "Semana", "TRAMO_HORA": "20 A 22 HRS", "MES": "enero", "ZONA_1": "CENTRORIENTE", "AÑO": 2025 }, "geometry": { "type": "Point", "coordinates": [ -70.655591, -33.449556 ] } },
{ "type": "Feature", "properties": { "BARRIO": "DIEZ DE JULIO", "DIA_SEMANA": "Martes", "TIPO_DIA": "Semana", "TRAMO_HORA": "20 A 22 HRS", "MES": "enero", "ZONA_1": "CENTRORIENTE", "AÑO": 2025 }, "geometry": { "type": "Point", "coordinates": [ -70.634408, -33.452764 ] } },
{ "type": "Feature", "properties": { "BARRIO": "SANTA LUCIA FORESTAL", "DIA_SEMANA": "Martes", "TIPO_DIA": "Semana", "TRAMO_HORA": "20 A 22 HRS", "MES": "enero", "ZONA_1": "NORORIENTE", "AÑO": 2025 }, "geometry": { "type": "Point", "coordinates": [ -70.643398, -33.437483 ] } },
{ "type": "Feature", "properties": { "BARRIO": "SANTA ISABEL", "DIA_SEMANA": "Martes", "TIPO_DIA": "Semana", "TRAMO_HORA": "20 A 22 HRS", "MES": "enero", "ZONA_1": "CENTRORIENTE", "AÑO": 2025 }, "geometry": { "type": "Point", "coordinates": [ -70.648911, -33.447059 ] } },
{ "type": "Feature", "properties": { "BARRIO": "SANTA LUCIA FORESTAL", "DIA_SEMANA": "Martes", "TIPO_DIA": "Semana", "TRAMO_HORA": "20 A 22 HRS", "MES": "enero", "ZONA_1": "NORORIENTE", "AÑO": 2025 }, "geometry": { "type": "Point", "coordinates": [ -70.643398, -33.437483 ] } },
{ "type": "Feature", "properties": { "BARRIO": "DIEZ DE JULIO", "DIA_SEMANA": "Martes", "TIPO_DIA": "Semana", "TRAMO_HORA": "20 A 22 HRS", "MES": "enero", "ZONA_1": "CENTRORIENTE", "AÑO": 2025 }, "geometry": { "type": "Point", "coordinates": [ -70.634182, -33.452692 ] } },
{ "type": "Feature", "properties": { "BARRIO": "SAN BORJA", "DIA_SEMANA": "Martes", "TIPO_DIA": "Semana", "TRAMO_HORA": "20 A 22 HRS", "MES": "enero", "ZONA_1": "CENTRORIENTE", "AÑO": 2025 }, "geometry": { "type": "Point", "coordinates": [ -70.633877, -33.453859 ] } },
{ "type": "Feature", "properties": { "BARRIO": "SANTA ISABEL", "DIA_SEMANA": "Martes", "TIPO_DIA": "Semana", "TRAMO_HORA": "20 A 22 HRS", "MES": "enero", "ZONA_1": "CENTRORIENTE", "AÑO": 2025 }, "geometry": { "type": "Point", "coordinates": [ -70.642985, -33.450303 ] } },
{ "type": "Feature", "properties": { "BARRIO": "PARQUE ALMAGRO", "DIA_SEMANA": "Martes", "TIPO_DIA": "Semana", "TRAMO_HORA": "20 A 22 HRS", "MES": "enero", "ZONA_1": "CENTRORIENTE", "AÑO": 2025 }, "geometry": { "type": "Point", "coordinates": [ -70.648442, -33.453609 ] } },
{ "type": "Feature", "properties": { "BARRIO": "PARQUE ALMAGRO", "DIA_SEMANA": "Martes", "TIPO_DIA": "Semana", "TRAMO_HORA": "20 A 22 HRS", "MES": "enero", "ZONA_1": "CENTRORIENTE", "AÑO": 2025 }, "geometry": { "type": "Point", "coordinates": [ -70.649156, -33.449782 ] } },
{ "type": "Feature", "properties": { "BARRIO": "SAN BORJA", "DIA_SEMANA": "Martes", "TIPO_DIA": "Semana", "TRAMO_HORA": "22 A 00 HRS", "MES": "enero", "ZONA_1": "CENTRORIENTE", "AÑO": 2025 }, "geometry": { "type": "Point", "coordinates": [ -70.633877, -33.453859 ] } },
{ "type": "Feature", "properties": { "BARRIO": "CASCO HISTORICO", "DIA_SEMANA": "Martes", "TIPO_DIA": "Semana", "TRAMO_HORA": "22 A 00 HRS", "MES": "enero", "ZONA_1": "NORORIENTE", "AÑO": 2025 }, "geometry": { "type": "Point", "coordinates": [ -70.657231, -33.434423 ] } },
{ "type": "Feature", "properties": { "BARRIO": "CASCO HISTORICO", "DIA_SEMANA": "Miercoles", "TIPO_DIA": "Semana", "TRAMO_HORA": "00 A 02 HRS", "MES": "enero", "ZONA_1": "NORORIENTE", "AÑO": 2025 }, "geometry": { "type": "Point", "coordinates": [ -70.658726, -33.434513 ] } },
{ "type": "Feature", "properties": { "BARRIO": "SANTA LUCIA FORESTAL", "DIA_SEMANA": "Miercoles", "TIPO_DIA": "Semana", "TRAMO_HORA": "10 A 12 HRS", "MES": "enero", "ZONA_1": "NORORIENTE", "AÑO": 2025 }, "geometry": { "type": "Point", "coordinates": [ -70.641037, -33.437784 ] } },
{ "type": "Feature", "properties": { "BARRIO": "SANTA ANA", "DIA_SEMANA": "Miercoles", "TIPO_DIA": "Semana", "TRAMO_HORA": "10 A 12 HRS", "MES": "enero", "ZONA_1": "NORORIENTE", "AÑO": 2025 }, "geometry": { "type": "Point", "coordinates": [ -70.65298, -33.439868 ] } },
{ "type": "Feature", "properties": { "BARRIO": "MATTA NORTE", "DIA_SEMANA": "Miercoles", "TIPO_DIA": "Semana", "TRAMO_HORA": "10 A 12 HRS", "MES": "enero", "ZONA_1": "CENTRORIENTE", "AÑO": 2025 }, "geometry": { "type": "Point", "coordinates": [ -70.638395, -33.446248 ] } },
{ "type": "Feature", "properties": { "BARRIO": "YUNGAY", "DIA_SEMANA": "Miercoles", "TIPO_DIA": "Semana", "TRAMO_HORA": "12 A 14 HRS", "MES": "enero", "ZONA_1": "NORPONIENTE", "AÑO": 2025 }, "geometry": { "type": "Point", "coordinates": [ -70.67171, -33.448516 ] } },
{ "type": "Feature", "properties": { "BARRIO": "YUNGAY", "DIA_SEMANA": "Miercoles", "TIPO_DIA": "Semana", "TRAMO_HORA": "12 A 14 HRS", "MES": "enero", "ZONA_1": "NORPONIENTE", "AÑO": 2025 }, "geometry": { "type": "Point", "coordinates": [ -70.679925, -33.440408 ] } },
{ "type": "Feature", "properties": { "BARRIO": "SANTA ANA", "DIA_SEMANA": "Miercoles", "TIPO_DIA": "Semana", "TRAMO_HORA": "12 A 14 HRS", "MES": "enero", "ZONA_1": "NORORIENTE", "AÑO": 2025 }, "geometry": { "type": "Point", "coordinates": [ -70.657053, -33.440275 ] } },
{ "type": "Feature", "properties": { "BARRIO": "SANTA ANA", "DIA_SEMANA": "Miercoles", "TIPO_DIA": "Semana", "TRAMO_HORA": "14 A 16 HRS", "MES": "enero", "ZONA_1": "NORORIENTE", "AÑO": 2025 }, "geometry": { "type": "Point", "coordinates": [ -70.65298, -33.439868 ] } },
{ "type": "Feature", "properties": { "BARRIO": "PARQUE ALMAGRO", "DIA_SEMANA": "Miercoles", "TIPO_DIA": "Semana", "TRAMO_HORA": "16 A 18 HRS", "MES": "enero", "ZONA_1": "CENTRORIENTE", "AÑO": 2025 }, "geometry": { "type": "Point", "coordinates": [ -70.651091, -33.45392 ] } },
{ "type": "Feature", "properties": { "BARRIO": "PARQUE ALMAGRO", "DIA_SEMANA": "Miercoles", "TIPO_DIA": "Semana", "TRAMO_HORA": "18 A 20 HRS", "MES": "enero", "ZONA_1": "CENTRORIENTE", "AÑO": 2025 }, "geometry": { "type": "Point", "coordinates": [ -70.652753, -33.448676 ] } },
{ "type": "Feature", "properties": { "BARRIO": "PANAMA", "DIA_SEMANA": "Miercoles", "TIPO_DIA": "Semana", "TRAMO_HORA": "18 A 20 HRS", "MES": "enero", "ZONA_1": "NORPONIENTE", "AÑO": 2025 }, "geometry": { "type": "Point", "coordinates": [ -70.669003, -33.435331 ] } },
{ "type": "Feature", "properties": { "BARRIO": "DIEZ DE JULIO", "DIA_SEMANA": "Miercoles", "TIPO_DIA": "Semana", "TRAMO_HORA": "20 A 22 HRS", "MES": "enero", "ZONA_1": "CENTRORIENTE", "AÑO": 2025 }, "geometry": { "type": "Point", "coordinates": [ -70.634191, -33.452786 ] } },
{ "type": "Feature", "properties": { "BARRIO": "DIEZ DE JULIO", "DIA_SEMANA": "Miercoles", "TIPO_DIA": "Semana", "TRAMO_HORA": "20 A 22 HRS", "MES": "enero", "ZONA_1": "CENTRORIENTE", "AÑO": 2025 }, "geometry": { "type": "Point", "coordinates": [ -70.634191, -33.452786 ] } },
{ "type": "Feature", "properties": { "BARRIO": "DIEZ DE JULIO", "DIA_SEMANA": "Miercoles", "TIPO_DIA": "Semana", "TRAMO_HORA": "20 A 22 HRS", "MES": "enero", "ZONA_1": "CENTRORIENTE", "AÑO": 2025 }, "geometry": { "type": "Point", "coordinates": [ -70.634191, -33.452786 ] } },
{ "type": "Feature", "properties": { "BARRIO": "DIEZ DE JULIO", "DIA_SEMANA": "Miercoles", "TIPO_DIA": "Semana", "TRAMO_HORA": "22 A 00 HRS", "MES": "enero", "ZONA_1": "CENTRORIENTE", "AÑO": 2025 }, "geometry": { "type": "Point", "coordinates": [ -70.634191, -33.452786 ] } },
{ "type": "Feature", "properties": { "BARRIO": "DIEZ DE JULIO", "DIA_SEMANA": "Miercoles", "TIPO_DIA": "Semana", "TRAMO_HORA": "22 A 00 HRS", "MES": "enero", "ZONA_1": "CENTRORIENTE", "AÑO": 2025 }, "geometry": { "type": "Point", "coordinates": [ -70.633887, -33.453953 ] } },
{ "type": "Feature", "properties": { "BARRIO": "SAN BORJA", "DIA_SEMANA": "Jueves", "TIPO_DIA": "Semana", "TRAMO_HORA": "00 A 02 HRS", "MES": "enero", "ZONA_1": "NORORIENTE", "AÑO": 2025 }, "geometry": { "type": "Point", "coordinates": [ -70.640471, -33.445325 ] } },
{ "type": "Feature", "properties": { "BARRIO": "DIEZ DE JULIO", "DIA_SEMANA": "Jueves", "TIPO_DIA": "Semana", "TRAMO_HORA": "00 A 02 HRS", "MES": "enero", "ZONA_1": "CENTRORIENTE", "AÑO": 2025 }, "geometry": { "type": "Point", "coordinates": [ -70.633783, -33.454104 ] } },
{ "type": "Feature", "properties": { "BARRIO": "CASCO HISTORICO", "DIA_SEMANA": "Jueves", "TIPO_DIA": "Semana", "TRAMO_HORA": "08 A 10 HRS", "MES": "enero", "ZONA_1": "NORORIENTE", "AÑO": 2025 }, "geometry": { "type": "Point", "coordinates": [ -70.648169, -33.439358 ] } },
{ "type": "Feature", "properties": { "BARRIO": "YUNGAY", "DIA_SEMANA": "Jueves", "TIPO_DIA": "Semana", "TRAMO_HORA": "10 A 12 HRS", "MES": "enero", "ZONA_1": "NORPONIENTE", "AÑO": 2025 }, "geometry": { "type": "Point", "coordinates": [ -70.679925, -33.440408 ] } },
{ "type": "Feature", "properties": { "BARRIO": "YUNGAY", "DIA_SEMANA": "Jueves", "TIPO_DIA": "Semana", "TRAMO_HORA": "14 A 16 HRS", "MES": "enero", "ZONA_1": "NORPONIENTE", "AÑO": 2025 }, "geometry": { "type": "Point", "coordinates": [ -70.679146, -33.442541 ] } },
{ "type": "Feature", "properties": { "BARRIO": "YUNGAY", "DIA_SEMANA": "Jueves", "TIPO_DIA": "Semana", "TRAMO_HORA": "14 A 16 HRS", "MES": "enero", "ZONA_1": "NORPONIENTE", "AÑO": 2025 }, "geometry": { "type": "Point", "coordinates": [ -70.679925, -33.440408 ] } },
{ "type": "Feature", "properties": { "BARRIO": "PARQUE ALMAGRO", "DIA_SEMANA": "Jueves", "TIPO_DIA": "Semana", "TRAMO_HORA": "16 A 18 HRS", "MES": "enero", "ZONA_1": "CENTRORIENTE", "AÑO": 2025 }, "geometry": { "type": "Point", "coordinates": [ -70.652753, -33.448676 ] } },
{ "type": "Feature", "properties": { "BARRIO": "SANTA LUCIA FORESTAL", "DIA_SEMANA": "Jueves", "TIPO_DIA": "Semana", "TRAMO_HORA": "18 A 20 HRS", "MES": "enero", "ZONA_1": "NORORIENTE", "AÑO": 2025 }, "geometry": { "type": "Point", "coordinates": [ -70.644231, -33.437243 ] } },
{ "type": "Feature", "properties": { "BARRIO": "SANTA LUCIA FORESTAL", "DIA_SEMANA": "Jueves", "TIPO_DIA": "Semana", "TRAMO_HORA": "18 A 20 HRS", "MES": "enero", "ZONA_1": "NORORIENTE", "AÑO": 2025 }, "geometry": { "type": "Point", "coordinates": [ -70.640707, -33.43738 ] } },
{ "type": "Feature", "properties": { "BARRIO": "PARQUE ALMAGRO", "DIA_SEMANA": "Jueves", "TIPO_DIA": "Semana", "TRAMO_HORA": "18 A 20 HRS", "MES": "enero", "ZONA_1": "CENTRORIENTE", "AÑO": 2025 }, "geometry": { "type": "Point", "coordinates": [ -70.653258, -33.446203 ] } },
{ "type": "Feature", "properties": { "BARRIO": "CASCO HISTORICO", "DIA_SEMANA": "Jueves", "TIPO_DIA": "Semana", "TRAMO_HORA": "18 A 20 HRS", "MES": "enero", "ZONA_1": "NORORIENTE", "AÑO": 2025 }, "geometry": { "type": "Point", "coordinates": [ -70.649678, -33.443484 ] } },
{ "type": "Feature", "properties": { "BARRIO": "SANTA ISABEL", "DIA_SEMANA": "Jueves", "TIPO_DIA": "Semana", "TRAMO_HORA": "18 A 20 HRS", "MES": "enero", "ZONA_1": "CENTRORIENTE", "AÑO": 2025 }, "geometry": { "type": "Point", "coordinates": [ -70.645831, -33.4568 ] } },
{ "type": "Feature", "properties": { "BARRIO": "YUNGAY", "DIA_SEMANA": "Jueves", "TIPO_DIA": "Semana", "TRAMO_HORA": "18 A 20 HRS", "MES": "enero", "ZONA_1": "NORPONIENTE", "AÑO": 2025 }, "geometry": { "type": "Point", "coordinates": [ -70.679925, -33.440408 ] } },
{ "type": "Feature", "properties": { "BARRIO": "CASCO HISTORICO", "DIA_SEMANA": "Jueves", "TIPO_DIA": "Semana", "TRAMO_HORA": "18 A 20 HRS", "MES": "enero", "ZONA_1": "NORORIENTE", "AÑO": 2025 }, "geometry": { "type": "Point", "coordinates": [ -70.647138, -33.438067 ] } },
{ "type": "Feature", "properties": { "BARRIO": "DIEZ DE JULIO", "DIA_SEMANA": "Jueves", "TIPO_DIA": "Semana", "TRAMO_HORA": "18 A 20 HRS", "MES": "enero", "ZONA_1": "CENTRORIENTE", "AÑO": 2025 }, "geometry": { "type": "Point", "coordinates": [ -70.633973, -33.453908 ] } },
{ "type": "Feature", "properties": { "BARRIO": "DIEZ DE JULIO", "DIA_SEMANA": "Jueves", "TIPO_DIA": "Semana", "TRAMO_HORA": "20 A 22 HRS", "MES": "enero", "ZONA_1": "CENTRORIENTE", "AÑO": 2025 }, "geometry": { "type": "Point", "coordinates": [ -70.634191, -33.452786 ] } },
{ "type": "Feature", "properties": { "BARRIO": "PANAMA", "DIA_SEMANA": "Jueves", "TIPO_DIA": "Semana", "TRAMO_HORA": "20 A 22 HRS", "MES": "enero", "ZONA_1": "NORPONIENTE", "AÑO": 2025 }, "geometry": { "type": "Point", "coordinates": [ -70.66661, -33.433969 ] } },
{ "type": "Feature", "properties": { "BARRIO": "DIEZ DE JULIO", "DIA_SEMANA": "Jueves", "TIPO_DIA": "Semana", "TRAMO_HORA": "22 A 00 HRS", "MES": "enero", "ZONA_1": "CENTRORIENTE", "AÑO": 2025 }, "geometry": { "type": "Point", "coordinates": [ -70.633887, -33.453953 ] } },
{ "type": "Feature", "properties": { "BARRIO": "MATTA SUR", "DIA_SEMANA": "Jueves", "TIPO_DIA": "Semana", "TRAMO_HORA": "22 A 00 HRS", "MES": "enero", "ZONA_1": "SURORIENTE", "AÑO": 2025 }, "geometry": { "type": "Point", "coordinates": [ -70.647395, -33.466415 ] } },
{ "type": "Feature", "properties": { "BARRIO": "PARQUE ALMAGRO", "DIA_SEMANA": "Viernes", "TIPO_DIA": "Semana", "TRAMO_HORA": "08 A 10 HRS", "MES": "enero", "ZONA_1": "NORORIENTE", "AÑO": 2025 }, "geometry": { "type": "Point", "coordinates": [ -70.644303, -33.444928 ] } },
{ "type": "Feature", "properties": { "BARRIO": "VIEL", "DIA_SEMANA": "Viernes", "TIPO_DIA": "Semana", "TRAMO_HORA": "08 A 10 HRS", "MES": "enero", "ZONA_1": "SURORIENTE", "AÑO": 2025 }, "geometry": { "type": "Point", "coordinates": [ -70.650582, -33.460561 ] } },
{ "type": "Feature", "properties": { "BARRIO": "SANTA ANA", "DIA_SEMANA": "Viernes", "TIPO_DIA": "Semana", "TRAMO_HORA": "10 A 12 HRS", "MES": "enero", "ZONA_1": "NORORIENTE", "AÑO": 2025 }, "geometry": { "type": "Point", "coordinates": [ -70.658719, -33.434319 ] } },
{ "type": "Feature", "properties": { "BARRIO": "EJERCITO", "DIA_SEMANA": "Viernes", "TIPO_DIA": "Semana", "TRAMO_HORA": "12 A 14 HRS", "MES": "enero", "ZONA_1": "SURPONIENTE", "AÑO": 2025 }, "geometry": { "type": "Point", "coordinates": [ -70.672014, -33.452127 ] } },
{ "type": "Feature", "properties": { "BARRIO": "MEIGGS", "DIA_SEMANA": "Viernes", "TIPO_DIA": "Semana", "TRAMO_HORA": "12 A 14 HRS", "MES": "enero", "ZONA_1": "SURPONIENTE", "AÑO": 2025 }, "geometry": { "type": "Point", "coordinates": [ -70.672381, -33.452212 ] } },
{ "type": "Feature", "properties": { "BARRIO": "FRANKLIN", "DIA_SEMANA": "Viernes", "TIPO_DIA": "Semana", "TRAMO_HORA": "12 A 14 HRS", "MES": "enero", "ZONA_1": "SURORIENTE", "AÑO": 2025 }, "geometry": { "type": "Point", "coordinates": [ -70.649773, -33.47573 ] } },
{ "type": "Feature", "properties": { "BARRIO": "PARQUE ALMAGRO", "DIA_SEMANA": "Viernes", "TIPO_DIA": "Semana", "TRAMO_HORA": "14 A 16 HRS", "MES": "enero", "ZONA_1": "CENTRORIENTE", "AÑO": 2025 }, "geometry": { "type": "Point", "coordinates": [ -70.649445, -33.444487 ] } },
{ "type": "Feature", "properties": { "BARRIO": "BRASIL", "DIA_SEMANA": "Viernes", "TIPO_DIA": "Semana", "TRAMO_HORA": "14 A 16 HRS", "MES": "enero", "ZONA_1": "NORPONIENTE", "AÑO": 2025 }, "geometry": { "type": "Point", "coordinates": [ -70.669237, -33.439229 ] } },
{ "type": "Feature", "properties": { "BARRIO": "SANTA ANA", "DIA_SEMANA": "Viernes", "TIPO_DIA": "Semana", "TRAMO_HORA": "14 A 16 HRS", "MES": "enero", "ZONA_1": "NORORIENTE", "AÑO": 2025 }, "geometry": { "type": "Point", "coordinates": [ -70.657053, -33.440275 ] } },
{ "type": "Feature", "properties": { "BARRIO": "SANTA ANA", "DIA_SEMANA": "Viernes", "TIPO_DIA": "Semana", "TRAMO_HORA": "14 A 16 HRS", "MES": "enero", "ZONA_1": "NORORIENTE", "AÑO": 2025 }, "geometry": { "type": "Point", "coordinates": [ -70.657113, -33.440281 ] } },
{ "type": "Feature", "properties": { "BARRIO": "SANTA ISABEL", "DIA_SEMANA": "Viernes", "TIPO_DIA": "Semana", "TRAMO_HORA": "16 A 18 HRS", "MES": "enero", "ZONA_1": "CENTRORIENTE", "AÑO": 2025 }, "geometry": { "type": "Point", "coordinates": [ -70.643258, -33.44793 ] } },
{ "type": "Feature", "properties": { "BARRIO": "DIEZ DE JULIO", "DIA_SEMANA": "Viernes", "TIPO_DIA": "Semana", "TRAMO_HORA": "16 A 18 HRS", "MES": "enero", "ZONA_1": "CENTRORIENTE", "AÑO": 2025 }, "geometry": { "type": "Point", "coordinates": [ -70.635339, -33.451724 ] } },
{ "type": "Feature", "properties": { "BARRIO": "EJERCITO", "DIA_SEMANA": "Viernes", "TIPO_DIA": "Semana", "TRAMO_HORA": "16 A 18 HRS", "MES": "enero", "ZONA_1": "SURPONIENTE", "AÑO": 2025 }, "geometry": { "type": "Point", "coordinates": [ -70.66345, -33.449173 ] } },
{ "type": "Feature", "properties": { "BARRIO": "SANTA ISABEL", "DIA_SEMANA": "Viernes", "TIPO_DIA": "Semana", "TRAMO_HORA": "18 A 20 HRS", "MES": "enero", "ZONA_1": "CENTRORIENTE", "AÑO": 2025 }, "geometry": { "type": "Point", "coordinates": [ -70.632549, -33.446661 ] } },
{ "type": "Feature", "properties": { "BARRIO": "CASCO HISTORICO", "DIA_SEMANA": "Viernes", "TIPO_DIA": "Semana", "TRAMO_HORA": "18 A 20 HRS", "MES": "enero", "ZONA_1": "SURORIENTE", "AÑO": 2025 }, "geometry": { "type": "Point", "coordinates": [ -70.62646, -33.467387 ] } },
{ "type": "Feature", "properties": { "BARRIO": "JUDICIAL", "DIA_SEMANA": "Viernes", "TIPO_DIA": "Semana", "TRAMO_HORA": "18 A 20 HRS", "MES": "enero", "ZONA_1": "SURPONIENTE", "AÑO": 2025 }, "geometry": { "type": "Point", "coordinates": [ -70.658371, -33.470269 ] } },
{ "type": "Feature", "properties": { "BARRIO": "SANTA ANA", "DIA_SEMANA": "Viernes", "TIPO_DIA": "Semana", "TRAMO_HORA": "18 A 20 HRS", "MES": "enero", "ZONA_1": "NORORIENTE", "AÑO": 2025 }, "geometry": { "type": "Point", "coordinates": [ -70.642318, -33.437421 ] } },
{ "type": "Feature", "properties": { "BARRIO": "PARQUE ALMAGRO", "DIA_SEMANA": "Viernes", "TIPO_DIA": "Semana", "TRAMO_HORA": "18 A 20 HRS", "MES": "enero", "ZONA_1": "CENTRORIENTE", "AÑO": 2025 }, "geometry": { "type": "Point", "coordinates": [ -70.647077, -33.448418 ] } },
{ "type": "Feature", "properties": { "BARRIO": "SANTA ISABEL", "DIA_SEMANA": "Viernes", "TIPO_DIA": "Semana", "TRAMO_HORA": "18 A 20 HRS", "MES": "enero", "ZONA_1": "CENTRORIENTE", "AÑO": 2025 }, "geometry": { "type": "Point", "coordinates": [ -70.633393, -33.451541 ] } },
{ "type": "Feature", "properties": { "BARRIO": "MATTA NORTE", "DIA_SEMANA": "Viernes", "TIPO_DIA": "Semana", "TRAMO_HORA": "18 A 20 HRS", "MES": "enero", "ZONA_1": "CENTRORIENTE", "AÑO": 2025 }, "geometry": { "type": "Point", "coordinates": [ -70.633877, -33.453859 ] } },
{ "type": "Feature", "properties": { "BARRIO": "PARQUE ALMAGRO", "DIA_SEMANA": "Viernes", "TIPO_DIA": "Semana", "TRAMO_HORA": "18 A 20 HRS", "MES": "enero", "ZONA_1": "CENTRORIENTE", "AÑO": 2025 }, "geometry": { "type": "Point", "coordinates": [ -70.647043, -33.448508 ] } },
{ "type": "Feature", "properties": { "BARRIO": "PARQUE ALMAGRO", "DIA_SEMANA": "Viernes", "TIPO_DIA": "Semana", "TRAMO_HORA": "20 A 22 HRS", "MES": "enero", "ZONA_1": "CENTRORIENTE", "AÑO": 2025 }, "geometry": { "type": "Point", "coordinates": [ -70.649303, -33.449072 ] } },
{ "type": "Feature", "properties": { "BARRIO": "SANTA ISABEL", "DIA_SEMANA": "Viernes", "TIPO_DIA": "Semana", "TRAMO_HORA": "20 A 22 HRS", "MES": "enero", "ZONA_1": "CENTRORIENTE", "AÑO": 2025 }, "geometry": { "type": "Point", "coordinates": [ -70.642985, -33.450303 ] } },
{ "type": "Feature", "properties": { "BARRIO": "DIEZ DE JULIO", "DIA_SEMANA": "Viernes", "TIPO_DIA": "Semana", "TRAMO_HORA": "20 A 22 HRS", "MES": "enero", "ZONA_1": "CENTRORIENTE", "AÑO": 2025 }, "geometry": { "type": "Point", "coordinates": [ -70.634128, -33.452774 ] } },
{ "type": "Feature", "properties": { "BARRIO": "EJERCITO", "DIA_SEMANA": "Viernes", "TIPO_DIA": "Semana", "TRAMO_HORA": "20 A 22 HRS", "MES": "enero", "ZONA_1": "SURPONIENTE", "AÑO": 2025 }, "geometry": { "type": "Point", "coordinates": [ -70.670455, -33.448736 ] } },
{ "type": "Feature", "properties": { "BARRIO": "CASCO HISTORICO", "DIA_SEMANA": "Viernes", "TIPO_DIA": "Semana", "TRAMO_HORA": "20 A 22 HRS", "MES": "enero", "ZONA_1": "NORORIENTE", "AÑO": 2025 }, "geometry": { "type": "Point", "coordinates": [ -70.655668, -33.43667 ] } },
{ "type": "Feature", "properties": { "BARRIO": "SANTA LUCIA FORESTAL", "DIA_SEMANA": "Viernes", "TIPO_DIA": "Semana", "TRAMO_HORA": "20 A 22 HRS", "MES": "enero", "ZONA_1": "NORORIENTE", "AÑO": 2025 }, "geometry": { "type": "Point", "coordinates": [ -70.640927, -33.438393 ] } },
{ "type": "Feature", "properties": { "BARRIO": "DIEZ DE JULIO", "DIA_SEMANA": "Viernes", "TIPO_DIA": "Semana", "TRAMO_HORA": "20 A 22 HRS", "MES": "enero", "ZONA_1": "CENTRORIENTE", "AÑO": 2025 }, "geometry": { "type": "Point", "coordinates": [ -70.634182, -33.452692 ] } },
{ "type": "Feature", "properties": { "BARRIO": "SAN BORJA", "DIA_SEMANA": "Viernes", "TIPO_DIA": "Semana", "TRAMO_HORA": "20 A 22 HRS", "MES": "enero", "ZONA_1": "CENTRORIENTE", "AÑO": 2025 }, "geometry": { "type": "Point", "coordinates": [ -70.639394, -33.448265 ] } },
{ "type": "Feature", "properties": { "BARRIO": "DIEZ DE JULIO", "DIA_SEMANA": "Viernes", "TIPO_DIA": "Semana", "TRAMO_HORA": "22 A 00 HRS", "MES": "enero", "ZONA_1": "CENTRORIENTE", "AÑO": 2025 }, "geometry": { "type": "Point", "coordinates": [ -70.634191, -33.452786 ] } },
{ "type": "Feature", "properties": { "BARRIO": "SANTA ISABEL", "DIA_SEMANA": "Viernes", "TIPO_DIA": "Semana", "TRAMO_HORA": "22 A 00 HRS", "MES": "enero", "ZONA_1": "CENTRORIENTE", "AÑO": 2025 }, "geometry": { "type": "Point", "coordinates": [ -70.640532, -33.450687 ] } },
{ "type": "Feature", "properties": { "BARRIO": "CASCO HISTORICO", "DIA_SEMANA": "Viernes", "TIPO_DIA": "Semana", "TRAMO_HORA": "22 A 00 HRS", "MES": "enero", "ZONA_1": "NORORIENTE", "AÑO": 2025 }, "geometry": { "type": "Point", "coordinates": [ -70.641016, -33.437892 ] } },
{ "type": "Feature", "properties": { "BARRIO": "PARQUE ALMAGRO", "DIA_SEMANA": "Viernes", "TIPO_DIA": "Semana", "TRAMO_HORA": "22 A 00 HRS", "MES": "enero", "ZONA_1": "CENTRORIENTE", "AÑO": 2025 }, "geometry": { "type": "Point", "coordinates": [ -70.649554, -33.443729 ] } },
{ "type": "Feature", "properties": { "BARRIO": "CASCO HISTORICO", "DIA_SEMANA": "Viernes", "TIPO_DIA": "Semana", "TRAMO_HORA": "22 A 00 HRS", "MES": "enero", "ZONA_1": "NORORIENTE", "AÑO": 2025 }, "geometry": { "type": "Point", "coordinates": [ -70.658711, -33.434379 ] } },
{ "type": "Feature", "properties": { "BARRIO": "SANTA ELENA", "DIA_SEMANA": "Viernes", "TIPO_DIA": "Semana", "TRAMO_HORA": "22 A 00 HRS", "MES": "enero", "ZONA_1": "CENTRORIENTE", "AÑO": 2025 }, "geometry": { "type": "Point", "coordinates": [ -70.629935, -33.455484 ] } },
{ "type": "Feature", "properties": { "BARRIO": "SANTA ELENA", "DIA_SEMANA": "Viernes", "TIPO_DIA": "Semana", "TRAMO_HORA": "22 A 00 HRS", "MES": "enero", "ZONA_1": "CENTRORIENTE", "AÑO": 2025 }, "geometry": { "type": "Point", "coordinates": [ -70.629935, -33.455484 ] } },
{ "type": "Feature", "properties": { "BARRIO": "PARQUE ALMAGRO", "DIA_SEMANA": "Viernes", "TIPO_DIA": "Semana", "TRAMO_HORA": "22 A 00 HRS", "MES": "enero", "ZONA_1": "CENTRORIENTE", "AÑO": 2025 }, "geometry": { "type": "Point", "coordinates": [ -70.652343, -33.450782 ] } },
{ "type": "Feature", "properties": { "BARRIO": "MATTA SUR", "DIA_SEMANA": "Viernes", "TIPO_DIA": "Semana", "TRAMO_HORA": "22 A 00 HRS", "MES": "enero", "ZONA_1": "SURORIENTE", "AÑO": 2025 }, "geometry": { "type": "Point", "coordinates": [ -70.629763, -33.456037 ] } },
{ "type": "Feature", "properties": { "BARRIO": "DIEZ DE JULIO", "DIA_SEMANA": "Viernes", "TIPO_DIA": "Semana", "TRAMO_HORA": "22 A 00 HRS", "MES": "enero", "ZONA_1": "CENTRORIENTE", "AÑO": 2025 }, "geometry": { "type": "Point", "coordinates": [ -70.629934, -33.455389 ] } },
{ "type": "Feature", "properties": { "BARRIO": "SAN BORJA", "DIA_SEMANA": "Sabado", "TIPO_DIA": "Semana", "TRAMO_HORA": "06 A 08 HRS", "MES": "enero", "ZONA_1": "CENTRORIENTE", "AÑO": 2025 }, "geometry": { "type": "Point", "coordinates": [ -70.646195, -33.442985 ] } },
{ "type": "Feature", "properties": { "BARRIO": "PARQUE ALMAGRO", "DIA_SEMANA": "Sabado", "TIPO_DIA": "Semana", "TRAMO_HORA": "06 A 08 HRS", "MES": "enero", "ZONA_1": "NORORIENTE", "AÑO": 2025 }, "geometry": { "type": "Point", "coordinates": [ -70.644303, -33.444928 ] } },
{ "type": "Feature", "properties": { "BARRIO": "MEIGGS", "DIA_SEMANA": "Sabado", "TIPO_DIA": "Semana", "TRAMO_HORA": "10 A 12 HRS", "MES": "enero", "ZONA_1": "SURPONIENTE", "AÑO": 2025 }, "geometry": { "type": "Point", "coordinates": [ -70.672706, -33.451103 ] } },
{ "type": "Feature", "properties": { "BARRIO": "CASCO HISTORICO", "DIA_SEMANA": "Sabado", "TIPO_DIA": "Semana", "TRAMO_HORA": "12 A 14 HRS", "MES": "enero", "ZONA_1": "NORORIENTE", "AÑO": 2025 }, "geometry": { "type": "Point", "coordinates": [ -70.648699, -33.439387 ] } },
{ "type": "Feature", "properties": { "BARRIO": "UNIVERSITARIO", "DIA_SEMANA": "Sabado", "TIPO_DIA": "Semana", "TRAMO_HORA": "12 A 14 HRS", "MES": "enero", "ZONA_1": "SURPONIENTE", "AÑO": 2025 }, "geometry": { "type": "Point", "coordinates": [ -70.663913, -33.457755 ] } },
{ "type": "Feature", "properties": { "BARRIO": "YUNGAY", "DIA_SEMANA": "Sabado", "TIPO_DIA": "Semana", "TRAMO_HORA": "14 A 16 HRS", "MES": "enero", "ZONA_1": "NORPONIENTE", "AÑO": 2025 }, "geometry": { "type": "Point", "coordinates": [ -70.679146, -33.442541 ] } },
{ "type": "Feature", "properties": { "BARRIO": "YUNGAY", "DIA_SEMANA": "Sabado", "TIPO_DIA": "Semana", "TRAMO_HORA": "14 A 16 HRS", "MES": "enero", "ZONA_1": "NORPONIENTE", "AÑO": 2025 }, "geometry": { "type": "Point", "coordinates": [ -70.670861, -33.434972 ] } },
{ "type": "Feature", "properties": { "BARRIO": "SANTA LUCIA FORESTAL", "DIA_SEMANA": "Sabado", "TIPO_DIA": "Semana", "TRAMO_HORA": "14 A 16 HRS", "MES": "enero", "ZONA_1": "NORORIENTE", "AÑO": 2025 }, "geometry": { "type": "Point", "coordinates": [ -70.641925, -33.437934 ] } },
{ "type": "Feature", "properties": { "BARRIO": "SANTA LUCIA FORESTAL", "DIA_SEMANA": "Sabado", "TIPO_DIA": "Semana", "TRAMO_HORA": "16 A 18 HRS", "MES": "enero", "ZONA_1": "NORORIENTE", "AÑO": 2025 }, "geometry": { "type": "Point", "coordinates": [ -70.643311, -33.436449 ] } },
{ "type": "Feature", "properties": { "BARRIO": "SAN BORJA", "DIA_SEMANA": "Sabado", "TIPO_DIA": "Semana", "TRAMO_HORA": "16 A 18 HRS", "MES": "enero", "ZONA_1": "NORORIENTE", "AÑO": 2025 }, "geometry": { "type": "Point", "coordinates": [ -70.644896, -33.44259 ] } },
{ "type": "Feature", "properties": { "BARRIO": "SANTA LUCIA FORESTAL", "DIA_SEMANA": "Sabado", "TIPO_DIA": "Semana", "TRAMO_HORA": "18 A 20 HRS", "MES": "enero", "ZONA_1": "NORORIENTE", "AÑO": 2025 }, "geometry": { "type": "Point", "coordinates": [ -70.643503, -33.436413 ] } },
{ "type": "Feature", "properties": { "BARRIO": "SAN BORJA", "DIA_SEMANA": "Sabado", "TIPO_DIA": "Semana", "TRAMO_HORA": "18 A 20 HRS", "MES": "enero", "ZONA_1": "NORORIENTE", "AÑO": 2025 }, "geometry": { "type": "Point", "coordinates": [ -70.644909, -33.442684 ] } },
{ "type": "Feature", "properties": { "BARRIO": "CASCO HISTORICO", "DIA_SEMANA": "Sabado", "TIPO_DIA": "Semana", "TRAMO_HORA": "18 A 20 HRS", "MES": "enero", "ZONA_1": "NORORIENTE", "AÑO": 2025 }, "geometry": { "type": "Point", "coordinates": [ -70.651946, -33.435069 ] } },
{ "type": "Feature", "properties": { "BARRIO": "YUNGAY", "DIA_SEMANA": "Sabado", "TIPO_DIA": "Semana", "TRAMO_HORA": "18 A 20 HRS", "MES": "enero", "ZONA_1": "NORPONIENTE", "AÑO": 2025 }, "geometry": { "type": "Point", "coordinates": [ -70.691517, -33.439258 ] } },
{ "type": "Feature", "properties": { "BARRIO": "PARQUE ALMAGRO", "DIA_SEMANA": "Sabado", "TIPO_DIA": "Semana", "TRAMO_HORA": "20 A 22 HRS", "MES": "enero", "ZONA_1": "CENTRORIENTE", "AÑO": 2025 }, "geometry": { "type": "Point", "coordinates": [ -70.649349, -33.448987 ] } },
{ "type": "Feature", "properties": { "BARRIO": "SANTA LUCIA FORESTAL", "DIA_SEMANA": "Sabado", "TIPO_DIA": "Semana", "TRAMO_HORA": "20 A 22 HRS", "MES": "enero", "ZONA_1": "NORORIENTE", "AÑO": 2025 }, "geometry": { "type": "Point", "coordinates": [ -70.641279, -33.437233 ] } },
{ "type": "Feature", "properties": { "BARRIO": "SANTA LUCIA FORESTAL", "DIA_SEMANA": "Sabado", "TIPO_DIA": "Semana", "TRAMO_HORA": "20 A 22 HRS", "MES": "enero", "ZONA_1": "NORORIENTE", "AÑO": 2025 }, "geometry": { "type": "Point", "coordinates": [ -70.64102, -33.439301 ] } },
{ "type": "Feature", "properties": { "BARRIO": "CASCO HISTORICO", "DIA_SEMANA": "Sabado", "TIPO_DIA": "Semana", "TRAMO_HORA": "20 A 22 HRS", "MES": "enero", "ZONA_1": "NORORIENTE", "AÑO": 2025 }, "geometry": { "type": "Point", "coordinates": [ -70.658803, -33.43369 ] } },
{ "type": "Feature", "properties": { "BARRIO": "CASCO HISTORICO", "DIA_SEMANA": "Sabado", "TIPO_DIA": "Semana", "TRAMO_HORA": "20 A 22 HRS", "MES": "enero", "ZONA_1": "NORORIENTE", "AÑO": 2025 }, "geometry": { "type": "Point", "coordinates": [ -70.658803, -33.43369 ] } },
{ "type": "Feature", "properties": { "BARRIO": "CASCO HISTORICO", "DIA_SEMANA": "Sabado", "TIPO_DIA": "Semana", "TRAMO_HORA": "20 A 22 HRS", "MES": "enero", "ZONA_1": "NORORIENTE", "AÑO": 2025 }, "geometry": { "type": "Point", "coordinates": [ -70.658803, -33.43369 ] } },
{ "type": "Feature", "properties": { "BARRIO": "DIEZ DE JULIO", "DIA_SEMANA": "Sabado", "TIPO_DIA": "Semana", "TRAMO_HORA": "20 A 22 HRS", "MES": "enero", "ZONA_1": "CENTRORIENTE", "AÑO": 2025 }, "geometry": { "type": "Point", "coordinates": [ -70.630986, -33.453346 ] } },
{ "type": "Feature", "properties": { "BARRIO": "FRANKLIN", "DIA_SEMANA": "Sabado", "TIPO_DIA": "Semana", "TRAMO_HORA": "22 A 00 HRS", "MES": "enero", "ZONA_1": "SURORIENTE", "AÑO": 2025 }, "geometry": { "type": "Point", "coordinates": [ -70.648447, -33.471974 ] } },
{ "type": "Feature", "properties": { "BARRIO": "DIEZ DE JULIO", "DIA_SEMANA": "Sabado", "TIPO_DIA": "Semana", "TRAMO_HORA": "22 A 00 HRS", "MES": "enero", "ZONA_1": "CENTRORIENTE", "AÑO": 2025 }, "geometry": { "type": "Point", "coordinates": [ -70.634191, -33.452786 ] } },
{ "type": "Feature", "properties": { "BARRIO": "DIEZ DE JULIO", "DIA_SEMANA": "Sabado", "TIPO_DIA": "Semana", "TRAMO_HORA": "22 A 00 HRS", "MES": "enero", "ZONA_1": "CENTRORIENTE", "AÑO": 2025 }, "geometry": { "type": "Point", "coordinates": [ -70.634191, -33.452786 ] } },
{ "type": "Feature", "properties": { "BARRIO": "SANTA ELENA", "DIA_SEMANA": "Domingo", "TIPO_DIA": "Semana", "TRAMO_HORA": "00 A 02 HRS", "MES": "enero", "ZONA_1": "CENTRORIENTE", "AÑO": 2025 }, "geometry": { "type": "Point", "coordinates": [ -70.634128, -33.452774 ] } },
{ "type": "Feature", "properties": { "BARRIO": "PARQUE ALMAGRO", "DIA_SEMANA": "Domingo", "TIPO_DIA": "Semana", "TRAMO_HORA": "00 A 02 HRS", "MES": "enero", "ZONA_1": "CENTRORIENTE", "AÑO": 2025 }, "geometry": { "type": "Point", "coordinates": [ -70.652354, -33.449682 ] } },
{ "type": "Feature", "properties": { "BARRIO": "YUNGAY", "DIA_SEMANA": "Domingo", "TIPO_DIA": "Semana", "TRAMO_HORA": "06 A 08 HRS", "MES": "enero", "ZONA_1": "NORPONIENTE", "AÑO": 2025 }, "geometry": { "type": "Point", "coordinates": [ -70.673566, -33.443344 ] } },
{ "type": "Feature", "properties": { "BARRIO": "YUNGAY", "DIA_SEMANA": "Domingo", "TIPO_DIA": "Semana", "TRAMO_HORA": "08 A 10 HRS", "MES": "enero", "ZONA_1": "NORPONIENTE", "AÑO": 2025 }, "geometry": { "type": "Point", "coordinates": [ -70.67465, -33.443075 ] } },
{ "type": "Feature", "properties": { "BARRIO": "YUNGAY", "DIA_SEMANA": "Domingo", "TIPO_DIA": "Semana", "TRAMO_HORA": "10 A 12 HRS", "MES": "enero", "ZONA_1": "NORPONIENTE", "AÑO": 2025 }, "geometry": { "type": "Point", "coordinates": [ -70.668972, -33.442701 ] } },
{ "type": "Feature", "properties": { "BARRIO": "SANTA LUCIA FORESTAL", "DIA_SEMANA": "Domingo", "TIPO_DIA": "Semana", "TRAMO_HORA": "10 A 12 HRS", "MES": "enero", "ZONA_1": "NORPONIENTE", "AÑO": 2025 }, "geometry": { "type": "Point", "coordinates": [ -70.671528, -33.435811 ] } },
{ "type": "Feature", "properties": { "BARRIO": "MATTA NORTE", "DIA_SEMANA": "Domingo", "TIPO_DIA": "Semana", "TRAMO_HORA": "10 A 12 HRS", "MES": "enero", "ZONA_1": "SURORIENTE", "AÑO": 2025 }, "geometry": { "type": "Point", "coordinates": [ -70.649446, -33.469199 ] } },
{ "type": "Feature", "properties": { "BARRIO": "PARQUE ALMAGRO", "DIA_SEMANA": "Domingo", "TIPO_DIA": "Semana", "TRAMO_HORA": "14 A 16 HRS", "MES": "enero", "ZONA_1": "CENTRORIENTE", "AÑO": 2025 }, "geometry": { "type": "Point", "coordinates": [ -70.645866, -33.450818 ] } },
{ "type": "Feature", "properties": { "BARRIO": "SAN BORJA", "DIA_SEMANA": "Domingo", "TIPO_DIA": "Semana", "TRAMO_HORA": "16 A 18 HRS", "MES": "enero", "ZONA_1": "CENTRORIENTE", "AÑO": 2025 }, "geometry": { "type": "Point", "coordinates": [ -70.639655, -33.453752 ] } },
{ "type": "Feature", "properties": { "BARRIO": "DIEZ DE JULIO", "DIA_SEMANA": "Domingo", "TIPO_DIA": "Semana", "TRAMO_HORA": "18 A 20 HRS", "MES": "enero", "ZONA_1": "CENTRORIENTE", "AÑO": 2025 }, "geometry": { "type": "Point", "coordinates": [ -70.650037, -33.454134 ] } },
{ "type": "Feature", "properties": { "BARRIO": "SANTA ELENA", "DIA_SEMANA": "Domingo", "TIPO_DIA": "Semana", "TRAMO_HORA": "20 A 22 HRS", "MES": "enero", "ZONA_1": "SURORIENTE", "AÑO": 2025 }, "geometry": { "type": "Point", "coordinates": [ -70.626683, -33.466724 ] } },
{ "type": "Feature", "properties": { "BARRIO": "DIEZ DE JULIO", "DIA_SEMANA": "Domingo", "TIPO_DIA": "Semana", "TRAMO_HORA": "20 A 22 HRS", "MES": "enero", "ZONA_1": "CENTRORIENTE", "AÑO": 2025 }, "geometry": { "type": "Point", "coordinates": [ -70.634191, -33.452786 ] } },
{ "type": "Feature", "properties": { "BARRIO": "SANTA LUCIA FORESTAL", "DIA_SEMANA": "Domingo", "TIPO_DIA": "Semana", "TRAMO_HORA": "20 A 22 HRS", "MES": "enero", "ZONA_1": "NORORIENTE", "AÑO": 2025 }, "geometry": { "type": "Point", "coordinates": [ -70.643261, -33.435984 ] } },
{ "type": "Feature", "properties": { "BARRIO": "DIEZ DE JULIO", "DIA_SEMANA": "Domingo", "TIPO_DIA": "Semana", "TRAMO_HORA": "20 A 22 HRS", "MES": "enero", "ZONA_1": "CENTRORIENTE", "AÑO": 2025 }, "geometry": { "type": "Point", "coordinates": [ -70.634191, -33.452786 ] } },
{ "type": "Feature", "properties": { "BARRIO": "MATTA NORTE", "DIA_SEMANA": "Domingo", "TIPO_DIA": "Semana", "TRAMO_HORA": "20 A 22 HRS", "MES": "enero", "ZONA_1": "CENTRORIENTE", "AÑO": 2025 }, "geometry": { "type": "Point", "coordinates": [ -70.648346, -33.454051 ] } },
{ "type": "Feature", "properties": { "BARRIO": "PARQUE ALMAGRO", "DIA_SEMANA": "Domingo", "TIPO_DIA": "Semana", "TRAMO_HORA": "20 A 22 HRS", "MES": "enero", "ZONA_1": "CENTRORIENTE", "AÑO": 2025 }, "geometry": { "type": "Point", "coordinates": [ -70.658854, -33.449414 ] } },
{ "type": "Feature", "properties": { "BARRIO": "BALMACEDA", "DIA_SEMANA": "Domingo", "TIPO_DIA": "Semana", "TRAMO_HORA": "20 A 22 HRS", "MES": "enero", "ZONA_1": "NORPONIENTE", "AÑO": 2025 }, "geometry": { "type": "Point", "coordinates": [ -70.673347, -33.431116 ] } },
{ "type": "Feature", "properties": { "BARRIO": "DIEZ DE JULIO", "DIA_SEMANA": "Domingo", "TIPO_DIA": "Semana", "TRAMO_HORA": "20 A 22 HRS", "MES": "enero", "ZONA_1": "CENTRORIENTE", "AÑO": 2025 }, "geometry": { "type": "Point", "coordinates": [ -70.634191, -33.452786 ] } },
{ "type": "Feature", "properties": { "BARRIO": "MATTA NORTE", "DIA_SEMANA": "Domingo", "TIPO_DIA": "Semana", "TRAMO_HORA": "22 A 00 HRS", "MES": "enero", "ZONA_1": "CENTRORIENTE", "AÑO": 2025 }, "geometry": { "type": "Point", "coordinates": [ -70.648414, -33.453744 ] } },
{ "type": "Feature", "properties": { "BARRIO": "PARQUE ALMAGRO", "DIA_SEMANA": "Domingo", "TIPO_DIA": "Semana", "TRAMO_HORA": "22 A 00 HRS", "MES": "enero", "ZONA_1": "CENTRORIENTE", "AÑO": 2025 }, "geometry": { "type": "Point", "coordinates": [ -70.645866, -33.450818 ] } },
{ "type": "Feature", "properties": { "BARRIO": "PARQUE ALMAGRO", "DIA_SEMANA": "Domingo", "TIPO_DIA": "Semana", "TRAMO_HORA": "22 A 00 HRS", "MES": "enero", "ZONA_1": "CENTRORIENTE", "AÑO": 2025 }, "geometry": { "type": "Point", "coordinates": [ -70.652753, -33.448676 ] } },
{ "type": "Feature", "properties": { "BARRIO": "SAN BORJA", "DIA_SEMANA": "Lunes", "TIPO_DIA": "Semana", "TRAMO_HORA": "06 A 08 HRS", "MES": "enero", "ZONA_1": "NORORIENTE", "AÑO": 2025 }, "geometry": { "type": "Point", "coordinates": [ -70.645939, -33.443755 ] } },
{ "type": "Feature", "properties": { "BARRIO": "SAN BORJA", "DIA_SEMANA": "Lunes", "TIPO_DIA": "Semana", "TRAMO_HORA": "06 A 08 HRS", "MES": "enero", "ZONA_1": "NORORIENTE", "AÑO": 2025 }, "geometry": { "type": "Point", "coordinates": [ -70.645939, -33.443755 ] } },
{ "type": "Feature", "properties": { "BARRIO": "SANTA ANA", "DIA_SEMANA": "Lunes", "TIPO_DIA": "Semana", "TRAMO_HORA": "06 A 08 HRS", "MES": "enero", "ZONA_1": "NORORIENTE", "AÑO": 2025 }, "geometry": { "type": "Point", "coordinates": [ -70.65812, -33.438127 ] } },
{ "type": "Feature", "properties": { "BARRIO": "CASCO HISTORICO", "DIA_SEMANA": "Lunes", "TIPO_DIA": "Semana", "TRAMO_HORA": "08 A 10 HRS", "MES": "enero", "ZONA_1": "NORORIENTE", "AÑO": 2025 }, "geometry": { "type": "Point", "coordinates": [ -70.648169, -33.439358 ] } },
{ "type": "Feature", "properties": { "BARRIO": "SANTA ANA", "DIA_SEMANA": "Lunes", "TIPO_DIA": "Semana", "TRAMO_HORA": "10 A 12 HRS", "MES": "enero", "ZONA_1": "NORORIENTE", "AÑO": 2025 }, "geometry": { "type": "Point", "coordinates": [ -70.657053, -33.440275 ] } },
{ "type": "Feature", "properties": { "BARRIO": "CASCO HISTORICO", "DIA_SEMANA": "Lunes", "TIPO_DIA": "Semana", "TRAMO_HORA": "12 A 14 HRS", "MES": "enero", "ZONA_1": "NORORIENTE", "AÑO": 2025 }, "geometry": { "type": "Point", "coordinates": [ -70.650193, -33.43488 ] } },
{ "type": "Feature", "properties": { "BARRIO": "SANTA ANA", "DIA_SEMANA": "Lunes", "TIPO_DIA": "Semana", "TRAMO_HORA": "12 A 14 HRS", "MES": "enero", "ZONA_1": "NORORIENTE", "AÑO": 2025 }, "geometry": { "type": "Point", "coordinates": [ -70.65697, -33.44041 ] } },
{ "type": "Feature", "properties": { "BARRIO": "SANTA ANA", "DIA_SEMANA": "Lunes", "TIPO_DIA": "Semana", "TRAMO_HORA": "18 A 20 HRS", "MES": "enero", "ZONA_1": "NORORIENTE", "AÑO": 2025 }, "geometry": { "type": "Point", "coordinates": [ -70.656839, -33.434462 ] } },
{ "type": "Feature", "properties": { "BARRIO": "SANTA LUCIA FORESTAL", "DIA_SEMANA": "Lunes", "TIPO_DIA": "Semana", "TRAMO_HORA": "18 A 20 HRS", "MES": "enero", "ZONA_1": "NORORIENTE", "AÑO": 2025 }, "geometry": { "type": "Point", "coordinates": [ -70.64102, -33.439301 ] } },
{ "type": "Feature", "properties": { "BARRIO": "DIEZ DE JULIO", "DIA_SEMANA": "Lunes", "TIPO_DIA": "Semana", "TRAMO_HORA": "20 A 22 HRS", "MES": "enero", "ZONA_1": "CENTRORIENTE", "AÑO": 2025 }, "geometry": { "type": "Point", "coordinates": [ -70.634191, -33.452786 ] } },
{ "type": "Feature", "properties": { "BARRIO": "DIEZ DE JULIO", "DIA_SEMANA": "Lunes", "TIPO_DIA": "Semana", "TRAMO_HORA": "20 A 22 HRS", "MES": "enero", "ZONA_1": "CENTRORIENTE", "AÑO": 2025 }, "geometry": { "type": "Point", "coordinates": [ -70.634182, -33.452692 ] } },
{ "type": "Feature", "properties": { "BARRIO": "VIEL", "DIA_SEMANA": "Lunes", "TIPO_DIA": "Semana", "TRAMO_HORA": "20 A 22 HRS", "MES": "enero", "ZONA_1": "SURORIENTE", "AÑO": 2025 }, "geometry": { "type": "Point", "coordinates": [ -70.648888, -33.463725 ] } },
{ "type": "Feature", "properties": { "BARRIO": "PARQUE ALMAGRO", "DIA_SEMANA": "Lunes", "TIPO_DIA": "Semana", "TRAMO_HORA": "20 A 22 HRS", "MES": "enero", "ZONA_1": "CENTRORIENTE", "AÑO": 2025 }, "geometry": { "type": "Point", "coordinates": [ -70.645866, -33.450818 ] } },
{ "type": "Feature", "properties": { "BARRIO": "CLUB HIPICO", "DIA_SEMANA": "Lunes", "TIPO_DIA": "Semana", "TRAMO_HORA": "20 A 22 HRS", "MES": "enero", "ZONA_1": "CENTRORIENTE", "AÑO": 2025 }, "geometry": { "type": "Point", "coordinates": [ -70.645866, -33.450818 ] } },
{ "type": "Feature", "properties": { "BARRIO": "SANTA LUCIA FORESTAL", "DIA_SEMANA": "Lunes", "TIPO_DIA": "Semana", "TRAMO_HORA": "22 A 00 HRS", "MES": "enero", "ZONA_1": "NORORIENTE", "AÑO": 2025 }, "geometry": { "type": "Point", "coordinates": [ -70.640731, -33.439384 ] } },
{ "type": "Feature", "properties": { "BARRIO": "MATTA NORTE", "DIA_SEMANA": "Lunes", "TIPO_DIA": "Semana", "TRAMO_HORA": "22 A 00 HRS", "MES": "enero", "ZONA_1": "CENTRORIENTE", "AÑO": 2025 }, "geometry": { "type": "Point", "coordinates": [ -70.648414, -33.453744 ] } },
{ "type": "Feature", "properties": { "BARRIO": "SANTA LUCIA FORESTAL", "DIA_SEMANA": "Martes", "TIPO_DIA": "Semana", "TRAMO_HORA": "00 A 02 HRS", "MES": "enero", "ZONA_1": "NORPONIENTE", "AÑO": 2025 }, "geometry": { "type": "Point", "coordinates": [ -70.671528, -33.435811 ] } },
{ "type": "Feature", "properties": { "BARRIO": "SAN BORJA", "DIA_SEMANA": "Martes", "TIPO_DIA": "Semana", "TRAMO_HORA": "04 A 06 HRS", "MES": "enero", "ZONA_1": "NORORIENTE", "AÑO": 2025 }, "geometry": { "type": "Point", "coordinates": [ -70.645652, -33.442828 ] } },
{ "type": "Feature", "properties": { "BARRIO": "YUNGAY", "DIA_SEMANA": "Martes", "TIPO_DIA": "Semana", "TRAMO_HORA": "10 A 12 HRS", "MES": "enero", "ZONA_1": "NORPONIENTE", "AÑO": 2025 }, "geometry": null },
{ "type": "Feature", "properties": { "BARRIO": "YUNGAY", "DIA_SEMANA": "Martes", "TIPO_DIA": "Semana", "TRAMO_HORA": "12 A 14 HRS", "MES": "enero", "ZONA_1": "NORPONIENTE", "AÑO": 2025 }, "geometry": { "type": "Point", "coordinates": [ -70.679925, -33.440408 ] } },
{ "type": "Feature", "properties": { "BARRIO": "MATTA NORTE", "DIA_SEMANA": "Martes", "TIPO_DIA": "Semana", "TRAMO_HORA": "12 A 14 HRS", "MES": "enero", "ZONA_1": "CENTRORIENTE", "AÑO": 2025 }, "geometry": { "type": "Point", "coordinates": [ -70.634677, -33.45538 ] } },
{ "type": "Feature", "properties": { "BARRIO": "BRASIL", "DIA_SEMANA": "Martes", "TIPO_DIA": "Semana", "TRAMO_HORA": "14 A 16 HRS", "MES": "enero", "ZONA_1": "NORPONIENTE", "AÑO": 2025 }, "geometry": { "type": "Point", "coordinates": [ -70.668547, -33.439157 ] } },
{ "type": "Feature", "properties": { "BARRIO": "SAN BORJA", "DIA_SEMANA": "Martes", "TIPO_DIA": "Semana", "TRAMO_HORA": "16 A 18 HRS", "MES": "enero", "ZONA_1": "CENTRORIENTE", "AÑO": 2025 }, "geometry": { "type": "Point", "coordinates": [ -70.643007, -33.44769 ] } },
{ "type": "Feature", "properties": { "BARRIO": "SANTA LUCIA FORESTAL", "DIA_SEMANA": "Martes", "TIPO_DIA": "Semana", "TRAMO_HORA": "18 A 20 HRS", "MES": "enero", "ZONA_1": "NORORIENTE", "AÑO": 2025 }, "geometry": { "type": "Point", "coordinates": [ -70.64102, -33.439301 ] } },
{ "type": "Feature", "properties": { "BARRIO": "HUEMUL", "DIA_SEMANA": "Martes", "TIPO_DIA": "Semana", "TRAMO_HORA": "18 A 20 HRS", "MES": "enero", "ZONA_1": "SURORIENTE", "AÑO": 2025 }, "geometry": { "type": "Point", "coordinates": [ -70.649936, -33.465979 ] } },
{ "type": "Feature", "properties": { "BARRIO": "DIEZ DE JULIO", "DIA_SEMANA": "Martes", "TIPO_DIA": "Semana", "TRAMO_HORA": "20 A 22 HRS", "MES": "enero", "ZONA_1": "CENTRORIENTE", "AÑO": 2025 }, "geometry": { "type": "Point", "coordinates": [ -70.634191, -33.452786 ] } },
{ "type": "Feature", "properties": { "BARRIO": "PARQUE ALMAGRO", "DIA_SEMANA": "Martes", "TIPO_DIA": "Semana", "TRAMO_HORA": "20 A 22 HRS", "MES": "enero", "ZONA_1": "CENTRORIENTE", "AÑO": 2025 }, "geometry": { "type": "Point", "coordinates": [ -70.648442, -33.453609 ] } },
{ "type": "Feature", "properties": { "BARRIO": "SANTA LUCIA FORESTAL", "DIA_SEMANA": "Martes", "TIPO_DIA": "Semana", "TRAMO_HORA": "20 A 22 HRS", "MES": "enero", "ZONA_1": "NORORIENTE", "AÑO": 2025 }, "geometry": { "type": "Point", "coordinates": [ -70.64102, -33.439301 ] } },
{ "type": "Feature", "properties": { "BARRIO": "SANTA ISABEL", "DIA_SEMANA": "Martes", "TIPO_DIA": "Semana", "TRAMO_HORA": "20 A 22 HRS", "MES": "enero", "ZONA_1": "CENTRORIENTE", "AÑO": 2025 }, "geometry": { "type": "Point", "coordinates": [ -70.642888, -33.450572 ] } },
{ "type": "Feature", "properties": { "BARRIO": "MATTA NORTE", "DIA_SEMANA": "Martes", "TIPO_DIA": "Semana", "TRAMO_HORA": "22 A 00 HRS", "MES": "enero", "ZONA_1": "CENTRORIENTE", "AÑO": 2025 }, "geometry": { "type": "Point", "coordinates": [ -70.648319, -33.45396 ] } },
{ "type": "Feature", "properties": { "BARRIO": "SANTA LUCIA FORESTAL", "DIA_SEMANA": "Miercoles", "TIPO_DIA": "Semana", "TRAMO_HORA": "06 A 08 HRS", "MES": "enero", "ZONA_1": "NORORIENTE", "AÑO": 2025 }, "geometry": { "type": "Point", "coordinates": [ -70.647911, -33.434127 ] } },
{ "type": "Feature", "properties": { "BARRIO": "CASCO HISTORICO", "DIA_SEMANA": "Miercoles", "TIPO_DIA": "Semana", "TRAMO_HORA": "08 A 10 HRS", "MES": "enero", "ZONA_1": "NORORIENTE", "AÑO": 2025 }, "geometry": { "type": "Point", "coordinates": [ -70.648169, -33.439358 ] } },
{ "type": "Feature", "properties": { "BARRIO": "BRASIL", "DIA_SEMANA": "Miercoles", "TIPO_DIA": "Semana", "TRAMO_HORA": "10 A 12 HRS", "MES": "enero", "ZONA_1": "NORPONIENTE", "AÑO": 2025 }, "geometry": { "type": "Point", "coordinates": [ -70.668731, -33.435313 ] } },
{ "type": "Feature", "properties": { "BARRIO": "YUNGAY", "DIA_SEMANA": "Miercoles", "TIPO_DIA": "Semana", "TRAMO_HORA": "10 A 12 HRS", "MES": "enero", "ZONA_1": "NORPONIENTE", "AÑO": 2025 }, "geometry": { "type": "Point", "coordinates": [ -70.673566, -33.443344 ] } },
{ "type": "Feature", "properties": { "BARRIO": "DIEZ DE JULIO", "DIA_SEMANA": "Miercoles", "TIPO_DIA": "Semana", "TRAMO_HORA": "12 A 14 HRS", "MES": "enero", "ZONA_1": "CENTRORIENTE", "AÑO": 2025 }, "geometry": { "type": "Point", "coordinates": [ -70.633973, -33.453908 ] } },
{ "type": "Feature", "properties": { "BARRIO": "SANTA ANA", "DIA_SEMANA": "Miercoles", "TIPO_DIA": "Semana", "TRAMO_HORA": "12 A 14 HRS", "MES": "enero", "ZONA_1": "NORORIENTE", "AÑO": 2025 }, "geometry": { "type": "Point", "coordinates": [ -70.657053, -33.440275 ] } },
{ "type": "Feature", "properties": { "BARRIO": "CASCO HISTORICO", "DIA_SEMANA": "Miercoles", "TIPO_DIA": "Semana", "TRAMO_HORA": "12 A 14 HRS", "MES": "enero", "ZONA_1": "NORORIENTE", "AÑO": 2025 }, "geometry": { "type": "Point", "coordinates": [ -70.654185, -33.436593 ] } },
{ "type": "Feature", "properties": { "BARRIO": "SANTA LUCIA FORESTAL", "DIA_SEMANA": "Miercoles", "TIPO_DIA": "Semana", "TRAMO_HORA": "14 A 16 HRS", "MES": "enero", "ZONA_1": "NORORIENTE", "AÑO": 2025 }, "geometry": { "type": "Point", "coordinates": [ -70.643372, -33.435994 ] } },
{ "type": "Feature", "properties": { "BARRIO": "CASCO HISTORICO", "DIA_SEMANA": "Miercoles", "TIPO_DIA": "Semana", "TRAMO_HORA": "16 A 18 HRS", "MES": "enero", "ZONA_1": "NORORIENTE", "AÑO": 2025 }, "geometry": { "type": "Point", "coordinates": [ -70.656848, -33.434776 ] } },
{ "type": "Feature", "properties": { "BARRIO": "CASCO HISTORICO", "DIA_SEMANA": "Miercoles", "TIPO_DIA": "Semana", "TRAMO_HORA": "18 A 20 HRS", "MES": "enero", "ZONA_1": "NORORIENTE", "AÑO": 2025 }, "geometry": { "type": "Point", "coordinates": [ -70.645097, -33.437867 ] } },
{ "type": "Feature", "properties": { "BARRIO": "SANTA ISABEL", "DIA_SEMANA": "Miercoles", "TIPO_DIA": "Semana", "TRAMO_HORA": "18 A 20 HRS", "MES": "enero", "ZONA_1": "CENTRORIENTE", "AÑO": 2025 }, "geometry": { "type": "Point", "coordinates": [ -70.640585, -33.449613 ] } },
{ "type": "Feature", "properties": { "BARRIO": "SANTA LUCIA FORESTAL", "DIA_SEMANA": "Miercoles", "TIPO_DIA": "Semana", "TRAMO_HORA": "18 A 20 HRS", "MES": "enero", "ZONA_1": "NORORIENTE", "AÑO": 2025 }, "geometry": { "type": "Point", "coordinates": [ -70.644169, -33.437704 ] } },
{ "type": "Feature", "properties": { "BARRIO": "SANTA LUCIA FORESTAL", "DIA_SEMANA": "Miercoles", "TIPO_DIA": "Semana", "TRAMO_HORA": "20 A 22 HRS", "MES": "enero", "ZONA_1": "NORORIENTE", "AÑO": 2025 }, "geometry": { "type": "Point", "coordinates": [ -70.640898, -33.439472 ] } },
{ "type": "Feature", "properties": { "BARRIO": "SANTA ISABEL", "DIA_SEMANA": "Miercoles", "TIPO_DIA": "Semana", "TRAMO_HORA": "20 A 22 HRS", "MES": "enero", "ZONA_1": "CENTRORIENTE", "AÑO": 2025 }, "geometry": { "type": "Point", "coordinates": [ -70.640532, -33.450687 ] } },
{ "type": "Feature", "properties": { "BARRIO": "SANTA ANA", "DIA_SEMANA": "Miercoles", "TIPO_DIA": "Semana", "TRAMO_HORA": "20 A 22 HRS", "MES": "enero", "ZONA_1": "NORORIENTE", "AÑO": 2025 }, "geometry": { "type": "Point", "coordinates": [ -70.65756, -33.440326 ] } },
{ "type": "Feature", "properties": { "BARRIO": "BRASIL", "DIA_SEMANA": "Miercoles", "TIPO_DIA": "Semana", "TRAMO_HORA": "20 A 22 HRS", "MES": "enero", "ZONA_1": "NORPONIENTE", "AÑO": 2025 }, "geometry": { "type": "Point", "coordinates": [ -70.66497, -33.442885 ] } },
{ "type": "Feature", "properties": { "BARRIO": "SIERRA BELLA", "DIA_SEMANA": "Miercoles", "TIPO_DIA": "Semana", "TRAMO_HORA": "22 A 00 HRS", "MES": "enero", "ZONA_1": "SURORIENTE", "AÑO": 2025 }, "geometry": { "type": "Point", "coordinates": [ -70.635361, -33.473405 ] } },
{ "type": "Feature", "properties": { "BARRIO": "PARQUE ALMAGRO", "DIA_SEMANA": "Miercoles", "TIPO_DIA": "Semana", "TRAMO_HORA": "22 A 00 HRS", "MES": "enero", "ZONA_1": "CENTRORIENTE", "AÑO": 2025 }, "geometry": { "type": "Point", "coordinates": [ -70.647043, -33.448508 ] } },
{ "type": "Feature", "properties": { "BARRIO": "SANTA ISABEL", "DIA_SEMANA": "Miercoles", "TIPO_DIA": "Semana", "TRAMO_HORA": "22 A 00 HRS", "MES": "enero", "ZONA_1": "CENTRORIENTE", "AÑO": 2025 }, "geometry": { "type": "Point", "coordinates": [ -70.642985, -33.450303 ] } },
{ "type": "Feature", "properties": { "BARRIO": "SIERRA BELLA", "DIA_SEMANA": "Miercoles", "TIPO_DIA": "Semana", "TRAMO_HORA": "00 A 02 HRS", "MES": "enero", "ZONA_1": "SURORIENTE", "AÑO": 2025 }, "geometry": { "type": "Point", "coordinates": [ -70.62646, -33.467387 ] } },
{ "type": "Feature", "properties": { "BARRIO": "VIEL", "DIA_SEMANA": "Jueves", "TIPO_DIA": "Semana", "TRAMO_HORA": "10 A 12 HRS", "MES": "enero", "ZONA_1": "SURORIENTE", "AÑO": 2025 }, "geometry": { "type": "Point", "coordinates": [ -70.649218, -33.468712 ] } },
{ "type": "Feature", "properties": { "BARRIO": "SANTA LUCIA FORESTAL", "DIA_SEMANA": "Jueves", "TIPO_DIA": "Semana", "TRAMO_HORA": "12 A 14 HRS", "MES": "enero", "ZONA_1": "NORORIENTE", "AÑO": 2025 }, "geometry": { "type": "Point", "coordinates": [ -70.65697, -33.44041 ] } },
{ "type": "Feature", "properties": { "BARRIO": "CASCO HISTORICO", "DIA_SEMANA": "Jueves", "TIPO_DIA": "Semana", "TRAMO_HORA": "12 A 14 HRS", "MES": "enero", "ZONA_1": "NORORIENTE", "AÑO": 2025 }, "geometry": { "type": "Point", "coordinates": [ -70.648699, -33.439387 ] } },
{ "type": "Feature", "properties": { "BARRIO": "VIEL", "DIA_SEMANA": "Jueves", "TIPO_DIA": "Semana", "TRAMO_HORA": "14 A 16 HRS", "MES": "enero", "ZONA_1": "SURORIENTE", "AÑO": 2025 }, "geometry": { "type": "Point", "coordinates": [ -70.649023, -33.474474 ] } },
{ "type": "Feature", "properties": { "BARRIO": "MATTA SUR", "DIA_SEMANA": "Jueves", "TIPO_DIA": "Semana", "TRAMO_HORA": "14 A 16 HRS", "MES": "enero", "ZONA_1": "SURORIENTE", "AÑO": 2025 }, "geometry": { "type": "Point", "coordinates": [ -70.640056, -33.457798 ] } },
{ "type": "Feature", "properties": { "BARRIO": "SANTA ANA", "DIA_SEMANA": "Jueves", "TIPO_DIA": "Semana", "TRAMO_HORA": "16 A 18 HRS", "MES": "enero", "ZONA_1": "NORORIENTE", "AÑO": 2025 }, "geometry": { "type": "Point", "coordinates": [ -70.657053, -33.440275 ] } },
{ "type": "Feature", "properties": { "BARRIO": "PARQUE ALMAGRO", "DIA_SEMANA": "Jueves", "TIPO_DIA": "Semana", "TRAMO_HORA": "20 A 22 HRS", "MES": "enero", "ZONA_1": "CENTRORIENTE", "AÑO": 2025 }, "geometry": { "type": "Point", "coordinates": [ -70.652961, -33.447784 ] } },
{ "type": "Feature", "properties": { "BARRIO": "DIEZ DE JULIO", "DIA_SEMANA": "Jueves", "TIPO_DIA": "Semana", "TRAMO_HORA": "20 A 22 HRS", "MES": "enero", "ZONA_1": "CENTRORIENTE", "AÑO": 2025 }, "geometry": { "type": "Point", "coordinates": [ -70.634191, -33.452786 ] } },
{ "type": "Feature", "properties": { "BARRIO": "SANTA LUCIA FORESTAL", "DIA_SEMANA": "Jueves", "TIPO_DIA": "Semana", "TRAMO_HORA": "20 A 22 HRS", "MES": "enero", "ZONA_1": "NORORIENTE", "AÑO": 2025 }, "geometry": { "type": "Point", "coordinates": [ -70.641041, -33.43748 ] } },
{ "type": "Feature", "properties": { "BARRIO": "PARQUE ALMAGRO", "DIA_SEMANA": "Jueves", "TIPO_DIA": "Semana", "TRAMO_HORA": "22 A 00 HRS", "MES": "enero", "ZONA_1": "CENTRORIENTE", "AÑO": 2025 }, "geometry": { "type": "Point", "coordinates": [ -70.647043, -33.448508 ] } },
{ "type": "Feature", "properties": { "BARRIO": "SANTA ANA", "DIA_SEMANA": "Jueves", "TIPO_DIA": "Semana", "TRAMO_HORA": "22 A 00 HRS", "MES": "enero", "ZONA_1": "NORORIENTE", "AÑO": 2025 }, "geometry": { "type": "Point", "coordinates": [ -70.65891, -33.433382 ] } },
{ "type": "Feature", "properties": { "BARRIO": "SANTA ISABEL", "DIA_SEMANA": "Jueves", "TIPO_DIA": "Semana", "TRAMO_HORA": "22 A 00 HRS", "MES": "enero", "ZONA_1": "CENTRORIENTE", "AÑO": 2025 }, "geometry": { "type": "Point", "coordinates": [ -70.634131, -33.445007 ] } },
{ "type": "Feature", "properties": { "BARRIO": "DIEZ DE JULIO", "DIA_SEMANA": "Jueves", "TIPO_DIA": "Semana", "TRAMO_HORA": "22 A 00 HRS", "MES": "enero", "ZONA_1": "CENTRORIENTE", "AÑO": 2025 }, "geometry": { "type": "Point", "coordinates": [ -70.634191, -33.452786 ] } },
{ "type": "Feature", "properties": { "BARRIO": "SANTA LUCIA FORESTAL", "DIA_SEMANA": "Jueves", "TIPO_DIA": "Semana", "TRAMO_HORA": "22 A 00 HRS", "MES": "enero", "ZONA_1": "NORORIENTE", "AÑO": 2025 }, "geometry": { "type": "Point", "coordinates": [ -70.641041, -33.43748 ] } },
{ "type": "Feature", "properties": { "BARRIO": "CASCO HISTORICO", "DIA_SEMANA": "Viernes", "TIPO_DIA": "Semana", "TRAMO_HORA": "08 A 10 HRS", "MES": "enero", "ZONA_1": "NORORIENTE", "AÑO": 2025 }, "geometry": { "type": "Point", "coordinates": [ -70.648169, -33.439358 ] } },
{ "type": "Feature", "properties": { "BARRIO": "VIEL", "DIA_SEMANA": "Viernes", "TIPO_DIA": "Semana", "TRAMO_HORA": "08 A 10 HRS", "MES": "enero", "ZONA_1": "SURORIENTE", "AÑO": 2025 }, "geometry": { "type": "Point", "coordinates": [ -70.649218, -33.468712 ] } },
{ "type": "Feature", "properties": { "BARRIO": "SANTA LUCIA FORESTAL", "DIA_SEMANA": "Viernes", "TIPO_DIA": "Semana", "TRAMO_HORA": "16 A 18 HRS", "MES": "enero", "ZONA_1": "NORORIENTE", "AÑO": 2025 }, "geometry": { "type": "Point", "coordinates": [ -70.643423, -33.436458 ] } },
{ "type": "Feature", "properties": { "BARRIO": "YUNGAY", "DIA_SEMANA": "Viernes", "TIPO_DIA": "Semana", "TRAMO_HORA": "16 A 18 HRS", "MES": "enero", "ZONA_1": "NORPONIENTE", "AÑO": 2025 }, "geometry": { "type": "Point", "coordinates": [ -70.679821, -33.429731 ] } },
{ "type": "Feature", "properties": { "BARRIO": "SANTA ISABEL", "DIA_SEMANA": "Viernes", "TIPO_DIA": "Semana", "TRAMO_HORA": "16 A 18 HRS", "MES": "enero", "ZONA_1": "CENTRORIENTE", "AÑO": 2025 }, "geometry": { "type": "Point", "coordinates": [ -70.633353, -33.449151 ] } },
{ "type": "Feature", "properties": { "BARRIO": "DIEZ DE JULIO", "DIA_SEMANA": "Viernes", "TIPO_DIA": "Semana", "TRAMO_HORA": "18 A 20 HRS", "MES": "enero", "ZONA_1": "CENTRORIENTE", "AÑO": 2025 }, "geometry": { "type": "Point", "coordinates": [ -70.634191, -33.452786 ] } },
{ "type": "Feature", "properties": { "BARRIO": "SIERRA BELLA", "DIA_SEMANA": "Viernes", "TIPO_DIA": "Semana", "TRAMO_HORA": "20 A 22 HRS", "MES": "enero", "ZONA_1": "SURORIENTE", "AÑO": 2025 }, "geometry": { "type": "Point", "coordinates": [ -70.626643, -33.466869 ] } },
{ "type": "Feature", "properties": { "BARRIO": "DIEZ DE JULIO", "DIA_SEMANA": "Viernes", "TIPO_DIA": "Semana", "TRAMO_HORA": "20 A 22 HRS", "MES": "enero", "ZONA_1": "CENTRORIENTE", "AÑO": 2025 }, "geometry": { "type": "Point", "coordinates": [ -70.631855, -33.453608 ] } },
{ "type": "Feature", "properties": { "BARRIO": "SAN BORJA", "DIA_SEMANA": "Viernes", "TIPO_DIA": "Semana", "TRAMO_HORA": "22 A 00 HRS", "MES": "enero", "ZONA_1": "CENTRORIENTE", "AÑO": 2025 }, "geometry": { "type": "Point", "coordinates": [ -70.645866, -33.450818 ] } },
{ "type": "Feature", "properties": { "BARRIO": "SANTA ISABEL", "DIA_SEMANA": "Viernes", "TIPO_DIA": "Semana", "TRAMO_HORA": "22 A 00 HRS", "MES": "enero", "ZONA_1": "CENTRORIENTE", "AÑO": 2025 }, "geometry": { "type": "Point", "coordinates": [ -70.640609, -33.450706 ] } },
{ "type": "Feature", "properties": { "BARRIO": "CASCO HISTORICO", "DIA_SEMANA": "Sabado", "TIPO_DIA": "Semana", "TRAMO_HORA": "08 A 10 HRS", "MES": "enero", "ZONA_1": "NORORIENTE", "AÑO": 2025 }, "geometry": { "type": "Point", "coordinates": [ -70.648547, -33.433987 ] } },
{ "type": "Feature", "properties": { "BARRIO": "SANTA ISABEL", "DIA_SEMANA": "Sabado", "TIPO_DIA": "Semana", "TRAMO_HORA": "10 A 12 HRS", "MES": "enero", "ZONA_1": "CENTRORIENTE", "AÑO": 2025 }, "geometry": { "type": "Point", "coordinates": [ -70.642706, -33.455583 ] } },
{ "type": "Feature", "properties": { "BARRIO": "YUNGAY", "DIA_SEMANA": "Sabado", "TIPO_DIA": "Semana", "TRAMO_HORA": "10 A 12 HRS", "MES": "enero", "ZONA_1": "NORPONIENTE", "AÑO": 2025 }, "geometry": null },
{ "type": "Feature", "properties": { "BARRIO": "PANAMA", "DIA_SEMANA": "Sabado", "TIPO_DIA": "Semana", "TRAMO_HORA": "12 A 14 HRS", "MES": "enero", "ZONA_1": "NORPONIENTE", "AÑO": 2025 }, "geometry": { "type": "Point", "coordinates": [ -70.656682, -33.434247 ] } },
{ "type": "Feature", "properties": { "BARRIO": "DIEZ DE JULIO", "DIA_SEMANA": "Sabado", "TIPO_DIA": "Semana", "TRAMO_HORA": "12 A 14 HRS", "MES": "enero", "ZONA_1": "CENTRORIENTE", "AÑO": 2025 }, "geometry": { "type": "Point", "coordinates": [ -70.642116, -33.455523 ] } },
{ "type": "Feature", "properties": { "BARRIO": "DIEZ DE JULIO", "DIA_SEMANA": "Sabado", "TIPO_DIA": "Semana", "TRAMO_HORA": "12 A 14 HRS", "MES": "enero", "ZONA_1": "CENTRORIENTE", "AÑO": 2025 }, "geometry": { "type": "Point", "coordinates": [ -70.642116, -33.455523 ] } },
{ "type": "Feature", "properties": { "BARRIO": "CASCO HISTORICO", "DIA_SEMANA": "Sabado", "TIPO_DIA": "Semana", "TRAMO_HORA": "14 A 16 HRS", "MES": "enero", "ZONA_1": "NORORIENTE", "AÑO": 2025 }, "geometry": { "type": "Point", "coordinates": [ -70.649615, -33.443468 ] } },
{ "type": "Feature", "properties": { "BARRIO": "YUNGAY", "DIA_SEMANA": "Sabado", "TIPO_DIA": "Semana", "TRAMO_HORA": "14 A 16 HRS", "MES": "enero", "ZONA_1": "NORPONIENTE", "AÑO": 2025 }, "geometry": { "type": "Point", "coordinates": [ -70.678578, -33.44253 ] } },
{ "type": "Feature", "properties": { "BARRIO": "CASCO HISTORICO", "DIA_SEMANA": "Sabado", "TIPO_DIA": "Semana", "TRAMO_HORA": "16 A 18 HRS", "MES": "enero", "ZONA_1": "NORORIENTE", "AÑO": 2025 }, "geometry": { "type": "Point", "coordinates": [ -70.651684, -33.43374 ] } },
{ "type": "Feature", "properties": { "BARRIO": "YUNGAY", "DIA_SEMANA": "Sabado", "TIPO_DIA": "Semana", "TRAMO_HORA": "16 A 18 HRS", "MES": "enero", "ZONA_1": "NORPONIENTE", "AÑO": 2025 }, "geometry": { "type": "Point", "coordinates": [ -70.678578, -33.44253 ] } },
{ "type": "Feature", "properties": { "BARRIO": "PARQUE ALMAGRO", "DIA_SEMANA": "Sabado", "TIPO_DIA": "Semana", "TRAMO_HORA": "18 A 20 HRS", "MES": "enero", "ZONA_1": "CENTRORIENTE", "AÑO": 2025 }, "geometry": { "type": "Point", "coordinates": [ -70.646931, -33.448513 ] } },
{ "type": "Feature", "properties": { "BARRIO": "SANTA LUCIA FORESTAL", "DIA_SEMANA": "Sabado", "TIPO_DIA": "Semana", "TRAMO_HORA": "20 A 22 HRS", "MES": "enero", "ZONA_1": "NORORIENTE", "AÑO": 2025 }, "geometry": { "type": "Point", "coordinates": [ -70.64102, -33.439301 ] } },
{ "type": "Feature", "properties": { "BARRIO": "SANTA ISABEL", "DIA_SEMANA": "Sabado", "TIPO_DIA": "Semana", "TRAMO_HORA": "20 A 22 HRS", "MES": "enero", "ZONA_1": "CENTRORIENTE", "AÑO": 2025 }, "geometry": { "type": "Point", "coordinates": [ -70.642888, -33.450572 ] } },
{ "type": "Feature", "properties": { "BARRIO": "PARQUE ALMAGRO", "DIA_SEMANA": "Sabado", "TIPO_DIA": "Semana", "TRAMO_HORA": "20 A 22 HRS", "MES": "enero", "ZONA_1": "CENTRORIENTE", "AÑO": 2025 }, "geometry": { "type": "Point", "coordinates": [ -70.654498, -33.451249 ] } },
{ "type": "Feature", "properties": { "BARRIO": "MEIGGS", "DIA_SEMANA": "Sabado", "TIPO_DIA": "Semana", "TRAMO_HORA": "20 A 22 HRS", "MES": "enero", "ZONA_1": "SURPONIENTE", "AÑO": 2025 }, "geometry": { "type": "Point", "coordinates": [ -70.677651, -33.451433 ] } },
{ "type": "Feature", "properties": { "BARRIO": "DIEZ DE JULIO", "DIA_SEMANA": "Sabado", "TIPO_DIA": "Semana", "TRAMO_HORA": "20 A 22 HRS", "MES": "enero", "ZONA_1": "CENTRORIENTE", "AÑO": 2025 }, "geometry": { "type": "Point", "coordinates": [ -70.632019, -33.453543 ] } },
{ "type": "Feature", "properties": { "BARRIO": "SANTA LUCIA FORESTAL", "DIA_SEMANA": "Sabado", "TIPO_DIA": "Semana", "TRAMO_HORA": "20 A 22 HRS", "MES": "enero", "ZONA_1": "NORORIENTE", "AÑO": 2025 }, "geometry": { "type": "Point", "coordinates": [ -70.641041, -33.43748 ] } },
{ "type": "Feature", "properties": { "BARRIO": "SAN BORJA", "DIA_SEMANA": "Sabado", "TIPO_DIA": "Semana", "TRAMO_HORA": "22 A 00 HRS", "MES": "enero", "ZONA_1": "NORORIENTE", "AÑO": 2025 }, "geometry": { "type": "Point", "coordinates": [ -70.644211, -33.445221 ] } },
{ "type": "Feature", "properties": { "BARRIO": "SANTA LUCIA FORESTAL", "DIA_SEMANA": "Sabado", "TIPO_DIA": "Semana", "TRAMO_HORA": "22 A 00 HRS", "MES": "enero", "ZONA_1": "NORORIENTE", "AÑO": 2025 }, "geometry": { "type": "Point", "coordinates": [ -70.641041, -33.43748 ] } },
{ "type": "Feature", "properties": { "BARRIO": "DIEZ DE JULIO", "DIA_SEMANA": "Sabado", "TIPO_DIA": "Semana", "TRAMO_HORA": "22 A 00 HRS", "MES": "enero", "ZONA_1": "CENTRORIENTE", "AÑO": 2025 }, "geometry": { "type": "Point", "coordinates": [ -70.634191, -33.452786 ] } },
{ "type": "Feature", "properties": { "BARRIO": "FRANKLIN", "DIA_SEMANA": "Domingo", "TIPO_DIA": "Semana", "TRAMO_HORA": "00 A 02 HRS", "MES": "enero", "ZONA_1": "SURORIENTE", "AÑO": 2025 }, "geometry": { "type": "Point", "coordinates": [ -70.64785, -33.470999 ] } },
{ "type": "Feature", "properties": { "BARRIO": "SANTA ELENA", "DIA_SEMANA": "Domingo", "TIPO_DIA": "Semana", "TRAMO_HORA": "00 A 02 HRS", "MES": "enero", "ZONA_1": "CENTRORIENTE", "AÑO": 2025 }, "geometry": { "type": "Point", "coordinates": [ -70.634128, -33.452774 ] } },
{ "type": "Feature", "properties": { "BARRIO": "DIEZ DE JULIO", "DIA_SEMANA": "Domingo", "TIPO_DIA": "Semana", "TRAMO_HORA": "00 A 02 HRS", "MES": "enero", "ZONA_1": "CENTRORIENTE", "AÑO": 2025 }, "geometry": { "type": "Point", "coordinates": [ -70.629934, -33.455389 ] } },
{ "type": "Feature", "properties": { "BARRIO": "MATTA SUR", "DIA_SEMANA": "Domingo", "TIPO_DIA": "Semana", "TRAMO_HORA": "06 A 08 HRS", "MES": "enero", "ZONA_1": "SURORIENTE", "AÑO": 2025 }, "geometry": { "type": "Point", "coordinates": [ -70.645146, -33.459891 ] } },
{ "type": "Feature", "properties": { "BARRIO": "SAN BORJA", "DIA_SEMANA": "Domingo", "TIPO_DIA": "Semana", "TRAMO_HORA": "10 A 12 HRS", "MES": "enero", "ZONA_1": "CENTRORIENTE", "AÑO": 2025 }, "geometry": { "type": "Point", "coordinates": [ -70.638395, -33.446248 ] } },
{ "type": "Feature", "properties": { "BARRIO": "MATTA NORTE", "DIA_SEMANA": "Domingo", "TIPO_DIA": "Semana", "TRAMO_HORA": "12 A 14 HRS", "MES": "enero", "ZONA_1": "SURORIENTE", "AÑO": 2025 }, "geometry": { "type": "Point", "coordinates": [ -70.643748, -33.458577 ] } },
{ "type": "Feature", "properties": { "BARRIO": "BALMACEDA", "DIA_SEMANA": "Domingo", "TIPO_DIA": "Semana", "TRAMO_HORA": "14 A 16 HRS", "MES": "enero", "ZONA_1": "NORORIENTE", "AÑO": 2025 }, "geometry": { "type": "Point", "coordinates": [ -70.65697, -33.44041 ] } },
{ "type": "Feature", "properties": { "BARRIO": "YUNGAY", "DIA_SEMANA": "Domingo", "TIPO_DIA": "Semana", "TRAMO_HORA": "14 A 16 HRS", "MES": "enero", "ZONA_1": "NORPONIENTE", "AÑO": 2025 }, "geometry": { "type": "Point", "coordinates": [ -70.678578, -33.44253 ] } },
{ "type": "Feature", "properties": { "BARRIO": "YUNGAY", "DIA_SEMANA": "Domingo", "TIPO_DIA": "Semana", "TRAMO_HORA": "14 A 16 HRS", "MES": "enero", "ZONA_1": "NORPONIENTE", "AÑO": 2025 }, "geometry": { "type": "Point", "coordinates": [ -70.679146, -33.442541 ] } },
{ "type": "Feature", "properties": { "BARRIO": "PARQUE ALMAGRO", "DIA_SEMANA": "Domingo", "TIPO_DIA": "Semana", "TRAMO_HORA": "16 A 18 HRS", "MES": "enero", "ZONA_1": "CENTRORIENTE", "AÑO": 2025 }, "geometry": { "type": "Point", "coordinates": [ -70.652667, -33.449299 ] } },
{ "type": "Feature", "properties": { "BARRIO": "YUNGAY", "DIA_SEMANA": "Domingo", "TIPO_DIA": "Semana", "TRAMO_HORA": "16 A 18 HRS", "MES": "enero", "ZONA_1": "NORPONIENTE", "AÑO": 2025 }, "geometry": { "type": "Point", "coordinates": [ -70.676315, -33.434254 ] } },
{ "type": "Feature", "properties": { "BARRIO": "MATTA NORTE", "DIA_SEMANA": "Domingo", "TIPO_DIA": "Semana", "TRAMO_HORA": "18 A 20 HRS", "MES": "enero", "ZONA_1": "CENTRORIENTE", "AÑO": 2025 }, "geometry": { "type": "Point", "coordinates": [ -70.654801, -33.458659 ] } },
{ "type": "Feature", "properties": { "BARRIO": "PARQUE ALMAGRO", "DIA_SEMANA": "Domingo", "TIPO_DIA": "Semana", "TRAMO_HORA": "20 A 22 HRS", "MES": "enero", "ZONA_1": "CENTRORIENTE", "AÑO": 2025 }, "geometry": { "type": "Point", "coordinates": [ -70.652753, -33.448676 ] } },
{ "type": "Feature", "properties": { "BARRIO": "SANTA LUCIA FORESTAL", "DIA_SEMANA": "Domingo", "TIPO_DIA": "Semana", "TRAMO_HORA": "20 A 22 HRS", "MES": "enero", "ZONA_1": "NORORIENTE", "AÑO": 2025 }, "geometry": { "type": "Point", "coordinates": [ -70.64102, -33.439301 ] } },
{ "type": "Feature", "properties": { "BARRIO": "SIERRA BELLA", "DIA_SEMANA": "Domingo", "TIPO_DIA": "Semana", "TRAMO_HORA": "22 A 00 HRS", "MES": "enero", "ZONA_1": "SURORIENTE", "AÑO": 2025 }, "geometry": { "type": "Point", "coordinates": [ -70.635361, -33.473405 ] } },
{ "type": "Feature", "properties": { "BARRIO": "CLUB HIPICO", "DIA_SEMANA": "Domingo", "TIPO_DIA": "Semana", "TRAMO_HORA": "22 A 00 HRS", "MES": "enero", "ZONA_1": "CENTRORIENTE", "AÑO": 2025 }, "geometry": { "type": "Point", "coordinates": [ -70.645866, -33.450818 ] } },
{ "type": "Feature", "properties": { "BARRIO": "PARQUE ALMAGRO", "DIA_SEMANA": "Domingo", "TIPO_DIA": "Semana", "TRAMO_HORA": "22 A 00 HRS", "MES": "enero", "ZONA_1": "NORORIENTE", "AÑO": 2025 }, "geometry": { "type": "Point", "coordinates": [ -70.644303, -33.444928 ] } },
{ "type": "Feature", "properties": { "BARRIO": "YUNGAY", "DIA_SEMANA": "Domingo", "TIPO_DIA": "Semana", "TRAMO_HORA": "22 A 00 HRS", "MES": "enero", "ZONA_1": "NORPONIENTE", "AÑO": 2025 }, "geometry": { "type": "Point", "coordinates": [ -70.676207, -33.446808 ] } },
{ "type": "Feature", "properties": { "BARRIO": "PARQUE ALMAGRO", "DIA_SEMANA": "Domingo", "TIPO_DIA": "Semana", "TRAMO_HORA": "22 A 00 HRS", "MES": "enero", "ZONA_1": "CENTRORIENTE", "AÑO": 2025 }, "geometry": { "type": "Point", "coordinates": [ -70.655591, -33.449556 ] } },
{ "type": "Feature", "properties": { "BARRIO": "SANTA LUCIA FORESTAL", "DIA_SEMANA": "Lunes", "TIPO_DIA": "Semana", "TRAMO_HORA": "08 A 10 HRS", "MES": "enero", "ZONA_1": "NORORIENTE", "AÑO": 2025 }, "geometry": { "type": "Point", "coordinates": [ -70.645573, -33.438493 ] } },
{ "type": "Feature", "properties": { "BARRIO": "CASCO HISTORICO", "DIA_SEMANA": "Lunes", "TIPO_DIA": "Semana", "TRAMO_HORA": "08 A 10 HRS", "MES": "enero", "ZONA_1": "NORORIENTE", "AÑO": 2025 }, "geometry": { "type": "Point", "coordinates": [ -70.648169, -33.439358 ] } },
{ "type": "Feature", "properties": { "BARRIO": "PARQUE ALMAGRO", "DIA_SEMANA": "Lunes", "TIPO_DIA": "Semana", "TRAMO_HORA": "08 A 10 HRS", "MES": "enero", "ZONA_1": "CENTRORIENTE", "AÑO": 2025 }, "geometry": { "type": "Point", "coordinates": [ -70.651027, -33.447883 ] } },
{ "type": "Feature", "properties": { "BARRIO": "SANTA ANA", "DIA_SEMANA": "Lunes", "TIPO_DIA": "Semana", "TRAMO_HORA": "08 A 10 HRS", "MES": "enero", "ZONA_1": "NORPONIENTE", "AÑO": 2025 }, "geometry": { "type": "Point", "coordinates": [ -70.66355, -33.433313 ] } },
{ "type": "Feature", "properties": { "BARRIO": "SANTA ANA", "DIA_SEMANA": "Lunes", "TIPO_DIA": "Semana", "TRAMO_HORA": "12 A 14 HRS", "MES": "enero", "ZONA_1": "NORORIENTE", "AÑO": 2025 }, "geometry": { "type": "Point", "coordinates": [ -70.657053, -33.440275 ] } },
{ "type": "Feature", "properties": { "BARRIO": "SANTA ANA", "DIA_SEMANA": "Lunes", "TIPO_DIA": "Semana", "TRAMO_HORA": "12 A 14 HRS", "MES": "enero", "ZONA_1": "NORORIENTE", "AÑO": 2025 }, "geometry": { "type": "Point", "coordinates": [ -70.657053, -33.440275 ] } },
{ "type": "Feature", "properties": { "BARRIO": "YUNGAY", "DIA_SEMANA": "Lunes", "TIPO_DIA": "Semana", "TRAMO_HORA": "14 A 16 HRS", "MES": "enero", "ZONA_1": "NORORIENTE", "AÑO": 2025 }, "geometry": { "type": "Point", "coordinates": [ -70.65697, -33.44041 ] } },
{ "type": "Feature", "properties": { "BARRIO": "PARQUE ALMAGRO", "DIA_SEMANA": "Lunes", "TIPO_DIA": "Semana", "TRAMO_HORA": "18 A 20 HRS", "MES": "enero", "ZONA_1": "CENTRORIENTE", "AÑO": 2025 }, "geometry": { "type": "Point", "coordinates": [ -70.650586, -33.451145 ] } },
{ "type": "Feature", "properties": { "BARRIO": "PARQUE ALMAGRO", "DIA_SEMANA": "Lunes", "TIPO_DIA": "Semana", "TRAMO_HORA": "20 A 22 HRS", "MES": "enero", "ZONA_1": "CENTRORIENTE", "AÑO": 2025 }, "geometry": { "type": "Point", "coordinates": [ -70.647077, -33.448418 ] } },
{ "type": "Feature", "properties": { "BARRIO": "BRASIL", "DIA_SEMANA": "Lunes", "TIPO_DIA": "Semana", "TRAMO_HORA": "20 A 22 HRS", "MES": "enero", "ZONA_1": "NORORIENTE", "AÑO": 2025 }, "geometry": { "type": "Point", "coordinates": [ -70.652156, -33.437114 ] } },
{ "type": "Feature", "properties": { "BARRIO": "SANTA LUCIA FORESTAL", "DIA_SEMANA": "Lunes", "TIPO_DIA": "Semana", "TRAMO_HORA": "20 A 22 HRS", "MES": "enero", "ZONA_1": "NORORIENTE", "AÑO": 2025 }, "geometry": { "type": "Point", "coordinates": [ -70.641071, -33.43936 ] } },
{ "type": "Feature", "properties": { "BARRIO": "VIEL", "DIA_SEMANA": "Lunes", "TIPO_DIA": "Semana", "TRAMO_HORA": "22 A 00 HRS", "MES": "enero", "ZONA_1": "SURORIENTE", "AÑO": 2025 }, "geometry": { "type": "Point", "coordinates": [ -70.648888, -33.463725 ] } },
{ "type": "Feature", "properties": { "BARRIO": "PARQUE ALMAGRO", "DIA_SEMANA": "Martes", "TIPO_DIA": "Semana", "TRAMO_HORA": "06 A 08 HRS", "MES": "enero", "ZONA_1": "CENTRORIENTE", "AÑO": 2025 }, "geometry": { "type": "Point", "coordinates": [ -70.650969, -33.447842 ] } },
{ "type": "Feature", "properties": { "BARRIO": "CASCO HISTORICO", "DIA_SEMANA": "Martes", "TIPO_DIA": "Semana", "TRAMO_HORA": "08 A 10 HRS", "MES": "enero", "ZONA_1": "NORORIENTE", "AÑO": 2025 }, "geometry": { "type": "Point", "coordinates": [ -70.648169, -33.439358 ] } },
{ "type": "Feature", "properties": { "BARRIO": "YUNGAY", "DIA_SEMANA": "Martes", "TIPO_DIA": "Semana", "TRAMO_HORA": "10 A 12 HRS", "MES": "enero", "ZONA_1": "NORPONIENTE", "AÑO": 2025 }, "geometry": { "type": "Point", "coordinates": [ -70.679925, -33.440408 ] } },
{ "type": "Feature", "properties": { "BARRIO": "SIERRA BELLA", "DIA_SEMANA": "Martes", "TIPO_DIA": "Semana", "TRAMO_HORA": "10 A 12 HRS", "MES": "enero", "ZONA_1": "SURORIENTE", "AÑO": 2025 }, "geometry": { "type": "Point", "coordinates": [ -70.640347, -33.473737 ] } },
{ "type": "Feature", "properties": { "BARRIO": "PARQUE ALMAGRO", "DIA_SEMANA": "Martes", "TIPO_DIA": "Semana", "TRAMO_HORA": "10 A 12 HRS", "MES": "enero", "ZONA_1": "CENTRORIENTE", "AÑO": 2025 }, "geometry": { "type": "Point", "coordinates": [ -70.651393, -33.44536 ] } },
{ "type": "Feature", "properties": { "BARRIO": "UNIVERSITARIO", "DIA_SEMANA": "Martes", "TIPO_DIA": "Semana", "TRAMO_HORA": "12 A 14 HRS", "MES": "enero", "ZONA_1": "SURPONIENTE", "AÑO": 2025 }, "geometry": { "type": "Point", "coordinates": [ -70.672483, -33.451517 ] } },
{ "type": "Feature", "properties": { "BARRIO": "MEIGGS", "DIA_SEMANA": "Martes", "TIPO_DIA": "Semana", "TRAMO_HORA": "12 A 14 HRS", "MES": "enero", "ZONA_1": "SURPONIENTE", "AÑO": 2025 }, "geometry": { "type": "Point", "coordinates": [ -70.672272, -33.455106 ] } },
{ "type": "Feature", "properties": { "BARRIO": "CASCO HISTORICO", "DIA_SEMANA": "Martes", "TIPO_DIA": "Semana", "TRAMO_HORA": "12 A 14 HRS", "MES": "enero", "ZONA_1": "NORORIENTE", "AÑO": 2025 }, "geometry": { "type": "Point", "coordinates": [ -70.651595, -33.43505 ] } },
{ "type": "Feature", "properties": { "BARRIO": "MEIGGS", "DIA_SEMANA": "Martes", "TIPO_DIA": "Semana", "TRAMO_HORA": "14 A 16 HRS", "MES": "enero", "ZONA_1": "SURPONIENTE", "AÑO": 2025 }, "geometry": { "type": "Point", "coordinates": [ -70.672272, -33.455106 ] } },
{ "type": "Feature", "properties": { "BARRIO": "SANTA ANA", "DIA_SEMANA": "Martes", "TIPO_DIA": "Semana", "TRAMO_HORA": "14 A 16 HRS", "MES": "enero", "ZONA_1": "NORORIENTE", "AÑO": 2025 }, "geometry": { "type": "Point", "coordinates": [ -70.657688, -33.440338 ] } },
{ "type": "Feature", "properties": { "BARRIO": "CASCO HISTORICO", "DIA_SEMANA": "Martes", "TIPO_DIA": "Semana", "TRAMO_HORA": "14 A 16 HRS", "MES": "enero", "ZONA_1": "NORORIENTE", "AÑO": 2025 }, "geometry": { "type": "Point", "coordinates": [ -70.645537, -33.442796 ] } },
{ "type": "Feature", "properties": { "BARRIO": "BRASIL", "DIA_SEMANA": "Martes", "TIPO_DIA": "Semana", "TRAMO_HORA": "16 A 18 HRS", "MES": "enero", "ZONA_1": "NORPONIENTE", "AÑO": 2025 }, "geometry": { "type": "Point", "coordinates": [ -70.665039, -33.441062 ] } },
{ "type": "Feature", "properties": { "BARRIO": "CASCO HISTORICO", "DIA_SEMANA": "Martes", "TIPO_DIA": "Semana", "TRAMO_HORA": "18 A 20 HRS", "MES": "enero", "ZONA_1": "NORORIENTE", "AÑO": 2025 }, "geometry": { "type": "Point", "coordinates": [ -70.645537, -33.442796 ] } },
{ "type": "Feature", "properties": { "BARRIO": "PARQUE ALMAGRO", "DIA_SEMANA": "Martes", "TIPO_DIA": "Semana", "TRAMO_HORA": "18 A 20 HRS", "MES": "enero", "ZONA_1": "CENTRORIENTE", "AÑO": 2025 }, "geometry": { "type": "Point", "coordinates": [ -70.646931, -33.448513 ] } },
{ "type": "Feature", "properties": { "BARRIO": "SIERRA BELLA", "DIA_SEMANA": "Martes", "TIPO_DIA": "Semana", "TRAMO_HORA": "18 A 20 HRS", "MES": "enero", "ZONA_1": "SURORIENTE", "AÑO": 2025 }, "geometry": { "type": "Point", "coordinates": [ -70.626546, -33.467209 ] } },
{ "type": "Feature", "properties": { "BARRIO": "PARQUE ALMAGRO", "DIA_SEMANA": "Martes", "TIPO_DIA": "Semana", "TRAMO_HORA": "18 A 20 HRS", "MES": "enero", "ZONA_1": "CENTRORIENTE", "AÑO": 2025 }, "geometry": { "type": "Point", "coordinates": [ -70.650908, -33.448644 ] } },
{ "type": "Feature", "properties": { "BARRIO": "SANTA LUCIA FORESTAL", "DIA_SEMANA": "Martes", "TIPO_DIA": "Semana", "TRAMO_HORA": "20 A 22 HRS", "MES": "enero", "ZONA_1": "NORORIENTE", "AÑO": 2025 }, "geometry": { "type": "Point", "coordinates": [ -70.641071, -33.43936 ] } },
{ "type": "Feature", "properties": { "BARRIO": "DIEZ DE JULIO", "DIA_SEMANA": "Martes", "TIPO_DIA": "Semana", "TRAMO_HORA": "20 A 22 HRS", "MES": "enero", "ZONA_1": "CENTRORIENTE", "AÑO": 2025 }, "geometry": { "type": "Point", "coordinates": [ -70.634191, -33.452786 ] } },
{ "type": "Feature", "properties": { "BARRIO": "MATTA SUR", "DIA_SEMANA": "Martes", "TIPO_DIA": "Semana", "TRAMO_HORA": "20 A 22 HRS", "MES": "enero", "ZONA_1": "CENTRORIENTE", "AÑO": 2025 }, "geometry": { "type": "Point", "coordinates": [ -70.631472, -33.453439 ] } },
{ "type": "Feature", "properties": { "BARRIO": "DIEZ DE JULIO", "DIA_SEMANA": "Martes", "TIPO_DIA": "Semana", "TRAMO_HORA": "20 A 22 HRS", "MES": "enero", "ZONA_1": "CENTRORIENTE", "AÑO": 2025 }, "geometry": { "type": "Point", "coordinates": [ -70.634191, -33.452786 ] } },
{ "type": "Feature", "properties": { "BARRIO": "SAN BORJA", "DIA_SEMANA": "Martes", "TIPO_DIA": "Semana", "TRAMO_HORA": "20 A 22 HRS", "MES": "enero", "ZONA_1": "NORORIENTE", "AÑO": 2025 }, "geometry": { "type": "Point", "coordinates": [ -70.644422, -33.444557 ] } },
{ "type": "Feature", "properties": { "BARRIO": "SANTA LUCIA FORESTAL", "DIA_SEMANA": "Martes", "TIPO_DIA": "Semana", "TRAMO_HORA": "20 A 22 HRS", "MES": "enero", "ZONA_1": "NORORIENTE", "AÑO": 2025 }, "geometry": { "type": "Point", "coordinates": [ -70.64102, -33.439301 ] } },
{ "type": "Feature", "properties": { "BARRIO": "DIEZ DE JULIO", "DIA_SEMANA": "Martes", "TIPO_DIA": "Semana", "TRAMO_HORA": "20 A 22 HRS", "MES": "enero", "ZONA_1": "CENTRORIENTE", "AÑO": 2025 }, "geometry": { "type": "Point", "coordinates": [ -70.634234, -33.452608 ] } },
{ "type": "Feature", "properties": { "BARRIO": "SANTA ISABEL", "DIA_SEMANA": "Martes", "TIPO_DIA": "Semana", "TRAMO_HORA": "20 A 22 HRS", "MES": "enero", "ZONA_1": "CENTRORIENTE", "AÑO": 2025 }, "geometry": { "type": "Point", "coordinates": [ -70.642784, -33.450271 ] } },
{ "type": "Feature", "properties": { "BARRIO": "CASCO HISTORICO", "DIA_SEMANA": "Martes", "TIPO_DIA": "Semana", "TRAMO_HORA": "20 A 22 HRS", "MES": "enero", "ZONA_1": "NORORIENTE", "AÑO": 2025 }, "geometry": { "type": "Point", "coordinates": [ -70.656723, -33.435645 ] } },
{ "type": "Feature", "properties": { "BARRIO": "DIEZ DE JULIO", "DIA_SEMANA": "Martes", "TIPO_DIA": "Semana", "TRAMO_HORA": "22 A 00 HRS", "MES": "enero", "ZONA_1": "CENTRORIENTE", "AÑO": 2025 }, "geometry": { "type": "Point", "coordinates": [ -70.634234, -33.452608 ] } },
{ "type": "Feature", "properties": { "BARRIO": "SANTA ANA", "DIA_SEMANA": "Martes", "TIPO_DIA": "Semana", "TRAMO_HORA": "22 A 00 HRS", "MES": "enero", "ZONA_1": "NORORIENTE", "AÑO": 2025 }, "geometry": { "type": "Point", "coordinates": [ -70.658726, -33.434513 ] } },
{ "type": "Feature", "properties": { "BARRIO": "SAN BORJA", "DIA_SEMANA": "Martes", "TIPO_DIA": "Semana", "TRAMO_HORA": "22 A 00 HRS", "MES": "enero", "ZONA_1": "NORORIENTE", "AÑO": 2025 }, "geometry": { "type": "Point", "coordinates": [ -70.644742, -33.443066 ] } },
{ "type": "Feature", "properties": { "BARRIO": "PARQUE ALMAGRO", "DIA_SEMANA": "Martes", "TIPO_DIA": "Semana", "TRAMO_HORA": "22 A 00 HRS", "MES": "enero", "ZONA_1": "CENTRORIENTE", "AÑO": 2025 }, "geometry": { "type": "Point", "coordinates": [ -70.643691, -33.447795 ] } },
{ "type": "Feature", "properties": { "BARRIO": "PARQUE ALMAGRO", "DIA_SEMANA": "Martes", "TIPO_DIA": "Semana", "TRAMO_HORA": "22 A 00 HRS", "MES": "enero", "ZONA_1": "CENTRORIENTE", "AÑO": 2025 }, "geometry": { "type": "Point", "coordinates": [ -70.642945, -33.45061 ] } },
{ "type": "Feature", "properties": { "BARRIO": "PARQUE ALMAGRO", "DIA_SEMANA": "Miercoles", "TIPO_DIA": "Semana", "TRAMO_HORA": "00 A 02 HRS", "MES": "enero", "ZONA_1": "CENTRORIENTE", "AÑO": 2025 }, "geometry": { "type": "Point", "coordinates": [ -70.64843, -33.448808 ] } },
{ "type": "Feature", "properties": { "BARRIO": "SAN BORJA", "DIA_SEMANA": "Miercoles", "TIPO_DIA": "Semana", "TRAMO_HORA": "06 A 08 HRS", "MES": "enero", "ZONA_1": "NORORIENTE", "AÑO": 2025 }, "geometry": { "type": "Point", "coordinates": [ -70.644909, -33.442684 ] } },
{ "type": "Feature", "properties": { "BARRIO": "CASCO HISTORICO", "DIA_SEMANA": "Miercoles", "TIPO_DIA": "Semana", "TRAMO_HORA": "08 A 10 HRS", "MES": "enero", "ZONA_1": "NORORIENTE", "AÑO": 2025 }, "geometry": { "type": "Point", "coordinates": [ -70.648169, -33.439358 ] } },
{ "type": "Feature", "properties": { "BARRIO": "CASCO HISTORICO", "DIA_SEMANA": "Miercoles", "TIPO_DIA": "Semana", "TRAMO_HORA": "10 A 12 HRS", "MES": "enero", "ZONA_1": "NORORIENTE", "AÑO": 2025 }, "geometry": { "type": "Point", "coordinates": [ -70.648169, -33.439358 ] } },
{ "type": "Feature", "properties": { "BARRIO": "YUNGAY", "DIA_SEMANA": "Miercoles", "TIPO_DIA": "Semana", "TRAMO_HORA": "14 A 16 HRS", "MES": "enero", "ZONA_1": "NORPONIENTE", "AÑO": 2025 }, "geometry": { "type": "Point", "coordinates": [ -70.679925, -33.440408 ] } },
{ "type": "Feature", "properties": { "BARRIO": "MATTA NORTE", "DIA_SEMANA": "Miercoles", "TIPO_DIA": "Semana", "TRAMO_HORA": "14 A 16 HRS", "MES": "enero", "ZONA_1": "CENTRORIENTE", "AÑO": 2025 }, "geometry": { "type": "Point", "coordinates": [ -70.638695, -33.456953 ] } },
{ "type": "Feature", "properties": { "BARRIO": "YUNGAY", "DIA_SEMANA": "Miercoles", "TIPO_DIA": "Semana", "TRAMO_HORA": "14 A 16 HRS", "MES": "enero", "ZONA_1": "NORPONIENTE", "AÑO": 2025 }, "geometry": { "type": "Point", "coordinates": [ -70.679925, -33.440408 ] } },
{ "type": "Feature", "properties": { "BARRIO": "CASCO HISTORICO", "DIA_SEMANA": "Miercoles", "TIPO_DIA": "Semana", "TRAMO_HORA": "16 A 18 HRS", "MES": "enero", "ZONA_1": "NORORIENTE", "AÑO": 2025 }, "geometry": { "type": "Point", "coordinates": [ -70.648699, -33.439387 ] } },
{ "type": "Feature", "properties": { "BARRIO": "MATTA NORTE", "DIA_SEMANA": "Miercoles", "TIPO_DIA": "Semana", "TRAMO_HORA": "16 A 18 HRS", "MES": "enero", "ZONA_1": "CENTRORIENTE", "AÑO": 2025 }, "geometry": { "type": "Point", "coordinates": [ -70.647244, -33.451631 ] } },
{ "type": "Feature", "properties": { "BARRIO": "BRASIL", "DIA_SEMANA": "Miercoles", "TIPO_DIA": "Semana", "TRAMO_HORA": "18 A 20 HRS", "MES": "enero", "ZONA_1": "NORPONIENTE", "AÑO": 2025 }, "geometry": { "type": "Point", "coordinates": [ -70.666993, -33.438902 ] } },
{ "type": "Feature", "properties": { "BARRIO": "MATTA SUR", "DIA_SEMANA": "Miercoles", "TIPO_DIA": "Semana", "TRAMO_HORA": "18 A 20 HRS", "MES": "enero", "ZONA_1": "SURORIENTE", "AÑO": 2025 }, "geometry": { "type": "Point", "coordinates": [ -70.641511, -33.462948 ] } },
{ "type": "Feature", "properties": { "BARRIO": "PARQUE ALMAGRO", "DIA_SEMANA": "Miercoles", "TIPO_DIA": "Semana", "TRAMO_HORA": "22 A 00 HRS", "MES": "enero", "ZONA_1": "NORORIENTE", "AÑO": 2025 }, "geometry": { "type": "Point", "coordinates": [ -70.644303, -33.444928 ] } },
{ "type": "Feature", "properties": { "BARRIO": "SANTA LUCIA FORESTAL", "DIA_SEMANA": "Miercoles", "TIPO_DIA": "Semana", "TRAMO_HORA": "22 A 00 HRS", "MES": "enero", "ZONA_1": "NORORIENTE", "AÑO": 2025 }, "geometry": { "type": "Point", "coordinates": [ -70.64102, -33.439301 ] } },
{ "type": "Feature", "properties": { "BARRIO": "CASCO HISTORICO", "DIA_SEMANA": "Jueves", "TIPO_DIA": "Semana", "TRAMO_HORA": "08 A 10 HRS", "MES": "enero", "ZONA_1": "NORORIENTE", "AÑO": 2025 }, "geometry": { "type": "Point", "coordinates": [ -70.648169, -33.439358 ] } },
{ "type": "Feature", "properties": { "BARRIO": "CASCO HISTORICO", "DIA_SEMANA": "Jueves", "TIPO_DIA": "Semana", "TRAMO_HORA": "08 A 10 HRS", "MES": "enero", "ZONA_1": "NORORIENTE", "AÑO": 2025 }, "geometry": { "type": "Point", "coordinates": [ -70.648169, -33.439358 ] } },
{ "type": "Feature", "properties": { "BARRIO": "CASCO HISTORICO", "DIA_SEMANA": "Jueves", "TIPO_DIA": "Semana", "TRAMO_HORA": "12 A 14 HRS", "MES": "enero", "ZONA_1": "NORORIENTE", "AÑO": 2025 }, "geometry": { "type": "Point", "coordinates": [ -70.648699, -33.439387 ] } },
{ "type": "Feature", "properties": { "BARRIO": "MATTA NORTE", "DIA_SEMANA": "Jueves", "TIPO_DIA": "Semana", "TRAMO_HORA": "14 A 16 HRS", "MES": "enero", "ZONA_1": "CENTRORIENTE", "AÑO": 2025 }, "geometry": { "type": "Point", "coordinates": [ -70.638695, -33.456953 ] } },
{ "type": "Feature", "properties": { "BARRIO": "FRANKLIN", "DIA_SEMANA": "Jueves", "TIPO_DIA": "Semana", "TRAMO_HORA": "14 A 16 HRS", "MES": "enero", "ZONA_1": "SURORIENTE", "AÑO": 2025 }, "geometry": { "type": "Point", "coordinates": [ -70.648406, -33.47157 ] } },
{ "type": "Feature", "properties": { "BARRIO": "PARQUE ALMAGRO", "DIA_SEMANA": "Jueves", "TIPO_DIA": "Semana", "TRAMO_HORA": "16 A 18 HRS", "MES": "enero", "ZONA_1": "CENTRORIENTE", "AÑO": 2025 }, "geometry": { "type": "Point", "coordinates": [ -70.652466, -33.450321 ] } },
{ "type": "Feature", "properties": { "BARRIO": "SANTA LUCIA FORESTAL", "DIA_SEMANA": "Jueves", "TIPO_DIA": "Semana", "TRAMO_HORA": "16 A 18 HRS", "MES": "enero", "ZONA_1": "NORORIENTE", "AÑO": 2025 }, "geometry": { "type": "Point", "coordinates": [ -70.640927, -33.438393 ] } },
{ "type": "Feature", "properties": { "BARRIO": "SAN BORJA", "DIA_SEMANA": "Jueves", "TIPO_DIA": "Semana", "TRAMO_HORA": "16 A 18 HRS", "MES": "enero", "ZONA_1": "NORORIENTE", "AÑO": 2025 }, "geometry": { "type": "Point", "coordinates": [ -70.644795, -33.44287 ] } },
{ "type": "Feature", "properties": { "BARRIO": "PARQUE ALMAGRO", "DIA_SEMANA": "Jueves", "TIPO_DIA": "Semana", "TRAMO_HORA": "18 A 20 HRS", "MES": "enero", "ZONA_1": "CENTRORIENTE", "AÑO": 2025 }, "geometry": { "type": "Point", "coordinates": [ -70.652908, -33.448053 ] } },
{ "type": "Feature", "properties": { "BARRIO": "PARQUE ALMAGRO", "DIA_SEMANA": "Jueves", "TIPO_DIA": "Semana", "TRAMO_HORA": "18 A 20 HRS", "MES": "enero", "ZONA_1": "CENTRORIENTE", "AÑO": 2025 }, "geometry": { "type": "Point", "coordinates": [ -70.650586, -33.451145 ] } },
{ "type": "Feature", "properties": { "BARRIO": "YUNGAY", "DIA_SEMANA": "Jueves", "TIPO_DIA": "Semana", "TRAMO_HORA": "18 A 20 HRS", "MES": "enero", "ZONA_1": "NORORIENTE", "AÑO": 2025 }, "geometry": { "type": "Point", "coordinates": [ -70.636234, -33.437355 ] } },
{ "type": "Feature", "properties": { "BARRIO": "EJERCITO", "DIA_SEMANA": "Jueves", "TIPO_DIA": "Semana", "TRAMO_HORA": "18 A 20 HRS", "MES": "enero", "ZONA_1": "SURPONIENTE", "AÑO": 2025 }, "geometry": { "type": "Point", "coordinates": [ -70.661475, -33.453375 ] } },
{ "type": "Feature", "properties": { "BARRIO": "EJERCITO", "DIA_SEMANA": "Jueves", "TIPO_DIA": "Semana", "TRAMO_HORA": "18 A 20 HRS", "MES": "enero", "ZONA_1": "SURPONIENTE", "AÑO": 2025 }, "geometry": { "type": "Point", "coordinates": [ -70.660714, -33.456015 ] } },
{ "type": "Feature", "properties": { "BARRIO": "CASCO HISTORICO", "DIA_SEMANA": "Jueves", "TIPO_DIA": "Semana", "TRAMO_HORA": "18 A 20 HRS", "MES": "enero", "ZONA_1": "NORORIENTE", "AÑO": 2025 }, "geometry": { "type": "Point", "coordinates": [ -70.654144, -33.433999 ] } },
{ "type": "Feature", "properties": { "BARRIO": "EJERCITO", "DIA_SEMANA": "Jueves", "TIPO_DIA": "Semana", "TRAMO_HORA": "18 A 20 HRS", "MES": "enero", "ZONA_1": "SURPONIENTE", "AÑO": 2025 }, "geometry": { "type": "Point", "coordinates": [ -70.660714, -33.456015 ] } },
{ "type": "Feature", "properties": { "BARRIO": "EJERCITO", "DIA_SEMANA": "Jueves", "TIPO_DIA": "Semana", "TRAMO_HORA": "18 A 20 HRS", "MES": "enero", "ZONA_1": "SURPONIENTE", "AÑO": 2025 }, "geometry": { "type": "Point", "coordinates": [ -70.660714, -33.456015 ] } },
{ "type": "Feature", "properties": { "BARRIO": "EJERCITO", "DIA_SEMANA": "Jueves", "TIPO_DIA": "Semana", "TRAMO_HORA": "18 A 20 HRS", "MES": "enero", "ZONA_1": "SURPONIENTE", "AÑO": 2025 }, "geometry": { "type": "Point", "coordinates": [ -70.661589, -33.453364 ] } },
{ "type": "Feature", "properties": { "BARRIO": "PARQUE ALMAGRO", "DIA_SEMANA": "Jueves", "TIPO_DIA": "Semana", "TRAMO_HORA": "18 A 20 HRS", "MES": "enero", "ZONA_1": "CENTRORIENTE", "AÑO": 2025 }, "geometry": { "type": "Point", "coordinates": [ -70.647077, -33.448418 ] } },
{ "type": "Feature", "properties": { "BARRIO": "YUNGAY", "DIA_SEMANA": "Jueves", "TIPO_DIA": "Semana", "TRAMO_HORA": "20 A 22 HRS", "MES": "enero", "ZONA_1": "NORORIENTE", "AÑO": 2025 }, "geometry": { "type": "Point", "coordinates": [ -70.658999, -33.433263 ] } },
{ "type": "Feature", "properties": { "BARRIO": "DIEZ DE JULIO", "DIA_SEMANA": "Jueves", "TIPO_DIA": "Semana", "TRAMO_HORA": "20 A 22 HRS", "MES": "enero", "ZONA_1": "CENTRORIENTE", "AÑO": 2025 }, "geometry": { "type": "Point", "coordinates": [ -70.633538, -33.45521 ] } },
{ "type": "Feature", "properties": { "BARRIO": "SANTA ELENA", "DIA_SEMANA": "Jueves", "TIPO_DIA": "Semana", "TRAMO_HORA": "20 A 22 HRS", "MES": "enero", "ZONA_1": "SURORIENTE", "AÑO": 2025 }, "geometry": { "type": "Point", "coordinates": [ -70.62646, -33.467387 ] } },
{ "type": "Feature", "properties": { "BARRIO": "MATTA SUR", "DIA_SEMANA": "Jueves", "TIPO_DIA": "Semana", "TRAMO_HORA": "20 A 22 HRS", "MES": "enero", "ZONA_1": "SURORIENTE", "AÑO": 2025 }, "geometry": { "type": "Point", "coordinates": [ -70.641511, -33.462948 ] } },
{ "type": "Feature", "properties": { "BARRIO": "SANTA LUCIA FORESTAL", "DIA_SEMANA": "Jueves", "TIPO_DIA": "Semana", "TRAMO_HORA": "20 A 22 HRS", "MES": "enero", "ZONA_1": "NORORIENTE", "AÑO": 2025 }, "geometry": { "type": "Point", "coordinates": [ -70.641036, -33.437253 ] } },
{ "type": "Feature", "properties": { "BARRIO": "PARQUE ALMAGRO", "DIA_SEMANA": "Jueves", "TIPO_DIA": "Semana", "TRAMO_HORA": "20 A 22 HRS", "MES": "enero", "ZONA_1": "CENTRORIENTE", "AÑO": 2025 }, "geometry": { "type": "Point", "coordinates": [ -70.645866, -33.450818 ] } },
{ "type": "Feature", "properties": { "BARRIO": "DIEZ DE JULIO", "DIA_SEMANA": "Jueves", "TIPO_DIA": "Semana", "TRAMO_HORA": "20 A 22 HRS", "MES": "enero", "ZONA_1": "CENTRORIENTE", "AÑO": 2025 }, "geometry": { "type": "Point", "coordinates": [ -70.634191, -33.452786 ] } },
{ "type": "Feature", "properties": { "BARRIO": "PARQUE ALMAGRO", "DIA_SEMANA": "Jueves", "TIPO_DIA": "Semana", "TRAMO_HORA": "20 A 22 HRS", "MES": "enero", "ZONA_1": "CENTRORIENTE", "AÑO": 2025 }, "geometry": { "type": "Point", "coordinates": [ -70.646994, -33.448784 ] } },
{ "type": "Feature", "properties": { "BARRIO": "DIEZ DE JULIO", "DIA_SEMANA": "Jueves", "TIPO_DIA": "Semana", "TRAMO_HORA": "20 A 22 HRS", "MES": "enero", "ZONA_1": "CENTRORIENTE", "AÑO": 2025 }, "geometry": { "type": "Point", "coordinates": [ -70.634191, -33.452786 ] } },
{ "type": "Feature", "properties": { "BARRIO": "PARQUE ALMAGRO", "DIA_SEMANA": "Jueves", "TIPO_DIA": "Semana", "TRAMO_HORA": "22 A 00 HRS", "MES": "enero", "ZONA_1": "CENTRORIENTE", "AÑO": 2025 }, "geometry": { "type": "Point", "coordinates": [ -70.655591, -33.449556 ] } },
{ "type": "Feature", "properties": { "BARRIO": "DIEZ DE JULIO", "DIA_SEMANA": "Jueves", "TIPO_DIA": "Semana", "TRAMO_HORA": "22 A 00 HRS", "MES": "enero", "ZONA_1": "CENTRORIENTE", "AÑO": 2025 }, "geometry": { "type": "Point", "coordinates": [ -70.633484, -33.455292 ] } },
{ "type": "Feature", "properties": { "BARRIO": "PARQUE ALMAGRO", "DIA_SEMANA": "Jueves", "TIPO_DIA": "Semana", "TRAMO_HORA": "22 A 00 HRS", "MES": "enero", "ZONA_1": "CENTRORIENTE", "AÑO": 2025 }, "geometry": { "type": "Point", "coordinates": [ -70.654578, -33.450396 ] } },
{ "type": "Feature", "properties": { "BARRIO": "SANTA ISABEL", "DIA_SEMANA": "Jueves", "TIPO_DIA": "Semana", "TRAMO_HORA": "22 A 00 HRS", "MES": "enero", "ZONA_1": "CENTRORIENTE", "AÑO": 2025 }, "geometry": { "type": "Point", "coordinates": [ -70.634279, -33.452739 ] } },
{ "type": "Feature", "properties": { "BARRIO": "SANTA ISABEL", "DIA_SEMANA": "Jueves", "TIPO_DIA": "Semana", "TRAMO_HORA": "22 A 00 HRS", "MES": "enero", "ZONA_1": "CENTRORIENTE", "AÑO": 2025 }, "geometry": { "type": "Point", "coordinates": [ -70.642985, -33.450303 ] } },
{ "type": "Feature", "properties": { "BARRIO": "CASCO HISTORICO", "DIA_SEMANA": "Viernes", "TIPO_DIA": "Semana", "TRAMO_HORA": "08 A 10 HRS", "MES": "enero", "ZONA_1": "NORORIENTE", "AÑO": 2025 }, "geometry": { "type": "Point", "coordinates": [ -70.648169, -33.439358 ] } },
{ "type": "Feature", "properties": { "BARRIO": "SANTA ANA", "DIA_SEMANA": "Viernes", "TIPO_DIA": "Semana", "TRAMO_HORA": "10 A 12 HRS", "MES": "enero", "ZONA_1": "NORORIENTE", "AÑO": 2025 }, "geometry": { "type": "Point", "coordinates": [ -70.657053, -33.440275 ] } },
{ "type": "Feature", "properties": { "BARRIO": "SANTA ANA", "DIA_SEMANA": "Viernes", "TIPO_DIA": "Semana", "TRAMO_HORA": "10 A 12 HRS", "MES": "enero", "ZONA_1": "NORORIENTE", "AÑO": 2025 }, "geometry": { "type": "Point", "coordinates": [ -70.657053, -33.440275 ] } },
{ "type": "Feature", "properties": { "BARRIO": "SANTA ANA", "DIA_SEMANA": "Viernes", "TIPO_DIA": "Semana", "TRAMO_HORA": "10 A 12 HRS", "MES": "enero", "ZONA_1": "NORORIENTE", "AÑO": 2025 }, "geometry": { "type": "Point", "coordinates": [ -70.654623, -33.432969 ] } },
{ "type": "Feature", "properties": { "BARRIO": "SANTA ANA", "DIA_SEMANA": "Viernes", "TIPO_DIA": "Semana", "TRAMO_HORA": "14 A 16 HRS", "MES": "enero", "ZONA_1": "NORORIENTE", "AÑO": 2025 }, "geometry": { "type": "Point", "coordinates": [ -70.651917, -33.439755 ] } },
{ "type": "Feature", "properties": { "BARRIO": "SIERRA BELLA", "DIA_SEMANA": "Viernes", "TIPO_DIA": "Semana", "TRAMO_HORA": "14 A 16 HRS", "MES": "enero", "ZONA_1": "SURORIENTE", "AÑO": 2025 }, "geometry": { "type": "Point", "coordinates": [ -70.642268, -33.469124 ] } },
{ "type": "Feature", "properties": { "BARRIO": "SANTA LUCIA FORESTAL", "DIA_SEMANA": "Viernes", "TIPO_DIA": "Semana", "TRAMO_HORA": "16 A 18 HRS", "MES": "enero", "ZONA_1": "NORORIENTE", "AÑO": 2025 }, "geometry": { "type": "Point", "coordinates": [ -70.643423, -33.436458 ] } },
{ "type": "Feature", "properties": { "BARRIO": "YUNGAY", "DIA_SEMANA": "Viernes", "TIPO_DIA": "Semana", "TRAMO_HORA": "20 A 22 HRS", "MES": "enero", "ZONA_1": "NORPONIENTE", "AÑO": 2025 }, "geometry": { "type": "Point", "coordinates": [ -70.679925, -33.440408 ] } },
{ "type": "Feature", "properties": { "BARRIO": "SANTA LUCIA FORESTAL", "DIA_SEMANA": "Viernes", "TIPO_DIA": "Semana", "TRAMO_HORA": "20 A 22 HRS", "MES": "enero", "ZONA_1": "NORORIENTE", "AÑO": 2025 }, "geometry": { "type": "Point", "coordinates": [ -70.64102, -33.439301 ] } },
{ "type": "Feature", "properties": { "BARRIO": "DIEZ DE JULIO", "DIA_SEMANA": "Viernes", "TIPO_DIA": "Semana", "TRAMO_HORA": "22 A 00 HRS", "MES": "enero", "ZONA_1": "CENTRORIENTE", "AÑO": 2025 }, "geometry": { "type": "Point", "coordinates": [ -70.634191, -33.452786 ] } },
{ "type": "Feature", "properties": { "BARRIO": "PARQUE ALMAGRO", "DIA_SEMANA": "Viernes", "TIPO_DIA": "Semana", "TRAMO_HORA": "22 A 00 HRS", "MES": "enero", "ZONA_1": "CENTRORIENTE", "AÑO": 2025 }, "geometry": { "type": "Point", "coordinates": [ -70.654578, -33.450396 ] } },
{ "type": "Feature", "properties": { "BARRIO": "DIEZ DE JULIO", "DIA_SEMANA": "Viernes", "TIPO_DIA": "Semana", "TRAMO_HORA": "22 A 00 HRS", "MES": "enero", "ZONA_1": "CENTRORIENTE", "AÑO": 2025 }, "geometry": { "type": "Point", "coordinates": [ -70.634191, -33.452786 ] } },
{ "type": "Feature", "properties": { "BARRIO": "SANTA ISABEL", "DIA_SEMANA": "Viernes", "TIPO_DIA": "Semana", "TRAMO_HORA": "22 A 00 HRS", "MES": "enero", "ZONA_1": "CENTRORIENTE", "AÑO": 2025 }, "geometry": { "type": "Point", "coordinates": [ -70.640532, -33.450687 ] } },
{ "type": "Feature", "properties": { "BARRIO": "SANTA LUCIA FORESTAL", "DIA_SEMANA": "Viernes", "TIPO_DIA": "Semana", "TRAMO_HORA": "22 A 00 HRS", "MES": "enero", "ZONA_1": "NORORIENTE", "AÑO": 2025 }, "geometry": { "type": "Point", "coordinates": [ -70.641041, -33.43748 ] } },
{ "type": "Feature", "properties": { "BARRIO": "DIEZ DE JULIO", "DIA_SEMANA": "Viernes", "TIPO_DIA": "Semana", "TRAMO_HORA": "22 A 00 HRS", "MES": "enero", "ZONA_1": "CENTRORIENTE", "AÑO": 2025 }, "geometry": { "type": "Point", "coordinates": [ -70.632019, -33.453543 ] } },
{ "type": "Feature", "properties": { "BARRIO": "MATTA NORTE", "DIA_SEMANA": "Viernes", "TIPO_DIA": "Semana", "TRAMO_HORA": "22 A 00 HRS", "MES": "enero", "ZONA_1": "CENTRORIENTE", "AÑO": 2025 }, "geometry": { "type": "Point", "coordinates": [ -70.648655, -33.452435 ] } },
{ "type": "Feature", "properties": { "BARRIO": "SANTA LUCIA FORESTAL", "DIA_SEMANA": "Viernes", "TIPO_DIA": "Semana", "TRAMO_HORA": "22 A 00 HRS", "MES": "enero", "ZONA_1": "NORORIENTE", "AÑO": 2025 }, "geometry": { "type": "Point", "coordinates": [ -70.635675, -33.43687 ] } },
{ "type": "Feature", "properties": { "BARRIO": "MATTA NORTE", "DIA_SEMANA": "Sabado", "TIPO_DIA": "Semana", "TRAMO_HORA": "00 A 02 HRS", "MES": "enero", "ZONA_1": "CENTRORIENTE", "AÑO": 2025 }, "geometry": { "type": "Point", "coordinates": [ -70.655713, -33.450968 ] } },
{ "type": "Feature", "properties": { "BARRIO": "SANTA ISABEL", "DIA_SEMANA": "Sabado", "TIPO_DIA": "Semana", "TRAMO_HORA": "00 A 02 HRS", "MES": "enero", "ZONA_1": "CENTRORIENTE", "AÑO": 2025 }, "geometry": { "type": "Point", "coordinates": [ -70.642995, -33.450396 ] } },
{ "type": "Feature", "properties": { "BARRIO": "FRANKLIN", "DIA_SEMANA": "Sabado", "TIPO_DIA": "Semana", "TRAMO_HORA": "08 A 10 HRS", "MES": "enero", "ZONA_1": "SURORIENTE", "AÑO": 2025 }, "geometry": { "type": "Point", "coordinates": [ -70.646591, -33.475178 ] } },
{ "type": "Feature", "properties": { "BARRIO": "BOGOTA", "DIA_SEMANA": "Sabado", "TIPO_DIA": "Semana", "TRAMO_HORA": "12 A 14 HRS", "MES": "enero", "ZONA_1": "SURORIENTE", "AÑO": 2025 }, "geometry": { "type": "Point", "coordinates": [ -70.643475, -33.463153 ] } },
{ "type": "Feature", "properties": { "BARRIO": "BALMACEDA", "DIA_SEMANA": "Sabado", "TIPO_DIA": "Semana", "TRAMO_HORA": "12 A 14 HRS", "MES": "enero", "ZONA_1": "NORPONIENTE", "AÑO": 2025 }, "geometry": { "type": "Point", "coordinates": [ -70.678401, -33.432709 ] } },
{ "type": "Feature", "properties": { "BARRIO": "YUNGAY", "DIA_SEMANA": "Sabado", "TIPO_DIA": "Semana", "TRAMO_HORA": "12 A 14 HRS", "MES": "enero", "ZONA_1": "NORPONIENTE", "AÑO": 2025 }, "geometry": { "type": "Point", "coordinates": [ -70.679692, -33.44185 ] } },
{ "type": "Feature", "properties": { "BARRIO": "CASCO HISTORICO", "DIA_SEMANA": "Sabado", "TIPO_DIA": "Semana", "TRAMO_HORA": "14 A 16 HRS", "MES": "enero", "ZONA_1": "NORORIENTE", "AÑO": 2025 }, "geometry": { "type": "Point", "coordinates": [ -70.648699, -33.439387 ] } },
{ "type": "Feature", "properties": { "BARRIO": "CASCO HISTORICO", "DIA_SEMANA": "Sabado", "TIPO_DIA": "Semana", "TRAMO_HORA": "14 A 16 HRS", "MES": "enero", "ZONA_1": "NORORIENTE", "AÑO": 2025 }, "geometry": { "type": "Point", "coordinates": [ -70.652635, -33.442133 ] } },
{ "type": "Feature", "properties": { "BARRIO": "CASCO HISTORICO", "DIA_SEMANA": "Sabado", "TIPO_DIA": "Semana", "TRAMO_HORA": "14 A 16 HRS", "MES": "enero", "ZONA_1": "NORORIENTE", "AÑO": 2025 }, "geometry": { "type": "Point", "coordinates": [ -70.648699, -33.439387 ] } },
{ "type": "Feature", "properties": { "BARRIO": "CASCO HISTORICO", "DIA_SEMANA": "Sabado", "TIPO_DIA": "Semana", "TRAMO_HORA": "14 A 16 HRS", "MES": "enero", "ZONA_1": "NORORIENTE", "AÑO": 2025 }, "geometry": { "type": "Point", "coordinates": [ -70.654165, -33.4365 ] } },
{ "type": "Feature", "properties": { "BARRIO": "SANTA ISABEL", "DIA_SEMANA": "Sabado", "TIPO_DIA": "Semana", "TRAMO_HORA": "14 A 16 HRS", "MES": "enero", "ZONA_1": "CENTRORIENTE", "AÑO": 2025 }, "geometry": { "type": "Point", "coordinates": [ -70.655713, -33.450968 ] } },
{ "type": "Feature", "properties": { "BARRIO": "SIERRA BELLA", "DIA_SEMANA": "Sabado", "TIPO_DIA": "Semana", "TRAMO_HORA": "18 A 20 HRS", "MES": "enero", "ZONA_1": "SURORIENTE", "AÑO": 2025 }, "geometry": { "type": "Point", "coordinates": [ -70.626588, -33.467064 ] } },
{ "type": "Feature", "properties": { "BARRIO": "PARQUE ALMAGRO", "DIA_SEMANA": "Sabado", "TIPO_DIA": "Semana", "TRAMO_HORA": "20 A 22 HRS", "MES": "enero", "ZONA_1": "CENTRORIENTE", "AÑO": 2025 }, "geometry": { "type": "Point", "coordinates": [ -70.654578, -33.450396 ] } },
{ "type": "Feature", "properties": { "BARRIO": "SANTA ISABEL", "DIA_SEMANA": "Sabado", "TIPO_DIA": "Semana", "TRAMO_HORA": "20 A 22 HRS", "MES": "enero", "ZONA_1": "CENTRORIENTE", "AÑO": 2025 }, "geometry": { "type": "Point", "coordinates": [ -70.640049, -33.451035 ] } },
{ "type": "Feature", "properties": { "BARRIO": "SANTA LUCIA FORESTAL", "DIA_SEMANA": "Sabado", "TIPO_DIA": "Semana", "TRAMO_HORA": "20 A 22 HRS", "MES": "enero", "ZONA_1": "NORORIENTE", "AÑO": 2025 }, "geometry": { "type": "Point", "coordinates": [ -70.64102, -33.439301 ] } },
{ "type": "Feature", "properties": { "BARRIO": "SAN BORJA", "DIA_SEMANA": "Sabado", "TIPO_DIA": "Semana", "TRAMO_HORA": "20 A 22 HRS", "MES": "enero", "ZONA_1": "NORORIENTE", "AÑO": 2025 }, "geometry": { "type": "Point", "coordinates": [ -70.644585, -33.443654 ] } },
{ "type": "Feature", "properties": { "BARRIO": "DIEZ DE JULIO", "DIA_SEMANA": "Sabado", "TIPO_DIA": "Semana", "TRAMO_HORA": "20 A 22 HRS", "MES": "enero", "ZONA_1": "CENTRORIENTE", "AÑO": 2025 }, "geometry": { "type": "Point", "coordinates": [ -70.640069, -33.450576 ] } },
{ "type": "Feature", "properties": { "BARRIO": "UNIVERSITARIO", "DIA_SEMANA": "Sabado", "TIPO_DIA": "Semana", "TRAMO_HORA": "22 A 00 HRS", "MES": "enero", "ZONA_1": "SURPONIENTE", "AÑO": 2025 }, "geometry": { "type": "Point", "coordinates": [ -70.664688, -33.45162 ] } },
{ "type": "Feature", "properties": { "BARRIO": "HUEMUL", "DIA_SEMANA": "Sabado", "TIPO_DIA": "Semana", "TRAMO_HORA": "22 A 00 HRS", "MES": "enero", "ZONA_1": "SURORIENTE", "AÑO": 2025 }, "geometry": { "type": "Point", "coordinates": [ -70.653156, -33.464182 ] } },
{ "type": "Feature", "properties": { "BARRIO": "SANTA ELENA", "DIA_SEMANA": "Sabado", "TIPO_DIA": "Semana", "TRAMO_HORA": "22 A 00 HRS", "MES": "enero", "ZONA_1": "SURORIENTE", "AÑO": 2025 }, "geometry": { "type": "Point", "coordinates": [ -70.626638, -33.467377 ] } },
{ "type": "Feature", "properties": { "BARRIO": "PARQUE ALMAGRO", "DIA_SEMANA": "Sabado", "TIPO_DIA": "Semana", "TRAMO_HORA": "22 A 00 HRS", "MES": "enero", "ZONA_1": "CENTRORIENTE", "AÑO": 2025 }, "geometry": { "type": "Point", "coordinates": [ -70.652617, -33.449554 ] } },
{ "type": "Feature", "properties": { "BARRIO": "BOGOTA", "DIA_SEMANA": "Domingo", "TIPO_DIA": "Semana", "TRAMO_HORA": "02 A 04 HRS", "MES": "enero", "ZONA_1": "SURORIENTE", "AÑO": 2025 }, "geometry": { "type": "Point", "coordinates": [ -70.639096, -33.466447 ] } },
{ "type": "Feature", "properties": { "BARRIO": "VIEL", "DIA_SEMANA": "Domingo", "TIPO_DIA": "Semana", "TRAMO_HORA": "08 A 10 HRS", "MES": "enero", "ZONA_1": "SURORIENTE", "AÑO": 2025 }, "geometry": { "type": "Point", "coordinates": [ -70.649519, -33.468628 ] } },
{ "type": "Feature", "properties": { "BARRIO": "VIEL", "DIA_SEMANA": "Domingo", "TIPO_DIA": "Semana", "TRAMO_HORA": "10 A 12 HRS", "MES": "enero", "ZONA_1": "SURORIENTE", "AÑO": 2025 }, "geometry": { "type": "Point", "coordinates": [ -70.649519, -33.468628 ] } },
{ "type": "Feature", "properties": { "BARRIO": "BRASIL", "DIA_SEMANA": "Domingo", "TIPO_DIA": "Semana", "TRAMO_HORA": "12 A 14 HRS", "MES": "enero", "ZONA_1": "NORPONIENTE", "AÑO": 2025 }, "geometry": { "type": "Point", "coordinates": [ -70.668731, -33.435313 ] } },
{ "type": "Feature", "properties": { "BARRIO": "DIEZ DE JULIO", "DIA_SEMANA": "Domingo", "TIPO_DIA": "Semana", "TRAMO_HORA": "12 A 14 HRS", "MES": "enero", "ZONA_1": "CENTRORIENTE", "AÑO": 2025 }, "geometry": { "type": "Point", "coordinates": [ -70.630982, -33.452007 ] } },
{ "type": "Feature", "properties": { "BARRIO": "YUNGAY", "DIA_SEMANA": "Domingo", "TIPO_DIA": "Semana", "TRAMO_HORA": "12 A 14 HRS", "MES": "enero", "ZONA_1": "NORPONIENTE", "AÑO": 2025 }, "geometry": { "type": "Point", "coordinates": [ -70.679846, -33.440581 ] } },
{ "type": "Feature", "properties": { "BARRIO": "EJERCITO", "DIA_SEMANA": "Domingo", "TIPO_DIA": "Semana", "TRAMO_HORA": "14 A 16 HRS", "MES": "enero", "ZONA_1": "SURPONIENTE", "AÑO": 2025 }, "geometry": { "type": "Point", "coordinates": [ -70.664502, -33.451738 ] } },
{ "type": "Feature", "properties": { "BARRIO": "YUNGAY", "DIA_SEMANA": "Domingo", "TIPO_DIA": "Semana", "TRAMO_HORA": "14 A 16 HRS", "MES": "enero", "ZONA_1": "NORPONIENTE", "AÑO": 2025 }, "geometry": { "type": "Point", "coordinates": [ -70.691517, -33.439258 ] } },
{ "type": "Feature", "properties": { "BARRIO": "SANTA ANA", "DIA_SEMANA": "Domingo", "TIPO_DIA": "Semana", "TRAMO_HORA": "16 A 18 HRS", "MES": "enero", "ZONA_1": "NORPONIENTE", "AÑO": 2025 }, "geometry": { "type": "Point", "coordinates": [ -70.665461, -33.439933 ] } },
{ "type": "Feature", "properties": { "BARRIO": "PARQUE ALMAGRO", "DIA_SEMANA": "Domingo", "TIPO_DIA": "Semana", "TRAMO_HORA": "18 A 20 HRS", "MES": "enero", "ZONA_1": "CENTRORIENTE", "AÑO": 2025 }, "geometry": { "type": "Point", "coordinates": [ -70.652753, -33.448676 ] } },
{ "type": "Feature", "properties": { "BARRIO": "BRASIL", "DIA_SEMANA": "Domingo", "TIPO_DIA": "Semana", "TRAMO_HORA": "18 A 20 HRS", "MES": "enero", "ZONA_1": "NORPONIENTE", "AÑO": 2025 }, "geometry": { "type": "Point", "coordinates": [ -70.665971, -33.439991 ] } },
{ "type": "Feature", "properties": { "BARRIO": "UNIVERSITARIO", "DIA_SEMANA": "Domingo", "TIPO_DIA": "Semana", "TRAMO_HORA": "18 A 20 HRS", "MES": "enero", "ZONA_1": "SURPONIENTE", "AÑO": 2025 }, "geometry": { "type": "Point", "coordinates": [ -70.664511, -33.451644 ] } },
{ "type": "Feature", "properties": { "BARRIO": "SANTA LUCIA FORESTAL", "DIA_SEMANA": "Domingo", "TIPO_DIA": "Semana", "TRAMO_HORA": "18 A 20 HRS", "MES": "enero", "ZONA_1": "NORORIENTE", "AÑO": 2025 }, "geometry": { "type": "Point", "coordinates": [ -70.646356, -33.437666 ] } },
{ "type": "Feature", "properties": { "BARRIO": "BALMACEDA", "DIA_SEMANA": "Domingo", "TIPO_DIA": "Semana", "TRAMO_HORA": "18 A 20 HRS", "MES": "enero", "ZONA_1": "NORPONIENTE", "AÑO": 2025 }, "geometry": { "type": "Point", "coordinates": [ -70.66894, -33.434932 ] } },
{ "type": "Feature", "properties": { "BARRIO": "BALMACEDA", "DIA_SEMANA": "Domingo", "TIPO_DIA": "Semana", "TRAMO_HORA": "20 A 22 HRS", "MES": "enero", "ZONA_1": "NORPONIENTE", "AÑO": 2025 }, "geometry": { "type": "Point", "coordinates": [ -70.670967, -33.435004 ] } },
{ "type": "Feature", "properties": { "BARRIO": "PARQUE ALMAGRO", "DIA_SEMANA": "Domingo", "TIPO_DIA": "Semana", "TRAMO_HORA": "20 A 22 HRS", "MES": "enero", "ZONA_1": "CENTRORIENTE", "AÑO": 2025 }, "geometry": { "type": "Point", "coordinates": [ -70.652244, -33.451372 ] } },
{ "type": "Feature", "properties": { "BARRIO": "SANTA LUCIA FORESTAL", "DIA_SEMANA": "Domingo", "TIPO_DIA": "Semana", "TRAMO_HORA": "20 A 22 HRS", "MES": "enero", "ZONA_1": "NORORIENTE", "AÑO": 2025 }, "geometry": { "type": "Point", "coordinates": [ -70.641041, -33.43748 ] } },
{ "type": "Feature", "properties": { "BARRIO": "FRANKLIN", "DIA_SEMANA": "Domingo", "TIPO_DIA": "Semana", "TRAMO_HORA": "20 A 22 HRS", "MES": "enero", "ZONA_1": "SURORIENTE", "AÑO": 2025 }, "geometry": { "type": "Point", "coordinates": [ -70.64289, -33.475318 ] } },
{ "type": "Feature", "properties": { "BARRIO": "SANTA ANA", "DIA_SEMANA": "Lunes", "TIPO_DIA": "Semana", "TRAMO_HORA": "12 A 14 HRS", "MES": "enero", "ZONA_1": "NORORIENTE", "AÑO": 2025 }, "geometry": { "type": "Point", "coordinates": [ -70.657706, -33.440286 ] } },
{ "type": "Feature", "properties": { "BARRIO": "SANTA ANA", "DIA_SEMANA": "Lunes", "TIPO_DIA": "Semana", "TRAMO_HORA": "14 A 16 HRS", "MES": "enero", "ZONA_1": "NORORIENTE", "AÑO": 2025 }, "geometry": { "type": "Point", "coordinates": [ -70.65298, -33.439868 ] } },
{ "type": "Feature", "properties": { "BARRIO": "PARQUE ALMAGRO", "DIA_SEMANA": "Lunes", "TIPO_DIA": "Semana", "TRAMO_HORA": "14 A 16 HRS", "MES": "enero", "ZONA_1": "CENTRORIENTE", "AÑO": 2025 }, "geometry": { "type": "Point", "coordinates": [ -70.650339, -33.451968 ] } },
{ "type": "Feature", "properties": { "BARRIO": "BRASIL", "DIA_SEMANA": "Lunes", "TIPO_DIA": "Semana", "TRAMO_HORA": "14 A 16 HRS", "MES": "enero", "ZONA_1": "NORPONIENTE", "AÑO": 2025 }, "geometry": { "type": "Point", "coordinates": [ -70.668704, -33.438506 ] } },
{ "type": "Feature", "properties": { "BARRIO": "SAN BORJA", "DIA_SEMANA": "Lunes", "TIPO_DIA": "Semana", "TRAMO_HORA": "16 A 18 HRS", "MES": "enero", "ZONA_1": "NORORIENTE", "AÑO": 2025 }, "geometry": { "type": "Point", "coordinates": [ -70.644026, -33.446285 ] } },
{ "type": "Feature", "properties": { "BARRIO": "SANTA LUCIA FORESTAL", "DIA_SEMANA": "Lunes", "TIPO_DIA": "Semana", "TRAMO_HORA": "18 A 20 HRS", "MES": "enero", "ZONA_1": "NORORIENTE", "AÑO": 2025 }, "geometry": { "type": "Point", "coordinates": [ -70.645019, -33.441724 ] } },
{ "type": "Feature", "properties": { "BARRIO": "SAN BORJA", "DIA_SEMANA": "Lunes", "TIPO_DIA": "Semana", "TRAMO_HORA": "18 A 20 HRS", "MES": "enero", "ZONA_1": "NORORIENTE", "AÑO": 2025 }, "geometry": { "type": "Point", "coordinates": [ -70.644896, -33.44259 ] } },
{ "type": "Feature", "properties": { "BARRIO": "PARQUE ALMAGRO", "DIA_SEMANA": "Lunes", "TIPO_DIA": "Semana", "TRAMO_HORA": "18 A 20 HRS", "MES": "enero", "ZONA_1": "CENTRORIENTE", "AÑO": 2025 }, "geometry": { "type": "Point", "coordinates": [ -70.647043, -33.448508 ] } },
{ "type": "Feature", "properties": { "BARRIO": "SAN BORJA", "DIA_SEMANA": "Lunes", "TIPO_DIA": "Semana", "TRAMO_HORA": "18 A 20 HRS", "MES": "enero", "ZONA_1": "NORORIENTE", "AÑO": 2025 }, "geometry": { "type": "Point", "coordinates": [ -70.635235, -33.437393 ] } },
{ "type": "Feature", "properties": { "BARRIO": "PARQUE ALMAGRO", "DIA_SEMANA": "Lunes", "TIPO_DIA": "Semana", "TRAMO_HORA": "20 A 22 HRS", "MES": "enero", "ZONA_1": "CENTRORIENTE", "AÑO": 2025 }, "geometry": { "type": "Point", "coordinates": [ -70.652753, -33.448676 ] } },
{ "type": "Feature", "properties": { "BARRIO": "PARQUE ALMAGRO", "DIA_SEMANA": "Lunes", "TIPO_DIA": "Semana", "TRAMO_HORA": "20 A 22 HRS", "MES": "enero", "ZONA_1": "CENTRORIENTE", "AÑO": 2025 }, "geometry": { "type": "Point", "coordinates": [ -70.650586, -33.451145 ] } },
{ "type": "Feature", "properties": { "BARRIO": "SANTA LUCIA FORESTAL", "DIA_SEMANA": "Lunes", "TIPO_DIA": "Semana", "TRAMO_HORA": "20 A 22 HRS", "MES": "enero", "ZONA_1": "NORORIENTE", "AÑO": 2025 }, "geometry": { "type": "Point", "coordinates": [ -70.646356, -33.437666 ] } },
{ "type": "Feature", "properties": { "BARRIO": "SANTA ANA", "DIA_SEMANA": "Martes", "TIPO_DIA": "Semana", "TRAMO_HORA": "10 A 12 HRS", "MES": "enero", "ZONA_1": "NORORIENTE", "AÑO": 2025 }, "geometry": { "type": "Point", "coordinates": [ -70.656699, -33.440185 ] } },
{ "type": "Feature", "properties": { "BARRIO": "SANTA LUCIA FORESTAL", "DIA_SEMANA": "Martes", "TIPO_DIA": "Semana", "TRAMO_HORA": "12 A 14 HRS", "MES": "enero", "ZONA_1": "NORORIENTE", "AÑO": 2025 }, "geometry": { "type": "Point", "coordinates": [ -70.641464, -33.436447 ] } },
{ "type": "Feature", "properties": { "BARRIO": "SANTA ANA", "DIA_SEMANA": "Martes", "TIPO_DIA": "Semana", "TRAMO_HORA": "12 A 14 HRS", "MES": "enero", "ZONA_1": "NORORIENTE", "AÑO": 2025 }, "geometry": { "type": "Point", "coordinates": [ -70.657053, -33.440275 ] } },
{ "type": "Feature", "properties": { "BARRIO": "MATTA NORTE", "DIA_SEMANA": "Martes", "TIPO_DIA": "Semana", "TRAMO_HORA": "12 A 14 HRS", "MES": "enero", "ZONA_1": "CENTRORIENTE", "AÑO": 2025 }, "geometry": { "type": "Point", "coordinates": [ -70.64076, -33.449665 ] } },
{ "type": "Feature", "properties": { "BARRIO": "DIEZ DE JULIO", "DIA_SEMANA": "Martes", "TIPO_DIA": "Semana", "TRAMO_HORA": "16 A 18 HRS", "MES": "enero", "ZONA_1": "CENTRORIENTE", "AÑO": 2025 }, "geometry": { "type": "Point", "coordinates": [ -70.639528, -33.457543 ] } },
{ "type": "Feature", "properties": { "BARRIO": "SANTA LUCIA FORESTAL", "DIA_SEMANA": "Martes", "TIPO_DIA": "Semana", "TRAMO_HORA": "18 A 20 HRS", "MES": "enero", "ZONA_1": "NORORIENTE", "AÑO": 2025 }, "geometry": { "type": "Point", "coordinates": [ -70.645506, -33.442539 ] } },
{ "type": "Feature", "properties": { "BARRIO": "PARQUE ALMAGRO", "DIA_SEMANA": "Martes", "TIPO_DIA": "Semana", "TRAMO_HORA": "20 A 22 HRS", "MES": "enero", "ZONA_1": "CENTRORIENTE", "AÑO": 2025 }, "geometry": { "type": "Point", "coordinates": [ -70.6532, -33.446162 ] } },
{ "type": "Feature", "properties": { "BARRIO": "DIEZ DE JULIO", "DIA_SEMANA": "Martes", "TIPO_DIA": "Semana", "TRAMO_HORA": "20 A 22 HRS", "MES": "enero", "ZONA_1": "CENTRORIENTE", "AÑO": 2025 }, "geometry": { "type": "Point", "coordinates": [ -70.634191, -33.452786 ] } },
{ "type": "Feature", "properties": { "BARRIO": "EJERCITO", "DIA_SEMANA": "Miercoles", "TIPO_DIA": "Semana", "TRAMO_HORA": "06 A 08 HRS", "MES": "enero", "ZONA_1": "SURPONIENTE", "AÑO": 2025 }, "geometry": { "type": "Point", "coordinates": [ -70.661527, -33.446731 ] } },
{ "type": "Feature", "properties": { "BARRIO": "FRANKLIN", "DIA_SEMANA": "Miercoles", "TIPO_DIA": "Semana", "TRAMO_HORA": "10 A 12 HRS", "MES": "enero", "ZONA_1": "SURORIENTE", "AÑO": 2025 }, "geometry": { "type": "Point", "coordinates": [ -70.6501, -33.469957 ] } },
{ "type": "Feature", "properties": { "BARRIO": "DIEZ DE JULIO", "DIA_SEMANA": "Miercoles", "TIPO_DIA": "Semana", "TRAMO_HORA": "10 A 12 HRS", "MES": "enero", "ZONA_1": "CENTRORIENTE", "AÑO": 2025 }, "geometry": { "type": "Point", "coordinates": [ -70.634182, -33.452692 ] } },
{ "type": "Feature", "properties": { "BARRIO": "SANTA ANA", "DIA_SEMANA": "Miercoles", "TIPO_DIA": "Semana", "TRAMO_HORA": "12 A 14 HRS", "MES": "enero", "ZONA_1": "NORORIENTE", "AÑO": 2025 }, "geometry": { "type": "Point", "coordinates": [ -70.657053, -33.440275 ] } },
{ "type": "Feature", "properties": { "BARRIO": "CASCO HISTORICO", "DIA_SEMANA": "Miercoles", "TIPO_DIA": "Semana", "TRAMO_HORA": "14 A 16 HRS", "MES": "enero", "ZONA_1": "NORORIENTE", "AÑO": 2025 }, "geometry": { "type": "Point", "coordinates": [ -70.650678, -33.443385 ] } },
{ "type": "Feature", "properties": { "BARRIO": "PARQUE ALMAGRO", "DIA_SEMANA": "Miercoles", "TIPO_DIA": "Semana", "TRAMO_HORA": "14 A 16 HRS", "MES": "enero", "ZONA_1": "CENTRORIENTE", "AÑO": 2025 }, "geometry": { "type": "Point", "coordinates": [ -70.652627, -33.449167 ] } },
{ "type": "Feature", "properties": { "BARRIO": "CASCO HISTORICO", "DIA_SEMANA": "Miercoles", "TIPO_DIA": "Semana", "TRAMO_HORA": "14 A 16 HRS", "MES": "enero", "ZONA_1": "NORORIENTE", "AÑO": 2025 }, "geometry": { "type": "Point", "coordinates": [ -70.650678, -33.443385 ] } },
{ "type": "Feature", "properties": { "BARRIO": "DIEZ DE JULIO", "DIA_SEMANA": "Miercoles", "TIPO_DIA": "Semana", "TRAMO_HORA": "16 A 18 HRS", "MES": "enero", "ZONA_1": "CENTRORIENTE", "AÑO": 2025 }, "geometry": { "type": "Point", "coordinates": [ -70.639528, -33.457543 ] } },
{ "type": "Feature", "properties": { "BARRIO": "SAN BORJA", "DIA_SEMANA": "Miercoles", "TIPO_DIA": "Semana", "TRAMO_HORA": "18 A 20 HRS", "MES": "enero", "ZONA_1": "CENTRORIENTE", "AÑO": 2025 }, "geometry": { "type": "Point", "coordinates": [ -70.635792, -33.444126 ] } },
{ "type": "Feature", "properties": { "BARRIO": "PARQUE ALMAGRO", "DIA_SEMANA": "Miercoles", "TIPO_DIA": "Semana", "TRAMO_HORA": "18 A 20 HRS", "MES": "enero", "ZONA_1": "CENTRORIENTE", "AÑO": 2025 }, "geometry": { "type": "Point", "coordinates": [ -70.647043, -33.448508 ] } },
{ "type": "Feature", "properties": { "BARRIO": "SANTA LUCIA FORESTAL", "DIA_SEMANA": "Miercoles", "TIPO_DIA": "Semana", "TRAMO_HORA": "20 A 22 HRS", "MES": "enero", "ZONA_1": "NORORIENTE", "AÑO": 2025 }, "geometry": { "type": "Point", "coordinates": [ -70.642061, -33.437361 ] } },
{ "type": "Feature", "properties": { "BARRIO": "SANTA ELENA", "DIA_SEMANA": "Miercoles", "TIPO_DIA": "Semana", "TRAMO_HORA": "20 A 22 HRS", "MES": "enero", "ZONA_1": "CENTRORIENTE", "AÑO": 2025 }, "geometry": { "type": "Point", "coordinates": [ -70.632192, -33.452469 ] } },
{ "type": "Feature", "properties": { "BARRIO": "SAN BORJA", "DIA_SEMANA": "Miercoles", "TIPO_DIA": "Semana", "TRAMO_HORA": "20 A 22 HRS", "MES": "enero", "ZONA_1": "NORORIENTE", "AÑO": 2025 }, "geometry": { "type": "Point", "coordinates": [ -70.64438, -33.444733 ] } },
{ "type": "Feature", "properties": { "BARRIO": "PARQUE ALMAGRO", "DIA_SEMANA": "Miercoles", "TIPO_DIA": "Semana", "TRAMO_HORA": "20 A 22 HRS", "MES": "enero", "ZONA_1": "CENTRORIENTE", "AÑO": 2025 }, "geometry": { "type": "Point", "coordinates": [ -70.648569, -33.450039 ] } },
{ "type": "Feature", "properties": { "BARRIO": "DIEZ DE JULIO", "DIA_SEMANA": "Miercoles", "TIPO_DIA": "Semana", "TRAMO_HORA": "20 A 22 HRS", "MES": "enero", "ZONA_1": "CENTRORIENTE", "AÑO": 2025 }, "geometry": { "type": "Point", "coordinates": [ -70.633989, -33.455333 ] } },
{ "type": "Feature", "properties": { "BARRIO": "DIEZ DE JULIO", "DIA_SEMANA": "Miercoles", "TIPO_DIA": "Semana", "TRAMO_HORA": "20 A 22 HRS", "MES": "enero", "ZONA_1": "CENTRORIENTE", "AÑO": 2025 }, "geometry": { "type": "Point", "coordinates": [ -70.634191, -33.452786 ] } },
{ "type": "Feature", "properties": { "BARRIO": "PARQUE ALMAGRO", "DIA_SEMANA": "Miercoles", "TIPO_DIA": "Semana", "TRAMO_HORA": "20 A 22 HRS", "MES": "enero", "ZONA_1": "CENTRORIENTE", "AÑO": 2025 }, "geometry": { "type": "Point", "coordinates": [ -70.654578, -33.450396 ] } },
{ "type": "Feature", "properties": { "BARRIO": "DIEZ DE JULIO", "DIA_SEMANA": "Miercoles", "TIPO_DIA": "Semana", "TRAMO_HORA": "20 A 22 HRS", "MES": "enero", "ZONA_1": "CENTRORIENTE", "AÑO": 2025 }, "geometry": { "type": "Point", "coordinates": [ -70.634182, -33.452692 ] } },
{ "type": "Feature", "properties": { "BARRIO": "SANTA LUCIA FORESTAL", "DIA_SEMANA": "Miercoles", "TIPO_DIA": "Semana", "TRAMO_HORA": "20 A 22 HRS", "MES": "enero", "ZONA_1": "NORORIENTE", "AÑO": 2025 }, "geometry": { "type": "Point", "coordinates": [ -70.64102, -33.439301 ] } },
{ "type": "Feature", "properties": { "BARRIO": "SAN BORJA", "DIA_SEMANA": "Miercoles", "TIPO_DIA": "Semana", "TRAMO_HORA": "22 A 00 HRS", "MES": "enero", "ZONA_1": "NORORIENTE", "AÑO": 2025 }, "geometry": { "type": "Point", "coordinates": [ -70.644398, -33.444977 ] } },
{ "type": "Feature", "properties": { "BARRIO": "SAN BORJA", "DIA_SEMANA": "Miercoles", "TIPO_DIA": "Semana", "TRAMO_HORA": "22 A 00 HRS", "MES": "enero", "ZONA_1": "CENTRORIENTE", "AÑO": 2025 }, "geometry": { "type": "Point", "coordinates": [ -70.643004, -33.450111 ] } },
{ "type": "Feature", "properties": { "BARRIO": "UNIVERSITARIO", "DIA_SEMANA": "Jueves", "TIPO_DIA": "Semana", "TRAMO_HORA": "08 A 10 HRS", "MES": "enero", "ZONA_1": "SURPONIENTE", "AÑO": 2025 }, "geometry": { "type": "Point", "coordinates": [ -70.661362, -33.447418 ] } },
{ "type": "Feature", "properties": { "BARRIO": "SANTA LUCIA FORESTAL", "DIA_SEMANA": "Jueves", "TIPO_DIA": "Semana", "TRAMO_HORA": "08 A 10 HRS", "MES": "enero", "ZONA_1": "NORORIENTE", "AÑO": 2025 }, "geometry": { "type": "Point", "coordinates": [ -70.645611, -33.437949 ] } },
{ "type": "Feature", "properties": { "BARRIO": "CASCO HISTORICO", "DIA_SEMANA": "Jueves", "TIPO_DIA": "Semana", "TRAMO_HORA": "08 A 10 HRS", "MES": "enero", "ZONA_1": "NORORIENTE", "AÑO": 2025 }, "geometry": { "type": "Point", "coordinates": [ -70.65812, -33.438127 ] } },
{ "type": "Feature", "properties": { "BARRIO": "CASCO HISTORICO", "DIA_SEMANA": "Jueves", "TIPO_DIA": "Semana", "TRAMO_HORA": "08 A 10 HRS", "MES": "enero", "ZONA_1": "NORORIENTE", "AÑO": 2025 }, "geometry": { "type": "Point", "coordinates": [ -70.648169, -33.439358 ] } },
{ "type": "Feature", "properties": { "BARRIO": "MATTA NORTE", "DIA_SEMANA": "Jueves", "TIPO_DIA": "Semana", "TRAMO_HORA": "10 A 12 HRS", "MES": "enero", "ZONA_1": "CENTRORIENTE", "AÑO": 2025 }, "geometry": { "type": "Point", "coordinates": [ -70.652236, -33.456016 ] } },
{ "type": "Feature", "properties": { "BARRIO": "SANTA LUCIA FORESTAL", "DIA_SEMANA": "Jueves", "TIPO_DIA": "Semana", "TRAMO_HORA": "12 A 14 HRS", "MES": "enero", "ZONA_1": "NORORIENTE", "AÑO": 2025 }, "geometry": { "type": "Point", "coordinates": [ -70.644252, -33.437565 ] } },
{ "type": "Feature", "properties": { "BARRIO": "SANTA LUCIA FORESTAL", "DIA_SEMANA": "Jueves", "TIPO_DIA": "Semana", "TRAMO_HORA": "12 A 14 HRS", "MES": "enero", "ZONA_1": "NORORIENTE", "AÑO": 2025 }, "geometry": { "type": "Point", "coordinates": [ -70.64142, -33.437266 ] } },
{ "type": "Feature", "properties": { "BARRIO": "SAN EUGENIO", "DIA_SEMANA": "Jueves", "TIPO_DIA": "Semana", "TRAMO_HORA": "14 A 16 HRS", "MES": "enero", "ZONA_1": "SURPONIENTE", "AÑO": 2025 }, "geometry": { "type": "Point", "coordinates": [ -70.664023, -33.450233 ] } },
{ "type": "Feature", "properties": { "BARRIO": "SANTA ISABEL", "DIA_SEMANA": "Jueves", "TIPO_DIA": "Semana", "TRAMO_HORA": "16 A 18 HRS", "MES": "enero", "ZONA_1": "CENTRORIENTE", "AÑO": 2025 }, "geometry": { "type": "Point", "coordinates": [ -70.639419, -33.448095 ] } },
{ "type": "Feature", "properties": { "BARRIO": "SANTA LUCIA FORESTAL", "DIA_SEMANA": "Jueves", "TIPO_DIA": "Semana", "TRAMO_HORA": "16 A 18 HRS", "MES": "enero", "ZONA_1": "NORORIENTE", "AÑO": 2025 }, "geometry": { "type": "Point", "coordinates": [ -70.64102, -33.439301 ] } },
{ "type": "Feature", "properties": { "BARRIO": "SANTA LUCIA FORESTAL", "DIA_SEMANA": "Jueves", "TIPO_DIA": "Semana", "TRAMO_HORA": "18 A 20 HRS", "MES": "enero", "ZONA_1": "NORORIENTE", "AÑO": 2025 }, "geometry": { "type": "Point", "coordinates": [ -70.641118, -33.438939 ] } },
{ "type": "Feature", "properties": { "BARRIO": "PARQUE ALMAGRO", "DIA_SEMANA": "Jueves", "TIPO_DIA": "Semana", "TRAMO_HORA": "18 A 20 HRS", "MES": "enero", "ZONA_1": "CENTRORIENTE", "AÑO": 2025 }, "geometry": { "type": "Point", "coordinates": [ -70.652947, -33.44769 ] } },
{ "type": "Feature", "properties": { "BARRIO": "VIEL", "DIA_SEMANA": "Jueves", "TIPO_DIA": "Semana", "TRAMO_HORA": "20 A 22 HRS", "MES": "enero", "ZONA_1": "SURORIENTE", "AÑO": 2025 }, "geometry": { "type": "Point", "coordinates": [ -70.648835, -33.465318 ] } },
{ "type": "Feature", "properties": { "BARRIO": "SANTA LUCIA FORESTAL", "DIA_SEMANA": "Jueves", "TIPO_DIA": "Semana", "TRAMO_HORA": "20 A 22 HRS", "MES": "enero", "ZONA_1": "NORORIENTE", "AÑO": 2025 }, "geometry": { "type": "Point", "coordinates": [ -70.64102, -33.439301 ] } },
{ "type": "Feature", "properties": { "BARRIO": "PARQUE ALMAGRO", "DIA_SEMANA": "Jueves", "TIPO_DIA": "Semana", "TRAMO_HORA": "20 A 22 HRS", "MES": "enero", "ZONA_1": "CENTRORIENTE", "AÑO": 2025 }, "geometry": { "type": "Point", "coordinates": [ -70.647071, -33.4486 ] } },
{ "type": "Feature", "properties": { "BARRIO": "YUNGAY", "DIA_SEMANA": "Jueves", "TIPO_DIA": "Semana", "TRAMO_HORA": "20 A 22 HRS", "MES": "enero", "ZONA_1": "NORPONIENTE", "AÑO": 2025 }, "geometry": { "type": "Point", "coordinates": [ -70.668446, -33.439117 ] } },
{ "type": "Feature", "properties": { "BARRIO": "DIEZ DE JULIO", "DIA_SEMANA": "Jueves", "TIPO_DIA": "Semana", "TRAMO_HORA": "20 A 22 HRS", "MES": "enero", "ZONA_1": "CENTRORIENTE", "AÑO": 2025 }, "geometry": { "type": "Point", "coordinates": [ -70.634191, -33.452786 ] } },
{ "type": "Feature", "properties": { "BARRIO": "SAN BORJA", "DIA_SEMANA": "Jueves", "TIPO_DIA": "Semana", "TRAMO_HORA": "20 A 22 HRS", "MES": "enero", "ZONA_1": "CENTRORIENTE", "AÑO": 2025 }, "geometry": { "type": "Point", "coordinates": [ -70.634106, -33.445591 ] } },
{ "type": "Feature", "properties": { "BARRIO": "SANTA ANA", "DIA_SEMANA": "Jueves", "TIPO_DIA": "Semana", "TRAMO_HORA": "20 A 22 HRS", "MES": "enero", "ZONA_1": "NORORIENTE", "AÑO": 2025 }, "geometry": { "type": "Point", "coordinates": [ -70.656839, -33.434462 ] } },
{ "type": "Feature", "properties": { "BARRIO": "SAN BORJA", "DIA_SEMANA": "Jueves", "TIPO_DIA": "Semana", "TRAMO_HORA": "20 A 22 HRS", "MES": "enero", "ZONA_1": "CENTRORIENTE", "AÑO": 2025 }, "geometry": { "type": "Point", "coordinates": [ -70.642648, -33.451234 ] } },
{ "type": "Feature", "properties": { "BARRIO": "SANTA ELENA", "DIA_SEMANA": "Viernes", "TIPO_DIA": "Semana", "TRAMO_HORA": "06 A 08 HRS", "MES": "enero", "ZONA_1": "SURORIENTE", "AÑO": 2025 }, "geometry": { "type": "Point", "coordinates": [ -70.642553, -33.473841 ] } },
{ "type": "Feature", "properties": { "BARRIO": "FRANKLIN", "DIA_SEMANA": "Viernes", "TIPO_DIA": "Semana", "TRAMO_HORA": "08 A 10 HRS", "MES": "enero", "ZONA_1": "SURORIENTE", "AÑO": 2025 }, "geometry": { "type": "Point", "coordinates": [ -70.64658, -33.47367 ] } },
{ "type": "Feature", "properties": { "BARRIO": "MEIGGS", "DIA_SEMANA": "Viernes", "TIPO_DIA": "Semana", "TRAMO_HORA": "08 A 10 HRS", "MES": "enero", "ZONA_1": "SURPONIENTE", "AÑO": 2025 }, "geometry": { "type": "Point", "coordinates": [ -70.675633, -33.456536 ] } },
{ "type": "Feature", "properties": { "BARRIO": "MATTA SUR", "DIA_SEMANA": "Viernes", "TIPO_DIA": "Semana", "TRAMO_HORA": "10 A 12 HRS", "MES": "enero", "ZONA_1": "SURORIENTE", "AÑO": 2025 }, "geometry": { "type": "Point", "coordinates": [ -70.635877, -33.465923 ] } },
{ "type": "Feature", "properties": { "BARRIO": "CASCO HISTORICO", "DIA_SEMANA": "Viernes", "TIPO_DIA": "Semana", "TRAMO_HORA": "10 A 12 HRS", "MES": "enero", "ZONA_1": "NORORIENTE", "AÑO": 2025 }, "geometry": { "type": "Point", "coordinates": [ -70.648169, -33.439358 ] } },
{ "type": "Feature", "properties": { "BARRIO": "SANTA ANA", "DIA_SEMANA": "Viernes", "TIPO_DIA": "Semana", "TRAMO_HORA": "12 A 14 HRS", "MES": "enero", "ZONA_1": "NORORIENTE", "AÑO": 2025 }, "geometry": { "type": "Point", "coordinates": [ -70.657053, -33.440275 ] } },
{ "type": "Feature", "properties": { "BARRIO": "FRANKLIN", "DIA_SEMANA": "Viernes", "TIPO_DIA": "Semana", "TRAMO_HORA": "12 A 14 HRS", "MES": "enero", "ZONA_1": "SURORIENTE", "AÑO": 2025 }, "geometry": { "type": "Point", "coordinates": [ -70.647972, -33.473287 ] } },
{ "type": "Feature", "properties": { "BARRIO": "PARQUE ALMAGRO", "DIA_SEMANA": "Viernes", "TIPO_DIA": "Semana", "TRAMO_HORA": "14 A 16 HRS", "MES": "enero", "ZONA_1": "CENTRORIENTE", "AÑO": 2025 }, "geometry": { "type": "Point", "coordinates": [ -70.648837, -33.445805 ] } },
{ "type": "Feature", "properties": { "BARRIO": "CASCO HISTORICO", "DIA_SEMANA": "Viernes", "TIPO_DIA": "Semana", "TRAMO_HORA": "14 A 16 HRS", "MES": "enero", "ZONA_1": "NORORIENTE", "AÑO": 2025 }, "geometry": { "type": "Point", "coordinates": [ -70.649615, -33.443468 ] } },
{ "type": "Feature", "properties": { "BARRIO": "DIEZ DE JULIO", "DIA_SEMANA": "Viernes", "TIPO_DIA": "Semana", "TRAMO_HORA": "14 A 16 HRS", "MES": "enero", "ZONA_1": "CENTRORIENTE", "AÑO": 2025 }, "geometry": { "type": "Point", "coordinates": [ -70.633327, -33.456138 ] } },
{ "type": "Feature", "properties": { "BARRIO": "SANTA ISABEL", "DIA_SEMANA": "Viernes", "TIPO_DIA": "Semana", "TRAMO_HORA": "16 A 18 HRS", "MES": "enero", "ZONA_1": "CENTRORIENTE", "AÑO": 2025 }, "geometry": { "type": "Point", "coordinates": [ -70.633673, -33.449223 ] } },
{ "type": "Feature", "properties": { "BARRIO": "MEIGGS", "DIA_SEMANA": "Viernes", "TIPO_DIA": "Semana", "TRAMO_HORA": "16 A 18 HRS", "MES": "enero", "ZONA_1": "SURPONIENTE", "AÑO": 2025 }, "geometry": { "type": "Point", "coordinates": [ -70.675169, -33.452012 ] } },
{ "type": "Feature", "properties": { "BARRIO": "PARQUE ALMAGRO", "DIA_SEMANA": "Viernes", "TIPO_DIA": "Semana", "TRAMO_HORA": "18 A 20 HRS", "MES": "enero", "ZONA_1": "CENTRORIENTE", "AÑO": 2025 }, "geometry": { "type": "Point", "coordinates": [ -70.647043, -33.448508 ] } },
{ "type": "Feature", "properties": { "BARRIO": "EJERCITO", "DIA_SEMANA": "Viernes", "TIPO_DIA": "Semana", "TRAMO_HORA": "18 A 20 HRS", "MES": "enero", "ZONA_1": "SURPONIENTE", "AÑO": 2025 }, "geometry": { "type": "Point", "coordinates": [ -70.6648, -33.451617 ] } },
{ "type": "Feature", "properties": { "BARRIO": "PARQUE ALMAGRO", "DIA_SEMANA": "Viernes", "TIPO_DIA": "Semana", "TRAMO_HORA": "20 A 22 HRS", "MES": "enero", "ZONA_1": "CENTRORIENTE", "AÑO": 2025 }, "geometry": { "type": "Point", "coordinates": [ -70.652713, -33.449064 ] } },
{ "type": "Feature", "properties": { "BARRIO": "PARQUE ALMAGRO", "DIA_SEMANA": "Viernes", "TIPO_DIA": "Semana", "TRAMO_HORA": "20 A 22 HRS", "MES": "enero", "ZONA_1": "CENTRORIENTE", "AÑO": 2025 }, "geometry": { "type": "Point", "coordinates": [ -70.650211, -33.444949 ] } },
{ "type": "Feature", "properties": { "BARRIO": "BOGOTA", "DIA_SEMANA": "Viernes", "TIPO_DIA": "Semana", "TRAMO_HORA": "20 A 22 HRS", "MES": "enero", "ZONA_1": "CENTRORIENTE", "AÑO": 2025 }, "geometry": { "type": "Point", "coordinates": [ -70.655713, -33.450968 ] } },
{ "type": "Feature", "properties": { "BARRIO": "BOGOTA", "DIA_SEMANA": "Viernes", "TIPO_DIA": "Semana", "TRAMO_HORA": "20 A 22 HRS", "MES": "enero", "ZONA_1": "SURORIENTE", "AÑO": 2025 }, "geometry": { "type": "Point", "coordinates": [ -70.642363, -33.467754 ] } },
{ "type": "Feature", "properties": { "BARRIO": "SANTA ANA", "DIA_SEMANA": "Viernes", "TIPO_DIA": "Semana", "TRAMO_HORA": "20 A 22 HRS", "MES": "enero", "ZONA_1": "NORORIENTE", "AÑO": 2025 }, "geometry": { "type": "Point", "coordinates": [ -70.658205, -33.434471 ] } },
{ "type": "Feature", "properties": { "BARRIO": "MATTA NORTE", "DIA_SEMANA": "Viernes", "TIPO_DIA": "Semana", "TRAMO_HORA": "22 A 00 HRS", "MES": "enero", "ZONA_1": "CENTRORIENTE", "AÑO": 2025 }, "geometry": { "type": "Point", "coordinates": [ -70.634294, -33.452686 ] } },
{ "type": "Feature", "properties": { "BARRIO": "SANTA ISABEL", "DIA_SEMANA": "Viernes", "TIPO_DIA": "Semana", "TRAMO_HORA": "22 A 00 HRS", "MES": "enero", "ZONA_1": "CENTRORIENTE", "AÑO": 2025 }, "geometry": { "type": "Point", "coordinates": [ -70.634131, -33.445007 ] } },
{ "type": "Feature", "properties": { "BARRIO": "SANTA LUCIA FORESTAL", "DIA_SEMANA": "Viernes", "TIPO_DIA": "Semana", "TRAMO_HORA": "22 A 00 HRS", "MES": "enero", "ZONA_1": "NORORIENTE", "AÑO": 2025 }, "geometry": { "type": "Point", "coordinates": [ -70.64102, -33.439301 ] } },
{ "type": "Feature", "properties": { "BARRIO": "MATTA SUR", "DIA_SEMANA": "Viernes", "TIPO_DIA": "Semana", "TRAMO_HORA": "22 A 00 HRS", "MES": "enero", "ZONA_1": "SURORIENTE", "AÑO": 2025 }, "geometry": { "type": "Point", "coordinates": [ -70.64987, -33.466237 ] } },
{ "type": "Feature", "properties": { "BARRIO": "SAN BORJA", "DIA_SEMANA": "Viernes", "TIPO_DIA": "Semana", "TRAMO_HORA": "22 A 00 HRS", "MES": "enero", "ZONA_1": "NORORIENTE", "AÑO": 2025 }, "geometry": { "type": "Point", "coordinates": [ -70.644398, -33.444977 ] } },
{ "type": "Feature", "properties": { "BARRIO": "MATTA NORTE", "DIA_SEMANA": "Viernes", "TIPO_DIA": "Semana", "TRAMO_HORA": "22 A 00 HRS", "MES": "febrero", "ZONA_1": "CENTRORIENTE", "AÑO": 2025 }, "geometry": { "type": "Point", "coordinates": [ -70.646072, -33.455737 ] } },
{ "type": "Feature", "properties": { "BARRIO": "SIERRA BELLA", "DIA_SEMANA": "Viernes", "TIPO_DIA": "Semana", "TRAMO_HORA": "22 A 00 HRS", "MES": "febrero", "ZONA_1": "SURORIENTE", "AÑO": 2025 }, "geometry": { "type": "Point", "coordinates": [ -70.626554, -33.467576 ] } },
{ "type": "Feature", "properties": { "BARRIO": "PARQUE ALMAGRO", "DIA_SEMANA": "Viernes", "TIPO_DIA": "Semana", "TRAMO_HORA": "22 A 00 HRS", "MES": "febrero", "ZONA_1": "CENTRORIENTE", "AÑO": 2025 }, "geometry": { "type": "Point", "coordinates": [ -70.652271, -33.451008 ] } },
{ "type": "Feature", "properties": { "BARRIO": "SANTA ELENA", "DIA_SEMANA": "Viernes", "TIPO_DIA": "Semana", "TRAMO_HORA": "22 A 00 HRS", "MES": "febrero", "ZONA_1": "SURORIENTE", "AÑO": 2025 }, "geometry": { "type": "Point", "coordinates": [ -70.62969, -33.456923 ] } },
{ "type": "Feature", "properties": { "BARRIO": "PARQUE ALMAGRO", "DIA_SEMANA": "Viernes", "TIPO_DIA": "Semana", "TRAMO_HORA": "22 A 00 HRS", "MES": "febrero", "ZONA_1": "CENTRORIENTE", "AÑO": 2025 }, "geometry": { "type": "Point", "coordinates": [ -70.647003, -33.448545 ] } },
{ "type": "Feature", "properties": { "BARRIO": "SANTA ANA", "DIA_SEMANA": "Viernes", "TIPO_DIA": "Semana", "TRAMO_HORA": "20 A 22 HRS", "MES": "febrero", "ZONA_1": "NORORIENTE", "AÑO": 2025 }, "geometry": { "type": "Point", "coordinates": [ -70.658793, -33.434461 ] } },
{ "type": "Feature", "properties": { "BARRIO": "SANTA ISABEL", "DIA_SEMANA": "Viernes", "TIPO_DIA": "Semana", "TRAMO_HORA": "20 A 22 HRS", "MES": "febrero", "ZONA_1": "CENTRORIENTE", "AÑO": 2025 }, "geometry": { "type": "Point", "coordinates": [ -70.642858, -33.450365 ] } },
{ "type": "Feature", "properties": { "BARRIO": "SANTA ANA", "DIA_SEMANA": "Viernes", "TIPO_DIA": "Semana", "TRAMO_HORA": "20 A 22 HRS", "MES": "febrero", "ZONA_1": "NORORIENTE", "AÑO": 2025 }, "geometry": { "type": "Point", "coordinates": [ -70.658653, -33.433393 ] } },
{ "type": "Feature", "properties": { "BARRIO": "SANTA ISABEL", "DIA_SEMANA": "Viernes", "TIPO_DIA": "Semana", "TRAMO_HORA": "20 A 22 HRS", "MES": "febrero", "ZONA_1": "CENTRORIENTE", "AÑO": 2025 }, "geometry": { "type": "Point", "coordinates": [ -70.633235, -33.444627 ] } },
{ "type": "Feature", "properties": { "BARRIO": "PARQUE ALMAGRO", "DIA_SEMANA": "Viernes", "TIPO_DIA": "Semana", "TRAMO_HORA": "20 A 22 HRS", "MES": "febrero", "ZONA_1": "CENTRORIENTE", "AÑO": 2025 }, "geometry": { "type": "Point", "coordinates": [ -70.652622, -33.449313 ] } },
{ "type": "Feature", "properties": { "BARRIO": "CASCO HISTORICO", "DIA_SEMANA": "Viernes", "TIPO_DIA": "Semana", "TRAMO_HORA": "18 A 20 HRS", "MES": "febrero", "ZONA_1": "NORORIENTE", "AÑO": 2025 }, "geometry": { "type": "Point", "coordinates": [ -70.655538, -33.436633 ] } },
{ "type": "Feature", "properties": { "BARRIO": "SANTA LUCIA FORESTAL", "DIA_SEMANA": "Viernes", "TIPO_DIA": "Semana", "TRAMO_HORA": "18 A 20 HRS", "MES": "febrero", "ZONA_1": "NORORIENTE", "AÑO": 2025 }, "geometry": { "type": "Point", "coordinates": [ -70.642295, -33.437445 ] } },
{ "type": "Feature", "properties": { "BARRIO": "SANTA LUCIA FORESTAL", "DIA_SEMANA": "Viernes", "TIPO_DIA": "Semana", "TRAMO_HORA": "18 A 20 HRS", "MES": "febrero", "ZONA_1": "NORORIENTE", "AÑO": 2025 }, "geometry": { "type": "Point", "coordinates": [ -70.641142, -33.439395 ] } },
{ "type": "Feature", "properties": { "BARRIO": "SANTA LUCIA FORESTAL", "DIA_SEMANA": "Viernes", "TIPO_DIA": "Semana", "TRAMO_HORA": "18 A 20 HRS", "MES": "febrero", "ZONA_1": "NORORIENTE", "AÑO": 2025 }, "geometry": { "type": "Point", "coordinates": [ -70.646356, -33.437666 ] } },
{ "type": "Feature", "properties": { "BARRIO": "PARQUE ALMAGRO", "DIA_SEMANA": "Viernes", "TIPO_DIA": "Semana", "TRAMO_HORA": "18 A 20 HRS", "MES": "febrero", "ZONA_1": "CENTRORIENTE", "AÑO": 2025 }, "geometry": { "type": "Point", "coordinates": [ -70.653102, -33.446746 ] } },
{ "type": "Feature", "properties": { "BARRIO": "PARQUE ALMAGRO", "DIA_SEMANA": "Viernes", "TIPO_DIA": "Semana", "TRAMO_HORA": "18 A 20 HRS", "MES": "febrero", "ZONA_1": "CENTRORIENTE", "AÑO": 2025 }, "geometry": { "type": "Point", "coordinates": [ -70.65324, -33.446793 ] } },
{ "type": "Feature", "properties": { "BARRIO": "PARQUE ALMAGRO", "DIA_SEMANA": "Viernes", "TIPO_DIA": "Semana", "TRAMO_HORA": "18 A 20 HRS", "MES": "febrero", "ZONA_1": "CENTRORIENTE", "AÑO": 2025 }, "geometry": { "type": "Point", "coordinates": [ -70.647001, -33.448532 ] } },
{ "type": "Feature", "properties": { "BARRIO": "SANTA LUCIA FORESTAL", "DIA_SEMANA": "Viernes", "TIPO_DIA": "Semana", "TRAMO_HORA": "18 A 20 HRS", "MES": "febrero", "ZONA_1": "NORORIENTE", "AÑO": 2025 }, "geometry": { "type": "Point", "coordinates": [ -70.641149, -33.438248 ] } },
{ "type": "Feature", "properties": { "BARRIO": "SANTA LUCIA FORESTAL", "DIA_SEMANA": "Viernes", "TIPO_DIA": "Semana", "TRAMO_HORA": "18 A 20 HRS", "MES": "febrero", "ZONA_1": "NORORIENTE", "AÑO": 2025 }, "geometry": { "type": "Point", "coordinates": [ -70.641149, -33.438248 ] } },
{ "type": "Feature", "properties": { "BARRIO": "PARQUE ALMAGRO", "DIA_SEMANA": "Viernes", "TIPO_DIA": "Semana", "TRAMO_HORA": "16 A 18 HRS", "MES": "febrero", "ZONA_1": "CENTRORIENTE", "AÑO": 2025 }, "geometry": { "type": "Point", "coordinates": [ -70.650714, -33.451123 ] } },
{ "type": "Feature", "properties": { "BARRIO": "SANTA LUCIA FORESTAL", "DIA_SEMANA": "Viernes", "TIPO_DIA": "Semana", "TRAMO_HORA": "16 A 18 HRS", "MES": "febrero", "ZONA_1": "NORORIENTE", "AÑO": 2025 }, "geometry": { "type": "Point", "coordinates": [ -70.646356, -33.437666 ] } },
{ "type": "Feature", "properties": { "BARRIO": "SANTA ANA", "DIA_SEMANA": "Viernes", "TIPO_DIA": "Semana", "TRAMO_HORA": "16 A 18 HRS", "MES": "febrero", "ZONA_1": "NORORIENTE", "AÑO": 2025 }, "geometry": { "type": "Point", "coordinates": [ -70.6585, -33.437261 ] } },
{ "type": "Feature", "properties": { "BARRIO": "SANTA LUCIA FORESTAL", "DIA_SEMANA": "Viernes", "TIPO_DIA": "Semana", "TRAMO_HORA": "14 A 16 HRS", "MES": "febrero", "ZONA_1": "NORORIENTE", "AÑO": 2025 }, "geometry": { "type": "Point", "coordinates": [ -70.640576, -33.439446 ] } },
{ "type": "Feature", "properties": { "BARRIO": "SAN BORJA", "DIA_SEMANA": "Viernes", "TIPO_DIA": "Semana", "TRAMO_HORA": "00 A 02 HRS", "MES": "febrero", "ZONA_1": "NORORIENTE", "AÑO": 2025 }, "geometry": { "type": "Point", "coordinates": [ -70.644221, -33.446113 ] } },
{ "type": "Feature", "properties": { "BARRIO": "SANTA ELENA", "DIA_SEMANA": "Jueves", "TIPO_DIA": "Semana", "TRAMO_HORA": "22 A 00 HRS", "MES": "febrero", "ZONA_1": "SURORIENTE", "AÑO": 2025 }, "geometry": { "type": "Point", "coordinates": [ -70.629899, -33.456032 ] } },
{ "type": "Feature", "properties": { "BARRIO": "PARQUE ALMAGRO", "DIA_SEMANA": "Jueves", "TIPO_DIA": "Semana", "TRAMO_HORA": "22 A 00 HRS", "MES": "febrero", "ZONA_1": "CENTRORIENTE", "AÑO": 2025 }, "geometry": { "type": "Point", "coordinates": [ -70.654527, -33.448937 ] } },
{ "type": "Feature", "properties": { "BARRIO": "SANTA ISABEL", "DIA_SEMANA": "Jueves", "TIPO_DIA": "Semana", "TRAMO_HORA": "22 A 00 HRS", "MES": "febrero", "ZONA_1": "CENTRORIENTE", "AÑO": 2025 }, "geometry": { "type": "Point", "coordinates": [ -70.642755, -33.450416 ] } },
{ "type": "Feature", "properties": { "BARRIO": "SANTA ANA", "DIA_SEMANA": "Jueves", "TIPO_DIA": "Semana", "TRAMO_HORA": "20 A 22 HRS", "MES": "febrero", "ZONA_1": "NORORIENTE", "AÑO": 2025 }, "geometry": { "type": "Point", "coordinates": [ -70.658867, -33.434429 ] } },
{ "type": "Feature", "properties": { "BARRIO": "SANTA ANA", "DIA_SEMANA": "Jueves", "TIPO_DIA": "Semana", "TRAMO_HORA": "20 A 22 HRS", "MES": "febrero", "ZONA_1": "NORORIENTE", "AÑO": 2025 }, "geometry": { "type": "Point", "coordinates": [ -70.658685, -33.434399 ] } },
{ "type": "Feature", "properties": { "BARRIO": "SANTA ANA", "DIA_SEMANA": "Jueves", "TIPO_DIA": "Semana", "TRAMO_HORA": "20 A 22 HRS", "MES": "febrero", "ZONA_1": "NORORIENTE", "AÑO": 2025 }, "geometry": { "type": "Point", "coordinates": [ -70.658808, -33.433626 ] } },
{ "type": "Feature", "properties": { "BARRIO": "DIEZ DE JULIO", "DIA_SEMANA": "Jueves", "TIPO_DIA": "Semana", "TRAMO_HORA": "20 A 22 HRS", "MES": "febrero", "ZONA_1": "CENTRORIENTE", "AÑO": 2025 }, "geometry": { "type": "Point", "coordinates": [ -70.632009, -33.452985 ] } },
{ "type": "Feature", "properties": { "BARRIO": "UNIVERSITARIO", "DIA_SEMANA": "Jueves", "TIPO_DIA": "Semana", "TRAMO_HORA": "20 A 22 HRS", "MES": "febrero", "ZONA_1": "SURPONIENTE", "AÑO": 2025 }, "geometry": { "type": "Point", "coordinates": [ -70.6667, -33.45 ] } },
{ "type": "Feature", "properties": { "BARRIO": "VIEL", "DIA_SEMANA": "Jueves", "TIPO_DIA": "Semana", "TRAMO_HORA": "20 A 22 HRS", "MES": "febrero", "ZONA_1": "SURORIENTE", "AÑO": 2025 }, "geometry": { "type": "Point", "coordinates": [ -70.655666, -33.460635 ] } },
{ "type": "Feature", "properties": { "BARRIO": "SANTA LUCIA FORESTAL", "DIA_SEMANA": "Jueves", "TIPO_DIA": "Semana", "TRAMO_HORA": "20 A 22 HRS", "MES": "febrero", "ZONA_1": "NORORIENTE", "AÑO": 2025 }, "geometry": { "type": "Point", "coordinates": [ -70.640611, -33.439397 ] } },
{ "type": "Feature", "properties": { "BARRIO": "SAN BORJA", "DIA_SEMANA": "Jueves", "TIPO_DIA": "Semana", "TRAMO_HORA": "20 A 22 HRS", "MES": "febrero", "ZONA_1": "NORORIENTE", "AÑO": 2025 }, "geometry": { "type": "Point", "coordinates": [ -70.644681, -33.443523 ] } },
{ "type": "Feature", "properties": { "BARRIO": "DIEZ DE JULIO", "DIA_SEMANA": "Jueves", "TIPO_DIA": "Semana", "TRAMO_HORA": "20 A 22 HRS", "MES": "febrero", "ZONA_1": "CENTRORIENTE", "AÑO": 2025 }, "geometry": { "type": "Point", "coordinates": [ -70.631553, -33.453527 ] } },
{ "type": "Feature", "properties": { "BARRIO": "PARQUE ALMAGRO", "DIA_SEMANA": "Jueves", "TIPO_DIA": "Semana", "TRAMO_HORA": "20 A 22 HRS", "MES": "febrero", "ZONA_1": "CENTRORIENTE", "AÑO": 2025 }, "geometry": { "type": "Point", "coordinates": [ -70.653067, -33.447067 ] } },
{ "type": "Feature", "properties": { "BARRIO": "BOGOTA", "DIA_SEMANA": "Jueves", "TIPO_DIA": "Semana", "TRAMO_HORA": "18 A 20 HRS", "MES": "febrero", "ZONA_1": "SURORIENTE", "AÑO": 2025 }, "geometry": { "type": "Point", "coordinates": [ -70.641743, -33.463081 ] } },
{ "type": "Feature", "properties": { "BARRIO": "BOGOTA", "DIA_SEMANA": "Jueves", "TIPO_DIA": "Semana", "TRAMO_HORA": "18 A 20 HRS", "MES": "febrero", "ZONA_1": "SURORIENTE", "AÑO": 2025 }, "geometry": { "type": "Point", "coordinates": [ -70.641814, -33.462983 ] } },
{ "type": "Feature", "properties": { "BARRIO": "PARQUE ALMAGRO", "DIA_SEMANA": "Jueves", "TIPO_DIA": "Semana", "TRAMO_HORA": "18 A 20 HRS", "MES": "febrero", "ZONA_1": "CENTRORIENTE", "AÑO": 2025 }, "geometry": { "type": "Point", "coordinates": [ -70.646998, -33.448447 ] } },
{ "type": "Feature", "properties": { "BARRIO": "PARQUE ALMAGRO", "DIA_SEMANA": "Jueves", "TIPO_DIA": "Semana", "TRAMO_HORA": "18 A 20 HRS", "MES": "febrero", "ZONA_1": "CENTRORIENTE", "AÑO": 2025 }, "geometry": { "type": "Point", "coordinates": [ -70.653128, -33.446636 ] } },
{ "type": "Feature", "properties": { "BARRIO": "SANTA ELENA", "DIA_SEMANA": "Jueves", "TIPO_DIA": "Semana", "TRAMO_HORA": "18 A 20 HRS", "MES": "febrero", "ZONA_1": "SURORIENTE", "AÑO": 2025 }, "geometry": { "type": "Point", "coordinates": [ -70.62655, -33.467387 ] } },
{ "type": "Feature", "properties": { "BARRIO": "SANTA ELENA", "DIA_SEMANA": "Jueves", "TIPO_DIA": "Semana", "TRAMO_HORA": "18 A 20 HRS", "MES": "febrero", "ZONA_1": "SURORIENTE", "AÑO": 2025 }, "geometry": { "type": "Point", "coordinates": [ -70.626577, -33.467389 ] } },
{ "type": "Feature", "properties": { "BARRIO": "PARQUE ALMAGRO", "DIA_SEMANA": "Jueves", "TIPO_DIA": "Semana", "TRAMO_HORA": "18 A 20 HRS", "MES": "febrero", "ZONA_1": "CENTRORIENTE", "AÑO": 2025 }, "geometry": { "type": "Point", "coordinates": [ -70.649457, -33.444403 ] } },
{ "type": "Feature", "properties": { "BARRIO": "SANTA LUCIA FORESTAL", "DIA_SEMANA": "Jueves", "TIPO_DIA": "Semana", "TRAMO_HORA": "18 A 20 HRS", "MES": "febrero", "ZONA_1": "NORORIENTE", "AÑO": 2025 }, "geometry": { "type": "Point", "coordinates": [ -70.641188, -33.440519 ] } },
{ "type": "Feature", "properties": { "BARRIO": "PARQUE ALMAGRO", "DIA_SEMANA": "Jueves", "TIPO_DIA": "Semana", "TRAMO_HORA": "18 A 20 HRS", "MES": "febrero", "ZONA_1": "CENTRORIENTE", "AÑO": 2025 }, "geometry": { "type": "Point", "coordinates": [ -70.650547, -33.451663 ] } },
{ "type": "Feature", "properties": { "BARRIO": "SANTA LUCIA FORESTAL", "DIA_SEMANA": "Jueves", "TIPO_DIA": "Semana", "TRAMO_HORA": "18 A 20 HRS", "MES": "febrero", "ZONA_1": "NORORIENTE", "AÑO": 2025 }, "geometry": { "type": "Point", "coordinates": [ -70.640823, -33.439436 ] } },
{ "type": "Feature", "properties": { "BARRIO": "YUNGAY", "DIA_SEMANA": "Jueves", "TIPO_DIA": "Semana", "TRAMO_HORA": "16 A 18 HRS", "MES": "febrero", "ZONA_1": "NORPONIENTE", "AÑO": 2025 }, "geometry": { "type": "Point", "coordinates": [ -70.673534, -33.443248 ] } },
{ "type": "Feature", "properties": { "BARRIO": "PARQUE ALMAGRO", "DIA_SEMANA": "Jueves", "TIPO_DIA": "Semana", "TRAMO_HORA": "14 A 16 HRS", "MES": "febrero", "ZONA_1": "CENTRORIENTE", "AÑO": 2025 }, "geometry": { "type": "Point", "coordinates": [ -70.650787, -33.451275 ] } },
{ "type": "Feature", "properties": { "BARRIO": "EJERCITO", "DIA_SEMANA": "Jueves", "TIPO_DIA": "Semana", "TRAMO_HORA": "06 A 08 HRS", "MES": "febrero", "ZONA_1": "SURPONIENTE", "AÑO": 2025 }, "geometry": { "type": "Point", "coordinates": [ -70.664387, -33.453333 ] } },
{ "type": "Feature", "properties": { "BARRIO": "PARQUE ALMAGRO", "DIA_SEMANA": "Miercoles", "TIPO_DIA": "Semana", "TRAMO_HORA": "22 A 00 HRS", "MES": "febrero", "ZONA_1": "CENTRORIENTE", "AÑO": 2025 }, "geometry": { "type": "Point", "coordinates": [ -70.652733, -33.448919 ] } },
{ "type": "Feature", "properties": { "BARRIO": "DIEZ DE JULIO", "DIA_SEMANA": "Miercoles", "TIPO_DIA": "Semana", "TRAMO_HORA": "22 A 00 HRS", "MES": "febrero", "ZONA_1": "CENTRORIENTE", "AÑO": 2025 }, "geometry": { "type": "Point", "coordinates": [ -70.634959, -33.455518 ] } },
{ "type": "Feature", "properties": { "BARRIO": "SANTA ISABEL", "DIA_SEMANA": "Miercoles", "TIPO_DIA": "Semana", "TRAMO_HORA": "20 A 22 HRS", "MES": "febrero", "ZONA_1": "CENTRORIENTE", "AÑO": 2025 }, "geometry": { "type": "Point", "coordinates": [ -70.642795, -33.450363 ] } },
{ "type": "Feature", "properties": { "BARRIO": "SANTA LUCIA FORESTAL", "DIA_SEMANA": "Miercoles", "TIPO_DIA": "Semana", "TRAMO_HORA": "20 A 22 HRS", "MES": "febrero", "ZONA_1": "NORORIENTE", "AÑO": 2025 }, "geometry": { "type": "Point", "coordinates": [ -70.641073, -33.437347 ] } },
{ "type": "Feature", "properties": { "BARRIO": "SAN BORJA", "DIA_SEMANA": "Miercoles", "TIPO_DIA": "Semana", "TRAMO_HORA": "20 A 22 HRS", "MES": "febrero", "ZONA_1": "NORORIENTE", "AÑO": 2025 }, "geometry": { "type": "Point", "coordinates": [ -70.644814, -33.442729 ] } },
{ "type": "Feature", "properties": { "BARRIO": "PARQUE ALMAGRO", "DIA_SEMANA": "Miercoles", "TIPO_DIA": "Semana", "TRAMO_HORA": "20 A 22 HRS", "MES": "febrero", "ZONA_1": "CENTRORIENTE", "AÑO": 2025 }, "geometry": { "type": "Point", "coordinates": [ -70.646948, -33.448553 ] } },
{ "type": "Feature", "properties": { "BARRIO": "SANTA LUCIA FORESTAL", "DIA_SEMANA": "Miercoles", "TIPO_DIA": "Semana", "TRAMO_HORA": "20 A 22 HRS", "MES": "febrero", "ZONA_1": "NORORIENTE", "AÑO": 2025 }, "geometry": { "type": "Point", "coordinates": [ -70.64108, -33.437194 ] } },
{ "type": "Feature", "properties": { "BARRIO": "SANTA LUCIA FORESTAL", "DIA_SEMANA": "Miercoles", "TIPO_DIA": "Semana", "TRAMO_HORA": "20 A 22 HRS", "MES": "febrero", "ZONA_1": "NORORIENTE", "AÑO": 2025 }, "geometry": { "type": "Point", "coordinates": [ -70.646356, -33.437666 ] } },
{ "type": "Feature", "properties": { "BARRIO": "SANTA LUCIA FORESTAL", "DIA_SEMANA": "Miercoles", "TIPO_DIA": "Semana", "TRAMO_HORA": "20 A 22 HRS", "MES": "febrero", "ZONA_1": "NORORIENTE", "AÑO": 2025 }, "geometry": { "type": "Point", "coordinates": [ -70.646356, -33.437666 ] } },
{ "type": "Feature", "properties": { "BARRIO": "PARQUE ALMAGRO", "DIA_SEMANA": "Miercoles", "TIPO_DIA": "Semana", "TRAMO_HORA": "18 A 20 HRS", "MES": "febrero", "ZONA_1": "CENTRORIENTE", "AÑO": 2025 }, "geometry": { "type": "Point", "coordinates": [ -70.647017, -33.448877 ] } },
{ "type": "Feature", "properties": { "BARRIO": "UNIVERSITARIO", "DIA_SEMANA": "Miercoles", "TIPO_DIA": "Semana", "TRAMO_HORA": "18 A 20 HRS", "MES": "febrero", "ZONA_1": "SURPONIENTE", "AÑO": 2025 }, "geometry": { "type": "Point", "coordinates": [ -70.666098, -33.452036 ] } },
{ "type": "Feature", "properties": { "BARRIO": "PARQUE ALMAGRO", "DIA_SEMANA": "Miercoles", "TIPO_DIA": "Semana", "TRAMO_HORA": "18 A 20 HRS", "MES": "febrero", "ZONA_1": "CENTRORIENTE", "AÑO": 2025 }, "geometry": { "type": "Point", "coordinates": [ -70.646954, -33.448511 ] } },
{ "type": "Feature", "properties": { "BARRIO": "SAN BORJA", "DIA_SEMANA": "Miercoles", "TIPO_DIA": "Semana", "TRAMO_HORA": "18 A 20 HRS", "MES": "febrero", "ZONA_1": "NORORIENTE", "AÑO": 2025 }, "geometry": { "type": "Point", "coordinates": [ -70.644395, -33.445017 ] } },
{ "type": "Feature", "properties": { "BARRIO": "UNIVERSITARIO", "DIA_SEMANA": "Miercoles", "TIPO_DIA": "Semana", "TRAMO_HORA": "18 A 20 HRS", "MES": "febrero", "ZONA_1": "SURPONIENTE", "AÑO": 2025 }, "geometry": { "type": "Point", "coordinates": [ -70.6667, -33.45 ] } },
{ "type": "Feature", "properties": { "BARRIO": "PARQUE ALMAGRO", "DIA_SEMANA": "Miercoles", "TIPO_DIA": "Semana", "TRAMO_HORA": "18 A 20 HRS", "MES": "febrero", "ZONA_1": "CENTRORIENTE", "AÑO": 2025 }, "geometry": { "type": "Point", "coordinates": [ -70.652648, -33.449429 ] } },
{ "type": "Feature", "properties": { "BARRIO": "PARQUE ALMAGRO", "DIA_SEMANA": "Miercoles", "TIPO_DIA": "Semana", "TRAMO_HORA": "00 A 02 HRS", "MES": "febrero", "ZONA_1": "CENTRORIENTE", "AÑO": 2025 }, "geometry": { "type": "Point", "coordinates": [ -70.650694, -33.451377 ] } },
{ "type": "Feature", "properties": { "BARRIO": "SANTA ISABEL", "DIA_SEMANA": "Martes", "TIPO_DIA": "Semana", "TRAMO_HORA": "22 A 00 HRS", "MES": "febrero", "ZONA_1": "CENTRORIENTE", "AÑO": 2025 }, "geometry": { "type": "Point", "coordinates": [ -70.636552, -33.450315 ] } },
{ "type": "Feature", "properties": { "BARRIO": "SAN BORJA", "DIA_SEMANA": "Martes", "TIPO_DIA": "Semana", "TRAMO_HORA": "22 A 00 HRS", "MES": "febrero", "ZONA_1": "NORORIENTE", "AÑO": 2025 }, "geometry": { "type": "Point", "coordinates": [ -70.644291, -33.444963 ] } },
{ "type": "Feature", "properties": { "BARRIO": "SAN BORJA", "DIA_SEMANA": "Martes", "TIPO_DIA": "Semana", "TRAMO_HORA": "22 A 00 HRS", "MES": "febrero", "ZONA_1": "NORORIENTE", "AÑO": 2025 }, "geometry": { "type": "Point", "coordinates": [ -70.644323, -33.442668 ] } },
{ "type": "Feature", "properties": { "BARRIO": "SAN BORJA", "DIA_SEMANA": "Martes", "TIPO_DIA": "Semana", "TRAMO_HORA": "22 A 00 HRS", "MES": "febrero", "ZONA_1": "NORORIENTE", "AÑO": 2025 }, "geometry": { "type": "Point", "coordinates": [ -70.644648, -33.44506 ] } },
{ "type": "Feature", "properties": { "BARRIO": "SANTA ISABEL", "DIA_SEMANA": "Martes", "TIPO_DIA": "Semana", "TRAMO_HORA": "22 A 00 HRS", "MES": "febrero", "ZONA_1": "CENTRORIENTE", "AÑO": 2025 }, "geometry": { "type": "Point", "coordinates": [ -70.639448, -33.448237 ] } },
{ "type": "Feature", "properties": { "BARRIO": "SAN BORJA", "DIA_SEMANA": "Martes", "TIPO_DIA": "Semana", "TRAMO_HORA": "22 A 00 HRS", "MES": "febrero", "ZONA_1": "NORORIENTE", "AÑO": 2025 }, "geometry": { "type": "Point", "coordinates": [ -70.644414, -33.444943 ] } },
{ "type": "Feature", "properties": { "BARRIO": "SANTA ISABEL", "DIA_SEMANA": "Martes", "TIPO_DIA": "Semana", "TRAMO_HORA": "22 A 00 HRS", "MES": "febrero", "ZONA_1": "CENTRORIENTE", "AÑO": 2025 }, "geometry": { "type": "Point", "coordinates": [ -70.639564, -33.451679 ] } },
{ "type": "Feature", "properties": { "BARRIO": "SANTA ANA", "DIA_SEMANA": "Martes", "TIPO_DIA": "Semana", "TRAMO_HORA": "22 A 00 HRS", "MES": "febrero", "ZONA_1": "NORORIENTE", "AÑO": 2025 }, "geometry": { "type": "Point", "coordinates": [ -70.65817, -33.434485 ] } },
{ "type": "Feature", "properties": { "BARRIO": "PARQUE ALMAGRO", "DIA_SEMANA": "Martes", "TIPO_DIA": "Semana", "TRAMO_HORA": "22 A 00 HRS", "MES": "febrero", "ZONA_1": "CENTRORIENTE", "AÑO": 2025 }, "geometry": { "type": "Point", "coordinates": [ -70.654435, -33.450257 ] } },
{ "type": "Feature", "properties": { "BARRIO": "SANTA ISABEL", "DIA_SEMANA": "Martes", "TIPO_DIA": "Semana", "TRAMO_HORA": "22 A 00 HRS", "MES": "febrero", "ZONA_1": "CENTRORIENTE", "AÑO": 2025 }, "geometry": { "type": "Point", "coordinates": [ -70.634495, -33.448104 ] } },
{ "type": "Feature", "properties": { "BARRIO": "SAN BORJA", "DIA_SEMANA": "Martes", "TIPO_DIA": "Semana", "TRAMO_HORA": "22 A 00 HRS", "MES": "febrero", "ZONA_1": "NORORIENTE", "AÑO": 2025 }, "geometry": { "type": "Point", "coordinates": [ -70.641974, -33.443588 ] } },
{ "type": "Feature", "properties": { "BARRIO": "SAN BORJA", "DIA_SEMANA": "Martes", "TIPO_DIA": "Semana", "TRAMO_HORA": "22 A 00 HRS", "MES": "febrero", "ZONA_1": "NORORIENTE", "AÑO": 2025 }, "geometry": { "type": "Point", "coordinates": [ -70.644534, -33.443737 ] } },
{ "type": "Feature", "properties": { "BARRIO": "SAN BORJA", "DIA_SEMANA": "Martes", "TIPO_DIA": "Semana", "TRAMO_HORA": "22 A 00 HRS", "MES": "febrero", "ZONA_1": "NORORIENTE", "AÑO": 2025 }, "geometry": { "type": "Point", "coordinates": [ -70.644466, -33.443001 ] } },
{ "type": "Feature", "properties": { "BARRIO": "SAN BORJA", "DIA_SEMANA": "Martes", "TIPO_DIA": "Semana", "TRAMO_HORA": "22 A 00 HRS", "MES": "febrero", "ZONA_1": "NORORIENTE", "AÑO": 2025 }, "geometry": { "type": "Point", "coordinates": [ -70.640556, -33.442547 ] } },
{ "type": "Feature", "properties": { "BARRIO": "SANTA ANA", "DIA_SEMANA": "Martes", "TIPO_DIA": "Semana", "TRAMO_HORA": "20 A 22 HRS", "MES": "febrero", "ZONA_1": "NORORIENTE", "AÑO": 2025 }, "geometry": { "type": "Point", "coordinates": [ -70.659115, -33.442495 ] } },
{ "type": "Feature", "properties": { "BARRIO": "MATTA NORTE", "DIA_SEMANA": "Martes", "TIPO_DIA": "Semana", "TRAMO_HORA": "14 A 16 HRS", "MES": "febrero", "ZONA_1": "CENTRORIENTE", "AÑO": 2025 }, "geometry": { "type": "Point", "coordinates": [ -70.64716, -33.45118 ] } },
{ "type": "Feature", "properties": { "BARRIO": "CASCO HISTORICO", "DIA_SEMANA": "Lunes", "TIPO_DIA": "Semana", "TRAMO_HORA": "22 A 00 HRS", "MES": "febrero", "ZONA_1": "NORORIENTE", "AÑO": 2025 }, "geometry": { "type": "Point", "coordinates": [ -70.656932, -33.436922 ] } },
{ "type": "Feature", "properties": { "BARRIO": "MATTA NORTE", "DIA_SEMANA": "Lunes", "TIPO_DIA": "Semana", "TRAMO_HORA": "20 A 22 HRS", "MES": "febrero", "ZONA_1": "CENTRORIENTE", "AÑO": 2025 }, "geometry": { "type": "Point", "coordinates": [ -70.651386, -33.457142 ] } },
{ "type": "Feature", "properties": { "BARRIO": "VIEL", "DIA_SEMANA": "Lunes", "TIPO_DIA": "Semana", "TRAMO_HORA": "20 A 22 HRS", "MES": "febrero", "ZONA_1": "SURORIENTE", "AÑO": 2025 }, "geometry": { "type": "Point", "coordinates": [ -70.655896, -33.468939 ] } },
{ "type": "Feature", "properties": { "BARRIO": "PARQUE ALMAGRO", "DIA_SEMANA": "Lunes", "TIPO_DIA": "Semana", "TRAMO_HORA": "20 A 22 HRS", "MES": "febrero", "ZONA_1": "CENTRORIENTE", "AÑO": 2025 }, "geometry": { "type": "Point", "coordinates": [ -70.652634, -33.449365 ] } },
{ "type": "Feature", "properties": { "BARRIO": "BOGOTA", "DIA_SEMANA": "Lunes", "TIPO_DIA": "Semana", "TRAMO_HORA": "20 A 22 HRS", "MES": "febrero", "ZONA_1": "SURORIENTE", "AÑO": 2025 }, "geometry": { "type": "Point", "coordinates": [ -70.641677, -33.463168 ] } },
{ "type": "Feature", "properties": { "BARRIO": "SANTA ELENA", "DIA_SEMANA": "Lunes", "TIPO_DIA": "Semana", "TRAMO_HORA": "20 A 22 HRS", "MES": "febrero", "ZONA_1": "SURORIENTE", "AÑO": 2025 }, "geometry": { "type": "Point", "coordinates": [ -70.62661, -33.467378 ] } },
{ "type": "Feature", "properties": { "BARRIO": "SANTA ELENA", "DIA_SEMANA": "Lunes", "TIPO_DIA": "Semana", "TRAMO_HORA": "20 A 22 HRS", "MES": "febrero", "ZONA_1": "SURORIENTE", "AÑO": 2025 }, "geometry": { "type": "Point", "coordinates": [ -70.626731, -33.467344 ] } },
{ "type": "Feature", "properties": { "BARRIO": "PARQUE ALMAGRO", "DIA_SEMANA": "Lunes", "TIPO_DIA": "Semana", "TRAMO_HORA": "20 A 22 HRS", "MES": "febrero", "ZONA_1": "CENTRORIENTE", "AÑO": 2025 }, "geometry": { "type": "Point", "coordinates": [ -70.646974, -33.448567 ] } },
{ "type": "Feature", "properties": { "BARRIO": "UNIVERSITARIO", "DIA_SEMANA": "Lunes", "TIPO_DIA": "Semana", "TRAMO_HORA": "18 A 20 HRS", "MES": "febrero", "ZONA_1": "SURPONIENTE", "AÑO": 2025 }, "geometry": { "type": "Point", "coordinates": [ -70.6667, -33.45 ] } },
{ "type": "Feature", "properties": { "BARRIO": "PARQUE ALMAGRO", "DIA_SEMANA": "Lunes", "TIPO_DIA": "Semana", "TRAMO_HORA": "18 A 20 HRS", "MES": "febrero", "ZONA_1": "CENTRORIENTE", "AÑO": 2025 }, "geometry": { "type": "Point", "coordinates": [ -70.652657, -33.449204 ] } },
{ "type": "Feature", "properties": { "BARRIO": "CASCO HISTORICO", "DIA_SEMANA": "Lunes", "TIPO_DIA": "Semana", "TRAMO_HORA": "18 A 20 HRS", "MES": "febrero", "ZONA_1": "NORORIENTE", "AÑO": 2025 }, "geometry": { "type": "Point", "coordinates": [ -70.651575, -33.436552 ] } },
{ "type": "Feature", "properties": { "BARRIO": "UNIVERSITARIO", "DIA_SEMANA": "Lunes", "TIPO_DIA": "Semana", "TRAMO_HORA": "18 A 20 HRS", "MES": "febrero", "ZONA_1": "SURPONIENTE", "AÑO": 2025 }, "geometry": { "type": "Point", "coordinates": [ -70.665689, -33.451425 ] } },
{ "type": "Feature", "properties": { "BARRIO": "PARQUE ALMAGRO", "DIA_SEMANA": "Lunes", "TIPO_DIA": "Semana", "TRAMO_HORA": "18 A 20 HRS", "MES": "febrero", "ZONA_1": "CENTRORIENTE", "AÑO": 2025 }, "geometry": { "type": "Point", "coordinates": [ -70.654124, -33.445321 ] } },
{ "type": "Feature", "properties": { "BARRIO": "PARQUE ALMAGRO", "DIA_SEMANA": "Lunes", "TIPO_DIA": "Semana", "TRAMO_HORA": "08 A 10 HRS", "MES": "febrero", "ZONA_1": "CENTRORIENTE", "AÑO": 2025 }, "geometry": { "type": "Point", "coordinates": [ -70.650714, -33.451123 ] } },
{ "type": "Feature", "properties": { "BARRIO": "SANTA ISABEL", "DIA_SEMANA": "Domingo", "TIPO_DIA": "Semana", "TRAMO_HORA": "22 A 00 HRS", "MES": "febrero", "ZONA_1": "CENTRORIENTE", "AÑO": 2025 }, "geometry": { "type": "Point", "coordinates": [ -70.642782, -33.450171 ] } },
{ "type": "Feature", "properties": { "BARRIO": "DIEZ DE JULIO", "DIA_SEMANA": "Domingo", "TIPO_DIA": "Semana", "TRAMO_HORA": "22 A 00 HRS", "MES": "febrero", "ZONA_1": "CENTRORIENTE", "AÑO": 2025 }, "geometry": { "type": "Point", "coordinates": [ -70.634354, -33.452853 ] } },
{ "type": "Feature", "properties": { "BARRIO": "PARQUE ALMAGRO", "DIA_SEMANA": "Domingo", "TIPO_DIA": "Semana", "TRAMO_HORA": "22 A 00 HRS", "MES": "febrero", "ZONA_1": "CENTRORIENTE", "AÑO": 2025 }, "geometry": { "type": "Point", "coordinates": [ -70.652702, -33.448999 ] } },
{ "type": "Feature", "properties": { "BARRIO": "PARQUE ALMAGRO", "DIA_SEMANA": "Domingo", "TIPO_DIA": "Semana", "TRAMO_HORA": "20 A 22 HRS", "MES": "febrero", "ZONA_1": "CENTRORIENTE", "AÑO": 2025 }, "geometry": { "type": "Point", "coordinates": [ -70.647019, -33.448579 ] } },
{ "type": "Feature", "properties": { "BARRIO": "SAN BORJA", "DIA_SEMANA": "Domingo", "TIPO_DIA": "Semana", "TRAMO_HORA": "20 A 22 HRS", "MES": "febrero", "ZONA_1": "NORORIENTE", "AÑO": 2025 }, "geometry": { "type": "Point", "coordinates": [ -70.644216, -33.445196 ] } },
{ "type": "Feature", "properties": { "BARRIO": "SANTA ISABEL", "DIA_SEMANA": "Domingo", "TIPO_DIA": "Semana", "TRAMO_HORA": "20 A 22 HRS", "MES": "febrero", "ZONA_1": "CENTRORIENTE", "AÑO": 2025 }, "geometry": { "type": "Point", "coordinates": [ -70.640318, -33.450664 ] } },
{ "type": "Feature", "properties": { "BARRIO": "DIEZ DE JULIO", "DIA_SEMANA": "Domingo", "TIPO_DIA": "Semana", "TRAMO_HORA": "20 A 22 HRS", "MES": "febrero", "ZONA_1": "CENTRORIENTE", "AÑO": 2025 }, "geometry": { "type": "Point", "coordinates": [ -70.634016, -33.452877 ] } },
{ "type": "Feature", "properties": { "BARRIO": "SANTA LUCIA FORESTAL", "DIA_SEMANA": "Domingo", "TIPO_DIA": "Semana", "TRAMO_HORA": "18 A 20 HRS", "MES": "febrero", "ZONA_1": "NORORIENTE", "AÑO": 2025 }, "geometry": { "type": "Point", "coordinates": [ -70.64126, -33.437186 ] } },
{ "type": "Feature", "properties": { "BARRIO": "PARQUE ALMAGRO", "DIA_SEMANA": "Domingo", "TIPO_DIA": "Semana", "TRAMO_HORA": "18 A 20 HRS", "MES": "febrero", "ZONA_1": "CENTRORIENTE", "AÑO": 2025 }, "geometry": { "type": "Point", "coordinates": [ -70.649045, -33.450041 ] } },
{ "type": "Feature", "properties": { "BARRIO": "PARQUE ALMAGRO", "DIA_SEMANA": "Domingo", "TIPO_DIA": "Semana", "TRAMO_HORA": "18 A 20 HRS", "MES": "febrero", "ZONA_1": "CENTRORIENTE", "AÑO": 2025 }, "geometry": { "type": "Point", "coordinates": [ -70.646979, -33.448457 ] } },
{ "type": "Feature", "properties": { "BARRIO": "PARQUE ALMAGRO", "DIA_SEMANA": "Domingo", "TIPO_DIA": "Semana", "TRAMO_HORA": "18 A 20 HRS", "MES": "febrero", "ZONA_1": "CENTRORIENTE", "AÑO": 2025 }, "geometry": { "type": "Point", "coordinates": [ -70.652805, -33.44841 ] } },
{ "type": "Feature", "properties": { "BARRIO": "PARQUE ALMAGRO", "DIA_SEMANA": "Domingo", "TIPO_DIA": "Semana", "TRAMO_HORA": "18 A 20 HRS", "MES": "febrero", "ZONA_1": "CENTRORIENTE", "AÑO": 2025 }, "geometry": { "type": "Point", "coordinates": [ -70.652826, -33.448241 ] } },
{ "type": "Feature", "properties": { "BARRIO": "PARQUE ALMAGRO", "DIA_SEMANA": "Domingo", "TIPO_DIA": "Semana", "TRAMO_HORA": "18 A 20 HRS", "MES": "febrero", "ZONA_1": "CENTRORIENTE", "AÑO": 2025 }, "geometry": { "type": "Point", "coordinates": [ -70.653078, -33.448764 ] } },
{ "type": "Feature", "properties": { "BARRIO": "PARQUE ALMAGRO", "DIA_SEMANA": "Domingo", "TIPO_DIA": "Semana", "TRAMO_HORA": "18 A 20 HRS", "MES": "febrero", "ZONA_1": "CENTRORIENTE", "AÑO": 2025 }, "geometry": { "type": "Point", "coordinates": [ -70.652796, -33.448353 ] } },
{ "type": "Feature", "properties": { "BARRIO": "SANTA LUCIA FORESTAL", "DIA_SEMANA": "Domingo", "TIPO_DIA": "Semana", "TRAMO_HORA": "16 A 18 HRS", "MES": "febrero", "ZONA_1": "NORORIENTE", "AÑO": 2025 }, "geometry": { "type": "Point", "coordinates": [ -70.639134, -33.437935 ] } },
{ "type": "Feature", "properties": { "BARRIO": "PARQUE ALMAGRO", "DIA_SEMANA": "Domingo", "TIPO_DIA": "Semana", "TRAMO_HORA": "12 A 14 HRS", "MES": "febrero", "ZONA_1": "CENTRORIENTE", "AÑO": 2025 }, "geometry": { "type": "Point", "coordinates": [ -70.650426, -33.451532 ] } },
{ "type": "Feature", "properties": { "BARRIO": "YUNGAY", "DIA_SEMANA": "Domingo", "TIPO_DIA": "Semana", "TRAMO_HORA": "12 A 14 HRS", "MES": "febrero", "ZONA_1": "NORPONIENTE", "AÑO": 2025 }, "geometry": { "type": "Point", "coordinates": [ -70.675247, -33.446016 ] } },
{ "type": "Feature", "properties": { "BARRIO": "YUNGAY", "DIA_SEMANA": "Domingo", "TIPO_DIA": "Semana", "TRAMO_HORA": "08 A 10 HRS", "MES": "febrero", "ZONA_1": "NORPONIENTE", "AÑO": 2025 }, "geometry": { "type": "Point", "coordinates": [ -70.67294, -33.443422 ] } },
{ "type": "Feature", "properties": { "BARRIO": "YUNGAY", "DIA_SEMANA": "Domingo", "TIPO_DIA": "Semana", "TRAMO_HORA": "06 A 08 HRS", "MES": "febrero", "ZONA_1": "NORPONIENTE", "AÑO": 2025 }, "geometry": { "type": "Point", "coordinates": [ -70.672793, -33.443099 ] } },
{ "type": "Feature", "properties": { "BARRIO": "SANTA ANA", "DIA_SEMANA": "Domingo", "TIPO_DIA": "Semana", "TRAMO_HORA": "02 A 04 HRS", "MES": "febrero", "ZONA_1": "NORORIENTE", "AÑO": 2025 }, "geometry": { "type": "Point", "coordinates": [ -70.657119, -33.436634 ] } },
{ "type": "Feature", "properties": { "BARRIO": "VIEL", "DIA_SEMANA": "Domingo", "TIPO_DIA": "Semana", "TRAMO_HORA": "02 A 04 HRS", "MES": "febrero", "ZONA_1": "SURORIENTE", "AÑO": 2025 }, "geometry": { "type": "Point", "coordinates": [ -70.652189, -33.446919 ] } },
{ "type": "Feature", "properties": { "BARRIO": "DIEZ DE JULIO", "DIA_SEMANA": "Sabado", "TIPO_DIA": "Semana", "TRAMO_HORA": "22 A 00 HRS", "MES": "febrero", "ZONA_1": "CENTRORIENTE", "AÑO": 2025 }, "geometry": { "type": "Point", "coordinates": [ -70.634019, -33.452933 ] } },
{ "type": "Feature", "properties": { "BARRIO": "SANTA ISABEL", "DIA_SEMANA": "Sabado", "TIPO_DIA": "Semana", "TRAMO_HORA": "22 A 00 HRS", "MES": "febrero", "ZONA_1": "CENTRORIENTE", "AÑO": 2025 }, "geometry": { "type": "Point", "coordinates": [ -70.642974, -33.45016 ] } },
{ "type": "Feature", "properties": { "BARRIO": "SANTA LUCIA FORESTAL", "DIA_SEMANA": "Sabado", "TIPO_DIA": "Semana", "TRAMO_HORA": "22 A 00 HRS", "MES": "febrero", "ZONA_1": "NORORIENTE", "AÑO": 2025 }, "geometry": { "type": "Point", "coordinates": [ -70.641191, -33.437311 ] } },
{ "type": "Feature", "properties": { "BARRIO": "PARQUE ALMAGRO", "DIA_SEMANA": "Sabado", "TIPO_DIA": "Semana", "TRAMO_HORA": "20 A 22 HRS", "MES": "febrero", "ZONA_1": "CENTRORIENTE", "AÑO": 2025 }, "geometry": { "type": "Point", "coordinates": [ -70.646935, -33.44853 ] } },
{ "type": "Feature", "properties": { "BARRIO": "SANTA LUCIA FORESTAL", "DIA_SEMANA": "Sabado", "TIPO_DIA": "Semana", "TRAMO_HORA": "20 A 22 HRS", "MES": "febrero", "ZONA_1": "NORORIENTE", "AÑO": 2025 }, "geometry": { "type": "Point", "coordinates": [ -70.641162, -33.439394 ] } },
{ "type": "Feature", "properties": { "BARRIO": "SANTA LUCIA FORESTAL", "DIA_SEMANA": "Sabado", "TIPO_DIA": "Semana", "TRAMO_HORA": "20 A 22 HRS", "MES": "febrero", "ZONA_1": "NORORIENTE", "AÑO": 2025 }, "geometry": { "type": "Point", "coordinates": [ -70.641045, -33.437997 ] } },
{ "type": "Feature", "properties": { "BARRIO": "PARQUE ALMAGRO", "DIA_SEMANA": "Sabado", "TIPO_DIA": "Semana", "TRAMO_HORA": "20 A 22 HRS", "MES": "febrero", "ZONA_1": "CENTRORIENTE", "AÑO": 2025 }, "geometry": { "type": "Point", "coordinates": [ -70.649481, -33.444234 ] } },
{ "type": "Feature", "properties": { "BARRIO": "SANTA ELENA", "DIA_SEMANA": "Sabado", "TIPO_DIA": "Semana", "TRAMO_HORA": "20 A 22 HRS", "MES": "febrero", "ZONA_1": "SURORIENTE", "AÑO": 2025 }, "geometry": { "type": "Point", "coordinates": [ -70.626677, -33.467306 ] } },
{ "type": "Feature", "properties": { "BARRIO": "SAN BORJA", "DIA_SEMANA": "Sabado", "TIPO_DIA": "Semana", "TRAMO_HORA": "20 A 22 HRS", "MES": "febrero", "ZONA_1": "NORORIENTE", "AÑO": 2025 }, "geometry": { "type": "Point", "coordinates": [ -70.644216, -33.445196 ] } },
{ "type": "Feature", "properties": { "BARRIO": "SANTA ISABEL", "DIA_SEMANA": "Sabado", "TIPO_DIA": "Semana", "TRAMO_HORA": "20 A 22 HRS", "MES": "febrero", "ZONA_1": "CENTRORIENTE", "AÑO": 2025 }, "geometry": { "type": "Point", "coordinates": [ -70.633563, -33.44476 ] } },
{ "type": "Feature", "properties": { "BARRIO": "PARQUE ALMAGRO", "DIA_SEMANA": "Sabado", "TIPO_DIA": "Semana", "TRAMO_HORA": "20 A 22 HRS", "MES": "febrero", "ZONA_1": "CENTRORIENTE", "AÑO": 2025 }, "geometry": { "type": "Point", "coordinates": [ -70.653043, -33.448796 ] } },
{ "type": "Feature", "properties": { "BARRIO": "DIEZ DE JULIO", "DIA_SEMANA": "Sabado", "TIPO_DIA": "Semana", "TRAMO_HORA": "20 A 22 HRS", "MES": "febrero", "ZONA_1": "CENTRORIENTE", "AÑO": 2025 }, "geometry": { "type": "Point", "coordinates": [ -70.630202, -33.454924 ] } },
{ "type": "Feature", "properties": { "BARRIO": "SANTA ELENA", "DIA_SEMANA": "Sabado", "TIPO_DIA": "Semana", "TRAMO_HORA": "20 A 22 HRS", "MES": "febrero", "ZONA_1": "SURORIENTE", "AÑO": 2025 }, "geometry": { "type": "Point", "coordinates": [ -70.629967, -33.455792 ] } },
{ "type": "Feature", "properties": { "BARRIO": "DIEZ DE JULIO", "DIA_SEMANA": "Sabado", "TIPO_DIA": "Semana", "TRAMO_HORA": "20 A 22 HRS", "MES": "febrero", "ZONA_1": "CENTRORIENTE", "AÑO": 2025 }, "geometry": { "type": "Point", "coordinates": [ -70.63041, -33.454351 ] } },
{ "type": "Feature", "properties": { "BARRIO": "DIEZ DE JULIO", "DIA_SEMANA": "Sabado", "TIPO_DIA": "Semana", "TRAMO_HORA": "20 A 22 HRS", "MES": "febrero", "ZONA_1": "CENTRORIENTE", "AÑO": 2025 }, "geometry": { "type": "Point", "coordinates": [ -70.632063, -33.452233 ] } },
{ "type": "Feature", "properties": { "BARRIO": "SANTA LUCIA FORESTAL", "DIA_SEMANA": "Sabado", "TIPO_DIA": "Semana", "TRAMO_HORA": "20 A 22 HRS", "MES": "febrero", "ZONA_1": "NORORIENTE", "AÑO": 2025 }, "geometry": { "type": "Point", "coordinates": [ -70.641164, -33.439063 ] } },
{ "type": "Feature", "properties": { "BARRIO": "SANTA LUCIA FORESTAL", "DIA_SEMANA": "Sabado", "TIPO_DIA": "Semana", "TRAMO_HORA": "20 A 22 HRS", "MES": "febrero", "ZONA_1": "NORORIENTE", "AÑO": 2025 }, "geometry": { "type": "Point", "coordinates": [ -70.64117, -33.439437 ] } },
{ "type": "Feature", "properties": { "BARRIO": "SANTA LUCIA FORESTAL", "DIA_SEMANA": "Sabado", "TIPO_DIA": "Semana", "TRAMO_HORA": "20 A 22 HRS", "MES": "febrero", "ZONA_1": "NORORIENTE", "AÑO": 2025 }, "geometry": { "type": "Point", "coordinates": [ -70.640852, -33.438958 ] } },
{ "type": "Feature", "properties": { "BARRIO": "DIEZ DE JULIO", "DIA_SEMANA": "Sabado", "TIPO_DIA": "Semana", "TRAMO_HORA": "20 A 22 HRS", "MES": "febrero", "ZONA_1": "CENTRORIENTE", "AÑO": 2025 }, "geometry": { "type": "Point", "coordinates": [ -70.631635, -33.453559 ] } },
{ "type": "Feature", "properties": { "BARRIO": "SANTA ISABEL", "DIA_SEMANA": "Sabado", "TIPO_DIA": "Semana", "TRAMO_HORA": "20 A 22 HRS", "MES": "febrero", "ZONA_1": "CENTRORIENTE", "AÑO": 2025 }, "geometry": { "type": "Point", "coordinates": [ -70.640401, -33.45069 ] } },
{ "type": "Feature", "properties": { "BARRIO": "PARQUE ALMAGRO", "DIA_SEMANA": "Sabado", "TIPO_DIA": "Semana", "TRAMO_HORA": "20 A 22 HRS", "MES": "febrero", "ZONA_1": "CENTRORIENTE", "AÑO": 2025 }, "geometry": { "type": "Point", "coordinates": [ -70.64932, -33.448927 ] } },
{ "type": "Feature", "properties": { "BARRIO": "PARQUE ALMAGRO", "DIA_SEMANA": "Sabado", "TIPO_DIA": "Semana", "TRAMO_HORA": "18 A 20 HRS", "MES": "febrero", "ZONA_1": "CENTRORIENTE", "AÑO": 2025 }, "geometry": { "type": "Point", "coordinates": [ -70.646964, -33.448501 ] } },
{ "type": "Feature", "properties": { "BARRIO": "SANTA LUCIA FORESTAL", "DIA_SEMANA": "Sabado", "TIPO_DIA": "Semana", "TRAMO_HORA": "18 A 20 HRS", "MES": "febrero", "ZONA_1": "NORORIENTE", "AÑO": 2025 }, "geometry": { "type": "Point", "coordinates": [ -70.646356, -33.437666 ] } },
{ "type": "Feature", "properties": { "BARRIO": "PARQUE ALMAGRO", "DIA_SEMANA": "Sabado", "TIPO_DIA": "Semana", "TRAMO_HORA": "16 A 18 HRS", "MES": "febrero", "ZONA_1": "CENTRORIENTE", "AÑO": 2025 }, "geometry": { "type": "Point", "coordinates": [ -70.648326, -33.448822 ] } },
{ "type": "Feature", "properties": { "BARRIO": "CASCO HISTORICO", "DIA_SEMANA": "Sabado", "TIPO_DIA": "Semana", "TRAMO_HORA": "14 A 16 HRS", "MES": "febrero", "ZONA_1": "NORORIENTE", "AÑO": 2025 }, "geometry": { "type": "Point", "coordinates": [ -70.64925, -33.435015 ] } },
{ "type": "Feature", "properties": { "BARRIO": "FRANKLIN", "DIA_SEMANA": "Sabado", "TIPO_DIA": "Semana", "TRAMO_HORA": "12 A 14 HRS", "MES": "febrero", "ZONA_1": "SURORIENTE", "AÑO": 2025 }, "geometry": { "type": "Point", "coordinates": [ -70.64887, -33.449312 ] } },
{ "type": "Feature", "properties": { "BARRIO": "CASCO HISTORICO", "DIA_SEMANA": "Sabado", "TIPO_DIA": "Semana", "TRAMO_HORA": "12 A 14 HRS", "MES": "febrero", "ZONA_1": "NORORIENTE", "AÑO": 2025 }, "geometry": { "type": "Point", "coordinates": [ -70.649961, -33.437843 ] } },
{ "type": "Feature", "properties": { "BARRIO": "FRANKLIN", "DIA_SEMANA": "Sabado", "TIPO_DIA": "Semana", "TRAMO_HORA": "12 A 14 HRS", "MES": "febrero", "ZONA_1": "SURORIENTE", "AÑO": 2025 }, "geometry": { "type": "Point", "coordinates": [ -70.6467, -33.473235 ] } },
{ "type": "Feature", "properties": { "BARRIO": "FRANKLIN", "DIA_SEMANA": "Sabado", "TIPO_DIA": "Semana", "TRAMO_HORA": "12 A 14 HRS", "MES": "febrero", "ZONA_1": "SURORIENTE", "AÑO": 2025 }, "geometry": { "type": "Point", "coordinates": [ -70.64887, -33.449312 ] } },
{ "type": "Feature", "properties": { "BARRIO": "MEIGGS", "DIA_SEMANA": "Sabado", "TIPO_DIA": "Semana", "TRAMO_HORA": "10 A 12 HRS", "MES": "febrero", "ZONA_1": "2- SURPONIENTE", "AÑO": 2025 }, "geometry": null },
{ "type": "Feature", "properties": { "BARRIO": "FRANKLIN", "DIA_SEMANA": "Sabado", "TIPO_DIA": "Semana", "TRAMO_HORA": "10 A 12 HRS", "MES": "febrero", "ZONA_1": "SURORIENTE", "AÑO": 2025 }, "geometry": { "type": "Point", "coordinates": [ -70.646599, -33.473259 ] } },
{ "type": "Feature", "properties": { "BARRIO": "FRANKLIN", "DIA_SEMANA": "Sabado", "TIPO_DIA": "Semana", "TRAMO_HORA": "10 A 12 HRS", "MES": "febrero", "ZONA_1": "SURORIENTE", "AÑO": 2025 }, "geometry": { "type": "Point", "coordinates": [ -70.646712, -33.473303 ] } },
{ "type": "Feature", "properties": { "BARRIO": "FRANKLIN", "DIA_SEMANA": "Sabado", "TIPO_DIA": "Semana", "TRAMO_HORA": "10 A 12 HRS", "MES": "febrero", "ZONA_1": "SURORIENTE", "AÑO": 2025 }, "geometry": { "type": "Point", "coordinates": [ -70.646793, -33.473434 ] } },
{ "type": "Feature", "properties": { "BARRIO": "YUNGAY", "DIA_SEMANA": "Sabado", "TIPO_DIA": "Semana", "TRAMO_HORA": "00 A 02 HRS", "MES": "febrero", "ZONA_1": "NORPONIENTE", "AÑO": 2025 }, "geometry": { "type": "Point", "coordinates": [ -70.691419, -33.439361 ] } },
{ "type": "Feature", "properties": { "BARRIO": "SANTA ELENA", "DIA_SEMANA": "Viernes", "TIPO_DIA": "Semana", "TRAMO_HORA": "22 A 00 HRS", "MES": "febrero", "ZONA_1": "SURORIENTE", "AÑO": 2025 }, "geometry": { "type": "Point", "coordinates": [ -70.629838, -33.456564 ] } },
{ "type": "Feature", "properties": { "BARRIO": "DIEZ DE JULIO", "DIA_SEMANA": "Viernes", "TIPO_DIA": "Semana", "TRAMO_HORA": "22 A 00 HRS", "MES": "febrero", "ZONA_1": "CENTRORIENTE", "AÑO": 2025 }, "geometry": { "type": "Point", "coordinates": [ -70.632098, -33.45284 ] } },
{ "type": "Feature", "properties": { "BARRIO": "MATTA NORTE", "DIA_SEMANA": "Viernes", "TIPO_DIA": "Semana", "TRAMO_HORA": "22 A 00 HRS", "MES": "febrero", "ZONA_1": "CENTRORIENTE", "AÑO": 2025 }, "geometry": { "type": "Point", "coordinates": [ -70.6486, -33.452356 ] } },
{ "type": "Feature", "properties": { "BARRIO": "PARQUE ALMAGRO", "DIA_SEMANA": "Viernes", "TIPO_DIA": "Semana", "TRAMO_HORA": "22 A 00 HRS", "MES": "febrero", "ZONA_1": "CENTRORIENTE", "AÑO": 2025 }, "geometry": { "type": "Point", "coordinates": [ -70.649109, -33.448902 ] } },
{ "type": "Feature", "properties": { "BARRIO": "PARQUE ALMAGRO", "DIA_SEMANA": "Viernes", "TIPO_DIA": "Semana", "TRAMO_HORA": "22 A 00 HRS", "MES": "febrero", "ZONA_1": "CENTRORIENTE", "AÑO": 2025 }, "geometry": { "type": "Point", "coordinates": [ -70.65257, -33.449653 ] } },
{ "type": "Feature", "properties": { "BARRIO": "SANTA LUCIA FORESTAL", "DIA_SEMANA": "Viernes", "TIPO_DIA": "Semana", "TRAMO_HORA": "20 A 22 HRS", "MES": "febrero", "ZONA_1": "NORORIENTE", "AÑO": 2025 }, "geometry": { "type": "Point", "coordinates": [ -70.641161, -33.439068 ] } },
{ "type": "Feature", "properties": { "BARRIO": "CASCO HISTORICO", "DIA_SEMANA": "Viernes", "TIPO_DIA": "Semana", "TRAMO_HORA": "20 A 22 HRS", "MES": "febrero", "ZONA_1": "NORORIENTE", "AÑO": 2025 }, "geometry": { "type": "Point", "coordinates": [ -70.657221, -33.434369 ] } },
{ "type": "Feature", "properties": { "BARRIO": "SANTA ISABEL", "DIA_SEMANA": "Viernes", "TIPO_DIA": "Semana", "TRAMO_HORA": "20 A 22 HRS", "MES": "febrero", "ZONA_1": "NORORIENTE", "AÑO": 2025 }, "geometry": { "type": "Point", "coordinates": [ -70.643781, -33.447719 ] } },
{ "type": "Feature", "properties": { "BARRIO": "SANTA ISABEL", "DIA_SEMANA": "Viernes", "TIPO_DIA": "Semana", "TRAMO_HORA": "20 A 22 HRS", "MES": "febrero", "ZONA_1": "CENTRORIENTE", "AÑO": 2025 }, "geometry": { "type": "Point", "coordinates": [ -70.642874, -33.450484 ] } },
{ "type": "Feature", "properties": { "BARRIO": "PARQUE ALMAGRO", "DIA_SEMANA": "Viernes", "TIPO_DIA": "Semana", "TRAMO_HORA": "20 A 22 HRS", "MES": "febrero", "ZONA_1": "CENTRORIENTE", "AÑO": 2025 }, "geometry": { "type": "Point", "coordinates": [ -70.646966, -33.448524 ] } },
{ "type": "Feature", "properties": { "BARRIO": "SAN BORJA", "DIA_SEMANA": "Viernes", "TIPO_DIA": "Semana", "TRAMO_HORA": "20 A 22 HRS", "MES": "febrero", "ZONA_1": "NORORIENTE", "AÑO": 2025 }, "geometry": { "type": "Point", "coordinates": [ -70.639005, -33.439772 ] } },
{ "type": "Feature", "properties": { "BARRIO": "PARQUE ALMAGRO", "DIA_SEMANA": "Viernes", "TIPO_DIA": "Semana", "TRAMO_HORA": "20 A 22 HRS", "MES": "febrero", "ZONA_1": "CENTRORIENTE", "AÑO": 2025 }, "geometry": { "type": "Point", "coordinates": [ -70.652504, -33.450594 ] } },
{ "type": "Feature", "properties": { "BARRIO": "PARQUE ALMAGRO", "DIA_SEMANA": "Viernes", "TIPO_DIA": "Semana", "TRAMO_HORA": "20 A 22 HRS", "MES": "febrero", "ZONA_1": "CENTRORIENTE", "AÑO": 2025 }, "geometry": { "type": "Point", "coordinates": [ -70.653918, -33.446686 ] } },
{ "type": "Feature", "properties": { "BARRIO": "SANTA LUCIA FORESTAL", "DIA_SEMANA": "Viernes", "TIPO_DIA": "Semana", "TRAMO_HORA": "20 A 22 HRS", "MES": "febrero", "ZONA_1": "NORORIENTE", "AÑO": 2025 }, "geometry": { "type": "Point", "coordinates": [ -70.646356, -33.437666 ] } },
{ "type": "Feature", "properties": { "BARRIO": "SANTA ANA", "DIA_SEMANA": "Viernes", "TIPO_DIA": "Semana", "TRAMO_HORA": "18 A 20 HRS", "MES": "febrero", "ZONA_1": "NORORIENTE", "AÑO": 2025 }, "geometry": { "type": "Point", "coordinates": [ -70.658649, -33.4334 ] } },
{ "type": "Feature", "properties": { "BARRIO": "SANTA LUCIA FORESTAL", "DIA_SEMANA": "Viernes", "TIPO_DIA": "Semana", "TRAMO_HORA": "18 A 20 HRS", "MES": "febrero", "ZONA_1": "NORORIENTE", "AÑO": 2025 }, "geometry": { "type": "Point", "coordinates": [ -70.646356, -33.437666 ] } },
{ "type": "Feature", "properties": { "BARRIO": "SAN BORJA", "DIA_SEMANA": "Viernes", "TIPO_DIA": "Semana", "TRAMO_HORA": "18 A 20 HRS", "MES": "febrero", "ZONA_1": "NORORIENTE", "AÑO": 2025 }, "geometry": { "type": "Point", "coordinates": [ -70.644408, -33.444987 ] } },
{ "type": "Feature", "properties": { "BARRIO": "PARQUE ALMAGRO", "DIA_SEMANA": "Viernes", "TIPO_DIA": "Semana", "TRAMO_HORA": "18 A 20 HRS", "MES": "febrero", "ZONA_1": "CENTRORIENTE", "AÑO": 2025 }, "geometry": { "type": "Point", "coordinates": [ -70.64703, -33.448439 ] } },
{ "type": "Feature", "properties": { "BARRIO": "BRASIL", "DIA_SEMANA": "Viernes", "TIPO_DIA": "Semana", "TRAMO_HORA": "18 A 20 HRS", "MES": "febrero", "ZONA_1": "NORPONIENTE", "AÑO": 2025 }, "geometry": { "type": "Point", "coordinates": [ -70.666017, -33.443628 ] } },
{ "type": "Feature", "properties": { "BARRIO": "YUNGAY", "DIA_SEMANA": "Viernes", "TIPO_DIA": "Semana", "TRAMO_HORA": "18 A 20 HRS", "MES": "febrero", "ZONA_1": "NORPONIENTE", "AÑO": 2025 }, "geometry": { "type": "Point", "coordinates": [ -70.678306, -33.435596 ] } },
{ "type": "Feature", "properties": { "BARRIO": "SANTA LUCIA FORESTAL", "DIA_SEMANA": "Viernes", "TIPO_DIA": "Semana", "TRAMO_HORA": "16 A 18 HRS", "MES": "febrero", "ZONA_1": "NORORIENTE", "AÑO": 2025 }, "geometry": { "type": "Point", "coordinates": [ -70.641128, -33.437876 ] } },
{ "type": "Feature", "properties": { "BARRIO": "PARQUE ALMAGRO", "DIA_SEMANA": "Viernes", "TIPO_DIA": "Semana", "TRAMO_HORA": "14 A 16 HRS", "MES": "febrero", "ZONA_1": "CENTRORIENTE", "AÑO": 2025 }, "geometry": { "type": "Point", "coordinates": [ -70.648241, -33.447817 ] } },
{ "type": "Feature", "properties": { "BARRIO": "SANTA LUCIA FORESTAL", "DIA_SEMANA": "Viernes", "TIPO_DIA": "Semana", "TRAMO_HORA": "14 A 16 HRS", "MES": "febrero", "ZONA_1": "NORORIENTE", "AÑO": 2025 }, "geometry": { "type": "Point", "coordinates": [ -70.640971, -33.439415 ] } },
{ "type": "Feature", "properties": { "BARRIO": "PARQUE ALMAGRO", "DIA_SEMANA": "Viernes", "TIPO_DIA": "Semana", "TRAMO_HORA": "12 A 14 HRS", "MES": "febrero", "ZONA_1": "CENTRORIENTE", "AÑO": 2025 }, "geometry": { "type": "Point", "coordinates": [ -70.652796, -33.448255 ] } },
{ "type": "Feature", "properties": { "BARRIO": "YUNGAY", "DIA_SEMANA": "Viernes", "TIPO_DIA": "Semana", "TRAMO_HORA": "12 A 14 HRS", "MES": "febrero", "ZONA_1": "NORPONIENTE", "AÑO": 2025 }, "geometry": { "type": "Point", "coordinates": [ -70.670976, -33.4472 ] } },
{ "type": "Feature", "properties": { "BARRIO": "PARQUE ALMAGRO", "DIA_SEMANA": "Viernes", "TIPO_DIA": "Semana", "TRAMO_HORA": "06 A 08 HRS", "MES": "febrero", "ZONA_1": "CENTRORIENTE", "AÑO": 2025 }, "geometry": { "type": "Point", "coordinates": [ -70.650623, -33.451506 ] } },
{ "type": "Feature", "properties": { "BARRIO": "SAN BORJA", "DIA_SEMANA": "Jueves", "TIPO_DIA": "Semana", "TRAMO_HORA": "22 A 00 HRS", "MES": "febrero", "ZONA_1": "NORORIENTE", "AÑO": 2025 }, "geometry": { "type": "Point", "coordinates": [ -70.643884, -33.44555 ] } },
{ "type": "Feature", "properties": { "BARRIO": "PARQUE ALMAGRO", "DIA_SEMANA": "Jueves", "TIPO_DIA": "Semana", "TRAMO_HORA": "22 A 00 HRS", "MES": "febrero", "ZONA_1": "CENTRORIENTE", "AÑO": 2025 }, "geometry": { "type": "Point", "coordinates": [ -70.646933, -33.44853 ] } },
{ "type": "Feature", "properties": { "BARRIO": "SANTA ISABEL", "DIA_SEMANA": "Jueves", "TIPO_DIA": "Semana", "TRAMO_HORA": "22 A 00 HRS", "MES": "febrero", "ZONA_1": "NORORIENTE", "AÑO": 2025 }, "geometry": { "type": "Point", "coordinates": [ -70.64439, -33.447384 ] } },
{ "type": "Feature", "properties": { "BARRIO": "SANTA ISABEL", "DIA_SEMANA": "Jueves", "TIPO_DIA": "Semana", "TRAMO_HORA": "22 A 00 HRS", "MES": "febrero", "ZONA_1": "CENTRORIENTE", "AÑO": 2025 }, "geometry": { "type": "Point", "coordinates": [ -70.643038, -33.450398 ] } },
{ "type": "Feature", "properties": { "BARRIO": "SANTA ANA", "DIA_SEMANA": "Jueves", "TIPO_DIA": "Semana", "TRAMO_HORA": "22 A 00 HRS", "MES": "febrero", "ZONA_1": "NORORIENTE", "AÑO": 2025 }, "geometry": { "type": "Point", "coordinates": [ -70.658532, -33.434483 ] } },
{ "type": "Feature", "properties": { "BARRIO": "BOGOTA", "DIA_SEMANA": "Jueves", "TIPO_DIA": "Semana", "TRAMO_HORA": "20 A 22 HRS", "MES": "febrero", "ZONA_1": "SURORIENTE", "AÑO": 2025 }, "geometry": { "type": "Point", "coordinates": [ -70.648746, -33.465173 ] } },
{ "type": "Feature", "properties": { "BARRIO": "VIEL", "DIA_SEMANA": "Jueves", "TIPO_DIA": "Semana", "TRAMO_HORA": "20 A 22 HRS", "MES": "febrero", "ZONA_1": "SURORIENTE", "AÑO": 2025 }, "geometry": { "type": "Point", "coordinates": [ -70.650128, -33.46656 ] } },
{ "type": "Feature", "properties": { "BARRIO": "YUNGAY", "DIA_SEMANA": "Jueves", "TIPO_DIA": "Semana", "TRAMO_HORA": "20 A 22 HRS", "MES": "febrero", "ZONA_1": "NORPONIENTE", "AÑO": 2025 }, "geometry": { "type": "Point", "coordinates": [ -70.690583, -33.43916 ] } },
{ "type": "Feature", "properties": { "BARRIO": "SANTA LUCIA FORESTAL", "DIA_SEMANA": "Jueves", "TIPO_DIA": "Semana", "TRAMO_HORA": "20 A 22 HRS", "MES": "febrero", "ZONA_1": "NORORIENTE", "AÑO": 2025 }, "geometry": { "type": "Point", "coordinates": [ -70.641192, -33.439432 ] } },
{ "type": "Feature", "properties": { "BARRIO": "SAN BORJA", "DIA_SEMANA": "Jueves", "TIPO_DIA": "Semana", "TRAMO_HORA": "20 A 22 HRS", "MES": "febrero", "ZONA_1": "1- NORORIENTE", "AÑO": 2025 }, "geometry": { "type": "Point", "coordinates": [ -70.635067, -33.437779 ] } },
{ "type": "Feature", "properties": { "BARRIO": "BOGOTA", "DIA_SEMANA": "Jueves", "TIPO_DIA": "Semana", "TRAMO_HORA": "20 A 22 HRS", "MES": "febrero", "ZONA_1": "SURORIENTE", "AÑO": 2025 }, "geometry": { "type": "Point", "coordinates": [ -70.64872, -33.465178 ] } },
{ "type": "Feature", "properties": { "BARRIO": "VIEL", "DIA_SEMANA": "Jueves", "TIPO_DIA": "Semana", "TRAMO_HORA": "20 A 22 HRS", "MES": "febrero", "ZONA_1": "SURORIENTE", "AÑO": 2025 }, "geometry": { "type": "Point", "coordinates": [ -70.650128, -33.46656 ] } },
{ "type": "Feature", "properties": { "BARRIO": "EJERCITO", "DIA_SEMANA": "Jueves", "TIPO_DIA": "Semana", "TRAMO_HORA": "20 A 22 HRS", "MES": "febrero", "ZONA_1": "SURPONIENTE", "AÑO": 2025 }, "geometry": { "type": "Point", "coordinates": [ -70.66403, -33.451471 ] } },
{ "type": "Feature", "properties": { "BARRIO": "UNIVERSITARIO", "DIA_SEMANA": "Jueves", "TIPO_DIA": "Semana", "TRAMO_HORA": "18 A 20 HRS", "MES": "febrero", "ZONA_1": "SURPONIENTE", "AÑO": 2025 }, "geometry": { "type": "Point", "coordinates": [ -70.6667, -33.45 ] } },
{ "type": "Feature", "properties": { "BARRIO": "BOGOTA", "DIA_SEMANA": "Jueves", "TIPO_DIA": "Semana", "TRAMO_HORA": "18 A 20 HRS", "MES": "febrero", "ZONA_1": "SURORIENTE", "AÑO": 2025 }, "geometry": { "type": "Point", "coordinates": [ -70.641702, -33.463055 ] } },
{ "type": "Feature", "properties": { "BARRIO": "PARQUE ALMAGRO", "DIA_SEMANA": "Jueves", "TIPO_DIA": "Semana", "TRAMO_HORA": "18 A 20 HRS", "MES": "febrero", "ZONA_1": "CENTRORIENTE", "AÑO": 2025 }, "geometry": { "type": "Point", "coordinates": [ -70.64696, -33.448406 ] } },
{ "type": "Feature", "properties": { "BARRIO": "SANTA ELENA", "DIA_SEMANA": "Jueves", "TIPO_DIA": "Semana", "TRAMO_HORA": "18 A 20 HRS", "MES": "febrero", "ZONA_1": "SURORIENTE", "AÑO": 2025 }, "geometry": { "type": "Point", "coordinates": [ -70.626663, -33.467342 ] } },
{ "type": "Feature", "properties": { "BARRIO": "SANTA ELENA", "DIA_SEMANA": "Jueves", "TIPO_DIA": "Semana", "TRAMO_HORA": "18 A 20 HRS", "MES": "febrero", "ZONA_1": "SURORIENTE", "AÑO": 2025 }, "geometry": { "type": "Point", "coordinates": [ -70.626807, -33.467357 ] } },
{ "type": "Feature", "properties": { "BARRIO": "SANTA LUCIA FORESTAL", "DIA_SEMANA": "Jueves", "TIPO_DIA": "Semana", "TRAMO_HORA": "18 A 20 HRS", "MES": "febrero", "ZONA_1": "NORORIENTE", "AÑO": 2025 }, "geometry": { "type": "Point", "coordinates": [ -70.646356, -33.437666 ] } },
{ "type": "Feature", "properties": { "BARRIO": "PARQUE ALMAGRO", "DIA_SEMANA": "Jueves", "TIPO_DIA": "Semana", "TRAMO_HORA": "14 A 16 HRS", "MES": "febrero", "ZONA_1": "NORORIENTE", "AÑO": 2025 }, "geometry": { "type": "Point", "coordinates": [ -70.650315, -33.443809 ] } },
{ "type": "Feature", "properties": { "BARRIO": "BALMACEDA", "DIA_SEMANA": "Jueves", "TIPO_DIA": "Semana", "TRAMO_HORA": "12 A 14 HRS", "MES": "febrero", "ZONA_1": "NORPONIENTE", "AÑO": 2025 }, "geometry": { "type": "Point", "coordinates": [ -70.680228, -33.432369 ] } },
{ "type": "Feature", "properties": { "BARRIO": "CASCO HISTORICO", "DIA_SEMANA": "Jueves", "TIPO_DIA": "Semana", "TRAMO_HORA": "10 A 12 HRS", "MES": "febrero", "ZONA_1": "NORORIENTE", "AÑO": 2025 }, "geometry": { "type": "Point", "coordinates": [ -70.64893, -33.433547 ] } },
{ "type": "Feature", "properties": { "BARRIO": "PARQUE ALMAGRO", "DIA_SEMANA": "Jueves", "TIPO_DIA": "Semana", "TRAMO_HORA": "08 A 10 HRS", "MES": "febrero", "ZONA_1": "CENTRORIENTE", "AÑO": 2025 }, "geometry": { "type": "Point", "coordinates": [ -70.644652, -33.446328 ] } },
{ "type": "Feature", "properties": { "BARRIO": "PARQUE ALMAGRO", "DIA_SEMANA": "Jueves", "TIPO_DIA": "Semana", "TRAMO_HORA": "08 A 10 HRS", "MES": "febrero", "ZONA_1": "CENTRORIENTE", "AÑO": 2025 }, "geometry": { "type": "Point", "coordinates": [ -70.644652, -33.446328 ] } },
{ "type": "Feature", "properties": { "BARRIO": "SANTA ISABEL", "DIA_SEMANA": "Miercoles", "TIPO_DIA": "Semana", "TRAMO_HORA": "22 A 00 HRS", "MES": "febrero", "ZONA_1": "CENTRORIENTE", "AÑO": 2025 }, "geometry": { "type": "Point", "coordinates": [ -70.640539, -33.450731 ] } },
{ "type": "Feature", "properties": { "BARRIO": "SANTA ISABEL", "DIA_SEMANA": "Miercoles", "TIPO_DIA": "Semana", "TRAMO_HORA": "22 A 00 HRS", "MES": "febrero", "ZONA_1": "CENTRORIENTE", "AÑO": 2025 }, "geometry": { "type": "Point", "coordinates": [ -70.640413, -33.450697 ] } },
{ "type": "Feature", "properties": { "BARRIO": "MATTA NORTE", "DIA_SEMANA": "Miercoles", "TIPO_DIA": "Semana", "TRAMO_HORA": "22 A 00 HRS", "MES": "febrero", "ZONA_1": "CENTRORIENTE", "AÑO": 2025 }, "geometry": { "type": "Point", "coordinates": [ -70.64858, -33.45239 ] } },
{ "type": "Feature", "properties": { "BARRIO": "PARQUE ALMAGRO", "DIA_SEMANA": "Miercoles", "TIPO_DIA": "Semana", "TRAMO_HORA": "20 A 22 HRS", "MES": "febrero", "ZONA_1": "CENTRORIENTE", "AÑO": 2025 }, "geometry": { "type": "Point", "coordinates": [ -70.647003, -33.448492 ] } },
{ "type": "Feature", "properties": { "BARRIO": "SANTA LUCIA FORESTAL", "DIA_SEMANA": "Miercoles", "TIPO_DIA": "Semana", "TRAMO_HORA": "20 A 22 HRS", "MES": "febrero", "ZONA_1": "NORORIENTE", "AÑO": 2025 }, "geometry": { "type": "Point", "coordinates": [ -70.644199, -33.436501 ] } },
{ "type": "Feature", "properties": { "BARRIO": "MATTA NORTE", "DIA_SEMANA": "Miercoles", "TIPO_DIA": "Semana", "TRAMO_HORA": "20 A 22 HRS", "MES": "febrero", "ZONA_1": "CENTRORIENTE", "AÑO": 2025 }, "geometry": { "type": "Point", "coordinates": [ -70.646179, -33.45156 ] } },
{ "type": "Feature", "properties": { "BARRIO": "UNIVERSITARIO", "DIA_SEMANA": "Miercoles", "TIPO_DIA": "Semana", "TRAMO_HORA": "20 A 22 HRS", "MES": "febrero", "ZONA_1": "SURPONIENTE", "AÑO": 2025 }, "geometry": { "type": "Point", "coordinates": [ -70.6667, -33.45 ] } },
{ "type": "Feature", "properties": { "BARRIO": "SANTA ISABEL", "DIA_SEMANA": "Miercoles", "TIPO_DIA": "Semana", "TRAMO_HORA": "20 A 22 HRS", "MES": "febrero", "ZONA_1": "CENTRORIENTE", "AÑO": 2025 }, "geometry": { "type": "Point", "coordinates": [ -70.642795, -33.450363 ] } },
{ "type": "Feature", "properties": { "BARRIO": "PARQUE ALMAGRO", "DIA_SEMANA": "Miercoles", "TIPO_DIA": "Semana", "TRAMO_HORA": "20 A 22 HRS", "MES": "febrero", "ZONA_1": "CENTRORIENTE", "AÑO": 2025 }, "geometry": { "type": "Point", "coordinates": [ -70.653006, -33.447329 ] } },
{ "type": "Feature", "properties": { "BARRIO": "SANTA ISABEL", "DIA_SEMANA": "Miercoles", "TIPO_DIA": "Semana", "TRAMO_HORA": "20 A 22 HRS", "MES": "febrero", "ZONA_1": "CENTRORIENTE", "AÑO": 2025 }, "geometry": { "type": "Point", "coordinates": [ -70.633209, -33.444721 ] } },
{ "type": "Feature", "properties": { "BARRIO": "PARQUE ALMAGRO", "DIA_SEMANA": "Miercoles", "TIPO_DIA": "Semana", "TRAMO_HORA": "20 A 22 HRS", "MES": "febrero", "ZONA_1": "CENTRORIENTE", "AÑO": 2025 }, "geometry": { "type": "Point", "coordinates": [ -70.646995, -33.448553 ] } },
{ "type": "Feature", "properties": { "BARRIO": "PARQUE ALMAGRO", "DIA_SEMANA": "Miercoles", "TIPO_DIA": "Semana", "TRAMO_HORA": "20 A 22 HRS", "MES": "febrero", "ZONA_1": "CENTRORIENTE", "AÑO": 2025 }, "geometry": { "type": "Point", "coordinates": [ -70.647292, -33.447121 ] } },
{ "type": "Feature", "properties": { "BARRIO": "SANTA ELENA", "DIA_SEMANA": "Miercoles", "TIPO_DIA": "Semana", "TRAMO_HORA": "18 A 20 HRS", "MES": "febrero", "ZONA_1": "SURORIENTE", "AÑO": 2025 }, "geometry": { "type": "Point", "coordinates": [ -70.626613, -33.467358 ] } },
{ "type": "Feature", "properties": { "BARRIO": "SANTA ELENA", "DIA_SEMANA": "Miercoles", "TIPO_DIA": "Semana", "TRAMO_HORA": "18 A 20 HRS", "MES": "febrero", "ZONA_1": "SURORIENTE", "AÑO": 2025 }, "geometry": { "type": "Point", "coordinates": [ -70.626664, -33.467378 ] } },
{ "type": "Feature", "properties": { "BARRIO": "PARQUE ALMAGRO", "DIA_SEMANA": "Miercoles", "TIPO_DIA": "Semana", "TRAMO_HORA": "18 A 20 HRS", "MES": "febrero", "ZONA_1": "CENTRORIENTE", "AÑO": 2025 }, "geometry": { "type": "Point", "coordinates": [ -70.648449, -33.447428 ] } },
{ "type": "Feature", "properties": { "BARRIO": "PARQUE ALMAGRO", "DIA_SEMANA": "Miercoles", "TIPO_DIA": "Semana", "TRAMO_HORA": "18 A 20 HRS", "MES": "febrero", "ZONA_1": "CENTRORIENTE", "AÑO": 2025 }, "geometry": { "type": "Point", "coordinates": [ -70.652735, -33.449106 ] } },
{ "type": "Feature", "properties": { "BARRIO": "SANTA LUCIA FORESTAL", "DIA_SEMANA": "Miercoles", "TIPO_DIA": "Semana", "TRAMO_HORA": "18 A 20 HRS", "MES": "febrero", "ZONA_1": "NORORIENTE", "AÑO": 2025 }, "geometry": { "type": "Point", "coordinates": [ -70.646356, -33.437666 ] } },
{ "type": "Feature", "properties": { "BARRIO": "SANTA LUCIA FORESTAL", "DIA_SEMANA": "Miercoles", "TIPO_DIA": "Semana", "TRAMO_HORA": "18 A 20 HRS", "MES": "febrero", "ZONA_1": "NORORIENTE", "AÑO": 2025 }, "geometry": { "type": "Point", "coordinates": [ -70.641158, -33.439176 ] } },
{ "type": "Feature", "properties": { "BARRIO": "PARQUE ALMAGRO", "DIA_SEMANA": "Miercoles", "TIPO_DIA": "Semana", "TRAMO_HORA": "18 A 20 HRS", "MES": "febrero", "ZONA_1": "CENTRORIENTE", "AÑO": 2025 }, "geometry": { "type": "Point", "coordinates": [ -70.646979, -33.448592 ] } },
{ "type": "Feature", "properties": { "BARRIO": "YUNGAY", "DIA_SEMANA": "Miercoles", "TIPO_DIA": "Semana", "TRAMO_HORA": "16 A 18 HRS", "MES": "febrero", "ZONA_1": "NORPONIENTE", "AÑO": 2025 }, "geometry": { "type": "Point", "coordinates": [ -70.668998, -33.435817 ] } },
{ "type": "Feature", "properties": { "BARRIO": "SANTA LUCIA FORESTAL", "DIA_SEMANA": "Miercoles", "TIPO_DIA": "Semana", "TRAMO_HORA": "16 A 18 HRS", "MES": "febrero", "ZONA_1": "NORORIENTE", "AÑO": 2025 }, "geometry": { "type": "Point", "coordinates": [ -70.643915, -33.436101 ] } },
{ "type": "Feature", "properties": { "BARRIO": "VIEL", "DIA_SEMANA": "Miercoles", "TIPO_DIA": "Semana", "TRAMO_HORA": "12 A 14 HRS", "MES": "febrero", "ZONA_1": "SURORIENTE", "AÑO": 2025 }, "geometry": { "type": "Point", "coordinates": [ -70.652189, -33.446919 ] } },
{ "type": "Feature", "properties": { "BARRIO": "SAN BORJA", "DIA_SEMANA": "Miercoles", "TIPO_DIA": "Semana", "TRAMO_HORA": "10 A 12 HRS", "MES": "febrero", "ZONA_1": "NORORIENTE", "AÑO": 2025 }, "geometry": { "type": "Point", "coordinates": [ -70.645072, -33.442805 ] } },
{ "type": "Feature", "properties": { "BARRIO": "PARQUE ALMAGRO", "DIA_SEMANA": "Miercoles", "TIPO_DIA": "Semana", "TRAMO_HORA": "06 A 08 HRS", "MES": "febrero", "ZONA_1": "CENTRORIENTE", "AÑO": 2025 }, "geometry": { "type": "Point", "coordinates": [ -70.650449, -33.452115 ] } },
{ "type": "Feature", "properties": { "BARRIO": "PARQUE ALMAGRO", "DIA_SEMANA": "Miercoles", "TIPO_DIA": "Semana", "TRAMO_HORA": "06 A 08 HRS", "MES": "febrero", "ZONA_1": "CENTRORIENTE", "AÑO": 2025 }, "geometry": { "type": "Point", "coordinates": [ -70.65062, -33.451524 ] } },
{ "type": "Feature", "properties": { "BARRIO": "SAN BORJA", "DIA_SEMANA": "Miercoles", "TIPO_DIA": "Semana", "TRAMO_HORA": "00 A 02 HRS", "MES": "febrero", "ZONA_1": "NORORIENTE", "AÑO": 2025 }, "geometry": { "type": "Point", "coordinates": [ -70.645476, -33.445468 ] } },
{ "type": "Feature", "properties": { "BARRIO": "SANTA LUCIA FORESTAL", "DIA_SEMANA": "Martes", "TIPO_DIA": "Semana", "TRAMO_HORA": "22 A 00 HRS", "MES": "febrero", "ZONA_1": "NORORIENTE", "AÑO": 2025 }, "geometry": { "type": "Point", "coordinates": [ -70.643428, -33.436123 ] } },
{ "type": "Feature", "properties": { "BARRIO": "PARQUE ALMAGRO", "DIA_SEMANA": "Martes", "TIPO_DIA": "Semana", "TRAMO_HORA": "22 A 00 HRS", "MES": "febrero", "ZONA_1": "CENTRORIENTE", "AÑO": 2025 }, "geometry": { "type": "Point", "coordinates": [ -70.654711, -33.449025 ] } },
{ "type": "Feature", "properties": { "BARRIO": "DIEZ DE JULIO", "DIA_SEMANA": "Martes", "TIPO_DIA": "Semana", "TRAMO_HORA": "20 A 22 HRS", "MES": "febrero", "ZONA_1": "CENTRORIENTE", "AÑO": 2025 }, "geometry": { "type": "Point", "coordinates": [ -70.631708, -33.453516 ] } },
{ "type": "Feature", "properties": { "BARRIO": "PARQUE ALMAGRO", "DIA_SEMANA": "Martes", "TIPO_DIA": "Semana", "TRAMO_HORA": "20 A 22 HRS", "MES": "febrero", "ZONA_1": "CENTRORIENTE", "AÑO": 2025 }, "geometry": { "type": "Point", "coordinates": [ -70.646973, -33.448559 ] } },
{ "type": "Feature", "properties": { "BARRIO": "SANTA ISABEL", "DIA_SEMANA": "Martes", "TIPO_DIA": "Semana", "TRAMO_HORA": "20 A 22 HRS", "MES": "febrero", "ZONA_1": "CENTRORIENTE", "AÑO": 2025 }, "geometry": { "type": "Point", "coordinates": [ -70.64284, -33.450394 ] } },
{ "type": "Feature", "properties": { "BARRIO": "UNIVERSITARIO", "DIA_SEMANA": "Martes", "TIPO_DIA": "Semana", "TRAMO_HORA": "20 A 22 HRS", "MES": "febrero", "ZONA_1": "SURPONIENTE", "AÑO": 2025 }, "geometry": { "type": "Point", "coordinates": [ -70.6667, -33.45 ] } },
{ "type": "Feature", "properties": { "BARRIO": "SANTA LUCIA FORESTAL", "DIA_SEMANA": "Martes", "TIPO_DIA": "Semana", "TRAMO_HORA": "20 A 22 HRS", "MES": "febrero", "ZONA_1": "NORORIENTE", "AÑO": 2025 }, "geometry": { "type": "Point", "coordinates": [ -70.646356, -33.437666 ] } },
{ "type": "Feature", "properties": { "BARRIO": "SAN VICENTE", "DIA_SEMANA": "Martes", "TIPO_DIA": "Semana", "TRAMO_HORA": "18 A 20 HRS", "MES": "febrero", "ZONA_1": "SURPONIENTE", "AÑO": 2025 }, "geometry": { "type": "Point", "coordinates": [ -70.674301, -33.465258 ] } },
{ "type": "Feature", "properties": { "BARRIO": "BRASIL", "DIA_SEMANA": "Martes", "TIPO_DIA": "Semana", "TRAMO_HORA": "18 A 20 HRS", "MES": "febrero", "ZONA_1": "NORPONIENTE", "AÑO": 2025 }, "geometry": { "type": "Point", "coordinates": [ -70.664903, -33.443292 ] } },
{ "type": "Feature", "properties": { "BARRIO": "SANTA LUCIA FORESTAL", "DIA_SEMANA": "Martes", "TIPO_DIA": "Semana", "TRAMO_HORA": "18 A 20 HRS", "MES": "febrero", "ZONA_1": "NORORIENTE", "AÑO": 2025 }, "geometry": { "type": "Point", "coordinates": [ -70.641164, -33.439296 ] } },
{ "type": "Feature", "properties": { "BARRIO": "PARQUE ALMAGRO", "DIA_SEMANA": "Martes", "TIPO_DIA": "Semana", "TRAMO_HORA": "18 A 20 HRS", "MES": "febrero", "ZONA_1": "CENTRORIENTE", "AÑO": 2025 }, "geometry": { "type": "Point", "coordinates": [ -70.647007, -33.448599 ] } },
{ "type": "Feature", "properties": { "BARRIO": "CASCO HISTORICO", "DIA_SEMANA": "Martes", "TIPO_DIA": "Semana", "TRAMO_HORA": "16 A 18 HRS", "MES": "febrero", "ZONA_1": "NORORIENTE", "AÑO": 2025 }, "geometry": { "type": "Point", "coordinates": [ -70.650628, -33.437447 ] } },
{ "type": "Feature", "properties": { "BARRIO": "SANTA LUCIA FORESTAL", "DIA_SEMANA": "Martes", "TIPO_DIA": "Semana", "TRAMO_HORA": "16 A 18 HRS", "MES": "febrero", "ZONA_1": "NORORIENTE", "AÑO": 2025 }, "geometry": { "type": "Point", "coordinates": [ -70.640652, -33.43947 ] } },
{ "type": "Feature", "properties": { "BARRIO": "SANTA LUCIA FORESTAL", "DIA_SEMANA": "Martes", "TIPO_DIA": "Semana", "TRAMO_HORA": "16 A 18 HRS", "MES": "febrero", "ZONA_1": "NORORIENTE", "AÑO": 2025 }, "geometry": { "type": "Point", "coordinates": [ -70.641058, -33.43943 ] } },
{ "type": "Feature", "properties": { "BARRIO": "YUNGAY", "DIA_SEMANA": "Martes", "TIPO_DIA": "Semana", "TRAMO_HORA": "10 A 12 HRS", "MES": "febrero", "ZONA_1": "NORPONIENTE", "AÑO": 2025 }, "geometry": { "type": "Point", "coordinates": [ -70.670608, -33.44599 ] } },
{ "type": "Feature", "properties": { "BARRIO": "SANTA LUCIA FORESTAL", "DIA_SEMANA": "Martes", "TIPO_DIA": "Semana", "TRAMO_HORA": "10 A 12 HRS", "MES": "febrero", "ZONA_1": "NORORIENTE", "AÑO": 2025 }, "geometry": { "type": "Point", "coordinates": [ -70.64114, -33.439404 ] } },
{ "type": "Feature", "properties": { "BARRIO": "PARQUE ALMAGRO", "DIA_SEMANA": "Martes", "TIPO_DIA": "Semana", "TRAMO_HORA": "08 A 10 HRS", "MES": "febrero", "ZONA_1": "CENTRORIENTE", "AÑO": 2025 }, "geometry": { "type": "Point", "coordinates": [ -70.654758, -33.449332 ] } },
{ "type": "Feature", "properties": { "BARRIO": "SANTA ANA", "DIA_SEMANA": "Martes", "TIPO_DIA": "Semana", "TRAMO_HORA": "00 A 02 HRS", "MES": "febrero", "ZONA_1": "NORORIENTE", "AÑO": 2025 }, "geometry": { "type": "Point", "coordinates": [ -70.657979, -33.439234 ] } },
{ "type": "Feature", "properties": { "BARRIO": "SANTA ISABEL", "DIA_SEMANA": "Lunes", "TIPO_DIA": "Semana", "TRAMO_HORA": "20 A 22 HRS", "MES": "febrero", "ZONA_1": "CENTRORIENTE", "AÑO": 2025 }, "geometry": { "type": "Point", "coordinates": [ -70.634698, -33.448182 ] } },
{ "type": "Feature", "properties": { "BARRIO": "SANTA ISABEL", "DIA_SEMANA": "Lunes", "TIPO_DIA": "Semana", "TRAMO_HORA": "20 A 22 HRS", "MES": "febrero", "ZONA_1": "CENTRORIENTE", "AÑO": 2025 }, "geometry": { "type": "Point", "coordinates": [ -70.642831, -33.450378 ] } },
{ "type": "Feature", "properties": { "BARRIO": "DIEZ DE JULIO", "DIA_SEMANA": "Lunes", "TIPO_DIA": "Semana", "TRAMO_HORA": "20 A 22 HRS", "MES": "febrero", "ZONA_1": "CENTRORIENTE", "AÑO": 2025 }, "geometry": { "type": "Point", "coordinates": [ -70.632295, -33.452826 ] } },
{ "type": "Feature", "properties": { "BARRIO": "SAN BORJA", "DIA_SEMANA": "Lunes", "TIPO_DIA": "Semana", "TRAMO_HORA": "20 A 22 HRS", "MES": "febrero", "ZONA_1": "NORORIENTE", "AÑO": 2025 }, "geometry": { "type": "Point", "coordinates": [ -70.643751, -33.445643 ] } },
{ "type": "Feature", "properties": { "BARRIO": "SANTA ELENA", "DIA_SEMANA": "Lunes", "TIPO_DIA": "Semana", "TRAMO_HORA": "20 A 22 HRS", "MES": "febrero", "ZONA_1": "SURORIENTE", "AÑO": 2025 }, "geometry": { "type": "Point", "coordinates": [ -70.630207, -33.456332 ] } },
{ "type": "Feature", "properties": { "BARRIO": "UNIVERSITARIO", "DIA_SEMANA": "Lunes", "TIPO_DIA": "Semana", "TRAMO_HORA": "20 A 22 HRS", "MES": "febrero", "ZONA_1": "SURPONIENTE", "AÑO": 2025 }, "geometry": { "type": "Point", "coordinates": [ -70.6667, -33.45 ] } },
{ "type": "Feature", "properties": { "BARRIO": "PARQUE ALMAGRO", "DIA_SEMANA": "Lunes", "TIPO_DIA": "Semana", "TRAMO_HORA": "18 A 20 HRS", "MES": "febrero", "ZONA_1": "CENTRORIENTE", "AÑO": 2025 }, "geometry": { "type": "Point", "coordinates": [ -70.652686, -33.449091 ] } },
{ "type": "Feature", "properties": { "BARRIO": "PARQUE ALMAGRO", "DIA_SEMANA": "Lunes", "TIPO_DIA": "Semana", "TRAMO_HORA": "18 A 20 HRS", "MES": "febrero", "ZONA_1": "CENTRORIENTE", "AÑO": 2025 }, "geometry": { "type": "Point", "coordinates": [ -70.65051, -33.449336 ] } },
{ "type": "Feature", "properties": { "BARRIO": "SAN BORJA", "DIA_SEMANA": "Lunes", "TIPO_DIA": "Semana", "TRAMO_HORA": "18 A 20 HRS", "MES": "febrero", "ZONA_1": "NORORIENTE", "AÑO": 2025 }, "geometry": { "type": "Point", "coordinates": [ -70.644714, -33.443692 ] } },
{ "type": "Feature", "properties": { "BARRIO": "SAN BORJA", "DIA_SEMANA": "Lunes", "TIPO_DIA": "Semana", "TRAMO_HORA": "18 A 20 HRS", "MES": "febrero", "ZONA_1": "NORORIENTE", "AÑO": 2025 }, "geometry": { "type": "Point", "coordinates": [ -70.643274, -33.444045 ] } },
{ "type": "Feature", "properties": { "BARRIO": "PARQUE ALMAGRO", "DIA_SEMANA": "Lunes", "TIPO_DIA": "Semana", "TRAMO_HORA": "18 A 20 HRS", "MES": "febrero", "ZONA_1": "CENTRORIENTE", "AÑO": 2025 }, "geometry": { "type": "Point", "coordinates": [ -70.646995, -33.448553 ] } },
{ "type": "Feature", "properties": { "BARRIO": "JUDICIAL", "DIA_SEMANA": "Lunes", "TIPO_DIA": "Semana", "TRAMO_HORA": "18 A 20 HRS", "MES": "febrero", "ZONA_1": "SURPONIENTE", "AÑO": 2025 }, "geometry": { "type": "Point", "coordinates": [ -70.659069, -33.470215 ] } },
{ "type": "Feature", "properties": { "BARRIO": "JUDICIAL", "DIA_SEMANA": "Lunes", "TIPO_DIA": "Semana", "TRAMO_HORA": "16 A 18 HRS", "MES": "febrero", "ZONA_1": "SURPONIENTE", "AÑO": 2025 }, "geometry": { "type": "Point", "coordinates": [ -70.658991, -33.470774 ] } },
{ "type": "Feature", "properties": { "BARRIO": "DIEZ DE JULIO", "DIA_SEMANA": "Lunes", "TIPO_DIA": "Semana", "TRAMO_HORA": "16 A 18 HRS", "MES": "febrero", "ZONA_1": "CENTRORIENTE", "AÑO": 2025 }, "geometry": { "type": "Point", "coordinates": [ -70.639475, -33.45736 ] } },
{ "type": "Feature", "properties": { "BARRIO": "SANTA LUCIA FORESTAL", "DIA_SEMANA": "Lunes", "TIPO_DIA": "Semana", "TRAMO_HORA": "14 A 16 HRS", "MES": "febrero", "ZONA_1": "NORORIENTE", "AÑO": 2025 }, "geometry": { "type": "Point", "coordinates": [ -70.641108, -33.43874 ] } },
{ "type": "Feature", "properties": { "BARRIO": "VIEL", "DIA_SEMANA": "Lunes", "TIPO_DIA": "Semana", "TRAMO_HORA": "12 A 14 HRS", "MES": "febrero", "ZONA_1": "SURORIENTE", "AÑO": 2025 }, "geometry": { "type": "Point", "coordinates": [ -70.656207, -33.461355 ] } },
{ "type": "Feature", "properties": { "BARRIO": "SAN BORJA", "DIA_SEMANA": "Lunes", "TIPO_DIA": "Semana", "TRAMO_HORA": "00 A 02 HRS", "MES": "febrero", "ZONA_1": "NORORIENTE", "AÑO": 2025 }, "geometry": { "type": "Point", "coordinates": [ -70.644637, -33.442959 ] } },
{ "type": "Feature", "properties": { "BARRIO": "PARQUE ALMAGRO", "DIA_SEMANA": "Domingo", "TIPO_DIA": "Semana", "TRAMO_HORA": "22 A 00 HRS", "MES": "febrero", "ZONA_1": "CENTRORIENTE", "AÑO": 2025 }, "geometry": { "type": "Point", "coordinates": [ -70.654737, -33.448911 ] } },
{ "type": "Feature", "properties": { "BARRIO": "CASCO HISTORICO", "DIA_SEMANA": "Domingo", "TIPO_DIA": "Semana", "TRAMO_HORA": "22 A 00 HRS", "MES": "febrero", "ZONA_1": "NORORIENTE", "AÑO": 2025 }, "geometry": { "type": "Point", "coordinates": [ -70.656483, -33.439079 ] } },
{ "type": "Feature", "properties": { "BARRIO": "MATTA SUR", "DIA_SEMANA": "Domingo", "TIPO_DIA": "Semana", "TRAMO_HORA": "22 A 00 HRS", "MES": "febrero", "ZONA_1": "SURORIENTE", "AÑO": 2025 }, "geometry": { "type": "Point", "coordinates": [ -70.646087, -33.4615 ] } },
{ "type": "Feature", "properties": { "BARRIO": "SAN BORJA", "DIA_SEMANA": "Domingo", "TIPO_DIA": "Semana", "TRAMO_HORA": "22 A 00 HRS", "MES": "febrero", "ZONA_1": "NORORIENTE", "AÑO": 2025 }, "geometry": { "type": "Point", "coordinates": [ -70.644352, -33.443349 ] } },
{ "type": "Feature", "properties": { "BARRIO": "SANTA ISABEL", "DIA_SEMANA": "Domingo", "TIPO_DIA": "Semana", "TRAMO_HORA": "20 A 22 HRS", "MES": "febrero", "ZONA_1": "CENTRORIENTE", "AÑO": 2025 }, "geometry": { "type": "Point", "coordinates": [ -70.642864, -33.450442 ] } },
{ "type": "Feature", "properties": { "BARRIO": "VIEL", "DIA_SEMANA": "Domingo", "TIPO_DIA": "Semana", "TRAMO_HORA": "20 A 22 HRS", "MES": "febrero", "ZONA_1": "SURORIENTE", "AÑO": 2025 }, "geometry": { "type": "Point", "coordinates": [ -70.649756, -33.466581 ] } },
{ "type": "Feature", "properties": { "BARRIO": "SANTA ISABEL", "DIA_SEMANA": "Domingo", "TIPO_DIA": "Semana", "TRAMO_HORA": "20 A 22 HRS", "MES": "febrero", "ZONA_1": "CENTRORIENTE", "AÑO": 2025 }, "geometry": { "type": "Point", "coordinates": [ -70.634131, -33.445007 ] } },
{ "type": "Feature", "properties": { "BARRIO": "PARQUE ALMAGRO", "DIA_SEMANA": "Domingo", "TIPO_DIA": "Semana", "TRAMO_HORA": "20 A 22 HRS", "MES": "febrero", "ZONA_1": "CENTRORIENTE", "AÑO": 2025 }, "geometry": { "type": "Point", "coordinates": [ -70.652565, -33.449624 ] } },
{ "type": "Feature", "properties": { "BARRIO": "EJERCITO", "DIA_SEMANA": "Domingo", "TIPO_DIA": "Semana", "TRAMO_HORA": "18 A 20 HRS", "MES": "febrero", "ZONA_1": "SURPONIENTE", "AÑO": 2025 }, "geometry": { "type": "Point", "coordinates": [ -70.663925, -33.45144 ] } },
{ "type": "Feature", "properties": { "BARRIO": "PARQUE ALMAGRO", "DIA_SEMANA": "Domingo", "TIPO_DIA": "Semana", "TRAMO_HORA": "18 A 20 HRS", "MES": "febrero", "ZONA_1": "CENTRORIENTE", "AÑO": 2025 }, "geometry": { "type": "Point", "coordinates": [ -70.646991, -33.44854 ] } },
{ "type": "Feature", "properties": { "BARRIO": "YUNGAY", "DIA_SEMANA": "Domingo", "TIPO_DIA": "Semana", "TRAMO_HORA": "10 A 12 HRS", "MES": "febrero", "ZONA_1": "NORPONIENTE", "AÑO": 2025 }, "geometry": { "type": "Point", "coordinates": [ -70.672727, -33.443129 ] } },
{ "type": "Feature", "properties": { "BARRIO": "VIEL", "DIA_SEMANA": "Domingo", "TIPO_DIA": "Semana", "TRAMO_HORA": "08 A 10 HRS", "MES": "febrero", "ZONA_1": "SURORIENTE", "AÑO": 2025 }, "geometry": { "type": "Point", "coordinates": [ -70.649459, -33.469268 ] } },
{ "type": "Feature", "properties": { "BARRIO": "VIEL", "DIA_SEMANA": "Domingo", "TIPO_DIA": "Semana", "TRAMO_HORA": "08 A 10 HRS", "MES": "febrero", "ZONA_1": "SURORIENTE", "AÑO": 2025 }, "geometry": { "type": "Point", "coordinates": [ -70.652189, -33.446919 ] } },
{ "type": "Feature", "properties": { "BARRIO": "VIEL", "DIA_SEMANA": "Sabado", "TIPO_DIA": "Semana", "TRAMO_HORA": "22 A 00 HRS", "MES": "febrero", "ZONA_1": "SURORIENTE", "AÑO": 2025 }, "geometry": { "type": "Point", "coordinates": [ -70.648888, -33.465274 ] } },
{ "type": "Feature", "properties": { "BARRIO": "VIEL", "DIA_SEMANA": "Sabado", "TIPO_DIA": "Semana", "TRAMO_HORA": "22 A 00 HRS", "MES": "febrero", "ZONA_1": "SURORIENTE", "AÑO": 2025 }, "geometry": { "type": "Point", "coordinates": [ -70.648909, -33.465286 ] } },
{ "type": "Feature", "properties": { "BARRIO": "SANTA ISABEL", "DIA_SEMANA": "Sabado", "TIPO_DIA": "Semana", "TRAMO_HORA": "22 A 00 HRS", "MES": "febrero", "ZONA_1": "CENTRORIENTE", "AÑO": 2025 }, "geometry": { "type": "Point", "coordinates": [ -70.642805, -33.450554 ] } },
{ "type": "Feature", "properties": { "BARRIO": "MATTA NORTE", "DIA_SEMANA": "Sabado", "TIPO_DIA": "Semana", "TRAMO_HORA": "22 A 00 HRS", "MES": "febrero", "ZONA_1": "CENTRORIENTE", "AÑO": 2025 }, "geometry": { "type": "Point", "coordinates": [ -70.650499, -33.450817 ] } },
{ "type": "Feature", "properties": { "BARRIO": "PARQUE ALMAGRO", "DIA_SEMANA": "Sabado", "TIPO_DIA": "Semana", "TRAMO_HORA": "22 A 00 HRS", "MES": "febrero", "ZONA_1": "CENTRORIENTE", "AÑO": 2025 }, "geometry": { "type": "Point", "coordinates": [ -70.649303, -33.449691 ] } },
{ "type": "Feature", "properties": { "BARRIO": "PARQUE ALMAGRO", "DIA_SEMANA": "Sabado", "TIPO_DIA": "Semana", "TRAMO_HORA": "20 A 22 HRS", "MES": "febrero", "ZONA_1": "CENTRORIENTE", "AÑO": 2025 }, "geometry": { "type": "Point", "coordinates": [ -70.646933, -33.448565 ] } },
{ "type": "Feature", "properties": { "BARRIO": "DIEZ DE JULIO", "DIA_SEMANA": "Sabado", "TIPO_DIA": "Semana", "TRAMO_HORA": "20 A 22 HRS", "MES": "febrero", "ZONA_1": "CENTRORIENTE", "AÑO": 2025 }, "geometry": { "type": "Point", "coordinates": [ -70.630701, -33.453203 ] } },
{ "type": "Feature", "properties": { "BARRIO": "DIEZ DE JULIO", "DIA_SEMANA": "Sabado", "TIPO_DIA": "Semana", "TRAMO_HORA": "20 A 22 HRS", "MES": "febrero", "ZONA_1": "CENTRORIENTE", "AÑO": 2025 }, "geometry": { "type": "Point", "coordinates": [ -70.634405, -33.452884 ] } },
{ "type": "Feature", "properties": { "BARRIO": "SANTA ELENA", "DIA_SEMANA": "Sabado", "TIPO_DIA": "Semana", "TRAMO_HORA": "20 A 22 HRS", "MES": "febrero", "ZONA_1": "SURORIENTE", "AÑO": 2025 }, "geometry": { "type": "Point", "coordinates": [ -70.627904, -33.466162 ] } },
{ "type": "Feature", "properties": { "BARRIO": "SANTA ANA", "DIA_SEMANA": "Sabado", "TIPO_DIA": "Semana", "TRAMO_HORA": "20 A 22 HRS", "MES": "febrero", "ZONA_1": "NORORIENTE", "AÑO": 2025 }, "geometry": { "type": "Point", "coordinates": [ -70.65773, -33.43442 ] } },
{ "type": "Feature", "properties": { "BARRIO": "SANTA ELENA", "DIA_SEMANA": "Sabado", "TIPO_DIA": "Semana", "TRAMO_HORA": "20 A 22 HRS", "MES": "febrero", "ZONA_1": "SURORIENTE", "AÑO": 2025 }, "geometry": { "type": "Point", "coordinates": [ -70.626565, -33.467389 ] } },
{ "type": "Feature", "properties": { "BARRIO": "SANTA ELENA", "DIA_SEMANA": "Sabado", "TIPO_DIA": "Semana", "TRAMO_HORA": "20 A 22 HRS", "MES": "febrero", "ZONA_1": "SURORIENTE", "AÑO": 2025 }, "geometry": { "type": "Point", "coordinates": [ -70.626577, -33.467374 ] } },
{ "type": "Feature", "properties": { "BARRIO": "SANTA ISABEL", "DIA_SEMANA": "Sabado", "TIPO_DIA": "Semana", "TRAMO_HORA": "20 A 22 HRS", "MES": "febrero", "ZONA_1": "CENTRORIENTE", "AÑO": 2025 }, "geometry": { "type": "Point", "coordinates": [ -70.640377, -33.450687 ] } },
{ "type": "Feature", "properties": { "BARRIO": "PARQUE ALMAGRO", "DIA_SEMANA": "Sabado", "TIPO_DIA": "Semana", "TRAMO_HORA": "18 A 20 HRS", "MES": "febrero", "ZONA_1": "CENTRORIENTE", "AÑO": 2025 }, "geometry": { "type": "Point", "coordinates": [ -70.646985, -33.448575 ] } },
{ "type": "Feature", "properties": { "BARRIO": "CASCO HISTORICO", "DIA_SEMANA": "Sabado", "TIPO_DIA": "Semana", "TRAMO_HORA": "16 A 18 HRS", "MES": "febrero", "ZONA_1": "NORORIENTE", "AÑO": 2025 }, "geometry": { "type": "Point", "coordinates": [ -70.651536, -33.435602 ] } },
{ "type": "Feature", "properties": { "BARRIO": "PARQUE ALMAGRO", "DIA_SEMANA": "Sabado", "TIPO_DIA": "Semana", "TRAMO_HORA": "14 A 16 HRS", "MES": "febrero", "ZONA_1": "CENTRORIENTE", "AÑO": 2025 }, "geometry": { "type": "Point", "coordinates": [ -70.648326, -33.448822 ] } },
{ "type": "Feature", "properties": { "BARRIO": "CASCO HISTORICO", "DIA_SEMANA": "Sabado", "TIPO_DIA": "Semana", "TRAMO_HORA": "12 A 14 HRS", "MES": "febrero", "ZONA_1": "NORORIENTE", "AÑO": 2025 }, "geometry": { "type": "Point", "coordinates": [ -70.651583, -33.435235 ] } },
{ "type": "Feature", "properties": { "BARRIO": "BOGOTA", "DIA_SEMANA": "Sabado", "TIPO_DIA": "Semana", "TRAMO_HORA": "10 A 12 HRS", "MES": "febrero", "ZONA_1": "SURORIENTE", "AÑO": 2025 }, "geometry": { "type": "Point", "coordinates": [ -70.642393, -33.463152 ] } },
{ "type": "Feature", "properties": { "BARRIO": "DIEZ DE JULIO", "DIA_SEMANA": "Sabado", "TIPO_DIA": "Semana", "TRAMO_HORA": "08 A 10 HRS", "MES": "febrero", "ZONA_1": "CENTRORIENTE", "AÑO": 2025 }, "geometry": { "type": "Point", "coordinates": [ -70.630654, -33.455485 ] } },
{ "type": "Feature", "properties": { "BARRIO": "SANTA ISABEL", "DIA_SEMANA": "Sabado", "TIPO_DIA": "Semana", "TRAMO_HORA": "02 A 04 HRS", "MES": "febrero", "ZONA_1": "CENTRORIENTE", "AÑO": 2025 }, "geometry": { "type": "Point", "coordinates": [ -70.640633, -33.447173 ] } },
{ "type": "Feature", "properties": { "BARRIO": "SANTA ANA", "DIA_SEMANA": "Sabado", "TIPO_DIA": "Semana", "TRAMO_HORA": "00 A 02 HRS", "MES": "febrero", "ZONA_1": "NORORIENTE", "AÑO": 2025 }, "geometry": { "type": "Point", "coordinates": [ -70.658823, -33.434503 ] } },
{ "type": "Feature", "properties": { "BARRIO": "SANTA ISABEL", "DIA_SEMANA": "Sabado", "TIPO_DIA": "Semana", "TRAMO_HORA": "00 A 02 HRS", "MES": "febrero", "ZONA_1": "CENTRORIENTE", "AÑO": 2025 }, "geometry": { "type": "Point", "coordinates": [ -70.633223, -33.44462 ] } },
{ "type": "Feature", "properties": { "BARRIO": "PARQUE ALMAGRO", "DIA_SEMANA": "Viernes", "TIPO_DIA": "Semana", "TRAMO_HORA": "22 A 00 HRS", "MES": "febrero", "ZONA_1": "CENTRORIENTE", "AÑO": 2025 }, "geometry": { "type": "Point", "coordinates": [ -70.648454, -33.448771 ] } },
{ "type": "Feature", "properties": { "BARRIO": "DIEZ DE JULIO", "DIA_SEMANA": "Viernes", "TIPO_DIA": "Semana", "TRAMO_HORA": "22 A 00 HRS", "MES": "febrero", "ZONA_1": "CENTRORIENTE", "AÑO": 2025 }, "geometry": { "type": "Point", "coordinates": [ -70.634264, -33.452849 ] } },
{ "type": "Feature", "properties": { "BARRIO": "SANTA ELENA", "DIA_SEMANA": "Viernes", "TIPO_DIA": "Semana", "TRAMO_HORA": "22 A 00 HRS", "MES": "febrero", "ZONA_1": "SURORIENTE", "AÑO": 2025 }, "geometry": { "type": "Point", "coordinates": [ -70.629823, -33.456241 ] } },
{ "type": "Feature", "properties": { "BARRIO": "EJERCITO", "DIA_SEMANA": "Viernes", "TIPO_DIA": "Semana", "TRAMO_HORA": "22 A 00 HRS", "MES": "febrero", "ZONA_1": "SURPONIENTE", "AÑO": 2025 }, "geometry": { "type": "Point", "coordinates": [ -70.664364, -33.451507 ] } },
{ "type": "Feature", "properties": { "BARRIO": "PARQUE ALMAGRO", "DIA_SEMANA": "Viernes", "TIPO_DIA": "Semana", "TRAMO_HORA": "22 A 00 HRS", "MES": "febrero", "ZONA_1": "CENTRORIENTE", "AÑO": 2025 }, "geometry": { "type": "Point", "coordinates": [ -70.649318, -33.44895 ] } },
{ "type": "Feature", "properties": { "BARRIO": "PARQUE ALMAGRO", "DIA_SEMANA": "Viernes", "TIPO_DIA": "Semana", "TRAMO_HORA": "20 A 22 HRS", "MES": "febrero", "ZONA_1": "CENTRORIENTE", "AÑO": 2025 }, "geometry": { "type": "Point", "coordinates": [ -70.646975, -33.448479 ] } },
{ "type": "Feature", "properties": { "BARRIO": "SANTA ANA", "DIA_SEMANA": "Viernes", "TIPO_DIA": "Semana", "TRAMO_HORA": "20 A 22 HRS", "MES": "febrero", "ZONA_1": "NORORIENTE", "AÑO": 2025 }, "geometry": { "type": "Point", "coordinates": [ -70.658754, -33.434348 ] } },
{ "type": "Feature", "properties": { "BARRIO": "DIEZ DE JULIO", "DIA_SEMANA": "Viernes", "TIPO_DIA": "Semana", "TRAMO_HORA": "20 A 22 HRS", "MES": "febrero", "ZONA_1": "CENTRORIENTE", "AÑO": 2025 }, "geometry": { "type": "Point", "coordinates": [ -70.63167, -33.453517 ] } },
{ "type": "Feature", "properties": { "BARRIO": "SANTA LUCIA FORESTAL", "DIA_SEMANA": "Viernes", "TIPO_DIA": "Semana", "TRAMO_HORA": "20 A 22 HRS", "MES": "febrero", "ZONA_1": "NORORIENTE", "AÑO": 2025 }, "geometry": { "type": "Point", "coordinates": [ -70.641194, -33.439439 ] } },
{ "type": "Feature", "properties": { "BARRIO": "MATTA NORTE", "DIA_SEMANA": "Viernes", "TIPO_DIA": "Semana", "TRAMO_HORA": "20 A 22 HRS", "MES": "febrero", "ZONA_1": "CENTRORIENTE", "AÑO": 2025 }, "geometry": { "type": "Point", "coordinates": [ -70.644423, -33.450808 ] } },
{ "type": "Feature", "properties": { "BARRIO": "SANTA ELENA", "DIA_SEMANA": "Viernes", "TIPO_DIA": "Semana", "TRAMO_HORA": "20 A 22 HRS", "MES": "febrero", "ZONA_1": "SURORIENTE", "AÑO": 2025 }, "geometry": { "type": "Point", "coordinates": [ -70.626624, -33.467373 ] } },
{ "type": "Feature", "properties": { "BARRIO": "SANTA ELENA", "DIA_SEMANA": "Viernes", "TIPO_DIA": "Semana", "TRAMO_HORA": "20 A 22 HRS", "MES": "febrero", "ZONA_1": "SURORIENTE", "AÑO": 2025 }, "geometry": { "type": "Point", "coordinates": [ -70.626748, -33.467368 ] } },
{ "type": "Feature", "properties": { "BARRIO": "SANTA LUCIA FORESTAL", "DIA_SEMANA": "Viernes", "TIPO_DIA": "Semana", "TRAMO_HORA": "20 A 22 HRS", "MES": "febrero", "ZONA_1": "NORORIENTE", "AÑO": 2025 }, "geometry": { "type": "Point", "coordinates": [ -70.641123, -33.439766 ] } },
{ "type": "Feature", "properties": { "BARRIO": "MATTA NORTE", "DIA_SEMANA": "Viernes", "TIPO_DIA": "Semana", "TRAMO_HORA": "20 A 22 HRS", "MES": "febrero", "ZONA_1": "CENTRORIENTE", "AÑO": 2025 }, "geometry": { "type": "Point", "coordinates": [ -70.650052, -33.451705 ] } },
{ "type": "Feature", "properties": { "BARRIO": "PARQUE ALMAGRO", "DIA_SEMANA": "Viernes", "TIPO_DIA": "Semana", "TRAMO_HORA": "20 A 22 HRS", "MES": "febrero", "ZONA_1": "CENTRORIENTE", "AÑO": 2025 }, "geometry": { "type": "Point", "coordinates": [ -70.650796, -33.450413 ] } },
{ "type": "Feature", "properties": { "BARRIO": "SANTA ANA", "DIA_SEMANA": "Viernes", "TIPO_DIA": "Semana", "TRAMO_HORA": "18 A 20 HRS", "MES": "febrero", "ZONA_1": "NORORIENTE", "AÑO": 2025 }, "geometry": { "type": "Point", "coordinates": [ -70.65792, -33.435147 ] } },
{ "type": "Feature", "properties": { "BARRIO": "PARQUE ALMAGRO", "DIA_SEMANA": "Viernes", "TIPO_DIA": "Semana", "TRAMO_HORA": "18 A 20 HRS", "MES": "febrero", "ZONA_1": "CENTRORIENTE", "AÑO": 2025 }, "geometry": { "type": "Point", "coordinates": [ -70.64904, -33.449128 ] } },
{ "type": "Feature", "properties": { "BARRIO": "DIEZ DE JULIO", "DIA_SEMANA": "Viernes", "TIPO_DIA": "Semana", "TRAMO_HORA": "18 A 20 HRS", "MES": "febrero", "ZONA_1": "4- CENTRORIENTE", "AÑO": 2025 }, "geometry": null },
{ "type": "Feature", "properties": { "BARRIO": "PARQUE ALMAGRO", "DIA_SEMANA": "Viernes", "TIPO_DIA": "Semana", "TRAMO_HORA": "18 A 20 HRS", "MES": "febrero", "ZONA_1": "CENTRORIENTE", "AÑO": 2025 }, "geometry": { "type": "Point", "coordinates": [ -70.646967, -33.448441 ] } },
{ "type": "Feature", "properties": { "BARRIO": "PARQUE ALMAGRO", "DIA_SEMANA": "Viernes", "TIPO_DIA": "Semana", "TRAMO_HORA": "18 A 20 HRS", "MES": "febrero", "ZONA_1": "CENTRORIENTE", "AÑO": 2025 }, "geometry": { "type": "Point", "coordinates": [ -70.655205, -33.446489 ] } },
{ "type": "Feature", "properties": { "BARRIO": "PARQUE ALMAGRO", "DIA_SEMANA": "Viernes", "TIPO_DIA": "Semana", "TRAMO_HORA": "18 A 20 HRS", "MES": "febrero", "ZONA_1": "CENTRORIENTE", "AÑO": 2025 }, "geometry": { "type": "Point", "coordinates": [ -70.652681, -33.449293 ] } },
{ "type": "Feature", "properties": { "BARRIO": "PANAMA", "DIA_SEMANA": "Viernes", "TIPO_DIA": "Semana", "TRAMO_HORA": "16 A 18 HRS", "MES": "febrero", "ZONA_1": "NORPONIENTE", "AÑO": 2025 }, "geometry": { "type": "Point", "coordinates": [ -70.662172, -33.430912 ] } },
{ "type": "Feature", "properties": { "BARRIO": "YUNGAY", "DIA_SEMANA": "Viernes", "TIPO_DIA": "Semana", "TRAMO_HORA": "16 A 18 HRS", "MES": "febrero", "ZONA_1": "NORPONIENTE", "AÑO": 2025 }, "geometry": { "type": "Point", "coordinates": [ -70.668729, -33.439084 ] } },
{ "type": "Feature", "properties": { "BARRIO": "SAN VICENTE", "DIA_SEMANA": "Viernes", "TIPO_DIA": "Semana", "TRAMO_HORA": "16 A 18 HRS", "MES": "febrero", "ZONA_1": "SURPONIENTE", "AÑO": 2025 }, "geometry": { "type": "Point", "coordinates": [ -70.674322, -33.465277 ] } },
{ "type": "Feature", "properties": { "BARRIO": "SANTA LUCIA FORESTAL", "DIA_SEMANA": "Viernes", "TIPO_DIA": "Semana", "TRAMO_HORA": "14 A 16 HRS", "MES": "febrero", "ZONA_1": "NORORIENTE", "AÑO": 2025 }, "geometry": { "type": "Point", "coordinates": [ -70.645113, -33.442051 ] } },
{ "type": "Feature", "properties": { "BARRIO": "DIEZ DE JULIO", "DIA_SEMANA": "Viernes", "TIPO_DIA": "Semana", "TRAMO_HORA": "14 A 16 HRS", "MES": "febrero", "ZONA_1": "CENTRORIENTE", "AÑO": 2025 }, "geometry": { "type": "Point", "coordinates": [ -70.639538, -33.45732 ] } },
{ "type": "Feature", "properties": { "BARRIO": "CASCO HISTORICO", "DIA_SEMANA": "Viernes", "TIPO_DIA": "Semana", "TRAMO_HORA": "14 A 16 HRS", "MES": "febrero", "ZONA_1": "NORORIENTE", "AÑO": 2025 }, "geometry": { "type": "Point", "coordinates": [ -70.651817, -33.433854 ] } },
{ "type": "Feature", "properties": { "BARRIO": "SANTA LUCIA FORESTAL", "DIA_SEMANA": "Viernes", "TIPO_DIA": "Semana", "TRAMO_HORA": "14 A 16 HRS", "MES": "febrero", "ZONA_1": "NORORIENTE", "AÑO": 2025 }, "geometry": { "type": "Point", "coordinates": [ -70.6412, -33.439324 ] } },
{ "type": "Feature", "properties": { "BARRIO": "PARQUE ALMAGRO", "DIA_SEMANA": "Viernes", "TIPO_DIA": "Semana", "TRAMO_HORA": "14 A 16 HRS", "MES": "febrero", "ZONA_1": "CENTRORIENTE", "AÑO": 2025 }, "geometry": { "type": "Point", "coordinates": [ -70.646637, -33.448398 ] } },
{ "type": "Feature", "properties": { "BARRIO": "PARQUE ALMAGRO", "DIA_SEMANA": "Viernes", "TIPO_DIA": "Semana", "TRAMO_HORA": "12 A 14 HRS", "MES": "febrero", "ZONA_1": "CENTRORIENTE", "AÑO": 2025 }, "geometry": { "type": "Point", "coordinates": [ -70.653916, -33.446681 ] } },
{ "type": "Feature", "properties": { "BARRIO": "PARQUE ALMAGRO", "DIA_SEMANA": "Viernes", "TIPO_DIA": "Semana", "TRAMO_HORA": "12 A 14 HRS", "MES": "febrero", "ZONA_1": "CENTRORIENTE", "AÑO": 2025 }, "geometry": { "type": "Point", "coordinates": [ -70.652732, -33.448973 ] } },
{ "type": "Feature", "properties": { "BARRIO": "FRANKLIN", "DIA_SEMANA": "Viernes", "TIPO_DIA": "Semana", "TRAMO_HORA": "12 A 14 HRS", "MES": "febrero", "ZONA_1": "5- SURORIENTE", "AÑO": 2025 }, "geometry": { "type": "Point", "coordinates": [ -70.642368, -33.47647 ] } },
{ "type": "Feature", "properties": { "BARRIO": "MATTA NORTE", "DIA_SEMANA": "Viernes", "TIPO_DIA": "Semana", "TRAMO_HORA": "10 A 12 HRS", "MES": "febrero", "ZONA_1": "CENTRORIENTE", "AÑO": 2025 }, "geometry": { "type": "Point", "coordinates": [ -70.650044, -33.450441 ] } },
{ "type": "Feature", "properties": { "BARRIO": "SAN BORJA", "DIA_SEMANA": "Viernes", "TIPO_DIA": "Semana", "TRAMO_HORA": "10 A 12 HRS", "MES": "febrero", "ZONA_1": "NORORIENTE", "AÑO": 2025 }, "geometry": { "type": "Point", "coordinates": [ -70.644984, -33.442548 ] } },
{ "type": "Feature", "properties": { "BARRIO": "FRANKLIN", "DIA_SEMANA": "Viernes", "TIPO_DIA": "Semana", "TRAMO_HORA": "10 A 12 HRS", "MES": "febrero", "ZONA_1": "SURORIENTE", "AÑO": 2025 }, "geometry": { "type": "Point", "coordinates": [ -70.643809, -33.474011 ] } },
{ "type": "Feature", "properties": { "BARRIO": "PARQUE ALMAGRO", "DIA_SEMANA": "Viernes", "TIPO_DIA": "Semana", "TRAMO_HORA": "02 A 04 HRS", "MES": "febrero", "ZONA_1": "CENTRORIENTE", "AÑO": 2025 }, "geometry": { "type": "Point", "coordinates": [ -70.648226, -33.446961 ] } },
{ "type": "Feature", "properties": { "BARRIO": "DIEZ DE JULIO", "DIA_SEMANA": "Jueves", "TIPO_DIA": "Semana", "TRAMO_HORA": "22 A 00 HRS", "MES": "febrero", "ZONA_1": "CENTRORIENTE", "AÑO": 2025 }, "geometry": { "type": "Point", "coordinates": [ -70.634045, -33.452748 ] } },
{ "type": "Feature", "properties": { "BARRIO": "SANTA ISABEL", "DIA_SEMANA": "Jueves", "TIPO_DIA": "Semana", "TRAMO_HORA": "22 A 00 HRS", "MES": "febrero", "ZONA_1": "CENTRORIENTE", "AÑO": 2025 }, "geometry": { "type": "Point", "coordinates": [ -70.634687, -33.448244 ] } },
{ "type": "Feature", "properties": { "BARRIO": "SANTA ISABEL", "DIA_SEMANA": "Jueves", "TIPO_DIA": "Semana", "TRAMO_HORA": "20 A 22 HRS", "MES": "febrero", "ZONA_1": "CENTRORIENTE", "AÑO": 2025 }, "geometry": { "type": "Point", "coordinates": [ -70.640265, -33.45066 ] } },
{ "type": "Feature", "properties": { "BARRIO": "SANTA ELENA", "DIA_SEMANA": "Jueves", "TIPO_DIA": "Semana", "TRAMO_HORA": "20 A 22 HRS", "MES": "febrero", "ZONA_1": "SURORIENTE", "AÑO": 2025 }, "geometry": { "type": "Point", "coordinates": [ -70.629851, -33.456202 ] } },
{ "type": "Feature", "properties": { "BARRIO": "EJERCITO", "DIA_SEMANA": "Jueves", "TIPO_DIA": "Semana", "TRAMO_HORA": "20 A 22 HRS", "MES": "febrero", "ZONA_1": "SURPONIENTE", "AÑO": 2025 }, "geometry": { "type": "Point", "coordinates": [ -70.664494, -33.451496 ] } },
{ "type": "Feature", "properties": { "BARRIO": "DIEZ DE JULIO", "DIA_SEMANA": "Jueves", "TIPO_DIA": "Semana", "TRAMO_HORA": "20 A 22 HRS", "MES": "febrero", "ZONA_1": "CENTRORIENTE", "AÑO": 2025 }, "geometry": { "type": "Point", "coordinates": [ -70.631686, -33.453534 ] } },
{ "type": "Feature", "properties": { "BARRIO": "SANTA ANA", "DIA_SEMANA": "Jueves", "TIPO_DIA": "Semana", "TRAMO_HORA": "20 A 22 HRS", "MES": "febrero", "ZONA_1": "NORORIENTE", "AÑO": 2025 }, "geometry": { "type": "Point", "coordinates": [ -70.65724, -33.440269 ] } },
{ "type": "Feature", "properties": { "BARRIO": "PARQUE ALMAGRO", "DIA_SEMANA": "Jueves", "TIPO_DIA": "Semana", "TRAMO_HORA": "20 A 22 HRS", "MES": "febrero", "ZONA_1": "CENTRORIENTE", "AÑO": 2025 }, "geometry": { "type": "Point", "coordinates": [ -70.652649, -33.448915 ] } },
{ "type": "Feature", "properties": { "BARRIO": "EJERCITO", "DIA_SEMANA": "Jueves", "TIPO_DIA": "Semana", "TRAMO_HORA": "20 A 22 HRS", "MES": "febrero", "ZONA_1": "SURPONIENTE", "AÑO": 2025 }, "geometry": { "type": "Point", "coordinates": [ -70.664126, -33.451479 ] } },
{ "type": "Feature", "properties": { "BARRIO": "PARQUE ALMAGRO", "DIA_SEMANA": "Jueves", "TIPO_DIA": "Semana", "TRAMO_HORA": "20 A 22 HRS", "MES": "febrero", "ZONA_1": "CENTRORIENTE", "AÑO": 2025 }, "geometry": { "type": "Point", "coordinates": [ -70.650219, -33.449517 ] } },
{ "type": "Feature", "properties": { "BARRIO": "SANTA LUCIA FORESTAL", "DIA_SEMANA": "Jueves", "TIPO_DIA": "Semana", "TRAMO_HORA": "20 A 22 HRS", "MES": "febrero", "ZONA_1": "NORORIENTE", "AÑO": 2025 }, "geometry": { "type": "Point", "coordinates": [ -70.641041, -33.439414 ] } },
{ "type": "Feature", "properties": { "BARRIO": "SANTA ELENA", "DIA_SEMANA": "Jueves", "TIPO_DIA": "Semana", "TRAMO_HORA": "20 A 22 HRS", "MES": "febrero", "ZONA_1": "SURORIENTE", "AÑO": 2025 }, "geometry": { "type": "Point", "coordinates": [ -70.626565, -33.467381 ] } },
{ "type": "Feature", "properties": { "BARRIO": "SANTA ELENA", "DIA_SEMANA": "Jueves", "TIPO_DIA": "Semana", "TRAMO_HORA": "20 A 22 HRS", "MES": "febrero", "ZONA_1": "SURORIENTE", "AÑO": 2025 }, "geometry": { "type": "Point", "coordinates": [ -70.626628, -33.467383 ] } },
{ "type": "Feature", "properties": { "BARRIO": "SANTA LUCIA FORESTAL", "DIA_SEMANA": "Jueves", "TIPO_DIA": "Semana", "TRAMO_HORA": "18 A 20 HRS", "MES": "febrero", "ZONA_1": "NORORIENTE", "AÑO": 2025 }, "geometry": { "type": "Point", "coordinates": [ -70.641131, -33.43942 ] } },
{ "type": "Feature", "properties": { "BARRIO": "DIEZ DE JULIO", "DIA_SEMANA": "Jueves", "TIPO_DIA": "Semana", "TRAMO_HORA": "18 A 20 HRS", "MES": "febrero", "ZONA_1": "CENTRORIENTE", "AÑO": 2025 }, "geometry": { "type": "Point", "coordinates": [ -70.633685, -33.45528 ] } },
{ "type": "Feature", "properties": { "BARRIO": "PARQUE ALMAGRO", "DIA_SEMANA": "Jueves", "TIPO_DIA": "Semana", "TRAMO_HORA": "18 A 20 HRS", "MES": "febrero", "ZONA_1": "CENTRORIENTE", "AÑO": 2025 }, "geometry": { "type": "Point", "coordinates": [ -70.652626, -33.449285 ] } },
{ "type": "Feature", "properties": { "BARRIO": "PARQUE ALMAGRO", "DIA_SEMANA": "Jueves", "TIPO_DIA": "Semana", "TRAMO_HORA": "18 A 20 HRS", "MES": "febrero", "ZONA_1": "CENTRORIENTE", "AÑO": 2025 }, "geometry": { "type": "Point", "coordinates": [ -70.646976, -33.448569 ] } },
{ "type": "Feature", "properties": { "BARRIO": "PARQUE ALMAGRO", "DIA_SEMANA": "Jueves", "TIPO_DIA": "Semana", "TRAMO_HORA": "18 A 20 HRS", "MES": "febrero", "ZONA_1": "CENTRORIENTE", "AÑO": 2025 }, "geometry": { "type": "Point", "coordinates": [ -70.650679, -33.450511 ] } },
{ "type": "Feature", "properties": { "BARRIO": "JUDICIAL", "DIA_SEMANA": "Jueves", "TIPO_DIA": "Semana", "TRAMO_HORA": "18 A 20 HRS", "MES": "febrero", "ZONA_1": "SURPONIENTE", "AÑO": 2025 }, "geometry": { "type": "Point", "coordinates": [ -70.656899, -33.470307 ] } },
{ "type": "Feature", "properties": { "BARRIO": "SANTA LUCIA FORESTAL", "DIA_SEMANA": "Jueves", "TIPO_DIA": "Semana", "TRAMO_HORA": "18 A 20 HRS", "MES": "febrero", "ZONA_1": "NORORIENTE", "AÑO": 2025 }, "geometry": { "type": "Point", "coordinates": [ -70.641081, -33.43891 ] } },
{ "type": "Feature", "properties": { "BARRIO": "SANTA LUCIA FORESTAL", "DIA_SEMANA": "Jueves", "TIPO_DIA": "Semana", "TRAMO_HORA": "16 A 18 HRS", "MES": "febrero", "ZONA_1": "NORORIENTE", "AÑO": 2025 }, "geometry": { "type": "Point", "coordinates": [ -70.64513, -33.442417 ] } },
{ "type": "Feature", "properties": { "BARRIO": "YUNGAY", "DIA_SEMANA": "Jueves", "TIPO_DIA": "Semana", "TRAMO_HORA": "10 A 12 HRS", "MES": "febrero", "ZONA_1": "NORPONIENTE", "AÑO": 2025 }, "geometry": { "type": "Point", "coordinates": [ -70.672734, -33.44317 ] } },
{ "type": "Feature", "properties": { "BARRIO": "SANTA ISABEL", "DIA_SEMANA": "Miercoles", "TIPO_DIA": "Semana", "TRAMO_HORA": "22 A 00 HRS", "MES": "febrero", "ZONA_1": "CENTRORIENTE", "AÑO": 2025 }, "geometry": { "type": "Point", "coordinates": [ -70.642877, -33.450422 ] } },
{ "type": "Feature", "properties": { "BARRIO": "CASCO HISTORICO", "DIA_SEMANA": "Miercoles", "TIPO_DIA": "Semana", "TRAMO_HORA": "22 A 00 HRS", "MES": "febrero", "ZONA_1": "NORORIENTE", "AÑO": 2025 }, "geometry": { "type": "Point", "coordinates": [ -70.648457, -33.4345 ] } },
{ "type": "Feature", "properties": { "BARRIO": "SANTA ISABEL", "DIA_SEMANA": "Miercoles", "TIPO_DIA": "Semana", "TRAMO_HORA": "22 A 00 HRS", "MES": "febrero", "ZONA_1": "CENTRORIENTE", "AÑO": 2025 }, "geometry": { "type": "Point", "coordinates": [ -70.634658, -33.448167 ] } },
{ "type": "Feature", "properties": { "BARRIO": "SANTA ELENA", "DIA_SEMANA": "Miercoles", "TIPO_DIA": "Semana", "TRAMO_HORA": "20 A 22 HRS", "MES": "febrero", "ZONA_1": "SURORIENTE", "AÑO": 2025 }, "geometry": { "type": "Point", "coordinates": [ -70.629917, -33.456487 ] } },
{ "type": "Feature", "properties": { "BARRIO": "EJERCITO", "DIA_SEMANA": "Miercoles", "TIPO_DIA": "Semana", "TRAMO_HORA": "20 A 22 HRS", "MES": "febrero", "ZONA_1": "SURPONIENTE", "AÑO": 2025 }, "geometry": { "type": "Point", "coordinates": [ -70.664528, -33.451504 ] } },
{ "type": "Feature", "properties": { "BARRIO": "EJERCITO", "DIA_SEMANA": "Miercoles", "TIPO_DIA": "Semana", "TRAMO_HORA": "20 A 22 HRS", "MES": "febrero", "ZONA_1": "SURPONIENTE", "AÑO": 2025 }, "geometry": { "type": "Point", "coordinates": [ -70.664417, -33.451649 ] } },
{ "type": "Feature", "properties": { "BARRIO": "SANTA ANA", "DIA_SEMANA": "Miercoles", "TIPO_DIA": "Semana", "TRAMO_HORA": "20 A 22 HRS", "MES": "febrero", "ZONA_1": "NORORIENTE", "AÑO": 2025 }, "geometry": { "type": "Point", "coordinates": [ -70.65709, -33.436797 ] } },
{ "type": "Feature", "properties": { "BARRIO": "PARQUE ALMAGRO", "DIA_SEMANA": "Miercoles", "TIPO_DIA": "Semana", "TRAMO_HORA": "20 A 22 HRS", "MES": "febrero", "ZONA_1": "CENTRORIENTE", "AÑO": 2025 }, "geometry": { "type": "Point", "coordinates": [ -70.646896, -33.448441 ] } },
{ "type": "Feature", "properties": { "BARRIO": "SANTA LUCIA FORESTAL", "DIA_SEMANA": "Miercoles", "TIPO_DIA": "Semana", "TRAMO_HORA": "20 A 22 HRS", "MES": "febrero", "ZONA_1": "NORORIENTE", "AÑO": 2025 }, "geometry": { "type": "Point", "coordinates": [ -70.641196, -33.439439 ] } },
{ "type": "Feature", "properties": { "BARRIO": "SANTA ELENA", "DIA_SEMANA": "Miercoles", "TIPO_DIA": "Semana", "TRAMO_HORA": "20 A 22 HRS", "MES": "febrero", "ZONA_1": "SURORIENTE", "AÑO": 2025 }, "geometry": { "type": "Point", "coordinates": [ -70.629862, -33.456132 ] } },
{ "type": "Feature", "properties": { "BARRIO": "DIEZ DE JULIO", "DIA_SEMANA": "Miercoles", "TIPO_DIA": "Semana", "TRAMO_HORA": "20 A 22 HRS", "MES": "febrero", "ZONA_1": "CENTRORIENTE", "AÑO": 2025 }, "geometry": { "type": "Point", "coordinates": [ -70.632198, -33.452881 ] } },
{ "type": "Feature", "properties": { "BARRIO": "SANTA LUCIA FORESTAL", "DIA_SEMANA": "Miercoles", "TIPO_DIA": "Semana", "TRAMO_HORA": "20 A 22 HRS", "MES": "febrero", "ZONA_1": "NORORIENTE", "AÑO": 2025 }, "geometry": { "type": "Point", "coordinates": [ -70.641006, -33.437427 ] } },
{ "type": "Feature", "properties": { "BARRIO": "PARQUE ALMAGRO", "DIA_SEMANA": "Miercoles", "TIPO_DIA": "Semana", "TRAMO_HORA": "20 A 22 HRS", "MES": "febrero", "ZONA_1": "CENTRORIENTE", "AÑO": 2025 }, "geometry": { "type": "Point", "coordinates": [ -70.647004, -33.448449 ] } },
{ "type": "Feature", "properties": { "BARRIO": "SANTA LUCIA FORESTAL", "DIA_SEMANA": "Miercoles", "TIPO_DIA": "Semana", "TRAMO_HORA": "20 A 22 HRS", "MES": "febrero", "ZONA_1": "NORORIENTE", "AÑO": 2025 }, "geometry": { "type": "Point", "coordinates": [ -70.641204, -33.439447 ] } },
{ "type": "Feature", "properties": { "BARRIO": "PARQUE ALMAGRO", "DIA_SEMANA": "Miercoles", "TIPO_DIA": "Semana", "TRAMO_HORA": "20 A 22 HRS", "MES": "febrero", "ZONA_1": "CENTRORIENTE", "AÑO": 2025 }, "geometry": { "type": "Point", "coordinates": [ -70.647055, -33.448567 ] } },
{ "type": "Feature", "properties": { "BARRIO": "CASCO HISTORICO", "DIA_SEMANA": "Miercoles", "TIPO_DIA": "Semana", "TRAMO_HORA": "20 A 22 HRS", "MES": "febrero", "ZONA_1": "NORORIENTE", "AÑO": 2025 }, "geometry": { "type": "Point", "coordinates": [ -70.651703, -33.434215 ] } },
{ "type": "Feature", "properties": { "BARRIO": "SANTA LUCIA FORESTAL", "DIA_SEMANA": "Miercoles", "TIPO_DIA": "Semana", "TRAMO_HORA": "18 A 20 HRS", "MES": "febrero", "ZONA_1": "NORORIENTE", "AÑO": 2025 }, "geometry": { "type": "Point", "coordinates": [ -70.641941, -33.439253 ] } },
{ "type": "Feature", "properties": { "BARRIO": "SANTA LUCIA FORESTAL", "DIA_SEMANA": "Miercoles", "TIPO_DIA": "Semana", "TRAMO_HORA": "18 A 20 HRS", "MES": "febrero", "ZONA_1": "NORORIENTE", "AÑO": 2025 }, "geometry": { "type": "Point", "coordinates": [ -70.641157, -33.439092 ] } },
{ "type": "Feature", "properties": { "BARRIO": "DIEZ DE JULIO", "DIA_SEMANA": "Miercoles", "TIPO_DIA": "Semana", "TRAMO_HORA": "18 A 20 HRS", "MES": "febrero", "ZONA_1": "CENTRORIENTE", "AÑO": 2025 }, "geometry": { "type": "Point", "coordinates": [ -70.633634, -33.455271 ] } },
{ "type": "Feature", "properties": { "BARRIO": "SANTA LUCIA FORESTAL", "DIA_SEMANA": "Miercoles", "TIPO_DIA": "Semana", "TRAMO_HORA": "18 A 20 HRS", "MES": "febrero", "ZONA_1": "NORORIENTE", "AÑO": 2025 }, "geometry": { "type": "Point", "coordinates": [ -70.641289, -33.437271 ] } },
{ "type": "Feature", "properties": { "BARRIO": "SANTA LUCIA FORESTAL", "DIA_SEMANA": "Miercoles", "TIPO_DIA": "Semana", "TRAMO_HORA": "18 A 20 HRS", "MES": "febrero", "ZONA_1": "NORORIENTE", "AÑO": 2025 }, "geometry": { "type": "Point", "coordinates": [ -70.641132, -33.439425 ] } },
{ "type": "Feature", "properties": { "BARRIO": "PARQUE ALMAGRO", "DIA_SEMANA": "Miercoles", "TIPO_DIA": "Semana", "TRAMO_HORA": "18 A 20 HRS", "MES": "febrero", "ZONA_1": "CENTRORIENTE", "AÑO": 2025 }, "geometry": { "type": "Point", "coordinates": [ -70.652828, -33.447172 ] } },
{ "type": "Feature", "properties": { "BARRIO": "PARQUE ALMAGRO", "DIA_SEMANA": "Miercoles", "TIPO_DIA": "Semana", "TRAMO_HORA": "18 A 20 HRS", "MES": "febrero", "ZONA_1": "CENTRORIENTE", "AÑO": 2025 }, "geometry": { "type": "Point", "coordinates": [ -70.648136, -33.448935 ] } },
{ "type": "Feature", "properties": { "BARRIO": "PARQUE ALMAGRO", "DIA_SEMANA": "Miercoles", "TIPO_DIA": "Semana", "TRAMO_HORA": "18 A 20 HRS", "MES": "febrero", "ZONA_1": "CENTRORIENTE", "AÑO": 2025 }, "geometry": { "type": "Point", "coordinates": [ -70.646985, -33.448571 ] } },
{ "type": "Feature", "properties": { "BARRIO": "SANTA LUCIA FORESTAL", "DIA_SEMANA": "Miercoles", "TIPO_DIA": "Semana", "TRAMO_HORA": "18 A 20 HRS", "MES": "febrero", "ZONA_1": "NORORIENTE", "AÑO": 2025 }, "geometry": { "type": "Point", "coordinates": [ -70.643975, -33.436856 ] } },
{ "type": "Feature", "properties": { "BARRIO": "HUEMUL", "DIA_SEMANA": "Miercoles", "TIPO_DIA": "Semana", "TRAMO_HORA": "08 A 10 HRS", "MES": "febrero", "ZONA_1": "5- SURORIENTE", "AÑO": 2025 }, "geometry": null },
{ "type": "Feature", "properties": { "BARRIO": "SAN BORJA", "DIA_SEMANA": "Miercoles", "TIPO_DIA": "Semana", "TRAMO_HORA": "08 A 10 HRS", "MES": "febrero", "ZONA_1": "NORORIENTE", "AÑO": 2025 }, "geometry": { "type": "Point", "coordinates": [ -70.639225, -33.440541 ] } },
{ "type": "Feature", "properties": { "BARRIO": "PARQUE ALMAGRO", "DIA_SEMANA": "Miercoles", "TIPO_DIA": "Semana", "TRAMO_HORA": "08 A 10 HRS", "MES": "febrero", "ZONA_1": "CENTRORIENTE", "AÑO": 2025 }, "geometry": { "type": "Point", "coordinates": [ -70.648649, -33.447021 ] } },
{ "type": "Feature", "properties": { "BARRIO": "PARQUE ALMAGRO", "DIA_SEMANA": "Martes", "TIPO_DIA": "Semana", "TRAMO_HORA": "22 A 00 HRS", "MES": "febrero", "ZONA_1": "CENTRORIENTE", "AÑO": 2025 }, "geometry": { "type": "Point", "coordinates": [ -70.652772, -33.448637 ] } },
{ "type": "Feature", "properties": { "BARRIO": "SANTA ISABEL", "DIA_SEMANA": "Martes", "TIPO_DIA": "Semana", "TRAMO_HORA": "22 A 00 HRS", "MES": "febrero", "ZONA_1": "CENTRORIENTE", "AÑO": 2025 }, "geometry": { "type": "Point", "coordinates": [ -70.642986, -33.450475 ] } },
{ "type": "Feature", "properties": { "BARRIO": "DIEZ DE JULIO", "DIA_SEMANA": "Martes", "TIPO_DIA": "Semana", "TRAMO_HORA": "22 A 00 HRS", "MES": "febrero", "ZONA_1": "CENTRORIENTE", "AÑO": 2025 }, "geometry": { "type": "Point", "coordinates": [ -70.634355, -33.452932 ] } },
{ "type": "Feature", "properties": { "BARRIO": "DIEZ DE JULIO", "DIA_SEMANA": "Martes", "TIPO_DIA": "Semana", "TRAMO_HORA": "20 A 22 HRS", "MES": "febrero", "ZONA_1": "CENTRORIENTE", "AÑO": 2025 }, "geometry": { "type": "Point", "coordinates": [ -70.634277, -33.452783 ] } },
{ "type": "Feature", "properties": { "BARRIO": "PARQUE ALMAGRO", "DIA_SEMANA": "Martes", "TIPO_DIA": "Semana", "TRAMO_HORA": "20 A 22 HRS", "MES": "febrero", "ZONA_1": "CENTRORIENTE", "AÑO": 2025 }, "geometry": { "type": "Point", "coordinates": [ -70.65392, -33.44667 ] } },
{ "type": "Feature", "properties": { "BARRIO": "DIEZ DE JULIO", "DIA_SEMANA": "Martes", "TIPO_DIA": "Semana", "TRAMO_HORA": "20 A 22 HRS", "MES": "febrero", "ZONA_1": "CENTRORIENTE", "AÑO": 2025 }, "geometry": { "type": "Point", "coordinates": [ -70.630708, -33.453241 ] } },
{ "type": "Feature", "properties": { "BARRIO": "PARQUE ALMAGRO", "DIA_SEMANA": "Martes", "TIPO_DIA": "Semana", "TRAMO_HORA": "20 A 22 HRS", "MES": "febrero", "ZONA_1": "CENTRORIENTE", "AÑO": 2025 }, "geometry": { "type": "Point", "coordinates": [ -70.650274, -33.449892 ] } },
{ "type": "Feature", "properties": { "BARRIO": "DIEZ DE JULIO", "DIA_SEMANA": "Martes", "TIPO_DIA": "Semana", "TRAMO_HORA": "20 A 22 HRS", "MES": "febrero", "ZONA_1": "CENTRORIENTE", "AÑO": 2025 }, "geometry": { "type": "Point", "coordinates": [ -70.631697, -33.453526 ] } },
{ "type": "Feature", "properties": { "BARRIO": "CASCO HISTORICO", "DIA_SEMANA": "Martes", "TIPO_DIA": "Semana", "TRAMO_HORA": "20 A 22 HRS", "MES": "febrero", "ZONA_1": "NORORIENTE", "AÑO": 2025 }, "geometry": { "type": "Point", "coordinates": [ -70.65191, -33.43515 ] } },
{ "type": "Feature", "properties": { "BARRIO": "CASCO HISTORICO", "DIA_SEMANA": "Martes", "TIPO_DIA": "Semana", "TRAMO_HORA": "20 A 22 HRS", "MES": "febrero", "ZONA_1": "NORORIENTE", "AÑO": 2025 }, "geometry": { "type": "Point", "coordinates": [ -70.654415, -33.43297 ] } },
{ "type": "Feature", "properties": { "BARRIO": "PARQUE ALMAGRO", "DIA_SEMANA": "Martes", "TIPO_DIA": "Semana", "TRAMO_HORA": "20 A 22 HRS", "MES": "febrero", "ZONA_1": "CENTRORIENTE", "AÑO": 2025 }, "geometry": { "type": "Point", "coordinates": [ -70.649284, -33.448908 ] } },
{ "type": "Feature", "properties": { "BARRIO": "PARQUE ALMAGRO", "DIA_SEMANA": "Martes", "TIPO_DIA": "Semana", "TRAMO_HORA": "20 A 22 HRS", "MES": "febrero", "ZONA_1": "CENTRORIENTE", "AÑO": 2025 }, "geometry": { "type": "Point", "coordinates": [ -70.652695, -33.449344 ] } },
{ "type": "Feature", "properties": { "BARRIO": "MATTA NORTE", "DIA_SEMANA": "Martes", "TIPO_DIA": "Semana", "TRAMO_HORA": "18 A 20 HRS", "MES": "febrero", "ZONA_1": "CENTRORIENTE", "AÑO": 2025 }, "geometry": { "type": "Point", "coordinates": [ -70.648329, -33.447993 ] } },
{ "type": "Feature", "properties": { "BARRIO": "SANTA ELENA", "DIA_SEMANA": "Martes", "TIPO_DIA": "Semana", "TRAMO_HORA": "18 A 20 HRS", "MES": "febrero", "ZONA_1": "SURORIENTE", "AÑO": 2025 }, "geometry": { "type": "Point", "coordinates": [ -70.626551, -33.467384 ] } },
{ "type": "Feature", "properties": { "BARRIO": "SANTA ELENA", "DIA_SEMANA": "Martes", "TIPO_DIA": "Semana", "TRAMO_HORA": "18 A 20 HRS", "MES": "febrero", "ZONA_1": "SURORIENTE", "AÑO": 2025 }, "geometry": { "type": "Point", "coordinates": [ -70.626574, -33.467391 ] } },
{ "type": "Feature", "properties": { "BARRIO": "SANTA ELENA", "DIA_SEMANA": "Martes", "TIPO_DIA": "Semana", "TRAMO_HORA": "18 A 20 HRS", "MES": "febrero", "ZONA_1": "SURORIENTE", "AÑO": 2025 }, "geometry": { "type": "Point", "coordinates": [ -70.626625, -33.467348 ] } },
{ "type": "Feature", "properties": { "BARRIO": "PARQUE ALMAGRO", "DIA_SEMANA": "Martes", "TIPO_DIA": "Semana", "TRAMO_HORA": "18 A 20 HRS", "MES": "febrero", "ZONA_1": "CENTRORIENTE", "AÑO": 2025 }, "geometry": { "type": "Point", "coordinates": [ -70.646987, -33.448537 ] } },
{ "type": "Feature", "properties": { "BARRIO": "MATTA NORTE", "DIA_SEMANA": "Martes", "TIPO_DIA": "Semana", "TRAMO_HORA": "18 A 20 HRS", "MES": "febrero", "ZONA_1": "CENTRORIENTE", "AÑO": 2025 }, "geometry": { "type": "Point", "coordinates": [ -70.650078, -33.451694 ] } },
{ "type": "Feature", "properties": { "BARRIO": "SANTA LUCIA FORESTAL", "DIA_SEMANA": "Martes", "TIPO_DIA": "Semana", "TRAMO_HORA": "16 A 18 HRS", "MES": "febrero", "ZONA_1": "NORORIENTE", "AÑO": 2025 }, "geometry": { "type": "Point", "coordinates": [ -70.640712, -33.439484 ] } },
{ "type": "Feature", "properties": { "BARRIO": "YUNGAY", "DIA_SEMANA": "Martes", "TIPO_DIA": "Semana", "TRAMO_HORA": "14 A 16 HRS", "MES": "febrero", "ZONA_1": "NORPONIENTE", "AÑO": 2025 }, "geometry": { "type": "Point", "coordinates": [ -70.675132, -33.449584 ] } },
{ "type": "Feature", "properties": { "BARRIO": "PARQUE ALMAGRO", "DIA_SEMANA": "Martes", "TIPO_DIA": "Semana", "TRAMO_HORA": "14 A 16 HRS", "MES": "febrero", "ZONA_1": "CENTRORIENTE", "AÑO": 2025 }, "geometry": { "type": "Point", "coordinates": [ -70.647941, -33.448787 ] } },
{ "type": "Feature", "properties": { "BARRIO": "SAN VICENTE", "DIA_SEMANA": "Martes", "TIPO_DIA": "Semana", "TRAMO_HORA": "10 A 12 HRS", "MES": "febrero", "ZONA_1": "SURPONIENTE", "AÑO": 2025 }, "geometry": { "type": "Point", "coordinates": [ -70.674299, -33.465253 ] } },
{ "type": "Feature", "properties": { "BARRIO": "SANTA ANA", "DIA_SEMANA": "Martes", "TIPO_DIA": "Semana", "TRAMO_HORA": "02 A 04 HRS", "MES": "febrero", "ZONA_1": "NORORIENTE", "AÑO": 2025 }, "geometry": { "type": "Point", "coordinates": [ -70.659342, -33.433579 ] } },
{ "type": "Feature", "properties": { "BARRIO": "PARQUE ALMAGRO", "DIA_SEMANA": "Martes", "TIPO_DIA": "Semana", "TRAMO_HORA": "00 A 02 HRS", "MES": "febrero", "ZONA_1": "CENTRORIENTE", "AÑO": 2025 }, "geometry": { "type": "Point", "coordinates": [ -70.649615, -33.449753 ] } },
{ "type": "Feature", "properties": { "BARRIO": "PARQUE ALMAGRO", "DIA_SEMANA": "Lunes", "TIPO_DIA": "Semana", "TRAMO_HORA": "22 A 00 HRS", "MES": "febrero", "ZONA_1": "CENTRORIENTE", "AÑO": 2025 }, "geometry": { "type": "Point", "coordinates": [ -70.652703, -33.448696 ] } },
{ "type": "Feature", "properties": { "BARRIO": "SANTA ISABEL", "DIA_SEMANA": "Lunes", "TIPO_DIA": "Semana", "TRAMO_HORA": "20 A 22 HRS", "MES": "febrero", "ZONA_1": "CENTRORIENTE", "AÑO": 2025 }, "geometry": { "type": "Point", "coordinates": [ -70.643028, -33.450448 ] } },
{ "type": "Feature", "properties": { "BARRIO": "PARQUE ALMAGRO", "DIA_SEMANA": "Lunes", "TIPO_DIA": "Semana", "TRAMO_HORA": "20 A 22 HRS", "MES": "febrero", "ZONA_1": "CENTRORIENTE", "AÑO": 2025 }, "geometry": { "type": "Point", "coordinates": [ -70.652829, -33.448315 ] } },
{ "type": "Feature", "properties": { "BARRIO": "DIEZ DE JULIO", "DIA_SEMANA": "Lunes", "TIPO_DIA": "Semana", "TRAMO_HORA": "20 A 22 HRS", "MES": "febrero", "ZONA_1": "CENTRORIENTE", "AÑO": 2025 }, "geometry": { "type": "Point", "coordinates": [ -70.631693, -33.453512 ] } },
{ "type": "Feature", "properties": { "BARRIO": "DIEZ DE JULIO", "DIA_SEMANA": "Lunes", "TIPO_DIA": "Semana", "TRAMO_HORA": "20 A 22 HRS", "MES": "febrero", "ZONA_1": "CENTRORIENTE", "AÑO": 2025 }, "geometry": { "type": "Point", "coordinates": [ -70.632525, -33.452622 ] } },
{ "type": "Feature", "properties": { "BARRIO": "SANTA ELENA", "DIA_SEMANA": "Lunes", "TIPO_DIA": "Semana", "TRAMO_HORA": "20 A 22 HRS", "MES": "febrero", "ZONA_1": "SURORIENTE", "AÑO": 2025 }, "geometry": { "type": "Point", "coordinates": [ -70.627899, -33.466183 ] } },
{ "type": "Feature", "properties": { "BARRIO": "SANTA ELENA", "DIA_SEMANA": "Lunes", "TIPO_DIA": "Semana", "TRAMO_HORA": "20 A 22 HRS", "MES": "febrero", "ZONA_1": "SURORIENTE", "AÑO": 2025 }, "geometry": { "type": "Point", "coordinates": [ -70.626614, -33.467288 ] } },
{ "type": "Feature", "properties": { "BARRIO": "SANTA ELENA", "DIA_SEMANA": "Lunes", "TIPO_DIA": "Semana", "TRAMO_HORA": "20 A 22 HRS", "MES": "febrero", "ZONA_1": "SURORIENTE", "AÑO": 2025 }, "geometry": { "type": "Point", "coordinates": [ -70.626566, -33.467382 ] } },
{ "type": "Feature", "properties": { "BARRIO": "SANTA ELENA", "DIA_SEMANA": "Lunes", "TIPO_DIA": "Semana", "TRAMO_HORA": "20 A 22 HRS", "MES": "febrero", "ZONA_1": "SURORIENTE", "AÑO": 2025 }, "geometry": { "type": "Point", "coordinates": [ -70.626605, -33.467366 ] } },
{ "type": "Feature", "properties": { "BARRIO": "SANTA ELENA", "DIA_SEMANA": "Lunes", "TIPO_DIA": "Semana", "TRAMO_HORA": "20 A 22 HRS", "MES": "febrero", "ZONA_1": "SURORIENTE", "AÑO": 2025 }, "geometry": { "type": "Point", "coordinates": [ -70.629895, -33.455776 ] } },
{ "type": "Feature", "properties": { "BARRIO": "PARQUE ALMAGRO", "DIA_SEMANA": "Lunes", "TIPO_DIA": "Semana", "TRAMO_HORA": "18 A 20 HRS", "MES": "febrero", "ZONA_1": "CENTRORIENTE", "AÑO": 2025 }, "geometry": { "type": "Point", "coordinates": [ -70.649179, -33.448277 ] } },
{ "type": "Feature", "properties": { "BARRIO": "PARQUE ALMAGRO", "DIA_SEMANA": "Lunes", "TIPO_DIA": "Semana", "TRAMO_HORA": "18 A 20 HRS", "MES": "febrero", "ZONA_1": "CENTRORIENTE", "AÑO": 2025 }, "geometry": { "type": "Point", "coordinates": [ -70.646976, -33.448496 ] } },
{ "type": "Feature", "properties": { "BARRIO": "SANTA LUCIA FORESTAL", "DIA_SEMANA": "Lunes", "TIPO_DIA": "Semana", "TRAMO_HORA": "18 A 20 HRS", "MES": "febrero", "ZONA_1": "NORORIENTE", "AÑO": 2025 }, "geometry": { "type": "Point", "coordinates": [ -70.64517, -33.441843 ] } },
{ "type": "Feature", "properties": { "BARRIO": "SANTA LUCIA FORESTAL", "DIA_SEMANA": "Lunes", "TIPO_DIA": "Semana", "TRAMO_HORA": "16 A 18 HRS", "MES": "febrero", "ZONA_1": "NORORIENTE", "AÑO": 2025 }, "geometry": { "type": "Point", "coordinates": [ -70.640669, -33.439503 ] } },
{ "type": "Feature", "properties": { "BARRIO": "SANTA LUCIA FORESTAL", "DIA_SEMANA": "Lunes", "TIPO_DIA": "Semana", "TRAMO_HORA": "16 A 18 HRS", "MES": "febrero", "ZONA_1": "NORORIENTE", "AÑO": 2025 }, "geometry": { "type": "Point", "coordinates": [ -70.646356, -33.437666 ] } },
{ "type": "Feature", "properties": { "BARRIO": "CASCO HISTORICO", "DIA_SEMANA": "Lunes", "TIPO_DIA": "Semana", "TRAMO_HORA": "16 A 18 HRS", "MES": "febrero", "ZONA_1": "NORORIENTE", "AÑO": 2025 }, "geometry": { "type": "Point", "coordinates": [ -70.65004, -33.4436 ] } },
{ "type": "Feature", "properties": { "BARRIO": "YUNGAY", "DIA_SEMANA": "Lunes", "TIPO_DIA": "Semana", "TRAMO_HORA": "12 A 14 HRS", "MES": "febrero", "ZONA_1": "NORPONIENTE", "AÑO": 2025 }, "geometry": { "type": "Point", "coordinates": [ -70.674732, -33.435247 ] } },
{ "type": "Feature", "properties": { "BARRIO": "YUNGAY", "DIA_SEMANA": "Lunes", "TIPO_DIA": "Semana", "TRAMO_HORA": "10 A 12 HRS", "MES": "febrero", "ZONA_1": "NORPONIENTE", "AÑO": 2025 }, "geometry": { "type": "Point", "coordinates": [ -70.677001, -33.437767 ] } },
{ "type": "Feature", "properties": { "BARRIO": "SANTA ISABEL", "DIA_SEMANA": "Domingo", "TIPO_DIA": "Semana", "TRAMO_HORA": "22 A 00 HRS", "MES": "febrero", "ZONA_1": "CENTRORIENTE", "AÑO": 2025 }, "geometry": { "type": "Point", "coordinates": [ -70.643078, -33.450446 ] } },
{ "type": "Feature", "properties": { "BARRIO": "PARQUE ALMAGRO", "DIA_SEMANA": "Domingo", "TIPO_DIA": "Semana", "TRAMO_HORA": "22 A 00 HRS", "MES": "febrero", "ZONA_1": "CENTRORIENTE", "AÑO": 2025 }, "geometry": { "type": "Point", "coordinates": [ -70.653785, -33.451157 ] } },
{ "type": "Feature", "properties": { "BARRIO": "SANTA ISABEL", "DIA_SEMANA": "Domingo", "TIPO_DIA": "Semana", "TRAMO_HORA": "22 A 00 HRS", "MES": "febrero", "ZONA_1": "CENTRORIENTE", "AÑO": 2025 }, "geometry": { "type": "Point", "coordinates": [ -70.642993, -33.450474 ] } },
{ "type": "Feature", "properties": { "BARRIO": "PARQUE ALMAGRO", "DIA_SEMANA": "Domingo", "TIPO_DIA": "Semana", "TRAMO_HORA": "22 A 00 HRS", "MES": "febrero", "ZONA_1": "CENTRORIENTE", "AÑO": 2025 }, "geometry": { "type": "Point", "coordinates": [ -70.65406, -33.450561 ] } },
{ "type": "Feature", "properties": { "BARRIO": "PARQUE ALMAGRO", "DIA_SEMANA": "Domingo", "TIPO_DIA": "Semana", "TRAMO_HORA": "22 A 00 HRS", "MES": "febrero", "ZONA_1": "CENTRORIENTE", "AÑO": 2025 }, "geometry": { "type": "Point", "coordinates": [ -70.65406, -33.450561 ] } },
{ "type": "Feature", "properties": { "BARRIO": "SANTA ELENA", "DIA_SEMANA": "Domingo", "TIPO_DIA": "Semana", "TRAMO_HORA": "22 A 00 HRS", "MES": "febrero", "ZONA_1": "SURORIENTE", "AÑO": 2025 }, "geometry": { "type": "Point", "coordinates": [ -70.629951, -33.456035 ] } },
{ "type": "Feature", "properties": { "BARRIO": "SANTA ELENA", "DIA_SEMANA": "Domingo", "TIPO_DIA": "Semana", "TRAMO_HORA": "22 A 00 HRS", "MES": "febrero", "ZONA_1": "SURORIENTE", "AÑO": 2025 }, "geometry": { "type": "Point", "coordinates": [ -70.629902, -33.455959 ] } },
{ "type": "Feature", "properties": { "BARRIO": "SANTA ELENA", "DIA_SEMANA": "Domingo", "TIPO_DIA": "Semana", "TRAMO_HORA": "22 A 00 HRS", "MES": "febrero", "ZONA_1": "SURORIENTE", "AÑO": 2025 }, "geometry": { "type": "Point", "coordinates": [ -70.629851, -33.455964 ] } },
{ "type": "Feature", "properties": { "BARRIO": "DIEZ DE JULIO", "DIA_SEMANA": "Domingo", "TIPO_DIA": "Semana", "TRAMO_HORA": "22 A 00 HRS", "MES": "febrero", "ZONA_1": "CENTRORIENTE", "AÑO": 2025 }, "geometry": { "type": "Point", "coordinates": [ -70.634447, -33.452716 ] } },
{ "type": "Feature", "properties": { "BARRIO": "SAN BORJA", "DIA_SEMANA": "Domingo", "TIPO_DIA": "Semana", "TRAMO_HORA": "22 A 00 HRS", "MES": "febrero", "ZONA_1": "NORORIENTE", "AÑO": 2025 }, "geometry": { "type": "Point", "coordinates": [ -70.644643, -33.443616 ] } },
{ "type": "Feature", "properties": { "BARRIO": "CASCO HISTORICO", "DIA_SEMANA": "Domingo", "TIPO_DIA": "Semana", "TRAMO_HORA": "22 A 00 HRS", "MES": "febrero", "ZONA_1": "NORORIENTE", "AÑO": 2025 }, "geometry": { "type": "Point", "coordinates": [ -70.656833, -33.43646 ] } },
{ "type": "Feature", "properties": { "BARRIO": "SANTA ANA", "DIA_SEMANA": "Domingo", "TIPO_DIA": "Semana", "TRAMO_HORA": "20 A 22 HRS", "MES": "febrero", "ZONA_1": "NORORIENTE", "AÑO": 2025 }, "geometry": { "type": "Point", "coordinates": [ -70.657236, -33.43584 ] } },
{ "type": "Feature", "properties": { "BARRIO": "SANTA ISABEL", "DIA_SEMANA": "Domingo", "TIPO_DIA": "Semana", "TRAMO_HORA": "20 A 22 HRS", "MES": "febrero", "ZONA_1": "CENTRORIENTE", "AÑO": 2025 }, "geometry": { "type": "Point", "coordinates": [ -70.642882, -33.450438 ] } },
{ "type": "Feature", "properties": { "BARRIO": "EJERCITO", "DIA_SEMANA": "Domingo", "TIPO_DIA": "Semana", "TRAMO_HORA": "20 A 22 HRS", "MES": "febrero", "ZONA_1": "SURPONIENTE", "AÑO": 2025 }, "geometry": { "type": "Point", "coordinates": [ -70.664429, -33.451583 ] } },
{ "type": "Feature", "properties": { "BARRIO": "SANTA LUCIA FORESTAL", "DIA_SEMANA": "Domingo", "TIPO_DIA": "Semana", "TRAMO_HORA": "20 A 22 HRS", "MES": "febrero", "ZONA_1": "NORORIENTE", "AÑO": 2025 }, "geometry": { "type": "Point", "coordinates": [ -70.641095, -33.437353 ] } },
{ "type": "Feature", "properties": { "BARRIO": "SANTA ANA", "DIA_SEMANA": "Domingo", "TIPO_DIA": "Semana", "TRAMO_HORA": "20 A 22 HRS", "MES": "febrero", "ZONA_1": "NORORIENTE", "AÑO": 2025 }, "geometry": { "type": "Point", "coordinates": [ -70.657915, -33.435338 ] } },
{ "type": "Feature", "properties": { "BARRIO": "SANTA LUCIA FORESTAL", "DIA_SEMANA": "Domingo", "TIPO_DIA": "Semana", "TRAMO_HORA": "18 A 20 HRS", "MES": "febrero", "ZONA_1": "NORORIENTE", "AÑO": 2025 }, "geometry": { "type": "Point", "coordinates": [ -70.646356, -33.437666 ] } },
{ "type": "Feature", "properties": { "BARRIO": "PARQUE ALMAGRO", "DIA_SEMANA": "Domingo", "TIPO_DIA": "Semana", "TRAMO_HORA": "18 A 20 HRS", "MES": "febrero", "ZONA_1": "CENTRORIENTE", "AÑO": 2025 }, "geometry": { "type": "Point", "coordinates": [ -70.652807, -33.449364 ] } },
{ "type": "Feature", "properties": { "BARRIO": "PARQUE ALMAGRO", "DIA_SEMANA": "Domingo", "TIPO_DIA": "Semana", "TRAMO_HORA": "18 A 20 HRS", "MES": "febrero", "ZONA_1": "CENTRORIENTE", "AÑO": 2025 }, "geometry": { "type": "Point", "coordinates": [ -70.652844, -33.448286 ] } },
{ "type": "Feature", "properties": { "BARRIO": "PARQUE ALMAGRO", "DIA_SEMANA": "Domingo", "TIPO_DIA": "Semana", "TRAMO_HORA": "18 A 20 HRS", "MES": "febrero", "ZONA_1": "CENTRORIENTE", "AÑO": 2025 }, "geometry": { "type": "Point", "coordinates": [ -70.647008, -33.448493 ] } },
{ "type": "Feature", "properties": { "BARRIO": "EJERCITO", "DIA_SEMANA": "Domingo", "TIPO_DIA": "Semana", "TRAMO_HORA": "18 A 20 HRS", "MES": "febrero", "ZONA_1": "SURPONIENTE", "AÑO": 2025 }, "geometry": { "type": "Point", "coordinates": [ -70.664145, -33.451531 ] } },
{ "type": "Feature", "properties": { "BARRIO": "EJERCITO", "DIA_SEMANA": "Domingo", "TIPO_DIA": "Semana", "TRAMO_HORA": "18 A 20 HRS", "MES": "febrero", "ZONA_1": "SURPONIENTE", "AÑO": 2025 }, "geometry": { "type": "Point", "coordinates": [ -70.664503, -33.451609 ] } },
{ "type": "Feature", "properties": { "BARRIO": "PARQUE ALMAGRO", "DIA_SEMANA": "Domingo", "TIPO_DIA": "Semana", "TRAMO_HORA": "18 A 20 HRS", "MES": "febrero", "ZONA_1": "CENTRORIENTE", "AÑO": 2025 }, "geometry": { "type": "Point", "coordinates": [ -70.646054, -33.446852 ] } },
{ "type": "Feature", "properties": { "BARRIO": "EJERCITO", "DIA_SEMANA": "Domingo", "TIPO_DIA": "Semana", "TRAMO_HORA": "18 A 20 HRS", "MES": "febrero", "ZONA_1": "SURPONIENTE", "AÑO": 2025 }, "geometry": { "type": "Point", "coordinates": [ -70.664085, -33.451452 ] } },
{ "type": "Feature", "properties": { "BARRIO": "PARQUE ALMAGRO", "DIA_SEMANA": "Domingo", "TIPO_DIA": "Semana", "TRAMO_HORA": "18 A 20 HRS", "MES": "febrero", "ZONA_1": "CENTRORIENTE", "AÑO": 2025 }, "geometry": { "type": "Point", "coordinates": [ -70.653701, -33.445646 ] } },
{ "type": "Feature", "properties": { "BARRIO": "SANTA LUCIA FORESTAL", "DIA_SEMANA": "Domingo", "TIPO_DIA": "Semana", "TRAMO_HORA": "18 A 20 HRS", "MES": "febrero", "ZONA_1": "NORORIENTE", "AÑO": 2025 }, "geometry": { "type": "Point", "coordinates": [ -70.642326, -33.437565 ] } },
{ "type": "Feature", "properties": { "BARRIO": "SANTA LUCIA FORESTAL", "DIA_SEMANA": "Domingo", "TIPO_DIA": "Semana", "TRAMO_HORA": "18 A 20 HRS", "MES": "febrero", "ZONA_1": "NORORIENTE", "AÑO": 2025 }, "geometry": { "type": "Point", "coordinates": [ -70.642351, -33.437079 ] } },
{ "type": "Feature", "properties": { "BARRIO": "PARQUE ALMAGRO", "DIA_SEMANA": "Domingo", "TIPO_DIA": "Semana", "TRAMO_HORA": "18 A 20 HRS", "MES": "febrero", "ZONA_1": "CENTRORIENTE", "AÑO": 2025 }, "geometry": { "type": "Point", "coordinates": [ -70.653138, -33.448771 ] } },
{ "type": "Feature", "properties": { "BARRIO": "PARQUE ALMAGRO", "DIA_SEMANA": "Domingo", "TIPO_DIA": "Semana", "TRAMO_HORA": "14 A 16 HRS", "MES": "febrero", "ZONA_1": "CENTRORIENTE", "AÑO": 2025 }, "geometry": { "type": "Point", "coordinates": [ -70.650714, -33.451123 ] } },
{ "type": "Feature", "properties": { "BARRIO": "YUNGAY", "DIA_SEMANA": "Domingo", "TIPO_DIA": "Semana", "TRAMO_HORA": "12 A 14 HRS", "MES": "febrero", "ZONA_1": "NORPONIENTE", "AÑO": 2025 }, "geometry": { "type": "Point", "coordinates": [ -70.673023, -33.443504 ] } },
{ "type": "Feature", "properties": { "BARRIO": "VIEL", "DIA_SEMANA": "Domingo", "TIPO_DIA": "Semana", "TRAMO_HORA": "00 A 02 HRS", "MES": "febrero", "ZONA_1": "SURORIENTE", "AÑO": 2025 }, "geometry": { "type": "Point", "coordinates": [ -70.649776, -33.466298 ] } },
{ "type": "Feature", "properties": { "BARRIO": "YUNGAY", "DIA_SEMANA": "Domingo", "TIPO_DIA": "Semana", "TRAMO_HORA": "00 A 02 HRS", "MES": "febrero", "ZONA_1": "NORPONIENTE", "AÑO": 2025 }, "geometry": { "type": "Point", "coordinates": [ -70.671294, -33.436046 ] } },
{ "type": "Feature", "properties": { "BARRIO": "MATTA NORTE", "DIA_SEMANA": "Domingo", "TIPO_DIA": "Semana", "TRAMO_HORA": "00 A 02 HRS", "MES": "febrero", "ZONA_1": "CENTRORIENTE", "AÑO": 2025 }, "geometry": { "type": "Point", "coordinates": [ -70.64877, -33.450235 ] } },
{ "type": "Feature", "properties": { "BARRIO": "PARQUE ALMAGRO", "DIA_SEMANA": "Sabado", "TIPO_DIA": "Semana", "TRAMO_HORA": "22 A 00 HRS", "MES": "febrero", "ZONA_1": "CENTRORIENTE", "AÑO": 2025 }, "geometry": { "type": "Point", "coordinates": [ -70.652691, -33.449004 ] } },
{ "type": "Feature", "properties": { "BARRIO": "SANTA ISABEL", "DIA_SEMANA": "Sabado", "TIPO_DIA": "Semana", "TRAMO_HORA": "22 A 00 HRS", "MES": "febrero", "ZONA_1": "CENTRORIENTE", "AÑO": 2025 }, "geometry": { "type": "Point", "coordinates": [ -70.634365, -33.448127 ] } },
{ "type": "Feature", "properties": { "BARRIO": "BALMACEDA", "DIA_SEMANA": "Sabado", "TIPO_DIA": "Semana", "TRAMO_HORA": "22 A 00 HRS", "MES": "febrero", "ZONA_1": "NORPONIENTE", "AÑO": 2025 }, "geometry": { "type": "Point", "coordinates": [ -70.671595, -33.42951 ] } },
{ "type": "Feature", "properties": { "BARRIO": "SANTA ISABEL", "DIA_SEMANA": "Sabado", "TIPO_DIA": "Semana", "TRAMO_HORA": "20 A 22 HRS", "MES": "febrero", "ZONA_1": "CENTRORIENTE", "AÑO": 2025 }, "geometry": { "type": "Point", "coordinates": [ -70.635139, -33.447934 ] } },
{ "type": "Feature", "properties": { "BARRIO": "SANTA LUCIA FORESTAL", "DIA_SEMANA": "Sabado", "TIPO_DIA": "Semana", "TRAMO_HORA": "20 A 22 HRS", "MES": "febrero", "ZONA_1": "NORORIENTE", "AÑO": 2025 }, "geometry": { "type": "Point", "coordinates": [ -70.641065, -33.438363 ] } },
{ "type": "Feature", "properties": { "BARRIO": "SANTA ISABEL", "DIA_SEMANA": "Sabado", "TIPO_DIA": "Semana", "TRAMO_HORA": "20 A 22 HRS", "MES": "febrero", "ZONA_1": "CENTRORIENTE", "AÑO": 2025 }, "geometry": { "type": "Point", "coordinates": [ -70.64295, -33.450312 ] } },
{ "type": "Feature", "properties": { "BARRIO": "VIEL", "DIA_SEMANA": "Sabado", "TIPO_DIA": "Semana", "TRAMO_HORA": "20 A 22 HRS", "MES": "febrero", "ZONA_1": "SURORIENTE", "AÑO": 2025 }, "geometry": { "type": "Point", "coordinates": [ -70.651908, -33.464163 ] } },
{ "type": "Feature", "properties": { "BARRIO": "DIEZ DE JULIO", "DIA_SEMANA": "Sabado", "TIPO_DIA": "Semana", "TRAMO_HORA": "20 A 22 HRS", "MES": "febrero", "ZONA_1": "CENTRORIENTE", "AÑO": 2025 }, "geometry": { "type": "Point", "coordinates": [ -70.63047, -33.453826 ] } },
{ "type": "Feature", "properties": { "BARRIO": "SANTA LUCIA FORESTAL", "DIA_SEMANA": "Sabado", "TIPO_DIA": "Semana", "TRAMO_HORA": "20 A 22 HRS", "MES": "febrero", "ZONA_1": "NORORIENTE", "AÑO": 2025 }, "geometry": { "type": "Point", "coordinates": [ -70.642626, -33.437363 ] } },
{ "type": "Feature", "properties": { "BARRIO": "PARQUE ALMAGRO", "DIA_SEMANA": "Sabado", "TIPO_DIA": "Semana", "TRAMO_HORA": "20 A 22 HRS", "MES": "febrero", "ZONA_1": "CENTRORIENTE", "AÑO": 2025 }, "geometry": { "type": "Point", "coordinates": [ -70.649627, -33.444347 ] } },
{ "type": "Feature", "properties": { "BARRIO": "PARQUE ALMAGRO", "DIA_SEMANA": "Sabado", "TIPO_DIA": "Semana", "TRAMO_HORA": "18 A 20 HRS", "MES": "febrero", "ZONA_1": "CENTRORIENTE", "AÑO": 2025 }, "geometry": { "type": "Point", "coordinates": [ -70.646834, -33.448565 ] } },
{ "type": "Feature", "properties": { "BARRIO": "SANTA LUCIA FORESTAL", "DIA_SEMANA": "Sabado", "TIPO_DIA": "Semana", "TRAMO_HORA": "18 A 20 HRS", "MES": "febrero", "ZONA_1": "NORORIENTE", "AÑO": 2025 }, "geometry": { "type": "Point", "coordinates": [ -70.641052, -33.438148 ] } },
{ "type": "Feature", "properties": { "BARRIO": "EJERCITO", "DIA_SEMANA": "Sabado", "TIPO_DIA": "Semana", "TRAMO_HORA": "18 A 20 HRS", "MES": "febrero", "ZONA_1": "SURPONIENTE", "AÑO": 2025 }, "geometry": { "type": "Point", "coordinates": [ -70.663454, -33.451791 ] } },
{ "type": "Feature", "properties": { "BARRIO": "EJERCITO", "DIA_SEMANA": "Sabado", "TIPO_DIA": "Semana", "TRAMO_HORA": "14 A 16 HRS", "MES": "febrero", "ZONA_1": "SURPONIENTE", "AÑO": 2025 }, "geometry": { "type": "Point", "coordinates": [ -70.663953, -33.457821 ] } },
{ "type": "Feature", "properties": { "BARRIO": "DIEZ DE JULIO", "DIA_SEMANA": "Sabado", "TIPO_DIA": "Semana", "TRAMO_HORA": "14 A 16 HRS", "MES": "febrero", "ZONA_1": "CENTRORIENTE", "AÑO": 2025 }, "geometry": { "type": "Point", "coordinates": [ -70.636567, -33.452981 ] } },
{ "type": "Feature", "properties": { "BARRIO": "SIERRA BELLA", "DIA_SEMANA": "Sabado", "TIPO_DIA": "Semana", "TRAMO_HORA": "14 A 16 HRS", "MES": "febrero", "ZONA_1": "SURORIENTE", "AÑO": 2025 }, "geometry": { "type": "Point", "coordinates": [ -70.639251, -33.473202 ] } },
{ "type": "Feature", "properties": { "BARRIO": "EJERCITO", "DIA_SEMANA": "Sabado", "TIPO_DIA": "Semana", "TRAMO_HORA": "12 A 14 HRS", "MES": "febrero", "ZONA_1": "SURPONIENTE", "AÑO": 2025 }, "geometry": { "type": "Point", "coordinates": [ -70.663981, -33.458376 ] } },
{ "type": "Feature", "properties": { "BARRIO": "YUNGAY", "DIA_SEMANA": "Sabado", "TIPO_DIA": "Semana", "TRAMO_HORA": "10 A 12 HRS", "MES": "febrero", "ZONA_1": "NORPONIENTE", "AÑO": 2025 }, "geometry": { "type": "Point", "coordinates": [ -70.674748, -33.435306 ] } },
{ "type": "Feature", "properties": { "BARRIO": "SIERRA BELLA", "DIA_SEMANA": "Sabado", "TIPO_DIA": "Semana", "TRAMO_HORA": "10 A 12 HRS", "MES": "febrero", "ZONA_1": "SURORIENTE", "AÑO": 2025 }, "geometry": { "type": "Point", "coordinates": [ -70.641107, -33.47523 ] } },
{ "type": "Feature", "properties": { "BARRIO": "UNIVERSITARIO", "DIA_SEMANA": "Sabado", "TIPO_DIA": "Semana", "TRAMO_HORA": "10 A 12 HRS", "MES": "febrero", "ZONA_1": "SURPONIENTE", "AÑO": 2025 }, "geometry": { "type": "Point", "coordinates": [ -70.672451, -33.452003 ] } },
{ "type": "Feature", "properties": { "BARRIO": "EJERCITO", "DIA_SEMANA": "Sabado", "TIPO_DIA": "Semana", "TRAMO_HORA": "10 A 12 HRS", "MES": "febrero", "ZONA_1": "SURPONIENTE", "AÑO": 2025 }, "geometry": { "type": "Point", "coordinates": [ -70.661677, -33.456532 ] } },
{ "type": "Feature", "properties": { "BARRIO": "SANTA ELENA", "DIA_SEMANA": "Sabado", "TIPO_DIA": "Semana", "TRAMO_HORA": "00 A 02 HRS", "MES": "febrero", "ZONA_1": "SURORIENTE", "AÑO": 2025 }, "geometry": { "type": "Point", "coordinates": [ -70.629004, -33.460292 ] } },
{ "type": "Feature", "properties": { "BARRIO": "SANTA ANA", "DIA_SEMANA": "Sabado", "TIPO_DIA": "Semana", "TRAMO_HORA": "00 A 02 HRS", "MES": "febrero", "ZONA_1": "NORORIENTE", "AÑO": 2025 }, "geometry": { "type": "Point", "coordinates": [ -70.658856, -33.434355 ] } },
{ "type": "Feature", "properties": { "BARRIO": "SANTA LUCIA FORESTAL", "DIA_SEMANA": "Sabado", "TIPO_DIA": "Semana", "TRAMO_HORA": "00 A 02 HRS", "MES": "febrero", "ZONA_1": "NORORIENTE", "AÑO": 2025 }, "geometry": { "type": "Point", "coordinates": [ -70.641019, -33.439668 ] } },
{ "type": "Feature", "properties": { "BARRIO": "SANTA ELENA", "DIA_SEMANA": "Viernes", "TIPO_DIA": "Semana", "TRAMO_HORA": "22 A 00 HRS", "MES": "febrero", "ZONA_1": "SURORIENTE", "AÑO": 2025 }, "geometry": { "type": "Point", "coordinates": [ -70.629846, -33.457064 ] } },
{ "type": "Feature", "properties": { "BARRIO": "VIEL", "DIA_SEMANA": "Viernes", "TIPO_DIA": "Semana", "TRAMO_HORA": "22 A 00 HRS", "MES": "febrero", "ZONA_1": "SURORIENTE", "AÑO": 2025 }, "geometry": { "type": "Point", "coordinates": [ -70.649068, -33.464266 ] } },
{ "type": "Feature", "properties": { "BARRIO": "SANTA ISABEL", "DIA_SEMANA": "Viernes", "TIPO_DIA": "Semana", "TRAMO_HORA": "22 A 00 HRS", "MES": "febrero", "ZONA_1": "CENTRORIENTE", "AÑO": 2025 }, "geometry": { "type": "Point", "coordinates": [ -70.643041, -33.450481 ] } },
{ "type": "Feature", "properties": { "BARRIO": "VIEL", "DIA_SEMANA": "Viernes", "TIPO_DIA": "Semana", "TRAMO_HORA": "22 A 00 HRS", "MES": "febrero", "ZONA_1": "SURORIENTE", "AÑO": 2025 }, "geometry": { "type": "Point", "coordinates": [ -70.650005, -33.466088 ] } },
{ "type": "Feature", "properties": { "BARRIO": "SANTA ANA", "DIA_SEMANA": "Viernes", "TIPO_DIA": "Semana", "TRAMO_HORA": "22 A 00 HRS", "MES": "febrero", "ZONA_1": "NORORIENTE", "AÑO": 2025 }, "geometry": { "type": "Point", "coordinates": [ -70.657304, -33.434441 ] } },
{ "type": "Feature", "properties": { "BARRIO": "SANTA ISABEL", "DIA_SEMANA": "Viernes", "TIPO_DIA": "Semana", "TRAMO_HORA": "20 A 22 HRS", "MES": "febrero", "ZONA_1": "CENTRORIENTE", "AÑO": 2025 }, "geometry": { "type": "Point", "coordinates": [ -70.642847, -33.450569 ] } },
{ "type": "Feature", "properties": { "BARRIO": "SANTA ELENA", "DIA_SEMANA": "Viernes", "TIPO_DIA": "Semana", "TRAMO_HORA": "20 A 22 HRS", "MES": "febrero", "ZONA_1": "SURORIENTE", "AÑO": 2025 }, "geometry": { "type": "Point", "coordinates": [ -70.630074, -33.45583 ] } },
{ "type": "Feature", "properties": { "BARRIO": "SANTA ISABEL", "DIA_SEMANA": "Viernes", "TIPO_DIA": "Semana", "TRAMO_HORA": "20 A 22 HRS", "MES": "febrero", "ZONA_1": "CENTRORIENTE", "AÑO": 2025 }, "geometry": { "type": "Point", "coordinates": [ -70.64277, -33.447188 ] } },
{ "type": "Feature", "properties": { "BARRIO": "MATTA NORTE", "DIA_SEMANA": "Viernes", "TIPO_DIA": "Semana", "TRAMO_HORA": "20 A 22 HRS", "MES": "febrero", "ZONA_1": "CENTRORIENTE", "AÑO": 2025 }, "geometry": { "type": "Point", "coordinates": [ -70.648249, -33.453336 ] } },
{ "type": "Feature", "properties": { "BARRIO": "MATTA NORTE", "DIA_SEMANA": "Viernes", "TIPO_DIA": "Semana", "TRAMO_HORA": "20 A 22 HRS", "MES": "febrero", "ZONA_1": "CENTRORIENTE", "AÑO": 2025 }, "geometry": { "type": "Point", "coordinates": [ -70.648566, -33.452324 ] } },
{ "type": "Feature", "properties": { "BARRIO": "PARQUE ALMAGRO", "DIA_SEMANA": "Viernes", "TIPO_DIA": "Semana", "TRAMO_HORA": "20 A 22 HRS", "MES": "febrero", "ZONA_1": "CENTRORIENTE", "AÑO": 2025 }, "geometry": { "type": "Point", "coordinates": [ -70.649247, -33.448906 ] } },
{ "type": "Feature", "properties": { "BARRIO": "SANTA ELENA", "DIA_SEMANA": "Viernes", "TIPO_DIA": "Semana", "TRAMO_HORA": "20 A 22 HRS", "MES": "febrero", "ZONA_1": "SURORIENTE", "AÑO": 2025 }, "geometry": { "type": "Point", "coordinates": [ -70.626564, -33.467379 ] } },
{ "type": "Feature", "properties": { "BARRIO": "SANTA ELENA", "DIA_SEMANA": "Viernes", "TIPO_DIA": "Semana", "TRAMO_HORA": "20 A 22 HRS", "MES": "febrero", "ZONA_1": "SURORIENTE", "AÑO": 2025 }, "geometry": { "type": "Point", "coordinates": [ -70.626609, -33.467388 ] } },
{ "type": "Feature", "properties": { "BARRIO": "SAN BORJA", "DIA_SEMANA": "Viernes", "TIPO_DIA": "Semana", "TRAMO_HORA": "20 A 22 HRS", "MES": "febrero", "ZONA_1": "NORORIENTE", "AÑO": 2025 }, "geometry": { "type": "Point", "coordinates": [ -70.644677, -33.443516 ] } },
{ "type": "Feature", "properties": { "BARRIO": "SANTA LUCIA FORESTAL", "DIA_SEMANA": "Viernes", "TIPO_DIA": "Semana", "TRAMO_HORA": "18 A 20 HRS", "MES": "febrero", "ZONA_1": "NORORIENTE", "AÑO": 2025 }, "geometry": { "type": "Point", "coordinates": [ -70.641079, -33.438714 ] } },
{ "type": "Feature", "properties": { "BARRIO": "PARQUE ALMAGRO", "DIA_SEMANA": "Viernes", "TIPO_DIA": "Semana", "TRAMO_HORA": "18 A 20 HRS", "MES": "febrero", "ZONA_1": "CENTRORIENTE", "AÑO": 2025 }, "geometry": { "type": "Point", "coordinates": [ -70.64701, -33.448551 ] } },
{ "type": "Feature", "properties": { "BARRIO": "FRANKLIN", "DIA_SEMANA": "Viernes", "TIPO_DIA": "Semana", "TRAMO_HORA": "18 A 20 HRS", "MES": "febrero", "ZONA_1": "SURORIENTE", "AÑO": 2025 }, "geometry": { "type": "Point", "coordinates": [ -70.647921, -33.475467 ] } },
{ "type": "Feature", "properties": { "BARRIO": "SANTA ISABEL", "DIA_SEMANA": "Viernes", "TIPO_DIA": "Semana", "TRAMO_HORA": "18 A 20 HRS", "MES": "febrero", "ZONA_1": "CENTRORIENTE", "AÑO": 2025 }, "geometry": { "type": "Point", "coordinates": [ -70.641558, -33.447378 ] } },
{ "type": "Feature", "properties": { "BARRIO": "SANTA LUCIA FORESTAL", "DIA_SEMANA": "Viernes", "TIPO_DIA": "Semana", "TRAMO_HORA": "18 A 20 HRS", "MES": "febrero", "ZONA_1": "NORORIENTE", "AÑO": 2025 }, "geometry": { "type": "Point", "coordinates": [ -70.640905, -33.436962 ] } },
{ "type": "Feature", "properties": { "BARRIO": "PARQUE ALMAGRO", "DIA_SEMANA": "Viernes", "TIPO_DIA": "Semana", "TRAMO_HORA": "18 A 20 HRS", "MES": "febrero", "ZONA_1": "CENTRORIENTE", "AÑO": 2025 }, "geometry": { "type": "Point", "coordinates": [ -70.65479, -33.451848 ] } },
{ "type": "Feature", "properties": { "BARRIO": "PARQUE ALMAGRO", "DIA_SEMANA": "Viernes", "TIPO_DIA": "Semana", "TRAMO_HORA": "18 A 20 HRS", "MES": "febrero", "ZONA_1": "NORORIENTE", "AÑO": 2025 }, "geometry": { "type": "Point", "coordinates": [ -70.65487, -33.444896 ] } },
{ "type": "Feature", "properties": { "BARRIO": "PARQUE ALMAGRO", "DIA_SEMANA": "Viernes", "TIPO_DIA": "Semana", "TRAMO_HORA": "16 A 18 HRS", "MES": "febrero", "ZONA_1": "CENTRORIENTE", "AÑO": 2025 }, "geometry": { "type": "Point", "coordinates": [ -70.65286, -33.448276 ] } },
{ "type": "Feature", "properties": { "BARRIO": "SAN BORJA", "DIA_SEMANA": "Viernes", "TIPO_DIA": "Semana", "TRAMO_HORA": "16 A 18 HRS", "MES": "febrero", "ZONA_1": "NORORIENTE", "AÑO": 2025 }, "geometry": { "type": "Point", "coordinates": [ -70.644713, -33.443169 ] } },
{ "type": "Feature", "properties": { "BARRIO": "SANTA LUCIA FORESTAL", "DIA_SEMANA": "Viernes", "TIPO_DIA": "Semana", "TRAMO_HORA": "16 A 18 HRS", "MES": "febrero", "ZONA_1": "NORORIENTE", "AÑO": 2025 }, "geometry": { "type": "Point", "coordinates": [ -70.646356, -33.437666 ] } },
{ "type": "Feature", "properties": { "BARRIO": "SANTA ANA", "DIA_SEMANA": "Viernes", "TIPO_DIA": "Semana", "TRAMO_HORA": "12 A 14 HRS", "MES": "febrero", "ZONA_1": "NORORIENTE", "AÑO": 2025 }, "geometry": { "type": "Point", "coordinates": [ -70.657327, -33.440281 ] } },
{ "type": "Feature", "properties": { "BARRIO": "SANTA ANA", "DIA_SEMANA": "Viernes", "TIPO_DIA": "Semana", "TRAMO_HORA": "12 A 14 HRS", "MES": "febrero", "ZONA_1": "NORORIENTE", "AÑO": 2025 }, "geometry": { "type": "Point", "coordinates": [ -70.6575, -33.440324 ] } },
{ "type": "Feature", "properties": { "BARRIO": "YUNGAY", "DIA_SEMANA": "Viernes", "TIPO_DIA": "Semana", "TRAMO_HORA": "12 A 14 HRS", "MES": "febrero", "ZONA_1": "NORPONIENTE", "AÑO": 2025 }, "geometry": { "type": "Point", "coordinates": [ -70.679024, -33.43565 ] } },
{ "type": "Feature", "properties": { "BARRIO": "YUNGAY", "DIA_SEMANA": "Viernes", "TIPO_DIA": "Semana", "TRAMO_HORA": "12 A 14 HRS", "MES": "febrero", "ZONA_1": "NORPONIENTE", "AÑO": 2025 }, "geometry": { "type": "Point", "coordinates": [ -70.670548, -33.445958 ] } },
{ "type": "Feature", "properties": { "BARRIO": "PARQUE ALMAGRO", "DIA_SEMANA": "Viernes", "TIPO_DIA": "Semana", "TRAMO_HORA": "08 A 10 HRS", "MES": "febrero", "ZONA_1": "CENTRORIENTE", "AÑO": 2025 }, "geometry": { "type": "Point", "coordinates": [ -70.648825, -33.447007 ] } },
{ "type": "Feature", "properties": { "BARRIO": "SANTA ANA", "DIA_SEMANA": "Viernes", "TIPO_DIA": "Semana", "TRAMO_HORA": "06 A 08 HRS", "MES": "febrero", "ZONA_1": "NORORIENTE", "AÑO": 2025 }, "geometry": { "type": "Point", "coordinates": [ -70.658378, -33.436853 ] } },
{ "type": "Feature", "properties": { "BARRIO": "SANTA ELENA", "DIA_SEMANA": "Viernes", "TIPO_DIA": "Semana", "TRAMO_HORA": "00 A 02 HRS", "MES": "febrero", "ZONA_1": "SURORIENTE", "AÑO": 2025 }, "geometry": { "type": "Point", "coordinates": [ -70.629923, -33.456074 ] } },
{ "type": "Feature", "properties": { "BARRIO": "SANTA ANA", "DIA_SEMANA": "Jueves", "TIPO_DIA": "Semana", "TRAMO_HORA": "22 A 00 HRS", "MES": "febrero", "ZONA_1": "NORORIENTE", "AÑO": 2025 }, "geometry": { "type": "Point", "coordinates": [ -70.658422, -33.436537 ] } },
{ "type": "Feature", "properties": { "BARRIO": "PARQUE ALMAGRO", "DIA_SEMANA": "Jueves", "TIPO_DIA": "Semana", "TRAMO_HORA": "22 A 00 HRS", "MES": "febrero", "ZONA_1": "CENTRORIENTE", "AÑO": 2025 }, "geometry": { "type": "Point", "coordinates": [ -70.64699, -33.448532 ] } },
{ "type": "Feature", "properties": { "BARRIO": "FRANKLIN", "DIA_SEMANA": "Jueves", "TIPO_DIA": "Semana", "TRAMO_HORA": "22 A 00 HRS", "MES": "febrero", "ZONA_1": "SURORIENTE", "AÑO": 2025 }, "geometry": { "type": "Point", "coordinates": [ -70.64785, -33.471046 ] } },
{ "type": "Feature", "properties": { "BARRIO": "DIEZ DE JULIO", "DIA_SEMANA": "Jueves", "TIPO_DIA": "Semana", "TRAMO_HORA": "20 A 22 HRS", "MES": "febrero", "ZONA_1": "CENTRORIENTE", "AÑO": 2025 }, "geometry": { "type": "Point", "coordinates": [ -70.630693, -33.45317 ] } },
{ "type": "Feature", "properties": { "BARRIO": "MATTA SUR", "DIA_SEMANA": "Jueves", "TIPO_DIA": "Semana", "TRAMO_HORA": "20 A 22 HRS", "MES": "febrero", "ZONA_1": "SURORIENTE", "AÑO": 2025 }, "geometry": { "type": "Point", "coordinates": [ -70.641998, -33.459058 ] } },
{ "type": "Feature", "properties": { "BARRIO": "SANTA ISABEL", "DIA_SEMANA": "Jueves", "TIPO_DIA": "Semana", "TRAMO_HORA": "20 A 22 HRS", "MES": "febrero", "ZONA_1": "CENTRORIENTE", "AÑO": 2025 }, "geometry": { "type": "Point", "coordinates": [ -70.642975, -33.450439 ] } },
{ "type": "Feature", "properties": { "BARRIO": "MATTA NORTE", "DIA_SEMANA": "Jueves", "TIPO_DIA": "Semana", "TRAMO_HORA": "20 A 22 HRS", "MES": "febrero", "ZONA_1": "CENTRORIENTE", "AÑO": 2025 }, "geometry": { "type": "Point", "coordinates": [ -70.648591, -33.452333 ] } },
{ "type": "Feature", "properties": { "BARRIO": "DIEZ DE JULIO", "DIA_SEMANA": "Jueves", "TIPO_DIA": "Semana", "TRAMO_HORA": "20 A 22 HRS", "MES": "febrero", "ZONA_1": "CENTRORIENTE", "AÑO": 2025 }, "geometry": { "type": "Point", "coordinates": [ -70.633631, -33.455269 ] } },
{ "type": "Feature", "properties": { "BARRIO": "PARQUE ALMAGRO", "DIA_SEMANA": "Jueves", "TIPO_DIA": "Semana", "TRAMO_HORA": "18 A 20 HRS", "MES": "febrero", "ZONA_1": "CENTRORIENTE", "AÑO": 2025 }, "geometry": { "type": "Point", "coordinates": [ -70.649538, -33.443921 ] } },
{ "type": "Feature", "properties": { "BARRIO": "UNIVERSITARIO", "DIA_SEMANA": "Jueves", "TIPO_DIA": "Semana", "TRAMO_HORA": "18 A 20 HRS", "MES": "febrero", "ZONA_1": "SURPONIENTE", "AÑO": 2025 }, "geometry": { "type": "Point", "coordinates": [ -70.6667, -33.45 ] } },
{ "type": "Feature", "properties": { "BARRIO": "PARQUE ALMAGRO", "DIA_SEMANA": "Jueves", "TIPO_DIA": "Semana", "TRAMO_HORA": "18 A 20 HRS", "MES": "febrero", "ZONA_1": "CENTRORIENTE", "AÑO": 2025 }, "geometry": { "type": "Point", "coordinates": [ -70.646999, -33.448577 ] } },
{ "type": "Feature", "properties": { "BARRIO": "SANTA LUCIA FORESTAL", "DIA_SEMANA": "Jueves", "TIPO_DIA": "Semana", "TRAMO_HORA": "18 A 20 HRS", "MES": "febrero", "ZONA_1": "NORORIENTE", "AÑO": 2025 }, "geometry": { "type": "Point", "coordinates": [ -70.640783, -33.439418 ] } },
{ "type": "Feature", "properties": { "BARRIO": "UNIVERSITARIO", "DIA_SEMANA": "Jueves", "TIPO_DIA": "Semana", "TRAMO_HORA": "18 A 20 HRS", "MES": "febrero", "ZONA_1": "SURPONIENTE", "AÑO": 2025 }, "geometry": { "type": "Point", "coordinates": [ -70.6667, -33.45 ] } },
{ "type": "Feature", "properties": { "BARRIO": "MATTA NORTE", "DIA_SEMANA": "Jueves", "TIPO_DIA": "Semana", "TRAMO_HORA": "18 A 20 HRS", "MES": "febrero", "ZONA_1": "CENTRORIENTE", "AÑO": 2025 }, "geometry": { "type": "Point", "coordinates": [ -70.655474, -33.458752 ] } },
{ "type": "Feature", "properties": { "BARRIO": "SANTA LUCIA FORESTAL", "DIA_SEMANA": "Jueves", "TIPO_DIA": "Semana", "TRAMO_HORA": "16 A 18 HRS", "MES": "febrero", "ZONA_1": "NORORIENTE", "AÑO": 2025 }, "geometry": { "type": "Point", "coordinates": [ -70.640677, -33.439476 ] } },
{ "type": "Feature", "properties": { "BARRIO": "SAN BORJA", "DIA_SEMANA": "Jueves", "TIPO_DIA": "Semana", "TRAMO_HORA": "16 A 18 HRS", "MES": "febrero", "ZONA_1": "NORORIENTE", "AÑO": 2025 }, "geometry": { "type": "Point", "coordinates": [ -70.644763, -33.44301 ] } },
{ "type": "Feature", "properties": { "BARRIO": "YUNGAY", "DIA_SEMANA": "Jueves", "TIPO_DIA": "Semana", "TRAMO_HORA": "16 A 18 HRS", "MES": "febrero", "ZONA_1": "NORPONIENTE", "AÑO": 2025 }, "geometry": { "type": "Point", "coordinates": [ -70.67363, -33.443357 ] } },
{ "type": "Feature", "properties": { "BARRIO": "SAN VICENTE", "DIA_SEMANA": "Jueves", "TIPO_DIA": "Semana", "TRAMO_HORA": "14 A 16 HRS", "MES": "febrero", "ZONA_1": "SURPONIENTE", "AÑO": 2025 }, "geometry": { "type": "Point", "coordinates": [ -70.674306, -33.465297 ] } },
{ "type": "Feature", "properties": { "BARRIO": "PARQUE ALMAGRO", "DIA_SEMANA": "Jueves", "TIPO_DIA": "Semana", "TRAMO_HORA": "14 A 16 HRS", "MES": "febrero", "ZONA_1": "CENTRORIENTE", "AÑO": 2025 }, "geometry": { "type": "Point", "coordinates": [ -70.650714, -33.451123 ] } },
{ "type": "Feature", "properties": { "BARRIO": "CASCO HISTORICO", "DIA_SEMANA": "Jueves", "TIPO_DIA": "Semana", "TRAMO_HORA": "14 A 16 HRS", "MES": "febrero", "ZONA_1": "NORORIENTE", "AÑO": 2025 }, "geometry": { "type": "Point", "coordinates": [ -70.650804, -33.437616 ] } },
{ "type": "Feature", "properties": { "BARRIO": "YUNGAY", "DIA_SEMANA": "Jueves", "TIPO_DIA": "Semana", "TRAMO_HORA": "10 A 12 HRS", "MES": "febrero", "ZONA_1": "NORPONIENTE", "AÑO": 2025 }, "geometry": { "type": "Point", "coordinates": [ -70.675555, -33.443466 ] } },
{ "type": "Feature", "properties": { "BARRIO": "SANTA LUCIA FORESTAL", "DIA_SEMANA": "Jueves", "TIPO_DIA": "Semana", "TRAMO_HORA": "02 A 04 HRS", "MES": "febrero", "ZONA_1": "NORORIENTE", "AÑO": 2025 }, "geometry": { "type": "Point", "coordinates": [ -70.640064, -33.439757 ] } },
{ "type": "Feature", "properties": { "BARRIO": "SANTA ISABEL", "DIA_SEMANA": "Jueves", "TIPO_DIA": "Semana", "TRAMO_HORA": "00 A 02 HRS", "MES": "febrero", "ZONA_1": "NORORIENTE", "AÑO": 2025 }, "geometry": { "type": "Point", "coordinates": [ -70.643827, -33.44775 ] } },
{ "type": "Feature", "properties": { "BARRIO": "SANTA LUCIA FORESTAL", "DIA_SEMANA": "Miercoles", "TIPO_DIA": "Semana", "TRAMO_HORA": "22 A 00 HRS", "MES": "febrero", "ZONA_1": "NORORIENTE", "AÑO": 2025 }, "geometry": { "type": "Point", "coordinates": [ -70.644283, -33.436534 ] } },
{ "type": "Feature", "properties": { "BARRIO": "SANTA LUCIA FORESTAL", "DIA_SEMANA": "Miercoles", "TIPO_DIA": "Semana", "TRAMO_HORA": "22 A 00 HRS", "MES": "febrero", "ZONA_1": "NORORIENTE", "AÑO": 2025 }, "geometry": { "type": "Point", "coordinates": [ -70.644315, -33.436409 ] } },
{ "type": "Feature", "properties": { "BARRIO": "SANTA ISABEL", "DIA_SEMANA": "Miercoles", "TIPO_DIA": "Semana", "TRAMO_HORA": "22 A 00 HRS", "MES": "febrero", "ZONA_1": "CENTRORIENTE", "AÑO": 2025 }, "geometry": { "type": "Point", "coordinates": [ -70.640314, -33.450669 ] } },
{ "type": "Feature", "properties": { "BARRIO": "MATTA NORTE", "DIA_SEMANA": "Miercoles", "TIPO_DIA": "Semana", "TRAMO_HORA": "22 A 00 HRS", "MES": "febrero", "ZONA_1": "CENTRORIENTE", "AÑO": 2025 }, "geometry": { "type": "Point", "coordinates": [ -70.647912, -33.452386 ] } },
{ "type": "Feature", "properties": { "BARRIO": "SANTA LUCIA FORESTAL", "DIA_SEMANA": "Miercoles", "TIPO_DIA": "Semana", "TRAMO_HORA": "22 A 00 HRS", "MES": "febrero", "ZONA_1": "NORORIENTE", "AÑO": 2025 }, "geometry": { "type": "Point", "coordinates": [ -70.641053, -33.437227 ] } },
{ "type": "Feature", "properties": { "BARRIO": "PARQUE ALMAGRO", "DIA_SEMANA": "Miercoles", "TIPO_DIA": "Semana", "TRAMO_HORA": "22 A 00 HRS", "MES": "febrero", "ZONA_1": "CENTRORIENTE", "AÑO": 2025 }, "geometry": { "type": "Point", "coordinates": [ -70.652769, -33.448724 ] } },
{ "type": "Feature", "properties": { "BARRIO": "EJERCITO", "DIA_SEMANA": "Miercoles", "TIPO_DIA": "Semana", "TRAMO_HORA": "22 A 00 HRS", "MES": "febrero", "ZONA_1": "SURPONIENTE", "AÑO": 2025 }, "geometry": { "type": "Point", "coordinates": [ -70.663083, -33.452657 ] } },
{ "type": "Feature", "properties": { "BARRIO": "SANTA ANA", "DIA_SEMANA": "Miercoles", "TIPO_DIA": "Semana", "TRAMO_HORA": "22 A 00 HRS", "MES": "febrero", "ZONA_1": "NORORIENTE", "AÑO": 2025 }, "geometry": { "type": "Point", "coordinates": [ -70.657328, -33.434421 ] } },
{ "type": "Feature", "properties": { "BARRIO": "SANTA LUCIA FORESTAL", "DIA_SEMANA": "Miercoles", "TIPO_DIA": "Semana", "TRAMO_HORA": "20 A 22 HRS", "MES": "febrero", "ZONA_1": "NORORIENTE", "AÑO": 2025 }, "geometry": { "type": "Point", "coordinates": [ -70.641003, -33.437445 ] } },
{ "type": "Feature", "properties": { "BARRIO": "SANTA LUCIA FORESTAL", "DIA_SEMANA": "Miercoles", "TIPO_DIA": "Semana", "TRAMO_HORA": "20 A 22 HRS", "MES": "febrero", "ZONA_1": "NORORIENTE", "AÑO": 2025 }, "geometry": { "type": "Point", "coordinates": [ -70.641042, -33.437836 ] } },
{ "type": "Feature", "properties": { "BARRIO": "PARQUE ALMAGRO", "DIA_SEMANA": "Miercoles", "TIPO_DIA": "Semana", "TRAMO_HORA": "20 A 22 HRS", "MES": "febrero", "ZONA_1": "CENTRORIENTE", "AÑO": 2025 }, "geometry": { "type": "Point", "coordinates": [ -70.646961, -33.448399 ] } },
{ "type": "Feature", "properties": { "BARRIO": "SANTA ISABEL", "DIA_SEMANA": "Miercoles", "TIPO_DIA": "Semana", "TRAMO_HORA": "20 A 22 HRS", "MES": "febrero", "ZONA_1": "CENTRORIENTE", "AÑO": 2025 }, "geometry": { "type": "Point", "coordinates": [ -70.643117, -33.450349 ] } },
{ "type": "Feature", "properties": { "BARRIO": "SANTA ELENA", "DIA_SEMANA": "Miercoles", "TIPO_DIA": "Semana", "TRAMO_HORA": "20 A 22 HRS", "MES": "febrero", "ZONA_1": "SURORIENTE", "AÑO": 2025 }, "geometry": { "type": "Point", "coordinates": [ -70.629978, -33.45593 ] } },
{ "type": "Feature", "properties": { "BARRIO": "SANTA ELENA", "DIA_SEMANA": "Miercoles", "TIPO_DIA": "Semana", "TRAMO_HORA": "20 A 22 HRS", "MES": "febrero", "ZONA_1": "SURORIENTE", "AÑO": 2025 }, "geometry": { "type": "Point", "coordinates": [ -70.629923, -33.456222 ] } },
{ "type": "Feature", "properties": { "BARRIO": "SANTA ELENA", "DIA_SEMANA": "Miercoles", "TIPO_DIA": "Semana", "TRAMO_HORA": "20 A 22 HRS", "MES": "febrero", "ZONA_1": "SURORIENTE", "AÑO": 2025 }, "geometry": { "type": "Point", "coordinates": [ -70.629996, -33.456065 ] } },
{ "type": "Feature", "properties": { "BARRIO": "SANTA ELENA", "DIA_SEMANA": "Miercoles", "TIPO_DIA": "Semana", "TRAMO_HORA": "20 A 22 HRS", "MES": "febrero", "ZONA_1": "SURORIENTE", "AÑO": 2025 }, "geometry": { "type": "Point", "coordinates": [ -70.62993, -33.456901 ] } },
{ "type": "Feature", "properties": { "BARRIO": "MATTA SUR", "DIA_SEMANA": "Miercoles", "TIPO_DIA": "Semana", "TRAMO_HORA": "20 A 22 HRS", "MES": "febrero", "ZONA_1": "SURORIENTE", "AÑO": 2025 }, "geometry": { "type": "Point", "coordinates": [ -70.633121, -33.460027 ] } },
{ "type": "Feature", "properties": { "BARRIO": "PARQUE ALMAGRO", "DIA_SEMANA": "Miercoles", "TIPO_DIA": "Semana", "TRAMO_HORA": "20 A 22 HRS", "MES": "febrero", "ZONA_1": "CENTRORIENTE", "AÑO": 2025 }, "geometry": { "type": "Point", "coordinates": [ -70.649463, -33.450206 ] } },
{ "type": "Feature", "properties": { "BARRIO": "DIEZ DE JULIO", "DIA_SEMANA": "Miercoles", "TIPO_DIA": "Semana", "TRAMO_HORA": "20 A 22 HRS", "MES": "febrero", "ZONA_1": "CENTRORIENTE", "AÑO": 2025 }, "geometry": { "type": "Point", "coordinates": [ -70.631751, -33.453557 ] } },
{ "type": "Feature", "properties": { "BARRIO": "SANTA LUCIA FORESTAL", "DIA_SEMANA": "Miercoles", "TIPO_DIA": "Semana", "TRAMO_HORA": "20 A 22 HRS", "MES": "febrero", "ZONA_1": "NORORIENTE", "AÑO": 2025 }, "geometry": { "type": "Point", "coordinates": [ -70.646356, -33.437666 ] } },
{ "type": "Feature", "properties": { "BARRIO": "SANTA LUCIA FORESTAL", "DIA_SEMANA": "Miercoles", "TIPO_DIA": "Semana", "TRAMO_HORA": "20 A 22 HRS", "MES": "febrero", "ZONA_1": "NORORIENTE", "AÑO": 2025 }, "geometry": { "type": "Point", "coordinates": [ -70.641028, -33.437579 ] } },
{ "type": "Feature", "properties": { "BARRIO": "SANTA ELENA", "DIA_SEMANA": "Miercoles", "TIPO_DIA": "Semana", "TRAMO_HORA": "20 A 22 HRS", "MES": "febrero", "ZONA_1": "SURORIENTE", "AÑO": 2025 }, "geometry": { "type": "Point", "coordinates": [ -70.630009, -33.455832 ] } },
{ "type": "Feature", "properties": { "BARRIO": "PARQUE ALMAGRO", "DIA_SEMANA": "Miercoles", "TIPO_DIA": "Semana", "TRAMO_HORA": "20 A 22 HRS", "MES": "febrero", "ZONA_1": "CENTRORIENTE", "AÑO": 2025 }, "geometry": { "type": "Point", "coordinates": [ -70.64694, -33.448517 ] } },
{ "type": "Feature", "properties": { "BARRIO": "PARQUE ALMAGRO", "DIA_SEMANA": "Miercoles", "TIPO_DIA": "Semana", "TRAMO_HORA": "20 A 22 HRS", "MES": "febrero", "ZONA_1": "CENTRORIENTE", "AÑO": 2025 }, "geometry": { "type": "Point", "coordinates": [ -70.64767, -33.446821 ] } },
{ "type": "Feature", "properties": { "BARRIO": "SANTA LUCIA FORESTAL", "DIA_SEMANA": "Miercoles", "TIPO_DIA": "Semana", "TRAMO_HORA": "20 A 22 HRS", "MES": "febrero", "ZONA_1": "NORORIENTE", "AÑO": 2025 }, "geometry": { "type": "Point", "coordinates": [ -70.646356, -33.437666 ] } },
{ "type": "Feature", "properties": { "BARRIO": "SANTA LUCIA FORESTAL", "DIA_SEMANA": "Miercoles", "TIPO_DIA": "Semana", "TRAMO_HORA": "18 A 20 HRS", "MES": "febrero", "ZONA_1": "NORORIENTE", "AÑO": 2025 }, "geometry": { "type": "Point", "coordinates": [ -70.643428, -33.437471 ] } },
{ "type": "Feature", "properties": { "BARRIO": "CASCO HISTORICO", "DIA_SEMANA": "Miercoles", "TIPO_DIA": "Semana", "TRAMO_HORA": "18 A 20 HRS", "MES": "febrero", "ZONA_1": "NORORIENTE", "AÑO": 2025 }, "geometry": { "type": "Point", "coordinates": [ -70.649857, -33.442924 ] } },
{ "type": "Feature", "properties": { "BARRIO": "SANTA LUCIA FORESTAL", "DIA_SEMANA": "Miercoles", "TIPO_DIA": "Semana", "TRAMO_HORA": "18 A 20 HRS", "MES": "febrero", "ZONA_1": "NORORIENTE", "AÑO": 2025 }, "geometry": { "type": "Point", "coordinates": [ -70.646356, -33.437666 ] } },
{ "type": "Feature", "properties": { "BARRIO": "SANTA ELENA", "DIA_SEMANA": "Miercoles", "TIPO_DIA": "Semana", "TRAMO_HORA": "18 A 20 HRS", "MES": "febrero", "ZONA_1": "SURORIENTE", "AÑO": 2025 }, "geometry": { "type": "Point", "coordinates": [ -70.626571, -33.467379 ] } },
{ "type": "Feature", "properties": { "BARRIO": "SANTA ELENA", "DIA_SEMANA": "Miercoles", "TIPO_DIA": "Semana", "TRAMO_HORA": "18 A 20 HRS", "MES": "febrero", "ZONA_1": "SURORIENTE", "AÑO": 2025 }, "geometry": { "type": "Point", "coordinates": [ -70.626609, -33.467373 ] } },
{ "type": "Feature", "properties": { "BARRIO": "SANTA LUCIA FORESTAL", "DIA_SEMANA": "Miercoles", "TIPO_DIA": "Semana", "TRAMO_HORA": "18 A 20 HRS", "MES": "febrero", "ZONA_1": "NORORIENTE", "AÑO": 2025 }, "geometry": { "type": "Point", "coordinates": [ -70.641005, -33.437384 ] } },
{ "type": "Feature", "properties": { "BARRIO": "SANTA LUCIA FORESTAL", "DIA_SEMANA": "Miercoles", "TIPO_DIA": "Semana", "TRAMO_HORA": "18 A 20 HRS", "MES": "febrero", "ZONA_1": "NORORIENTE", "AÑO": 2025 }, "geometry": { "type": "Point", "coordinates": [ -70.641277, -33.439176 ] } },
{ "type": "Feature", "properties": { "BARRIO": "SANTA LUCIA FORESTAL", "DIA_SEMANA": "Miercoles", "TIPO_DIA": "Semana", "TRAMO_HORA": "16 A 18 HRS", "MES": "febrero", "ZONA_1": "NORORIENTE", "AÑO": 2025 }, "geometry": { "type": "Point", "coordinates": [ -70.641141, -33.439179 ] } },
{ "type": "Feature", "properties": { "BARRIO": "SANTA LUCIA FORESTAL", "DIA_SEMANA": "Miercoles", "TIPO_DIA": "Semana", "TRAMO_HORA": "16 A 18 HRS", "MES": "febrero", "ZONA_1": "NORORIENTE", "AÑO": 2025 }, "geometry": { "type": "Point", "coordinates": [ -70.641105, -33.438948 ] } },
{ "type": "Feature", "properties": { "BARRIO": "SANTA LUCIA FORESTAL", "DIA_SEMANA": "Miercoles", "TIPO_DIA": "Semana", "TRAMO_HORA": "16 A 18 HRS", "MES": "febrero", "ZONA_1": "NORORIENTE", "AÑO": 2025 }, "geometry": { "type": "Point", "coordinates": [ -70.64063, -33.439481 ] } },
{ "type": "Feature", "properties": { "BARRIO": "CASCO HISTORICO", "DIA_SEMANA": "Miercoles", "TIPO_DIA": "Semana", "TRAMO_HORA": "12 A 14 HRS", "MES": "febrero", "ZONA_1": "NORORIENTE", "AÑO": 2025 }, "geometry": { "type": "Point", "coordinates": [ -70.654256, -33.436492 ] } },
{ "type": "Feature", "properties": { "BARRIO": "SANTA ISABEL", "DIA_SEMANA": "Miercoles", "TIPO_DIA": "Semana", "TRAMO_HORA": "10 A 12 HRS", "MES": "febrero", "ZONA_1": "CENTRORIENTE", "AÑO": 2025 }, "geometry": { "type": "Point", "coordinates": [ -70.632757, -33.447483 ] } },
{ "type": "Feature", "properties": { "BARRIO": "SANTA ISABEL", "DIA_SEMANA": "Miercoles", "TIPO_DIA": "Semana", "TRAMO_HORA": "08 A 10 HRS", "MES": "febrero", "ZONA_1": "CENTRORIENTE", "AÑO": 2025 }, "geometry": { "type": "Point", "coordinates": [ -70.64364, -33.450253 ] } },
{ "type": "Feature", "properties": { "BARRIO": "BOGOTA", "DIA_SEMANA": "Miercoles", "TIPO_DIA": "Semana", "TRAMO_HORA": "00 A 02 HRS", "MES": "febrero", "ZONA_1": "SURORIENTE", "AÑO": 2025 }, "geometry": { "type": "Point", "coordinates": [ -70.641826, -33.463272 ] } },
{ "type": "Feature", "properties": { "BARRIO": "PARQUE ALMAGRO", "DIA_SEMANA": "Miercoles", "TIPO_DIA": "Semana", "TRAMO_HORA": "00 A 02 HRS", "MES": "febrero", "ZONA_1": "CENTRORIENTE", "AÑO": 2025 }, "geometry": { "type": "Point", "coordinates": [ -70.646937, -33.44882 ] } },
{ "type": "Feature", "properties": { "BARRIO": "SANTA ANA", "DIA_SEMANA": "Martes", "TIPO_DIA": "Semana", "TRAMO_HORA": "20 A 22 HRS", "MES": "febrero", "ZONA_1": "NORORIENTE", "AÑO": 2025 }, "geometry": { "type": "Point", "coordinates": [ -70.657327, -33.434414 ] } },
{ "type": "Feature", "properties": { "BARRIO": "SANTA ISABEL", "DIA_SEMANA": "Martes", "TIPO_DIA": "Semana", "TRAMO_HORA": "20 A 22 HRS", "MES": "febrero", "ZONA_1": "CENTRORIENTE", "AÑO": 2025 }, "geometry": { "type": "Point", "coordinates": [ -70.642795, -33.450363 ] } },
{ "type": "Feature", "properties": { "BARRIO": "PARQUE ALMAGRO", "DIA_SEMANA": "Martes", "TIPO_DIA": "Semana", "TRAMO_HORA": "20 A 22 HRS", "MES": "febrero", "ZONA_1": "CENTRORIENTE", "AÑO": 2025 }, "geometry": { "type": "Point", "coordinates": [ -70.646969, -33.448567 ] } },
{ "type": "Feature", "properties": { "BARRIO": "SANTA LUCIA FORESTAL", "DIA_SEMANA": "Martes", "TIPO_DIA": "Semana", "TRAMO_HORA": "20 A 22 HRS", "MES": "febrero", "ZONA_1": "NORORIENTE", "AÑO": 2025 }, "geometry": { "type": "Point", "coordinates": [ -70.64114, -33.439571 ] } },
{ "type": "Feature", "properties": { "BARRIO": "PARQUE ALMAGRO", "DIA_SEMANA": "Martes", "TIPO_DIA": "Semana", "TRAMO_HORA": "20 A 22 HRS", "MES": "febrero", "ZONA_1": "CENTRORIENTE", "AÑO": 2025 }, "geometry": { "type": "Point", "coordinates": [ -70.652617, -33.448697 ] } },
{ "type": "Feature", "properties": { "BARRIO": "SANTA LUCIA FORESTAL", "DIA_SEMANA": "Martes", "TIPO_DIA": "Semana", "TRAMO_HORA": "20 A 22 HRS", "MES": "febrero", "ZONA_1": "NORORIENTE", "AÑO": 2025 }, "geometry": { "type": "Point", "coordinates": [ -70.646356, -33.437666 ] } },
{ "type": "Feature", "properties": { "BARRIO": "SANTA LUCIA FORESTAL", "DIA_SEMANA": "Martes", "TIPO_DIA": "Semana", "TRAMO_HORA": "20 A 22 HRS", "MES": "febrero", "ZONA_1": "NORORIENTE", "AÑO": 2025 }, "geometry": { "type": "Point", "coordinates": [ -70.640989, -33.437508 ] } },
{ "type": "Feature", "properties": { "BARRIO": "DIEZ DE JULIO", "DIA_SEMANA": "Martes", "TIPO_DIA": "Semana", "TRAMO_HORA": "20 A 22 HRS", "MES": "febrero", "ZONA_1": "CENTRORIENTE", "AÑO": 2025 }, "geometry": { "type": "Point", "coordinates": [ -70.630103, -33.455279 ] } },
{ "type": "Feature", "properties": { "BARRIO": "DIEZ DE JULIO", "DIA_SEMANA": "Martes", "TIPO_DIA": "Semana", "TRAMO_HORA": "20 A 22 HRS", "MES": "febrero", "ZONA_1": "CENTRORIENTE", "AÑO": 2025 }, "geometry": { "type": "Point", "coordinates": [ -70.634158, -33.452659 ] } },
{ "type": "Feature", "properties": { "BARRIO": "SANTA LUCIA FORESTAL", "DIA_SEMANA": "Martes", "TIPO_DIA": "Semana", "TRAMO_HORA": "18 A 20 HRS", "MES": "febrero", "ZONA_1": "NORORIENTE", "AÑO": 2025 }, "geometry": { "type": "Point", "coordinates": [ -70.641158, -33.439376 ] } },
{ "type": "Feature", "properties": { "BARRIO": "PARQUE ALMAGRO", "DIA_SEMANA": "Martes", "TIPO_DIA": "Semana", "TRAMO_HORA": "18 A 20 HRS", "MES": "febrero", "ZONA_1": "CENTRORIENTE", "AÑO": 2025 }, "geometry": { "type": "Point", "coordinates": [ -70.649279, -33.448895 ] } },
{ "type": "Feature", "properties": { "BARRIO": "SAN BORJA", "DIA_SEMANA": "Martes", "TIPO_DIA": "Semana", "TRAMO_HORA": "18 A 20 HRS", "MES": "febrero", "ZONA_1": "NORORIENTE", "AÑO": 2025 }, "geometry": { "type": "Point", "coordinates": [ -70.635351, -33.437443 ] } },
{ "type": "Feature", "properties": { "BARRIO": "SANTA ELENA", "DIA_SEMANA": "Martes", "TIPO_DIA": "Semana", "TRAMO_HORA": "18 A 20 HRS", "MES": "febrero", "ZONA_1": "SURORIENTE", "AÑO": 2025 }, "geometry": { "type": "Point", "coordinates": [ -70.626645, -33.46739 ] } },
{ "type": "Feature", "properties": { "BARRIO": "PARQUE ALMAGRO", "DIA_SEMANA": "Martes", "TIPO_DIA": "Semana", "TRAMO_HORA": "18 A 20 HRS", "MES": "febrero", "ZONA_1": "CENTRORIENTE", "AÑO": 2025 }, "geometry": { "type": "Point", "coordinates": [ -70.650712, -33.450617 ] } },
{ "type": "Feature", "properties": { "BARRIO": "SANTA ELENA", "DIA_SEMANA": "Martes", "TIPO_DIA": "Semana", "TRAMO_HORA": "18 A 20 HRS", "MES": "febrero", "ZONA_1": "SURORIENTE", "AÑO": 2025 }, "geometry": { "type": "Point", "coordinates": [ -70.626577, -33.467374 ] } },
{ "type": "Feature", "properties": { "BARRIO": "PARQUE ALMAGRO", "DIA_SEMANA": "Martes", "TIPO_DIA": "Semana", "TRAMO_HORA": "18 A 20 HRS", "MES": "febrero", "ZONA_1": "CENTRORIENTE", "AÑO": 2025 }, "geometry": { "type": "Point", "coordinates": [ -70.646972, -33.448553 ] } },
{ "type": "Feature", "properties": { "BARRIO": "SANTA ISABEL", "DIA_SEMANA": "Martes", "TIPO_DIA": "Semana", "TRAMO_HORA": "18 A 20 HRS", "MES": "febrero", "ZONA_1": "CENTRORIENTE", "AÑO": 2025 }, "geometry": { "type": "Point", "coordinates": [ -70.641043, -33.446567 ] } },
{ "type": "Feature", "properties": { "BARRIO": "SANTA LUCIA FORESTAL", "DIA_SEMANA": "Martes", "TIPO_DIA": "Semana", "TRAMO_HORA": "18 A 20 HRS", "MES": "febrero", "ZONA_1": "NORORIENTE", "AÑO": 2025 }, "geometry": { "type": "Point", "coordinates": [ -70.640905, -33.436962 ] } },
{ "type": "Feature", "properties": { "BARRIO": "PARQUE ALMAGRO", "DIA_SEMANA": "Martes", "TIPO_DIA": "Semana", "TRAMO_HORA": "18 A 20 HRS", "MES": "febrero", "ZONA_1": "CENTRORIENTE", "AÑO": 2025 }, "geometry": { "type": "Point", "coordinates": [ -70.651432, -33.451306 ] } },
{ "type": "Feature", "properties": { "BARRIO": "PARQUE ALMAGRO", "DIA_SEMANA": "Martes", "TIPO_DIA": "Semana", "TRAMO_HORA": "18 A 20 HRS", "MES": "febrero", "ZONA_1": "CENTRORIENTE", "AÑO": 2025 }, "geometry": { "type": "Point", "coordinates": [ -70.651001, -33.450354 ] } },
{ "type": "Feature", "properties": { "BARRIO": "PARQUE ALMAGRO", "DIA_SEMANA": "Martes", "TIPO_DIA": "Semana", "TRAMO_HORA": "18 A 20 HRS", "MES": "febrero", "ZONA_1": "CENTRORIENTE", "AÑO": 2025 }, "geometry": { "type": "Point", "coordinates": [ -70.652699, -33.449037 ] } },
{ "type": "Feature", "properties": { "BARRIO": "SANTA LUCIA FORESTAL", "DIA_SEMANA": "Martes", "TIPO_DIA": "Semana", "TRAMO_HORA": "16 A 18 HRS", "MES": "febrero", "ZONA_1": "NORORIENTE", "AÑO": 2025 }, "geometry": { "type": "Point", "coordinates": [ -70.640288, -33.439456 ] } },
{ "type": "Feature", "properties": { "BARRIO": "PARQUE ALMAGRO", "DIA_SEMANA": "Martes", "TIPO_DIA": "Semana", "TRAMO_HORA": "14 A 16 HRS", "MES": "febrero", "ZONA_1": "CENTRORIENTE", "AÑO": 2025 }, "geometry": { "type": "Point", "coordinates": [ -70.645346, -33.446431 ] } },
{ "type": "Feature", "properties": { "BARRIO": "YUNGAY", "DIA_SEMANA": "Martes", "TIPO_DIA": "Semana", "TRAMO_HORA": "12 A 14 HRS", "MES": "febrero", "ZONA_1": "NORPONIENTE", "AÑO": 2025 }, "geometry": { "type": "Point", "coordinates": [ -70.67654, -33.443314 ] } },
{ "type": "Feature", "properties": { "BARRIO": "PARQUE ALMAGRO", "DIA_SEMANA": "Martes", "TIPO_DIA": "Semana", "TRAMO_HORA": "08 A 10 HRS", "MES": "febrero", "ZONA_1": "CENTRORIENTE", "AÑO": 2025 }, "geometry": { "type": "Point", "coordinates": [ -70.653057, -33.448751 ] } },
{ "type": "Feature", "properties": { "BARRIO": "SANTA ISABEL", "DIA_SEMANA": "Martes", "TIPO_DIA": "Semana", "TRAMO_HORA": "08 A 10 HRS", "MES": "febrero", "ZONA_1": "CENTRORIENTE", "AÑO": 2025 }, "geometry": { "type": "Point", "coordinates": [ -70.633692, -33.451171 ] } },
{ "type": "Feature", "properties": { "BARRIO": "SANTA ANA", "DIA_SEMANA": "Lunes", "TIPO_DIA": "Semana", "TRAMO_HORA": "22 A 00 HRS", "MES": "febrero", "ZONA_1": "NORORIENTE", "AÑO": 2025 }, "geometry": { "type": "Point", "coordinates": [ -70.658856, -33.433383 ] } },
{ "type": "Feature", "properties": { "BARRIO": "PARQUE ALMAGRO", "DIA_SEMANA": "Lunes", "TIPO_DIA": "Semana", "TRAMO_HORA": "22 A 00 HRS", "MES": "febrero", "ZONA_1": "CENTRORIENTE", "AÑO": 2025 }, "geometry": { "type": "Point", "coordinates": [ -70.652786, -33.44885 ] } },
{ "type": "Feature", "properties": { "BARRIO": "SANTA LUCIA FORESTAL", "DIA_SEMANA": "Lunes", "TIPO_DIA": "Semana", "TRAMO_HORA": "22 A 00 HRS", "MES": "febrero", "ZONA_1": "NORORIENTE", "AÑO": 2025 }, "geometry": { "type": "Point", "coordinates": [ -70.641057, -33.437175 ] } },
{ "type": "Feature", "properties": { "BARRIO": "PARQUE ALMAGRO", "DIA_SEMANA": "Lunes", "TIPO_DIA": "Semana", "TRAMO_HORA": "20 A 22 HRS", "MES": "febrero", "ZONA_1": "CENTRORIENTE", "AÑO": 2025 }, "geometry": { "type": "Point", "coordinates": [ -70.652393, -33.450651 ] } },
{ "type": "Feature", "properties": { "BARRIO": "DIEZ DE JULIO", "DIA_SEMANA": "Lunes", "TIPO_DIA": "Semana", "TRAMO_HORA": "20 A 22 HRS", "MES": "febrero", "ZONA_1": "CENTRORIENTE", "AÑO": 2025 }, "geometry": { "type": "Point", "coordinates": [ -70.631367, -33.453658 ] } },
{ "type": "Feature", "properties": { "BARRIO": "DIEZ DE JULIO", "DIA_SEMANA": "Lunes", "TIPO_DIA": "Semana", "TRAMO_HORA": "20 A 22 HRS", "MES": "febrero", "ZONA_1": "CENTRORIENTE", "AÑO": 2025 }, "geometry": { "type": "Point", "coordinates": [ -70.631676, -33.45354 ] } },
{ "type": "Feature", "properties": { "BARRIO": "SANTA ANA", "DIA_SEMANA": "Lunes", "TIPO_DIA": "Semana", "TRAMO_HORA": "20 A 22 HRS", "MES": "febrero", "ZONA_1": "NORORIENTE", "AÑO": 2025 }, "geometry": { "type": "Point", "coordinates": [ -70.659217, -33.433552 ] } },
{ "type": "Feature", "properties": { "BARRIO": "PARQUE ALMAGRO", "DIA_SEMANA": "Lunes", "TIPO_DIA": "Semana", "TRAMO_HORA": "20 A 22 HRS", "MES": "febrero", "ZONA_1": "CENTRORIENTE", "AÑO": 2025 }, "geometry": { "type": "Point", "coordinates": [ -70.646981, -33.448542 ] } },
{ "type": "Feature", "properties": { "BARRIO": "SANTA ISABEL", "DIA_SEMANA": "Lunes", "TIPO_DIA": "Semana", "TRAMO_HORA": "20 A 22 HRS", "MES": "febrero", "ZONA_1": "CENTRORIENTE", "AÑO": 2025 }, "geometry": { "type": "Point", "coordinates": [ -70.642669, -33.450189 ] } },
{ "type": "Feature", "properties": { "BARRIO": "EJERCITO", "DIA_SEMANA": "Lunes", "TIPO_DIA": "Semana", "TRAMO_HORA": "20 A 22 HRS", "MES": "febrero", "ZONA_1": "SURPONIENTE", "AÑO": 2025 }, "geometry": { "type": "Point", "coordinates": [ -70.664505, -33.4517 ] } },
{ "type": "Feature", "properties": { "BARRIO": "SANTA LUCIA FORESTAL", "DIA_SEMANA": "Lunes", "TIPO_DIA": "Semana", "TRAMO_HORA": "20 A 22 HRS", "MES": "febrero", "ZONA_1": "NORORIENTE", "AÑO": 2025 }, "geometry": { "type": "Point", "coordinates": [ -70.641064, -33.439207 ] } },
{ "type": "Feature", "properties": { "BARRIO": "SANTA LUCIA FORESTAL", "DIA_SEMANA": "Lunes", "TIPO_DIA": "Semana", "TRAMO_HORA": "20 A 22 HRS", "MES": "febrero", "ZONA_1": "NORORIENTE", "AÑO": 2025 }, "geometry": { "type": "Point", "coordinates": [ -70.641099, -33.439423 ] } },
{ "type": "Feature", "properties": { "BARRIO": "SANTA LUCIA FORESTAL", "DIA_SEMANA": "Lunes", "TIPO_DIA": "Semana", "TRAMO_HORA": "20 A 22 HRS", "MES": "febrero", "ZONA_1": "NORORIENTE", "AÑO": 2025 }, "geometry": { "type": "Point", "coordinates": [ -70.641147, -33.439326 ] } },
{ "type": "Feature", "properties": { "BARRIO": "SANTA LUCIA FORESTAL", "DIA_SEMANA": "Lunes", "TIPO_DIA": "Semana", "TRAMO_HORA": "20 A 22 HRS", "MES": "febrero", "ZONA_1": "NORORIENTE", "AÑO": 2025 }, "geometry": { "type": "Point", "coordinates": [ -70.641012, -33.439432 ] } },
{ "type": "Feature", "properties": { "BARRIO": "EJERCITO", "DIA_SEMANA": "Lunes", "TIPO_DIA": "Semana", "TRAMO_HORA": "20 A 22 HRS", "MES": "febrero", "ZONA_1": "SURPONIENTE", "AÑO": 2025 }, "geometry": { "type": "Point", "coordinates": [ -70.66428, -33.45154 ] } },
{ "type": "Feature", "properties": { "BARRIO": "SAN BORJA", "DIA_SEMANA": "Lunes", "TIPO_DIA": "Semana", "TRAMO_HORA": "20 A 22 HRS", "MES": "febrero", "ZONA_1": "NORORIENTE", "AÑO": 2025 }, "geometry": { "type": "Point", "coordinates": [ -70.640215, -33.440215 ] } },
{ "type": "Feature", "properties": { "BARRIO": "SANTA LUCIA FORESTAL", "DIA_SEMANA": "Lunes", "TIPO_DIA": "Semana", "TRAMO_HORA": "20 A 22 HRS", "MES": "febrero", "ZONA_1": "NORORIENTE", "AÑO": 2025 }, "geometry": { "type": "Point", "coordinates": [ -70.641235, -33.439547 ] } },
{ "type": "Feature", "properties": { "BARRIO": "SANTA LUCIA FORESTAL", "DIA_SEMANA": "Lunes", "TIPO_DIA": "Semana", "TRAMO_HORA": "18 A 20 HRS", "MES": "febrero", "ZONA_1": "NORORIENTE", "AÑO": 2025 }, "geometry": { "type": "Point", "coordinates": [ -70.641198, -33.43943 ] } },
{ "type": "Feature", "properties": { "BARRIO": "SAN BORJA", "DIA_SEMANA": "Lunes", "TIPO_DIA": "Semana", "TRAMO_HORA": "18 A 20 HRS", "MES": "febrero", "ZONA_1": "NORORIENTE", "AÑO": 2025 }, "geometry": { "type": "Point", "coordinates": [ -70.644856, -33.442768 ] } },
{ "type": "Feature", "properties": { "BARRIO": "PARQUE ALMAGRO", "DIA_SEMANA": "Lunes", "TIPO_DIA": "Semana", "TRAMO_HORA": "18 A 20 HRS", "MES": "febrero", "ZONA_1": "CENTRORIENTE", "AÑO": 2025 }, "geometry": { "type": "Point", "coordinates": [ -70.652975, -33.446583 ] } },
{ "type": "Feature", "properties": { "BARRIO": "SAN BORJA", "DIA_SEMANA": "Lunes", "TIPO_DIA": "Semana", "TRAMO_HORA": "18 A 20 HRS", "MES": "febrero", "ZONA_1": "NORORIENTE", "AÑO": 2025 }, "geometry": { "type": "Point", "coordinates": [ -70.635338, -33.437479 ] } },
{ "type": "Feature", "properties": { "BARRIO": "PARQUE ALMAGRO", "DIA_SEMANA": "Lunes", "TIPO_DIA": "Semana", "TRAMO_HORA": "18 A 20 HRS", "MES": "febrero", "ZONA_1": "CENTRORIENTE", "AÑO": 2025 }, "geometry": { "type": "Point", "coordinates": [ -70.652968, -33.447967 ] } },
{ "type": "Feature", "properties": { "BARRIO": "PARQUE ALMAGRO", "DIA_SEMANA": "Lunes", "TIPO_DIA": "Semana", "TRAMO_HORA": "18 A 20 HRS", "MES": "febrero", "ZONA_1": "CENTRORIENTE", "AÑO": 2025 }, "geometry": { "type": "Point", "coordinates": [ -70.646996, -33.448559 ] } },
{ "type": "Feature", "properties": { "BARRIO": "SANTA LUCIA FORESTAL", "DIA_SEMANA": "Lunes", "TIPO_DIA": "Semana", "TRAMO_HORA": "16 A 18 HRS", "MES": "febrero", "ZONA_1": "NORORIENTE", "AÑO": 2025 }, "geometry": { "type": "Point", "coordinates": [ -70.640862, -33.439415 ] } },
{ "type": "Feature", "properties": { "BARRIO": "SAN BORJA", "DIA_SEMANA": "Lunes", "TIPO_DIA": "Semana", "TRAMO_HORA": "16 A 18 HRS", "MES": "febrero", "ZONA_1": "NORORIENTE", "AÑO": 2025 }, "geometry": { "type": "Point", "coordinates": [ -70.64501, -33.442586 ] } },
{ "type": "Feature", "properties": { "BARRIO": "CASCO HISTORICO", "DIA_SEMANA": "Lunes", "TIPO_DIA": "Semana", "TRAMO_HORA": "12 A 14 HRS", "MES": "febrero", "ZONA_1": "NORORIENTE", "AÑO": 2025 }, "geometry": { "type": "Point", "coordinates": [ -70.650533, -33.442763 ] } },
{ "type": "Feature", "properties": { "BARRIO": "BRASIL", "DIA_SEMANA": "Lunes", "TIPO_DIA": "Semana", "TRAMO_HORA": "12 A 14 HRS", "MES": "febrero", "ZONA_1": "NORPONIENTE", "AÑO": 2025 }, "geometry": { "type": "Point", "coordinates": [ -70.663657, -33.438095 ] } },
{ "type": "Feature", "properties": { "BARRIO": "MATTA NORTE", "DIA_SEMANA": "Lunes", "TIPO_DIA": "Semana", "TRAMO_HORA": "08 A 10 HRS", "MES": "febrero", "ZONA_1": "CENTRORIENTE", "AÑO": 2025 }, "geometry": { "type": "Point", "coordinates": [ -70.650463, -33.450512 ] } },
{ "type": "Feature", "properties": { "BARRIO": "SAN BORJA", "DIA_SEMANA": "Lunes", "TIPO_DIA": "Semana", "TRAMO_HORA": "00 A 02 HRS", "MES": "febrero", "ZONA_1": "NORORIENTE", "AÑO": 2025 }, "geometry": { "type": "Point", "coordinates": [ -70.644569, -33.446115 ] } },
{ "type": "Feature", "properties": { "BARRIO": "VIEL", "DIA_SEMANA": "Lunes", "TIPO_DIA": "Semana", "TRAMO_HORA": "00 A 02 HRS", "MES": "febrero", "ZONA_1": "SURORIENTE", "AÑO": 2025 }, "geometry": { "type": "Point", "coordinates": [ -70.649782, -33.466781 ] } },
{ "type": "Feature", "properties": { "BARRIO": "SANTA ISABEL", "DIA_SEMANA": "Domingo", "TIPO_DIA": "Semana", "TRAMO_HORA": "22 A 00 HRS", "MES": "febrero", "ZONA_1": "NORORIENTE", "AÑO": 2025 }, "geometry": { "type": "Point", "coordinates": [ -70.643743, -33.447756 ] } },
{ "type": "Feature", "properties": { "BARRIO": "SANTA ISABEL", "DIA_SEMANA": "Domingo", "TIPO_DIA": "Semana", "TRAMO_HORA": "20 A 22 HRS", "MES": "febrero", "ZONA_1": "CENTRORIENTE", "AÑO": 2025 }, "geometry": { "type": "Point", "coordinates": [ -70.633249, -33.444636 ] } },
{ "type": "Feature", "properties": { "BARRIO": "SANTA ISABEL", "DIA_SEMANA": "Domingo", "TIPO_DIA": "Semana", "TRAMO_HORA": "20 A 22 HRS", "MES": "febrero", "ZONA_1": "CENTRORIENTE", "AÑO": 2025 }, "geometry": { "type": "Point", "coordinates": [ -70.642964, -33.450403 ] } },
{ "type": "Feature", "properties": { "BARRIO": "DIEZ DE JULIO", "DIA_SEMANA": "Domingo", "TIPO_DIA": "Semana", "TRAMO_HORA": "20 A 22 HRS", "MES": "febrero", "ZONA_1": "CENTRORIENTE", "AÑO": 2025 }, "geometry": { "type": "Point", "coordinates": [ -70.631284, -33.453691 ] } },
{ "type": "Feature", "properties": { "BARRIO": "DIEZ DE JULIO", "DIA_SEMANA": "Domingo", "TIPO_DIA": "Semana", "TRAMO_HORA": "20 A 22 HRS", "MES": "febrero", "ZONA_1": "CENTRORIENTE", "AÑO": 2025 }, "geometry": { "type": "Point", "coordinates": [ -70.634271, -33.452787 ] } },
{ "type": "Feature", "properties": { "BARRIO": "SANTA ELENA", "DIA_SEMANA": "Domingo", "TIPO_DIA": "Semana", "TRAMO_HORA": "18 A 20 HRS", "MES": "febrero", "ZONA_1": "SURORIENTE", "AÑO": 2025 }, "geometry": { "type": "Point", "coordinates": [ -70.629932, -33.456359 ] } },
{ "type": "Feature", "properties": { "BARRIO": "EJERCITO", "DIA_SEMANA": "Domingo", "TIPO_DIA": "Semana", "TRAMO_HORA": "18 A 20 HRS", "MES": "febrero", "ZONA_1": "SURPONIENTE", "AÑO": 2025 }, "geometry": { "type": "Point", "coordinates": [ -70.664501, -33.451669 ] } },
{ "type": "Feature", "properties": { "BARRIO": "EJERCITO", "DIA_SEMANA": "Domingo", "TIPO_DIA": "Semana", "TRAMO_HORA": "18 A 20 HRS", "MES": "febrero", "ZONA_1": "SURPONIENTE", "AÑO": 2025 }, "geometry": { "type": "Point", "coordinates": [ -70.664448, -33.451806 ] } },
{ "type": "Feature", "properties": { "BARRIO": "BALMACEDA", "DIA_SEMANA": "Domingo", "TIPO_DIA": "Semana", "TRAMO_HORA": "18 A 20 HRS", "MES": "febrero", "ZONA_1": "NORPONIENTE", "AÑO": 2025 }, "geometry": { "type": "Point", "coordinates": [ -70.675498, -33.427244 ] } },
{ "type": "Feature", "properties": { "BARRIO": "SAN BORJA", "DIA_SEMANA": "Domingo", "TIPO_DIA": "Semana", "TRAMO_HORA": "16 A 18 HRS", "MES": "febrero", "ZONA_1": "NORORIENTE", "AÑO": 2025 }, "geometry": { "type": "Point", "coordinates": [ -70.6448, -33.44296 ] } },
{ "type": "Feature", "properties": { "BARRIO": "SAN BORJA", "DIA_SEMANA": "Domingo", "TIPO_DIA": "Semana", "TRAMO_HORA": "16 A 18 HRS", "MES": "febrero", "ZONA_1": "NORORIENTE", "AÑO": 2025 }, "geometry": { "type": "Point", "coordinates": [ -70.64478, -33.442964 ] } },
{ "type": "Feature", "properties": { "BARRIO": "PARQUE ALMAGRO", "DIA_SEMANA": "Domingo", "TIPO_DIA": "Semana", "TRAMO_HORA": "16 A 18 HRS", "MES": "febrero", "ZONA_1": "CENTRORIENTE", "AÑO": 2025 }, "geometry": { "type": "Point", "coordinates": [ -70.653227, -33.448824 ] } },
{ "type": "Feature", "properties": { "BARRIO": "SAN BORJA", "DIA_SEMANA": "Domingo", "TIPO_DIA": "Semana", "TRAMO_HORA": "14 A 16 HRS", "MES": "febrero", "ZONA_1": "NORORIENTE", "AÑO": 2025 }, "geometry": { "type": "Point", "coordinates": [ -70.644722, -33.442982 ] } },
{ "type": "Feature", "properties": { "BARRIO": "SIERRA BELLA", "DIA_SEMANA": "Domingo", "TIPO_DIA": "Semana", "TRAMO_HORA": "14 A 16 HRS", "MES": "febrero", "ZONA_1": "SURORIENTE", "AÑO": 2025 }, "geometry": { "type": "Point", "coordinates": [ -70.641463, -33.474733 ] } },
{ "type": "Feature", "properties": { "BARRIO": "SIERRA BELLA", "DIA_SEMANA": "Domingo", "TIPO_DIA": "Semana", "TRAMO_HORA": "14 A 16 HRS", "MES": "febrero", "ZONA_1": "SURORIENTE", "AÑO": 2025 }, "geometry": { "type": "Point", "coordinates": [ -70.64145, -33.474863 ] } },
{ "type": "Feature", "properties": { "BARRIO": "SANTA ISABEL", "DIA_SEMANA": "Domingo", "TIPO_DIA": "Semana", "TRAMO_HORA": "14 A 16 HRS", "MES": "febrero", "ZONA_1": "CENTRORIENTE", "AÑO": 2025 }, "geometry": { "type": "Point", "coordinates": [ -70.633562, -33.447726 ] } },
{ "type": "Feature", "properties": { "BARRIO": "UNIVERSITARIO", "DIA_SEMANA": "Domingo", "TIPO_DIA": "Semana", "TRAMO_HORA": "12 A 14 HRS", "MES": "febrero", "ZONA_1": "SURPONIENTE", "AÑO": 2025 }, "geometry": { "type": "Point", "coordinates": [ -70.664526, -33.451816 ] } },
{ "type": "Feature", "properties": { "BARRIO": "SIERRA BELLA", "DIA_SEMANA": "Domingo", "TIPO_DIA": "Semana", "TRAMO_HORA": "12 A 14 HRS", "MES": "febrero", "ZONA_1": "SURORIENTE", "AÑO": 2025 }, "geometry": { "type": "Point", "coordinates": [ -70.627499, -33.468538 ] } },
{ "type": "Feature", "properties": { "BARRIO": "PARQUE ALMAGRO", "DIA_SEMANA": "Domingo", "TIPO_DIA": "Semana", "TRAMO_HORA": "12 A 14 HRS", "MES": "febrero", "ZONA_1": "CENTRORIENTE", "AÑO": 2025 }, "geometry": { "type": "Point", "coordinates": [ -70.653144, -33.449855 ] } },
{ "type": "Feature", "properties": { "BARRIO": "SAN VICENTE", "DIA_SEMANA": "Domingo", "TIPO_DIA": "Semana", "TRAMO_HORA": "12 A 14 HRS", "MES": "febrero", "ZONA_1": "SURPONIENTE", "AÑO": 2025 }, "geometry": { "type": "Point", "coordinates": [ -70.674281, -33.465244 ] } },
{ "type": "Feature", "properties": { "BARRIO": "PARQUE ALMAGRO", "DIA_SEMANA": "Domingo", "TIPO_DIA": "Semana", "TRAMO_HORA": "10 A 12 HRS", "MES": "febrero", "ZONA_1": "CENTRORIENTE", "AÑO": 2025 }, "geometry": { "type": "Point", "coordinates": [ -70.648731, -33.44703 ] } },
{ "type": "Feature", "properties": { "BARRIO": "PARQUE ALMAGRO", "DIA_SEMANA": "Domingo", "TIPO_DIA": "Semana", "TRAMO_HORA": "10 A 12 HRS", "MES": "febrero", "ZONA_1": "CENTRORIENTE", "AÑO": 2025 }, "geometry": { "type": "Point", "coordinates": [ -70.653659, -33.447939 ] } },
{ "type": "Feature", "properties": { "BARRIO": "YUNGAY", "DIA_SEMANA": "Domingo", "TIPO_DIA": "Semana", "TRAMO_HORA": "10 A 12 HRS", "MES": "febrero", "ZONA_1": "NORPONIENTE", "AÑO": 2025 }, "geometry": { "type": "Point", "coordinates": [ -70.673311, -33.443282 ] } },
{ "type": "Feature", "properties": { "BARRIO": "VIEL", "DIA_SEMANA": "Domingo", "TIPO_DIA": "Semana", "TRAMO_HORA": "00 A 02 HRS", "MES": "febrero", "ZONA_1": "SURORIENTE", "AÑO": 2025 }, "geometry": { "type": "Point", "coordinates": [ -70.649827, -33.466263 ] } },
{ "type": "Feature", "properties": { "BARRIO": "PARQUE ALMAGRO", "DIA_SEMANA": "Domingo", "TIPO_DIA": "Semana", "TRAMO_HORA": "00 A 02 HRS", "MES": "febrero", "ZONA_1": "CENTRORIENTE", "AÑO": 2025 }, "geometry": { "type": "Point", "coordinates": [ -70.645153, -33.447231 ] } },
{ "type": "Feature", "properties": { "BARRIO": "VIEL", "DIA_SEMANA": "Domingo", "TIPO_DIA": "Semana", "TRAMO_HORA": "00 A 02 HRS", "MES": "febrero", "ZONA_1": "SURORIENTE", "AÑO": 2025 }, "geometry": { "type": "Point", "coordinates": [ -70.649826, -33.466271 ] } },
{ "type": "Feature", "properties": { "BARRIO": "YUNGAY", "DIA_SEMANA": "Domingo", "TIPO_DIA": "Semana", "TRAMO_HORA": "00 A 02 HRS", "MES": "febrero", "ZONA_1": "NORPONIENTE", "AÑO": 2025 }, "geometry": { "type": "Point", "coordinates": [ -70.671478, -33.437849 ] } },
{ "type": "Feature", "properties": { "BARRIO": "SANTA ELENA", "DIA_SEMANA": "Domingo", "TIPO_DIA": "Semana", "TRAMO_HORA": "00 A 02 HRS", "MES": "febrero", "ZONA_1": "SURORIENTE", "AÑO": 2025 }, "geometry": { "type": "Point", "coordinates": [ -70.630016, -33.456297 ] } },
{ "type": "Feature", "properties": { "BARRIO": "VIEL", "DIA_SEMANA": "Sabado", "TIPO_DIA": "Semana", "TRAMO_HORA": "22 A 00 HRS", "MES": "febrero", "ZONA_1": "SURORIENTE", "AÑO": 2025 }, "geometry": { "type": "Point", "coordinates": [ -70.649893, -33.466285 ] } },
{ "type": "Feature", "properties": { "BARRIO": "SANTA ELENA", "DIA_SEMANA": "Sabado", "TIPO_DIA": "Semana", "TRAMO_HORA": "22 A 00 HRS", "MES": "febrero", "ZONA_1": "SURORIENTE", "AÑO": 2025 }, "geometry": { "type": "Point", "coordinates": [ -70.630046, -33.456458 ] } },
{ "type": "Feature", "properties": { "BARRIO": "SANTA ANA", "DIA_SEMANA": "Sabado", "TIPO_DIA": "Semana", "TRAMO_HORA": "22 A 00 HRS", "MES": "febrero", "ZONA_1": "NORORIENTE", "AÑO": 2025 }, "geometry": { "type": "Point", "coordinates": [ -70.658391, -33.434479 ] } },
{ "type": "Feature", "properties": { "BARRIO": "BALMACEDA", "DIA_SEMANA": "Sabado", "TIPO_DIA": "Semana", "TRAMO_HORA": "20 A 22 HRS", "MES": "febrero", "ZONA_1": "NORPONIENTE", "AÑO": 2025 }, "geometry": { "type": "Point", "coordinates": [ -70.67847, -33.432777 ] } },
{ "type": "Feature", "properties": { "BARRIO": "SANTA ANA", "DIA_SEMANA": "Sabado", "TIPO_DIA": "Semana", "TRAMO_HORA": "20 A 22 HRS", "MES": "febrero", "ZONA_1": "NORORIENTE", "AÑO": 2025 }, "geometry": { "type": "Point", "coordinates": [ -70.658778, -33.434493 ] } },
{ "type": "Feature", "properties": { "BARRIO": "SANTA ANA", "DIA_SEMANA": "Sabado", "TIPO_DIA": "Semana", "TRAMO_HORA": "20 A 22 HRS", "MES": "febrero", "ZONA_1": "NORORIENTE", "AÑO": 2025 }, "geometry": { "type": "Point", "coordinates": [ -70.658661, -33.434495 ] } },
{ "type": "Feature", "properties": { "BARRIO": "DIEZ DE JULIO", "DIA_SEMANA": "Sabado", "TIPO_DIA": "Semana", "TRAMO_HORA": "20 A 22 HRS", "MES": "febrero", "ZONA_1": "CENTRORIENTE", "AÑO": 2025 }, "geometry": { "type": "Point", "coordinates": [ -70.631439, -33.453777 ] } },
{ "type": "Feature", "properties": { "BARRIO": "DIEZ DE JULIO", "DIA_SEMANA": "Sabado", "TIPO_DIA": "Semana", "TRAMO_HORA": "20 A 22 HRS", "MES": "febrero", "ZONA_1": "CENTRORIENTE", "AÑO": 2025 }, "geometry": { "type": "Point", "coordinates": [ -70.631439, -33.453777 ] } },
{ "type": "Feature", "properties": { "BARRIO": "SANTA ISABEL", "DIA_SEMANA": "Sabado", "TIPO_DIA": "Semana", "TRAMO_HORA": "20 A 22 HRS", "MES": "febrero", "ZONA_1": "CENTRORIENTE", "AÑO": 2025 }, "geometry": { "type": "Point", "coordinates": [ -70.633707, -33.447131 ] } },
{ "type": "Feature", "properties": { "BARRIO": "PARQUE ALMAGRO", "DIA_SEMANA": "Sabado", "TIPO_DIA": "Semana", "TRAMO_HORA": "20 A 22 HRS", "MES": "febrero", "ZONA_1": "CENTRORIENTE", "AÑO": 2025 }, "geometry": { "type": "Point", "coordinates": [ -70.646981, -33.448478 ] } },
{ "type": "Feature", "properties": { "BARRIO": "SANTA LUCIA FORESTAL", "DIA_SEMANA": "Sabado", "TIPO_DIA": "Semana", "TRAMO_HORA": "18 A 20 HRS", "MES": "febrero", "ZONA_1": "NORORIENTE", "AÑO": 2025 }, "geometry": { "type": "Point", "coordinates": [ -70.640809, -33.439418 ] } },
{ "type": "Feature", "properties": { "BARRIO": "BOGOTA", "DIA_SEMANA": "Sabado", "TIPO_DIA": "Semana", "TRAMO_HORA": "18 A 20 HRS", "MES": "febrero", "ZONA_1": "SURORIENTE", "AÑO": 2025 }, "geometry": { "type": "Point", "coordinates": [ -70.642485, -33.468351 ] } },
{ "type": "Feature", "properties": { "BARRIO": "PARQUE ALMAGRO", "DIA_SEMANA": "Sabado", "TIPO_DIA": "Semana", "TRAMO_HORA": "18 A 20 HRS", "MES": "febrero", "ZONA_1": "CENTRORIENTE", "AÑO": 2025 }, "geometry": { "type": "Point", "coordinates": [ -70.649519, -33.444039 ] } },
{ "type": "Feature", "properties": { "BARRIO": "PARQUE ALMAGRO", "DIA_SEMANA": "Sabado", "TIPO_DIA": "Semana", "TRAMO_HORA": "18 A 20 HRS", "MES": "febrero", "ZONA_1": "CENTRORIENTE", "AÑO": 2025 }, "geometry": { "type": "Point", "coordinates": [ -70.647569, -33.447946 ] } },
{ "type": "Feature", "properties": { "BARRIO": "SANTA ISABEL", "DIA_SEMANA": "Sabado", "TIPO_DIA": "Semana", "TRAMO_HORA": "18 A 20 HRS", "MES": "febrero", "ZONA_1": "CENTRORIENTE", "AÑO": 2025 }, "geometry": { "type": "Point", "coordinates": [ -70.636507, -33.449943 ] } },
{ "type": "Feature", "properties": { "BARRIO": "SANTA ISABEL", "DIA_SEMANA": "Sabado", "TIPO_DIA": "Semana", "TRAMO_HORA": "18 A 20 HRS", "MES": "febrero", "ZONA_1": "CENTRORIENTE", "AÑO": 2025 }, "geometry": { "type": "Point", "coordinates": [ -70.636537, -33.449773 ] } },
{ "type": "Feature", "properties": { "BARRIO": "MATTA NORTE", "DIA_SEMANA": "Sabado", "TIPO_DIA": "Semana", "TRAMO_HORA": "16 A 18 HRS", "MES": "febrero", "ZONA_1": "CENTRORIENTE", "AÑO": 2025 }, "geometry": { "type": "Point", "coordinates": [ -70.649582, -33.451836 ] } },
{ "type": "Feature", "properties": { "BARRIO": "SAN BORJA", "DIA_SEMANA": "Sabado", "TIPO_DIA": "Semana", "TRAMO_HORA": "16 A 18 HRS", "MES": "febrero", "ZONA_1": "NORORIENTE", "AÑO": 2025 }, "geometry": { "type": "Point", "coordinates": [ -70.644812, -33.44288 ] } },
{ "type": "Feature", "properties": { "BARRIO": "CASCO HISTORICO", "DIA_SEMANA": "Sabado", "TIPO_DIA": "Semana", "TRAMO_HORA": "12 A 14 HRS", "MES": "febrero", "ZONA_1": "NORORIENTE", "AÑO": 2025 }, "geometry": { "type": "Point", "coordinates": [ -70.650619, -33.441417 ] } },
{ "type": "Feature", "properties": { "BARRIO": "PARQUE ALMAGRO", "DIA_SEMANA": "Sabado", "TIPO_DIA": "Semana", "TRAMO_HORA": "10 A 12 HRS", "MES": "febrero", "ZONA_1": "CENTRORIENTE", "AÑO": 2025 }, "geometry": { "type": "Point", "coordinates": [ -70.652487, -33.450023 ] } },
{ "type": "Feature", "properties": { "BARRIO": "SANTA ANA", "DIA_SEMANA": "Sabado", "TIPO_DIA": "Semana", "TRAMO_HORA": "00 A 02 HRS", "MES": "febrero", "ZONA_1": "NORORIENTE", "AÑO": 2025 }, "geometry": { "type": "Point", "coordinates": [ -70.658414, -33.434362 ] } },
{ "type": "Feature", "properties": { "BARRIO": "SANTA ANA", "DIA_SEMANA": "Sabado", "TIPO_DIA": "Semana", "TRAMO_HORA": "00 A 02 HRS", "MES": "febrero", "ZONA_1": "NORORIENTE", "AÑO": 2025 }, "geometry": { "type": "Point", "coordinates": [ -70.658544, -33.434405 ] } },
{ "type": "Feature", "properties": { "BARRIO": "SANTA ANA", "DIA_SEMANA": "Sabado", "TIPO_DIA": "Semana", "TRAMO_HORA": "00 A 02 HRS", "MES": "febrero", "ZONA_1": "NORORIENTE", "AÑO": 2025 }, "geometry": { "type": "Point", "coordinates": [ -70.658205, -33.434471 ] } },
{ "type": "Feature", "properties": { "BARRIO": "SANTA ISABEL", "DIA_SEMANA": "Sabado", "TIPO_DIA": "Semana", "TRAMO_HORA": "00 A 02 HRS", "MES": "febrero", "ZONA_1": "CENTRORIENTE", "AÑO": 2025 }, "geometry": { "type": "Point", "coordinates": [ -70.638384, -33.45041 ] } },
{ "type": "Feature", "properties": { "BARRIO": "FRANKLIN", "DIA_SEMANA": "Sabado", "TIPO_DIA": "Semana", "TRAMO_HORA": "10 A 12 HRS", "MES": "febrero", "ZONA_1": "SURORIENTE", "AÑO": 2025 }, "geometry": { "type": "Point", "coordinates": [ -70.641942, -33.475927 ] } },
{ "type": "Feature", "properties": { "BARRIO": "CENTRO HISTORICO", "DIA_SEMANA": "Sabado", "TIPO_DIA": "Semana", "TRAMO_HORA": "10 A 12 HRS", "MES": "febrero", "ZONA_1": "NORORIENTE", "AÑO": 2025 }, "geometry": { "type": "Point", "coordinates": [ -70.648169, -33.439358 ] } },
{ "type": "Feature", "properties": { "BARRIO": "BALMACEDA", "DIA_SEMANA": "Sabado", "TIPO_DIA": "Semana", "TRAMO_HORA": "10 A 12 HRS", "MES": "febrero", "ZONA_1": "NORPONIENTE", "AÑO": 2025 }, "geometry": { "type": "Point", "coordinates": [ -70.668937, -33.436026 ] } },
{ "type": "Feature", "properties": { "BARRIO": "YUNGAY", "DIA_SEMANA": "Sabado", "TIPO_DIA": "Semana", "TRAMO_HORA": "10 A 12 HRS", "MES": "febrero", "ZONA_1": "NORPONIENTE", "AÑO": 2025 }, "geometry": { "type": "Point", "coordinates": [ -70.679925, -33.440408 ] } },
{ "type": "Feature", "properties": { "BARRIO": "CENTRO HISTORICO", "DIA_SEMANA": "Sabado", "TIPO_DIA": "Semana", "TRAMO_HORA": "14 A 16 HRS", "MES": "febrero", "ZONA_1": "NORORIENTE", "AÑO": 2025 }, "geometry": { "type": "Point", "coordinates": [ -70.651427, -33.437342 ] } },
{ "type": "Feature", "properties": { "BARRIO": "SANTA ISABEL", "DIA_SEMANA": "Sabado", "TIPO_DIA": "Semana", "TRAMO_HORA": "18 A 20 HRS", "MES": "febrero", "ZONA_1": "CENTRORIENTE", "AÑO": 2025 }, "geometry": { "type": "Point", "coordinates": [ -70.636823, -33.449914 ] } },
{ "type": "Feature", "properties": { "BARRIO": "MATTA SUR", "DIA_SEMANA": "Sabado", "TIPO_DIA": "Semana", "TRAMO_HORA": "18 A 20 HRS", "MES": "febrero", "ZONA_1": "SURORIENTE", "AÑO": 2025 }, "geometry": { "type": "Point", "coordinates": [ -70.648916, -33.46255 ] } },
{ "type": "Feature", "properties": { "BARRIO": "PARQUE ALMAGRO", "DIA_SEMANA": "Sabado", "TIPO_DIA": "Semana", "TRAMO_HORA": "18 A 20 HRS", "MES": "febrero", "ZONA_1": "CENTRORIENTE", "AÑO": 2025 }, "geometry": { "type": "Point", "coordinates": [ -70.652753, -33.448676 ] } },
{ "type": "Feature", "properties": { "BARRIO": "SANTA LUCIA FORESTAL", "DIA_SEMANA": "Sabado", "TIPO_DIA": "Semana", "TRAMO_HORA": "20 A 22 HRS", "MES": "febrero", "ZONA_1": "NORORIENTE", "AÑO": 2025 }, "geometry": { "type": "Point", "coordinates": [ -70.64102, -33.439301 ] } },
{ "type": "Feature", "properties": { "BARRIO": "SIERRA BELLA", "DIA_SEMANA": "Sabado", "TIPO_DIA": "Semana", "TRAMO_HORA": "20 A 22 HRS", "MES": "febrero", "ZONA_1": "SURORIENTE", "AÑO": 2025 }, "geometry": { "type": "Point", "coordinates": [ -70.62646, -33.467387 ] } },
{ "type": "Feature", "properties": { "BARRIO": "SANTA ANA", "DIA_SEMANA": "Sabado", "TIPO_DIA": "Semana", "TRAMO_HORA": "20 A 22 HRS", "MES": "febrero", "ZONA_1": "NORORIENTE", "AÑO": 2025 }, "geometry": { "type": "Point", "coordinates": [ -70.658466, -33.433813 ] } },
{ "type": "Feature", "properties": { "BARRIO": "DIEZ DE JULIO", "DIA_SEMANA": "Sabado", "TIPO_DIA": "Semana", "TRAMO_HORA": "20 A 22 HRS", "MES": "febrero", "ZONA_1": "CENTRORIENTE", "AÑO": 2025 }, "geometry": { "type": "Point", "coordinates": [ -70.634294, -33.452686 ] } },
{ "type": "Feature", "properties": { "BARRIO": "BOGOTA", "DIA_SEMANA": "Sabado", "TIPO_DIA": "Semana", "TRAMO_HORA": "22 A 00 HRS", "MES": "febrero", "ZONA_1": "SURORIENTE", "AÑO": 2025 }, "geometry": { "type": "Point", "coordinates": [ -70.643557, -33.465091 ] } },
{ "type": "Feature", "properties": { "BARRIO": "SANTA ISABEL", "DIA_SEMANA": "Sabado", "TIPO_DIA": "Semana", "TRAMO_HORA": "22 A 00 HRS", "MES": "febrero", "ZONA_1": "CENTRORIENTE", "AÑO": 2025 }, "geometry": { "type": "Point", "coordinates": [ -70.634279, -33.452739 ] } },
{ "type": "Feature", "properties": { "BARRIO": "SANTA LUCIA FORESTAL", "DIA_SEMANA": "Sabado", "TIPO_DIA": "Semana", "TRAMO_HORA": "22 A 00 HRS", "MES": "febrero", "ZONA_1": "NORORIENTE", "AÑO": 2025 }, "geometry": { "type": "Point", "coordinates": [ -70.641672, -33.436399 ] } },
{ "type": "Feature", "properties": { "BARRIO": "DIEZ DE JULIO", "DIA_SEMANA": "Sabado", "TIPO_DIA": "Semana", "TRAMO_HORA": "22 A 00 HRS", "MES": "febrero", "ZONA_1": "CENTRORIENTE", "AÑO": 2025 }, "geometry": { "type": "Point", "coordinates": [ -70.629934, -33.455389 ] } },
{ "type": "Feature", "properties": { "BARRIO": "DIEZ DE JULIO", "DIA_SEMANA": "Sabado", "TIPO_DIA": "Semana", "TRAMO_HORA": "22 A 00 HRS", "MES": "febrero", "ZONA_1": "CENTRORIENTE", "AÑO": 2025 }, "geometry": { "type": "Point", "coordinates": [ -70.634191, -33.452786 ] } },
{ "type": "Feature", "properties": { "BARRIO": "SAN BORJA", "DIA_SEMANA": "Domingo", "TIPO_DIA": "Semana", "TRAMO_HORA": "08 A 10 HRS", "MES": "febrero", "ZONA_1": "CENTRORIENTE", "AÑO": 2025 }, "geometry": { "type": "Point", "coordinates": [ -70.654816, -33.455682 ] } },
{ "type": "Feature", "properties": { "BARRIO": "SAN EUGENIO", "DIA_SEMANA": "Domingo", "TIPO_DIA": "Semana", "TRAMO_HORA": "10 A 12 HRS", "MES": "febrero", "ZONA_1": "SURPONIENTE", "AÑO": 2025 }, "geometry": { "type": "Point", "coordinates": [ -70.6768, -33.450495 ] } },
{ "type": "Feature", "properties": { "BARRIO": "HUEMUL", "DIA_SEMANA": "Domingo", "TIPO_DIA": "Semana", "TRAMO_HORA": "10 A 12 HRS", "MES": "febrero", "ZONA_1": "SURORIENTE", "AÑO": 2025 }, "geometry": { "type": "Point", "coordinates": [ -70.643388, -33.463144 ] } },
{ "type": "Feature", "properties": { "BARRIO": "HUEMUL", "DIA_SEMANA": "Domingo", "TIPO_DIA": "Semana", "TRAMO_HORA": "12 A 14 HRS", "MES": "febrero", "ZONA_1": "SURORIENTE", "AÑO": 2025 }, "geometry": { "type": "Point", "coordinates": [ -70.649105, -33.475702 ] } },
{ "type": "Feature", "properties": { "BARRIO": "PARQUE ALMAGRO", "DIA_SEMANA": "Domingo", "TIPO_DIA": "Semana", "TRAMO_HORA": "12 A 14 HRS", "MES": "febrero", "ZONA_1": "CENTRORIENTE", "AÑO": 2025 }, "geometry": { "type": "Point", "coordinates": [ -70.648799, -33.447066 ] } },
{ "type": "Feature", "properties": { "BARRIO": "FRANKLIN", "DIA_SEMANA": "Domingo", "TIPO_DIA": "Semana", "TRAMO_HORA": "12 A 14 HRS", "MES": "febrero", "ZONA_1": "SURORIENTE", "AÑO": 2025 }, "geometry": { "type": "Point", "coordinates": [ -70.646533, -33.473153 ] } },
{ "type": "Feature", "properties": { "BARRIO": "FRANKLIN", "DIA_SEMANA": "Domingo", "TIPO_DIA": "Semana", "TRAMO_HORA": "14 A 16 HRS", "MES": "febrero", "ZONA_1": "SURORIENTE", "AÑO": 2025 }, "geometry": { "type": "Point", "coordinates": [ -70.641988, -33.474743 ] } },
{ "type": "Feature", "properties": { "BARRIO": "YUNGAY", "DIA_SEMANA": "Domingo", "TIPO_DIA": "Semana", "TRAMO_HORA": "14 A 16 HRS", "MES": "febrero", "ZONA_1": "NORPONIENTE", "AÑO": 2025 }, "geometry": { "type": "Point", "coordinates": [ -70.678578, -33.44253 ] } },
{ "type": "Feature", "properties": { "BARRIO": "YUNGAY", "DIA_SEMANA": "Domingo", "TIPO_DIA": "Semana", "TRAMO_HORA": "16 A 18 HRS", "MES": "febrero", "ZONA_1": "NORPONIENTE", "AÑO": 2025 }, "geometry": { "type": "Point", "coordinates": [ -70.678623, -33.442444 ] } },
{ "type": "Feature", "properties": { "BARRIO": "YUNGAY", "DIA_SEMANA": "Domingo", "TIPO_DIA": "Semana", "TRAMO_HORA": "18 A 20 HRS", "MES": "febrero", "ZONA_1": "NORPONIENTE", "AÑO": 2025 }, "geometry": { "type": "Point", "coordinates": [ -70.678623, -33.442444 ] } },
{ "type": "Feature", "properties": { "BARRIO": "SAN BORJA", "DIA_SEMANA": "Domingo", "TIPO_DIA": "Semana", "TRAMO_HORA": "18 A 20 HRS", "MES": "febrero", "ZONA_1": "NORORIENTE", "AÑO": 2025 }, "geometry": { "type": "Point", "coordinates": [ -70.644909, -33.442684 ] } },
{ "type": "Feature", "properties": { "BARRIO": "DIEZ DE JULIO", "DIA_SEMANA": "Domingo", "TIPO_DIA": "Semana", "TRAMO_HORA": "20 A 22 HRS", "MES": "febrero", "ZONA_1": "CENTRORIENTE", "AÑO": 2025 }, "geometry": { "type": "Point", "coordinates": [ -70.634239, -33.45259 ] } },
{ "type": "Feature", "properties": { "BARRIO": "MATTA SUR", "DIA_SEMANA": "Domingo", "TIPO_DIA": "Semana", "TRAMO_HORA": "20 A 22 HRS", "MES": "febrero", "ZONA_1": null, "AÑO": 2025 }, "geometry": null },
{ "type": "Feature", "properties": { "BARRIO": "SANTA LUCIA FORESTAL", "DIA_SEMANA": "Domingo", "TIPO_DIA": "Semana", "TRAMO_HORA": "22 A 00 HRS", "MES": "febrero", "ZONA_1": "NORORIENTE", "AÑO": 2025 }, "geometry": { "type": "Point", "coordinates": [ -70.64102, -33.439301 ] } },
{ "type": "Feature", "properties": { "BARRIO": "FRANKLIN", "DIA_SEMANA": "Lunes", "TIPO_DIA": "Semana", "TRAMO_HORA": "08 A 10 HRS", "MES": "febrero", "ZONA_1": "SURORIENTE", "AÑO": 2025 }, "geometry": { "type": "Point", "coordinates": [ -70.648351, -33.474374 ] } },
{ "type": "Feature", "properties": { "BARRIO": "MATTA NORTE", "DIA_SEMANA": "Lunes", "TIPO_DIA": "Semana", "TRAMO_HORA": "10 A 12 HRS", "MES": "febrero", "ZONA_1": "CENTRORIENTE", "AÑO": 2025 }, "geometry": { "type": "Point", "coordinates": [ -70.652236, -33.456016 ] } },
{ "type": "Feature", "properties": { "BARRIO": "SAN BORJA", "DIA_SEMANA": "Lunes", "TIPO_DIA": "Semana", "TRAMO_HORA": "10 A 12 HRS", "MES": "febrero", "ZONA_1": "NORORIENTE", "AÑO": 2025 }, "geometry": { "type": "Point", "coordinates": [ -70.644896, -33.44259 ] } },
{ "type": "Feature", "properties": { "BARRIO": "BALMACEDA", "DIA_SEMANA": "Lunes", "TIPO_DIA": "Semana", "TRAMO_HORA": "12 A 14 HRS", "MES": "febrero", "ZONA_1": "NORPONIENTE", "AÑO": 2025 }, "geometry": { "type": "Point", "coordinates": [ -70.668937, -33.436026 ] } },
{ "type": "Feature", "properties": { "BARRIO": "SANTA ANA", "DIA_SEMANA": "Lunes", "TIPO_DIA": "Semana", "TRAMO_HORA": "12 A 14 HRS", "MES": "febrero", "ZONA_1": "NORPONIENTE", "AÑO": 2025 }, "geometry": { "type": "Point", "coordinates": [ -70.663657, -33.438095 ] } },
{ "type": "Feature", "properties": { "BARRIO": "CENTRO HISTORICO", "DIA_SEMANA": "Lunes", "TIPO_DIA": "Semana", "TRAMO_HORA": "12 A 14 HRS", "MES": "febrero", "ZONA_1": "NORORIENTE", "AÑO": 2025 }, "geometry": { "type": "Point", "coordinates": [ -70.649045, -33.43942 ] } },
{ "type": "Feature", "properties": { "BARRIO": "SANTA ISABEL", "DIA_SEMANA": "Lunes", "TIPO_DIA": "Semana", "TRAMO_HORA": "14 A 16 HRS", "MES": "febrero", "ZONA_1": "CENTRORIENTE", "AÑO": 2025 }, "geometry": { "type": "Point", "coordinates": [ -70.63473, -33.446985 ] } },
{ "type": "Feature", "properties": { "BARRIO": "CENTRO HISTORICO", "DIA_SEMANA": "Lunes", "TIPO_DIA": "Semana", "TRAMO_HORA": "14 A 16 HRS", "MES": "febrero", "ZONA_1": "NORORIENTE", "AÑO": 2025 }, "geometry": { "type": "Point", "coordinates": [ -70.649017, -33.434128 ] } },
{ "type": "Feature", "properties": { "BARRIO": "BALMACEDA", "DIA_SEMANA": "Lunes", "TIPO_DIA": "Semana", "TRAMO_HORA": "16 A 18 HRS", "MES": "febrero", "ZONA_1": "NORPONIENTE", "AÑO": 2025 }, "geometry": { "type": "Point", "coordinates": [ -70.67836, -33.432796 ] } },
{ "type": "Feature", "properties": { "BARRIO": "SANTA LUCIA FORESTAL", "DIA_SEMANA": "Lunes", "TIPO_DIA": "Semana", "TRAMO_HORA": "16 A 18 HRS", "MES": "febrero", "ZONA_1": "NORORIENTE", "AÑO": 2025 }, "geometry": { "type": "Point", "coordinates": [ -70.64102, -33.439301 ] } },
{ "type": "Feature", "properties": { "BARRIO": "SANTA LUCIA FORESTAL", "DIA_SEMANA": "Lunes", "TIPO_DIA": "Semana", "TRAMO_HORA": "16 A 18 HRS", "MES": "febrero", "ZONA_1": "NORORIENTE", "AÑO": 2025 }, "geometry": { "type": "Point", "coordinates": [ -70.64475, -33.442369 ] } },
{ "type": "Feature", "properties": { "BARRIO": "SANTA LUCIA FORESTAL", "DIA_SEMANA": "Lunes", "TIPO_DIA": "Semana", "TRAMO_HORA": "16 A 18 HRS", "MES": "febrero", "ZONA_1": "NORORIENTE", "AÑO": 2025 }, "geometry": { "type": "Point", "coordinates": [ -70.640898, -33.439472 ] } },
{ "type": "Feature", "properties": { "BARRIO": "SANTA ISABEL", "DIA_SEMANA": "Lunes", "TIPO_DIA": "Semana", "TRAMO_HORA": "16 A 18 HRS", "MES": "febrero", "ZONA_1": "CENTRORIENTE", "AÑO": 2025 }, "geometry": { "type": "Point", "coordinates": [ -70.637483, -33.456063 ] } },
{ "type": "Feature", "properties": { "BARRIO": "PARQUE ALMAGRO", "DIA_SEMANA": "Lunes", "TIPO_DIA": "Semana", "TRAMO_HORA": "18 A 20 HRS", "MES": "febrero", "ZONA_1": "CENTRORIENTE", "AÑO": 2025 }, "geometry": { "type": "Point", "coordinates": [ -70.647043, -33.448508 ] } },
{ "type": "Feature", "properties": { "BARRIO": "DIEZ DE JULIO", "DIA_SEMANA": "Lunes", "TIPO_DIA": "Semana", "TRAMO_HORA": "18 A 20 HRS", "MES": "febrero", "ZONA_1": "CENTRORIENTE", "AÑO": 2025 }, "geometry": { "type": "Point", "coordinates": [ -70.633538, -33.45521 ] } },
{ "type": "Feature", "properties": { "BARRIO": "EJERCITO", "DIA_SEMANA": "Lunes", "TIPO_DIA": "Semana", "TRAMO_HORA": "20 A 22 HRS", "MES": "febrero", "ZONA_1": "SURPONIENTE", "AÑO": 2025 }, "geometry": { "type": "Point", "coordinates": [ -70.665328, -33.451758 ] } },
{ "type": "Feature", "properties": { "BARRIO": "SANTA ANA", "DIA_SEMANA": "Lunes", "TIPO_DIA": "Semana", "TRAMO_HORA": "20 A 22 HRS", "MES": "febrero", "ZONA_1": "NORORIENTE", "AÑO": 2025 }, "geometry": { "type": "Point", "coordinates": [ -70.658892, -33.43329 ] } },
{ "type": "Feature", "properties": { "BARRIO": "SANTA LUCIA FORESTAL", "DIA_SEMANA": "Lunes", "TIPO_DIA": "Semana", "TRAMO_HORA": "20 A 22 HRS", "MES": "febrero", "ZONA_1": "NORORIENTE", "AÑO": 2025 }, "geometry": { "type": "Point", "coordinates": [ -70.641132, -33.439118 ] } },
{ "type": "Feature", "properties": { "BARRIO": "EJERCITO", "DIA_SEMANA": "Lunes", "TIPO_DIA": "Semana", "TRAMO_HORA": "20 A 22 HRS", "MES": "febrero", "ZONA_1": "NORPONIENTE", "AÑO": 2025 }, "geometry": { "type": "Point", "coordinates": [ -70.667873, -33.430487 ] } },
{ "type": "Feature", "properties": { "BARRIO": "EJERCITO", "DIA_SEMANA": "Lunes", "TIPO_DIA": "Semana", "TRAMO_HORA": "20 A 22 HRS", "MES": "febrero", "ZONA_1": "SURPONIENTE", "AÑO": 2025 }, "geometry": { "type": "Point", "coordinates": [ -70.664511, -33.451644 ] } },
{ "type": "Feature", "properties": { "BARRIO": "EJERCITO", "DIA_SEMANA": "Lunes", "TIPO_DIA": "Semana", "TRAMO_HORA": "20 A 22 HRS", "MES": "febrero", "ZONA_1": "SURPONIENTE", "AÑO": 2025 }, "geometry": { "type": "Point", "coordinates": [ -70.664511, -33.451644 ] } },
{ "type": "Feature", "properties": { "BARRIO": "DIEZ DE JULIO", "DIA_SEMANA": "Lunes", "TIPO_DIA": "Semana", "TRAMO_HORA": "22 A 00 HRS", "MES": "febrero", "ZONA_1": "CENTRORIENTE", "AÑO": 2025 }, "geometry": { "type": "Point", "coordinates": [ -70.634182, -33.452692 ] } },
{ "type": "Feature", "properties": { "BARRIO": "SANTA ANA", "DIA_SEMANA": "Lunes", "TIPO_DIA": "Semana", "TRAMO_HORA": "22 A 00 HRS", "MES": "febrero", "ZONA_1": "NORPONIENTE", "AÑO": 2025 }, "geometry": { "type": "Point", "coordinates": [ -70.663644, -33.437426 ] } },
{ "type": "Feature", "properties": { "BARRIO": "CENTRO HISTORICO", "DIA_SEMANA": "Martes", "TIPO_DIA": "Semana", "TRAMO_HORA": "08 A 10 HRS", "MES": "febrero", "ZONA_1": "NORORIENTE", "AÑO": 2025 }, "geometry": { "type": "Point", "coordinates": [ -70.647993, -33.439315 ] } },
{ "type": "Feature", "properties": { "BARRIO": "YUNGAY", "DIA_SEMANA": "Martes", "TIPO_DIA": "Semana", "TRAMO_HORA": "10 A 12 HRS", "MES": "febrero", "ZONA_1": "NORPONIENTE", "AÑO": 2025 }, "geometry": { "type": "Point", "coordinates": [ -70.67971, -33.443448 ] } },
{ "type": "Feature", "properties": { "BARRIO": "MATTA SUR", "DIA_SEMANA": "Martes", "TIPO_DIA": "Semana", "TRAMO_HORA": "12 A 14 HRS", "MES": "febrero", "ZONA_1": "NORPONIENTE", "AÑO": 2025 }, "geometry": { "type": "Point", "coordinates": [ -70.668178, -33.439089 ] } },
{ "type": "Feature", "properties": { "BARRIO": "DIEZ DE JULIO", "DIA_SEMANA": "Martes", "TIPO_DIA": "Semana", "TRAMO_HORA": "12 A 14 HRS", "MES": "febrero", "ZONA_1": "CENTRORIENTE", "AÑO": 2025 }, "geometry": { "type": "Point", "coordinates": [ -70.638788, -33.451611 ] } },
{ "type": "Feature", "properties": { "BARRIO": "MATTA SUR", "DIA_SEMANA": "Martes", "TIPO_DIA": "Semana", "TRAMO_HORA": "12 A 14 HRS", "MES": "febrero", "ZONA_1": "SURORIENTE", "AÑO": 2025 }, "geometry": { "type": "Point", "coordinates": [ -70.629278, -33.457708 ] } },
{ "type": "Feature", "properties": { "BARRIO": "SANTA LUCIA FORESTAL", "DIA_SEMANA": "Martes", "TIPO_DIA": "Semana", "TRAMO_HORA": "14 A 16 HRS", "MES": "febrero", "ZONA_1": "NORORIENTE", "AÑO": 2025 }, "geometry": { "type": "Point", "coordinates": [ -70.64102, -33.439301 ] } },
{ "type": "Feature", "properties": { "BARRIO": "MATTA SUR", "DIA_SEMANA": "Martes", "TIPO_DIA": "Semana", "TRAMO_HORA": "14 A 16 HRS", "MES": "febrero", "ZONA_1": "SURORIENTE", "AÑO": 2025 }, "geometry": { "type": "Point", "coordinates": [ -70.650131, -33.461177 ] } },
{ "type": "Feature", "properties": { "BARRIO": "YUNGAY", "DIA_SEMANA": "Martes", "TIPO_DIA": "Semana", "TRAMO_HORA": "14 A 16 HRS", "MES": "febrero", "ZONA_1": "NORPONIENTE", "AÑO": 2025 }, "geometry": { "type": "Point", "coordinates": [ -70.670639, -33.446985 ] } },
{ "type": "Feature", "properties": { "BARRIO": "EJERCITO", "DIA_SEMANA": "Martes", "TIPO_DIA": "Semana", "TRAMO_HORA": "14 A 16 HRS", "MES": "febrero", "ZONA_1": "SURPONIENTE", "AÑO": 2025 }, "geometry": { "type": "Point", "coordinates": [ -70.670045, -33.450576 ] } },
{ "type": "Feature", "properties": { "BARRIO": "CLUB HIPICO", "DIA_SEMANA": "Martes", "TIPO_DIA": "Semana", "TRAMO_HORA": "16 A 18 HRS", "MES": "febrero", "ZONA_1": "SURPONIENTE", "AÑO": 2025 }, "geometry": { "type": "Point", "coordinates": [ -70.656982, -33.470152 ] } },
{ "type": "Feature", "properties": { "BARRIO": "SANTA ISABEL", "DIA_SEMANA": "Martes", "TIPO_DIA": "Semana", "TRAMO_HORA": "16 A 18 HRS", "MES": "febrero", "ZONA_1": "CENTRORIENTE", "AÑO": 2025 }, "geometry": { "type": "Point", "coordinates": [ -70.640504, -33.449588 ] } },
{ "type": "Feature", "properties": { "BARRIO": "BALMACEDA", "DIA_SEMANA": "Martes", "TIPO_DIA": "Semana", "TRAMO_HORA": "16 A 18 HRS", "MES": "febrero", "ZONA_1": "NORPONIENTE", "AÑO": 2025 }, "geometry": { "type": "Point", "coordinates": [ -70.668937, -33.436026 ] } },
{ "type": "Feature", "properties": { "BARRIO": "DIEZ DE JULIO", "DIA_SEMANA": "Martes", "TIPO_DIA": "Semana", "TRAMO_HORA": "18 A 20 HRS", "MES": "febrero", "ZONA_1": "CENTRORIENTE", "AÑO": 2025 }, "geometry": { "type": "Point", "coordinates": [ -70.639528, -33.457543 ] } },
{ "type": "Feature", "properties": { "BARRIO": "PARQUE ALMAGRO", "DIA_SEMANA": "Martes", "TIPO_DIA": "Semana", "TRAMO_HORA": "18 A 20 HRS", "MES": "febrero", "ZONA_1": "CENTRORIENTE", "AÑO": 2025 }, "geometry": { "type": "Point", "coordinates": [ -70.652244, -33.451372 ] } },
{ "type": "Feature", "properties": { "BARRIO": "BALMACEDA", "DIA_SEMANA": "Martes", "TIPO_DIA": "Semana", "TRAMO_HORA": "18 A 20 HRS", "MES": "febrero", "ZONA_1": "NORPONIENTE", "AÑO": 2025 }, "geometry": { "type": "Point", "coordinates": [ -70.67836, -33.432796 ] } },
{ "type": "Feature", "properties": { "BARRIO": "PARQUE ALMAGRO", "DIA_SEMANA": "Martes", "TIPO_DIA": "Semana", "TRAMO_HORA": "18 A 20 HRS", "MES": "febrero", "ZONA_1": "CENTRORIENTE", "AÑO": 2025 }, "geometry": { "type": "Point", "coordinates": [ -70.652753, -33.448676 ] } },
{ "type": "Feature", "properties": { "BARRIO": "SIERRA BELLA", "DIA_SEMANA": "Martes", "TIPO_DIA": "Semana", "TRAMO_HORA": "18 A 20 HRS", "MES": "febrero", "ZONA_1": "SURORIENTE", "AÑO": 2025 }, "geometry": { "type": "Point", "coordinates": [ -70.62646, -33.467387 ] } },
{ "type": "Feature", "properties": { "BARRIO": "PARQUE ALMAGRO", "DIA_SEMANA": "Martes", "TIPO_DIA": "Semana", "TRAMO_HORA": "18 A 20 HRS", "MES": "febrero", "ZONA_1": "CENTRORIENTE", "AÑO": 2025 }, "geometry": { "type": "Point", "coordinates": [ -70.646994, -33.448784 ] } },
{ "type": "Feature", "properties": { "BARRIO": "SAN BORJA", "DIA_SEMANA": "Martes", "TIPO_DIA": "Semana", "TRAMO_HORA": "18 A 20 HRS", "MES": "febrero", "ZONA_1": "NORORIENTE", "AÑO": 2025 }, "geometry": { "type": "Point", "coordinates": [ -70.645015, -33.443033 ] } },
{ "type": "Feature", "properties": { "BARRIO": "SANTA LUCIA FORESTAL", "DIA_SEMANA": "Martes", "TIPO_DIA": "Semana", "TRAMO_HORA": "18 A 20 HRS", "MES": "febrero", "ZONA_1": "NORORIENTE", "AÑO": 2025 }, "geometry": { "type": "Point", "coordinates": [ -70.635537, -33.437414 ] } },
{ "type": "Feature", "properties": { "BARRIO": "VIEL", "DIA_SEMANA": "Martes", "TIPO_DIA": "Semana", "TRAMO_HORA": "20 A 22 HRS", "MES": "febrero", "ZONA_1": "SURORIENTE", "AÑO": 2025 }, "geometry": { "type": "Point", "coordinates": [ -70.652869, -33.464177 ] } },
{ "type": "Feature", "properties": { "BARRIO": "SANTA LUCIA FORESTAL", "DIA_SEMANA": "Martes", "TIPO_DIA": "Semana", "TRAMO_HORA": "20 A 22 HRS", "MES": "febrero", "ZONA_1": "NORORIENTE", "AÑO": 2025 }, "geometry": { "type": "Point", "coordinates": [ -70.641058, -33.437691 ] } },
{ "type": "Feature", "properties": { "BARRIO": "PARQUE ALMAGRO", "DIA_SEMANA": "Martes", "TIPO_DIA": "Semana", "TRAMO_HORA": "20 A 22 HRS", "MES": "febrero", "ZONA_1": "CENTRORIENTE", "AÑO": 2025 }, "geometry": { "type": "Point", "coordinates": [ -70.655713, -33.450968 ] } },
{ "type": "Feature", "properties": { "BARRIO": "CENTRO HISTORICO", "DIA_SEMANA": "Martes", "TIPO_DIA": "Semana", "TRAMO_HORA": "20 A 22 HRS", "MES": "febrero", "ZONA_1": "NORORIENTE", "AÑO": 2025 }, "geometry": { "type": "Point", "coordinates": [ -70.657332, -33.434474 ] } },
{ "type": "Feature", "properties": { "BARRIO": "DIEZ DE JULIO", "DIA_SEMANA": "Martes", "TIPO_DIA": "Semana", "TRAMO_HORA": "20 A 22 HRS", "MES": "febrero", "ZONA_1": "CENTRORIENTE", "AÑO": 2025 }, "geometry": { "type": "Point", "coordinates": [ -70.634252, -33.452535 ] } },
{ "type": "Feature", "properties": { "BARRIO": "PARQUE ALMAGRO", "DIA_SEMANA": "Martes", "TIPO_DIA": "Semana", "TRAMO_HORA": "20 A 22 HRS", "MES": "febrero", "ZONA_1": "CENTRORIENTE", "AÑO": 2025 }, "geometry": { "type": "Point", "coordinates": [ -70.649204, -33.449864 ] } },
{ "type": "Feature", "properties": { "BARRIO": "MATTA NORTE", "DIA_SEMANA": "Martes", "TIPO_DIA": "Semana", "TRAMO_HORA": "22 A 00 HRS", "MES": "febrero", "ZONA_1": "CENTRORIENTE", "AÑO": 2025 }, "geometry": { "type": "Point", "coordinates": [ -70.645866, -33.450818 ] } },
{ "type": "Feature", "properties": { "BARRIO": "SANTA LUCIA FORESTAL", "DIA_SEMANA": "Miercoles", "TIPO_DIA": "Semana", "TRAMO_HORA": "08 A 10 HRS", "MES": "febrero", "ZONA_1": "NORORIENTE", "AÑO": 2025 }, "geometry": { "type": "Point", "coordinates": [ -70.651341, -33.43316 ] } },
{ "type": "Feature", "properties": { "BARRIO": "FRANKLIN", "DIA_SEMANA": "Miercoles", "TIPO_DIA": "Semana", "TRAMO_HORA": "08 A 10 HRS", "MES": "febrero", "ZONA_1": "SURORIENTE", "AÑO": 2025 }, "geometry": { "type": "Point", "coordinates": [ -70.643912, -33.473005 ] } },
{ "type": "Feature", "properties": { "BARRIO": "CENTRO HISTORICO", "DIA_SEMANA": "Miercoles", "TIPO_DIA": "Semana", "TRAMO_HORA": "08 A 10 HRS", "MES": "febrero", "ZONA_1": "NORORIENTE", "AÑO": 2025 }, "geometry": { "type": "Point", "coordinates": [ -70.648169, -33.439358 ] } },
{ "type": "Feature", "properties": { "BARRIO": "FRANKLIN", "DIA_SEMANA": "Miercoles", "TIPO_DIA": "Semana", "TRAMO_HORA": "10 A 12 HRS", "MES": "febrero", "ZONA_1": "SURORIENTE", "AÑO": 2025 }, "geometry": { "type": "Point", "coordinates": [ -70.643912, -33.473005 ] } },
{ "type": "Feature", "properties": { "BARRIO": "PARQUE ALMAGRO", "DIA_SEMANA": "Miercoles", "TIPO_DIA": "Semana", "TRAMO_HORA": "10 A 12 HRS", "MES": "febrero", "ZONA_1": "SURORIENTE", "AÑO": 2025 }, "geometry": { "type": "Point", "coordinates": [ -70.647927, -33.463976 ] } },
{ "type": "Feature", "properties": { "BARRIO": "BALMACEDA", "DIA_SEMANA": "Miercoles", "TIPO_DIA": "Semana", "TRAMO_HORA": "10 A 12 HRS", "MES": "febrero", "ZONA_1": "NORPONIENTE", "AÑO": 2025 }, "geometry": { "type": "Point", "coordinates": [ -70.668937, -33.436026 ] } },
{ "type": "Feature", "properties": { "BARRIO": "SANTA ISABEL", "DIA_SEMANA": "Miercoles", "TIPO_DIA": "Semana", "TRAMO_HORA": "12 A 14 HRS", "MES": "febrero", "ZONA_1": "CENTRORIENTE", "AÑO": 2025 }, "geometry": { "type": "Point", "coordinates": [ -70.640504, -33.449588 ] } },
{ "type": "Feature", "properties": { "BARRIO": "SANTA ANA", "DIA_SEMANA": "Miercoles", "TIPO_DIA": "Semana", "TRAMO_HORA": "12 A 14 HRS", "MES": "febrero", "ZONA_1": "NORORIENTE", "AÑO": 2025 }, "geometry": { "type": "Point", "coordinates": [ -70.657053, -33.440275 ] } },
{ "type": "Feature", "properties": { "BARRIO": "MATTA NORTE", "DIA_SEMANA": "Miercoles", "TIPO_DIA": "Semana", "TRAMO_HORA": "12 A 14 HRS", "MES": "febrero", "ZONA_1": "SURORIENTE", "AÑO": 2025 }, "geometry": { "type": "Point", "coordinates": [ -70.643736, -33.469247 ] } },
{ "type": "Feature", "properties": { "BARRIO": "CENTRO HISTORICO", "DIA_SEMANA": "Miercoles", "TIPO_DIA": "Semana", "TRAMO_HORA": "12 A 14 HRS", "MES": "febrero", "ZONA_1": "NORORIENTE", "AÑO": 2025 }, "geometry": { "type": "Point", "coordinates": [ -70.650378, -33.443515 ] } },
{ "type": "Feature", "properties": { "BARRIO": "MEIGGS", "DIA_SEMANA": "Miercoles", "TIPO_DIA": "Semana", "TRAMO_HORA": "12 A 14 HRS", "MES": "febrero", "ZONA_1": "SURPONIENTE", "AÑO": 2025 }, "geometry": { "type": "Point", "coordinates": [ -70.671882, -33.452041 ] } },
{ "type": "Feature", "properties": { "BARRIO": "SANTA ISABEL", "DIA_SEMANA": "Miercoles", "TIPO_DIA": "Semana", "TRAMO_HORA": "12 A 14 HRS", "MES": "febrero", "ZONA_1": "CENTRORIENTE", "AÑO": 2025 }, "geometry": { "type": "Point", "coordinates": [ -70.640504, -33.449588 ] } },
{ "type": "Feature", "properties": { "BARRIO": "BARRIO UNIVERSITARIO", "DIA_SEMANA": "Miercoles", "TIPO_DIA": "Semana", "TRAMO_HORA": "12 A 14 HRS", "MES": "febrero", "ZONA_1": "SURPONIENTE", "AÑO": 2025 }, "geometry": { "type": "Point", "coordinates": [ -70.672494, -33.452208 ] } },
{ "type": "Feature", "properties": { "BARRIO": "BARRIO UNIVERSITARIO", "DIA_SEMANA": "Miercoles", "TIPO_DIA": "Semana", "TRAMO_HORA": "12 A 14 HRS", "MES": "febrero", "ZONA_1": "SURPONIENTE", "AÑO": 2025 }, "geometry": { "type": "Point", "coordinates": [ -70.672494, -33.452208 ] } },
{ "type": "Feature", "properties": { "BARRIO": "SANTA LUCIA FORESTAL", "DIA_SEMANA": "Miercoles", "TIPO_DIA": "Semana", "TRAMO_HORA": "12 A 14 HRS", "MES": "febrero", "ZONA_1": "NORORIENTE", "AÑO": 2025 }, "geometry": { "type": "Point", "coordinates": [ -70.645597, -33.435589 ] } },
{ "type": "Feature", "properties": { "BARRIO": "SANTA ANA", "DIA_SEMANA": "Miercoles", "TIPO_DIA": "Semana", "TRAMO_HORA": "12 A 14 HRS", "MES": "febrero", "ZONA_1": "NORORIENTE", "AÑO": 2025 }, "geometry": { "type": "Point", "coordinates": [ -70.658892, -33.439248 ] } },
{ "type": "Feature", "properties": { "BARRIO": "FRANKLIN", "DIA_SEMANA": "Miercoles", "TIPO_DIA": "Semana", "TRAMO_HORA": "14 A 16 HRS", "MES": "febrero", "ZONA_1": "SURORIENTE", "AÑO": 2025 }, "geometry": { "type": "Point", "coordinates": [ -70.643912, -33.473005 ] } },
{ "type": "Feature", "properties": { "BARRIO": "SANTA LUCIA FORESTAL", "DIA_SEMANA": "Miercoles", "TIPO_DIA": "Semana", "TRAMO_HORA": "16 A 18 HRS", "MES": "febrero", "ZONA_1": "NORORIENTE", "AÑO": 2025 }, "geometry": { "type": "Point", "coordinates": [ -70.641118, -33.438939 ] } },
{ "type": "Feature", "properties": { "BARRIO": "SANTA LUCIA FORESTAL", "DIA_SEMANA": "Miercoles", "TIPO_DIA": "Semana", "TRAMO_HORA": "16 A 18 HRS", "MES": "febrero", "ZONA_1": "NORORIENTE", "AÑO": 2025 }, "geometry": { "type": "Point", "coordinates": [ -70.640693, -33.439387 ] } },
{ "type": "Feature", "properties": { "BARRIO": "MATTA NORTE", "DIA_SEMANA": "Miercoles", "TIPO_DIA": "Semana", "TRAMO_HORA": "18 A 20 HRS", "MES": "febrero", "ZONA_1": "NORORIENTE", "AÑO": 2025 }, "geometry": { "type": "Point", "coordinates": [ -70.646017, -33.443481 ] } },
{ "type": "Feature", "properties": { "BARRIO": "SANTA LUCIA FORESTAL", "DIA_SEMANA": "Miercoles", "TIPO_DIA": "Semana", "TRAMO_HORA": "18 A 20 HRS", "MES": "febrero", "ZONA_1": "NORORIENTE", "AÑO": 2025 }, "geometry": { "type": "Point", "coordinates": [ -70.64102, -33.439301 ] } },
{ "type": "Feature", "properties": { "BARRIO": "PARQUE ALMAGRO", "DIA_SEMANA": "Miercoles", "TIPO_DIA": "Semana", "TRAMO_HORA": "18 A 20 HRS", "MES": "febrero", "ZONA_1": "CENTRORIENTE", "AÑO": 2025 }, "geometry": { "type": "Point", "coordinates": [ -70.652544, -33.449756 ] } },
{ "type": "Feature", "properties": { "BARRIO": "SANTA LUCIA FORESTAL", "DIA_SEMANA": "Miercoles", "TIPO_DIA": "Semana", "TRAMO_HORA": "18 A 20 HRS", "MES": "febrero", "ZONA_1": "NORORIENTE", "AÑO": 2025 }, "geometry": { "type": "Point", "coordinates": [ -70.635537, -33.437414 ] } },
{ "type": "Feature", "properties": { "BARRIO": "SAN BORJA", "DIA_SEMANA": "Miercoles", "TIPO_DIA": "Semana", "TRAMO_HORA": "20 A 22 HRS", "MES": "febrero", "ZONA_1": "NORORIENTE", "AÑO": 2025 }, "geometry": { "type": "Point", "coordinates": [ -70.64438, -33.444733 ] } },
{ "type": "Feature", "properties": { "BARRIO": "PARQUE ALMAGRO", "DIA_SEMANA": "Miercoles", "TIPO_DIA": "Semana", "TRAMO_HORA": "20 A 22 HRS", "MES": "febrero", "ZONA_1": "CENTRORIENTE", "AÑO": 2025 }, "geometry": { "type": "Point", "coordinates": [ -70.653888, -33.455345 ] } },
{ "type": "Feature", "properties": { "BARRIO": "SAN BORJA", "DIA_SEMANA": "Jueves", "TIPO_DIA": "Semana", "TRAMO_HORA": "08 A 10 HRS", "MES": "febrero", "ZONA_1": "NORORIENTE", "AÑO": 2025 }, "geometry": { "type": "Point", "coordinates": [ -70.644596, -33.443615 ] } },
{ "type": "Feature", "properties": { "BARRIO": "PARQUE ALMAGRO", "DIA_SEMANA": "Jueves", "TIPO_DIA": "Semana", "TRAMO_HORA": "08 A 10 HRS", "MES": "febrero", "ZONA_1": "CENTRORIENTE", "AÑO": 2025 }, "geometry": { "type": "Point", "coordinates": [ -70.649554, -33.443729 ] } },
{ "type": "Feature", "properties": { "BARRIO": "EJERCITO", "DIA_SEMANA": "Jueves", "TIPO_DIA": "Semana", "TRAMO_HORA": "08 A 10 HRS", "MES": "febrero", "ZONA_1": "SURPONIENTE", "AÑO": 2025 }, "geometry": { "type": "Point", "coordinates": [ -70.666793, -33.455551 ] } },
{ "type": "Feature", "properties": { "BARRIO": "CENTRO HISTORICO", "DIA_SEMANA": "Jueves", "TIPO_DIA": "Semana", "TRAMO_HORA": "08 A 10 HRS", "MES": "febrero", "ZONA_1": "NORORIENTE", "AÑO": 2025 }, "geometry": { "type": "Point", "coordinates": [ -70.648169, -33.439358 ] } },
{ "type": "Feature", "properties": { "BARRIO": "SAN VICENTE", "DIA_SEMANA": "Jueves", "TIPO_DIA": "Semana", "TRAMO_HORA": "10 A 12 HRS", "MES": "febrero", "ZONA_1": "SURPONIENTE", "AÑO": 2025 }, "geometry": { "type": "Point", "coordinates": [ -70.67777, -33.46665 ] } },
{ "type": "Feature", "properties": { "BARRIO": "SANTA ISABEL", "DIA_SEMANA": "Jueves", "TIPO_DIA": "Semana", "TRAMO_HORA": "12 A 14 HRS", "MES": "febrero", "ZONA_1": "CENTRORIENTE", "AÑO": 2025 }, "geometry": { "type": "Point", "coordinates": [ -70.640504, -33.449588 ] } },
{ "type": "Feature", "properties": { "BARRIO": "BOGOTA", "DIA_SEMANA": "Jueves", "TIPO_DIA": "Semana", "TRAMO_HORA": "12 A 14 HRS", "MES": "febrero", "ZONA_1": "SURORIENTE", "AÑO": 2025 }, "geometry": { "type": "Point", "coordinates": [ -70.643736, -33.469247 ] } },
{ "type": "Feature", "properties": { "BARRIO": "PARQUE ALMAGRO", "DIA_SEMANA": "Jueves", "TIPO_DIA": "Semana", "TRAMO_HORA": "14 A 16 HRS", "MES": "febrero", "ZONA_1": "CENTRORIENTE", "AÑO": 2025 }, "geometry": { "type": "Point", "coordinates": [ -70.650586, -33.451145 ] } },
{ "type": "Feature", "properties": { "BARRIO": "SAN BORJA", "DIA_SEMANA": "Jueves", "TIPO_DIA": "Semana", "TRAMO_HORA": "16 A 18 HRS", "MES": "febrero", "ZONA_1": "NORORIENTE", "AÑO": 2025 }, "geometry": { "type": "Point", "coordinates": [ -70.644878, -33.442805 ] } },
{ "type": "Feature", "properties": { "BARRIO": "SANTA ANA", "DIA_SEMANA": "Jueves", "TIPO_DIA": "Semana", "TRAMO_HORA": "16 A 18 HRS", "MES": "febrero", "ZONA_1": "SURPONIENTE", "AÑO": 2025 }, "geometry": { "type": "Point", "coordinates": [ -70.65704, -33.471214 ] } },
{ "type": "Feature", "properties": { "BARRIO": "DIEZ DE JULIO", "DIA_SEMANA": "Jueves", "TIPO_DIA": "Semana", "TRAMO_HORA": "16 A 18 HRS", "MES": "febrero", "ZONA_1": "CENTRORIENTE", "AÑO": 2025 }, "geometry": { "type": "Point", "coordinates": [ -70.634128, -33.452774 ] } },
{ "type": "Feature", "properties": { "BARRIO": "SANTA LUCIA FORESTAL", "DIA_SEMANA": "Jueves", "TIPO_DIA": "Semana", "TRAMO_HORA": "16 A 18 HRS", "MES": "febrero", "ZONA_1": "NORORIENTE", "AÑO": 2025 }, "geometry": { "type": "Point", "coordinates": [ -70.640693, -33.439387 ] } },
{ "type": "Feature", "properties": { "BARRIO": "YUNGAY", "DIA_SEMANA": "Jueves", "TIPO_DIA": "Semana", "TRAMO_HORA": "16 A 18 HRS", "MES": "febrero", "ZONA_1": "NORPONIENTE", "AÑO": 2025 }, "geometry": { "type": "Point", "coordinates": [ -70.677739, -33.444214 ] } },
{ "type": "Feature", "properties": { "BARRIO": "MATTA NORTE", "DIA_SEMANA": "Jueves", "TIPO_DIA": "Semana", "TRAMO_HORA": "18 A 20 HRS", "MES": "febrero", "ZONA_1": "CENTRORIENTE", "AÑO": 2025 }, "geometry": { "type": "Point", "coordinates": [ -70.655713, -33.450968 ] } },
{ "type": "Feature", "properties": { "BARRIO": "PARQUE ALMAGRO", "DIA_SEMANA": "Jueves", "TIPO_DIA": "Semana", "TRAMO_HORA": "18 A 20 HRS", "MES": "febrero", "ZONA_1": "CENTRORIENTE", "AÑO": 2025 }, "geometry": { "type": "Point", "coordinates": [ -70.646931, -33.448513 ] } },
{ "type": "Feature", "properties": { "BARRIO": "SAN BORJA", "DIA_SEMANA": "Jueves", "TIPO_DIA": "Semana", "TRAMO_HORA": "20 A 22 HRS", "MES": "febrero", "ZONA_1": "NORORIENTE", "AÑO": 2025 }, "geometry": { "type": "Point", "coordinates": [ -70.64438, -33.444733 ] } },
{ "type": "Feature", "properties": { "BARRIO": "SANTA LUCIA FORESTAL", "DIA_SEMANA": "Jueves", "TIPO_DIA": "Semana", "TRAMO_HORA": "20 A 22 HRS", "MES": "febrero", "ZONA_1": "NORORIENTE", "AÑO": 2025 }, "geometry": { "type": "Point", "coordinates": [ -70.64102, -33.439301 ] } },
{ "type": "Feature", "properties": { "BARRIO": "MATTA NORTE", "DIA_SEMANA": "Jueves", "TIPO_DIA": "Semana", "TRAMO_HORA": "20 A 22 HRS", "MES": "febrero", "ZONA_1": "CENTRORIENTE", "AÑO": 2025 }, "geometry": { "type": "Point", "coordinates": [ -70.653791, -33.451102 ] } },
{ "type": "Feature", "properties": { "BARRIO": "SANTA ISABEL", "DIA_SEMANA": "Jueves", "TIPO_DIA": "Semana", "TRAMO_HORA": "20 A 22 HRS", "MES": "febrero", "ZONA_1": "CENTRORIENTE", "AÑO": 2025 }, "geometry": { "type": "Point", "coordinates": [ -70.653888, -33.455345 ] } },
{ "type": "Feature", "properties": { "BARRIO": "MATTA NORTE", "DIA_SEMANA": "Jueves", "TIPO_DIA": "Semana", "TRAMO_HORA": "22 A 00 HRS", "MES": "febrero", "ZONA_1": "CENTRORIENTE", "AÑO": 2025 }, "geometry": { "type": "Point", "coordinates": [ -70.648414, -33.453744 ] } },
{ "type": "Feature", "properties": { "BARRIO": "SANTA ANA", "DIA_SEMANA": "Viernes", "TIPO_DIA": "Semana", "TRAMO_HORA": "06 A 08 HRS", "MES": "febrero", "ZONA_1": "NORORIENTE", "AÑO": 2025 }, "geometry": { "type": "Point", "coordinates": [ -70.658394, -33.436967 ] } },
{ "type": "Feature", "properties": { "BARRIO": "SANTA ISABEL", "DIA_SEMANA": "Viernes", "TIPO_DIA": "Semana", "TRAMO_HORA": "08 A 10 HRS", "MES": "febrero", "ZONA_1": "CENTRORIENTE", "AÑO": 2025 }, "geometry": { "type": "Point", "coordinates": [ -70.648911, -33.447059 ] } },
{ "type": "Feature", "properties": { "BARRIO": "CENTRO HISTORICO", "DIA_SEMANA": "Viernes", "TIPO_DIA": "Semana", "TRAMO_HORA": "08 A 10 HRS", "MES": "febrero", "ZONA_1": "NORORIENTE", "AÑO": 2025 }, "geometry": { "type": "Point", "coordinates": [ -70.648169, -33.439358 ] } },
{ "type": "Feature", "properties": { "BARRIO": "VIEL", "DIA_SEMANA": "Viernes", "TIPO_DIA": "Semana", "TRAMO_HORA": "10 A 12 HRS", "MES": "febrero", "ZONA_1": "CENTRORIENTE", "AÑO": 2025 }, "geometry": { "type": "Point", "coordinates": [ -70.647984, -33.455165 ] } },
{ "type": "Feature", "properties": { "BARRIO": "PARQUE ALMAGRO", "DIA_SEMANA": "Viernes", "TIPO_DIA": "Semana", "TRAMO_HORA": "10 A 12 HRS", "MES": "febrero", "ZONA_1": "CENTRORIENTE", "AÑO": 2025 }, "geometry": { "type": "Point", "coordinates": [ -70.642995, -33.450396 ] } },
{ "type": "Feature", "properties": { "BARRIO": "SAN BORJA", "DIA_SEMANA": "Viernes", "TIPO_DIA": "Semana", "TRAMO_HORA": "12 A 14 HRS", "MES": "febrero", "ZONA_1": "NORORIENTE", "AÑO": 2025 }, "geometry": { "type": "Point", "coordinates": [ -70.644011, -33.446191 ] } },
{ "type": "Feature", "properties": { "BARRIO": "EJERCITO", "DIA_SEMANA": "Viernes", "TIPO_DIA": "Semana", "TRAMO_HORA": "12 A 14 HRS", "MES": "febrero", "ZONA_1": "SURPONIENTE", "AÑO": 2025 }, "geometry": { "type": "Point", "coordinates": [ -70.663748, -33.45599 ] } },
{ "type": "Feature", "properties": { "BARRIO": "SAN BORJA", "DIA_SEMANA": "Viernes", "TIPO_DIA": "Semana", "TRAMO_HORA": "12 A 14 HRS", "MES": "febrero", "ZONA_1": "NORORIENTE", "AÑO": 2025 }, "geometry": { "type": "Point", "coordinates": [ -70.644011, -33.446191 ] } },
{ "type": "Feature", "properties": { "BARRIO": "MATTA SUR", "DIA_SEMANA": "Viernes", "TIPO_DIA": "Semana", "TRAMO_HORA": "12 A 14 HRS", "MES": "febrero", "ZONA_1": "SURORIENTE", "AÑO": 2025 }, "geometry": { "type": "Point", "coordinates": [ -70.640056, -33.457798 ] } },
{ "type": "Feature", "properties": { "BARRIO": "MATTA NORTE", "DIA_SEMANA": "Viernes", "TIPO_DIA": "Semana", "TRAMO_HORA": "12 A 14 HRS", "MES": "febrero", "ZONA_1": "CENTRORIENTE", "AÑO": 2025 }, "geometry": { "type": "Point", "coordinates": [ -70.632334, -33.447414 ] } },
{ "type": "Feature", "properties": { "BARRIO": "CENTRO HISTORICO", "DIA_SEMANA": "Viernes", "TIPO_DIA": "Semana", "TRAMO_HORA": "14 A 16 HRS", "MES": "febrero", "ZONA_1": "NORORIENTE", "AÑO": 2025 }, "geometry": { "type": "Point", "coordinates": [ -70.649602, -33.438825 ] } },
{ "type": "Feature", "properties": { "BARRIO": "CENTRO HISTORICO", "DIA_SEMANA": "Viernes", "TIPO_DIA": "Semana", "TRAMO_HORA": "14 A 16 HRS", "MES": "febrero", "ZONA_1": "NORORIENTE", "AÑO": 2025 }, "geometry": { "type": "Point", "coordinates": [ -70.650123, -33.443597 ] } },
{ "type": "Feature", "properties": { "BARRIO": "YUNGAY", "DIA_SEMANA": "Viernes", "TIPO_DIA": "Semana", "TRAMO_HORA": "14 A 16 HRS", "MES": "febrero", "ZONA_1": "NORPONIENTE", "AÑO": 2025 }, "geometry": { "type": "Point", "coordinates": [ -70.678623, -33.442444 ] } },
{ "type": "Feature", "properties": { "BARRIO": "PARQUE ALMAGRO", "DIA_SEMANA": "Viernes", "TIPO_DIA": "Semana", "TRAMO_HORA": "14 A 16 HRS", "MES": "febrero", "ZONA_1": "CENTRORIENTE", "AÑO": 2025 }, "geometry": { "type": "Point", "coordinates": [ -70.654606, -33.450217 ] } },
{ "type": "Feature", "properties": { "BARRIO": "SANTA LUCIA FORESTAL", "DIA_SEMANA": "Viernes", "TIPO_DIA": "Semana", "TRAMO_HORA": "16 A 18 HRS", "MES": "febrero", "ZONA_1": "NORORIENTE", "AÑO": 2025 }, "geometry": { "type": "Point", "coordinates": [ -70.646356, -33.437666 ] } },
{ "type": "Feature", "properties": { "BARRIO": "YUNGAY", "DIA_SEMANA": "Viernes", "TIPO_DIA": "Semana", "TRAMO_HORA": "16 A 18 HRS", "MES": "febrero", "ZONA_1": "NORPONIENTE", "AÑO": 2025 }, "geometry": { "type": "Point", "coordinates": [ -70.678623, -33.442444 ] } },
{ "type": "Feature", "properties": { "BARRIO": "SAN BORJA", "DIA_SEMANA": "Viernes", "TIPO_DIA": "Semana", "TRAMO_HORA": "16 A 18 HRS", "MES": "febrero", "ZONA_1": "NORORIENTE", "AÑO": 2025 }, "geometry": { "type": "Point", "coordinates": [ -70.64438, -33.444733 ] } },
{ "type": "Feature", "properties": { "BARRIO": "CENTRO HISTORICO", "DIA_SEMANA": "Viernes", "TIPO_DIA": "Semana", "TRAMO_HORA": "16 A 18 HRS", "MES": "febrero", "ZONA_1": "NORORIENTE", "AÑO": 2025 }, "geometry": { "type": "Point", "coordinates": [ -70.648699, -33.439387 ] } },
{ "type": "Feature", "properties": { "BARRIO": "SIERRA BELLA", "DIA_SEMANA": "Viernes", "TIPO_DIA": "Semana", "TRAMO_HORA": "18 A 20 HRS", "MES": "febrero", "ZONA_1": "SURORIENTE", "AÑO": 2025 }, "geometry": { "type": "Point", "coordinates": [ -70.626564, -33.467424 ] } },
{ "type": "Feature", "properties": { "BARRIO": "PARQUE ALMAGRO", "DIA_SEMANA": "Viernes", "TIPO_DIA": "Semana", "TRAMO_HORA": "18 A 20 HRS", "MES": "febrero", "ZONA_1": "CENTRORIENTE", "AÑO": 2025 }, "geometry": { "type": "Point", "coordinates": [ -70.653888, -33.455345 ] } },
{ "type": "Feature", "properties": { "BARRIO": "PARQUE ALMAGRO", "DIA_SEMANA": "Viernes", "TIPO_DIA": "Semana", "TRAMO_HORA": "18 A 20 HRS", "MES": "febrero", "ZONA_1": "CENTRORIENTE", "AÑO": 2025 }, "geometry": { "type": "Point", "coordinates": [ -70.653888, -33.455345 ] } },
{ "type": "Feature", "properties": { "BARRIO": "PANAMA", "DIA_SEMANA": "Viernes", "TIPO_DIA": "Semana", "TRAMO_HORA": "18 A 20 HRS", "MES": "febrero", "ZONA_1": "NORPONIENTE", "AÑO": 2025 }, "geometry": { "type": "Point", "coordinates": [ -70.665093, -33.432043 ] } },
{ "type": "Feature", "properties": { "BARRIO": "FRANKLIN", "DIA_SEMANA": "Viernes", "TIPO_DIA": "Semana", "TRAMO_HORA": "18 A 20 HRS", "MES": "febrero", "ZONA_1": "SURORIENTE", "AÑO": 2025 }, "geometry": { "type": "Point", "coordinates": [ -70.648176, -33.475622 ] } },
{ "type": "Feature", "properties": { "BARRIO": "SANTA LUCIA FORESTAL", "DIA_SEMANA": "Viernes", "TIPO_DIA": "Semana", "TRAMO_HORA": "20 A 22 HRS", "MES": "febrero", "ZONA_1": "NORORIENTE", "AÑO": 2025 }, "geometry": { "type": "Point", "coordinates": [ -70.64102, -33.439301 ] } },
{ "type": "Feature", "properties": { "BARRIO": "PARQUE ALMAGRO", "DIA_SEMANA": "Viernes", "TIPO_DIA": "Semana", "TRAMO_HORA": "20 A 22 HRS", "MES": "febrero", "ZONA_1": "CENTRORIENTE", "AÑO": 2025 }, "geometry": { "type": "Point", "coordinates": [ -70.654578, -33.450396 ] } },
{ "type": "Feature", "properties": { "BARRIO": "SAN BORJA", "DIA_SEMANA": "Viernes", "TIPO_DIA": "Semana", "TRAMO_HORA": "20 A 22 HRS", "MES": "febrero", "ZONA_1": "NORORIENTE", "AÑO": 2025 }, "geometry": { "type": "Point", "coordinates": [ -70.640471, -33.445325 ] } },
{ "type": "Feature", "properties": { "BARRIO": "MATTA SUR", "DIA_SEMANA": "Viernes", "TIPO_DIA": "Semana", "TRAMO_HORA": "22 A 00 HRS", "MES": "febrero", "ZONA_1": "SURORIENTE", "AÑO": 2025 }, "geometry": { "type": "Point", "coordinates": [ -70.648916, -33.46255 ] } },
{ "type": "Feature", "properties": { "BARRIO": "BALMACEDA", "DIA_SEMANA": "Viernes", "TIPO_DIA": "Semana", "TRAMO_HORA": "22 A 00 HRS", "MES": "febrero", "ZONA_1": "NORPONIENTE", "AÑO": 2025 }, "geometry": { "type": "Point", "coordinates": [ -70.67631, -33.434308 ] } },
{ "type": "Feature", "properties": { "BARRIO": "SAN BORJA", "DIA_SEMANA": "Viernes", "TIPO_DIA": "Semana", "TRAMO_HORA": "22 A 00 HRS", "MES": "febrero", "ZONA_1": "CENTRORIENTE", "AÑO": 2025 }, "geometry": { "type": "Point", "coordinates": [ -70.634131, -33.445007 ] } },
{ "type": "Feature", "properties": { "BARRIO": "PARQUE ALMAGRO", "DIA_SEMANA": "Viernes", "TIPO_DIA": "Semana", "TRAMO_HORA": "22 A 00 HRS", "MES": "febrero", "ZONA_1": "CENTRORIENTE", "AÑO": 2025 }, "geometry": { "type": "Point", "coordinates": [ -70.649345, -33.444662 ] } },
{ "type": "Feature", "properties": { "BARRIO": "VIEL", "DIA_SEMANA": "Viernes", "TIPO_DIA": "Semana", "TRAMO_HORA": "22 A 00 HRS", "MES": "febrero", "ZONA_1": "SURORIENTE", "AÑO": 2025 }, "geometry": { "type": "Point", "coordinates": [ -70.651114, -33.449653 ] } },
{ "type": "Feature", "properties": { "BARRIO": "SIERRA BELLA", "DIA_SEMANA": "Sabado", "TIPO_DIA": "Semana", "TRAMO_HORA": "10 A 12 HRS", "MES": "febrero", "ZONA_1": "SURORIENTE", "AÑO": 2025 }, "geometry": { "type": "Point", "coordinates": [ -70.643897, -33.463253 ] } },
{ "type": "Feature", "properties": { "BARRIO": "SAN BORJA", "DIA_SEMANA": "Sabado", "TIPO_DIA": "Semana", "TRAMO_HORA": "10 A 12 HRS", "MES": "febrero", "ZONA_1": "NORORIENTE", "AÑO": 2025 }, "geometry": { "type": "Point", "coordinates": [ -70.644648, -33.443419 ] } },
{ "type": "Feature", "properties": { "BARRIO": "BALMACEDA", "DIA_SEMANA": "Sabado", "TIPO_DIA": "Semana", "TRAMO_HORA": "10 A 12 HRS", "MES": "febrero", "ZONA_1": "NORPONIENTE", "AÑO": 2025 }, "geometry": { "type": "Point", "coordinates": [ -70.674615, -33.435661 ] } },
{ "type": "Feature", "properties": { "BARRIO": "FRANKLIN", "DIA_SEMANA": "Sabado", "TIPO_DIA": "Semana", "TRAMO_HORA": "12 A 14 HRS", "MES": "febrero", "ZONA_1": "SURORIENTE", "AÑO": 2025 }, "geometry": { "type": "Point", "coordinates": [ -70.642311, -33.468897 ] } },
{ "type": "Feature", "properties": { "BARRIO": "MEIGGS", "DIA_SEMANA": "Sabado", "TIPO_DIA": "Semana", "TRAMO_HORA": "12 A 14 HRS", "MES": "febrero", "ZONA_1": "SURPONIENTE", "AÑO": 2025 }, "geometry": { "type": "Point", "coordinates": [ -70.671882, -33.452041 ] } },
{ "type": "Feature", "properties": { "BARRIO": "YUNGAY", "DIA_SEMANA": "Sabado", "TIPO_DIA": "Semana", "TRAMO_HORA": "12 A 14 HRS", "MES": "febrero", "ZONA_1": "SURPONIENTE", "AÑO": 2025 }, "geometry": { "type": "Point", "coordinates": [ -70.677379, -33.451466 ] } },
{ "type": "Feature", "properties": { "BARRIO": "SAN BORJA", "DIA_SEMANA": "Sabado", "TIPO_DIA": "Semana", "TRAMO_HORA": "14 A 16 HRS", "MES": "febrero", "ZONA_1": "NORORIENTE", "AÑO": 2025 }, "geometry": { "type": "Point", "coordinates": [ -70.644011, -33.446191 ] } },
{ "type": "Feature", "properties": { "BARRIO": "YUNGAY", "DIA_SEMANA": "Sabado", "TIPO_DIA": "Semana", "TRAMO_HORA": "14 A 16 HRS", "MES": "febrero", "ZONA_1": "NORPONIENTE", "AÑO": 2025 }, "geometry": { "type": "Point", "coordinates": [ -70.678623, -33.442444 ] } },
{ "type": "Feature", "properties": { "BARRIO": "FRANKLIN", "DIA_SEMANA": "Sabado", "TIPO_DIA": "Semana", "TRAMO_HORA": "14 A 16 HRS", "MES": "febrero", "ZONA_1": "SURORIENTE", "AÑO": 2025 }, "geometry": { "type": "Point", "coordinates": [ -70.639778, -33.475195 ] } },
{ "type": "Feature", "properties": { "BARRIO": "CLUB HIPICO", "DIA_SEMANA": "Sabado", "TIPO_DIA": "Semana", "TRAMO_HORA": "14 A 16 HRS", "MES": "febrero", "ZONA_1": "SURPONIENTE", "AÑO": 2025 }, "geometry": { "type": "Point", "coordinates": [ -70.663949, -33.45838 ] } },
{ "type": "Feature", "properties": { "BARRIO": "CENTRO HISTORICO", "DIA_SEMANA": "Sabado", "TIPO_DIA": "Semana", "TRAMO_HORA": "16 A 18 HRS", "MES": "febrero", "ZONA_1": "NORORIENTE", "AÑO": 2025 }, "geometry": { "type": "Point", "coordinates": [ -70.651427, -33.437342 ] } },
{ "type": "Feature", "properties": { "BARRIO": "SAN BORJA", "DIA_SEMANA": "Sabado", "TIPO_DIA": "Semana", "TRAMO_HORA": "16 A 18 HRS", "MES": "febrero", "ZONA_1": "NORORIENTE", "AÑO": 2025 }, "geometry": { "type": "Point", "coordinates": [ -70.644011, -33.446191 ] } },
{ "type": "Feature", "properties": { "BARRIO": "SANTA LUCIA FORESTAL", "DIA_SEMANA": "Sabado", "TIPO_DIA": "Semana", "TRAMO_HORA": "18 A 20 HRS", "MES": "febrero", "ZONA_1": "NORORIENTE", "AÑO": 2025 }, "geometry": { "type": "Point", "coordinates": [ -70.64102, -33.439301 ] } },
{ "type": "Feature", "properties": { "BARRIO": "SANTA LUCIA FORESTAL", "DIA_SEMANA": "Sabado", "TIPO_DIA": "Semana", "TRAMO_HORA": "18 A 20 HRS", "MES": "febrero", "ZONA_1": "NORORIENTE", "AÑO": 2025 }, "geometry": { "type": "Point", "coordinates": [ -70.641017, -33.437903 ] } },
{ "type": "Feature", "properties": { "BARRIO": "MATTA SUR", "DIA_SEMANA": "Sabado", "TIPO_DIA": "Semana", "TRAMO_HORA": "20 A 22 HRS", "MES": "febrero", "ZONA_1": "SURORIENTE", "AÑO": 2025 }, "geometry": { "type": "Point", "coordinates": [ -70.648916, -33.46255 ] } },
{ "type": "Feature", "properties": { "BARRIO": "DIEZ DE JULIO", "DIA_SEMANA": "Sabado", "TIPO_DIA": "Semana", "TRAMO_HORA": "22 A 00 HRS", "MES": "febrero", "ZONA_1": "CENTRORIENTE", "AÑO": 2025 }, "geometry": { "type": "Point", "coordinates": [ -70.629934, -33.455389 ] } },
{ "type": "Feature", "properties": { "BARRIO": "DIEZ DE JULIO", "DIA_SEMANA": "Domingo", "TIPO_DIA": "Semana", "TRAMO_HORA": "00 A 02 HRS", "MES": "febrero", "ZONA_1": "CENTRORIENTE", "AÑO": 2025 }, "geometry": { "type": "Point", "coordinates": [ -70.634294, -33.452686 ] } },
{ "type": "Feature", "properties": { "BARRIO": "SAN BORJA", "DIA_SEMANA": "Domingo", "TIPO_DIA": "Semana", "TRAMO_HORA": "00 A 02 HRS", "MES": "febrero", "ZONA_1": "NORORIENTE", "AÑO": 2025 }, "geometry": { "type": "Point", "coordinates": [ -70.644295, -33.444814 ] } },
{ "type": "Feature", "properties": { "BARRIO": "MATTA NORTE", "DIA_SEMANA": "Domingo", "TIPO_DIA": "Semana", "TRAMO_HORA": "10 A 12 HRS", "MES": "febrero", "ZONA_1": "CENTRORIENTE", "AÑO": 2025 }, "geometry": { "type": "Point", "coordinates": [ -70.654375, -33.459522 ] } },
{ "type": "Feature", "properties": { "BARRIO": "FRANKLIN", "DIA_SEMANA": "Domingo", "TIPO_DIA": "Semana", "TRAMO_HORA": "12 A 14 HRS", "MES": "febrero", "ZONA_1": "SURORIENTE", "AÑO": 2025 }, "geometry": { "type": "Point", "coordinates": [ -70.638004, -33.473533 ] } },
{ "type": "Feature", "properties": { "BARRIO": "CENTRO HISTORICO", "DIA_SEMANA": "Domingo", "TIPO_DIA": "Semana", "TRAMO_HORA": "20 A 22 HRS", "MES": "febrero", "ZONA_1": "NORORIENTE", "AÑO": 2025 }, "geometry": { "type": "Point", "coordinates": [ -70.651503, -33.43735 ] } },
{ "type": "Feature", "properties": { "BARRIO": "SANTA ANA", "DIA_SEMANA": "Domingo", "TIPO_DIA": "Semana", "TRAMO_HORA": "22 A 00 HRS", "MES": "febrero", "ZONA_1": "NORORIENTE", "AÑO": 2025 }, "geometry": { "type": "Point", "coordinates": [ -70.658726, -33.434513 ] } },
{ "type": "Feature", "properties": { "BARRIO": "CENTRO HISTORICO", "DIA_SEMANA": "Lunes", "TIPO_DIA": "Semana", "TRAMO_HORA": "08 A 10 HRS", "MES": "febrero", "ZONA_1": "NORORIENTE", "AÑO": 2025 }, "geometry": { "type": "Point", "coordinates": [ -70.648169, -33.439358 ] } },
{ "type": "Feature", "properties": { "BARRIO": "YUNGAY", "DIA_SEMANA": "Lunes", "TIPO_DIA": "Semana", "TRAMO_HORA": "10 A 12 HRS", "MES": "febrero", "ZONA_1": "NORPONIENTE", "AÑO": 2025 }, "geometry": { "type": "Point", "coordinates": [ -70.679925, -33.440408 ] } },
{ "type": "Feature", "properties": { "BARRIO": "VIEL", "DIA_SEMANA": "Lunes", "TIPO_DIA": "Semana", "TRAMO_HORA": "10 A 12 HRS", "MES": "febrero", "ZONA_1": "SURPONIENTE", "AÑO": 2025 }, "geometry": { "type": "Point", "coordinates": [ -70.660552, -33.458264 ] } },
{ "type": "Feature", "properties": { "BARRIO": "BARRIO UNIVERSITARIO", "DIA_SEMANA": "Lunes", "TIPO_DIA": "Semana", "TRAMO_HORA": "12 A 14 HRS", "MES": "febrero", "ZONA_1": "SURPONIENTE", "AÑO": 2025 }, "geometry": { "type": "Point", "coordinates": [ -70.671341, -33.454254 ] } },
{ "type": "Feature", "properties": { "BARRIO": "CENTRO HISTORICO", "DIA_SEMANA": "Lunes", "TIPO_DIA": "Semana", "TRAMO_HORA": "12 A 14 HRS", "MES": "febrero", "ZONA_1": "NORORIENTE", "AÑO": 2025 }, "geometry": { "type": "Point", "coordinates": [ -70.649045, -33.43942 ] } },
{ "type": "Feature", "properties": { "BARRIO": "PARQUE ALMAGRO", "DIA_SEMANA": "Lunes", "TIPO_DIA": "Semana", "TRAMO_HORA": "18 A 20 HRS", "MES": "febrero", "ZONA_1": "CENTRORIENTE", "AÑO": 2025 }, "geometry": { "type": "Point", "coordinates": [ -70.653487, -33.448445 ] } },
{ "type": "Feature", "properties": { "BARRIO": "PARQUE ALMAGRO", "DIA_SEMANA": "Lunes", "TIPO_DIA": "Semana", "TRAMO_HORA": "18 A 20 HRS", "MES": "febrero", "ZONA_1": "CENTRORIENTE", "AÑO": 2025 }, "geometry": { "type": "Point", "coordinates": [ -70.649179, -33.448277 ] } },
{ "type": "Feature", "properties": { "BARRIO": "CENTRO HISTORICO", "DIA_SEMANA": "Lunes", "TIPO_DIA": "Semana", "TRAMO_HORA": "18 A 20 HRS", "MES": "febrero", "ZONA_1": "NORORIENTE", "AÑO": 2025 }, "geometry": { "type": "Point", "coordinates": [ -70.640844, -33.439376 ] } },
{ "type": "Feature", "properties": { "BARRIO": "PARQUE ALMAGRO", "DIA_SEMANA": "Lunes", "TIPO_DIA": "Semana", "TRAMO_HORA": "20 A 22 HRS", "MES": "febrero", "ZONA_1": "CENTRORIENTE", "AÑO": 2025 }, "geometry": { "type": "Point", "coordinates": [ -70.652753, -33.448676 ] } },
{ "type": "Feature", "properties": { "BARRIO": "PARQUE ALMAGRO", "DIA_SEMANA": "Lunes", "TIPO_DIA": "Semana", "TRAMO_HORA": "20 A 22 HRS", "MES": "febrero", "ZONA_1": "CENTRORIENTE", "AÑO": 2025 }, "geometry": { "type": "Point", "coordinates": [ -70.647071, -33.4486 ] } },
{ "type": "Feature", "properties": { "BARRIO": "SANTA LUCIA FORESTAL", "DIA_SEMANA": "Lunes", "TIPO_DIA": "Semana", "TRAMO_HORA": "20 A 22 HRS", "MES": "febrero", "ZONA_1": "NORORIENTE", "AÑO": 2025 }, "geometry": { "type": "Point", "coordinates": [ -70.64102, -33.439301 ] } },
{ "type": "Feature", "properties": { "BARRIO": "SANTA ISABEL", "DIA_SEMANA": "Lunes", "TIPO_DIA": "Semana", "TRAMO_HORA": "20 A 22 HRS", "MES": "febrero", "ZONA_1": "CENTRORIENTE", "AÑO": 2025 }, "geometry": { "type": "Point", "coordinates": [ -70.634279, -33.452739 ] } },
{ "type": "Feature", "properties": { "BARRIO": "SANTA LUCIA FORESTAL", "DIA_SEMANA": "Lunes", "TIPO_DIA": "Semana", "TRAMO_HORA": "22 A 00 HRS", "MES": "febrero", "ZONA_1": "NORORIENTE", "AÑO": 2025 }, "geometry": { "type": "Point", "coordinates": [ -70.64102, -33.439301 ] } },
{ "type": "Feature", "properties": { "BARRIO": "CENTRO HISTORICO", "DIA_SEMANA": "Lunes", "TIPO_DIA": "Semana", "TRAMO_HORA": "22 A 00 HRS", "MES": "febrero", "ZONA_1": "NORORIENTE", "AÑO": 2025 }, "geometry": { "type": "Point", "coordinates": [ -70.657332, -33.434474 ] } },
{ "type": "Feature", "properties": { "BARRIO": "MATTA SUR", "DIA_SEMANA": "Lunes", "TIPO_DIA": "Semana", "TRAMO_HORA": "22 A 00 HRS", "MES": "febrero", "ZONA_1": "CENTRORIENTE", "AÑO": 2025 }, "geometry": { "type": "Point", "coordinates": [ -70.630279, -33.455441 ] } },
{ "type": "Feature", "properties": { "BARRIO": "MATTA SUR", "DIA_SEMANA": "Lunes", "TIPO_DIA": "Semana", "TRAMO_HORA": "22 A 00 HRS", "MES": "febrero", "ZONA_1": "SURORIENTE", "AÑO": 2025 }, "geometry": { "type": "Point", "coordinates": [ -70.648916, -33.46255 ] } },
{ "type": "Feature", "properties": { "BARRIO": "SAN BORJA", "DIA_SEMANA": "Martes", "TIPO_DIA": "Semana", "TRAMO_HORA": "08 A 10 HRS", "MES": "febrero", "ZONA_1": "NORORIENTE", "AÑO": 2025 }, "geometry": { "type": "Point", "coordinates": [ -70.645939, -33.443755 ] } },
{ "type": "Feature", "properties": { "BARRIO": "VIEL", "DIA_SEMANA": "Martes", "TIPO_DIA": "Semana", "TRAMO_HORA": "08 A 10 HRS", "MES": "febrero", "ZONA_1": "CENTRORIENTE", "AÑO": 2025 }, "geometry": { "type": "Point", "coordinates": [ -70.656426, -33.460441 ] } },
{ "type": "Feature", "properties": { "BARRIO": "DIEZ DE JULIO", "DIA_SEMANA": "Martes", "TIPO_DIA": "Semana", "TRAMO_HORA": "10 A 12 HRS", "MES": "febrero", "ZONA_1": "CENTRORIENTE", "AÑO": 2025 }, "geometry": { "type": "Point", "coordinates": [ -70.634128, -33.452774 ] } },
{ "type": "Feature", "properties": { "BARRIO": "SAN BORJA", "DIA_SEMANA": "Martes", "TIPO_DIA": "Semana", "TRAMO_HORA": "10 A 12 HRS", "MES": "febrero", "ZONA_1": "NORORIENTE", "AÑO": 2025 }, "geometry": { "type": "Point", "coordinates": [ -70.644805, -33.44283 ] } },
{ "type": "Feature", "properties": { "BARRIO": "YUNGAY", "DIA_SEMANA": "Martes", "TIPO_DIA": "Semana", "TRAMO_HORA": "10 A 12 HRS", "MES": "febrero", "ZONA_1": "NORPONIENTE", "AÑO": 2025 }, "geometry": { "type": "Point", "coordinates": [ -70.66846, -33.439081 ] } },
{ "type": "Feature", "properties": { "BARRIO": "SANTA LUCIA FORESTAL", "DIA_SEMANA": "Martes", "TIPO_DIA": "Semana", "TRAMO_HORA": "12 A 14 HRS", "MES": "febrero", "ZONA_1": "NORORIENTE", "AÑO": 2025 }, "geometry": { "type": "Point", "coordinates": [ -70.645339, -33.437947 ] } },
{ "type": "Feature", "properties": { "BARRIO": "BRASIL", "DIA_SEMANA": "Martes", "TIPO_DIA": "Semana", "TRAMO_HORA": "12 A 14 HRS", "MES": "febrero", "ZONA_1": "NORPONIENTE", "AÑO": 2025 }, "geometry": { "type": "Point", "coordinates": [ -70.662824, -33.438611 ] } },
{ "type": "Feature", "properties": { "BARRIO": "YUNGAY", "DIA_SEMANA": "Martes", "TIPO_DIA": "Semana", "TRAMO_HORA": "12 A 14 HRS", "MES": "febrero", "ZONA_1": "NORPONIENTE", "AÑO": 2025 }, "geometry": { "type": "Point", "coordinates": [ -70.679925, -33.440408 ] } },
{ "type": "Feature", "properties": { "BARRIO": "PARQUE ALMAGRO", "DIA_SEMANA": "Martes", "TIPO_DIA": "Semana", "TRAMO_HORA": "14 A 16 HRS", "MES": "febrero", "ZONA_1": "CENTRORIENTE", "AÑO": 2025 }, "geometry": { "type": "Point", "coordinates": [ -70.652844, -33.448044 ] } },
{ "type": "Feature", "properties": { "BARRIO": "SAN BORJA", "DIA_SEMANA": "Martes", "TIPO_DIA": "Semana", "TRAMO_HORA": "16 A 18 HRS", "MES": "febrero", "ZONA_1": "NORORIENTE", "AÑO": 2025 }, "geometry": { "type": "Point", "coordinates": [ -70.647575, -33.442989 ] } },
{ "type": "Feature", "properties": { "BARRIO": "SAN BORJA", "DIA_SEMANA": "Martes", "TIPO_DIA": "Semana", "TRAMO_HORA": "16 A 18 HRS", "MES": "febrero", "ZONA_1": "NORORIENTE", "AÑO": 2025 }, "geometry": { "type": "Point", "coordinates": [ -70.644182, -33.445367 ] } },
{ "type": "Feature", "properties": { "BARRIO": "PARQUE ALMAGRO", "DIA_SEMANA": "Martes", "TIPO_DIA": "Semana", "TRAMO_HORA": "20 A 22 HRS", "MES": "febrero", "ZONA_1": "CENTRORIENTE", "AÑO": 2025 }, "geometry": { "type": "Point", "coordinates": [ -70.649336, -33.448894 ] } },
{ "type": "Feature", "properties": { "BARRIO": "SANTA ANA", "DIA_SEMANA": "Martes", "TIPO_DIA": "Semana", "TRAMO_HORA": "20 A 22 HRS", "MES": "febrero", "ZONA_1": "NORORIENTE", "AÑO": 2025 }, "geometry": { "type": "Point", "coordinates": [ -70.658892, -33.43329 ] } },
{ "type": "Feature", "properties": { "BARRIO": "DIEZ DE JULIO", "DIA_SEMANA": "Martes", "TIPO_DIA": "Semana", "TRAMO_HORA": "20 A 22 HRS", "MES": "febrero", "ZONA_1": "CENTRORIENTE", "AÑO": 2025 }, "geometry": { "type": "Point", "coordinates": [ -70.632019, -33.453543 ] } },
{ "type": "Feature", "properties": { "BARRIO": "SANTA LUCIA FORESTAL", "DIA_SEMANA": "Martes", "TIPO_DIA": "Semana", "TRAMO_HORA": "20 A 22 HRS", "MES": "febrero", "ZONA_1": "NORORIENTE", "AÑO": 2025 }, "geometry": { "type": "Point", "coordinates": [ -70.64102, -33.439301 ] } },
{ "type": "Feature", "properties": { "BARRIO": "DIEZ DE JULIO", "DIA_SEMANA": "Martes", "TIPO_DIA": "Semana", "TRAMO_HORA": "20 A 22 HRS", "MES": "febrero", "ZONA_1": "CENTRORIENTE", "AÑO": 2025 }, "geometry": { "type": "Point", "coordinates": [ -70.634182, -33.452692 ] } },
{ "type": "Feature", "properties": { "BARRIO": "MATTA SUR", "DIA_SEMANA": "Martes", "TIPO_DIA": "Semana", "TRAMO_HORA": "20 A 22 HRS", "MES": "febrero", "ZONA_1": "SURORIENTE", "AÑO": 2025 }, "geometry": { "type": "Point", "coordinates": [ -70.648916, -33.46255 ] } },
{ "type": "Feature", "properties": { "BARRIO": "DIEZ DE JULIO", "DIA_SEMANA": "Martes", "TIPO_DIA": "Semana", "TRAMO_HORA": "22 A 00 HRS", "MES": "febrero", "ZONA_1": "CENTRORIENTE", "AÑO": 2025 }, "geometry": { "type": "Point", "coordinates": [ -70.634279, -33.452739 ] } },
{ "type": "Feature", "properties": { "BARRIO": "DIEZ DE JULIO", "DIA_SEMANA": "Martes", "TIPO_DIA": "Semana", "TRAMO_HORA": "22 A 00 HRS", "MES": "febrero", "ZONA_1": "CENTRORIENTE", "AÑO": 2025 }, "geometry": { "type": "Point", "coordinates": [ -70.634182, -33.452692 ] } },
{ "type": "Feature", "properties": { "BARRIO": "SANTA ISABEL", "DIA_SEMANA": "Miercoles", "TIPO_DIA": "Semana", "TRAMO_HORA": "08 A 10 HRS", "MES": "febrero", "ZONA_1": "CENTRORIENTE", "AÑO": 2025 }, "geometry": { "type": "Point", "coordinates": [ -70.648911, -33.447059 ] } },
{ "type": "Feature", "properties": { "BARRIO": "SANTA LUCIA FORESTAL", "DIA_SEMANA": "Miercoles", "TIPO_DIA": "Semana", "TRAMO_HORA": "10 A 12 HRS", "MES": "febrero", "ZONA_1": "NORORIENTE", "AÑO": 2025 }, "geometry": { "type": "Point", "coordinates": [ -70.644318, -33.437083 ] } },
{ "type": "Feature", "properties": { "BARRIO": "SANTA ANA", "DIA_SEMANA": "Miercoles", "TIPO_DIA": "Semana", "TRAMO_HORA": "12 A 14 HRS", "MES": "febrero", "ZONA_1": "NORORIENTE", "AÑO": 2025 }, "geometry": { "type": "Point", "coordinates": [ -70.657053, -33.440275 ] } },
{ "type": "Feature", "properties": { "BARRIO": "SANTA ISABEL", "DIA_SEMANA": "Miercoles", "TIPO_DIA": "Semana", "TRAMO_HORA": "12 A 14 HRS", "MES": "febrero", "ZONA_1": "CENTRORIENTE", "AÑO": 2025 }, "geometry": { "type": "Point", "coordinates": [ -70.640504, -33.449588 ] } },
{ "type": "Feature", "properties": { "BARRIO": "VIEL", "DIA_SEMANA": "Miercoles", "TIPO_DIA": "Semana", "TRAMO_HORA": "14 A 16 HRS", "MES": "febrero", "ZONA_1": "SURORIENTE", "AÑO": 2025 }, "geometry": { "type": "Point", "coordinates": [ -70.652771, -33.464674 ] } },
{ "type": "Feature", "properties": { "BARRIO": "SAN EUGENIO", "DIA_SEMANA": "Miercoles", "TIPO_DIA": "Semana", "TRAMO_HORA": "16 A 18 HRS", "MES": "febrero", "ZONA_1": "SURPONIENTE", "AÑO": 2025 }, "geometry": { "type": "Point", "coordinates": [ -70.674087, -33.462354 ] } },
{ "type": "Feature", "properties": { "BARRIO": "PARQUE ALMAGRO", "DIA_SEMANA": "Miercoles", "TIPO_DIA": "Semana", "TRAMO_HORA": "18 A 20 HRS", "MES": "febrero", "ZONA_1": "CENTRORIENTE", "AÑO": 2025 }, "geometry": { "type": "Point", "coordinates": [ -70.648117, -33.454874 ] } },
{ "type": "Feature", "properties": { "BARRIO": "CENTRO HISTORICO", "DIA_SEMANA": "Miercoles", "TIPO_DIA": "Semana", "TRAMO_HORA": "18 A 20 HRS", "MES": "febrero", "ZONA_1": "NORORIENTE", "AÑO": 2025 }, "geometry": { "type": "Point", "coordinates": [ -70.654017, -33.432738 ] } },
{ "type": "Feature", "properties": { "BARRIO": "PARQUE ALMAGRO", "DIA_SEMANA": "Miercoles", "TIPO_DIA": "Semana", "TRAMO_HORA": "18 A 20 HRS", "MES": "febrero", "ZONA_1": "CENTRORIENTE", "AÑO": 2025 }, "geometry": { "type": "Point", "coordinates": [ -70.64843, -33.448808 ] } },
{ "type": "Feature", "properties": { "BARRIO": "PARQUE ALMAGRO", "DIA_SEMANA": "Miercoles", "TIPO_DIA": "Semana", "TRAMO_HORA": "18 A 20 HRS", "MES": "febrero", "ZONA_1": "CENTRORIENTE", "AÑO": 2025 }, "geometry": { "type": "Point", "coordinates": [ -70.647071, -33.4486 ] } },
{ "type": "Feature", "properties": { "BARRIO": "BALMACEDA", "DIA_SEMANA": "Miercoles", "TIPO_DIA": "Semana", "TRAMO_HORA": "20 A 22 HRS", "MES": "febrero", "ZONA_1": "NORPONIENTE", "AÑO": 2025 }, "geometry": { "type": "Point", "coordinates": [ -70.67304, -33.427943 ] } },
{ "type": "Feature", "properties": { "BARRIO": "MATTA SUR", "DIA_SEMANA": "Miercoles", "TIPO_DIA": "Semana", "TRAMO_HORA": "20 A 22 HRS", "MES": "febrero", "ZONA_1": "SURORIENTE", "AÑO": 2025 }, "geometry": { "type": "Point", "coordinates": [ -70.648916, -33.46255 ] } },
{ "type": "Feature", "properties": { "BARRIO": "CENTRO HISTORICO", "DIA_SEMANA": "Jueves", "TIPO_DIA": "Semana", "TRAMO_HORA": "10 A 12 HRS", "MES": "febrero", "ZONA_1": "NORORIENTE", "AÑO": 2025 }, "geometry": { "type": "Point", "coordinates": [ -70.648169, -33.439358 ] } },
{ "type": "Feature", "properties": { "BARRIO": "SAN EUGENIO", "DIA_SEMANA": "Jueves", "TIPO_DIA": "Semana", "TRAMO_HORA": "10 A 12 HRS", "MES": "febrero", "ZONA_1": "SURPONIENTE", "AÑO": 2025 }, "geometry": { "type": "Point", "coordinates": [ -70.6768, -33.450495 ] } },
{ "type": "Feature", "properties": { "BARRIO": "YUNGAY", "DIA_SEMANA": "Jueves", "TIPO_DIA": "Semana", "TRAMO_HORA": "12 A 14 HRS", "MES": "febrero", "ZONA_1": "NORPONIENTE", "AÑO": 2025 }, "geometry": { "type": "Point", "coordinates": [ -70.672888, -33.435146 ] } },
{ "type": "Feature", "properties": { "BARRIO": "YUNGAY", "DIA_SEMANA": "Jueves", "TIPO_DIA": "Semana", "TRAMO_HORA": "12 A 14 HRS", "MES": "febrero", "ZONA_1": "NORPONIENTE", "AÑO": 2025 }, "geometry": { "type": "Point", "coordinates": [ -70.668648, -33.439198 ] } },
{ "type": "Feature", "properties": { "BARRIO": "PARQUE ALMAGRO", "DIA_SEMANA": "Jueves", "TIPO_DIA": "Semana", "TRAMO_HORA": "16 A 18 HRS", "MES": "febrero", "ZONA_1": "CENTRORIENTE", "AÑO": 2025 }, "geometry": { "type": "Point", "coordinates": [ -70.646216, -33.450757 ] } },
{ "type": "Feature", "properties": { "BARRIO": "SAN BORJA", "DIA_SEMANA": "Jueves", "TIPO_DIA": "Semana", "TRAMO_HORA": "16 A 18 HRS", "MES": "febrero", "ZONA_1": "CENTRORIENTE", "AÑO": 2025 }, "geometry": { "type": "Point", "coordinates": [ -70.635886, -33.444414 ] } },
{ "type": "Feature", "properties": { "BARRIO": "YUNGAY", "DIA_SEMANA": "Jueves", "TIPO_DIA": "Semana", "TRAMO_HORA": "16 A 18 HRS", "MES": "febrero", "ZONA_1": "NORPONIENTE", "AÑO": 2025 }, "geometry": { "type": "Point", "coordinates": [ -70.672099, -33.447986 ] } },
{ "type": "Feature", "properties": { "BARRIO": "SANTA LUCIA FORESTAL", "DIA_SEMANA": "Jueves", "TIPO_DIA": "Semana", "TRAMO_HORA": "18 A 20 HRS", "MES": "febrero", "ZONA_1": "NORORIENTE", "AÑO": 2025 }, "geometry": { "type": "Point", "coordinates": [ -70.641118, -33.438939 ] } },
{ "type": "Feature", "properties": { "BARRIO": "PARQUE ALMAGRO", "DIA_SEMANA": "Jueves", "TIPO_DIA": "Semana", "TRAMO_HORA": "18 A 20 HRS", "MES": "febrero", "ZONA_1": "CENTRORIENTE", "AÑO": 2025 }, "geometry": { "type": "Point", "coordinates": [ -70.650684, -33.450498 ] } },
{ "type": "Feature", "properties": { "BARRIO": "YUNGAY", "DIA_SEMANA": "Jueves", "TIPO_DIA": "Semana", "TRAMO_HORA": "18 A 20 HRS", "MES": "febrero", "ZONA_1": "NORPONIENTE", "AÑO": 2025 }, "geometry": { "type": "Point", "coordinates": [ -70.672888, -33.435146 ] } },
{ "type": "Feature", "properties": { "BARRIO": "SAN BORJA", "DIA_SEMANA": "Jueves", "TIPO_DIA": "Semana", "TRAMO_HORA": "18 A 20 HRS", "MES": "febrero", "ZONA_1": "CENTRORIENTE", "AÑO": 2025 }, "geometry": { "type": "Point", "coordinates": [ -70.639338, -33.449237 ] } },
{ "type": "Feature", "properties": { "BARRIO": "SAN BORJA", "DIA_SEMANA": "Jueves", "TIPO_DIA": "Semana", "TRAMO_HORA": "18 A 20 HRS", "MES": "febrero", "ZONA_1": "NORORIENTE", "AÑO": 2025 }, "geometry": { "type": "Point", "coordinates": [ -70.644734, -33.442568 ] } },
{ "type": "Feature", "properties": { "BARRIO": "SANTA LUCIA FORESTAL", "DIA_SEMANA": "Jueves", "TIPO_DIA": "Semana", "TRAMO_HORA": "18 A 20 HRS", "MES": "febrero", "ZONA_1": "NORORIENTE", "AÑO": 2025 }, "geometry": { "type": "Point", "coordinates": [ -70.645506, -33.442539 ] } },
{ "type": "Feature", "properties": { "BARRIO": "PARQUE ALMAGRO", "DIA_SEMANA": "Jueves", "TIPO_DIA": "Semana", "TRAMO_HORA": "20 A 22 HRS", "MES": "febrero", "ZONA_1": "CENTRORIENTE", "AÑO": 2025 }, "geometry": { "type": "Point", "coordinates": [ -70.647071, -33.4486 ] } },
{ "type": "Feature", "properties": { "BARRIO": "SANTA LUCIA FORESTAL", "DIA_SEMANA": "Jueves", "TIPO_DIA": "Semana", "TRAMO_HORA": "20 A 22 HRS", "MES": "febrero", "ZONA_1": "NORORIENTE", "AÑO": 2025 }, "geometry": { "type": "Point", "coordinates": [ -70.641052, -33.436968 ] } },
{ "type": "Feature", "properties": { "BARRIO": "SANTA LUCIA FORESTAL", "DIA_SEMANA": "Jueves", "TIPO_DIA": "Semana", "TRAMO_HORA": "20 A 22 HRS", "MES": "febrero", "ZONA_1": "NORORIENTE", "AÑO": 2025 }, "geometry": { "type": "Point", "coordinates": [ -70.641161, -33.439577 ] } },
{ "type": "Feature", "properties": { "BARRIO": "SAN BORJA", "DIA_SEMANA": "Jueves", "TIPO_DIA": "Semana", "TRAMO_HORA": "20 A 22 HRS", "MES": "febrero", "ZONA_1": "NORORIENTE", "AÑO": 2025 }, "geometry": { "type": "Point", "coordinates": [ -70.644114, -33.446226 ] } },
{ "type": "Feature", "properties": { "BARRIO": "VIEL", "DIA_SEMANA": "Viernes", "TIPO_DIA": "Semana", "TRAMO_HORA": "08 A 10 HRS", "MES": "febrero", "ZONA_1": "CENTRORIENTE", "AÑO": 2025 }, "geometry": { "type": "Point", "coordinates": [ -70.656393, -33.460351 ] } },
{ "type": "Feature", "properties": { "BARRIO": "MATTA SUR", "DIA_SEMANA": "Viernes", "TIPO_DIA": "Semana", "TRAMO_HORA": "08 A 10 HRS", "MES": "febrero", "ZONA_1": "SURORIENTE", "AÑO": 2025 }, "geometry": { "type": "Point", "coordinates": [ -70.632735, -33.461084 ] } },
{ "type": "Feature", "properties": { "BARRIO": "VIEL", "DIA_SEMANA": "Viernes", "TIPO_DIA": "Semana", "TRAMO_HORA": "10 A 12 HRS", "MES": "febrero", "ZONA_1": "SURPONIENTE", "AÑO": 2025 }, "geometry": { "type": "Point", "coordinates": [ -70.669575, -33.470608 ] } },
{ "type": "Feature", "properties": { "BARRIO": "SANTA ISABEL", "DIA_SEMANA": "Viernes", "TIPO_DIA": "Semana", "TRAMO_HORA": "10 A 12 HRS", "MES": "febrero", "ZONA_1": "CENTRORIENTE", "AÑO": 2025 }, "geometry": { "type": "Point", "coordinates": [ -70.640859, -33.449695 ] } },
{ "type": "Feature", "properties": { "BARRIO": "PARQUE ALMAGRO", "DIA_SEMANA": "Viernes", "TIPO_DIA": "Semana", "TRAMO_HORA": "12 A 14 HRS", "MES": "febrero", "ZONA_1": "CENTRORIENTE", "AÑO": 2025 }, "geometry": { "type": "Point", "coordinates": [ -70.652947, -33.44769 ] } },
{ "type": "Feature", "properties": { "BARRIO": "YUNGAY", "DIA_SEMANA": "Viernes", "TIPO_DIA": "Semana", "TRAMO_HORA": "12 A 14 HRS", "MES": "febrero", "ZONA_1": "NORPONIENTE", "AÑO": 2025 }, "geometry": { "type": "Point", "coordinates": [ -70.671607, -33.435108 ] } },
{ "type": "Feature", "properties": { "BARRIO": "BARRIO JUDICIAL", "DIA_SEMANA": "Viernes", "TIPO_DIA": "Semana", "TRAMO_HORA": "12 A 14 HRS", "MES": "febrero", "ZONA_1": "SURPONIENTE", "AÑO": 2025 }, "geometry": { "type": "Point", "coordinates": [ -70.657124, -33.470143 ] } },
{ "type": "Feature", "properties": { "BARRIO": "SIERRA BELLA", "DIA_SEMANA": "Viernes", "TIPO_DIA": "Semana", "TRAMO_HORA": "14 A 16 HRS", "MES": "febrero", "ZONA_1": "SURORIENTE", "AÑO": 2025 }, "geometry": { "type": "Point", "coordinates": [ -70.626598, -33.467428 ] } },
{ "type": "Feature", "properties": { "BARRIO": "BRASIL", "DIA_SEMANA": "Viernes", "TIPO_DIA": "Semana", "TRAMO_HORA": "14 A 16 HRS", "MES": "febrero", "ZONA_1": "NORPONIENTE", "AÑO": 2025 }, "geometry": { "type": "Point", "coordinates": [ -70.668731, -33.435313 ] } },
{ "type": "Feature", "properties": { "BARRIO": "PARQUE ALMAGRO", "DIA_SEMANA": "Viernes", "TIPO_DIA": "Semana", "TRAMO_HORA": "14 A 16 HRS", "MES": "febrero", "ZONA_1": "CENTRORIENTE", "AÑO": 2025 }, "geometry": { "type": "Point", "coordinates": [ -70.647071, -33.4486 ] } },
{ "type": "Feature", "properties": { "BARRIO": "CENTRO HISTORICO", "DIA_SEMANA": "Viernes", "TIPO_DIA": "Semana", "TRAMO_HORA": "16 A 18 HRS", "MES": "febrero", "ZONA_1": "NORORIENTE", "AÑO": 2025 }, "geometry": { "type": "Point", "coordinates": [ -70.649043, -33.443129 ] } },
{ "type": "Feature", "properties": { "BARRIO": "BRASIL", "DIA_SEMANA": "Viernes", "TIPO_DIA": "Semana", "TRAMO_HORA": "16 A 18 HRS", "MES": "febrero", "ZONA_1": "NORPONIENTE", "AÑO": 2025 }, "geometry": { "type": "Point", "coordinates": [ -70.664884, -33.439807 ] } },
{ "type": "Feature", "properties": { "BARRIO": "BRASIL", "DIA_SEMANA": "Viernes", "TIPO_DIA": "Semana", "TRAMO_HORA": "16 A 18 HRS", "MES": "febrero", "ZONA_1": "NORPONIENTE", "AÑO": 2025 }, "geometry": { "type": "Point", "coordinates": [ -70.668731, -33.435313 ] } },
{ "type": "Feature", "properties": { "BARRIO": "SANTA ELENA", "DIA_SEMANA": "Viernes", "TIPO_DIA": "Semana", "TRAMO_HORA": "18 A 20 HRS", "MES": "febrero", "ZONA_1": "SURORIENTE", "AÑO": 2025 }, "geometry": { "type": "Point", "coordinates": [ -70.629803, -33.457882 ] } },
{ "type": "Feature", "properties": { "BARRIO": "PARQUE ALMAGRO", "DIA_SEMANA": "Viernes", "TIPO_DIA": "Semana", "TRAMO_HORA": "18 A 20 HRS", "MES": "febrero", "ZONA_1": "CENTRORIENTE", "AÑO": 2025 }, "geometry": { "type": "Point", "coordinates": [ -70.650456, -33.451066 ] } },
{ "type": "Feature", "properties": { "BARRIO": "FRANKLIN", "DIA_SEMANA": "Viernes", "TIPO_DIA": "Semana", "TRAMO_HORA": "18 A 20 HRS", "MES": "febrero", "ZONA_1": "SURORIENTE", "AÑO": 2025 }, "geometry": { "type": "Point", "coordinates": [ -70.645327, -33.471281 ] } },
{ "type": "Feature", "properties": { "BARRIO": "PARQUE ALMAGRO", "DIA_SEMANA": "Viernes", "TIPO_DIA": "Semana", "TRAMO_HORA": "20 A 22 HRS", "MES": "febrero", "ZONA_1": "CENTRORIENTE", "AÑO": 2025 }, "geometry": { "type": "Point", "coordinates": [ -70.654578, -33.450396 ] } },
{ "type": "Feature", "properties": { "BARRIO": "SANTA ISABEL", "DIA_SEMANA": "Viernes", "TIPO_DIA": "Semana", "TRAMO_HORA": "20 A 22 HRS", "MES": "febrero", "ZONA_1": "CENTRORIENTE", "AÑO": 2025 }, "geometry": { "type": "Point", "coordinates": [ -70.634279, -33.452739 ] } },
{ "type": "Feature", "properties": { "BARRIO": "FRANKLIN", "DIA_SEMANA": "Viernes", "TIPO_DIA": "Semana", "TRAMO_HORA": "22 A 00 HRS", "MES": "febrero", "ZONA_1": "SURORIENTE", "AÑO": 2025 }, "geometry": { "type": "Point", "coordinates": [ -70.648578, -33.47102 ] } },
{ "type": "Feature", "properties": { "BARRIO": "MATTA SUR", "DIA_SEMANA": "Viernes", "TIPO_DIA": "Semana", "TRAMO_HORA": "22 A 00 HRS", "MES": "febrero", "ZONA_1": "SURORIENTE", "AÑO": 2025 }, "geometry": { "type": "Point", "coordinates": [ -70.648916, -33.46255 ] } },
{ "type": "Feature", "properties": { "BARRIO": "VIEL", "DIA_SEMANA": "Sabado", "TIPO_DIA": "Semana", "TRAMO_HORA": "00 A 02 HRS", "MES": "febrero", "ZONA_1": "SURORIENTE", "AÑO": 2025 }, "geometry": { "type": "Point", "coordinates": [ -70.651114, -33.449653 ] } },
{ "type": "Feature", "properties": { "BARRIO": "BRASIL", "DIA_SEMANA": "Sabado", "TIPO_DIA": "Semana", "TRAMO_HORA": "08 A 10 HRS", "MES": "febrero", "ZONA_1": "NORPONIENTE", "AÑO": 2025 }, "geometry": { "type": "Point", "coordinates": [ -70.66746, -33.433821 ] } },
{ "type": "Feature", "properties": { "BARRIO": "MATTA SUR", "DIA_SEMANA": "Sabado", "TIPO_DIA": "Semana", "TRAMO_HORA": "10 A 12 HRS", "MES": "febrero", "ZONA_1": "SURORIENTE", "AÑO": 2025 }, "geometry": { "type": "Point", "coordinates": [ -70.642303, -33.46303 ] } },
{ "type": "Feature", "properties": { "BARRIO": "BALMACEDA", "DIA_SEMANA": "Sabado", "TIPO_DIA": "Semana", "TRAMO_HORA": "10 A 12 HRS", "MES": "febrero", "ZONA_1": "NORPONIENTE", "AÑO": 2025 }, "geometry": { "type": "Point", "coordinates": [ -70.667836, -33.429672 ] } },
{ "type": "Feature", "properties": { "BARRIO": "PARQUE ALMAGRO", "DIA_SEMANA": "Sabado", "TIPO_DIA": "Semana", "TRAMO_HORA": "12 A 14 HRS", "MES": "febrero", "ZONA_1": "CENTRORIENTE", "AÑO": 2025 }, "geometry": { "type": "Point", "coordinates": [ -70.647329, -33.448536 ] } },
{ "type": "Feature", "properties": { "BARRIO": "SANTA ELENA", "DIA_SEMANA": "Sabado", "TIPO_DIA": "Semana", "TRAMO_HORA": "12 A 14 HRS", "MES": "febrero", "ZONA_1": "SURORIENTE", "AÑO": 2025 }, "geometry": { "type": "Point", "coordinates": [ -70.629455, -33.457865 ] } },
{ "type": "Feature", "properties": { "BARRIO": "CENTRO HISTORICO", "DIA_SEMANA": "Sabado", "TIPO_DIA": "Semana", "TRAMO_HORA": "12 A 14 HRS", "MES": "febrero", "ZONA_1": "NORORIENTE", "AÑO": 2025 }, "geometry": { "type": "Point", "coordinates": [ -70.651946, -33.435069 ] } },
{ "type": "Feature", "properties": { "BARRIO": "SIERRA BELLA", "DIA_SEMANA": "Sabado", "TIPO_DIA": "Semana", "TRAMO_HORA": "12 A 14 HRS", "MES": "febrero", "ZONA_1": "SURORIENTE", "AÑO": 2025 }, "geometry": { "type": "Point", "coordinates": [ -70.626671, -33.46738 ] } },
{ "type": "Feature", "properties": { "BARRIO": "VIEL", "DIA_SEMANA": "Sabado", "TIPO_DIA": "Semana", "TRAMO_HORA": "14 A 16 HRS", "MES": "febrero", "ZONA_1": "SURORIENTE", "AÑO": 2025 }, "geometry": { "type": "Point", "coordinates": [ -70.64747, -33.462388 ] } },
{ "type": "Feature", "properties": { "BARRIO": "YUNGAY", "DIA_SEMANA": "Sabado", "TIPO_DIA": "Semana", "TRAMO_HORA": "14 A 16 HRS", "MES": "febrero", "ZONA_1": "NORPONIENTE", "AÑO": 2025 }, "geometry": { "type": "Point", "coordinates": [ -70.678623, -33.442444 ] } },
{ "type": "Feature", "properties": { "BARRIO": "FRANKLIN", "DIA_SEMANA": "Sabado", "TIPO_DIA": "Semana", "TRAMO_HORA": "14 A 16 HRS", "MES": "febrero", "ZONA_1": "SURORIENTE", "AÑO": 2025 }, "geometry": { "type": "Point", "coordinates": [ -70.641227, -33.475217 ] } },
{ "type": "Feature", "properties": { "BARRIO": "PARQUE ALMAGRO", "DIA_SEMANA": "Sabado", "TIPO_DIA": "Semana", "TRAMO_HORA": "14 A 16 HRS", "MES": "febrero", "ZONA_1": "CENTRORIENTE", "AÑO": 2025 }, "geometry": { "type": "Point", "coordinates": [ -70.64843, -33.448808 ] } },
{ "type": "Feature", "properties": { "BARRIO": "DIEZ DE JULIO", "DIA_SEMANA": "Sabado", "TIPO_DIA": "Semana", "TRAMO_HORA": "20 A 22 HRS", "MES": "febrero", "ZONA_1": "CENTRORIENTE", "AÑO": 2025 }, "geometry": { "type": "Point", "coordinates": [ -70.634191, -33.452786 ] } },
{ "type": "Feature", "properties": { "BARRIO": "MATTA SUR", "DIA_SEMANA": "Sabado", "TIPO_DIA": "Semana", "TRAMO_HORA": "20 A 22 HRS", "MES": "febrero", "ZONA_1": "SURORIENTE", "AÑO": 2025 }, "geometry": { "type": "Point", "coordinates": [ -70.648916, -33.46255 ] } },
{ "type": "Feature", "properties": { "BARRIO": "DIEZ DE JULIO", "DIA_SEMANA": "Sabado", "TIPO_DIA": "Semana", "TRAMO_HORA": "20 A 22 HRS", "MES": "febrero", "ZONA_1": "CENTRORIENTE", "AÑO": 2025 }, "geometry": { "type": "Point", "coordinates": [ -70.634279, -33.452739 ] } },
{ "type": "Feature", "properties": { "BARRIO": "PARQUE ALMAGRO", "DIA_SEMANA": "Sabado", "TIPO_DIA": "Semana", "TRAMO_HORA": "20 A 22 HRS", "MES": "febrero", "ZONA_1": "CENTRORIENTE", "AÑO": 2025 }, "geometry": { "type": "Point", "coordinates": [ -70.652947, -33.44769 ] } },
{ "type": "Feature", "properties": { "BARRIO": "MATTA NORTE", "DIA_SEMANA": "Sabado", "TIPO_DIA": "Semana", "TRAMO_HORA": "22 A 00 HRS", "MES": "febrero", "ZONA_1": "CENTRORIENTE", "AÑO": 2025 }, "geometry": { "type": "Point", "coordinates": [ -70.646424, -33.454834 ] } },
{ "type": "Feature", "properties": { "BARRIO": "SANTA LUCIA FORESTAL", "DIA_SEMANA": "Domingo", "TIPO_DIA": "Semana", "TRAMO_HORA": "00 A 02 HRS", "MES": "febrero", "ZONA_1": "NORORIENTE", "AÑO": 2025 }, "geometry": { "type": "Point", "coordinates": [ -70.641041, -33.43748 ] } },
{ "type": "Feature", "properties": { "BARRIO": "SAN BORJA", "DIA_SEMANA": "Domingo", "TIPO_DIA": "Semana", "TRAMO_HORA": "00 A 02 HRS", "MES": "febrero", "ZONA_1": "NORORIENTE", "AÑO": 2025 }, "geometry": { "type": "Point", "coordinates": [ -70.643899, -33.446995 ] } },
{ "type": "Feature", "properties": { "BARRIO": "PANAMA", "DIA_SEMANA": "Domingo", "TIPO_DIA": "Semana", "TRAMO_HORA": "00 A 02 HRS", "MES": "febrero", "ZONA_1": "NORPONIENTE", "AÑO": 2025 }, "geometry": { "type": "Point", "coordinates": [ -70.669237, -33.430016 ] } },
{ "type": "Feature", "properties": { "BARRIO": "BOGOTA", "DIA_SEMANA": "Domingo", "TIPO_DIA": "Semana", "TRAMO_HORA": "08 A 10 HRS", "MES": "febrero", "ZONA_1": "SURORIENTE", "AÑO": 2025 }, "geometry": { "type": "Point", "coordinates": [ -70.652189, -33.446919 ] } },
{ "type": "Feature", "properties": { "BARRIO": "CENTRO HISTORICO", "DIA_SEMANA": "Domingo", "TIPO_DIA": "Semana", "TRAMO_HORA": "14 A 16 HRS", "MES": "febrero", "ZONA_1": "NORORIENTE", "AÑO": 2025 }, "geometry": { "type": "Point", "coordinates": [ -70.64655, -33.442768 ] } },
{ "type": "Feature", "properties": { "BARRIO": "YUNGAY", "DIA_SEMANA": "Domingo", "TIPO_DIA": "Semana", "TRAMO_HORA": "14 A 16 HRS", "MES": "febrero", "ZONA_1": "NORPONIENTE", "AÑO": 2025 }, "geometry": { "type": "Point", "coordinates": [ -70.65954, -33.432434 ] } },
{ "type": "Feature", "properties": { "BARRIO": "BARRIO UNIVERSITARIO", "DIA_SEMANA": "Domingo", "TIPO_DIA": "Semana", "TRAMO_HORA": "16 A 18 HRS", "MES": "febrero", "ZONA_1": "SURPONIENTE", "AÑO": 2025 }, "geometry": { "type": "Point", "coordinates": [ -70.665477, -33.450992 ] } },
{ "type": "Feature", "properties": { "BARRIO": "MATTA NORTE", "DIA_SEMANA": "Domingo", "TIPO_DIA": "Semana", "TRAMO_HORA": "16 A 18 HRS", "MES": "febrero", "ZONA_1": "CENTRORIENTE", "AÑO": 2025 }, "geometry": { "type": "Point", "coordinates": [ -70.648067, -33.45512 ] } },
{ "type": "Feature", "properties": { "BARRIO": "VIEL", "DIA_SEMANA": "Domingo", "TIPO_DIA": "Semana", "TRAMO_HORA": "18 A 20 HRS", "MES": "febrero", "ZONA_1": "SURORIENTE", "AÑO": 2025 }, "geometry": { "type": "Point", "coordinates": [ -70.655524, -33.460374 ] } },
{ "type": "Feature", "properties": { "BARRIO": "BALMACEDA", "DIA_SEMANA": "Domingo", "TIPO_DIA": "Semana", "TRAMO_HORA": "18 A 20 HRS", "MES": "febrero", "ZONA_1": "NORPONIENTE", "AÑO": 2025 }, "geometry": { "type": "Point", "coordinates": [ -70.674102, -33.431495 ] } },
{ "type": "Feature", "properties": { "BARRIO": "SIERRA BELLA", "DIA_SEMANA": "Domingo", "TIPO_DIA": "Semana", "TRAMO_HORA": "20 A 22 HRS", "MES": "febrero", "ZONA_1": "SURORIENTE", "AÑO": 2025 }, "geometry": { "type": "Point", "coordinates": [ -70.626598, -33.467428 ] } },
{ "type": "Feature", "properties": { "BARRIO": "MATTA SUR", "DIA_SEMANA": "Domingo", "TIPO_DIA": "Semana", "TRAMO_HORA": "22 A 00 HRS", "MES": "febrero", "ZONA_1": "SURORIENTE", "AÑO": 2025 }, "geometry": { "type": "Point", "coordinates": [ -70.648916, -33.46255 ] } },
{ "type": "Feature", "properties": { "BARRIO": "BRASIL", "DIA_SEMANA": "Lunes", "TIPO_DIA": "Semana", "TRAMO_HORA": "10 A 12 HRS", "MES": "febrero", "ZONA_1": "NORPONIENTE", "AÑO": 2025 }, "geometry": { "type": "Point", "coordinates": [ -70.679669, -33.442056 ] } },
{ "type": "Feature", "properties": { "BARRIO": "CENTRO HISTORICO", "DIA_SEMANA": "Lunes", "TIPO_DIA": "Semana", "TRAMO_HORA": "10 A 12 HRS", "MES": "febrero", "ZONA_1": "NORORIENTE", "AÑO": 2025 }, "geometry": { "type": "Point", "coordinates": [ -70.650044, -33.436051 ] } },
{ "type": "Feature", "properties": { "BARRIO": "SANTA LUCIA FORESTAL", "DIA_SEMANA": "Lunes", "TIPO_DIA": "Semana", "TRAMO_HORA": "12 A 14 HRS", "MES": "febrero", "ZONA_1": "NORORIENTE", "AÑO": 2025 }, "geometry": { "type": "Point", "coordinates": [ -70.644453, -33.436641 ] } },
{ "type": "Feature", "properties": { "BARRIO": "EJERCITO", "DIA_SEMANA": "Lunes", "TIPO_DIA": "Semana", "TRAMO_HORA": "12 A 14 HRS", "MES": "febrero", "ZONA_1": "SURPONIENTE", "AÑO": 2025 }, "geometry": { "type": "Point", "coordinates": [ -70.664417, -33.452675 ] } },
{ "type": "Feature", "properties": { "BARRIO": "SANTA ISABEL", "DIA_SEMANA": "Lunes", "TIPO_DIA": "Semana", "TRAMO_HORA": "16 A 18 HRS", "MES": "febrero", "ZONA_1": "CENTRORIENTE", "AÑO": 2025 }, "geometry": { "type": "Point", "coordinates": [ -70.640196, -33.447988 ] } },
{ "type": "Feature", "properties": { "BARRIO": "SIERRA BELLA", "DIA_SEMANA": "Lunes", "TIPO_DIA": "Semana", "TRAMO_HORA": "18 A 20 HRS", "MES": "febrero", "ZONA_1": "SURORIENTE", "AÑO": 2025 }, "geometry": { "type": "Point", "coordinates": [ -70.635573, -33.471346 ] } },
{ "type": "Feature", "properties": { "BARRIO": "BARRIO JUDICIAL", "DIA_SEMANA": "Lunes", "TIPO_DIA": "Semana", "TRAMO_HORA": "18 A 20 HRS", "MES": "febrero", "ZONA_1": "SURPONIENTE", "AÑO": 2025 }, "geometry": { "type": "Point", "coordinates": [ -70.658516, -33.470214 ] } },
{ "type": "Feature", "properties": { "BARRIO": "PARQUE ALMAGRO", "DIA_SEMANA": "Lunes", "TIPO_DIA": "Semana", "TRAMO_HORA": "18 A 20 HRS", "MES": "febrero", "ZONA_1": "CENTRORIENTE", "AÑO": 2025 }, "geometry": { "type": "Point", "coordinates": [ -70.652544, -33.449756 ] } },
{ "type": "Feature", "properties": { "BARRIO": "PARQUE ALMAGRO", "DIA_SEMANA": "Lunes", "TIPO_DIA": "Semana", "TRAMO_HORA": "18 A 20 HRS", "MES": "febrero", "ZONA_1": "CENTRORIENTE", "AÑO": 2025 }, "geometry": { "type": "Point", "coordinates": [ -70.652701, -33.449123 ] } },
{ "type": "Feature", "properties": { "BARRIO": "DIEZ DE JULIO", "DIA_SEMANA": "Lunes", "TIPO_DIA": "Semana", "TRAMO_HORA": "20 A 22 HRS", "MES": "febrero", "ZONA_1": "CENTRORIENTE", "AÑO": 2025 }, "geometry": { "type": "Point", "coordinates": [ -70.629934, -33.455389 ] } },
{ "type": "Feature", "properties": { "BARRIO": "PARQUE ALMAGRO", "DIA_SEMANA": "Lunes", "TIPO_DIA": "Semana", "TRAMO_HORA": "20 A 22 HRS", "MES": "febrero", "ZONA_1": "NORORIENTE", "AÑO": 2025 }, "geometry": { "type": "Point", "coordinates": [ -70.644826, -33.442752 ] } },
{ "type": "Feature", "properties": { "BARRIO": "MATTA NORTE", "DIA_SEMANA": "Lunes", "TIPO_DIA": "Semana", "TRAMO_HORA": "20 A 22 HRS", "MES": "febrero", "ZONA_1": "CENTRORIENTE", "AÑO": 2025 }, "geometry": { "type": "Point", "coordinates": [ -70.632133, -33.452892 ] } },
{ "type": "Feature", "properties": { "BARRIO": "MATTA NORTE", "DIA_SEMANA": "Lunes", "TIPO_DIA": "Semana", "TRAMO_HORA": "20 A 22 HRS", "MES": "febrero", "ZONA_1": "CENTRORIENTE", "AÑO": 2025 }, "geometry": { "type": "Point", "coordinates": [ -70.642985, -33.450303 ] } },
{ "type": "Feature", "properties": { "BARRIO": "SANTA ISABEL", "DIA_SEMANA": "Martes", "TIPO_DIA": "Semana", "TRAMO_HORA": "00 A 02 HRS", "MES": "febrero", "ZONA_1": "CENTRORIENTE", "AÑO": 2025 }, "geometry": { "type": "Point", "coordinates": [ -70.643702, -33.447889 ] } },
{ "type": "Feature", "properties": { "BARRIO": "SANTA LUCIA FORESTAL", "DIA_SEMANA": "Martes", "TIPO_DIA": "Semana", "TRAMO_HORA": "10 A 12 HRS", "MES": "febrero", "ZONA_1": "NORORIENTE", "AÑO": 2025 }, "geometry": { "type": "Point", "coordinates": [ -70.64102, -33.439301 ] } },
{ "type": "Feature", "properties": { "BARRIO": "BRASIL", "DIA_SEMANA": "Martes", "TIPO_DIA": "Semana", "TRAMO_HORA": "12 A 14 HRS", "MES": "febrero", "ZONA_1": "NORPONIENTE", "AÑO": 2025 }, "geometry": { "type": "Point", "coordinates": [ -70.666993, -33.438902 ] } },
{ "type": "Feature", "properties": { "BARRIO": "BRASIL", "DIA_SEMANA": "Martes", "TIPO_DIA": "Semana", "TRAMO_HORA": "12 A 14 HRS", "MES": "febrero", "ZONA_1": "NORPONIENTE", "AÑO": 2025 }, "geometry": { "type": "Point", "coordinates": [ -70.662824, -33.438611 ] } },
{ "type": "Feature", "properties": { "BARRIO": "SANTA LUCIA FORESTAL", "DIA_SEMANA": "Martes", "TIPO_DIA": "Semana", "TRAMO_HORA": "14 A 16 HRS", "MES": "febrero", "ZONA_1": "NORORIENTE", "AÑO": 2025 }, "geometry": { "type": "Point", "coordinates": [ -70.64102, -33.439301 ] } },
{ "type": "Feature", "properties": { "BARRIO": "YUNGAY", "DIA_SEMANA": "Martes", "TIPO_DIA": "Semana", "TRAMO_HORA": "16 A 18 HRS", "MES": "febrero", "ZONA_1": "NORPONIENTE", "AÑO": 2025 }, "geometry": { "type": "Point", "coordinates": [ -70.678623, -33.442444 ] } },
{ "type": "Feature", "properties": { "BARRIO": "SAN BORJA", "DIA_SEMANA": "Martes", "TIPO_DIA": "Semana", "TRAMO_HORA": "16 A 18 HRS", "MES": "febrero", "ZONA_1": "NORORIENTE", "AÑO": 2025 }, "geometry": { "type": "Point", "coordinates": [ -70.644909, -33.442684 ] } },
{ "type": "Feature", "properties": { "BARRIO": "PARQUE ALMAGRO", "DIA_SEMANA": "Martes", "TIPO_DIA": "Semana", "TRAMO_HORA": "20 A 22 HRS", "MES": "febrero", "ZONA_1": "CENTRORIENTE", "AÑO": 2025 }, "geometry": { "type": "Point", "coordinates": [ -70.653312, -33.446329 ] } },
{ "type": "Feature", "properties": { "BARRIO": "MATTA SUR", "DIA_SEMANA": "Martes", "TIPO_DIA": "Semana", "TRAMO_HORA": "20 A 22 HRS", "MES": "febrero", "ZONA_1": "SURORIENTE", "AÑO": 2025 }, "geometry": { "type": "Point", "coordinates": [ -70.640056, -33.457798 ] } },
{ "type": "Feature", "properties": { "BARRIO": "CENTRO HISTORICO", "DIA_SEMANA": "Martes", "TIPO_DIA": "Semana", "TRAMO_HORA": "20 A 22 HRS", "MES": "febrero", "ZONA_1": "NORORIENTE", "AÑO": 2025 }, "geometry": { "type": "Point", "coordinates": [ -70.658317, -33.439183 ] } },
{ "type": "Feature", "properties": { "BARRIO": "SANTA LUCIA FORESTAL", "DIA_SEMANA": "Martes", "TIPO_DIA": "Semana", "TRAMO_HORA": "22 A 00 HRS", "MES": "febrero", "ZONA_1": "NORORIENTE", "AÑO": 2025 }, "geometry": { "type": "Point", "coordinates": [ -70.64102, -33.439301 ] } },
{ "type": "Feature", "properties": { "BARRIO": "SAN BORJA", "DIA_SEMANA": "Martes", "TIPO_DIA": "Semana", "TRAMO_HORA": "22 A 00 HRS", "MES": "febrero", "ZONA_1": "NORORIENTE", "AÑO": 2025 }, "geometry": { "type": "Point", "coordinates": [ -70.645376, -33.445852 ] } },
{ "type": "Feature", "properties": { "BARRIO": "CENTRO HISTORICO", "DIA_SEMANA": "Miercoles", "TIPO_DIA": "Semana", "TRAMO_HORA": "08 A 10 HRS", "MES": "febrero", "ZONA_1": "NORORIENTE", "AÑO": 2025 }, "geometry": { "type": "Point", "coordinates": [ -70.648984, -33.433861 ] } },
{ "type": "Feature", "properties": { "BARRIO": "BRASIL", "DIA_SEMANA": "Miercoles", "TIPO_DIA": "Semana", "TRAMO_HORA": "10 A 12 HRS", "MES": "febrero", "ZONA_1": "NORPONIENTE", "AÑO": 2025 }, "geometry": { "type": "Point", "coordinates": [ -70.662824, -33.438611 ] } },
{ "type": "Feature", "properties": { "BARRIO": "YUNGAY", "DIA_SEMANA": "Miercoles", "TIPO_DIA": "Semana", "TRAMO_HORA": "12 A 14 HRS", "MES": "febrero", "ZONA_1": "NORPONIENTE", "AÑO": 2025 }, "geometry": { "type": "Point", "coordinates": [ -70.679925, -33.440408 ] } },
{ "type": "Feature", "properties": { "BARRIO": "SAN EUGENIO", "DIA_SEMANA": "Miercoles", "TIPO_DIA": "Semana", "TRAMO_HORA": "12 A 14 HRS", "MES": "febrero", "ZONA_1": "SURPONIENTE", "AÑO": 2025 }, "geometry": { "type": "Point", "coordinates": [ -70.671344, -33.473126 ] } },
{ "type": "Feature", "properties": { "BARRIO": "BRASIL", "DIA_SEMANA": "Miercoles", "TIPO_DIA": "Semana", "TRAMO_HORA": "14 A 16 HRS", "MES": "febrero", "ZONA_1": "NORPONIENTE", "AÑO": 2025 }, "geometry": { "type": "Point", "coordinates": [ -70.662824, -33.438611 ] } },
{ "type": "Feature", "properties": { "BARRIO": "SANTA LUCIA FORESTAL", "DIA_SEMANA": "Miercoles", "TIPO_DIA": "Semana", "TRAMO_HORA": "14 A 16 HRS", "MES": "febrero", "ZONA_1": "NORORIENTE", "AÑO": 2025 }, "geometry": { "type": "Point", "coordinates": [ -70.64102, -33.439301 ] } },
{ "type": "Feature", "properties": { "BARRIO": "SIERRA BELLA", "DIA_SEMANA": "Miercoles", "TIPO_DIA": "Semana", "TRAMO_HORA": "18 A 20 HRS", "MES": "febrero", "ZONA_1": "SURORIENTE", "AÑO": 2025 }, "geometry": { "type": "Point", "coordinates": [ -70.626567, -33.467136 ] } },
{ "type": "Feature", "properties": { "BARRIO": "SANTA LUCIA FORESTAL", "DIA_SEMANA": "Miercoles", "TIPO_DIA": "Semana", "TRAMO_HORA": "18 A 20 HRS", "MES": "febrero", "ZONA_1": "NORORIENTE", "AÑO": 2025 }, "geometry": { "type": "Point", "coordinates": [ -70.641041, -33.43748 ] } },
{ "type": "Feature", "properties": { "BARRIO": "PARQUE ALMAGRO", "DIA_SEMANA": "Miercoles", "TIPO_DIA": "Semana", "TRAMO_HORA": "20 A 22 HRS", "MES": "febrero", "ZONA_1": "CENTRORIENTE", "AÑO": 2025 }, "geometry": { "type": "Point", "coordinates": [ -70.646931, -33.448513 ] } },
{ "type": "Feature", "properties": { "BARRIO": "PARQUE ALMAGRO", "DIA_SEMANA": "Miercoles", "TIPO_DIA": "Semana", "TRAMO_HORA": "20 A 22 HRS", "MES": "febrero", "ZONA_1": "CENTRORIENTE", "AÑO": 2025 }, "geometry": { "type": "Point", "coordinates": [ -70.648541, -33.448804 ] } },
{ "type": "Feature", "properties": { "BARRIO": "CENTRO HISTORICO", "DIA_SEMANA": "Miercoles", "TIPO_DIA": "Semana", "TRAMO_HORA": "20 A 22 HRS", "MES": "febrero", "ZONA_1": "NORORIENTE", "AÑO": 2025 }, "geometry": { "type": "Point", "coordinates": [ -70.658317, -33.439183 ] } },
{ "type": "Feature", "properties": { "BARRIO": "SANTA ISABEL", "DIA_SEMANA": "Miercoles", "TIPO_DIA": "Semana", "TRAMO_HORA": "22 A 00 HRS", "MES": "febrero", "ZONA_1": "CENTRORIENTE", "AÑO": 2025 }, "geometry": { "type": "Point", "coordinates": [ -70.640609, -33.450706 ] } },
{ "type": "Feature", "properties": { "BARRIO": "PARQUE ALMAGRO", "DIA_SEMANA": "Miercoles", "TIPO_DIA": "Semana", "TRAMO_HORA": "22 A 00 HRS", "MES": "febrero", "ZONA_1": "CENTRORIENTE", "AÑO": 2025 }, "geometry": { "type": "Point", "coordinates": [ -70.654735, -33.4503 ] } },
{ "type": "Feature", "properties": { "BARRIO": "PARQUE ALMAGRO", "DIA_SEMANA": "Jueves", "TIPO_DIA": "Semana", "TRAMO_HORA": "06 A 08 HRS", "MES": "febrero", "ZONA_1": "CENTRORIENTE", "AÑO": 2025 }, "geometry": { "type": "Point", "coordinates": [ -70.654849, -33.4491 ] } },
{ "type": "Feature", "properties": { "BARRIO": "PARQUE ALMAGRO", "DIA_SEMANA": "Jueves", "TIPO_DIA": "Semana", "TRAMO_HORA": "08 A 10 HRS", "MES": "febrero", "ZONA_1": "CENTRORIENTE", "AÑO": 2025 }, "geometry": { "type": "Point", "coordinates": [ -70.644652, -33.446328 ] } },
{ "type": "Feature", "properties": { "BARRIO": "SANTA ANA", "DIA_SEMANA": "Jueves", "TIPO_DIA": "Semana", "TRAMO_HORA": "10 A 12 HRS", "MES": "febrero", "ZONA_1": "NORORIENTE", "AÑO": 2025 }, "geometry": { "type": "Point", "coordinates": [ -70.657053, -33.440275 ] } },
{ "type": "Feature", "properties": { "BARRIO": "BALMACEDA", "DIA_SEMANA": "Jueves", "TIPO_DIA": "Semana", "TRAMO_HORA": "10 A 12 HRS", "MES": "febrero", "ZONA_1": "NORPONIENTE", "AÑO": 2025 }, "geometry": { "type": "Point", "coordinates": [ -70.671607, -33.435108 ] } },
{ "type": "Feature", "properties": { "BARRIO": "MEIGGS", "DIA_SEMANA": "Jueves", "TIPO_DIA": "Semana", "TRAMO_HORA": "12 A 14 HRS", "MES": "febrero", "ZONA_1": "SURPONIENTE", "AÑO": 2025 }, "geometry": { "type": "Point", "coordinates": [ -70.676878, -33.452154 ] } },
{ "type": "Feature", "properties": { "BARRIO": "BARRIO UNIVERSITARIO", "DIA_SEMANA": "Jueves", "TIPO_DIA": "Semana", "TRAMO_HORA": "12 A 14 HRS", "MES": "febrero", "ZONA_1": "SURPONIENTE", "AÑO": 2025 }, "geometry": { "type": "Point", "coordinates": [ -70.672564, -33.450999 ] } },
{ "type": "Feature", "properties": { "BARRIO": "BRASIL", "DIA_SEMANA": "Jueves", "TIPO_DIA": "Semana", "TRAMO_HORA": "12 A 14 HRS", "MES": "febrero", "ZONA_1": "NORPONIENTE", "AÑO": 2025 }, "geometry": { "type": "Point", "coordinates": [ -70.662824, -33.438611 ] } },
{ "type": "Feature", "properties": { "BARRIO": "YUNGAY", "DIA_SEMANA": "Jueves", "TIPO_DIA": "Semana", "TRAMO_HORA": "14 A 16 HRS", "MES": "febrero", "ZONA_1": "NORPONIENTE", "AÑO": 2025 }, "geometry": { "type": "Point", "coordinates": [ -70.67752, -33.443405 ] } },
{ "type": "Feature", "properties": { "BARRIO": "CENTRO HISTORICO", "DIA_SEMANA": "Jueves", "TIPO_DIA": "Semana", "TRAMO_HORA": "14 A 16 HRS", "MES": "febrero", "ZONA_1": "NORORIENTE", "AÑO": 2025 }, "geometry": { "type": "Point", "coordinates": [ -70.649602, -33.438825 ] } },
{ "type": "Feature", "properties": { "BARRIO": "PARQUE ALMAGRO", "DIA_SEMANA": "Jueves", "TIPO_DIA": "Semana", "TRAMO_HORA": "14 A 16 HRS", "MES": "febrero", "ZONA_1": "NORORIENTE", "AÑO": 2025 }, "geometry": { "type": "Point", "coordinates": [ -70.649646, -33.443476 ] } },
{ "type": "Feature", "properties": { "BARRIO": "MATTA SUR", "DIA_SEMANA": "Jueves", "TIPO_DIA": "Semana", "TRAMO_HORA": "20 A 22 HRS", "MES": "febrero", "ZONA_1": "SURORIENTE", "AÑO": 2025 }, "geometry": { "type": "Point", "coordinates": [ -70.648916, -33.46255 ] } },
{ "type": "Feature", "properties": { "BARRIO": "FRANKLIN", "DIA_SEMANA": "Jueves", "TIPO_DIA": "Semana", "TRAMO_HORA": "20 A 22 HRS", "MES": "febrero", "ZONA_1": "SURORIENTE", "AÑO": 2025 }, "geometry": { "type": "Point", "coordinates": [ -70.649936, -33.465979 ] } },
{ "type": "Feature", "properties": { "BARRIO": "VIEL", "DIA_SEMANA": "Jueves", "TIPO_DIA": "Semana", "TRAMO_HORA": "22 A 00 HRS", "MES": "febrero", "ZONA_1": "SURORIENTE", "AÑO": 2025 }, "geometry": { "type": "Point", "coordinates": [ -70.648835, -33.465318 ] } },
{ "type": "Feature", "properties": { "BARRIO": "PARQUE ALMAGRO", "DIA_SEMANA": "Jueves", "TIPO_DIA": "Semana", "TRAMO_HORA": "22 A 00 HRS", "MES": "febrero", "ZONA_1": null, "AÑO": 2025 }, "geometry": null },
{ "type": "Feature", "properties": { "BARRIO": "MATTA SUR", "DIA_SEMANA": "Jueves", "TIPO_DIA": "Semana", "TRAMO_HORA": "22 A 00 HRS", "MES": "febrero", "ZONA_1": "SURORIENTE", "AÑO": 2025 }, "geometry": { "type": "Point", "coordinates": [ -70.640501, -33.45796 ] } },
{ "type": "Feature", "properties": { "BARRIO": "PARQUE ALMAGRO", "DIA_SEMANA": "Viernes", "TIPO_DIA": "Semana", "TRAMO_HORA": "06 A 08 HRS", "MES": "febrero", "ZONA_1": "CENTRORIENTE", "AÑO": 2025 }, "geometry": { "type": "Point", "coordinates": [ -70.650316, -33.456028 ] } },
{ "type": "Feature", "properties": { "BARRIO": "CENTRO HISTORICO", "DIA_SEMANA": "Viernes", "TIPO_DIA": "Semana", "TRAMO_HORA": "08 A 10 HRS", "MES": "febrero", "ZONA_1": "NORORIENTE", "AÑO": 2025 }, "geometry": { "type": "Point", "coordinates": [ -70.648169, -33.439358 ] } },
{ "type": "Feature", "properties": { "BARRIO": "PARQUE ALMAGRO", "DIA_SEMANA": "Viernes", "TIPO_DIA": "Semana", "TRAMO_HORA": "10 A 12 HRS", "MES": "febrero", "ZONA_1": "CENTRORIENTE", "AÑO": 2025 }, "geometry": { "type": "Point", "coordinates": [ -70.654849, -33.4491 ] } },
{ "type": "Feature", "properties": { "BARRIO": "YUNGAY", "DIA_SEMANA": "Viernes", "TIPO_DIA": "Semana", "TRAMO_HORA": "12 A 14 HRS", "MES": "febrero", "ZONA_1": "NORPONIENTE", "AÑO": 2025 }, "geometry": { "type": "Point", "coordinates": [ -70.670984, -33.447196 ] } },
{ "type": "Feature", "properties": { "BARRIO": "YUNGAY", "DIA_SEMANA": "Viernes", "TIPO_DIA": "Semana", "TRAMO_HORA": "12 A 14 HRS", "MES": "febrero", "ZONA_1": "NORPONIENTE", "AÑO": 2025 }, "geometry": { "type": "Point", "coordinates": [ -70.679846, -33.440581 ] } },
{ "type": "Feature", "properties": { "BARRIO": "SANTA ANA", "DIA_SEMANA": "Viernes", "TIPO_DIA": "Semana", "TRAMO_HORA": "12 A 14 HRS", "MES": "febrero", "ZONA_1": "NORORIENTE", "AÑO": 2025 }, "geometry": { "type": "Point", "coordinates": [ -70.657332, -33.440248 ] } },
{ "type": "Feature", "properties": { "BARRIO": "PARQUE ALMAGRO", "DIA_SEMANA": "Viernes", "TIPO_DIA": "Semana", "TRAMO_HORA": "12 A 14 HRS", "MES": "febrero", "ZONA_1": "CENTRORIENTE", "AÑO": 2025 }, "geometry": { "type": "Point", "coordinates": [ -70.647043, -33.448508 ] } },
{ "type": "Feature", "properties": { "BARRIO": "CENTRO HISTORICO", "DIA_SEMANA": "Viernes", "TIPO_DIA": "Semana", "TRAMO_HORA": "14 A 16 HRS", "MES": "febrero", "ZONA_1": "NORORIENTE", "AÑO": 2025 }, "geometry": { "type": "Point", "coordinates": [ -70.654145, -33.436408 ] } },
{ "type": "Feature", "properties": { "BARRIO": "CENTRO HISTORICO", "DIA_SEMANA": "Viernes", "TIPO_DIA": "Semana", "TRAMO_HORA": "16 A 18 HRS", "MES": "febrero", "ZONA_1": "NORORIENTE", "AÑO": 2025 }, "geometry": { "type": "Point", "coordinates": [ -70.650984, -33.439729 ] } },
{ "type": "Feature", "properties": { "BARRIO": "BRASIL", "DIA_SEMANA": "Viernes", "TIPO_DIA": "Semana", "TRAMO_HORA": "16 A 18 HRS", "MES": "febrero", "ZONA_1": "NORPONIENTE", "AÑO": 2025 }, "geometry": { "type": "Point", "coordinates": [ -70.664909, -33.434769 ] } },
{ "type": "Feature", "properties": { "BARRIO": "CENTRO HISTORICO", "DIA_SEMANA": "Viernes", "TIPO_DIA": "Semana", "TRAMO_HORA": "16 A 18 HRS", "MES": "febrero", "ZONA_1": "NORORIENTE", "AÑO": 2025 }, "geometry": { "type": "Point", "coordinates": [ -70.654165, -33.4365 ] } },
{ "type": "Feature", "properties": { "BARRIO": "SIERRA BELLA", "DIA_SEMANA": "Viernes", "TIPO_DIA": "Semana", "TRAMO_HORA": "18 A 20 HRS", "MES": "febrero", "ZONA_1": "SURORIENTE", "AÑO": 2025 }, "geometry": { "type": "Point", "coordinates": [ -70.626564, -33.467424 ] } },
{ "type": "Feature", "properties": { "BARRIO": "PARQUE ALMAGRO", "DIA_SEMANA": "Viernes", "TIPO_DIA": "Semana", "TRAMO_HORA": "20 A 22 HRS", "MES": "febrero", "ZONA_1": "CENTRORIENTE", "AÑO": 2025 }, "geometry": { "type": "Point", "coordinates": [ -70.653769, -33.4466 ] } },
{ "type": "Feature", "properties": { "BARRIO": "SANTA LUCIA FORESTAL", "DIA_SEMANA": "Viernes", "TIPO_DIA": "Semana", "TRAMO_HORA": "20 A 22 HRS", "MES": "febrero", "ZONA_1": "NORORIENTE", "AÑO": 2025 }, "geometry": { "type": "Point", "coordinates": [ -70.64092, -33.439371 ] } },
{ "type": "Feature", "properties": { "BARRIO": "SANTA LUCIA FORESTAL", "DIA_SEMANA": "Viernes", "TIPO_DIA": "Semana", "TRAMO_HORA": "20 A 22 HRS", "MES": "febrero", "ZONA_1": "NORORIENTE", "AÑO": 2025 }, "geometry": { "type": "Point", "coordinates": [ -70.64102, -33.439301 ] } },
{ "type": "Feature", "properties": { "BARRIO": "FRANKLIN", "DIA_SEMANA": "Viernes", "TIPO_DIA": "Semana", "TRAMO_HORA": "20 A 22 HRS", "MES": "febrero", "ZONA_1": "SURORIENTE", "AÑO": 2025 }, "geometry": { "type": "Point", "coordinates": [ -70.640981, -33.472867 ] } },
{ "type": "Feature", "properties": { "BARRIO": "SANTA ISABEL", "DIA_SEMANA": "Viernes", "TIPO_DIA": "Semana", "TRAMO_HORA": "20 A 22 HRS", "MES": "febrero", "ZONA_1": "CENTRORIENTE", "AÑO": 2025 }, "geometry": { "type": "Point", "coordinates": [ -70.634279, -33.452739 ] } },
{ "type": "Feature", "properties": { "BARRIO": "MATTA NORTE", "DIA_SEMANA": "Viernes", "TIPO_DIA": "Semana", "TRAMO_HORA": "22 A 00 HRS", "MES": "febrero", "ZONA_1": "CENTRORIENTE", "AÑO": 2025 }, "geometry": { "type": "Point", "coordinates": [ -70.630046, -33.455387 ] } },
{ "type": "Feature", "properties": { "BARRIO": "SANTA LUCIA FORESTAL", "DIA_SEMANA": "Viernes", "TIPO_DIA": "Semana", "TRAMO_HORA": "22 A 00 HRS", "MES": "febrero", "ZONA_1": "NORORIENTE", "AÑO": 2025 }, "geometry": { "type": "Point", "coordinates": [ -70.64102, -33.439301 ] } },
{ "type": "Feature", "properties": { "BARRIO": "FRANKLIN", "DIA_SEMANA": "Sabado", "TIPO_DIA": "Semana", "TRAMO_HORA": "10 A 12 HRS", "MES": "febrero", "ZONA_1": "SURORIENTE", "AÑO": 2025 }, "geometry": { "type": "Point", "coordinates": [ -70.645384, -33.468365 ] } },
{ "type": "Feature", "properties": { "BARRIO": "EJERCITO", "DIA_SEMANA": "Sabado", "TIPO_DIA": "Semana", "TRAMO_HORA": "12 A 14 HRS", "MES": "febrero", "ZONA_1": "SURPONIENTE", "AÑO": 2025 }, "geometry": { "type": "Point", "coordinates": [ -70.664502, -33.451738 ] } },
{ "type": "Feature", "properties": { "BARRIO": "MATTA NORTE", "DIA_SEMANA": "Sabado", "TIPO_DIA": "Semana", "TRAMO_HORA": "12 A 14 HRS", "MES": "febrero", "ZONA_1": "SURORIENTE", "AÑO": 2025 }, "geometry": { "type": "Point", "coordinates": [ -70.63922, -33.464828 ] } },
{ "type": "Feature", "properties": { "BARRIO": "CENTRO HISTORICO", "DIA_SEMANA": "Sabado", "TIPO_DIA": "Semana", "TRAMO_HORA": "14 A 16 HRS", "MES": "febrero", "ZONA_1": "NORORIENTE", "AÑO": 2025 }, "geometry": { "type": "Point", "coordinates": [ -70.651427, -33.437342 ] } },
{ "type": "Feature", "properties": { "BARRIO": "PARQUE ALMAGRO", "DIA_SEMANA": "Sabado", "TIPO_DIA": "Semana", "TRAMO_HORA": "16 A 18 HRS", "MES": "febrero", "ZONA_1": "CENTRORIENTE", "AÑO": 2025 }, "geometry": { "type": "Point", "coordinates": [ -70.64843, -33.448808 ] } },
{ "type": "Feature", "properties": { "BARRIO": "SANTA ISABEL", "DIA_SEMANA": "Sabado", "TIPO_DIA": "Semana", "TRAMO_HORA": "20 A 22 HRS", "MES": "febrero", "ZONA_1": "CENTRORIENTE", "AÑO": 2025 }, "geometry": { "type": "Point", "coordinates": [ -70.640609, -33.450706 ] } },
{ "type": "Feature", "properties": { "BARRIO": "PARQUE ALMAGRO", "DIA_SEMANA": "Sabado", "TIPO_DIA": "Semana", "TRAMO_HORA": "20 A 22 HRS", "MES": "febrero", "ZONA_1": "CENTRORIENTE", "AÑO": 2025 }, "geometry": { "type": "Point", "coordinates": [ -70.646907, -33.448452 ] } },
{ "type": "Feature", "properties": { "BARRIO": "MATTA SUR", "DIA_SEMANA": "Sabado", "TIPO_DIA": "Semana", "TRAMO_HORA": "20 A 22 HRS", "MES": "febrero", "ZONA_1": "SURORIENTE", "AÑO": 2025 }, "geometry": { "type": "Point", "coordinates": [ -70.648916, -33.46255 ] } },
{ "type": "Feature", "properties": { "BARRIO": "BALMACEDA", "DIA_SEMANA": "Sabado", "TIPO_DIA": "Semana", "TRAMO_HORA": "22 A 00 HRS", "MES": "febrero", "ZONA_1": "NORPONIENTE", "AÑO": 2025 }, "geometry": { "type": "Point", "coordinates": [ -70.674102, -33.431495 ] } },
{ "type": "Feature", "properties": { "BARRIO": "MATTA SUR", "DIA_SEMANA": "Sabado", "TIPO_DIA": "Semana", "TRAMO_HORA": "22 A 00 HRS", "MES": "febrero", "ZONA_1": "SURORIENTE", "AÑO": 2025 }, "geometry": { "type": "Point", "coordinates": [ -70.640501, -33.45796 ] } },
{ "type": "Feature", "properties": { "BARRIO": "SANTA ISABEL", "DIA_SEMANA": "Domingo", "TIPO_DIA": "Semana", "TRAMO_HORA": "00 A 02 HRS", "MES": "febrero", "ZONA_1": "CENTRORIENTE", "AÑO": 2025 }, "geometry": { "type": "Point", "coordinates": [ -70.634279, -33.452739 ] } },
{ "type": "Feature", "properties": { "BARRIO": "SAN BORJA", "DIA_SEMANA": "Domingo", "TIPO_DIA": "Semana", "TRAMO_HORA": "02 A 04 HRS", "MES": "febrero", "ZONA_1": "NORORIENTE", "AÑO": 2025 }, "geometry": { "type": "Point", "coordinates": [ -70.643792, -33.447476 ] } },
{ "type": "Feature", "properties": { "BARRIO": "CENTRO HISTORICO", "DIA_SEMANA": "Domingo", "TIPO_DIA": "Semana", "TRAMO_HORA": "02 A 04 HRS", "MES": "febrero", "ZONA_1": "SURPONIENTE", "AÑO": 2025 }, "geometry": { "type": "Point", "coordinates": [ -70.65704, -33.471214 ] } },
{ "type": "Feature", "properties": { "BARRIO": "MATTA SUR", "DIA_SEMANA": "Domingo", "TIPO_DIA": "Semana", "TRAMO_HORA": "10 A 12 HRS", "MES": "febrero", "ZONA_1": "SURORIENTE", "AÑO": 2025 }, "geometry": { "type": "Point", "coordinates": [ -70.641658, -33.463164 ] } },
{ "type": "Feature", "properties": { "BARRIO": "PARQUE ALMAGRO", "DIA_SEMANA": "Domingo", "TIPO_DIA": "Semana", "TRAMO_HORA": "10 A 12 HRS", "MES": "febrero", "ZONA_1": "CENTRORIENTE", "AÑO": 2025 }, "geometry": { "type": "Point", "coordinates": [ -70.655273, -33.446022 ] } },
{ "type": "Feature", "properties": { "BARRIO": "MATTA SUR", "DIA_SEMANA": "Domingo", "TIPO_DIA": "Semana", "TRAMO_HORA": "12 A 14 HRS", "MES": "febrero", "ZONA_1": "SURORIENTE", "AÑO": 2025 }, "geometry": { "type": "Point", "coordinates": [ -70.641658, -33.463164 ] } },
{ "type": "Feature", "properties": { "BARRIO": "CLUB HIPICO", "DIA_SEMANA": "Domingo", "TIPO_DIA": "Semana", "TRAMO_HORA": "12 A 14 HRS", "MES": "febrero", "ZONA_1": "SURPONIENTE", "AÑO": 2025 }, "geometry": { "type": "Point", "coordinates": [ -70.675685, -33.467164 ] } },
{ "type": "Feature", "properties": { "BARRIO": "PARQUE ALMAGRO", "DIA_SEMANA": "Domingo", "TIPO_DIA": "Semana", "TRAMO_HORA": "18 A 20 HRS", "MES": "febrero", "ZONA_1": "CENTRORIENTE", "AÑO": 2025 }, "geometry": { "type": "Point", "coordinates": [ -70.647043, -33.448508 ] } },
{ "type": "Feature", "properties": { "BARRIO": "DIEZ DE JULIO", "DIA_SEMANA": "Domingo", "TIPO_DIA": "Semana", "TRAMO_HORA": "20 A 22 HRS", "MES": "febrero", "ZONA_1": "CENTRORIENTE", "AÑO": 2025 }, "geometry": { "type": "Point", "coordinates": [ -70.634182, -33.452692 ] } },
{ "type": "Feature", "properties": { "BARRIO": "SANTA ISABEL", "DIA_SEMANA": "Domingo", "TIPO_DIA": "Semana", "TRAMO_HORA": "20 A 22 HRS", "MES": "febrero", "ZONA_1": "CENTRORIENTE", "AÑO": 2025 }, "geometry": { "type": "Point", "coordinates": [ -70.641132, -33.450886 ] } },
{ "type": "Feature", "properties": { "BARRIO": "DIEZ DE JULIO", "DIA_SEMANA": "Domingo", "TIPO_DIA": "Semana", "TRAMO_HORA": "20 A 22 HRS", "MES": "febrero", "ZONA_1": "CENTRORIENTE", "AÑO": 2025 }, "geometry": { "type": "Point", "coordinates": [ -70.634279, -33.452739 ] } },
{ "type": "Feature", "properties": { "BARRIO": "DIEZ DE JULIO", "DIA_SEMANA": "Domingo", "TIPO_DIA": "Semana", "TRAMO_HORA": "20 A 22 HRS", "MES": "febrero", "ZONA_1": "CENTRORIENTE", "AÑO": 2025 }, "geometry": { "type": "Point", "coordinates": [ -70.641132, -33.450886 ] } },
{ "type": "Feature", "properties": { "BARRIO": "PARQUE ALMAGRO", "DIA_SEMANA": "Domingo", "TIPO_DIA": "Semana", "TRAMO_HORA": "20 A 22 HRS", "MES": "febrero", "ZONA_1": "CENTRORIENTE", "AÑO": 2025 }, "geometry": { "type": "Point", "coordinates": [ -70.646931, -33.448513 ] } },
{ "type": "Feature", "properties": { "BARRIO": "MATTA SUR", "DIA_SEMANA": "Domingo", "TIPO_DIA": "Semana", "TRAMO_HORA": "22 A 00 HRS", "MES": "febrero", "ZONA_1": "SURORIENTE", "AÑO": 2025 }, "geometry": { "type": "Point", "coordinates": [ -70.648916, -33.46255 ] } },
{ "type": "Feature", "properties": { "BARRIO": "CENTRO HISTORICO", "DIA_SEMANA": "Lunes", "TIPO_DIA": "Semana", "TRAMO_HORA": "08 A 10 HRS", "MES": "febrero", "ZONA_1": "NORORIENTE", "AÑO": 2025 }, "geometry": { "type": "Point", "coordinates": [ -70.648169, -33.439358 ] } },
{ "type": "Feature", "properties": { "BARRIO": "PARQUE ALMAGRO", "DIA_SEMANA": "Lunes", "TIPO_DIA": "Semana", "TRAMO_HORA": "08 A 10 HRS", "MES": "febrero", "ZONA_1": "CENTRORIENTE", "AÑO": 2025 }, "geometry": { "type": "Point", "coordinates": [ -70.650385, -33.451882 ] } },
{ "type": "Feature", "properties": { "BARRIO": "CENTRO HISTORICO", "DIA_SEMANA": "Lunes", "TIPO_DIA": "Semana", "TRAMO_HORA": "08 A 10 HRS", "MES": "febrero", "ZONA_1": "NORORIENTE", "AÑO": 2025 }, "geometry": { "type": "Point", "coordinates": [ -70.657922, -33.435395 ] } },
{ "type": "Feature", "properties": { "BARRIO": "YUNGAY", "DIA_SEMANA": "Lunes", "TIPO_DIA": "Semana", "TRAMO_HORA": "08 A 10 HRS", "MES": "febrero", "ZONA_1": "NORPONIENTE", "AÑO": 2025 }, "geometry": { "type": "Point", "coordinates": [ -70.679115, -33.448293 ] } },
{ "type": "Feature", "properties": { "BARRIO": "DIEZ DE JULIO", "DIA_SEMANA": "Lunes", "TIPO_DIA": "Semana", "TRAMO_HORA": "10 A 12 HRS", "MES": "febrero", "ZONA_1": "CENTRORIENTE", "AÑO": 2025 }, "geometry": { "type": "Point", "coordinates": [ -70.629934, -33.455389 ] } },
{ "type": "Feature", "properties": { "BARRIO": "DIEZ DE JULIO", "DIA_SEMANA": "Lunes", "TIPO_DIA": "Semana", "TRAMO_HORA": "10 A 12 HRS", "MES": "febrero", "ZONA_1": "CENTRORIENTE", "AÑO": 2025 }, "geometry": { "type": "Point", "coordinates": [ -70.637939, -33.452089 ] } },
{ "type": "Feature", "properties": { "BARRIO": "PARQUE ALMAGRO", "DIA_SEMANA": "Lunes", "TIPO_DIA": "Semana", "TRAMO_HORA": "10 A 12 HRS", "MES": "febrero", "ZONA_1": "CENTRORIENTE", "AÑO": 2025 }, "geometry": { "type": "Point", "coordinates": [ -70.652474, -33.450283 ] } },
{ "type": "Feature", "properties": { "BARRIO": "SAN BORJA", "DIA_SEMANA": "Lunes", "TIPO_DIA": "Semana", "TRAMO_HORA": "12 A 14 HRS", "MES": "febrero", "ZONA_1": "NORORIENTE", "AÑO": 2025 }, "geometry": { "type": "Point", "coordinates": [ -70.644011, -33.446191 ] } },
{ "type": "Feature", "properties": { "BARRIO": "MATTA NORTE", "DIA_SEMANA": "Lunes", "TIPO_DIA": "Semana", "TRAMO_HORA": "14 A 16 HRS", "MES": "febrero", "ZONA_1": "CENTRORIENTE", "AÑO": 2025 }, "geometry": { "type": "Point", "coordinates": [ -70.632033, -33.45349 ] } },
{ "type": "Feature", "properties": { "BARRIO": "PARQUE ALMAGRO", "DIA_SEMANA": "Lunes", "TIPO_DIA": "Semana", "TRAMO_HORA": "18 A 20 HRS", "MES": "febrero", "ZONA_1": "CENTRORIENTE", "AÑO": 2025 }, "geometry": { "type": "Point", "coordinates": [ -70.654031, -33.445347 ] } },
{ "type": "Feature", "properties": { "BARRIO": "EJERCITO", "DIA_SEMANA": "Lunes", "TIPO_DIA": "Semana", "TRAMO_HORA": "18 A 20 HRS", "MES": "febrero", "ZONA_1": "SURPONIENTE", "AÑO": 2025 }, "geometry": { "type": "Point", "coordinates": [ -70.664561, -33.451211 ] } },
{ "type": "Feature", "properties": { "BARRIO": "SAN BORJA", "DIA_SEMANA": "Lunes", "TIPO_DIA": "Semana", "TRAMO_HORA": "18 A 20 HRS", "MES": "febrero", "ZONA_1": "CENTRORIENTE", "AÑO": 2025 }, "geometry": { "type": "Point", "coordinates": [ -70.642925, -33.452409 ] } },
{ "type": "Feature", "properties": { "BARRIO": "YUNGAY", "DIA_SEMANA": "Lunes", "TIPO_DIA": "Semana", "TRAMO_HORA": "22 A 00 HRS", "MES": "febrero", "ZONA_1": "NORPONIENTE", "AÑO": 2025 }, "geometry": { "type": "Point", "coordinates": [ -70.691517, -33.439258 ] } },
{ "type": "Feature", "properties": { "BARRIO": "CENTRO HISTORICO", "DIA_SEMANA": "Martes", "TIPO_DIA": "Semana", "TRAMO_HORA": "08 A 10 HRS", "MES": "febrero", "ZONA_1": "NORORIENTE", "AÑO": 2025 }, "geometry": { "type": "Point", "coordinates": [ -70.648169, -33.439358 ] } },
{ "type": "Feature", "properties": { "BARRIO": "YUNGAY", "DIA_SEMANA": "Martes", "TIPO_DIA": "Semana", "TRAMO_HORA": "08 A 10 HRS", "MES": "febrero", "ZONA_1": "NORPONIENTE", "AÑO": 2025 }, "geometry": { "type": "Point", "coordinates": [ -70.679024, -33.443564 ] } },
{ "type": "Feature", "properties": { "BARRIO": "BOGOTA", "DIA_SEMANA": "Martes", "TIPO_DIA": "Semana", "TRAMO_HORA": "14 A 16 HRS", "MES": "febrero", "ZONA_1": "SURORIENTE", "AÑO": 2025 }, "geometry": { "type": "Point", "coordinates": [ -70.640129, -33.464873 ] } },
{ "type": "Feature", "properties": { "BARRIO": "BALMACEDA", "DIA_SEMANA": "Miercoles", "TIPO_DIA": "Semana", "TRAMO_HORA": "06 A 08 HRS", "MES": "febrero", "ZONA_1": "NORPONIENTE", "AÑO": 2025 }, "geometry": { "type": "Point", "coordinates": [ -70.669481, -33.429099 ] } },
{ "type": "Feature", "properties": { "BARRIO": "CENTRO HISTORICO", "DIA_SEMANA": "Miercoles", "TIPO_DIA": "Semana", "TRAMO_HORA": "10 A 12 HRS", "MES": "febrero", "ZONA_1": "NORORIENTE", "AÑO": 2025 }, "geometry": { "type": "Point", "coordinates": [ -70.648169, -33.439358 ] } },
{ "type": "Feature", "properties": { "BARRIO": "BRASIL", "DIA_SEMANA": "Miercoles", "TIPO_DIA": "Semana", "TRAMO_HORA": "12 A 14 HRS", "MES": "febrero", "ZONA_1": "NORPONIENTE", "AÑO": 2025 }, "geometry": { "type": "Point", "coordinates": [ -70.662824, -33.438611 ] } },
{ "type": "Feature", "properties": { "BARRIO": "BRASIL", "DIA_SEMANA": "Miercoles", "TIPO_DIA": "Semana", "TRAMO_HORA": "12 A 14 HRS", "MES": "febrero", "ZONA_1": "NORPONIENTE", "AÑO": 2025 }, "geometry": { "type": "Point", "coordinates": [ -70.673728, -33.435692 ] } },
{ "type": "Feature", "properties": { "BARRIO": "CENTRO HISTORICO", "DIA_SEMANA": "Miercoles", "TIPO_DIA": "Semana", "TRAMO_HORA": "12 A 14 HRS", "MES": "febrero", "ZONA_1": "NORORIENTE", "AÑO": 2025 }, "geometry": { "type": "Point", "coordinates": [ -70.654159, -33.436301 ] } },
{ "type": "Feature", "properties": { "BARRIO": "VIEL", "DIA_SEMANA": "Miercoles", "TIPO_DIA": "Semana", "TRAMO_HORA": "14 A 16 HRS", "MES": "febrero", "ZONA_1": "SURORIENTE", "AÑO": 2025 }, "geometry": { "type": "Point", "coordinates": [ -70.647542, -33.470913 ] } },
{ "type": "Feature", "properties": { "BARRIO": "CENTRO HISTORICO", "DIA_SEMANA": "Miercoles", "TIPO_DIA": "Semana", "TRAMO_HORA": "16 A 18 HRS", "MES": "febrero", "ZONA_1": "NORORIENTE", "AÑO": 2025 }, "geometry": { "type": "Point", "coordinates": [ -70.653666, -33.433198 ] } },
{ "type": "Feature", "properties": { "BARRIO": "SAN BORJA", "DIA_SEMANA": "Miercoles", "TIPO_DIA": "Semana", "TRAMO_HORA": "20 A 22 HRS", "MES": "febrero", "ZONA_1": "CENTRORIENTE", "AÑO": 2025 }, "geometry": { "type": "Point", "coordinates": [ -70.643331, -33.447518 ] } },
{ "type": "Feature", "properties": { "BARRIO": "YUNGAY", "DIA_SEMANA": "Miercoles", "TIPO_DIA": "Semana", "TRAMO_HORA": "22 A 00 HRS", "MES": "febrero", "ZONA_1": "NORPONIENTE", "AÑO": 2025 }, "geometry": { "type": "Point", "coordinates": [ -70.691517, -33.439258 ] } },
{ "type": "Feature", "properties": { "BARRIO": "SAN BORJA", "DIA_SEMANA": "Miercoles", "TIPO_DIA": "Semana", "TRAMO_HORA": "22 A 00 HRS", "MES": "febrero", "ZONA_1": "CENTRORIENTE", "AÑO": 2025 }, "geometry": { "type": "Point", "coordinates": [ -70.649213, -33.44982 ] } },
{ "type": "Feature", "properties": { "BARRIO": "BARRIO JUDICIAL", "DIA_SEMANA": "Jueves", "TIPO_DIA": "Semana", "TRAMO_HORA": "16 A 18 HRS", "MES": "febrero", "ZONA_1": "SURPONIENTE", "AÑO": 2025 }, "geometry": { "type": "Point", "coordinates": [ -70.664288, -33.473456 ] } },
{ "type": "Feature", "properties": { "BARRIO": "SANTA LUCIA FORESTAL", "DIA_SEMANA": "Jueves", "TIPO_DIA": "Semana", "TRAMO_HORA": "20 A 22 HRS", "MES": "febrero", "ZONA_1": "NORORIENTE", "AÑO": 2025 }, "geometry": { "type": "Point", "coordinates": [ -70.641021, -33.43794 ] } },
{ "type": "Feature", "properties": { "BARRIO": "MATTA SUR", "DIA_SEMANA": "Jueves", "TIPO_DIA": "Semana", "TRAMO_HORA": "20 A 22 HRS", "MES": "febrero", "ZONA_1": "SURORIENTE", "AÑO": 2025 }, "geometry": { "type": "Point", "coordinates": [ -70.648916, -33.46255 ] } },
{ "type": "Feature", "properties": { "BARRIO": "CENTRO HISTORICO", "DIA_SEMANA": "Jueves", "TIPO_DIA": "Semana", "TRAMO_HORA": "00 A 02 HRS", "MES": "febrero", "ZONA_1": "NORORIENTE", "AÑO": 2025 }, "geometry": { "type": "Point", "coordinates": [ -70.660049, -33.434435 ] } },
{ "type": "Feature", "properties": { "BARRIO": "SANTA LUCIA FORESTAL", "DIA_SEMANA": "Jueves", "TIPO_DIA": "Semana", "TRAMO_HORA": "08 A 10 HRS", "MES": "febrero", "ZONA_1": "NORORIENTE", "AÑO": 2025 }, "geometry": { "type": "Point", "coordinates": [ -70.645573, -33.438493 ] } },
{ "type": "Feature", "properties": { "BARRIO": "MATTA SUR", "DIA_SEMANA": "Jueves", "TIPO_DIA": "Semana", "TRAMO_HORA": "10 A 12 HRS", "MES": "febrero", "ZONA_1": "SURORIENTE", "AÑO": 2025 }, "geometry": { "type": "Point", "coordinates": [ -70.640056, -33.457798 ] } },
{ "type": "Feature", "properties": { "BARRIO": "BARRIO UNIVERSITARIO", "DIA_SEMANA": "Jueves", "TIPO_DIA": "Semana", "TRAMO_HORA": "10 A 12 HRS", "MES": "febrero", "ZONA_1": "SURPONIENTE", "AÑO": 2025 }, "geometry": { "type": "Point", "coordinates": [ -70.67656, -33.452103 ] } },
{ "type": "Feature", "properties": { "BARRIO": "MATTA SUR", "DIA_SEMANA": "Jueves", "TIPO_DIA": "Semana", "TRAMO_HORA": "10 A 12 HRS", "MES": "febrero", "ZONA_1": "SURORIENTE", "AÑO": 2025 }, "geometry": { "type": "Point", "coordinates": [ -70.641837, -33.46206 ] } },
{ "type": "Feature", "properties": { "BARRIO": "SAN VICENTE", "DIA_SEMANA": "Jueves", "TIPO_DIA": "Semana", "TRAMO_HORA": "12 A 14 HRS", "MES": "febrero", "ZONA_1": "SURPONIENTE", "AÑO": 2025 }, "geometry": { "type": "Point", "coordinates": [ -70.675474, -33.450472 ] } },
{ "type": "Feature", "properties": { "BARRIO": "CENTRO HISTORICO", "DIA_SEMANA": "Jueves", "TIPO_DIA": "Semana", "TRAMO_HORA": "14 A 16 HRS", "MES": "febrero", "ZONA_1": "NORORIENTE", "AÑO": 2025 }, "geometry": { "type": "Point", "coordinates": [ -70.654159, -33.436301 ] } },
{ "type": "Feature", "properties": { "BARRIO": "PARQUE ALMAGRO", "DIA_SEMANA": "Jueves", "TIPO_DIA": "Semana", "TRAMO_HORA": "18 A 20 HRS", "MES": "febrero", "ZONA_1": "CENTRORIENTE", "AÑO": 2025 }, "geometry": { "type": "Point", "coordinates": [ -70.649431, -33.444213 ] } },
{ "type": "Feature", "properties": { "BARRIO": "SANTA ISABEL", "DIA_SEMANA": "Jueves", "TIPO_DIA": "Semana", "TRAMO_HORA": "18 A 20 HRS", "MES": "febrero", "ZONA_1": "NORORIENTE", "AÑO": 2025 }, "geometry": { "type": "Point", "coordinates": [ -70.644295, -33.443677 ] } },
{ "type": "Feature", "properties": { "BARRIO": "SANTA LUCIA FORESTAL", "DIA_SEMANA": "Jueves", "TIPO_DIA": "Semana", "TRAMO_HORA": "18 A 20 HRS", "MES": "febrero", "ZONA_1": "NORORIENTE", "AÑO": 2025 }, "geometry": { "type": "Point", "coordinates": [ -70.640988, -33.437654 ] } },
{ "type": "Feature", "properties": { "BARRIO": "SAN BORJA", "DIA_SEMANA": "Jueves", "TIPO_DIA": "Semana", "TRAMO_HORA": "18 A 20 HRS", "MES": "febrero", "ZONA_1": "NORORIENTE", "AÑO": 2025 }, "geometry": { "type": "Point", "coordinates": [ -70.644596, -33.443615 ] } },
{ "type": "Feature", "properties": { "BARRIO": "SAN BORJA", "DIA_SEMANA": "Jueves", "TIPO_DIA": "Semana", "TRAMO_HORA": "18 A 20 HRS", "MES": "febrero", "ZONA_1": "NORORIENTE", "AÑO": 2025 }, "geometry": { "type": "Point", "coordinates": [ -70.644596, -33.443882 ] } },
{ "type": "Feature", "properties": { "BARRIO": "CENTRO HISTORICO", "DIA_SEMANA": "Jueves", "TIPO_DIA": "Semana", "TRAMO_HORA": "20 A 22 HRS", "MES": "febrero", "ZONA_1": "SURPONIENTE", "AÑO": 2025 }, "geometry": { "type": "Point", "coordinates": [ -70.658629, -33.454086 ] } },
{ "type": "Feature", "properties": { "BARRIO": "SANTA LUCIA FORESTAL", "DIA_SEMANA": "Jueves", "TIPO_DIA": "Semana", "TRAMO_HORA": "20 A 22 HRS", "MES": "febrero", "ZONA_1": "NORORIENTE", "AÑO": 2025 }, "geometry": { "type": "Point", "coordinates": [ -70.64102, -33.439301 ] } },
{ "type": "Feature", "properties": { "BARRIO": "YUNGAY", "DIA_SEMANA": "Jueves", "TIPO_DIA": "Semana", "TRAMO_HORA": "20 A 22 HRS", "MES": "febrero", "ZONA_1": "NORPONIENTE", "AÑO": 2025 }, "geometry": { "type": "Point", "coordinates": [ -70.691517, -33.439258 ] } },
{ "type": "Feature", "properties": { "BARRIO": "MATTA SUR", "DIA_SEMANA": "Jueves", "TIPO_DIA": "Semana", "TRAMO_HORA": "20 A 22 HRS", "MES": "febrero", "ZONA_1": "SURORIENTE", "AÑO": 2025 }, "geometry": { "type": "Point", "coordinates": [ -70.640056, -33.457798 ] } },
{ "type": "Feature", "properties": { "BARRIO": "CENTRO HISTORICO", "DIA_SEMANA": "Jueves", "TIPO_DIA": "Semana", "TRAMO_HORA": "20 A 22 HRS", "MES": "febrero", "ZONA_1": "NORORIENTE", "AÑO": 2025 }, "geometry": { "type": "Point", "coordinates": [ -70.658999, -33.433317 ] } },
{ "type": "Feature", "properties": { "BARRIO": "SAN BORJA", "DIA_SEMANA": "Viernes", "TIPO_DIA": "Semana", "TRAMO_HORA": "00 A 02 HRS", "MES": "febrero", "ZONA_1": "CENTRORIENTE", "AÑO": 2025 }, "geometry": { "type": "Point", "coordinates": [ -70.642648, -33.451234 ] } },
{ "type": "Feature", "properties": { "BARRIO": "MATTA NORTE", "DIA_SEMANA": "Viernes", "TIPO_DIA": "Semana", "TRAMO_HORA": "10 A 12 HRS", "MES": "febrero", "ZONA_1": "CENTRORIENTE", "AÑO": 2025 }, "geometry": { "type": "Point", "coordinates": [ -70.645225, -33.457319 ] } },
{ "type": "Feature", "properties": { "BARRIO": "MEIGGS", "DIA_SEMANA": "Viernes", "TIPO_DIA": "Semana", "TRAMO_HORA": "12 A 14 HRS", "MES": "febrero", "ZONA_1": "SURPONIENTE", "AÑO": 2025 }, "geometry": { "type": "Point", "coordinates": [ -70.675501, -33.45035 ] } },
{ "type": "Feature", "properties": { "BARRIO": "YUNGAY", "DIA_SEMANA": "Viernes", "TIPO_DIA": "Semana", "TRAMO_HORA": "14 A 16 HRS", "MES": "febrero", "ZONA_1": "NORPONIENTE", "AÑO": 2025 }, "geometry": { "type": "Point", "coordinates": [ -70.671607, -33.435108 ] } },
{ "type": "Feature", "properties": { "BARRIO": "CENTRO HISTORICO", "DIA_SEMANA": "Viernes", "TIPO_DIA": "Semana", "TRAMO_HORA": "14 A 16 HRS", "MES": "febrero", "ZONA_1": "NORORIENTE", "AÑO": 2025 }, "geometry": { "type": "Point", "coordinates": [ -70.65201, -33.437408 ] } },
{ "type": "Feature", "properties": { "BARRIO": "CENTRO HISTORICO", "DIA_SEMANA": "Viernes", "TIPO_DIA": "Semana", "TRAMO_HORA": "16 A 18 HRS", "MES": "febrero", "ZONA_1": "NORORIENTE", "AÑO": 2025 }, "geometry": { "type": "Point", "coordinates": [ -70.654159, -33.436301 ] } },
{ "type": "Feature", "properties": { "BARRIO": "BARRIO JUDICIAL", "DIA_SEMANA": "Viernes", "TIPO_DIA": "Semana", "TRAMO_HORA": "16 A 18 HRS", "MES": "febrero", "ZONA_1": "SURPONIENTE", "AÑO": 2025 }, "geometry": { "type": "Point", "coordinates": [ -70.664288, -33.473456 ] } },
{ "type": "Feature", "properties": { "BARRIO": "CENTRO HISTORICO", "DIA_SEMANA": "Viernes", "TIPO_DIA": "Semana", "TRAMO_HORA": "16 A 18 HRS", "MES": "febrero", "ZONA_1": "NORORIENTE", "AÑO": 2025 }, "geometry": { "type": "Point", "coordinates": [ -70.646356, -33.437666 ] } },
{ "type": "Feature", "properties": { "BARRIO": "SANTA ANA", "DIA_SEMANA": "Viernes", "TIPO_DIA": "Semana", "TRAMO_HORA": "18 A 20 HRS", "MES": "febrero", "ZONA_1": "NORORIENTE", "AÑO": 2025 }, "geometry": { "type": "Point", "coordinates": [ -70.651794, -33.437383 ] } },
{ "type": "Feature", "properties": { "BARRIO": "SANTA ELENA", "DIA_SEMANA": "Viernes", "TIPO_DIA": "Semana", "TRAMO_HORA": "18 A 20 HRS", "MES": "febrero", "ZONA_1": "SURORIENTE", "AÑO": 2025 }, "geometry": { "type": "Point", "coordinates": [ -70.62915, -33.458145 ] } },
{ "type": "Feature", "properties": { "BARRIO": "YUNGAY", "DIA_SEMANA": "Viernes", "TIPO_DIA": "Semana", "TRAMO_HORA": "18 A 20 HRS", "MES": "febrero", "ZONA_1": "NORPONIENTE", "AÑO": 2025 }, "geometry": { "type": "Point", "coordinates": [ -70.671286, -33.442534 ] } },
{ "type": "Feature", "properties": { "BARRIO": "SANTA LUCIA FORESTAL", "DIA_SEMANA": "Viernes", "TIPO_DIA": "Semana", "TRAMO_HORA": "20 A 22 HRS", "MES": "febrero", "ZONA_1": "NORORIENTE", "AÑO": 2025 }, "geometry": { "type": "Point", "coordinates": [ -70.64116, -33.4387 ] } },
{ "type": "Feature", "properties": { "BARRIO": "SAN BORJA", "DIA_SEMANA": "Viernes", "TIPO_DIA": "Semana", "TRAMO_HORA": "20 A 22 HRS", "MES": "febrero", "ZONA_1": "NORORIENTE", "AÑO": 2025 }, "geometry": { "type": "Point", "coordinates": [ -70.644038, -33.446378 ] } },
{ "type": "Feature", "properties": { "BARRIO": "SANTA LUCIA FORESTAL", "DIA_SEMANA": "Viernes", "TIPO_DIA": "Semana", "TRAMO_HORA": "20 A 22 HRS", "MES": "febrero", "ZONA_1": "NORORIENTE", "AÑO": 2025 }, "geometry": { "type": "Point", "coordinates": [ -70.645354, -33.43765 ] } },
{ "type": "Feature", "properties": { "BARRIO": "YUNGAY", "DIA_SEMANA": "Viernes", "TIPO_DIA": "Semana", "TRAMO_HORA": "22 A 00 HRS", "MES": "febrero", "ZONA_1": "NORORIENTE", "AÑO": 2025 }, "geometry": { "type": "Point", "coordinates": [ -70.659936, -33.431999 ] } },
{ "type": "Feature", "properties": { "BARRIO": "PARQUE ALMAGRO", "DIA_SEMANA": "Viernes", "TIPO_DIA": "Semana", "TRAMO_HORA": "22 A 00 HRS", "MES": "febrero", "ZONA_1": "CENTRORIENTE", "AÑO": 2025 }, "geometry": { "type": "Point", "coordinates": [ -70.649116, -33.449971 ] } },
{ "type": "Feature", "properties": { "BARRIO": "MATTA NORTE", "DIA_SEMANA": "Viernes", "TIPO_DIA": "Semana", "TRAMO_HORA": "22 A 00 HRS", "MES": "febrero", "ZONA_1": "SURORIENTE", "AÑO": 2025 }, "geometry": { "type": "Point", "coordinates": [ -70.640195, -33.457828 ] } },
{ "type": "Feature", "properties": { "BARRIO": "MEIGGS", "DIA_SEMANA": "Jueves", "TIPO_DIA": "Semana", "TRAMO_HORA": "14 A 16 HRS", "MES": "febrero", "ZONA_1": "SURPONIENTE", "AÑO": 2025 }, "geometry": { "type": "Point", "coordinates": [ -70.674988, -33.458272 ] } },
{ "type": "Feature", "properties": { "BARRIO": "FRANKLIN", "DIA_SEMANA": "Jueves", "TIPO_DIA": "Semana", "TRAMO_HORA": "08 A 10 HRS", "MES": "febrero", "ZONA_1": "SURORIENTE", "AÑO": 2025 }, "geometry": { "type": "Point", "coordinates": [ -70.639124, -33.472946 ] } },
{ "type": "Feature", "properties": { "BARRIO": "YUNGAY", "DIA_SEMANA": "Viernes", "TIPO_DIA": "Semana", "TRAMO_HORA": "10 A 12 HRS", "MES": "febrero", "ZONA_1": "NORPONIENTE", "AÑO": 2025 }, "geometry": { "type": "Point", "coordinates": [ -70.670881, -33.444896 ] } }
]
}
