{"type":"FeatureCollection","name":"03_LIMITE_BARRIOS","crs":{"type":"name","properties":{"name":"urn:ogc:def:crs:OGC:1.3:CRS84"}},"features":[{"type":"Feature","properties":{"OBJECTID":1,"BARRIO":"SAN VICENTE"},"geometry":{"type":"Polygon","coordinates":[[[-70.6721393,-33.4583909],[-70.6721137,-33.4585526],[-70.6720744,-33.458977],[-70.6720315,-33.4593039],[-70.6719766,-33.459723],[-70.6719269,-33.4601019],[-70.6719268,-33.4601027],[-70.6719263,-33.4601072],[-70.6719048,-33.4602786],[-70.6719047,-33.4602791],[-70.6717826,-33.4612535],[-70.6716323,-33.4623919],[-70.6716305,-33.46241],[-70.67162,-33.4625149],[-70.6715506,-33.4632131],[-70.6715209,-33.4635126],[-70.6715207,-33.463514],[-70.6715577,-33.4646745],[-70.6715577,-33.4646749],[-70.6715395,-33.464792],[-70.6715395,-33.4647925],[-70.6715668,-33.4662165],[-70.6716565,-33.4662964],[-70.6716571,-33.4662969],[-70.6716797,-33.4663141],[-70.6716917,-33.4663279],[-70.6717078,-33.4663464],[-70.6717108,-33.4663498],[-70.6717115,-33.4663518],[-70.6717251,-33.4663912],[-70.6717263,-33.4663947],[-70.6717271,-33.4664397],[-70.6717271,-33.4664399],[-70.6717031,-33.4664852],[-70.6716384,-33.4665311],[-70.6716419,-33.4665295],[-70.6718145,-33.4664504],[-70.6718208,-33.4664475],[-70.671848,-33.4664478],[-70.6730142,-33.4664585],[-70.6730143,-33.4664585],[-70.6734945,-33.466479],[-70.674008,-33.4664973],[-70.6740201,-33.4664978],[-70.6742936,-33.4665043],[-70.6742938,-33.4665043],[-70.6747412,-33.4665148],[-70.6747496,-33.466515],[-70.6755101,-33.466533],[-70.6755938,-33.4665408],[-70.6755939,-33.4665408],[-70.6759795,-33.4665537],[-70.6759797,-33.4665537],[-70.6766006,-33.4665723],[-70.677023,-33.4665937],[-70.6779929,-33.4666318],[-70.678653,-33.4666578],[-70.6789425,-33.4666692],[-70.6789655,-33.4666701],[-70.6789509,-33.466485],[-70.6789381,-33.4663225],[-70.6789372,-33.4663114],[-70.6789358,-33.4662935],[-70.6789225,-33.4661246],[-70.6788857,-33.4656569],[-70.6788778,-33.4655573],[-70.6788574,-33.4652977],[-70.6788523,-33.4652337],[-70.6788384,-33.4650564],[-70.6788294,-33.4649423],[-70.6788279,-33.4649196],[-70.6788165,-33.4647389],[-70.6788106,-33.4646462],[-70.6788062,-33.4645762],[-70.6787707,-33.4640168],[-70.6787707,-33.4640168],[-70.6787656,-33.4639462],[-70.6787587,-33.4638519],[-70.6787499,-33.4637305],[-70.6787473,-33.4636922],[-70.6787412,-33.4636019],[-70.6787352,-33.4635124],[-70.6787308,-33.4634464],[-70.6787272,-33.4633926],[-70.6787188,-33.4632667],[-70.6787036,-33.4630365],[-70.6786995,-33.4629759],[-70.6786987,-33.4629633],[-70.678685,-33.4627574],[-70.6786646,-33.4624826],[-70.6786476,-33.4622512],[-70.6786131,-33.4617799],[-70.6785874,-33.4614105],[-70.6785509,-33.4608843],[-70.678512,-33.4603248],[-70.6785049,-33.4602347],[-70.6783982,-33.4587911],[-70.678378,-33.4585185],[-70.6783555,-33.4582212],[-70.6783218,-33.4582135],[-70.6781131,-33.4581661],[-70.6777137,-33.4582472],[-70.6773296,-33.4583251],[-70.6773294,-33.4583252],[-70.6763746,-33.458519],[-70.6762631,-33.4585417],[-70.676262,-33.4585426],[-70.6762075,-33.4585894],[-70.6761458,-33.4586423],[-70.6761456,-33.4586425],[-70.6760691,-33.4585452],[-70.6760684,-33.4585443],[-70.6755081,-33.4585151],[-70.6751925,-33.4584986],[-70.6749709,-33.458487],[-70.6749698,-33.4584878],[-70.6748557,-33.4585696],[-70.6748555,-33.4585697],[-70.6747777,-33.4584726],[-70.674777,-33.4584716],[-70.6738647,-33.4584154],[-70.6737075,-33.4584057],[-70.6737074,-33.4584058],[-70.6735965,-33.4584964],[-70.6735963,-33.4584966],[-70.6735122,-33.4583994],[-70.6735114,-33.4583985],[-70.6723525,-33.458333],[-70.6723503,-33.4583336],[-70.6721401,-33.4583898],[-70.6721394,-33.45839],[-70.6721394,-33.4583901],[-70.6721394,-33.4583904],[-70.6721393,-33.4583908],[-70.6721393,-33.4583909]]]}},{"type":"Feature","properties":{"OBJECTID":2,"BARRIO":"SAN EUGENIO"},"geometry":{"type":"MultiPolygon","coordinates":[[[[-70.6715777,-33.4767685],[-70.6715773,-33.4771613],[-70.6715772,-33.4772185],[-70.6715772,-33.4772748],[-70.671577,-33.4773992],[-70.6715768,-33.4775614],[-70.6715768,-33.4775621],[-70.6715793,-33.4778058],[-70.6715809,-33.4779679],[-70.671583,-33.4781792],[-70.6715837,-33.4782531],[-70.6715839,-33.4782759],[-70.6715858,-33.4784683],[-70.6716553,-33.4784642],[-70.6716839,-33.4784625],[-70.6717099,-33.4784622],[-70.6721309,-33.4784571],[-70.6722989,-33.4784552],[-70.6723847,-33.4784541],[-70.6726548,-33.4784509],[-70.6731931,-33.4784445],[-70.6737742,-33.4784376],[-70.6738985,-33.4784361],[-70.6744775,-33.4784292],[-70.6744836,-33.4784292],[-70.6745274,-33.4784286],[-70.6745583,-33.4784282],[-70.6747032,-33.4784262],[-70.6747139,-33.4784261],[-70.6748246,-33.4784246],[-70.6749426,-33.478423],[-70.6749426,-33.478423],[-70.6749637,-33.4784227],[-70.6754801,-33.4784157],[-70.6760818,-33.4784076],[-70.6765525,-33.4784012],[-70.6765533,-33.4784012],[-70.6768959,-33.4783965],[-70.6781295,-33.4783798],[-70.6784903,-33.478375],[-70.6786467,-33.4783728],[-70.6790715,-33.4783671],[-70.6795636,-33.4783604],[-70.67971,-33.4783584],[-70.6797362,-33.4783581],[-70.6797697,-33.4783576],[-70.679874,-33.4783562],[-70.6799224,-33.4783556],[-70.6800768,-33.4783535],[-70.6801317,-33.4783527],[-70.6801369,-33.4783526],[-70.6801674,-33.4783522],[-70.6801802,-33.4783521],[-70.6801931,-33.4783519],[-70.6802372,-33.4783513],[-70.6802607,-33.478351],[-70.6802611,-33.478351],[-70.6804448,-33.4783525],[-70.6804504,-33.4783526],[-70.6804541,-33.4783526],[-70.6804633,-33.4783528],[-70.6805246,-33.4783537],[-70.6806991,-33.4783563],[-70.6807601,-33.4783572],[-70.6807691,-33.4783573],[-70.6807826,-33.4783575],[-70.6808032,-33.4783578],[-70.6807002,-33.4769504],[-70.6806955,-33.4768832],[-70.680249,-33.4768675],[-70.6796168,-33.4768451],[-70.6791939,-33.4768356],[-70.6787821,-33.4768284],[-70.6782003,-33.4768273],[-70.6779148,-33.4768275],[-70.677669,-33.4768277],[-70.6774182,-33.4768365],[-70.6770365,-33.4768499],[-70.6766946,-33.4768619],[-70.6764657,-33.47687],[-70.6762549,-33.4768758],[-70.6759945,-33.4768794],[-70.6758482,-33.4768814],[-70.6757356,-33.4768735],[-70.6753966,-33.4768459],[-70.6750425,-33.4768103],[-70.67461,-33.4767669],[-70.6742169,-33.4767275],[-70.6739893,-33.476708],[-70.6737201,-33.4766849],[-70.6735475,-33.4766779],[-70.673369,-33.4766803],[-70.6732939,-33.4766813],[-70.6732193,-33.4767015],[-70.6731196,-33.4767293],[-70.6731183,-33.4767288],[-70.6717698,-33.4767635],[-70.6716118,-33.4767675],[-70.6715839,-33.4767682],[-70.6715777,-33.4767684],[-70.6715777,-33.4767685]]],[[[-70.6715735,-33.4766513],[-70.6715738,-33.4766617],[-70.6715773,-33.4765863],[-70.6715735,-33.4766513]]]]}},{"type":"Feature","properties":{"OBJECTID":3,"BARRIO":"SAN EUGENIO"},"geometry":{"type":"Polygon","coordinates":[[[-70.6789655,-33.4666706],[-70.6789655,-33.4666701],[-70.6789425,-33.4666692],[-70.678653,-33.4666578],[-70.6779929,-33.4666318],[-70.677023,-33.4665937],[-70.6766006,-33.4665723],[-70.6759797,-33.4665537],[-70.6759795,-33.4665537],[-70.6755939,-33.4665408],[-70.6755938,-33.4665408],[-70.6755101,-33.466533],[-70.6747496,-33.466515],[-70.6747412,-33.4665148],[-70.6742938,-33.4665043],[-70.6742936,-33.4665043],[-70.6740201,-33.4664978],[-70.674008,-33.4664973],[-70.6734945,-33.466479],[-70.6730143,-33.4664585],[-70.6730142,-33.4664585],[-70.671848,-33.4664478],[-70.6718208,-33.4664475],[-70.6718145,-33.4664504],[-70.6716419,-33.4665295],[-70.6716384,-33.4665311],[-70.6716364,-33.4665318],[-70.6715336,-33.4665656],[-70.6714512,-33.4665926],[-70.671451,-33.4665933],[-70.6714021,-33.4667243],[-70.6713595,-33.4667695],[-70.6710608,-33.4670873],[-70.6709833,-33.4671139],[-70.6709462,-33.4671266],[-70.670946,-33.4671267],[-70.6708868,-33.4671509],[-70.6708156,-33.46718],[-70.6703877,-33.4676366],[-70.6700396,-33.4680081],[-70.6698421,-33.4682189],[-70.6698188,-33.468318],[-70.6697031,-33.4683662],[-70.6688261,-33.4693003],[-70.668826,-33.4693024],[-70.6688247,-33.4693746],[-70.6688247,-33.4693748],[-70.6688247,-33.4693748],[-70.6688162,-33.4693753],[-70.6687524,-33.4693784],[-70.6686262,-33.4695128],[-70.6681267,-33.4700449],[-70.667781,-33.4704131],[-70.6677411,-33.4705136],[-70.6677114,-33.4705881],[-70.6674515,-33.4705555],[-70.6648829,-33.4705089],[-70.6648829,-33.4705089],[-70.6634487,-33.470456],[-70.6631737,-33.4703695],[-70.6630612,-33.470344],[-70.662786,-33.4703309],[-70.6623204,-33.4703088],[-70.6622006,-33.4703555],[-70.662192,-33.4703507],[-70.662137,-33.4703138],[-70.6621247,-33.4703129],[-70.6620908,-33.4702939],[-70.6610406,-33.4702358],[-70.6609496,-33.4702641],[-70.6608518,-33.4702113],[-70.6598609,-33.4701614],[-70.6596466,-33.4702094],[-70.6596465,-33.4702103],[-70.6596465,-33.4702103],[-70.6596349,-33.4703178],[-70.6596348,-33.4703187],[-70.6595454,-33.4717258],[-70.6595453,-33.4717267],[-70.6594531,-33.4733106],[-70.6594531,-33.4733107],[-70.659453,-33.4733125],[-70.6595484,-33.4734318],[-70.6612094,-33.4735235],[-70.6612849,-33.4734099],[-70.6613195,-33.4735292],[-70.6615191,-33.4735401],[-70.6617344,-33.4735518],[-70.6632375,-33.4736337],[-70.663253,-33.4736111],[-70.6633042,-33.4735362],[-70.6633044,-33.4735364],[-70.663383,-33.4736413],[-70.6633863,-33.4736457],[-70.6633863,-33.4736457],[-70.6634446,-33.473649],[-70.664611,-33.4737144],[-70.664611,-33.4737144],[-70.6646682,-33.4737176],[-70.6647598,-33.4737228],[-70.6648032,-33.4736825],[-70.6648653,-33.473625],[-70.6648657,-33.4736247],[-70.6648654,-33.4736252],[-70.6648647,-33.4736268],[-70.6648364,-33.4736897],[-70.6648213,-33.4737232],[-70.6648016,-33.473767],[-70.6647971,-33.4740666],[-70.6647934,-33.4743064],[-70.6647933,-33.4743167],[-70.6647933,-33.4743167],[-70.6647932,-33.4743179],[-70.6647933,-33.4743181],[-70.6648258,-33.4744564],[-70.6648259,-33.474457],[-70.6647907,-33.4745962],[-70.6647893,-33.4746021],[-70.6647847,-33.4750903],[-70.6647849,-33.4750908],[-70.6647862,-33.4750939],[-70.664819,-33.4751759],[-70.6648187,-33.4751765],[-70.6647998,-33.475217],[-70.6647847,-33.4752492],[-70.664781,-33.4752571],[-70.6647749,-33.4756295],[-70.6647811,-33.4756427],[-70.6648063,-33.4756965],[-70.6648125,-33.4757097],[-70.6648126,-33.4757097],[-70.6648126,-33.4757099],[-70.6651634,-33.475717],[-70.6666966,-33.4757478],[-70.6678538,-33.475771],[-70.6678539,-33.475771],[-70.6681402,-33.4757744],[-70.6685282,-33.4757791],[-70.6688648,-33.4757884],[-70.6689097,-33.4757896],[-70.6689098,-33.4757896],[-70.6690196,-33.4757909],[-70.6693015,-33.4757943],[-70.6697445,-33.4758014],[-70.6703164,-33.4758106],[-70.6703165,-33.4758106],[-70.6715931,-33.4758343],[-70.6715931,-33.4758349],[-70.6715942,-33.4760658],[-70.6715942,-33.4760663],[-70.6715942,-33.4760693],[-70.6715941,-33.47607],[-70.6715938,-33.4760709],[-70.671593,-33.4760739],[-70.6715929,-33.4760799],[-70.6715928,-33.476109],[-70.6715927,-33.4761324],[-70.6715924,-33.4762019],[-70.6715924,-33.4762141],[-70.6715919,-33.4763115],[-70.6715918,-33.4763444],[-70.6715794,-33.476552],[-70.6715773,-33.4765863],[-70.6715777,-33.4765855],[-70.6716311,-33.476455],[-70.671672,-33.4763553],[-70.6716781,-33.4763161],[-70.6716909,-33.4762342],[-70.6716918,-33.4762098],[-70.6716927,-33.4761859],[-70.6716932,-33.4761838],[-70.6716943,-33.47618],[-70.6717035,-33.4761454],[-70.6717101,-33.476121],[-70.6717106,-33.476119],[-70.6717107,-33.4761171],[-70.6717135,-33.4760686],[-70.6717136,-33.476066],[-70.6717153,-33.4760362],[-70.6717206,-33.4759991],[-70.6717224,-33.4759865],[-70.6717277,-33.4759638],[-70.6717341,-33.4759457],[-70.6717419,-33.4759321],[-70.6717491,-33.4759185],[-70.6717579,-33.4759048],[-70.6717707,-33.4758911],[-70.6717829,-33.4758774],[-70.6717962,-33.4758682],[-70.6718152,-33.475859],[-70.6718193,-33.4758566],[-70.6718391,-33.4758451],[-70.6718642,-33.4758357],[-70.6719252,-33.4758124],[-70.6720067,-33.4757797],[-70.6720963,-33.4757514],[-70.6721891,-33.4757186],[-70.6722819,-33.4756813],[-70.6723673,-33.4756486],[-70.672411,-33.47563],[-70.672447,-33.4756114],[-70.6724846,-33.4755884],[-70.6725141,-33.47557],[-70.6725699,-33.4755151],[-70.6726172,-33.4754558],[-70.6726636,-33.4753876],[-70.6727089,-33.4753103],[-70.6727489,-33.4752376],[-70.6727825,-33.4751695],[-70.6728098,-33.4751015],[-70.6728296,-33.4750472],[-70.6728434,-33.4749929],[-70.6728538,-33.4749386],[-70.6728679,-33.4748588],[-70.6728738,-33.4748256],[-70.6728935,-33.4747848],[-70.6728984,-33.4747576],[-70.6728992,-33.4746818],[-70.6728997,-33.4746456],[-70.6729,-33.4746194],[-70.6729001,-33.4746051],[-70.672901,-33.474526],[-70.6729038,-33.4742882],[-70.6729097,-33.4737745],[-70.6729085,-33.4734093],[-70.6729077,-33.4731587],[-70.6729073,-33.4730229],[-70.6729063,-33.4727014],[-70.6729114,-33.4722889],[-70.6729132,-33.4721422],[-70.6729159,-33.4719257],[-70.6729224,-33.4716325],[-70.6729304,-33.4712719],[-70.6729447,-33.4706267],[-70.6729448,-33.4706267],[-70.672945,-33.4706267],[-70.6729813,-33.4706266],[-70.6732068,-33.4706262],[-70.6736864,-33.4706254],[-70.6740994,-33.4706246],[-70.6742202,-33.4706275],[-70.6742202,-33.4706275],[-70.6743703,-33.4706286],[-70.6745422,-33.4706298],[-70.675486,-33.4706364],[-70.6755348,-33.4706368],[-70.6755352,-33.4706368],[-70.6762769,-33.4706481],[-70.6764733,-33.4706511],[-70.6767892,-33.4706559],[-70.6769628,-33.4706595],[-70.6775726,-33.4706724],[-70.6775727,-33.4706724],[-70.6777937,-33.4706733],[-70.6780744,-33.4706746],[-70.6780751,-33.4706746],[-70.6783331,-33.4706761],[-70.6785422,-33.4706773],[-70.6785433,-33.4706773],[-70.6791464,-33.4706781],[-70.6791468,-33.4706781],[-70.6794481,-33.4706778],[-70.6794529,-33.4706778],[-70.6794891,-33.4706778],[-70.6795717,-33.4706778],[-70.6795812,-33.4706777],[-70.6795994,-33.4706777],[-70.6796098,-33.4706777],[-70.6796621,-33.4706777],[-70.6796685,-33.4706777],[-70.6797432,-33.4706776],[-70.6797472,-33.4706776],[-70.6797739,-33.4706776],[-70.6797867,-33.4706776],[-70.6798188,-33.4706617],[-70.6798415,-33.4706415],[-70.6798571,-33.4706206],[-70.6798576,-33.47062],[-70.6798593,-33.4706177],[-70.6798594,-33.4706174],[-70.6798649,-33.4705921],[-70.6798652,-33.4705903],[-70.6798629,-33.470563],[-70.6798612,-33.4705566],[-70.6798545,-33.4705308],[-70.6798487,-33.4705114],[-70.6798454,-33.4705004],[-70.6797974,-33.4704606],[-70.6797498,-33.4704059],[-70.6796915,-33.470325],[-70.6796178,-33.470211],[-70.6795627,-33.4701259],[-70.6794897,-33.4700131],[-70.6794891,-33.4700123],[-70.6794738,-33.4699886],[-70.6794148,-33.4698975],[-70.6793494,-33.4697964],[-70.6792752,-33.4696784],[-70.6792186,-33.4695896],[-70.6792086,-33.4695737],[-70.6791814,-33.4695178],[-70.6791762,-33.4695071],[-70.6791515,-33.4694195],[-70.6791478,-33.469404],[-70.6791327,-33.4693391],[-70.6791326,-33.4693385],[-70.67913,-33.4693217],[-70.6791251,-33.4692914],[-70.6791152,-33.4692299],[-70.6791092,-33.4691922],[-70.6791085,-33.4691881],[-70.6790958,-33.4691086],[-70.679088,-33.4690601],[-70.6790789,-33.4688742],[-70.6790786,-33.4688683],[-70.6790763,-33.4688198],[-70.6790709,-33.46871],[-70.6790676,-33.4686413],[-70.679058,-33.468445],[-70.6790543,-33.4683695],[-70.6790471,-33.468222],[-70.6790403,-33.4680828],[-70.6790219,-33.4677058],[-70.6790138,-33.4675402],[-70.6790133,-33.4675301],[-70.6790062,-33.4673846],[-70.6789956,-33.4671691],[-70.6789758,-33.466762],[-70.6789655,-33.4666706]]]}},{"type":"Feature","properties":{"OBJECTID":4,"BARRIO":"JUDICIAL"},"geometry":{"type":"Polygon","coordinates":[[[-70.6648098,-33.4757039],[-70.6648063,-33.4756965],[-70.6647811,-33.4756427],[-70.6647749,-33.4756295],[-70.664781,-33.4752571],[-70.6647847,-33.4752492],[-70.6647998,-33.475217],[-70.6648187,-33.4751765],[-70.664819,-33.4751759],[-70.6647862,-33.4750939],[-70.6647849,-33.4750908],[-70.6647847,-33.4750903],[-70.6647893,-33.4746021],[-70.6647907,-33.4745962],[-70.6648259,-33.474457],[-70.6648258,-33.4744564],[-70.6647933,-33.4743181],[-70.6647932,-33.4743179],[-70.6647933,-33.4743167],[-70.6647933,-33.4743167],[-70.6647934,-33.4743064],[-70.6647971,-33.4740666],[-70.6648016,-33.473767],[-70.6648213,-33.4737232],[-70.6648364,-33.4736897],[-70.6648647,-33.4736268],[-70.6648654,-33.4736252],[-70.6648657,-33.4736247],[-70.6648653,-33.473625],[-70.6648032,-33.4736825],[-70.6647598,-33.4737228],[-70.6646682,-33.4737176],[-70.664611,-33.4737144],[-70.664611,-33.4737144],[-70.6634446,-33.473649],[-70.6633863,-33.4736457],[-70.6633863,-33.4736457],[-70.663383,-33.4736413],[-70.6633044,-33.4735364],[-70.6633042,-33.4735362],[-70.663253,-33.4736111],[-70.6632375,-33.4736337],[-70.6617344,-33.4735518],[-70.6615191,-33.4735401],[-70.6613195,-33.4735292],[-70.6612849,-33.4734099],[-70.6612094,-33.4735235],[-70.6595484,-33.4734318],[-70.659453,-33.4733125],[-70.6594531,-33.4733107],[-70.6594531,-33.4733106],[-70.6595453,-33.4717267],[-70.6595454,-33.4717258],[-70.6596348,-33.4703187],[-70.6596349,-33.4703178],[-70.6596465,-33.4702103],[-70.6596465,-33.4702103],[-70.6596466,-33.4702094],[-70.6598609,-33.4701614],[-70.6596466,-33.4702093],[-70.6596464,-33.4702093],[-70.6594645,-33.4701307],[-70.6583841,-33.4700698],[-70.6573865,-33.4700142],[-70.6572018,-33.4700725],[-70.6570906,-33.4700369],[-70.6570168,-33.470012],[-70.65663,-33.470002],[-70.6564439,-33.470001],[-70.6563298,-33.4700005],[-70.656256,-33.4700001],[-70.6562512,-33.4701008],[-70.6562292,-33.4703877],[-70.6562,-33.4707226],[-70.6561882,-33.4708487],[-70.6561707,-33.4709686],[-70.6561064,-33.4711494],[-70.6560369,-33.4712843],[-70.6559453,-33.4713878],[-70.6558042,-33.471592],[-70.6556903,-33.4717065],[-70.655594,-33.4718502],[-70.6554276,-33.4720986],[-70.6552263,-33.4723917],[-70.6549934,-33.472709],[-70.6548921,-33.4728432],[-70.6547934,-33.47296],[-70.6547304,-33.4730901],[-70.654605,-33.4733268],[-70.6544984,-33.4735686],[-70.6544375,-33.4737276],[-70.6543847,-33.4738951],[-70.6543321,-33.4740871],[-70.6542984,-33.4742099],[-70.6542929,-33.4742942],[-70.6542875,-33.4743773],[-70.6542801,-33.4744904],[-70.6542636,-33.4747441],[-70.6542797,-33.4749646],[-70.6543002,-33.4752454],[-70.6543355,-33.4753918],[-70.65438,-33.4756112],[-70.6544294,-33.4757715],[-70.6545631,-33.4760954],[-70.6546665,-33.4763459],[-70.6547295,-33.4764985],[-70.654993,-33.4764476],[-70.6550031,-33.4764715],[-70.6551103,-33.4764588],[-70.6550653,-33.4763456],[-70.6552494,-33.4764345],[-70.6552587,-33.476439],[-70.6552795,-33.4764491],[-70.6553083,-33.4764475],[-70.6554761,-33.4764382],[-70.6565155,-33.476381],[-70.6590458,-33.4762416],[-70.6615356,-33.4761044],[-70.6647761,-33.4759259],[-70.6648098,-33.4757039]]]}},{"type":"Feature","properties":{"OBJECTID":5,"BARRIO":"YUNGAY"},"geometry":{"type":"Polygon","coordinates":[[[-70.6796045,-33.4438458],[-70.6796172,-33.4438471],[-70.6796416,-33.4438468],[-70.6796508,-33.4438467],[-70.6796599,-33.4438472],[-70.6797162,-33.4438505],[-70.6797759,-33.4438541],[-70.6798065,-33.4438559],[-70.6798181,-33.4438566],[-70.6798366,-33.4438577],[-70.6799971,-33.4438763],[-70.6800433,-33.4438816],[-70.6800752,-33.4438853],[-70.6801155,-33.44389],[-70.6802172,-33.4439072],[-70.6802364,-33.4439104],[-70.680239,-33.4439108],[-70.6802413,-33.4439112],[-70.6802714,-33.4439152],[-70.6803606,-33.4439272],[-70.6805781,-33.4439372],[-70.6806592,-33.4439409],[-70.6806901,-33.4439423],[-70.6807374,-33.4439445],[-70.6808348,-33.443949],[-70.6808349,-33.443949],[-70.6809507,-33.4439543],[-70.6810439,-33.4439586],[-70.6811427,-33.4439631],[-70.6813071,-33.4439706],[-70.6813894,-33.4439744],[-70.6815366,-33.4439811],[-70.6816434,-33.443986],[-70.6817415,-33.4439905],[-70.6819344,-33.4439994],[-70.6819776,-33.4440014],[-70.6820391,-33.4440042],[-70.6821781,-33.4440105],[-70.6822289,-33.4440129],[-70.682394,-33.4440204],[-70.6824344,-33.4440223],[-70.6824683,-33.4440238],[-70.6824861,-33.4440247],[-70.6824951,-33.4440251],[-70.6825785,-33.444029],[-70.6829394,-33.4440461],[-70.6829928,-33.4440486],[-70.6831085,-33.444054],[-70.6834164,-33.4440686],[-70.683442,-33.4440698],[-70.6834952,-33.4440723],[-70.6835251,-33.4440737],[-70.6835252,-33.4440737],[-70.6836146,-33.444077],[-70.6837205,-33.4440821],[-70.6838688,-33.4440894],[-70.6839389,-33.4440928],[-70.6839733,-33.4440944],[-70.6841937,-33.4441052],[-70.684194,-33.4441052],[-70.6842633,-33.4441086],[-70.6843813,-33.4441143],[-70.6845882,-33.4441244],[-70.6847175,-33.4441307],[-70.6850301,-33.444146],[-70.6854918,-33.4441686],[-70.6854941,-33.4441687],[-70.6857579,-33.4441812],[-70.6861225,-33.4441985],[-70.6863311,-33.4442085],[-70.6865485,-33.4442188],[-70.6872276,-33.4442511],[-70.6873968,-33.4442591],[-70.6874117,-33.4442598],[-70.6875857,-33.444271],[-70.6876132,-33.4442723],[-70.687855,-33.4442839],[-70.6880131,-33.4442914],[-70.6880261,-33.444292],[-70.6880264,-33.4442921],[-70.6880264,-33.4442921],[-70.6881924,-33.4443013],[-70.6882859,-33.4443065],[-70.6885534,-33.4443164],[-70.6885535,-33.4443164],[-70.6886122,-33.444319],[-70.6887013,-33.444323],[-70.6887635,-33.4443257],[-70.6887803,-33.4443265],[-70.6888163,-33.4443281],[-70.6889016,-33.4443318],[-70.6890068,-33.4443365],[-70.6890664,-33.4443391],[-70.6895275,-33.4443596],[-70.6896435,-33.4443647],[-70.6896916,-33.4443669],[-70.6897059,-33.4443676],[-70.6898878,-33.4443759],[-70.6899376,-33.4443782],[-70.689946,-33.4443786],[-70.6902309,-33.4443933],[-70.6902637,-33.4443949],[-70.6905112,-33.4444076],[-70.690642,-33.4444144],[-70.6908211,-33.4444236],[-70.6913984,-33.4444532],[-70.6916057,-33.4444639],[-70.691661,-33.4444667],[-70.69168,-33.4444677],[-70.6917268,-33.4444705],[-70.6917928,-33.4444743],[-70.6918337,-33.4444768],[-70.6918664,-33.4444787],[-70.6918664,-33.4444782],[-70.6918664,-33.444476],[-70.6918663,-33.444475],[-70.6918663,-33.4444725],[-70.6918661,-33.4444584],[-70.6918657,-33.4444324],[-70.691865,-33.4443885],[-70.6918611,-33.4443435],[-70.6917423,-33.4429617],[-70.691704,-33.4425166],[-70.6916923,-33.4423808],[-70.6916527,-33.4419204],[-70.6916482,-33.4418625],[-70.6916113,-33.4413831],[-70.6915583,-33.4406952],[-70.6915388,-33.440434],[-70.691524,-33.4400987],[-70.6915352,-33.4398024],[-70.6915367,-33.4397629],[-70.6915521,-33.4395678],[-70.6915735,-33.439417],[-70.6916265,-33.4392474],[-70.6916268,-33.4392464],[-70.6916249,-33.439246],[-70.6916062,-33.439243],[-70.6916019,-33.4392423],[-70.6915531,-33.4392344],[-70.6914031,-33.4392174],[-70.6910562,-33.439178],[-70.6909742,-33.4391725],[-70.6909026,-33.4391677],[-70.6905985,-33.4391473],[-70.6904516,-33.4391375],[-70.689997,-33.439107],[-70.6894916,-33.4390731],[-70.6894915,-33.4390731],[-70.6894083,-33.4390677],[-70.6893881,-33.4390664],[-70.6889776,-33.4390395],[-70.6885577,-33.4390121],[-70.6884629,-33.4390059],[-70.6884629,-33.4390059],[-70.6883,-33.4389942],[-70.6881467,-33.4389832],[-70.6875972,-33.4389436],[-70.687412,-33.4389302],[-70.6867598,-33.4388832],[-70.6866442,-33.4388749],[-70.6865685,-33.4388694],[-70.6865682,-33.4388694],[-70.6864697,-33.4388629],[-70.6864473,-33.4388614],[-70.6862923,-33.4388511],[-70.6854406,-33.4387947],[-70.6841394,-33.4387085],[-70.6841397,-33.438706],[-70.6812486,-33.4385125],[-70.6812485,-33.4385133],[-70.681247,-33.4385132],[-70.6812396,-33.4385127],[-70.6810767,-33.4385018],[-70.6809232,-33.4384915],[-70.6808849,-33.438489],[-70.6805714,-33.438468],[-70.6804149,-33.4384575],[-70.6802523,-33.4384467],[-70.6801833,-33.4384421],[-70.6801201,-33.4384429],[-70.6801202,-33.4384423],[-70.6801204,-33.43844],[-70.6801204,-33.4384396],[-70.6801213,-33.4384303],[-70.6801214,-33.4384302],[-70.6801235,-33.4384088],[-70.6801243,-33.4384003],[-70.6801275,-33.4383683],[-70.6801299,-33.4383436],[-70.6800864,-33.4383171],[-70.6800971,-33.4382018],[-70.6800974,-33.4381987],[-70.6800982,-33.4381895],[-70.6801312,-33.437833],[-70.6801424,-33.4377126],[-70.6801499,-33.4376313],[-70.6801537,-33.4375902],[-70.680154,-33.4375901],[-70.6801929,-33.4375638],[-70.6801945,-33.4375626],[-70.6801946,-33.4375623],[-70.680195,-33.4375581],[-70.6801954,-33.4375536],[-70.6802089,-33.43741],[-70.6802255,-33.437233],[-70.6802181,-33.4372244],[-70.6801909,-33.4371926],[-70.6801873,-33.4371885],[-70.680199,-33.4370146],[-70.680201,-33.4369854],[-70.6802364,-33.4364573],[-70.6802392,-33.4364149],[-70.6802423,-33.4363692],[-70.6802605,-33.436094],[-70.6802606,-33.4360918],[-70.6802609,-33.4360916],[-70.6803212,-33.4360594],[-70.6803213,-33.436059],[-70.6803414,-33.4359238],[-70.6803498,-33.4358436],[-70.6803613,-33.4357342],[-70.6803632,-33.4356079],[-70.6803299,-33.4355542],[-70.6803301,-33.4355534],[-70.6803891,-33.4351354],[-70.6804347,-33.4348133],[-70.6804616,-33.4345515],[-70.6804616,-33.4345511],[-70.6805034,-33.4341451],[-70.6805466,-33.4337508],[-70.6805468,-33.4337492],[-70.680555,-33.4336745],[-70.6805907,-33.433179],[-70.6805907,-33.4331789],[-70.6805907,-33.4331779],[-70.6805915,-33.4330572],[-70.680575,-33.4330531],[-70.6805385,-33.433044],[-70.6805364,-33.4330435],[-70.680494,-33.4330329],[-70.6803651,-33.4330009],[-70.6803645,-33.4330007],[-70.6794301,-33.4328961],[-70.6794301,-33.4328961],[-70.6783605,-33.4327963],[-70.6783605,-33.4327963],[-70.6782119,-33.4327864],[-70.6773132,-33.4327084],[-70.6773129,-33.4327084],[-70.6766301,-33.4326298],[-70.6764342,-33.4326072],[-70.6764047,-33.432605],[-70.6763646,-33.432602],[-70.6763645,-33.432602],[-70.6763641,-33.432602],[-70.6757822,-33.4325592],[-70.6757528,-33.4325571],[-70.6756141,-33.4325469],[-70.675614,-33.4325469],[-70.6755373,-33.4325412],[-70.6755177,-33.4325398],[-70.6752271,-33.4325185],[-70.6750285,-33.4325039],[-70.6749352,-33.432497],[-70.6744951,-33.4324677],[-70.6743503,-33.4324581],[-70.6740346,-33.432437],[-70.6740346,-33.432437],[-70.6737314,-33.4324135],[-70.6733647,-33.432385],[-70.6732752,-33.432378],[-70.6732742,-33.4323779],[-70.6731934,-33.4323716],[-70.6731932,-33.4323716],[-70.6731241,-33.4323598],[-70.6730508,-33.4323545],[-70.6723113,-33.432301],[-70.6723111,-33.432301],[-70.6716384,-33.4322523],[-70.6714144,-33.4322361],[-70.67132,-33.4322373],[-70.6713197,-33.4322373],[-70.6712393,-33.4322384],[-70.6705021,-33.4321861],[-70.6703698,-33.4321767],[-70.6703472,-33.432174],[-70.6702504,-33.4321622],[-70.6702504,-33.4321622],[-70.6701871,-33.4321545],[-70.6701431,-33.4321492],[-70.6695666,-33.4321332],[-70.6692881,-33.4321254],[-70.6692117,-33.4321233],[-70.6692113,-33.4321233],[-70.6692115,-33.4321237],[-70.6692119,-33.4321242],[-70.6692544,-33.4321949],[-70.6692543,-33.4321957],[-70.669239,-33.4323935],[-70.6691866,-33.4329082],[-70.6691839,-33.4329353],[-70.669111,-33.4330084],[-70.6691113,-33.4330089],[-70.6691116,-33.4330094],[-70.6691718,-33.4330978],[-70.6691718,-33.4330987],[-70.6691149,-33.4337208],[-70.6690529,-33.4338028],[-70.6690532,-33.4338033],[-70.6690535,-33.4338038],[-70.6690973,-33.4338744],[-70.6690972,-33.4338752],[-70.6690096,-33.4348585],[-70.6689401,-33.4349316],[-70.6689405,-33.434932],[-70.6689412,-33.4349326],[-70.6690036,-33.4349849],[-70.6690035,-33.4349857],[-70.6688524,-33.4365831],[-70.6687835,-33.4366382],[-70.668784,-33.4366387],[-70.6687844,-33.4366391],[-70.6688339,-33.4366916],[-70.6688339,-33.4366925],[-70.6687667,-33.4375492],[-70.6686963,-33.4376494],[-70.6686966,-33.4376498],[-70.6686969,-33.4376503],[-70.6686977,-33.4376514],[-70.6687431,-33.4377209],[-70.668743,-33.4377218],[-70.6687267,-33.4379376],[-70.6686637,-33.4380196],[-70.668664,-33.43802],[-70.6687113,-33.4381001],[-70.6687113,-33.4381009],[-70.6686163,-33.4390846],[-70.6686146,-33.4391024],[-70.668587,-33.4391248],[-70.6685579,-33.4391484],[-70.6685509,-33.439154],[-70.6685467,-33.4391574],[-70.6685472,-33.4391579],[-70.6685478,-33.4391585],[-70.6686015,-33.4392108],[-70.6686015,-33.4392117],[-70.6685565,-33.4402305],[-70.6684981,-33.4402713],[-70.6684762,-33.4402866],[-70.668476,-33.4402868],[-70.6684757,-33.440287],[-70.6684979,-33.4403173],[-70.6685238,-33.4403529],[-70.6685237,-33.4403533],[-70.6684265,-33.4407769],[-70.668284,-33.4413975],[-70.6682079,-33.4414616],[-70.6682083,-33.4414622],[-70.6682085,-33.4414625],[-70.6682577,-33.4415331],[-70.6682575,-33.4415339],[-70.668035,-33.442492],[-70.6680148,-33.4425075],[-70.6679669,-33.4425442],[-70.6679659,-33.4425449],[-70.6679651,-33.4425456],[-70.6679768,-33.4425634],[-70.6679929,-33.442588],[-70.668007,-33.4426097],[-70.668007,-33.4426105],[-70.6679268,-33.4436839],[-70.6678638,-33.4437659],[-70.6678641,-33.4437664],[-70.6678645,-33.443767],[-70.6679193,-33.4438554],[-70.6679192,-33.4438562],[-70.667873,-33.4444241],[-70.6678097,-33.4444881],[-70.6678101,-33.4444886],[-70.6678105,-33.4444891],[-70.6678628,-33.4445595],[-70.6678628,-33.4445604],[-70.6678234,-33.4451201],[-70.6678234,-33.4451212],[-70.6677891,-33.4451506],[-70.6677617,-33.4451741],[-70.667762,-33.4451747],[-70.6677622,-33.4451751],[-70.6678148,-33.4452636],[-70.6678147,-33.4452645],[-70.6677397,-33.4462747],[-70.667669,-33.4463568],[-70.6676693,-33.4463572],[-70.6676698,-33.4463579],[-70.6677267,-33.4464372],[-70.6677266,-33.446438],[-70.6677026,-33.446708],[-70.6676398,-33.4467449],[-70.6676404,-33.4467455],[-70.667699,-33.4467983],[-70.6676989,-33.4467992],[-70.6676731,-33.4471864],[-70.6676068,-33.4472684],[-70.6676067,-33.4472693],[-70.6675943,-33.447458],[-70.6675736,-33.4475034],[-70.6675489,-33.4475488],[-70.6674951,-33.4476044],[-70.6674427,-33.4476586],[-70.667442,-33.4476593],[-70.6674405,-33.4476609],[-70.6674409,-33.447661],[-70.6674662,-33.447668],[-70.6682141,-33.4478724],[-70.6682214,-33.4478744],[-70.6683572,-33.4479089],[-70.6684676,-33.4479369],[-70.669065,-33.4480886],[-70.669443,-33.4481863],[-70.6698454,-33.4482904],[-70.6703753,-33.4484274],[-70.6704563,-33.4484495],[-70.6704567,-33.4484496],[-70.6705177,-33.4484662],[-70.6707383,-33.4485263],[-70.6710905,-33.4486222],[-70.6716172,-33.4487656],[-70.6716174,-33.4487656],[-70.672277,-33.448941],[-70.6722773,-33.4489411],[-70.6729728,-33.449126],[-70.6729732,-33.4491261],[-70.67369,-33.4493244],[-70.6739458,-33.4493891],[-70.6743354,-33.4494878],[-70.6743357,-33.4494878],[-70.6743331,-33.4494978],[-70.6743318,-33.449503],[-70.6743313,-33.4495047],[-70.6743313,-33.4495048],[-70.6743895,-33.4495198],[-70.6748155,-33.4496305],[-70.6749219,-33.4496581],[-70.6749235,-33.4496585],[-70.6756255,-33.4498408],[-70.6756256,-33.4498408],[-70.6756253,-33.449849],[-70.675625,-33.4498577],[-70.675625,-33.4498585],[-70.6756374,-33.4498616],[-70.6757128,-33.4498804],[-70.6760326,-33.4499603],[-70.676509,-33.4500793],[-70.6765373,-33.4500872],[-70.6765957,-33.4501034],[-70.6765967,-33.4501037],[-70.6773571,-33.4503155],[-70.6778059,-33.4504405],[-70.6778921,-33.4504625],[-70.6778921,-33.4504625],[-70.6778923,-33.4504626],[-70.6778928,-33.4504627],[-70.677926,-33.4504712],[-70.6780131,-33.4504935],[-70.6781745,-33.4505347],[-70.6782853,-33.4505599],[-70.678316,-33.4505669],[-70.6783242,-33.4505687],[-70.6786747,-33.4506483],[-70.6786867,-33.4506511],[-70.6790214,-33.4507271],[-70.6796045,-33.4438458]]]}},{"type":"Feature","properties":{"OBJECTID":6,"BARRIO":"MEIGGS"},"geometry":{"type":"Polygon","coordinates":[[[-70.6724941,-33.4522077],[-70.6724941,-33.4522086],[-70.6724679,-33.4531001],[-70.672461,-33.4533354],[-70.6724609,-33.4533358],[-70.6724609,-33.4533363],[-70.6724548,-33.4533986],[-70.6724548,-33.4533992],[-70.6724439,-33.453757],[-70.6724352,-33.4540431],[-70.6724348,-33.454058],[-70.6724342,-33.454076],[-70.6724323,-33.45414],[-70.6724291,-33.4542454],[-70.6724291,-33.4542455],[-70.6724224,-33.4544632],[-70.6724224,-33.4544635],[-70.6724223,-33.4544641],[-70.6724144,-33.454534],[-70.6724133,-33.4545445],[-70.6724099,-33.4545904],[-70.6723788,-33.4550101],[-70.6723682,-33.4551547],[-70.6723492,-33.4554111],[-70.6723484,-33.4554225],[-70.6723381,-33.455561],[-70.672338,-33.4555628],[-70.6723156,-33.4558764],[-70.6722617,-33.456631],[-70.6722567,-33.456702],[-70.6722565,-33.4567029],[-70.6722456,-33.4567923],[-70.6721816,-33.4575865],[-70.6721819,-33.4575868],[-70.6721878,-33.4575931],[-70.6722145,-33.4576217],[-70.6722664,-33.4576773],[-70.6722674,-33.4576784],[-70.6722121,-33.4577154],[-70.6721773,-33.4577387],[-70.6721689,-33.4577444],[-70.6721499,-33.4579807],[-70.6721295,-33.4582343],[-70.6721339,-33.4583035],[-70.6721394,-33.45839],[-70.6721401,-33.4583898],[-70.6723503,-33.4583336],[-70.6723525,-33.458333],[-70.6735114,-33.4583985],[-70.6735122,-33.4583994],[-70.6735963,-33.4584966],[-70.6735965,-33.4584964],[-70.6737074,-33.4584058],[-70.6737075,-33.4584057],[-70.6738647,-33.4584154],[-70.674777,-33.4584716],[-70.6747777,-33.4584726],[-70.6748555,-33.4585697],[-70.6748557,-33.4585696],[-70.6749698,-33.4584878],[-70.6749709,-33.458487],[-70.6751925,-33.4584986],[-70.6755081,-33.4585151],[-70.6760684,-33.4585443],[-70.6760691,-33.4585452],[-70.6761456,-33.4586425],[-70.6761458,-33.4586423],[-70.6762075,-33.4585894],[-70.676262,-33.4585426],[-70.6762631,-33.4585417],[-70.6763746,-33.458519],[-70.6773294,-33.4583252],[-70.6773296,-33.4583251],[-70.6777137,-33.4582472],[-70.6781131,-33.4581661],[-70.6783218,-33.4582135],[-70.6783555,-33.4582212],[-70.6783478,-33.4581176],[-70.6783068,-33.457577],[-70.6782908,-33.4573495],[-70.6782796,-33.4571902],[-70.6782504,-33.4567743],[-70.6782479,-33.4567391],[-70.6782469,-33.4567251],[-70.6782043,-33.4561212],[-70.6781633,-33.4555409],[-70.6781492,-33.4553336],[-70.6781292,-33.4550436],[-70.6781254,-33.4549885],[-70.6780975,-33.4545858],[-70.6780964,-33.4545708],[-70.6780164,-33.4534897],[-70.6780161,-33.4534867],[-70.6780005,-33.4532453],[-70.6779895,-33.4530761],[-70.6779685,-33.4527541],[-70.6779459,-33.4524055],[-70.6778645,-33.4514518],[-70.6778542,-33.4514393],[-70.6778492,-33.4514333],[-70.6778364,-33.4514177],[-70.6778268,-33.4514061],[-70.677827,-33.4513829],[-70.6778271,-33.45137],[-70.6778271,-33.4513674],[-70.677827,-33.4513568],[-70.6778269,-33.4513496],[-70.6778255,-33.4511806],[-70.6778359,-33.450937],[-70.6778366,-33.4509265],[-70.677838,-33.4509046],[-70.6778381,-33.4509028],[-70.6778429,-33.4508269],[-70.6778434,-33.4508197],[-70.6778484,-33.4507721],[-70.6778545,-33.4507143],[-70.6778551,-33.4507082],[-70.6778661,-33.4506029],[-70.6778668,-33.4505996],[-70.6778679,-33.4505939],[-70.6778915,-33.4504656],[-70.6778919,-33.4504634],[-70.677892,-33.4504631],[-70.6778921,-33.4504628],[-70.6778921,-33.4504625],[-70.6778921,-33.4504625],[-70.6778059,-33.4504405],[-70.6773571,-33.4503155],[-70.6765967,-33.4501037],[-70.6765957,-33.4501034],[-70.6765373,-33.4500872],[-70.676509,-33.4500793],[-70.6760326,-33.4499603],[-70.6757128,-33.4498804],[-70.6756374,-33.4498616],[-70.675625,-33.4498585],[-70.675625,-33.4498577],[-70.6756253,-33.449849],[-70.6756256,-33.4498408],[-70.6756255,-33.4498408],[-70.6749235,-33.4496585],[-70.6749219,-33.4496581],[-70.6748155,-33.4496305],[-70.6743895,-33.4495198],[-70.6743313,-33.4495048],[-70.6743313,-33.4495047],[-70.6743318,-33.449503],[-70.6743331,-33.4494978],[-70.6743357,-33.4494878],[-70.6743354,-33.4494878],[-70.6739458,-33.4493891],[-70.67369,-33.4493244],[-70.6729732,-33.4491261],[-70.6729728,-33.449126],[-70.6729721,-33.4491268],[-70.6727977,-33.4492998],[-70.6726458,-33.4493379],[-70.672645,-33.4493386],[-70.6725761,-33.4494019],[-70.672576,-33.4494028],[-70.672555,-33.4501523],[-70.6724941,-33.4522077]]]}},{"type":"Feature","properties":{"OBJECTID":7,"BARRIO":"CLUB HIPICO"},"geometry":{"type":"Polygon","coordinates":[[[-70.6648829,-33.4705089],[-70.6648829,-33.4705089],[-70.6674515,-33.4705555],[-70.6677114,-33.4705881],[-70.6677411,-33.4705136],[-70.667781,-33.4704131],[-70.6686262,-33.4695128],[-70.6687524,-33.4693784],[-70.6688162,-33.4693753],[-70.6688247,-33.4693748],[-70.6688247,-33.4693748],[-70.6688247,-33.4693746],[-70.668826,-33.4693024],[-70.6688261,-33.4693003],[-70.6697031,-33.4683662],[-70.6698188,-33.468318],[-70.6698421,-33.4682189],[-70.6700396,-33.4680081],[-70.6703877,-33.4676366],[-70.6708156,-33.46718],[-70.6708868,-33.4671509],[-70.670946,-33.4671267],[-70.6709462,-33.4671266],[-70.6709833,-33.4671139],[-70.6710608,-33.4670873],[-70.6713595,-33.4667695],[-70.6714021,-33.4667243],[-70.671451,-33.4665933],[-70.6714512,-33.4665926],[-70.6715336,-33.4665656],[-70.6716364,-33.4665318],[-70.6716384,-33.4665311],[-70.6717031,-33.4664852],[-70.6717271,-33.4664399],[-70.6717271,-33.4664397],[-70.6717263,-33.4663947],[-70.6717251,-33.4663912],[-70.6717115,-33.4663518],[-70.6717108,-33.4663498],[-70.6717078,-33.4663464],[-70.6716917,-33.4663279],[-70.6716797,-33.4663141],[-70.6716571,-33.4662969],[-70.6716565,-33.4662964],[-70.6715668,-33.4662165],[-70.6715395,-33.4647925],[-70.6715395,-33.464792],[-70.6715577,-33.4646749],[-70.6715577,-33.4646745],[-70.6715207,-33.463514],[-70.6715209,-33.4635126],[-70.6715506,-33.4632131],[-70.67162,-33.4625149],[-70.6716305,-33.46241],[-70.6716323,-33.4623919],[-70.6717826,-33.4612535],[-70.6719047,-33.4602791],[-70.6719048,-33.4602786],[-70.6719263,-33.4601072],[-70.6719268,-33.4601027],[-70.6719269,-33.4601019],[-70.6719766,-33.459723],[-70.6720315,-33.4593039],[-70.6720744,-33.458977],[-70.6721137,-33.4585526],[-70.6721393,-33.4583909],[-70.6721393,-33.4583908],[-70.6721394,-33.4583904],[-70.6721394,-33.4583901],[-70.6721394,-33.45839],[-70.6721393,-33.45839],[-70.6721387,-33.4583903],[-70.671986,-33.4584552],[-70.6701917,-33.4581312],[-70.6684998,-33.4578258],[-70.6683403,-33.4577114],[-70.6683394,-33.4577108],[-70.6683393,-33.4577107],[-70.6683376,-33.4577109],[-70.668024,-33.457751],[-70.6665814,-33.4574909],[-70.6664857,-33.4573936],[-70.6664853,-33.4573933],[-70.666485,-33.4573929],[-70.6664849,-33.457393],[-70.6664845,-33.4573933],[-70.666383,-33.4574574],[-70.6656174,-33.457335],[-70.6650826,-33.4572495],[-70.6649397,-33.4571257],[-70.6649391,-33.4571252],[-70.664939,-33.4571251],[-70.6649391,-33.4571254],[-70.6649391,-33.457126],[-70.6649392,-33.4571263],[-70.6649682,-33.4572961],[-70.6649693,-33.4579405],[-70.6649698,-33.4582151],[-70.6649705,-33.4586226],[-70.6649705,-33.4586227],[-70.6649705,-33.4586238],[-70.6649316,-33.4586397],[-70.6648961,-33.4586542],[-70.6644651,-33.4586247],[-70.6643909,-33.4586196],[-70.6640903,-33.458599],[-70.6640859,-33.458595],[-70.6640473,-33.4585604],[-70.6640452,-33.4585586],[-70.6640445,-33.4585612],[-70.664044,-33.4585629],[-70.6640439,-33.4585634],[-70.6640401,-33.4585765],[-70.66404,-33.4585769],[-70.6640388,-33.458581],[-70.6640387,-33.4585813],[-70.6640379,-33.4585826],[-70.6640332,-33.4585901],[-70.6640329,-33.4585906],[-70.6640274,-33.4585992],[-70.6640272,-33.4585995],[-70.6640265,-33.4586002],[-70.664026,-33.4586007],[-70.6640225,-33.4586038],[-70.6640224,-33.4586039],[-70.6640075,-33.4586175],[-70.6640065,-33.4586184],[-70.6640055,-33.4586189],[-70.6639984,-33.4586222],[-70.6639971,-33.4586228],[-70.6639885,-33.4586268],[-70.6639862,-33.4586279],[-70.663979,-33.4586312],[-70.663978,-33.4586315],[-70.6639709,-33.4586332],[-70.6639589,-33.4586362],[-70.6639512,-33.4586381],[-70.6639468,-33.4586378],[-70.6639423,-33.4586374],[-70.6639319,-33.4586366],[-70.6639228,-33.4586359],[-70.6638876,-33.4586642],[-70.6638891,-33.4587045],[-70.6638937,-33.4588236],[-70.6639333,-33.4588539],[-70.6639204,-33.4591201],[-70.6639023,-33.4594962],[-70.6638321,-33.4609547],[-70.6637917,-33.4622719],[-70.6637295,-33.4634956],[-70.6636386,-33.4653672],[-70.6634902,-33.4688837],[-70.6634742,-33.4692563],[-70.6634423,-33.4700142],[-70.6634459,-33.4704561],[-70.6648829,-33.4705089]]]}},{"type":"Feature","properties":{"OBJECTID":8,"BARRIO":"UNIVERSITARIO"},"geometry":{"type":"Polygon","coordinates":[[[-70.6721308,-33.458382],[-70.6721391,-33.4583839],[-70.6721339,-33.4583035],[-70.6721295,-33.4582343],[-70.6721499,-33.4579807],[-70.6721689,-33.4577444],[-70.6721773,-33.4577387],[-70.6722121,-33.4577154],[-70.6722674,-33.4576784],[-70.6722664,-33.4576773],[-70.6722145,-33.4576217],[-70.6721878,-33.4575931],[-70.6721819,-33.4575868],[-70.6721816,-33.4575865],[-70.6722456,-33.4567923],[-70.6722565,-33.4567029],[-70.6722567,-33.456702],[-70.6722617,-33.456631],[-70.6723156,-33.4558764],[-70.672338,-33.4555628],[-70.6723381,-33.455561],[-70.6723484,-33.4554225],[-70.6723492,-33.4554111],[-70.6723682,-33.4551547],[-70.6723788,-33.4550101],[-70.6724099,-33.4545904],[-70.6724133,-33.4545445],[-70.6724144,-33.454534],[-70.6724223,-33.4544641],[-70.6724224,-33.4544635],[-70.6724224,-33.4544632],[-70.6724291,-33.4542455],[-70.6724291,-33.4542454],[-70.6724323,-33.45414],[-70.6724342,-33.454076],[-70.6724348,-33.454058],[-70.6724352,-33.4540431],[-70.6724439,-33.453757],[-70.6724548,-33.4533992],[-70.6724548,-33.4533986],[-70.6724609,-33.4533363],[-70.6724609,-33.4533358],[-70.672461,-33.4533354],[-70.6724679,-33.4531001],[-70.6724941,-33.4522086],[-70.6724941,-33.4522077],[-70.6725273,-33.4510886],[-70.672555,-33.4501523],[-70.672576,-33.4494028],[-70.6725761,-33.4494019],[-70.672645,-33.4493386],[-70.6726458,-33.4493379],[-70.6727977,-33.4492998],[-70.6729721,-33.4491268],[-70.6729728,-33.449126],[-70.6722773,-33.4489411],[-70.672277,-33.448941],[-70.6716174,-33.4487656],[-70.6716172,-33.4487656],[-70.6710905,-33.4486222],[-70.6707383,-33.4485263],[-70.6705177,-33.4484662],[-70.6704567,-33.4484496],[-70.6704563,-33.4484495],[-70.6703753,-33.4484274],[-70.6698454,-33.4482904],[-70.669443,-33.4481863],[-70.669065,-33.4480886],[-70.6684676,-33.4479369],[-70.6683572,-33.4479089],[-70.6682214,-33.4478744],[-70.6682141,-33.4478724],[-70.6674662,-33.447668],[-70.6674409,-33.447661],[-70.6674405,-33.4476609],[-70.6664475,-33.4473483],[-70.6664473,-33.4473482],[-70.666398,-33.4473343],[-70.6663287,-33.4473146],[-70.6659129,-33.4471968],[-70.6659127,-33.4471968],[-70.6657788,-33.4471608],[-70.6656301,-33.4471208],[-70.6655546,-33.4471024],[-70.6646704,-33.4468869],[-70.66467,-33.4468868],[-70.6646703,-33.4468882],[-70.664774,-33.4473257],[-70.6647974,-33.4474242],[-70.6647979,-33.4474263],[-70.6647837,-33.4474232],[-70.6647313,-33.4474118],[-70.6647924,-33.4475231],[-70.6647923,-33.4475235],[-70.6647344,-33.4488706],[-70.6647242,-33.449108],[-70.6647221,-33.449156],[-70.6647221,-33.4491569],[-70.6647004,-33.4496531],[-70.6647003,-33.449655],[-70.6646728,-33.4502839],[-70.6646729,-33.4502848],[-70.664683,-33.4503649],[-70.664683,-33.4503656],[-70.6646595,-33.4505928],[-70.6646121,-33.4510513],[-70.6645806,-33.4513222],[-70.6645563,-33.4513857],[-70.6645327,-33.4515573],[-70.6645327,-33.4515576],[-70.6645329,-33.4515583],[-70.6645457,-33.4516203],[-70.6645456,-33.4516211],[-70.6644773,-33.4523659],[-70.6644405,-33.452767],[-70.6644404,-33.4527679],[-70.6644341,-33.4528212],[-70.6643296,-33.4539499],[-70.6643295,-33.4539508],[-70.6643216,-33.4540222],[-70.6642873,-33.4543202],[-70.6642696,-33.4545189],[-70.6642695,-33.4545197],[-70.6642161,-33.4550967],[-70.6642159,-33.4550976],[-70.6642035,-33.45516],[-70.6641868,-33.4553519],[-70.6641721,-33.4555212],[-70.6641677,-33.4555722],[-70.6641627,-33.4556295],[-70.6641626,-33.4556304],[-70.6641586,-33.4556683],[-70.6641313,-33.4559239],[-70.6641312,-33.4559248],[-70.6641014,-33.4562032],[-70.6641014,-33.4562036],[-70.6640971,-33.4562436],[-70.664097,-33.4562445],[-70.6640727,-33.4564904],[-70.6640247,-33.456976],[-70.6640199,-33.4570244],[-70.6640199,-33.4570245],[-70.6640176,-33.4570473],[-70.6640174,-33.457048],[-70.6640172,-33.4570486],[-70.6639904,-33.4571265],[-70.6639705,-33.4571844],[-70.6639541,-33.4575493],[-70.663917,-33.4583712],[-70.6639164,-33.4583841],[-70.6639279,-33.458469],[-70.6639251,-33.4584698],[-70.6639098,-33.4584744],[-70.663909,-33.4584746],[-70.6638973,-33.458478],[-70.6638963,-33.4584783],[-70.663895,-33.4584793],[-70.6638646,-33.4585017],[-70.6638639,-33.4585022],[-70.6638638,-33.4585023],[-70.6638624,-33.4585045],[-70.6638491,-33.4585249],[-70.6638491,-33.458525],[-70.6638479,-33.4585267],[-70.6638479,-33.458527],[-70.6638471,-33.4585295],[-70.6638447,-33.4585378],[-70.6638445,-33.4585386],[-70.6638439,-33.4585407],[-70.6638432,-33.4585431],[-70.6638435,-33.4585466],[-70.6638453,-33.4585682],[-70.6638594,-33.4585973],[-70.6638878,-33.4586219],[-70.6638921,-33.4586236],[-70.6638936,-33.4586242],[-70.663903,-33.458628],[-70.6639044,-33.4586285],[-70.6639139,-33.4586323],[-70.6639205,-33.4586349],[-70.6639228,-33.4586359],[-70.6639319,-33.4586366],[-70.6639423,-33.4586374],[-70.6639468,-33.4586378],[-70.6639512,-33.4586381],[-70.6639589,-33.4586362],[-70.6639709,-33.4586332],[-70.663978,-33.4586315],[-70.663979,-33.4586312],[-70.6639862,-33.4586279],[-70.6639885,-33.4586268],[-70.6639971,-33.4586228],[-70.6639984,-33.4586222],[-70.6640055,-33.4586189],[-70.6640065,-33.4586184],[-70.6640075,-33.4586175],[-70.6640224,-33.4586039],[-70.6640225,-33.4586038],[-70.664026,-33.4586007],[-70.6640265,-33.4586002],[-70.6640272,-33.4585995],[-70.6640274,-33.4585992],[-70.6640329,-33.4585906],[-70.6640332,-33.4585901],[-70.6640379,-33.4585826],[-70.6640387,-33.4585813],[-70.6640388,-33.458581],[-70.66404,-33.4585769],[-70.6640401,-33.4585765],[-70.6640439,-33.4585634],[-70.664044,-33.4585629],[-70.6640445,-33.4585612],[-70.6640452,-33.4585586],[-70.6640473,-33.4585604],[-70.6640859,-33.458595],[-70.6640903,-33.458599],[-70.6643909,-33.4586196],[-70.6644651,-33.4586247],[-70.6648961,-33.4586542],[-70.6649316,-33.4586397],[-70.6649705,-33.4586238],[-70.6649695,-33.4586231],[-70.6649674,-33.4586215],[-70.6649705,-33.4585746],[-70.6649698,-33.4582151],[-70.6649693,-33.4579405],[-70.6649682,-33.4572961],[-70.6649392,-33.4571263],[-70.6649391,-33.457126],[-70.6649391,-33.4571254],[-70.664939,-33.4571251],[-70.6649391,-33.4571252],[-70.6649397,-33.4571257],[-70.6650826,-33.4572495],[-70.6656174,-33.457335],[-70.666383,-33.4574574],[-70.6664845,-33.4573933],[-70.6664849,-33.457393],[-70.666485,-33.4573929],[-70.6664853,-33.4573933],[-70.6664857,-33.4573936],[-70.6665814,-33.4574909],[-70.668024,-33.457751],[-70.6683376,-33.4577109],[-70.6683393,-33.4577107],[-70.6683394,-33.4577108],[-70.6683403,-33.4577114],[-70.6684998,-33.4578258],[-70.6701917,-33.4581312],[-70.671986,-33.4584552],[-70.6721387,-33.4583903],[-70.6721393,-33.45839],[-70.6721394,-33.45839],[-70.6721393,-33.4583899],[-70.6721308,-33.458382]]]}},{"type":"Feature","properties":{"OBJECTID":9,"BARRIO":"EJERCITO"},"geometry":{"type":"Polygon","coordinates":[[[-70.6567683,-33.4580407],[-70.6569056,-33.4580531],[-70.6569742,-33.4580585],[-70.6570645,-33.4580655],[-70.6571479,-33.4580823],[-70.6571922,-33.4580913],[-70.6572011,-33.4580919],[-70.6572211,-33.4580932],[-70.6576073,-33.4581196],[-70.6576097,-33.4581201],[-70.6576537,-33.4581292],[-70.6578254,-33.4581468],[-70.6578675,-33.4581442],[-70.6578986,-33.4581469],[-70.6579557,-33.458152],[-70.6580613,-33.4581669],[-70.6581196,-33.4581751],[-70.6581677,-33.4581819],[-70.658169,-33.4581821],[-70.6583748,-33.4581945],[-70.6585669,-33.4582061],[-70.658761,-33.4582178],[-70.6593798,-33.4582551],[-70.6601041,-33.4583023],[-70.6602702,-33.4583132],[-70.6603047,-33.4583154],[-70.6603047,-33.4583154],[-70.6603048,-33.4583155],[-70.6603048,-33.4583155],[-70.6603103,-33.458317],[-70.6603221,-33.4583201],[-70.6604685,-33.4583596],[-70.660606,-33.4583715],[-70.6607178,-33.4583811],[-70.6607365,-33.4583701],[-70.6607751,-33.4583474],[-70.6610805,-33.4583673],[-70.6630178,-33.4584937],[-70.663607,-33.4585322],[-70.6636072,-33.4585324],[-70.6636432,-33.4585667],[-70.6637732,-33.4585755],[-70.6638432,-33.4585431],[-70.6638439,-33.4585407],[-70.6638445,-33.4585386],[-70.6638447,-33.4585378],[-70.6638471,-33.4585295],[-70.6638479,-33.458527],[-70.6638479,-33.4585267],[-70.6638491,-33.458525],[-70.6638491,-33.4585249],[-70.6638624,-33.4585045],[-70.6638638,-33.4585023],[-70.6638639,-33.4585022],[-70.6638646,-33.4585017],[-70.663895,-33.4584793],[-70.6638963,-33.4584783],[-70.6638973,-33.458478],[-70.663909,-33.4584746],[-70.6639098,-33.4584744],[-70.6639251,-33.4584698],[-70.6639279,-33.458469],[-70.6639164,-33.4583841],[-70.663917,-33.4583712],[-70.6639541,-33.4575493],[-70.6639705,-33.4571844],[-70.6639904,-33.4571265],[-70.6640172,-33.4570486],[-70.6640174,-33.457048],[-70.6640176,-33.4570473],[-70.6640199,-33.4570245],[-70.6640199,-33.4570244],[-70.6640247,-33.456976],[-70.6640727,-33.4564904],[-70.664097,-33.4562445],[-70.6640971,-33.4562436],[-70.6641014,-33.4562036],[-70.6641014,-33.4562032],[-70.6641312,-33.4559248],[-70.6641313,-33.4559239],[-70.6641586,-33.4556683],[-70.6641626,-33.4556304],[-70.6641627,-33.4556295],[-70.6641677,-33.4555722],[-70.6641721,-33.4555212],[-70.6641868,-33.4553519],[-70.6642035,-33.45516],[-70.6642159,-33.4550976],[-70.6642161,-33.4550967],[-70.6642695,-33.4545197],[-70.6642696,-33.4545189],[-70.6642873,-33.4543202],[-70.6643216,-33.4540222],[-70.6643295,-33.4539508],[-70.6643296,-33.4539499],[-70.6644341,-33.4528212],[-70.6644404,-33.4527679],[-70.6644405,-33.452767],[-70.6644773,-33.4523659],[-70.6645456,-33.4516211],[-70.6645457,-33.4516203],[-70.6645329,-33.4515583],[-70.6645327,-33.4515576],[-70.6645327,-33.4515573],[-70.6645563,-33.4513857],[-70.6645806,-33.4513222],[-70.6646121,-33.4510513],[-70.6646595,-33.4505928],[-70.664683,-33.4503656],[-70.664683,-33.4503649],[-70.6646729,-33.4502848],[-70.6646728,-33.4502839],[-70.6647003,-33.449655],[-70.6647004,-33.4496531],[-70.6647221,-33.4491569],[-70.6647221,-33.449156],[-70.6647242,-33.449108],[-70.6647344,-33.4488706],[-70.6647923,-33.4475235],[-70.6647924,-33.4475231],[-70.6647313,-33.4474118],[-70.6647837,-33.4474232],[-70.6647979,-33.4474263],[-70.6647974,-33.4474242],[-70.664774,-33.4473257],[-70.6646703,-33.4468882],[-70.66467,-33.4468868],[-70.6646305,-33.4468772],[-70.6646132,-33.4468729],[-70.6645893,-33.4468671],[-70.6645521,-33.4468583],[-70.6645203,-33.4468507],[-70.6645052,-33.4468472],[-70.6643355,-33.446807],[-70.6640844,-33.4467474],[-70.6640843,-33.4467474],[-70.6637389,-33.4466656],[-70.6637386,-33.4466655],[-70.6636082,-33.4466359],[-70.663175,-33.4465375],[-70.6625942,-33.4464055],[-70.6625937,-33.4464054],[-70.6622523,-33.4463261],[-70.6620477,-33.4462785],[-70.6617364,-33.4462062],[-70.661625,-33.4461803],[-70.6614622,-33.4461425],[-70.6614622,-33.4461425],[-70.6607755,-33.4459731],[-70.6606617,-33.445945],[-70.6606615,-33.445945],[-70.6606611,-33.4459449],[-70.660661,-33.4459466],[-70.6606606,-33.4459502],[-70.6606039,-33.4465182],[-70.6606041,-33.4465188],[-70.6606046,-33.4465203],[-70.6605146,-33.4467814],[-70.6603475,-33.4471395],[-70.6602642,-33.4473536],[-70.6599846,-33.4481626],[-70.6598002,-33.4486742],[-70.6596332,-33.4492672],[-70.6595045,-33.4496501],[-70.6593805,-33.4500676],[-70.6591471,-33.4508529],[-70.6589204,-33.4516159],[-70.6588056,-33.4520062],[-70.6587049,-33.4523513],[-70.6585412,-33.4529129],[-70.6583842,-33.4534527],[-70.6582528,-33.4539042],[-70.6581866,-33.4541318],[-70.6581215,-33.4543714],[-70.6580272,-33.4545761],[-70.6578132,-33.4548989],[-70.6575176,-33.4553339],[-70.6572073,-33.4557332],[-70.6569636,-33.4561133],[-70.6569035,-33.456278],[-70.6568669,-33.4564516],[-70.6568562,-33.4565028],[-70.656834,-33.4566077],[-70.6567892,-33.4568203],[-70.6567434,-33.4570378],[-70.6567205,-33.4573338],[-70.6567003,-33.4575953],[-70.6566835,-33.457864],[-70.6566763,-33.458032],[-70.6567683,-33.4580407]]]}},{"type":"Feature","properties":{"OBJECTID":10,"BARRIO":"BRASIL"},"geometry":{"type":"Polygon","coordinates":[[[-70.6674208,-33.4476547],[-70.6674405,-33.4476609],[-70.667442,-33.4476593],[-70.6674427,-33.4476586],[-70.6674453,-33.447656],[-70.6674951,-33.4476044],[-70.6675489,-33.4475488],[-70.6675736,-33.4475034],[-70.6675943,-33.447458],[-70.6676067,-33.4472693],[-70.6676068,-33.4472684],[-70.6676731,-33.4471864],[-70.6676989,-33.4467992],[-70.667699,-33.4467983],[-70.6676404,-33.4467455],[-70.6676398,-33.4467449],[-70.6677026,-33.446708],[-70.6677266,-33.446438],[-70.6677267,-33.4464372],[-70.6676698,-33.4463579],[-70.6676693,-33.4463572],[-70.667669,-33.4463568],[-70.6677397,-33.4462747],[-70.6678147,-33.4452645],[-70.6678148,-33.4452636],[-70.6677622,-33.4451751],[-70.667762,-33.4451747],[-70.6677617,-33.4451741],[-70.6677891,-33.4451506],[-70.6678234,-33.4451212],[-70.6678234,-33.4451201],[-70.6678628,-33.4445604],[-70.6678628,-33.4445595],[-70.6678105,-33.4444891],[-70.6678101,-33.4444886],[-70.6678097,-33.4444881],[-70.667873,-33.4444241],[-70.6679192,-33.4438562],[-70.6679193,-33.4438554],[-70.6678645,-33.443767],[-70.6678641,-33.4437664],[-70.6678638,-33.4437659],[-70.6678678,-33.4437607],[-70.667927,-33.4436804],[-70.668007,-33.4426105],[-70.668007,-33.4426097],[-70.6679929,-33.442588],[-70.6679768,-33.4425634],[-70.6679651,-33.4425456],[-70.6679659,-33.4425449],[-70.6679669,-33.4425442],[-70.6680148,-33.4425075],[-70.668035,-33.442492],[-70.6682575,-33.4415339],[-70.6682577,-33.4415331],[-70.6682085,-33.4414625],[-70.6682083,-33.4414622],[-70.6682079,-33.4414616],[-70.668284,-33.4413975],[-70.6684265,-33.4407769],[-70.6685237,-33.4403533],[-70.6685238,-33.4403529],[-70.6684979,-33.4403173],[-70.6684757,-33.440287],[-70.668476,-33.4402868],[-70.6684762,-33.4402866],[-70.6684981,-33.4402713],[-70.6685565,-33.4402305],[-70.6685733,-33.4398506],[-70.668601,-33.4392225],[-70.6686015,-33.4392117],[-70.6686015,-33.4392108],[-70.6685478,-33.4391585],[-70.6685472,-33.4391579],[-70.6685467,-33.4391574],[-70.6685509,-33.439154],[-70.6685579,-33.4391484],[-70.668587,-33.4391248],[-70.6686123,-33.4391042],[-70.6687043,-33.4381728],[-70.6687113,-33.4381009],[-70.6687113,-33.4381001],[-70.668664,-33.43802],[-70.6686637,-33.4380196],[-70.668663,-33.4380195],[-70.6685929,-33.4380125],[-70.6684733,-33.4380005],[-70.6670752,-33.4378606],[-70.6670751,-33.4378606],[-70.6669943,-33.4378526],[-70.6667289,-33.4378286],[-70.6660418,-33.4377663],[-70.6660417,-33.4377662],[-70.6653414,-33.4376944],[-70.6650558,-33.4376651],[-70.6650393,-33.4376634],[-70.6648751,-33.4376466],[-70.664726,-33.4376313],[-70.6644089,-33.4375988],[-70.6644089,-33.4375988],[-70.6640931,-33.437565],[-70.6640345,-33.4375587],[-70.663967,-33.4375515],[-70.6638383,-33.4375377],[-70.6636609,-33.4375187],[-70.6636608,-33.4375186],[-70.6626565,-33.4374149],[-70.6625436,-33.4374164],[-70.6625436,-33.4374164],[-70.6616292,-33.4373154],[-70.6611605,-33.4372636],[-70.6611605,-33.4372636],[-70.6604937,-33.4372004],[-70.6604638,-33.4371988],[-70.66039,-33.437195],[-70.6603692,-33.4371939],[-70.6603692,-33.4371939],[-70.6603691,-33.4371981],[-70.6603666,-33.4372534],[-70.660365,-33.4372917],[-70.6603622,-33.4373554],[-70.6603622,-33.4373556],[-70.6602894,-33.4378984],[-70.6602449,-33.4382852],[-70.6602396,-33.4383311],[-70.6602395,-33.438332],[-70.6602386,-33.4383388],[-70.6602337,-33.4383746],[-70.6601815,-33.4387593],[-70.6601709,-33.438837],[-70.6601236,-33.439202],[-70.6601065,-33.4393338],[-70.6600942,-33.4394289],[-70.6600942,-33.4394296],[-70.6600917,-33.439462],[-70.6600857,-33.4395406],[-70.6600858,-33.4395423],[-70.6600901,-33.4396398],[-70.6601027,-33.4399243],[-70.6601028,-33.4399252],[-70.6601133,-33.4400167],[-70.6601356,-33.4402104],[-70.6601443,-33.440263],[-70.6601575,-33.4403426],[-70.6601902,-33.4405048],[-70.6601985,-33.4405454],[-70.6602006,-33.4405559],[-70.6602039,-33.4405724],[-70.6602059,-33.4405822],[-70.6602113,-33.4406091],[-70.660218,-33.4406419],[-70.660251,-33.4408252],[-70.6602929,-33.4410581],[-70.6602993,-33.4410935],[-70.6603063,-33.4411328],[-70.6603661,-33.4414442],[-70.6603887,-33.4415616],[-70.660396,-33.4416128],[-70.6604004,-33.4416437],[-70.6604005,-33.441644],[-70.6604041,-33.4416697],[-70.6604152,-33.4417469],[-70.6604203,-33.4417828],[-70.6604329,-33.4418383],[-70.6604493,-33.4419108],[-70.6604498,-33.4419128],[-70.6607167,-33.4429325],[-70.6607171,-33.4429339],[-70.6607192,-33.4429421],[-70.6607233,-33.4429575],[-70.6607442,-33.4430708],[-70.6607739,-33.443231],[-70.6607854,-33.4433078],[-70.6607985,-33.4433954],[-70.6608435,-33.4435243],[-70.6608778,-33.4436227],[-70.6609133,-33.4437699],[-70.6609906,-33.4440589],[-70.6609981,-33.4441791],[-70.661,-33.4442093],[-70.661,-33.4442097],[-70.6609956,-33.4442777],[-70.6609899,-33.4443654],[-70.6609867,-33.444396],[-70.6609706,-33.444549],[-70.6609705,-33.4445493],[-70.6609601,-33.4445985],[-70.6608504,-33.4451184],[-70.6608373,-33.4451753],[-70.6606617,-33.4459423],[-70.6606611,-33.4459449],[-70.6606615,-33.445945],[-70.6606617,-33.445945],[-70.6607755,-33.4459731],[-70.6614622,-33.4461425],[-70.6614622,-33.4461425],[-70.661625,-33.4461803],[-70.6617364,-33.4462062],[-70.6620477,-33.4462785],[-70.6622523,-33.4463261],[-70.6625937,-33.4464054],[-70.6625942,-33.4464055],[-70.663175,-33.4465375],[-70.6636082,-33.4466359],[-70.6637386,-33.4466655],[-70.6637389,-33.4466656],[-70.6640843,-33.4467474],[-70.6640844,-33.4467474],[-70.6643355,-33.446807],[-70.6645052,-33.4468472],[-70.6645203,-33.4468507],[-70.6645521,-33.4468583],[-70.6645893,-33.4468671],[-70.6646132,-33.4468729],[-70.6646305,-33.4468772],[-70.66467,-33.4468868],[-70.6646704,-33.4468869],[-70.6655546,-33.4471024],[-70.6656301,-33.4471208],[-70.6657788,-33.4471608],[-70.6659127,-33.4471968],[-70.6659129,-33.4471968],[-70.6663287,-33.4473146],[-70.666398,-33.4473343],[-70.6664473,-33.4473482],[-70.6664475,-33.4473483],[-70.6674208,-33.4476547]]]}},{"type":"Feature","properties":{"OBJECTID":11,"BARRIO":"MATTA NORTE"},"geometry":{"type":"Polygon","coordinates":[[[-70.6568161,-33.460557],[-70.6568151,-33.4604338],[-70.656814,-33.4602913],[-70.6568054,-33.4599729],[-70.6567869,-33.4594185],[-70.6567696,-33.4590643],[-70.6567393,-33.4588153],[-70.6566999,-33.4584916],[-70.6566743,-33.4582822],[-70.6566741,-33.4580571],[-70.656677,-33.4579974],[-70.656683,-33.4579211],[-70.6566835,-33.457864],[-70.6566921,-33.4577711],[-70.6567003,-33.4575953],[-70.656726,-33.4572632],[-70.6567615,-33.4569517],[-70.6568032,-33.4567542],[-70.6568562,-33.4565028],[-70.6569241,-33.4561805],[-70.6570482,-33.4559691],[-70.6571053,-33.4558719],[-70.6571297,-33.4558304],[-70.6572429,-33.4556757],[-70.6573975,-33.4554746],[-70.657534,-33.4552891],[-70.6576343,-33.4551526],[-70.6577189,-33.4550376],[-70.6578132,-33.4548989],[-70.6579716,-33.4546613],[-70.6580347,-33.4545546],[-70.6576458,-33.454565],[-70.6576511,-33.4545546],[-70.6576509,-33.4545546],[-70.6576084,-33.4545417],[-70.657543,-33.4545379],[-70.6575404,-33.4545378],[-70.6575395,-33.4545377],[-70.6574747,-33.4545353],[-70.6566071,-33.4545145],[-70.6566069,-33.4545145],[-70.6564923,-33.4545098],[-70.6559035,-33.4544858],[-70.6557791,-33.4544832],[-70.6555059,-33.4544774],[-70.6555032,-33.4544774],[-70.655058,-33.4544714],[-70.6550211,-33.4544662],[-70.6550111,-33.4544648],[-70.6549453,-33.4544555],[-70.6549226,-33.4544524],[-70.6549211,-33.4544521],[-70.6545757,-33.4544465],[-70.654065,-33.4544383],[-70.6540648,-33.4544383],[-70.6533434,-33.4544216],[-70.6532877,-33.4544223],[-70.6532876,-33.4544223],[-70.6532084,-33.4544206],[-70.6525255,-33.4544054],[-70.6525255,-33.4544054],[-70.6522158,-33.454399],[-70.6514684,-33.4543835],[-70.6505606,-33.4542246],[-70.6504397,-33.4542038],[-70.6501792,-33.454159],[-70.6500384,-33.4541347],[-70.6500371,-33.4541345],[-70.6500373,-33.4541329],[-70.6500438,-33.4540899],[-70.6500725,-33.4538984],[-70.6501176,-33.4535978],[-70.6501135,-33.4534929],[-70.6501125,-33.4534652],[-70.6501562,-33.4531788],[-70.6502208,-33.4527551],[-70.6502211,-33.4527532],[-70.6502756,-33.4524254],[-70.6502775,-33.4524221],[-70.650304,-33.4523764],[-70.6503084,-33.4523688],[-70.6503826,-33.4518978],[-70.650385,-33.4518827],[-70.650385,-33.4518822],[-70.6503851,-33.4518818],[-70.6504751,-33.451159],[-70.6505602,-33.450589],[-70.6505721,-33.4505094],[-70.6505722,-33.4505085],[-70.6504591,-33.450501],[-70.6495574,-33.4503199],[-70.649215,-33.4502512],[-70.6491534,-33.4502388],[-70.6490953,-33.4502306],[-70.6490951,-33.4502306],[-70.6484777,-33.4501476],[-70.6483015,-33.4501239],[-70.6483014,-33.4501239],[-70.648239,-33.4501157],[-70.6470421,-33.4499693],[-70.6469462,-33.4499615],[-70.6469397,-33.4499606],[-70.6463657,-33.449878],[-70.6457462,-33.4497888],[-70.6457347,-33.4497872],[-70.6453274,-33.4497286],[-70.6451515,-33.4497032],[-70.6445777,-33.4496206],[-70.6445734,-33.4496427],[-70.6445693,-33.4496638],[-70.6445184,-33.4499495],[-70.6444395,-33.4503926],[-70.6444295,-33.4504489],[-70.6444259,-33.4504719],[-70.6444216,-33.4504989],[-70.6444213,-33.4505009],[-70.6444135,-33.4505505],[-70.6443891,-33.4506882],[-70.644352,-33.450898],[-70.644306,-33.4511572],[-70.6442124,-33.4516856],[-70.6442061,-33.4517213],[-70.6442057,-33.4517232],[-70.6441613,-33.4520296],[-70.6440958,-33.4524811],[-70.6439773,-33.4532979],[-70.6439773,-33.453298],[-70.6439747,-33.4533159],[-70.6439093,-33.4537613],[-70.6438903,-33.4538911],[-70.6438902,-33.4538913],[-70.6438871,-33.4539125],[-70.643887,-33.4539134],[-70.6438869,-33.4539138],[-70.6438737,-33.4540101],[-70.6438173,-33.4544215],[-70.6438171,-33.4544229],[-70.6436763,-33.4554199],[-70.6436531,-33.4555842],[-70.6436258,-33.4557782],[-70.6436257,-33.4557785],[-70.6436254,-33.4557809],[-70.6436232,-33.4557954],[-70.6434245,-33.4571414],[-70.6434243,-33.4571428],[-70.6432774,-33.4581391],[-70.6432773,-33.4581407],[-70.6432757,-33.4581798],[-70.643274,-33.4582217],[-70.6432686,-33.4583511],[-70.6432694,-33.4583521],[-70.6433288,-33.45843],[-70.643356,-33.4584657],[-70.644676,-33.4587471],[-70.6447653,-33.4587661],[-70.6447654,-33.4587662],[-70.6447768,-33.4587687],[-70.64519,-33.4588588],[-70.6453213,-33.4587709],[-70.6453218,-33.4587706],[-70.6453222,-33.4587711],[-70.6453227,-33.4587719],[-70.6453773,-33.4588444],[-70.6454249,-33.4589077],[-70.6456904,-33.4589584],[-70.6459195,-33.4590021],[-70.6460535,-33.4590277],[-70.6461282,-33.4589997],[-70.646203,-33.4589359],[-70.6462034,-33.4589355],[-70.6462034,-33.4589358],[-70.6462036,-33.4589362],[-70.6462299,-33.4590254],[-70.6462802,-33.4590698],[-70.6464533,-33.4591064],[-70.6465876,-33.4591349],[-70.646588,-33.459135],[-70.6465881,-33.459135],[-70.646822,-33.4591844],[-70.6471228,-33.459248],[-70.6471959,-33.459238],[-70.6472684,-33.4591741],[-70.6472686,-33.4591739],[-70.6472687,-33.4591741],[-70.6472689,-33.4591745],[-70.647308,-33.4592636],[-70.6473702,-33.4592988],[-70.648968,-33.4596383],[-70.6491254,-33.4595823],[-70.6491259,-33.4595821],[-70.649126,-33.4595822],[-70.6491265,-33.4595826],[-70.6492226,-33.45968],[-70.6495308,-33.4597168],[-70.6505813,-33.4598423],[-70.6506942,-33.45976],[-70.6506948,-33.4597596],[-70.6506949,-33.4597597],[-70.6506953,-33.4597602],[-70.6507851,-33.4598576],[-70.6515764,-33.4599553],[-70.6516834,-33.459882],[-70.6516839,-33.4598817],[-70.651684,-33.4598818],[-70.6516843,-33.4598822],[-70.6517534,-33.45998],[-70.6524477,-33.4600519],[-70.6525258,-33.459988],[-70.6525261,-33.4599877],[-70.6525262,-33.4599878],[-70.6525265,-33.4599882],[-70.6526023,-33.4600859],[-70.6532977,-33.4601578],[-70.6533804,-33.4600759],[-70.6533808,-33.4600755],[-70.6533809,-33.4600756],[-70.6533812,-33.4600761],[-70.6534454,-33.4601829],[-70.6542539,-33.4602623],[-70.6543426,-33.4601983],[-70.6543431,-33.4601979],[-70.6543435,-33.4601984],[-70.6544103,-33.4602872],[-70.6553259,-33.4603922],[-70.6554325,-33.460319],[-70.655433,-33.4603187],[-70.6554331,-33.4603187],[-70.6554335,-33.4603192],[-70.655523,-33.4604167],[-70.6559366,-33.4604658],[-70.6563416,-33.4605139],[-70.6564261,-33.460441],[-70.6564264,-33.4604407],[-70.6564265,-33.4604408],[-70.656427,-33.4604412],[-70.6565413,-33.4605475],[-70.6565643,-33.4605486],[-70.6566966,-33.4605554],[-70.6568161,-33.460557]]]}},{"type":"Feature","properties":{"OBJECTID":12,"BARRIO":"BALMACEDA"},"geometry":{"type":"Polygon","coordinates":[[[-70.6684864,-33.4270309],[-70.6694806,-33.4290988],[-70.6694815,-33.4290985],[-70.669482,-33.4290992],[-70.6694821,-33.4290993],[-70.6695432,-33.4291789],[-70.6695431,-33.4291797],[-70.6695379,-33.4292283],[-70.66952,-33.4293984],[-70.6694547,-33.4294566],[-70.6694542,-33.4294569],[-70.6694708,-33.4294797],[-70.6695072,-33.4295299],[-70.669507,-33.4295317],[-70.6694965,-33.429609],[-70.6694922,-33.4296407],[-70.6694781,-33.429657],[-70.6694305,-33.429712],[-70.6694309,-33.4297127],[-70.6694315,-33.4297134],[-70.6694754,-33.4297717],[-70.6694854,-33.429785],[-70.6694822,-33.4298747],[-70.6694815,-33.4298921],[-70.6694815,-33.4298922],[-70.6694092,-33.4299923],[-70.6694094,-33.4299928],[-70.6694647,-33.4300818],[-70.6694646,-33.4300826],[-70.6694414,-33.4302628],[-70.6694195,-33.4304792],[-70.6693984,-33.4306598],[-70.6693277,-33.4306878],[-70.6693282,-33.4306885],[-70.6693285,-33.4306889],[-70.6693909,-33.4307772],[-70.6693909,-33.430778],[-70.6693781,-33.4309487],[-70.6693452,-33.4309856],[-70.6693037,-33.4310324],[-70.6693034,-33.4310327],[-70.6693185,-33.4310552],[-70.6693496,-33.4311015],[-70.6693495,-33.431103],[-70.669265,-33.4320142],[-70.6692115,-33.432123],[-70.6692113,-33.4321233],[-70.6692117,-33.4321233],[-70.6692881,-33.4321254],[-70.6695666,-33.4321332],[-70.6701431,-33.4321492],[-70.6701871,-33.4321545],[-70.6702504,-33.4321622],[-70.6702504,-33.4321622],[-70.6703472,-33.432174],[-70.6703698,-33.4321767],[-70.6705021,-33.4321861],[-70.6712393,-33.4322384],[-70.6713197,-33.4322373],[-70.67132,-33.4322373],[-70.6714144,-33.4322361],[-70.6716384,-33.4322523],[-70.6723111,-33.432301],[-70.6723113,-33.432301],[-70.6730508,-33.4323545],[-70.6731241,-33.4323598],[-70.6731932,-33.4323716],[-70.6731934,-33.4323716],[-70.6732742,-33.4323779],[-70.6732752,-33.432378],[-70.6733647,-33.432385],[-70.6737314,-33.4324135],[-70.6740346,-33.432437],[-70.6740346,-33.432437],[-70.6743503,-33.4324581],[-70.6744951,-33.4324677],[-70.6749352,-33.432497],[-70.6750285,-33.4325039],[-70.6752271,-33.4325185],[-70.6755177,-33.4325398],[-70.6755373,-33.4325412],[-70.675614,-33.4325469],[-70.6756141,-33.4325469],[-70.6757528,-33.4325571],[-70.6757822,-33.4325592],[-70.6763641,-33.432602],[-70.6763645,-33.432602],[-70.6763646,-33.432602],[-70.6764047,-33.432605],[-70.6764342,-33.4326072],[-70.6766301,-33.4326298],[-70.6773129,-33.4327084],[-70.6773132,-33.4327084],[-70.6782119,-33.4327864],[-70.6783605,-33.4327963],[-70.6783605,-33.4327963],[-70.6794301,-33.4328961],[-70.6794301,-33.4328961],[-70.6803645,-33.4330007],[-70.6803651,-33.4330009],[-70.680494,-33.4330329],[-70.6805364,-33.4330435],[-70.6805385,-33.433044],[-70.680575,-33.4330531],[-70.6805915,-33.4330572],[-70.6805916,-33.4330445],[-70.6805916,-33.4330346],[-70.6805916,-33.4330336],[-70.6805923,-33.4329419],[-70.6805924,-33.4329354],[-70.6805869,-33.4327551],[-70.6805833,-33.4326379],[-70.6805401,-33.4325574],[-70.6805401,-33.4325565],[-70.6805458,-33.4324719],[-70.6806001,-33.4316637],[-70.6806002,-33.4316628],[-70.6806221,-33.4313245],[-70.6806843,-33.4303613],[-70.6806853,-33.4303459],[-70.6806854,-33.430345],[-70.6807012,-33.4301464],[-70.6807018,-33.4301383],[-70.680722,-33.4299486],[-70.680723,-33.4298088],[-70.680723,-33.4298082],[-70.6807231,-33.4297976],[-70.6807233,-33.4297863],[-70.6807062,-33.4296332],[-70.6806741,-33.4294172],[-70.6806719,-33.4294045],[-70.6806619,-33.4293469],[-70.6806412,-33.4292283],[-70.6805994,-33.4290124],[-70.6805991,-33.4290115],[-70.6805638,-33.4289136],[-70.6804856,-33.4287614],[-70.6804418,-33.4286759],[-70.6804115,-33.4286166],[-70.6803665,-33.4285287],[-70.6802593,-33.4283591],[-70.6802217,-33.4283065],[-70.6801438,-33.4281975],[-70.6801383,-33.4281898],[-70.6801145,-33.4281624],[-70.6800882,-33.4281321],[-70.6800672,-33.428108],[-70.6800459,-33.4280835],[-70.6800226,-33.4280567],[-70.6799868,-33.4280099],[-70.6799618,-33.4279779],[-70.6799202,-33.4279249],[-70.6798562,-33.4278595],[-70.6797998,-33.4278033],[-70.6797763,-33.42778],[-70.6796632,-33.4276822],[-70.6796005,-33.4276299],[-70.6795544,-33.4275915],[-70.6795084,-33.4275573],[-70.6794925,-33.4275455],[-70.6794743,-33.427532],[-70.6794581,-33.4275199],[-70.6794578,-33.4275197],[-70.6794033,-33.4274792],[-70.6793753,-33.4274591],[-70.6793687,-33.4274544],[-70.6793652,-33.4274519],[-70.6793458,-33.4274389],[-70.6793406,-33.4274354],[-70.6793341,-33.4274308],[-70.6793235,-33.4274232],[-70.6793203,-33.427421],[-70.679317,-33.4274186],[-70.6793134,-33.427416],[-70.6793108,-33.4274142],[-70.6793085,-33.4274126],[-70.6792973,-33.4274084],[-70.6792841,-33.4274034],[-70.6792833,-33.427403],[-70.6792818,-33.427402],[-70.6792802,-33.4274011],[-70.6791627,-33.4273459],[-70.6788295,-33.4271993],[-70.678755,-33.4271675],[-70.6782949,-33.4269704],[-70.6781542,-33.4269091],[-70.6780601,-33.4268681],[-70.6779842,-33.426835],[-70.6779091,-33.4267952],[-70.6776596,-33.4266926],[-70.6775101,-33.4266445],[-70.6773823,-33.4266133],[-70.6772703,-33.4266034],[-70.6771651,-33.4265941],[-70.6770618,-33.4265919],[-70.6768929,-33.4265971],[-70.6767255,-33.4266205],[-70.6766249,-33.4266483],[-70.6766099,-33.4266518],[-70.6764336,-33.4267168],[-70.6762422,-33.4267927],[-70.6761739,-33.4268289],[-70.6761391,-33.4268473],[-70.6761068,-33.4268644],[-70.6760572,-33.4268906],[-70.6760379,-33.4269008],[-70.6759355,-33.426955],[-70.6758497,-33.4269843],[-70.6758179,-33.4269939],[-70.6757161,-33.4270246],[-70.6757047,-33.4270281],[-70.6756833,-33.4270345],[-70.6755129,-33.4270859],[-70.6754926,-33.4270921],[-70.6754609,-33.4271024],[-70.6754,-33.4271223],[-70.6750095,-33.42725],[-70.6748599,-33.4272989],[-70.6748191,-33.4273128],[-70.67398,-33.4275994],[-70.6737034,-33.4276939],[-70.6736569,-33.4277095],[-70.6735546,-33.4277438],[-70.6732651,-33.4278409],[-70.6725718,-33.4280666],[-70.6723651,-33.4281339],[-70.6722754,-33.4281631],[-70.6722229,-33.4281811],[-70.6722222,-33.4281813],[-70.6720718,-33.4282328],[-70.6720135,-33.4282527],[-70.6719831,-33.4282631],[-70.6719682,-33.4282669],[-70.6719056,-33.4282825],[-70.6718328,-33.4283008],[-70.6718309,-33.4283012],[-70.6718237,-33.4283042],[-70.6718,-33.428314],[-70.6717746,-33.4283245],[-70.6717748,-33.4283205],[-70.6717805,-33.4282319],[-70.671781,-33.4282239],[-70.6717815,-33.4282159],[-70.6717824,-33.4282011],[-70.6717903,-33.4280763],[-70.6717924,-33.4280211],[-70.6717968,-33.4279049],[-70.6717957,-33.4279004],[-70.6717953,-33.4278986],[-70.6717953,-33.4278984],[-70.6717364,-33.4275946],[-70.6716799,-33.4273592],[-70.6716392,-33.4271901],[-70.6716227,-33.4271329],[-70.6715434,-33.4268587],[-70.6715327,-33.4268218],[-70.6715253,-33.4267978],[-70.6714715,-33.4266229],[-70.6714431,-33.4265304],[-70.6714428,-33.4265296],[-70.6714368,-33.42651],[-70.6714317,-33.4264934],[-70.6714195,-33.4264538],[-70.6714155,-33.4264406],[-70.6713895,-33.4263559],[-70.6713772,-33.4263156],[-70.6713433,-33.4262048],[-70.6713398,-33.4261921],[-70.6713327,-33.4261664],[-70.6713291,-33.4261533],[-70.6713285,-33.426151],[-70.6713277,-33.4261483],[-70.6713167,-33.4261083],[-70.6713158,-33.4261051],[-70.671295,-33.4260837],[-70.67122,-33.4261009],[-70.6709971,-33.4261518],[-70.6708547,-33.4261844],[-70.6708382,-33.4261881],[-70.6707355,-33.4262208],[-70.6704974,-33.4262965],[-70.6702707,-33.4263807],[-70.6701912,-33.4264102],[-70.6701075,-33.4264413],[-70.6699368,-33.4265034],[-70.66991,-33.4265132],[-70.669051,-33.4268256],[-70.6689542,-33.4268607],[-70.6686356,-33.4269766],[-70.6684864,-33.4270309]]]}},{"type":"Feature","properties":{"OBJECTID":13,"BARRIO":"PANAMÁ"},"geometry":{"type":"Polygon","coordinates":[[[-70.6603693,-33.4371936],[-70.6604586,-33.4371985],[-70.6604638,-33.4371988],[-70.6604937,-33.4372004],[-70.6611605,-33.4372636],[-70.6611605,-33.4372636],[-70.6616292,-33.4373154],[-70.6625436,-33.4374164],[-70.6625436,-33.4374164],[-70.6626565,-33.4374149],[-70.6636608,-33.4375186],[-70.6636609,-33.4375187],[-70.6638383,-33.4375377],[-70.663967,-33.4375515],[-70.6640345,-33.4375587],[-70.6640931,-33.437565],[-70.6644089,-33.4375988],[-70.6644089,-33.4375988],[-70.664726,-33.4376313],[-70.6648751,-33.4376466],[-70.6650393,-33.4376634],[-70.6650558,-33.4376651],[-70.6653414,-33.4376944],[-70.6660417,-33.4377662],[-70.6660418,-33.4377663],[-70.6667289,-33.4378286],[-70.6669943,-33.4378526],[-70.6670751,-33.4378606],[-70.6670752,-33.4378606],[-70.6684733,-33.4380005],[-70.6685929,-33.4380125],[-70.668663,-33.4380195],[-70.6686637,-33.4380196],[-70.6687267,-33.4379376],[-70.668743,-33.4377218],[-70.6687431,-33.4377209],[-70.6686977,-33.4376514],[-70.6686969,-33.4376503],[-70.6686966,-33.4376498],[-70.6686963,-33.4376494],[-70.6687667,-33.4375492],[-70.6688339,-33.4366925],[-70.6688339,-33.4366916],[-70.6687844,-33.4366391],[-70.668784,-33.4366387],[-70.6687835,-33.4366382],[-70.6688524,-33.4365831],[-70.6690035,-33.4349857],[-70.6690036,-33.4349849],[-70.6689412,-33.4349326],[-70.6689405,-33.434932],[-70.6689401,-33.4349316],[-70.6690096,-33.4348585],[-70.6690972,-33.4338752],[-70.6690973,-33.4338744],[-70.6690535,-33.4338038],[-70.6690532,-33.4338033],[-70.6690529,-33.4338028],[-70.6691149,-33.4337208],[-70.6691718,-33.4330987],[-70.6691718,-33.4330978],[-70.6691116,-33.4330094],[-70.6691113,-33.4330089],[-70.669111,-33.4330084],[-70.6691839,-33.4329353],[-70.6691866,-33.4329082],[-70.669239,-33.4323935],[-70.6692543,-33.4321957],[-70.6692544,-33.4321949],[-70.6692119,-33.4321242],[-70.6692115,-33.4321237],[-70.6692113,-33.4321233],[-70.6692115,-33.432123],[-70.669265,-33.4320142],[-70.6693495,-33.431103],[-70.6693496,-33.4311015],[-70.6693185,-33.4310552],[-70.6693034,-33.4310327],[-70.6693037,-33.4310324],[-70.6693452,-33.4309856],[-70.6693781,-33.4309487],[-70.6693909,-33.430778],[-70.6693909,-33.4307772],[-70.6693285,-33.4306889],[-70.6693282,-33.4306885],[-70.6693277,-33.4306878],[-70.6693984,-33.4306598],[-70.6694195,-33.4304792],[-70.6694414,-33.4302628],[-70.6694646,-33.4300826],[-70.6694647,-33.4300818],[-70.6694094,-33.4299928],[-70.6694092,-33.4299923],[-70.6694815,-33.4298922],[-70.6694815,-33.4298921],[-70.6694822,-33.4298747],[-70.6694854,-33.429785],[-70.6694754,-33.4297717],[-70.6694315,-33.4297134],[-70.6694309,-33.4297127],[-70.6694305,-33.429712],[-70.6694781,-33.429657],[-70.6694922,-33.4296407],[-70.6694965,-33.429609],[-70.669507,-33.4295317],[-70.6695072,-33.4295299],[-70.6694708,-33.4294797],[-70.6694542,-33.4294569],[-70.6694547,-33.4294566],[-70.66952,-33.4293984],[-70.6695379,-33.4292283],[-70.6695431,-33.4291797],[-70.6695432,-33.4291789],[-70.6694821,-33.4290993],[-70.669482,-33.4290992],[-70.6694815,-33.4290985],[-70.6694806,-33.4290988],[-70.6689266,-33.4279466],[-70.6684776,-33.427034],[-70.6680462,-33.4271842],[-70.6680241,-33.4271919],[-70.6678957,-33.4272366],[-70.6678024,-33.427269],[-70.667684,-33.4273103],[-70.667563,-33.4273537],[-70.6674814,-33.427383],[-70.6669114,-33.4275877],[-70.6669039,-33.4275904],[-70.6665709,-33.4277192],[-70.6662104,-33.4278586],[-70.6662088,-33.4278592],[-70.6659167,-33.4279735],[-70.6658518,-33.4280004],[-70.6656997,-33.4280633],[-70.6656036,-33.4281031],[-70.6655066,-33.4281432],[-70.6653295,-33.4282165],[-70.6649204,-33.4283858],[-70.6645689,-33.4285314],[-70.6645671,-33.4285321],[-70.6645437,-33.4285408],[-70.6642196,-33.428662],[-70.6639333,-33.4287388],[-70.6639152,-33.4287436],[-70.6639057,-33.4287457],[-70.6635695,-33.4288175],[-70.6635375,-33.4288217],[-70.6633282,-33.4288493],[-70.6629322,-33.4288888],[-70.6628222,-33.4289331],[-70.6628099,-33.4289449],[-70.6627941,-33.4289603],[-70.6624998,-33.4292448],[-70.6624425,-33.4293002],[-70.6624289,-33.429317],[-70.6622977,-33.4294797],[-70.6622976,-33.4294797],[-70.662286,-33.4294942],[-70.662175,-33.4296318],[-70.6619977,-33.4299279],[-70.6619801,-33.4299572],[-70.6619374,-33.4300287],[-70.6618953,-33.4300989],[-70.6618823,-33.4301294],[-70.6617128,-33.4305278],[-70.6616915,-33.4305722],[-70.6616729,-33.430611],[-70.6616722,-33.4306126],[-70.6616244,-33.4307113],[-70.6615916,-33.4307791],[-70.6615913,-33.4307797],[-70.6616895,-33.4308033],[-70.6617496,-33.4308269],[-70.6617807,-33.4308432],[-70.6618532,-33.430881],[-70.6618572,-33.4308842],[-70.661895,-33.4309142],[-70.661897,-33.4309158],[-70.6619271,-33.430954],[-70.6619692,-33.4310071],[-70.6619958,-33.43106],[-70.6620254,-33.4311538],[-70.6620341,-33.4312091],[-70.6620349,-33.4312506],[-70.6620193,-33.4313115],[-70.6619866,-33.4313825],[-70.6619582,-33.4314285],[-70.6619224,-33.4314726],[-70.6618909,-33.4315052],[-70.6618405,-33.4315403],[-70.6618189,-33.4315499],[-70.6617487,-33.431581],[-70.6616564,-33.4316141],[-70.6616322,-33.4316227],[-70.661524,-33.4316504],[-70.661507,-33.431654],[-70.6615043,-33.4316548],[-70.6614308,-33.4316768],[-70.6614127,-33.4316823],[-70.6613554,-33.4317017],[-70.6613446,-33.4317071],[-70.6613388,-33.43171],[-70.6612939,-33.4320704],[-70.6612757,-33.4320766],[-70.6612443,-33.4321031],[-70.6612324,-33.4321132],[-70.6612136,-33.4321495],[-70.661197,-33.4321768],[-70.6611795,-33.4322131],[-70.6611682,-33.4322403],[-70.6611407,-33.4323309],[-70.6610142,-33.433018],[-70.6609769,-33.4332204],[-70.6609767,-33.4332215],[-70.6609695,-33.4332606],[-70.6609625,-33.4332982],[-70.6609409,-33.4334157],[-70.6609002,-33.4336931],[-70.6607807,-33.4345075],[-70.6607746,-33.4345494],[-70.6607725,-33.4345633],[-70.6607724,-33.4345642],[-70.6607482,-33.4346989],[-70.6607481,-33.4346998],[-70.6607127,-33.4349339],[-70.6605871,-33.4357614],[-70.6605671,-33.4358931],[-70.6605618,-33.4359279],[-70.6605617,-33.4359288],[-70.66055,-33.4360055],[-70.6604325,-33.4367782],[-70.6604325,-33.4367782],[-70.6603751,-33.4371557],[-70.6603702,-33.4371875],[-70.6603693,-33.4371936]]]}},{"type":"Feature","properties":{"OBJECTID":14,"BARRIO":"DIEZ DE JULIO"},"geometry":{"type":"Polygon","coordinates":[[[-70.6431543,-33.4584013],[-70.6432629,-33.4583536],[-70.6432675,-33.4583515],[-70.6432686,-33.4583511],[-70.643274,-33.4582217],[-70.6432757,-33.4581798],[-70.6432773,-33.4581407],[-70.6432774,-33.4581391],[-70.6434243,-33.4571428],[-70.6434245,-33.4571414],[-70.6436232,-33.4557954],[-70.6436254,-33.4557809],[-70.6436257,-33.4557785],[-70.6436258,-33.4557782],[-70.6436531,-33.4555842],[-70.6436763,-33.4554199],[-70.6438171,-33.4544229],[-70.6438173,-33.4544215],[-70.6438179,-33.4544166],[-70.6439729,-33.4533282],[-70.6439747,-33.4533159],[-70.6439773,-33.453298],[-70.6439773,-33.4532979],[-70.6439676,-33.453294],[-70.6438923,-33.4532643],[-70.6434097,-33.4531804],[-70.6430663,-33.4531208],[-70.6430662,-33.4531208],[-70.6430121,-33.4531118],[-70.6423336,-33.4529988],[-70.6423334,-33.4529988],[-70.6418966,-33.4529167],[-70.64176,-33.4528911],[-70.6416966,-33.4528792],[-70.6412754,-33.4528001],[-70.6409427,-33.4527376],[-70.6408705,-33.452729],[-70.6407571,-33.4527154],[-70.6407565,-33.4527154],[-70.6398965,-33.4525446],[-70.6395995,-33.4524856],[-70.6393885,-33.4524437],[-70.6393242,-33.4524309],[-70.6393241,-33.4524309],[-70.6390634,-33.4523799],[-70.6385289,-33.4522753],[-70.6380846,-33.4521869],[-70.6380785,-33.4521806],[-70.6380512,-33.4521518],[-70.6380365,-33.4521362],[-70.6380363,-33.4521361],[-70.6377043,-33.4520687],[-70.6377001,-33.4520693],[-70.6376505,-33.4520761],[-70.6369499,-33.4519581],[-70.6369193,-33.4519529],[-70.6369051,-33.4519507],[-70.6366394,-33.4519087],[-70.636088,-33.4518083],[-70.6359873,-33.45179],[-70.6357729,-33.451751],[-70.6357719,-33.4517508],[-70.6357711,-33.4517507],[-70.6354504,-33.4517136],[-70.6349053,-33.4516313],[-70.6345709,-33.4515808],[-70.6344333,-33.4516111],[-70.6342673,-33.4516477],[-70.6335601,-33.4516366],[-70.6333728,-33.4516336],[-70.6333724,-33.4516336],[-70.633263,-33.4516307],[-70.6330961,-33.4516261],[-70.6326149,-33.4516355],[-70.6325109,-33.4516376],[-70.6324971,-33.4516401],[-70.6324698,-33.4516452],[-70.6324186,-33.4516555],[-70.6316513,-33.4518105],[-70.6316512,-33.4518105],[-70.6316408,-33.4518121],[-70.6309758,-33.4519131],[-70.6309756,-33.4519131],[-70.6309754,-33.451914],[-70.6309558,-33.4519814],[-70.6309412,-33.4520319],[-70.6307647,-33.4526396],[-70.6305897,-33.4532425],[-70.6305856,-33.4532566],[-70.630585,-33.4532588],[-70.6305564,-33.4533573],[-70.6304107,-33.4538591],[-70.6303877,-33.4539396],[-70.6302374,-33.4544649],[-70.6302203,-33.4545245],[-70.6302196,-33.454527],[-70.6302172,-33.4545357],[-70.630198,-33.4546037],[-70.6301803,-33.4546539],[-70.6301629,-33.4546976],[-70.6301397,-33.4547489],[-70.6301193,-33.4547914],[-70.630099,-33.4548395],[-70.6300825,-33.4548819],[-70.6300638,-33.4549422],[-70.6300426,-33.4550158],[-70.6299915,-33.4551887],[-70.6299715,-33.4552568],[-70.6299505,-33.4553359],[-70.6299414,-33.4553657],[-70.6299404,-33.4553689],[-70.6299341,-33.4553895],[-70.6299322,-33.4553957],[-70.629931,-33.4553997],[-70.6298638,-33.455604],[-70.6305881,-33.4557569],[-70.6311631,-33.4558784],[-70.6312881,-33.4557963],[-70.6312885,-33.455796],[-70.6312886,-33.455796],[-70.6312889,-33.4557965],[-70.6313678,-33.4559213],[-70.6315336,-33.4559552],[-70.6320276,-33.4560562],[-70.632031,-33.4560568],[-70.6321087,-33.4560083],[-70.6321341,-33.4559924],[-70.6321344,-33.4559923],[-70.6321345,-33.4559924],[-70.6321347,-33.4559929],[-70.6321356,-33.4559951],[-70.6321763,-33.4560909],[-70.6323785,-33.4561397],[-70.6327079,-33.4562192],[-70.633144,-33.4562946],[-70.6332743,-33.456221],[-70.6332748,-33.4562207],[-70.6332749,-33.4562209],[-70.6332752,-33.4562214],[-70.6333687,-33.4563548],[-70.6339328,-33.4564736],[-70.6342178,-33.4565239],[-70.6343247,-33.4564506],[-70.634325,-33.4564504],[-70.634325,-33.4564504],[-70.6343253,-33.4564508],[-70.6343254,-33.456451],[-70.6344047,-33.4565756],[-70.634636,-33.4566267],[-70.6352212,-33.4567452],[-70.6357042,-33.456847],[-70.6357313,-33.4568235],[-70.6358158,-33.4567501],[-70.6358159,-33.45675],[-70.6358645,-33.4568456],[-70.6358824,-33.4568808],[-70.6364298,-33.4569908],[-70.6368058,-33.457067],[-70.6369442,-33.4570112],[-70.6369446,-33.457011],[-70.6369452,-33.4570116],[-70.6370586,-33.4571177],[-70.6376839,-33.4572559],[-70.6378675,-33.4572964],[-70.6394059,-33.4576278],[-70.6394516,-33.4575961],[-70.6395276,-33.4575433],[-70.6395282,-33.4575429],[-70.6395964,-33.457624],[-70.6396425,-33.4576788],[-70.6404926,-33.4578659],[-70.6406446,-33.457895],[-70.6407572,-33.4579166],[-70.6408919,-33.4578281],[-70.6408924,-33.4578278],[-70.6408928,-33.4578295],[-70.6408929,-33.4578297],[-70.6409086,-33.457902],[-70.6409198,-33.4579529],[-70.6410562,-33.4579816],[-70.6411501,-33.4580014],[-70.6419782,-33.4581756],[-70.6420993,-33.4580836],[-70.6420996,-33.4580833],[-70.6420999,-33.4580837],[-70.6421002,-33.4580842],[-70.6421808,-33.4582043],[-70.6431163,-33.4584033],[-70.6431388,-33.4584081],[-70.6431543,-33.4584013]]]}},{"type":"Feature","properties":{"OBJECTID":15,"BARRIO":"SANTA ISABEL"},"geometry":{"type":"Polygon","coordinates":[[[-70.6440256,-33.4529652],[-70.6440393,-33.4528707],[-70.6440958,-33.4524811],[-70.6441613,-33.4520296],[-70.6442057,-33.4517232],[-70.6442061,-33.4517213],[-70.6442124,-33.4516856],[-70.644306,-33.4511572],[-70.644352,-33.450898],[-70.6443891,-33.4506882],[-70.6444135,-33.4505505],[-70.6444213,-33.4505009],[-70.6444216,-33.4504989],[-70.6444259,-33.4504719],[-70.6444295,-33.4504489],[-70.6444395,-33.4503926],[-70.6445184,-33.4499495],[-70.6445693,-33.4496638],[-70.6445734,-33.4496427],[-70.6445777,-33.4496206],[-70.6445778,-33.4496197],[-70.6445828,-33.4495942],[-70.6445828,-33.4495942],[-70.6445897,-33.4495584],[-70.6446851,-33.448959],[-70.6447047,-33.4488353],[-70.6447059,-33.4488288],[-70.6448111,-33.4482299],[-70.6448333,-33.4481034],[-70.6448414,-33.4480761],[-70.6448474,-33.4480558],[-70.6448479,-33.4480541],[-70.6437836,-33.4478211],[-70.6436908,-33.4477953],[-70.6436907,-33.4477953],[-70.6437545,-33.4474975],[-70.6437863,-33.4473492],[-70.6437862,-33.4473492],[-70.6436787,-33.447318],[-70.6434268,-33.4472449],[-70.6424101,-33.44695],[-70.6424097,-33.4469498],[-70.6425157,-33.446486],[-70.6425159,-33.4464852],[-70.6415381,-33.4462695],[-70.641359,-33.4462299],[-70.6408453,-33.4461142],[-70.6402162,-33.4459663],[-70.6401549,-33.4459519],[-70.6401543,-33.4459518],[-70.6395317,-33.4458216],[-70.6393003,-33.4457733],[-70.6389211,-33.445694],[-70.6371063,-33.4452942],[-70.6365372,-33.4451665],[-70.6365368,-33.4451664],[-70.6367006,-33.4448781],[-70.6367007,-33.4448779],[-70.6368843,-33.4445547],[-70.6368847,-33.4445541],[-70.6369636,-33.4444208],[-70.6370938,-33.4442009],[-70.6371444,-33.4441154],[-70.6371952,-33.444033],[-70.6375671,-33.4434292],[-70.6378151,-33.4430265],[-70.63782,-33.4430185],[-70.6378194,-33.4430183],[-70.6378087,-33.4430152],[-70.6373466,-33.442882],[-70.6369171,-33.4427581],[-70.63642,-33.4426148],[-70.6357269,-33.4424088],[-70.6351089,-33.4422251],[-70.6350383,-33.4422041],[-70.634974,-33.442185],[-70.634974,-33.442185],[-70.6348419,-33.442149],[-70.6346554,-33.442098],[-70.6346484,-33.4420961],[-70.6344213,-33.4420341],[-70.6340241,-33.4419256],[-70.633959,-33.4419079],[-70.633944,-33.4419038],[-70.6339439,-33.4419037],[-70.6339401,-33.4419027],[-70.6339401,-33.4419027],[-70.6339388,-33.4419073],[-70.6339368,-33.4419146],[-70.633932,-33.4419324],[-70.6339309,-33.4419361],[-70.6339296,-33.4419409],[-70.6339241,-33.4419611],[-70.6339118,-33.4420062],[-70.6339077,-33.442021],[-70.6338912,-33.4420815],[-70.6338852,-33.4421035],[-70.6338851,-33.4421037],[-70.6338838,-33.4421086],[-70.6338822,-33.4421144],[-70.6338765,-33.4421351],[-70.633867,-33.4421699],[-70.6338661,-33.4421732],[-70.6338604,-33.4421941],[-70.6338599,-33.4421958],[-70.633859,-33.4421991],[-70.6338583,-33.4422016],[-70.6338578,-33.4422036],[-70.6338312,-33.4423007],[-70.63379,-33.4424408],[-70.6337792,-33.4424773],[-70.6337768,-33.4424856],[-70.6337757,-33.4424892],[-70.6337757,-33.4424893],[-70.6337756,-33.4424896],[-70.6337742,-33.4424942],[-70.6337702,-33.442508],[-70.6337488,-33.4425804],[-70.6337477,-33.4425842],[-70.6337419,-33.4426038],[-70.6337201,-33.442678],[-70.6336882,-33.4427861],[-70.6336874,-33.4427889],[-70.6336849,-33.4427975],[-70.6336628,-33.4428724],[-70.6336522,-33.4429085],[-70.6336456,-33.4429309],[-70.6336446,-33.4429343],[-70.6336382,-33.4429559],[-70.6335816,-33.4431479],[-70.63358,-33.4431534],[-70.6335495,-33.443257],[-70.6335481,-33.4432618],[-70.6335437,-33.4432766],[-70.6335387,-33.4432935],[-70.6335386,-33.443294],[-70.6335336,-33.4433111],[-70.6335335,-33.4433111],[-70.6335332,-33.4433123],[-70.6335318,-33.4433169],[-70.6335291,-33.4433262],[-70.6335265,-33.443335],[-70.6335257,-33.4433376],[-70.6335219,-33.4433506],[-70.6335156,-33.4433712],[-70.6335151,-33.4433728],[-70.6335071,-33.4433991],[-70.6335036,-33.4434106],[-70.6335035,-33.4434111],[-70.6335023,-33.4434149],[-70.6334979,-33.4434293],[-70.633493,-33.4434455],[-70.6334885,-33.4434602],[-70.633487,-33.4434651],[-70.6334824,-33.4434804],[-70.6334747,-33.4435056],[-70.6334692,-33.4435235],[-70.6334677,-33.4435286],[-70.633466,-33.4435342],[-70.6334624,-33.443546],[-70.6334573,-33.4435627],[-70.6334412,-33.4436156],[-70.6334404,-33.4436179],[-70.6334375,-33.4436277],[-70.6334318,-33.4436463],[-70.6334199,-33.4436854],[-70.6334109,-33.4437149],[-70.633395,-33.4437671],[-70.6333868,-33.4437939],[-70.6333733,-33.4438382],[-70.6333662,-33.4438615],[-70.6333511,-33.4439111],[-70.6333332,-33.4439697],[-70.6333274,-33.4439889],[-70.6333252,-33.4439961],[-70.6333216,-33.4440079],[-70.6333076,-33.4440537],[-70.6333063,-33.4440579],[-70.6333041,-33.4440652],[-70.6332971,-33.4440882],[-70.6332793,-33.4441468],[-70.6332521,-33.444236],[-70.6332468,-33.4442535],[-70.6332462,-33.4442553],[-70.6332347,-33.4442931],[-70.6332182,-33.4443471],[-70.633194,-33.4444265],[-70.6331668,-33.4445157],[-70.633143,-33.4445938],[-70.633131,-33.4446334],[-70.6331046,-33.4447198],[-70.6330841,-33.4447872],[-70.6330804,-33.4447992],[-70.6330651,-33.4448497],[-70.6330641,-33.4448529],[-70.6330151,-33.4450251],[-70.6330104,-33.4450416],[-70.6330096,-33.4450443],[-70.6329863,-33.445126],[-70.6329799,-33.4451487],[-70.6329639,-33.445205],[-70.6329472,-33.4452634],[-70.6329248,-33.4453419],[-70.6329085,-33.4453993],[-70.632906,-33.4454079],[-70.6329048,-33.4454122],[-70.6329043,-33.4454142],[-70.6328973,-33.4454386],[-70.6328967,-33.4454406],[-70.6328867,-33.4454758],[-70.6328843,-33.4454843],[-70.632881,-33.4454959],[-70.6328444,-33.4456242],[-70.6328104,-33.4457436],[-70.6327883,-33.4458211],[-70.6327782,-33.4458567],[-70.6327763,-33.4458633],[-70.6327574,-33.4459295],[-70.6327248,-33.4460441],[-70.6327211,-33.446057],[-70.6327102,-33.4460953],[-70.6326762,-33.4462147],[-70.6326692,-33.4462392],[-70.6326551,-33.4462885],[-70.6326502,-33.4463057],[-70.6326381,-33.4463483],[-70.6326254,-33.4463927],[-70.6326024,-33.4464737],[-70.6325588,-33.4466264],[-70.632549,-33.446661],[-70.6325487,-33.4466621],[-70.6325415,-33.4466872],[-70.6325281,-33.4467343],[-70.6325246,-33.4467467],[-70.6324714,-33.4469332],[-70.6324591,-33.4469764],[-70.6324577,-33.4469813],[-70.6324566,-33.4469852],[-70.632454,-33.4469942],[-70.6324231,-33.4471026],[-70.6323878,-33.4472266],[-70.6323846,-33.4472378],[-70.6323735,-33.4472767],[-70.6323728,-33.4472792],[-70.6323718,-33.4472829],[-70.6323703,-33.4472879],[-70.6323535,-33.447347],[-70.6323411,-33.4473907],[-70.632337,-33.4474049],[-70.6323348,-33.4474126],[-70.6323344,-33.4474141],[-70.6323302,-33.4474289],[-70.6323298,-33.4474301],[-70.6323298,-33.4474302],[-70.6323295,-33.4474311],[-70.6323287,-33.4474339],[-70.6323283,-33.4474351],[-70.632328,-33.4474361],[-70.6323274,-33.4474379],[-70.6323271,-33.447439],[-70.6323239,-33.4474492],[-70.6323224,-33.4474543],[-70.6323222,-33.447455],[-70.6323211,-33.4474584],[-70.6323197,-33.4474629],[-70.6323176,-33.4474697],[-70.6323167,-33.4474727],[-70.6323161,-33.4474747],[-70.6323157,-33.4474759],[-70.6323146,-33.4474796],[-70.6322995,-33.4475287],[-70.632282,-33.4475858],[-70.632278,-33.4475987],[-70.632274,-33.4476117],[-70.6322651,-33.4476406],[-70.632255,-33.4476735],[-70.6322525,-33.4476817],[-70.6322404,-33.4477208],[-70.6322377,-33.4477296],[-70.6322125,-33.4478117],[-70.6321917,-33.4478795],[-70.632184,-33.4479045],[-70.6321586,-33.447987],[-70.6321378,-33.4480546],[-70.6320949,-33.4481944],[-70.6320765,-33.4482541],[-70.6320717,-33.4482697],[-70.6320624,-33.4483],[-70.6320558,-33.4483215],[-70.632054,-33.4483272],[-70.6320452,-33.4483559],[-70.6320067,-33.448481],[-70.6320002,-33.4485023],[-70.6319779,-33.4485749],[-70.6319765,-33.4485795],[-70.6319559,-33.4486531],[-70.6319378,-33.4487183],[-70.6319358,-33.4487255],[-70.6319041,-33.4488393],[-70.631902,-33.4488468],[-70.6318993,-33.4488563],[-70.631895,-33.4488718],[-70.6318927,-33.4488801],[-70.6318899,-33.4488901],[-70.6318899,-33.4488902],[-70.6318898,-33.4488906],[-70.6318851,-33.4489074],[-70.6318781,-33.4489326],[-70.6318704,-33.4489604],[-70.6318695,-33.4489633],[-70.6318649,-33.4489798],[-70.6318634,-33.4489853],[-70.6318611,-33.4489936],[-70.6318588,-33.4490018],[-70.6318477,-33.4490417],[-70.6318389,-33.4490734],[-70.6318371,-33.4490798],[-70.6318345,-33.449089],[-70.6318241,-33.4491264],[-70.6318189,-33.449145],[-70.6318147,-33.44916],[-70.6318123,-33.4491687],[-70.6318063,-33.4491904],[-70.6318044,-33.4491971],[-70.6317988,-33.4492173],[-70.6317952,-33.4492301],[-70.6317942,-33.4492339],[-70.6317895,-33.4492506],[-70.6317864,-33.4492618],[-70.6317781,-33.4492917],[-70.6317707,-33.4493182],[-70.631759,-33.4493601],[-70.6317583,-33.4493626],[-70.631755,-33.4493745],[-70.631755,-33.4493745],[-70.6317545,-33.4493764],[-70.6317525,-33.4493833],[-70.6317505,-33.4493905],[-70.6317495,-33.4493941],[-70.6317479,-33.4494001],[-70.6317414,-33.4494232],[-70.6317399,-33.4494287],[-70.6317394,-33.4494306],[-70.6317387,-33.4494329],[-70.6317356,-33.4494441],[-70.6317319,-33.4494575],[-70.6317288,-33.4494684],[-70.6317284,-33.4494699],[-70.6317275,-33.4494734],[-70.6317266,-33.4494764],[-70.6317264,-33.4494771],[-70.6317224,-33.4494914],[-70.6317219,-33.4494932],[-70.6317217,-33.4494939],[-70.6317216,-33.4494946],[-70.6317211,-33.4494963],[-70.631721,-33.4494964],[-70.6317206,-33.449498],[-70.631718,-33.4495072],[-70.631715,-33.4495183],[-70.6317147,-33.4495193],[-70.6317144,-33.4495205],[-70.6317122,-33.4495283],[-70.631711,-33.4495324],[-70.6317086,-33.4495409],[-70.6317084,-33.4495417],[-70.6317078,-33.4495439],[-70.6317064,-33.449549],[-70.6317025,-33.4495629],[-70.6317018,-33.4495655],[-70.6317017,-33.4495659],[-70.6316998,-33.4495728],[-70.6316986,-33.449577],[-70.6316985,-33.4495772],[-70.6316978,-33.4495798],[-70.6316967,-33.4495837],[-70.6316959,-33.4495866],[-70.6316958,-33.4495871],[-70.6316955,-33.449588],[-70.6316953,-33.4495889],[-70.6316924,-33.4495994],[-70.6316919,-33.449601],[-70.6316897,-33.4496088],[-70.6316893,-33.4496102],[-70.6316887,-33.4496125],[-70.6316864,-33.4496207],[-70.631686,-33.4496221],[-70.631686,-33.4496221],[-70.6316854,-33.4496243],[-70.6316837,-33.4496305],[-70.6316833,-33.449632],[-70.631683,-33.4496331],[-70.631681,-33.4496402],[-70.6316802,-33.449643],[-70.6316801,-33.4496435],[-70.6316789,-33.4496478],[-70.6316783,-33.4496499],[-70.6316779,-33.4496513],[-70.6316776,-33.4496522],[-70.6316748,-33.4496623],[-70.6316748,-33.4496623],[-70.6316745,-33.4496635],[-70.6316718,-33.449673],[-70.6316712,-33.4496752],[-70.6316693,-33.4496822],[-70.6316688,-33.4496838],[-70.6316688,-33.4496838],[-70.6316672,-33.4496897],[-70.6316664,-33.4496927],[-70.6316663,-33.449693],[-70.6316662,-33.4496933],[-70.6316649,-33.4496979],[-70.6316641,-33.4497007],[-70.6316638,-33.4497015],[-70.6316637,-33.449702],[-70.6316626,-33.4497058],[-70.6316614,-33.4497101],[-70.6316606,-33.449713],[-70.6316599,-33.4497152],[-70.6316574,-33.4497241],[-70.6316568,-33.4497263],[-70.6316567,-33.4497266],[-70.6316567,-33.4497267],[-70.6316562,-33.4497284],[-70.6316555,-33.4497307],[-70.6316541,-33.4497361],[-70.6316536,-33.4497377],[-70.631653,-33.4497399],[-70.6316509,-33.4497474],[-70.6316504,-33.4497493],[-70.6316501,-33.4497503],[-70.6316474,-33.4497602],[-70.631647,-33.4497617],[-70.6316445,-33.4497706],[-70.6316439,-33.4497728],[-70.6316435,-33.4497743],[-70.631643,-33.449776],[-70.6316407,-33.4497844],[-70.6316399,-33.4497871],[-70.631637,-33.4497979],[-70.6316368,-33.4497985],[-70.6316368,-33.4497985],[-70.6316361,-33.4498011],[-70.6316337,-33.4498098],[-70.6316335,-33.4498106],[-70.6316332,-33.4498115],[-70.6316305,-33.4498214],[-70.63163,-33.449823],[-70.63163,-33.4498232],[-70.6316273,-33.4498329],[-70.6316268,-33.4498347],[-70.6316243,-33.4498436],[-70.631625,-33.4498437],[-70.6316274,-33.4498442],[-70.6316045,-33.4499166],[-70.6316016,-33.4499261],[-70.6315986,-33.4499356],[-70.63158,-33.4499946],[-70.6315591,-33.4500608],[-70.6315029,-33.4502393],[-70.6313268,-33.4507983],[-70.6313113,-33.4508475],[-70.6312378,-33.4510808],[-70.6312021,-33.4511944],[-70.6311347,-33.4514081],[-70.6310317,-33.4517353],[-70.6310128,-33.4517952],[-70.6309759,-33.4519123],[-70.6309756,-33.4519131],[-70.6309758,-33.4519131],[-70.6316408,-33.4518121],[-70.6316512,-33.4518105],[-70.6316513,-33.4518105],[-70.6324186,-33.4516555],[-70.6324698,-33.4516452],[-70.6324971,-33.4516401],[-70.6325109,-33.4516376],[-70.6326149,-33.4516355],[-70.6330961,-33.4516261],[-70.633263,-33.4516307],[-70.6333724,-33.4516336],[-70.6333728,-33.4516336],[-70.6335601,-33.4516366],[-70.6342673,-33.4516477],[-70.6344333,-33.4516111],[-70.6345709,-33.4515808],[-70.6349053,-33.4516313],[-70.6354504,-33.4517136],[-70.6357711,-33.4517507],[-70.6357719,-33.4517508],[-70.6357729,-33.451751],[-70.6359873,-33.45179],[-70.636088,-33.4518083],[-70.6366394,-33.4519087],[-70.6369051,-33.4519507],[-70.6369193,-33.4519529],[-70.6369499,-33.4519581],[-70.6376505,-33.4520761],[-70.6377001,-33.4520693],[-70.6377043,-33.4520687],[-70.6380363,-33.4521361],[-70.6380365,-33.4521362],[-70.6380512,-33.4521518],[-70.6380785,-33.4521806],[-70.6380846,-33.4521869],[-70.6385289,-33.4522753],[-70.6390634,-33.4523799],[-70.6393241,-33.4524309],[-70.6393242,-33.4524309],[-70.6393885,-33.4524437],[-70.6395995,-33.4524856],[-70.6398965,-33.4525446],[-70.6407565,-33.4527154],[-70.6407571,-33.4527154],[-70.6408705,-33.452729],[-70.6409427,-33.4527376],[-70.6412754,-33.4528001],[-70.6416966,-33.4528792],[-70.64176,-33.4528911],[-70.6418966,-33.4529167],[-70.6423334,-33.4529988],[-70.6423336,-33.4529988],[-70.6430121,-33.4531118],[-70.6430662,-33.4531208],[-70.6430663,-33.4531208],[-70.6434097,-33.4531804],[-70.6438923,-33.4532643],[-70.6439676,-33.453294],[-70.6439773,-33.4532979],[-70.6440256,-33.4529652]]]}},{"type":"Feature","properties":{"OBJECTID":16,"BARRIO":"SAN BORJA"},"geometry":{"type":"Polygon","coordinates":[[[-70.6451953,-33.4466922],[-70.645245,-33.4464874],[-70.6452458,-33.446484],[-70.6452754,-33.4463621],[-70.645282,-33.4463348],[-70.645282,-33.4463347],[-70.6452878,-33.4463107],[-70.6452881,-33.4463096],[-70.6453033,-33.4462465],[-70.6453045,-33.4462415],[-70.6453262,-33.4461608],[-70.6453264,-33.4461599],[-70.6454259,-33.4457891],[-70.6454403,-33.4457348],[-70.6454779,-33.4455925],[-70.645566,-33.4452595],[-70.6455864,-33.4451918],[-70.6455925,-33.4451718],[-70.6456011,-33.4451432],[-70.6456082,-33.44512],[-70.6456994,-33.4448031],[-70.6458098,-33.4444199],[-70.6458102,-33.4444179],[-70.6459153,-33.4439542],[-70.6460193,-33.4435891],[-70.6460611,-33.4434425],[-70.6460607,-33.4434419],[-70.6460395,-33.4434106],[-70.646023,-33.4433862],[-70.6460225,-33.4433854],[-70.6460862,-33.4433178],[-70.646155,-33.443104],[-70.6461645,-33.4430744],[-70.6461836,-33.4430151],[-70.6461951,-33.4429846],[-70.6461955,-33.4429834],[-70.6462141,-33.4429343],[-70.6462139,-33.4429342],[-70.6462119,-33.4429338],[-70.6460125,-33.4428876],[-70.645764,-33.4428301],[-70.6452948,-33.4427005],[-70.6450386,-33.4426297],[-70.6448963,-33.4425904],[-70.6448962,-33.4425904],[-70.6447694,-33.4425504],[-70.6442052,-33.4423729],[-70.6440788,-33.4423314],[-70.6439217,-33.4422797],[-70.6438592,-33.4422612],[-70.6438129,-33.4422474],[-70.6436158,-33.4421689],[-70.6430227,-33.4419152],[-70.6427031,-33.4417391],[-70.642681,-33.4417249],[-70.6423303,-33.4414915],[-70.641914,-33.4412076],[-70.6416173,-33.4410053],[-70.6404569,-33.440214],[-70.640455,-33.4402127],[-70.6404221,-33.4402139],[-70.6404191,-33.4402118],[-70.6399866,-33.439907],[-70.6398209,-33.4397911],[-70.6394069,-33.4395014],[-70.6394061,-33.4395008],[-70.6391333,-33.4393045],[-70.6389539,-33.4391754],[-70.6389534,-33.439175],[-70.6387234,-33.439008],[-70.6382665,-33.4386761],[-70.6380732,-33.4385358],[-70.6380732,-33.4385357],[-70.6380848,-33.4384643],[-70.6380848,-33.438464],[-70.6380849,-33.4384634],[-70.6380848,-33.4384634],[-70.6380734,-33.4384647],[-70.6380401,-33.4384683],[-70.6379659,-33.4384764],[-70.6377799,-33.4383435],[-70.6375834,-33.4382031],[-70.6370261,-33.4378858],[-70.6367653,-33.4377492],[-70.6367606,-33.4377468],[-70.6367577,-33.4377455],[-70.6365946,-33.437676],[-70.6365942,-33.4376758],[-70.6365712,-33.437666],[-70.6365294,-33.4376482],[-70.6365294,-33.4376462],[-70.6365285,-33.437565],[-70.6365285,-33.4375649],[-70.6365285,-33.4375641],[-70.636528,-33.4375643],[-70.6364513,-33.437596],[-70.6364011,-33.4376168],[-70.6361877,-33.4375597],[-70.6353136,-33.4373256],[-70.6353131,-33.4373255],[-70.6352944,-33.4373198],[-70.6352596,-33.4373091],[-70.6352282,-33.4372995],[-70.6352271,-33.4373036],[-70.6352262,-33.4373068],[-70.6352188,-33.4373332],[-70.635209,-33.4373683],[-70.635193,-33.4374253],[-70.6351928,-33.4374259],[-70.6351878,-33.4374438],[-70.6351723,-33.4374992],[-70.6351695,-33.4375093],[-70.6351504,-33.4375777],[-70.6351324,-33.4376419],[-70.6351252,-33.4376676],[-70.6351122,-33.4377139],[-70.6350915,-33.4377879],[-70.6350823,-33.4378209],[-70.6350805,-33.4378273],[-70.6350581,-33.4379057],[-70.6350561,-33.437913],[-70.6350481,-33.437941],[-70.6350438,-33.4379561],[-70.6350381,-33.4379762],[-70.6350231,-33.4380288],[-70.6350231,-33.4380289],[-70.6350149,-33.4380577],[-70.6349975,-33.4381186],[-70.6349851,-33.4381625],[-70.6349742,-33.4382006],[-70.6349539,-33.4382721],[-70.6349398,-33.4383216],[-70.6349392,-33.4383235],[-70.6349386,-33.4383259],[-70.6349261,-33.4383695],[-70.6348977,-33.4384694],[-70.6348975,-33.4384703],[-70.6348885,-33.4385017],[-70.6348831,-33.4385207],[-70.6348695,-33.4385683],[-70.6348522,-33.4386294],[-70.6348517,-33.4386309],[-70.6348514,-33.438632],[-70.6348309,-33.4387043],[-70.6348256,-33.4387228],[-70.6348019,-33.4388061],[-70.6348001,-33.4388122],[-70.6347986,-33.4388177],[-70.6347965,-33.438825],[-70.6347851,-33.4388651],[-70.6347777,-33.4388909],[-70.634766,-33.4389323],[-70.6347389,-33.4390274],[-70.6347369,-33.4390344],[-70.6347109,-33.4391257],[-70.6346773,-33.4392437],[-70.6346757,-33.4392494],[-70.6346688,-33.4392738],[-70.6346548,-33.4393228],[-70.6346548,-33.4393228],[-70.6346544,-33.4393241],[-70.6346462,-33.439353],[-70.6346269,-33.4394209],[-70.6346191,-33.4394482],[-70.6346148,-33.4394633],[-70.634587,-33.4395612],[-70.6345852,-33.4395675],[-70.6345672,-33.4396305],[-70.6345559,-33.4396704],[-70.6345509,-33.4396881],[-70.6345273,-33.4397706],[-70.6345145,-33.4398158],[-70.6345073,-33.4398411],[-70.6345052,-33.4398484],[-70.6344661,-33.4399859],[-70.6344571,-33.4400175],[-70.6344452,-33.4400592],[-70.6344202,-33.4401472],[-70.6344111,-33.4401803],[-70.6344104,-33.4401829],[-70.6344036,-33.440208],[-70.6343926,-33.4402479],[-70.6343864,-33.4402707],[-70.6343785,-33.4402996],[-70.6343768,-33.4403058],[-70.6343596,-33.4403686],[-70.6343592,-33.4403703],[-70.6343403,-33.4404391],[-70.6343334,-33.4404647],[-70.6343187,-33.4405181],[-70.6343161,-33.4405278],[-70.6343132,-33.4405384],[-70.6342931,-33.4406117],[-70.6342921,-33.4406154],[-70.634287,-33.4406343],[-70.6342806,-33.4406576],[-70.6342772,-33.44067],[-70.6342663,-33.4407099],[-70.6342613,-33.440728],[-70.6342511,-33.4407655],[-70.6342502,-33.4407687],[-70.6342459,-33.4407845],[-70.6342447,-33.4407889],[-70.634215,-33.4408974],[-70.6342123,-33.4409074],[-70.634179,-33.441029],[-70.6341543,-33.4411193],[-70.6341536,-33.4411218],[-70.6341514,-33.4411299],[-70.6341474,-33.4411448],[-70.6341343,-33.4411926],[-70.6341285,-33.4412139],[-70.634115,-33.4412632],[-70.6341096,-33.441283],[-70.6341024,-33.4413093],[-70.634101,-33.4413141],[-70.6341006,-33.4413157],[-70.6340201,-33.4416102],[-70.6340107,-33.4416445],[-70.634008,-33.4416545],[-70.6339748,-33.4417759],[-70.6339698,-33.441794],[-70.6339653,-33.4418106],[-70.6339636,-33.4418166],[-70.6339528,-33.4418562],[-70.6339481,-33.4418734],[-70.6339465,-33.4418792],[-70.6339463,-33.4418798],[-70.6339462,-33.4418804],[-70.6339462,-33.4418805],[-70.6339458,-33.4418817],[-70.6339428,-33.4418929],[-70.6339401,-33.4419027],[-70.6339439,-33.4419037],[-70.633944,-33.4419038],[-70.633959,-33.4419079],[-70.6340241,-33.4419256],[-70.6344213,-33.4420341],[-70.6346484,-33.4420961],[-70.6346554,-33.442098],[-70.6348419,-33.442149],[-70.634974,-33.442185],[-70.634974,-33.442185],[-70.6350383,-33.4422041],[-70.6351089,-33.4422251],[-70.6357269,-33.4424088],[-70.63642,-33.4426148],[-70.6369171,-33.4427581],[-70.6373466,-33.442882],[-70.6378087,-33.4430152],[-70.6378194,-33.4430183],[-70.63782,-33.4430185],[-70.6378151,-33.4430265],[-70.6375671,-33.4434292],[-70.6371952,-33.444033],[-70.6371444,-33.4441154],[-70.6370938,-33.4442009],[-70.6369636,-33.4444208],[-70.6368847,-33.4445541],[-70.6368843,-33.4445547],[-70.6367007,-33.4448779],[-70.6367006,-33.4448781],[-70.6365368,-33.4451664],[-70.6365372,-33.4451665],[-70.6371063,-33.4452942],[-70.6389211,-33.445694],[-70.6393003,-33.4457733],[-70.6395317,-33.4458216],[-70.6401543,-33.4459518],[-70.6401549,-33.4459519],[-70.6402162,-33.4459663],[-70.6408453,-33.4461142],[-70.641359,-33.4462299],[-70.6415381,-33.4462695],[-70.6425159,-33.4464852],[-70.6425157,-33.446486],[-70.6424097,-33.4469498],[-70.6424101,-33.44695],[-70.6434268,-33.4472449],[-70.6436787,-33.447318],[-70.6437862,-33.4473492],[-70.6437863,-33.4473492],[-70.6437545,-33.4474975],[-70.6436907,-33.4477953],[-70.6436908,-33.4477953],[-70.6437836,-33.4478211],[-70.6448479,-33.4480541],[-70.6448624,-33.4479828],[-70.6449547,-33.4476261],[-70.6449549,-33.4476252],[-70.6449591,-33.4476089],[-70.6449674,-33.4475767],[-70.6449805,-33.4475268],[-70.6449856,-33.4475074],[-70.6450149,-33.4473955],[-70.6450161,-33.4473907],[-70.6450165,-33.4473892],[-70.6451444,-33.4468967],[-70.6451488,-33.4468795],[-70.6451489,-33.4468792],[-70.6451504,-33.4468733],[-70.6451652,-33.4468162],[-70.645192,-33.4467058],[-70.6451953,-33.4466922]]]}},{"type":"Feature","properties":{"OBJECTID":17,"BARRIO":"PARQUE ALMAGRO"},"geometry":{"type":"Polygon","coordinates":[[[-70.6462284,-33.4429177],[-70.6462133,-33.4429363],[-70.6461955,-33.4429834],[-70.6461951,-33.4429846],[-70.6461836,-33.4430151],[-70.6461645,-33.4430744],[-70.646155,-33.443104],[-70.6460862,-33.4433178],[-70.6460225,-33.4433854],[-70.646023,-33.4433862],[-70.6460395,-33.4434106],[-70.6460607,-33.4434419],[-70.6460611,-33.4434425],[-70.6460193,-33.4435891],[-70.6459153,-33.4439542],[-70.6458102,-33.4444179],[-70.6458098,-33.4444199],[-70.6456994,-33.4448031],[-70.6456082,-33.44512],[-70.6456011,-33.4451432],[-70.6455925,-33.4451718],[-70.6455864,-33.4451918],[-70.645566,-33.4452595],[-70.6454779,-33.4455925],[-70.6454403,-33.4457348],[-70.6454259,-33.4457891],[-70.6453264,-33.4461599],[-70.6453262,-33.4461608],[-70.6453045,-33.4462415],[-70.6453033,-33.4462465],[-70.6452881,-33.4463096],[-70.6452878,-33.4463107],[-70.645282,-33.4463347],[-70.645282,-33.4463348],[-70.6452754,-33.4463621],[-70.6452458,-33.446484],[-70.645245,-33.4464874],[-70.6451953,-33.4466922],[-70.645192,-33.4467058],[-70.6451652,-33.4468162],[-70.6451504,-33.4468733],[-70.6451489,-33.4468792],[-70.6451488,-33.4468795],[-70.6451444,-33.4468967],[-70.6450165,-33.4473892],[-70.6450161,-33.4473907],[-70.6450149,-33.4473955],[-70.6449856,-33.4475074],[-70.6449805,-33.4475268],[-70.6449674,-33.4475767],[-70.6449591,-33.4476089],[-70.6449549,-33.4476252],[-70.6449547,-33.4476261],[-70.6448624,-33.4479828],[-70.6448479,-33.4480541],[-70.6448474,-33.4480558],[-70.6448414,-33.4480761],[-70.6448333,-33.4481034],[-70.6448111,-33.4482299],[-70.6447059,-33.4488288],[-70.6447047,-33.4488353],[-70.6446851,-33.448959],[-70.6445897,-33.4495584],[-70.6445828,-33.4495942],[-70.6445828,-33.4495942],[-70.6445778,-33.4496197],[-70.6445777,-33.4496206],[-70.6451515,-33.4497032],[-70.6453274,-33.4497286],[-70.6457347,-33.4497872],[-70.6457462,-33.4497888],[-70.6463657,-33.449878],[-70.6469397,-33.4499606],[-70.6469462,-33.4499615],[-70.6470421,-33.4499693],[-70.648239,-33.4501157],[-70.6483014,-33.4501239],[-70.6483015,-33.4501239],[-70.6484777,-33.4501476],[-70.6490951,-33.4502306],[-70.6490953,-33.4502306],[-70.6491534,-33.4502388],[-70.649215,-33.4502512],[-70.6495574,-33.4503199],[-70.6504591,-33.450501],[-70.6505722,-33.4505085],[-70.6505721,-33.4505094],[-70.6505602,-33.450589],[-70.6504751,-33.451159],[-70.6503851,-33.4518818],[-70.650385,-33.4518822],[-70.650385,-33.4518827],[-70.6503826,-33.4518978],[-70.6503084,-33.4523688],[-70.650304,-33.4523764],[-70.6502775,-33.4524221],[-70.6502756,-33.4524254],[-70.6502211,-33.4527532],[-70.6502208,-33.4527551],[-70.6501562,-33.4531788],[-70.6501125,-33.4534652],[-70.6501135,-33.4534929],[-70.6501176,-33.4535978],[-70.6500725,-33.4538984],[-70.6500438,-33.4540899],[-70.6500373,-33.4541329],[-70.6500371,-33.4541345],[-70.6500384,-33.4541347],[-70.6501792,-33.454159],[-70.6504397,-33.4542038],[-70.6505606,-33.4542246],[-70.6514684,-33.4543835],[-70.6522158,-33.454399],[-70.6525255,-33.4544054],[-70.6525255,-33.4544054],[-70.6532084,-33.4544206],[-70.6532876,-33.4544223],[-70.6532877,-33.4544223],[-70.6533434,-33.4544216],[-70.6540648,-33.4544383],[-70.654065,-33.4544383],[-70.6545757,-33.4544465],[-70.6549211,-33.4544521],[-70.6549226,-33.4544524],[-70.6549453,-33.4544555],[-70.6550111,-33.4544648],[-70.6550211,-33.4544662],[-70.655058,-33.4544714],[-70.6555032,-33.4544774],[-70.6555059,-33.4544774],[-70.6557791,-33.4544832],[-70.6559035,-33.4544858],[-70.6564923,-33.4545098],[-70.6566069,-33.4545145],[-70.6566071,-33.4545145],[-70.6574747,-33.4545353],[-70.6575395,-33.4545377],[-70.6575404,-33.4545378],[-70.657543,-33.4545379],[-70.6576084,-33.4545417],[-70.6576509,-33.4545546],[-70.6576511,-33.4545546],[-70.6576458,-33.454565],[-70.6577531,-33.4545621],[-70.6578896,-33.4545585],[-70.6580347,-33.4545546],[-70.658053,-33.4545201],[-70.6580864,-33.4544475],[-70.6581215,-33.4543714],[-70.6581306,-33.4543379],[-70.6581866,-33.4541318],[-70.6582528,-33.4539042],[-70.6583422,-33.4535969],[-70.6584283,-33.4533011],[-70.6585109,-33.4530171],[-70.6586522,-33.452527],[-70.6588056,-33.4520062],[-70.6589596,-33.4514838],[-70.6592839,-33.4503926],[-70.6594461,-33.4498469],[-70.6596332,-33.4492672],[-70.6596926,-33.4490562],[-70.6598152,-33.4486326],[-70.6598875,-33.4484321],[-70.6599479,-33.4482647],[-70.6601798,-33.4475979],[-70.660245,-33.4474092],[-70.6603475,-33.4471395],[-70.6604108,-33.4470039],[-70.6604861,-33.4468426],[-70.6605146,-33.4467814],[-70.6605325,-33.4467281],[-70.6606024,-33.4465228],[-70.6606034,-33.44652],[-70.6606039,-33.4465182],[-70.6605717,-33.4465107],[-70.6605052,-33.4464952],[-70.6603808,-33.4464661],[-70.6602953,-33.4464477],[-70.660188,-33.4464245],[-70.6600884,-33.4464022],[-70.6599096,-33.4463621],[-70.6584277,-33.4460299],[-70.6584274,-33.4460298],[-70.6573023,-33.4457473],[-70.6573023,-33.4457473],[-70.6569564,-33.4456606],[-70.6566521,-33.4455843],[-70.6554339,-33.4452788],[-70.6554335,-33.4452785],[-70.655433,-33.445278],[-70.6554322,-33.4452773],[-70.6553774,-33.4452252],[-70.6541448,-33.4449216],[-70.6541143,-33.4449352],[-70.6540705,-33.4449549],[-70.6540704,-33.4449549],[-70.6540345,-33.4448851],[-70.6534896,-33.4447425],[-70.6532597,-33.4446823],[-70.6530209,-33.4446198],[-70.6529989,-33.4446211],[-70.6529495,-33.4446241],[-70.6529492,-33.4446241],[-70.65255,-33.4445133],[-70.652503,-33.4445002],[-70.6525029,-33.4445002],[-70.6523818,-33.4444658],[-70.6523377,-33.4444536],[-70.6521449,-33.4444002],[-70.6519246,-33.4443482],[-70.6517639,-33.4443005],[-70.6515967,-33.4442456],[-70.6515965,-33.4442455],[-70.6515963,-33.4442454],[-70.6515944,-33.4442449],[-70.6515171,-33.4442232],[-70.6511882,-33.4441155],[-70.6504246,-33.4439368],[-70.6504164,-33.4439347],[-70.650365,-33.443922],[-70.6503649,-33.443922],[-70.6500663,-33.4438482],[-70.6500661,-33.4438481],[-70.6499767,-33.443828],[-70.6499075,-33.4438124],[-70.6497358,-33.4437717],[-70.649554,-33.4437286],[-70.6495537,-33.4437285],[-70.6495366,-33.4437245],[-70.6495088,-33.4437179],[-70.6494698,-33.4437076],[-70.649323,-33.4436687],[-70.6492061,-33.4436377],[-70.6490302,-33.4435912],[-70.6488864,-33.4435465],[-70.6488862,-33.4435464],[-70.6488858,-33.4435463],[-70.6481413,-33.4433127],[-70.6480481,-33.4432822],[-70.6479679,-33.4432652],[-70.6476819,-33.4432047],[-70.6475934,-33.443186],[-70.6474005,-33.4431392],[-70.647106,-33.4430758],[-70.6471059,-33.4430758],[-70.6470042,-33.4430539],[-70.6470041,-33.4430539],[-70.6462821,-33.4428986],[-70.646278,-33.4428977],[-70.6462284,-33.4429177]]]}},{"type":"Feature","properties":{"OBJECTID":18,"BARRIO":"HUEMUL"},"geometry":{"type":"Polygon","coordinates":[[[-70.6556649,-33.4717445],[-70.6556903,-33.4717065],[-70.6557168,-33.4716805],[-70.6558042,-33.471592],[-70.6558589,-33.4715159],[-70.6560369,-33.4712843],[-70.6560864,-33.4711883],[-70.6561191,-33.4711137],[-70.6561707,-33.4709686],[-70.6561795,-33.4709084],[-70.6561956,-33.4707982],[-70.6562054,-33.4706939],[-70.6562221,-33.470479],[-70.6562381,-33.4702728],[-70.6562512,-33.4701008],[-70.656256,-33.4700001],[-70.656153,-33.4699903],[-70.6560864,-33.4699888],[-70.6559964,-33.4700304],[-70.6559962,-33.4700306],[-70.6559408,-33.4700858],[-70.6558791,-33.4701177],[-70.6558477,-33.470134],[-70.6557876,-33.4701691],[-70.6557373,-33.4701986],[-70.6555795,-33.4702558],[-70.6555566,-33.4702641],[-70.6552001,-33.4704222],[-70.6550975,-33.4704506],[-70.6549966,-33.47047],[-70.6549889,-33.4704697],[-70.6546455,-33.4704559],[-70.6546415,-33.4704557],[-70.6546409,-33.4704553],[-70.6545922,-33.4704154],[-70.6545861,-33.4704104],[-70.654586,-33.4704104],[-70.6545136,-33.4704282],[-70.6545119,-33.4704286],[-70.6539487,-33.4703682],[-70.6534983,-33.4703198],[-70.653383,-33.4703074],[-70.6533762,-33.470307],[-70.6533325,-33.4703046],[-70.6533324,-33.4703046],[-70.6532909,-33.4703022],[-70.6532415,-33.4702994],[-70.6526832,-33.4702368],[-70.6523407,-33.4701984],[-70.6522023,-33.4701829],[-70.6521714,-33.4701839],[-70.6521429,-33.4701849],[-70.6521364,-33.4701851],[-70.6520986,-33.4701863],[-70.6518405,-33.470154],[-70.6512576,-33.470081],[-70.6512063,-33.470076],[-70.6511931,-33.4700747],[-70.6511927,-33.4700747],[-70.6510781,-33.4700616],[-70.650176,-33.469965],[-70.6501001,-33.4699574],[-70.6501,-33.4699574],[-70.6499847,-33.4699458],[-70.6492987,-33.4698738],[-70.6492767,-33.4698714],[-70.6492338,-33.4698669],[-70.6492184,-33.4698652],[-70.6486292,-33.4697999],[-70.6485618,-33.4697922],[-70.6485415,-33.4697899],[-70.6485415,-33.4697904],[-70.6485213,-33.4700873],[-70.6485212,-33.4700882],[-70.648521,-33.4700916],[-70.6485117,-33.4702544],[-70.6485116,-33.4702552],[-70.6485104,-33.4702768],[-70.6485028,-33.4704086],[-70.6485027,-33.4704104],[-70.6484669,-33.471035],[-70.6484669,-33.4710359],[-70.6484216,-33.4718743],[-70.6484019,-33.4721451],[-70.6484018,-33.472146],[-70.6483656,-33.47284],[-70.6483655,-33.4728409],[-70.6483485,-33.473237],[-70.648452,-33.4732988],[-70.6484511,-33.4732991],[-70.6484503,-33.4732995],[-70.6483472,-33.4733452],[-70.6483472,-33.4733458],[-70.6483468,-33.4733507],[-70.6483032,-33.4738653],[-70.6483032,-33.4738656],[-70.6483032,-33.473866],[-70.6482988,-33.4739551],[-70.6482752,-33.4744332],[-70.6482753,-33.4744334],[-70.6482919,-33.4744552],[-70.6482919,-33.4744552],[-70.6482919,-33.4744553],[-70.6482916,-33.4744558],[-70.6482915,-33.4744561],[-70.6482689,-33.4745006],[-70.6482689,-33.4745015],[-70.6482198,-33.4756015],[-70.6482772,-33.4756638],[-70.6482775,-33.4756644],[-70.6482777,-33.4756647],[-70.6483241,-33.4757399],[-70.6483009,-33.4765862],[-70.6482949,-33.4767101],[-70.6518324,-33.4766113],[-70.6540399,-33.4765259],[-70.6540436,-33.4765114],[-70.6546665,-33.4763459],[-70.6545452,-33.4760519],[-70.6543989,-33.4756977],[-70.6543681,-33.4755563],[-70.6543156,-33.4753157],[-70.6542897,-33.4751012],[-70.6542715,-33.474852],[-70.6542801,-33.4744904],[-70.6542929,-33.4742942],[-70.6542984,-33.4742099],[-70.6544134,-33.4737906],[-70.6544684,-33.473647],[-70.6544984,-33.4735686],[-70.65455,-33.4734339],[-70.654693,-33.4731556],[-70.6547934,-33.47296],[-70.6549436,-33.4727749],[-70.6550882,-33.4725799],[-70.6552646,-33.4723359],[-70.6553924,-33.4721511],[-70.6555743,-33.4718797],[-70.6556568,-33.4717565],[-70.6556649,-33.4717445]]]}},{"type":"Feature","properties":{"OBJECTID":19,"BARRIO":"FRANKLIN"},"geometry":{"type":"Polygon","coordinates":[[[-70.6484958,-33.4697846],[-70.6484284,-33.4697769],[-70.6478442,-33.4697167],[-70.6477838,-33.4697104],[-70.6477439,-33.4697063],[-70.647269,-33.4696567],[-70.6468604,-33.4696141],[-70.6468453,-33.4696125],[-70.6467946,-33.4696071],[-70.6467943,-33.469607],[-70.6467522,-33.4696017],[-70.646751,-33.4696016],[-70.6466809,-33.4695928],[-70.6460299,-33.4695233],[-70.6460197,-33.4695222],[-70.6454624,-33.4694628],[-70.6454332,-33.46946],[-70.6454326,-33.4694599],[-70.6453956,-33.4694564],[-70.6453953,-33.4694564],[-70.6452806,-33.4694454],[-70.645169,-33.4694332],[-70.6447736,-33.46939],[-70.6447734,-33.46939],[-70.6440407,-33.4693098],[-70.6440265,-33.4693073],[-70.643976,-33.4692984],[-70.6439758,-33.4692984],[-70.6436253,-33.4692626],[-70.6434948,-33.4692493],[-70.6434425,-33.469244],[-70.6432772,-33.4692271],[-70.6422684,-33.4691242],[-70.6422683,-33.4691251],[-70.6422273,-33.4699689],[-70.6422208,-33.4701024],[-70.6422195,-33.4701301],[-70.6422194,-33.4701313],[-70.6422056,-33.4704147],[-70.6422057,-33.4704156],[-70.6422089,-33.4704778],[-70.6422088,-33.4704787],[-70.6421849,-33.4709664],[-70.6421491,-33.471696],[-70.6421491,-33.4716969],[-70.6421441,-33.4717928],[-70.6421173,-33.472307],[-70.6420931,-33.4727709],[-70.6420852,-33.4729234],[-70.6420852,-33.4729243],[-70.6420874,-33.4729865],[-70.6420873,-33.4729874],[-70.6420509,-33.4738527],[-70.642051,-33.4738536],[-70.6420567,-33.4739248],[-70.6420566,-33.4739257],[-70.6420403,-33.4742496],[-70.6420402,-33.4742505],[-70.6420238,-33.4746621],[-70.6420174,-33.4748246],[-70.6420165,-33.4748461],[-70.6420058,-33.4751158],[-70.6420062,-33.475138],[-70.642007,-33.4751876],[-70.6420086,-33.475288],[-70.6420086,-33.4752889],[-70.6419976,-33.4754947],[-70.6419742,-33.4759357],[-70.641967,-33.4762212],[-70.6419711,-33.4763748],[-70.6419767,-33.476375],[-70.6419768,-33.476375],[-70.6421223,-33.476382],[-70.6433992,-33.4764432],[-70.6434875,-33.4764473],[-70.6434886,-33.4764474],[-70.6435637,-33.4764229],[-70.6435875,-33.4764352],[-70.64361,-33.4764531],[-70.6436864,-33.4764567],[-70.6442804,-33.476482],[-70.6463909,-33.4765718],[-70.646408,-33.4764728],[-70.6464124,-33.4764478],[-70.6464196,-33.4764494],[-70.6464387,-33.4764537],[-70.6480601,-33.4764929],[-70.6481825,-33.4764958],[-70.6481826,-33.4764958],[-70.6481825,-33.4764968],[-70.648151,-33.4767132],[-70.6482952,-33.4767047],[-70.6483009,-33.4765862],[-70.6483241,-33.4757399],[-70.6482777,-33.4756647],[-70.6482775,-33.4756644],[-70.6482772,-33.4756638],[-70.6482198,-33.4756015],[-70.6482689,-33.4745015],[-70.6482689,-33.4745006],[-70.6482915,-33.4744561],[-70.6482916,-33.4744558],[-70.6482919,-33.4744553],[-70.6482919,-33.4744552],[-70.6482919,-33.4744552],[-70.6482753,-33.4744334],[-70.6482752,-33.4744332],[-70.6482988,-33.4739551],[-70.6483032,-33.473866],[-70.6483032,-33.4738656],[-70.6483032,-33.4738653],[-70.6483468,-33.4733507],[-70.6483472,-33.4733458],[-70.6483472,-33.4733452],[-70.6484503,-33.4732995],[-70.6484511,-33.4732991],[-70.648452,-33.4732988],[-70.6483485,-33.473237],[-70.6483655,-33.4728409],[-70.6483656,-33.47284],[-70.6484018,-33.472146],[-70.6484019,-33.4721451],[-70.6484216,-33.4718743],[-70.6484669,-33.4710359],[-70.6484669,-33.471035],[-70.6485027,-33.4704104],[-70.6485028,-33.4704086],[-70.6485104,-33.4702768],[-70.6485116,-33.4702552],[-70.6485117,-33.4702544],[-70.648521,-33.4700916],[-70.6485212,-33.4700882],[-70.6485213,-33.4700873],[-70.6485415,-33.4697904],[-70.6485415,-33.4697899],[-70.6485311,-33.4697887],[-70.6484958,-33.4697846]]]}},{"type":"Feature","properties":{"OBJECTID":20,"BARRIO":"SIERRA BELLA"},"geometry":{"type":"Polygon","coordinates":[[[-70.6418406,-33.469078],[-70.6410843,-33.4689956],[-70.6410843,-33.4689956],[-70.6408936,-33.4689711],[-70.6396743,-33.468843],[-70.6396742,-33.468843],[-70.6388827,-33.4687542],[-70.6388827,-33.4687542],[-70.6383167,-33.4686914],[-70.6376481,-33.4686173],[-70.637648,-33.4686172],[-70.6371424,-33.4685608],[-70.6371422,-33.4685608],[-70.6369814,-33.4685406],[-70.6366227,-33.4684955],[-70.6366225,-33.4684955],[-70.6359749,-33.4684319],[-70.6359747,-33.4684319],[-70.6353299,-33.4683593],[-70.6353297,-33.4683593],[-70.6346873,-33.4682866],[-70.6346871,-33.4682866],[-70.6340326,-33.4682141],[-70.6340324,-33.4682141],[-70.6332866,-33.4681337],[-70.6332864,-33.4681337],[-70.6326847,-33.4680605],[-70.6326845,-33.4680605],[-70.6320822,-33.4679963],[-70.632082,-33.4679963],[-70.6315012,-33.4679271],[-70.6314685,-33.4679232],[-70.6314683,-33.4679232],[-70.6310053,-33.4678714],[-70.6309907,-33.4678697],[-70.6308772,-33.4678571],[-70.6308767,-33.467857],[-70.6305684,-33.4678219],[-70.6304558,-33.467809],[-70.6302884,-33.4677899],[-70.6302531,-33.4677859],[-70.6302529,-33.4677859],[-70.6298571,-33.4677407],[-70.6295571,-33.4677064],[-70.6295474,-33.4677059],[-70.629513,-33.4677038],[-70.6295117,-33.4677037],[-70.6294419,-33.4676996],[-70.6294118,-33.4676978],[-70.6292654,-33.4676814],[-70.6291543,-33.467669],[-70.629084,-33.4676612],[-70.6290839,-33.4676612],[-70.6278788,-33.4675266],[-70.6278685,-33.4675254],[-70.6278623,-33.4675247],[-70.627862,-33.4675247],[-70.6275474,-33.4674937],[-70.6275091,-33.46749],[-70.6268223,-33.4674224],[-70.6264609,-33.4673868],[-70.6264606,-33.4673868],[-70.6264605,-33.4673868],[-70.6264593,-33.467391],[-70.62644,-33.467457],[-70.6264239,-33.4675124],[-70.626374,-33.467684],[-70.6262119,-33.4682639],[-70.6260948,-33.4686829],[-70.626083,-33.4687192],[-70.6260803,-33.4687276],[-70.6260551,-33.4688051],[-70.6260295,-33.4688694],[-70.6260149,-33.4688986],[-70.6260038,-33.4689209],[-70.625978,-33.4689725],[-70.6259758,-33.468976],[-70.6259755,-33.4689765],[-70.6259498,-33.4690167],[-70.6259412,-33.4690301],[-70.6259409,-33.4690306],[-70.6259074,-33.4690758],[-70.6258625,-33.4691276],[-70.6258564,-33.4691332],[-70.625795,-33.4691893],[-70.6257386,-33.4692381],[-70.6257236,-33.469251],[-70.6256481,-33.4693],[-70.6256162,-33.4693181],[-70.6255677,-33.4693456],[-70.6255499,-33.4693557],[-70.6255188,-33.4693728],[-70.6254645,-33.4694026],[-70.6253949,-33.4694409],[-70.6252232,-33.4695421],[-70.6252019,-33.4695547],[-70.6251499,-33.4695853],[-70.6251498,-33.4695854],[-70.6251174,-33.4696045],[-70.6251117,-33.4696079],[-70.6251087,-33.4696097],[-70.6251083,-33.46961],[-70.6251083,-33.46961],[-70.6267124,-33.4714961],[-70.6267105,-33.4715024],[-70.6320326,-33.4733436],[-70.6320345,-33.4733359],[-70.6320345,-33.4733357],[-70.63205,-33.4733535],[-70.6326234,-33.4735714],[-70.6326236,-33.4735715],[-70.6331736,-33.4737672],[-70.6332345,-33.4737888],[-70.6332346,-33.4737889],[-70.6338151,-33.4739976],[-70.6338153,-33.4739977],[-70.6344327,-33.4742239],[-70.6344329,-33.474224],[-70.635048,-33.4744503],[-70.6350482,-33.4744504],[-70.6350542,-33.4744525],[-70.6351337,-33.4744813],[-70.6351346,-33.4744816],[-70.6351408,-33.4744839],[-70.6357298,-33.4746966],[-70.6360751,-33.4748213],[-70.6360791,-33.4748225],[-70.6360801,-33.4748231],[-70.6362144,-33.4748716],[-70.6364835,-33.4749688],[-70.6364837,-33.4749689],[-70.6365195,-33.4749791],[-70.6386326,-33.4758161],[-70.6389257,-33.4759054],[-70.6389604,-33.475916],[-70.639017,-33.4759333],[-70.6391319,-33.4759683],[-70.6404483,-33.4762671],[-70.6404484,-33.4762653],[-70.6413526,-33.4763345],[-70.641353,-33.4763286],[-70.6419711,-33.4763745],[-70.641967,-33.4762212],[-70.6419742,-33.4759357],[-70.6419976,-33.4754947],[-70.6420086,-33.4752889],[-70.6420086,-33.475288],[-70.642007,-33.4751876],[-70.6420062,-33.475138],[-70.6420058,-33.4751158],[-70.6420165,-33.4748461],[-70.6420174,-33.4748246],[-70.6420238,-33.4746621],[-70.6420402,-33.4742505],[-70.6420403,-33.4742496],[-70.6420566,-33.4739257],[-70.6420567,-33.4739248],[-70.642051,-33.4738536],[-70.6420509,-33.4738527],[-70.6420873,-33.4729874],[-70.6420874,-33.4729865],[-70.6420852,-33.4729243],[-70.6420852,-33.4729234],[-70.6420931,-33.4727709],[-70.6421173,-33.472307],[-70.6421441,-33.4717928],[-70.6421491,-33.4716969],[-70.6421491,-33.471696],[-70.6421849,-33.4709664],[-70.6422088,-33.4704787],[-70.6422089,-33.4704778],[-70.6422057,-33.4704156],[-70.6422056,-33.4704147],[-70.6422194,-33.4701313],[-70.6422195,-33.4701301],[-70.6422208,-33.4701024],[-70.6422273,-33.4699689],[-70.6422683,-33.4691251],[-70.6422684,-33.4691242],[-70.6421919,-33.4691162],[-70.6419352,-33.4690883],[-70.6418406,-33.469078]]]}},{"type":"Feature","properties":{"OBJECTID":21,"BARRIO":"VIEL"},"geometry":{"type":"Polygon","coordinates":[[[-70.6485455,-33.4697287],[-70.648534,-33.469789],[-70.6485415,-33.4697899],[-70.6485618,-33.4697922],[-70.6486292,-33.4697999],[-70.6492184,-33.4698652],[-70.6492338,-33.4698669],[-70.6492767,-33.4698714],[-70.6492987,-33.4698738],[-70.6499847,-33.4699458],[-70.6501,-33.4699574],[-70.6501001,-33.4699574],[-70.650176,-33.469965],[-70.6510781,-33.4700616],[-70.6511927,-33.4700747],[-70.6511931,-33.4700747],[-70.6512063,-33.470076],[-70.6512576,-33.470081],[-70.6518405,-33.470154],[-70.6520986,-33.4701863],[-70.6521364,-33.4701851],[-70.6521429,-33.4701849],[-70.6521714,-33.4701839],[-70.6522023,-33.4701829],[-70.6523407,-33.4701984],[-70.6526832,-33.4702368],[-70.6532415,-33.4702994],[-70.6532909,-33.4703022],[-70.6533324,-33.4703046],[-70.6533325,-33.4703046],[-70.6533762,-33.470307],[-70.653383,-33.4703074],[-70.6534983,-33.4703198],[-70.6539487,-33.4703682],[-70.6545119,-33.4704286],[-70.6545136,-33.4704282],[-70.654586,-33.4704104],[-70.6545861,-33.4704104],[-70.6545922,-33.4704154],[-70.6546409,-33.4704553],[-70.6546415,-33.4704557],[-70.6546455,-33.4704559],[-70.6549889,-33.4704697],[-70.6549966,-33.47047],[-70.6550975,-33.4704506],[-70.6552001,-33.4704222],[-70.6555566,-33.4702641],[-70.6555795,-33.4702558],[-70.6557373,-33.4701986],[-70.6557876,-33.4701691],[-70.6558477,-33.470134],[-70.6558791,-33.4701177],[-70.6559408,-33.4700858],[-70.6559962,-33.4700306],[-70.6559964,-33.4700304],[-70.6561028,-33.4700863],[-70.6561094,-33.4700897],[-70.656111,-33.4700906],[-70.6561494,-33.4700928],[-70.6561762,-33.4700944],[-70.6561813,-33.4700947],[-70.6561892,-33.4700952],[-70.65622,-33.4700971],[-70.6562408,-33.4700984],[-70.6562512,-33.4701008],[-70.6562533,-33.4700559],[-70.656256,-33.4700001],[-70.6562669,-33.4697732],[-70.6562832,-33.4694539],[-70.6563038,-33.4690544],[-70.6563339,-33.4684771],[-70.6563892,-33.4674146],[-70.6564431,-33.4663798],[-70.6564746,-33.4658154],[-70.6565099,-33.465201],[-70.6565391,-33.4647024],[-70.6565685,-33.4642183],[-70.6566166,-33.4634288],[-70.6566498,-33.4628836],[-70.6567273,-33.4617538],[-70.6567923,-33.4608387],[-70.6568161,-33.460557],[-70.6567002,-33.4605555],[-70.6566966,-33.4605554],[-70.6565643,-33.4605486],[-70.6565413,-33.4605475],[-70.656427,-33.4604412],[-70.6564265,-33.4604408],[-70.6564264,-33.4604407],[-70.6564261,-33.460441],[-70.6563416,-33.4605139],[-70.6559366,-33.4604658],[-70.655523,-33.4604167],[-70.6554335,-33.4603192],[-70.6554331,-33.4603187],[-70.655433,-33.4603187],[-70.6554325,-33.460319],[-70.6553259,-33.4603922],[-70.6544103,-33.4602872],[-70.6543435,-33.4601984],[-70.6543431,-33.4601979],[-70.6543426,-33.4601983],[-70.6542539,-33.4602623],[-70.6534454,-33.4601829],[-70.6533812,-33.4600761],[-70.6533809,-33.4600756],[-70.6533808,-33.4600755],[-70.6533804,-33.4600759],[-70.6532977,-33.4601578],[-70.6526023,-33.4600859],[-70.6525265,-33.4599882],[-70.6525262,-33.4599878],[-70.6525261,-33.4599877],[-70.6525258,-33.459988],[-70.6524477,-33.4600519],[-70.6517534,-33.45998],[-70.6516843,-33.4598822],[-70.651684,-33.4598818],[-70.6516839,-33.4598817],[-70.6516834,-33.459882],[-70.6515764,-33.4599553],[-70.6507851,-33.4598576],[-70.6506953,-33.4597602],[-70.6506949,-33.4597597],[-70.6506948,-33.4597596],[-70.6506942,-33.45976],[-70.6505813,-33.4598423],[-70.6495308,-33.4597168],[-70.6492226,-33.45968],[-70.6491265,-33.4595826],[-70.649126,-33.4595822],[-70.6491259,-33.4595821],[-70.6491259,-33.459583],[-70.6490883,-33.4601507],[-70.6490882,-33.4601516],[-70.6490666,-33.4605298],[-70.6490665,-33.4605307],[-70.649055,-33.4607154],[-70.6490279,-33.4611524],[-70.6490278,-33.4611535],[-70.6489856,-33.4618971],[-70.6489535,-33.4624612],[-70.6489535,-33.4624621],[-70.6489513,-33.4625012],[-70.6488866,-33.4636525],[-70.648888,-33.4637246],[-70.648888,-33.4637255],[-70.6488857,-33.4638148],[-70.6488856,-33.4638157],[-70.6488611,-33.464221],[-70.648861,-33.4642219],[-70.6488209,-33.4650098],[-70.6488208,-33.4650115],[-70.6487915,-33.4655025],[-70.6487915,-33.4655034],[-70.6487778,-33.4657813],[-70.6487605,-33.4661342],[-70.6487604,-33.4661351],[-70.6487267,-33.4667298],[-70.6487266,-33.4667307],[-70.6486932,-33.4671856],[-70.6486796,-33.4673708],[-70.6486796,-33.4673717],[-70.6486192,-33.4686161],[-70.6486191,-33.468617],[-70.6485873,-33.469097],[-70.6485455,-33.4697287]]]}},{"type":"Feature","properties":{"OBJECTID":22,"BARRIO":"MATTA SUR"},"geometry":{"type":"Polygon","coordinates":[[[-70.6479056,-33.4594126],[-70.6473702,-33.4592988],[-70.647308,-33.4592636],[-70.6472689,-33.4591745],[-70.6472687,-33.4591741],[-70.6472686,-33.4591739],[-70.6472684,-33.4591741],[-70.6471959,-33.459238],[-70.6471228,-33.459248],[-70.646822,-33.4591844],[-70.6465881,-33.459135],[-70.646588,-33.459135],[-70.6465876,-33.4591349],[-70.6464533,-33.4591064],[-70.6462802,-33.4590698],[-70.6462299,-33.4590254],[-70.6462036,-33.4589362],[-70.6462034,-33.4589358],[-70.6462034,-33.4589355],[-70.646203,-33.4589359],[-70.6461282,-33.4589997],[-70.6460535,-33.4590277],[-70.6459195,-33.4590021],[-70.6456904,-33.4589584],[-70.6454249,-33.4589077],[-70.6453773,-33.4588444],[-70.6453227,-33.4587719],[-70.6453222,-33.4587711],[-70.6453218,-33.4587706],[-70.6451866,-33.458861],[-70.6449432,-33.4588024],[-70.6443744,-33.4586799],[-70.643858,-33.4585687],[-70.6435898,-33.458515],[-70.6433586,-33.4584666],[-70.6433208,-33.4584188],[-70.6432686,-33.4583511],[-70.6432675,-33.4583515],[-70.6432629,-33.4583536],[-70.6431543,-33.4584013],[-70.6431388,-33.4584081],[-70.6431163,-33.4584033],[-70.6421808,-33.4582043],[-70.6421002,-33.4580842],[-70.6420999,-33.4580837],[-70.6420996,-33.4580833],[-70.6420993,-33.4580836],[-70.6419782,-33.4581756],[-70.6411501,-33.4580014],[-70.6410562,-33.4579816],[-70.6409198,-33.4579529],[-70.6409086,-33.457902],[-70.6408929,-33.4578297],[-70.6408928,-33.4578295],[-70.6408924,-33.4578278],[-70.6408919,-33.4578281],[-70.6407572,-33.4579166],[-70.6406446,-33.457895],[-70.6404926,-33.4578659],[-70.6396425,-33.4576788],[-70.6395964,-33.457624],[-70.6395282,-33.4575429],[-70.6395276,-33.4575433],[-70.6394516,-33.4575961],[-70.6394059,-33.4576278],[-70.6378675,-33.4572964],[-70.6376839,-33.4572559],[-70.6370586,-33.4571177],[-70.6369452,-33.4570116],[-70.6369446,-33.457011],[-70.6369442,-33.4570112],[-70.6368058,-33.457067],[-70.6364298,-33.4569908],[-70.6358824,-33.4568808],[-70.6358645,-33.4568456],[-70.6358159,-33.45675],[-70.6358158,-33.4567501],[-70.6357313,-33.4568235],[-70.6357042,-33.456847],[-70.6352212,-33.4567452],[-70.634636,-33.4566267],[-70.6344047,-33.4565756],[-70.6343254,-33.456451],[-70.6343253,-33.4564508],[-70.634325,-33.4564504],[-70.634325,-33.4564504],[-70.6343247,-33.4564506],[-70.6342178,-33.4565239],[-70.6339328,-33.4564736],[-70.6333687,-33.4563548],[-70.6332752,-33.4562214],[-70.6332749,-33.4562209],[-70.6332748,-33.4562207],[-70.6332748,-33.4562212],[-70.6332748,-33.4562216],[-70.6332749,-33.4562219],[-70.633296,-33.4564189],[-70.6332959,-33.4564192],[-70.6328631,-33.458012],[-70.6328251,-33.4581617],[-70.6327325,-33.4585257],[-70.6325674,-33.4591451],[-70.6325073,-33.4593707],[-70.6325005,-33.4593963],[-70.6321534,-33.4606815],[-70.6321531,-33.4606824],[-70.6321149,-33.4608256],[-70.6320964,-33.4608948],[-70.6319767,-33.4613432],[-70.6319763,-33.461345],[-70.6319768,-33.4613451],[-70.6325994,-33.4614586],[-70.6325998,-33.4614587],[-70.6330057,-33.4615327],[-70.6330119,-33.4615338],[-70.6330492,-33.4615407],[-70.6331904,-33.4615659],[-70.6331904,-33.4615659],[-70.6333291,-33.4615906],[-70.6336411,-33.4616463],[-70.633672,-33.4616523],[-70.6338027,-33.4616777],[-70.6338033,-33.4616778],[-70.6344047,-33.4617881],[-70.6344049,-33.4617882],[-70.63499,-33.4619067],[-70.6349902,-33.4619067],[-70.6357112,-33.4620324],[-70.6357114,-33.4620325],[-70.6363438,-33.4621503],[-70.636344,-33.4621504],[-70.6369736,-33.4622773],[-70.6369738,-33.4622773],[-70.6382163,-33.4625044],[-70.6382165,-33.4625044],[-70.6382909,-33.4625214],[-70.6386628,-33.4625883],[-70.6392258,-33.4626894],[-70.639226,-33.4626895],[-70.6398798,-33.462798],[-70.6399418,-33.4628062],[-70.639984,-33.4628117],[-70.6401154,-33.4628258],[-70.6403079,-33.4628464],[-70.6403081,-33.4628465],[-70.640464,-33.4628622],[-70.6406246,-33.4628785],[-70.6406248,-33.4628785],[-70.6408961,-33.4629075],[-70.640932,-33.4629114],[-70.6409725,-33.4629156],[-70.6412305,-33.4629427],[-70.6412305,-33.4629427],[-70.6416416,-33.4629911],[-70.6426809,-33.4630946],[-70.6426815,-33.4630947],[-70.6432769,-33.4631588],[-70.6432769,-33.4631588],[-70.6437944,-33.4632151],[-70.6437945,-33.4632151],[-70.6439908,-33.4632357],[-70.6443111,-33.4632693],[-70.6446984,-33.4633098],[-70.6446986,-33.4633099],[-70.6451247,-33.4633476],[-70.6454529,-33.4633767],[-70.6457748,-33.4634053],[-70.6458695,-33.463422],[-70.6458696,-33.463422],[-70.6469922,-33.4635424],[-70.6470638,-33.4635509],[-70.6470639,-33.4635509],[-70.6471418,-33.4635585],[-70.6475094,-33.4635889],[-70.6475096,-33.4635889],[-70.6477055,-33.4636051],[-70.6487719,-33.4637171],[-70.6488879,-33.4637246],[-70.648888,-33.4637246],[-70.6488866,-33.4636525],[-70.6489513,-33.4625012],[-70.6489535,-33.4624621],[-70.6489535,-33.4624612],[-70.6489856,-33.4618971],[-70.6490278,-33.4611535],[-70.6490279,-33.4611524],[-70.649055,-33.4607154],[-70.6490665,-33.4605307],[-70.6490666,-33.4605298],[-70.6490882,-33.4601516],[-70.6490883,-33.4601507],[-70.6491259,-33.459583],[-70.6491259,-33.4595821],[-70.6491254,-33.4595823],[-70.648968,-33.4596383],[-70.6482259,-33.4594806],[-70.6479056,-33.4594126]]]}},{"type":"Feature","properties":{"OBJECTID":23,"BARRIO":"BOGOTÁ"},"geometry":{"type":"Polygon","coordinates":[[[-70.6486088,-33.4687731],[-70.6486191,-33.468617],[-70.6486192,-33.4686161],[-70.6486796,-33.4673717],[-70.6486796,-33.4673708],[-70.6486932,-33.4671856],[-70.6487266,-33.4667307],[-70.6487267,-33.4667298],[-70.6487604,-33.4661351],[-70.6487605,-33.4661342],[-70.6487778,-33.4657813],[-70.6487915,-33.4655034],[-70.6487915,-33.4655025],[-70.6488208,-33.4650115],[-70.6488209,-33.4650098],[-70.648861,-33.4642219],[-70.6488611,-33.464221],[-70.6488856,-33.4638157],[-70.6488857,-33.4638148],[-70.648888,-33.4637255],[-70.648888,-33.4637246],[-70.6488879,-33.4637246],[-70.6487719,-33.4637171],[-70.6477055,-33.4636051],[-70.6475096,-33.4635889],[-70.6475094,-33.4635889],[-70.6471418,-33.4635585],[-70.6470639,-33.4635509],[-70.6470638,-33.4635509],[-70.6469922,-33.4635424],[-70.6458696,-33.463422],[-70.6458695,-33.463422],[-70.6457748,-33.4634053],[-70.6454529,-33.4633767],[-70.6451247,-33.4633476],[-70.6446986,-33.4633099],[-70.6446984,-33.4633098],[-70.6443111,-33.4632693],[-70.6439908,-33.4632357],[-70.6437945,-33.4632151],[-70.6437944,-33.4632151],[-70.6432769,-33.4631588],[-70.6432769,-33.4631588],[-70.6426815,-33.4630947],[-70.6426809,-33.4630946],[-70.6416416,-33.4629911],[-70.6412305,-33.4629427],[-70.6412305,-33.4629427],[-70.6409725,-33.4629156],[-70.640932,-33.4629114],[-70.6408961,-33.4629075],[-70.6406248,-33.4628785],[-70.6406246,-33.4628785],[-70.640464,-33.4628622],[-70.6403081,-33.4628465],[-70.6403079,-33.4628464],[-70.6401154,-33.4628258],[-70.639984,-33.4628117],[-70.6399418,-33.4628062],[-70.6398798,-33.462798],[-70.639226,-33.4626895],[-70.6392258,-33.4626894],[-70.6386628,-33.4625883],[-70.6382909,-33.4625214],[-70.6382165,-33.4625044],[-70.6382163,-33.4625044],[-70.6369738,-33.4622773],[-70.6369736,-33.4622773],[-70.636344,-33.4621504],[-70.6363438,-33.4621503],[-70.6357114,-33.4620325],[-70.6357112,-33.4620324],[-70.6349902,-33.4619067],[-70.63499,-33.4619067],[-70.6344049,-33.4617882],[-70.6344047,-33.4617881],[-70.6338033,-33.4616778],[-70.6338027,-33.4616777],[-70.633672,-33.4616523],[-70.6336411,-33.4616463],[-70.6333291,-33.4615906],[-70.6331904,-33.4615659],[-70.6331904,-33.4615659],[-70.6330492,-33.4615407],[-70.6330119,-33.4615338],[-70.6330057,-33.4615327],[-70.6325998,-33.4614587],[-70.6325994,-33.4614586],[-70.6319768,-33.4613451],[-70.6319763,-33.461345],[-70.6317117,-33.4623359],[-70.6316388,-33.4626092],[-70.6316385,-33.46261],[-70.631578,-33.462838],[-70.6313815,-33.4635775],[-70.6313073,-33.4638563],[-70.631156,-33.4644245],[-70.6309552,-33.4651786],[-70.6309294,-33.4652758],[-70.6308994,-33.4653885],[-70.6308988,-33.4653906],[-70.6306839,-33.46619],[-70.6305977,-33.4665107],[-70.6305975,-33.4665112],[-70.6304199,-33.4671682],[-70.6302529,-33.4677859],[-70.6302531,-33.4677859],[-70.6302884,-33.4677899],[-70.6304558,-33.467809],[-70.6305684,-33.4678219],[-70.6308767,-33.467857],[-70.6308772,-33.4678571],[-70.6309907,-33.4678697],[-70.6310053,-33.4678714],[-70.6314683,-33.4679232],[-70.6314685,-33.4679232],[-70.6315012,-33.4679271],[-70.632082,-33.4679963],[-70.6320822,-33.4679963],[-70.6326845,-33.4680605],[-70.6326847,-33.4680605],[-70.6332864,-33.4681337],[-70.6332866,-33.4681337],[-70.6340324,-33.4682141],[-70.6340326,-33.4682141],[-70.6346871,-33.4682866],[-70.6346873,-33.4682866],[-70.6353297,-33.4683593],[-70.6353299,-33.4683593],[-70.6359747,-33.4684319],[-70.6359749,-33.4684319],[-70.6366225,-33.4684955],[-70.6366227,-33.4684955],[-70.6369814,-33.4685406],[-70.6371422,-33.4685608],[-70.6371424,-33.4685608],[-70.637648,-33.4686172],[-70.6376481,-33.4686173],[-70.6383167,-33.4686914],[-70.6388827,-33.4687542],[-70.6388827,-33.4687542],[-70.6396742,-33.468843],[-70.6396743,-33.468843],[-70.6408936,-33.4689711],[-70.6410843,-33.4689956],[-70.6410843,-33.4689956],[-70.6418406,-33.469078],[-70.6419352,-33.4690883],[-70.6421919,-33.4691162],[-70.6422684,-33.4691242],[-70.6432772,-33.4692271],[-70.6434425,-33.469244],[-70.6434948,-33.4692493],[-70.6436253,-33.4692626],[-70.6439758,-33.4692984],[-70.643976,-33.4692984],[-70.6440265,-33.4693073],[-70.6440407,-33.4693098],[-70.6447734,-33.46939],[-70.6447736,-33.46939],[-70.645169,-33.4694332],[-70.6452806,-33.4694454],[-70.6453953,-33.4694564],[-70.6453956,-33.4694564],[-70.6454326,-33.4694599],[-70.6454332,-33.46946],[-70.6454624,-33.4694628],[-70.6460197,-33.4695222],[-70.6460299,-33.4695233],[-70.6466809,-33.4695928],[-70.646751,-33.4696016],[-70.6467522,-33.4696017],[-70.6467943,-33.469607],[-70.6467946,-33.4696071],[-70.6468453,-33.4696125],[-70.6468604,-33.4696141],[-70.647269,-33.4696567],[-70.6477439,-33.4697063],[-70.6477838,-33.4697104],[-70.6478442,-33.4697167],[-70.6484284,-33.4697769],[-70.6484958,-33.4697846],[-70.6485311,-33.4697887],[-70.648534,-33.469789],[-70.6485415,-33.4697899],[-70.6485455,-33.4697287],[-70.6485873,-33.469097],[-70.6485913,-33.4690374],[-70.6486088,-33.4687731]]]}},{"type":"Feature","properties":{"OBJECTID":24,"BARRIO":"SANTA ELENA"},"geometry":{"type":"Polygon","coordinates":[[[-70.6298413,-33.4556554],[-70.6298111,-33.4557523],[-70.6296367,-33.4563622],[-70.6295697,-33.456592],[-70.62949,-33.4568653],[-70.62944,-33.4570368],[-70.6293682,-33.457283],[-70.6292314,-33.4577523],[-70.6292208,-33.4577887],[-70.6292105,-33.4578241],[-70.6291522,-33.458024],[-70.6291107,-33.4581663],[-70.6290907,-33.4582349],[-70.6289952,-33.4585626],[-70.6287986,-33.4592369],[-70.6285985,-33.4599232],[-70.6285891,-33.4599554],[-70.6285714,-33.4600176],[-70.6283945,-33.4606387],[-70.6283174,-33.4609095],[-70.6283073,-33.4609449],[-70.6280516,-33.4618431],[-70.6280512,-33.4618444],[-70.6279612,-33.4621603],[-70.6279528,-33.4621898],[-70.6278922,-33.4623989],[-70.627892,-33.4623997],[-70.627723,-33.4629825],[-70.627685,-33.4631135],[-70.6276404,-33.4632674],[-70.6276189,-33.4633414],[-70.6275442,-33.463599],[-70.627503,-33.463741],[-70.6273022,-33.4644365],[-70.6271878,-33.4648366],[-70.6271707,-33.4648965],[-70.6268754,-33.4659296],[-70.6267861,-33.4662417],[-70.6265572,-33.4670543],[-70.6265551,-33.4670617],[-70.6264756,-33.4673347],[-70.6264606,-33.4673862],[-70.6264605,-33.4673868],[-70.6264606,-33.4673868],[-70.6264609,-33.4673868],[-70.6268223,-33.4674224],[-70.6275091,-33.46749],[-70.6275474,-33.4674937],[-70.627862,-33.4675247],[-70.6278623,-33.4675247],[-70.6278685,-33.4675254],[-70.6278788,-33.4675266],[-70.6290839,-33.4676612],[-70.629084,-33.4676612],[-70.6291543,-33.467669],[-70.6292654,-33.4676814],[-70.6294118,-33.4676978],[-70.6294419,-33.4676996],[-70.6295117,-33.4677037],[-70.629513,-33.4677038],[-70.6295474,-33.4677059],[-70.6295571,-33.4677064],[-70.6298571,-33.4677407],[-70.6302529,-33.4677859],[-70.6304199,-33.4671682],[-70.6305975,-33.4665112],[-70.6305977,-33.4665107],[-70.6306839,-33.46619],[-70.6308988,-33.4653906],[-70.6308994,-33.4653885],[-70.6309294,-33.4652758],[-70.6309552,-33.4651786],[-70.631156,-33.4644245],[-70.6313073,-33.4638563],[-70.6313815,-33.4635775],[-70.631578,-33.462838],[-70.6316385,-33.46261],[-70.6316388,-33.4626092],[-70.6317117,-33.4623359],[-70.6319763,-33.461345],[-70.6319767,-33.4613432],[-70.6320964,-33.4608948],[-70.6321149,-33.4608256],[-70.6321531,-33.4606824],[-70.6321534,-33.4606815],[-70.6325005,-33.4593963],[-70.6325073,-33.4593707],[-70.6325674,-33.4591451],[-70.6327325,-33.4585257],[-70.6328251,-33.4581617],[-70.6328631,-33.458012],[-70.6332959,-33.4564192],[-70.633296,-33.4564189],[-70.6332749,-33.4562219],[-70.6332748,-33.4562216],[-70.6332748,-33.4562212],[-70.6332748,-33.4562207],[-70.6332743,-33.456221],[-70.633144,-33.4562946],[-70.6327079,-33.4562192],[-70.6323785,-33.4561397],[-70.6321763,-33.4560909],[-70.6321356,-33.4559951],[-70.6321347,-33.4559929],[-70.6321345,-33.4559924],[-70.6321344,-33.4559923],[-70.6321341,-33.4559924],[-70.6321087,-33.4560083],[-70.632031,-33.4560568],[-70.6320276,-33.4560562],[-70.6315336,-33.4559552],[-70.6313678,-33.4559213],[-70.6312889,-33.4557965],[-70.6312886,-33.455796],[-70.6312885,-33.455796],[-70.6312881,-33.4557963],[-70.6311631,-33.4558784],[-70.6305881,-33.4557569],[-70.6299169,-33.4556152],[-70.6298413,-33.4556554]]]}},{"type":"Feature","properties":{"OBJECTID":25,"BARRIO":"SANTA ANA"},"geometry":{"type":"Polygon","coordinates":[[[-70.6603127,-33.4377245],[-70.6603872,-33.4371948],[-70.6603692,-33.4371939],[-70.6603691,-33.4371939],[-70.6603641,-33.4371934],[-70.6603693,-33.4371936],[-70.6603873,-33.4371946],[-70.6606113,-33.4356022],[-70.6607127,-33.4349339],[-70.6607481,-33.4346998],[-70.6607482,-33.4346989],[-70.6607724,-33.4345642],[-70.6607725,-33.4345633],[-70.6607746,-33.4345494],[-70.6607807,-33.4345075],[-70.6609002,-33.4336931],[-70.6609409,-33.4334157],[-70.6609625,-33.4332982],[-70.6609695,-33.4332606],[-70.6609767,-33.4332215],[-70.6609769,-33.4332204],[-70.6610142,-33.433018],[-70.6611407,-33.4323309],[-70.6611682,-33.4322403],[-70.6611795,-33.4322131],[-70.661197,-33.4321768],[-70.6612136,-33.4321495],[-70.6612324,-33.4321132],[-70.6612443,-33.4321031],[-70.6612757,-33.4320766],[-70.6612939,-33.4320704],[-70.6613388,-33.43171],[-70.6613446,-33.4317071],[-70.6613554,-33.4317017],[-70.6614127,-33.4316823],[-70.6614308,-33.4316768],[-70.6615043,-33.4316548],[-70.661507,-33.431654],[-70.661524,-33.4316504],[-70.6616322,-33.4316227],[-70.6616564,-33.4316141],[-70.6617487,-33.431581],[-70.6618189,-33.4315499],[-70.6618405,-33.4315403],[-70.6618909,-33.4315052],[-70.6619224,-33.4314726],[-70.6619582,-33.4314285],[-70.6619866,-33.4313825],[-70.6620193,-33.4313115],[-70.6620349,-33.4312506],[-70.6620341,-33.4312091],[-70.6620254,-33.4311538],[-70.6619958,-33.43106],[-70.6619692,-33.4310071],[-70.6619271,-33.430954],[-70.661897,-33.4309158],[-70.661895,-33.4309142],[-70.6618572,-33.4308842],[-70.6618532,-33.430881],[-70.6617807,-33.4308432],[-70.6617496,-33.4308269],[-70.6616895,-33.4308033],[-70.6615913,-33.4307797],[-70.6615916,-33.4307791],[-70.6616244,-33.4307113],[-70.6616722,-33.4306126],[-70.6616729,-33.430611],[-70.6616915,-33.4305722],[-70.6617128,-33.4305278],[-70.6618823,-33.4301294],[-70.6618953,-33.4300989],[-70.6619374,-33.4300287],[-70.6619801,-33.4299572],[-70.6619977,-33.4299279],[-70.662175,-33.4296318],[-70.662286,-33.4294942],[-70.6622976,-33.4294797],[-70.6622977,-33.4294797],[-70.6624289,-33.429317],[-70.6624425,-33.4293002],[-70.6624998,-33.4292448],[-70.6627941,-33.4289603],[-70.6628099,-33.4289449],[-70.6628222,-33.4289331],[-70.6629322,-33.4288888],[-70.662882,-33.4288938],[-70.6628439,-33.4288976],[-70.6626378,-33.4289124],[-70.6626243,-33.4289134],[-70.6625995,-33.4289152],[-70.6622635,-33.4289793],[-70.6621393,-33.4290078],[-70.6619873,-33.4290427],[-70.6616875,-33.4291386],[-70.6616611,-33.42915],[-70.6615151,-33.4292136],[-70.6612386,-33.4293338],[-70.6611472,-33.4293712],[-70.6608266,-33.429495],[-70.6607782,-33.4295137],[-70.6607535,-33.4295232],[-70.6607452,-33.4295264],[-70.6606889,-33.4295482],[-70.660684,-33.42955],[-70.6606826,-33.4295506],[-70.6606775,-33.4295525],[-70.6606729,-33.4295543],[-70.6606711,-33.429555],[-70.6606681,-33.4295562],[-70.660668,-33.4295562],[-70.6606626,-33.4295583],[-70.660662,-33.4295586],[-70.6606588,-33.4295598],[-70.6606511,-33.4295628],[-70.6606458,-33.4295648],[-70.6606453,-33.429565],[-70.6606429,-33.4295659],[-70.6606411,-33.4295666],[-70.6606395,-33.4295672],[-70.6606394,-33.4295673],[-70.6606365,-33.4295684],[-70.6606362,-33.4295685],[-70.6606347,-33.4295691],[-70.6606339,-33.4295694],[-70.6606308,-33.4295706],[-70.6606271,-33.429572],[-70.6606268,-33.4295721],[-70.660622,-33.429574],[-70.6606212,-33.4295743],[-70.6606209,-33.4295744],[-70.6606177,-33.4295756],[-70.6606154,-33.4295766],[-70.6606137,-33.4295772],[-70.6606135,-33.4295773],[-70.6606133,-33.4295773],[-70.6606116,-33.429578],[-70.6606098,-33.4295787],[-70.6606088,-33.4295791],[-70.6606078,-33.4295795],[-70.6606076,-33.4295795],[-70.6606041,-33.4295809],[-70.6606034,-33.4295812],[-70.6605956,-33.4295842],[-70.6605949,-33.4295845],[-70.6605905,-33.4295862],[-70.6605905,-33.4295862],[-70.6605904,-33.4295862],[-70.660589,-33.4295867],[-70.6605875,-33.4295873],[-70.6605866,-33.4295877],[-70.6605854,-33.4295881],[-70.6605834,-33.4295889],[-70.6605832,-33.429589],[-70.6605824,-33.4295873],[-70.6605809,-33.429584],[-70.6605785,-33.429579],[-70.6605766,-33.4295748],[-70.6605712,-33.4295633],[-70.6605627,-33.4295451],[-70.6605576,-33.4295342],[-70.6605525,-33.4295234],[-70.6605416,-33.4295002],[-70.6605407,-33.4294982],[-70.6605407,-33.4294981],[-70.6605399,-33.4294996],[-70.6605334,-33.4295124],[-70.6605157,-33.4295474],[-70.6605127,-33.4295535],[-70.6605119,-33.4295549],[-70.6605047,-33.4295692],[-70.6604878,-33.4296025],[-70.6604827,-33.4296126],[-70.6604772,-33.4296236],[-70.6604712,-33.4296353],[-70.6604647,-33.4296482],[-70.6604585,-33.4296605],[-70.660451,-33.4296752],[-70.6604492,-33.4296788],[-70.6604463,-33.4296846],[-70.6604433,-33.4296904],[-70.6604158,-33.4297448],[-70.6604136,-33.4297492],[-70.6604133,-33.4297497],[-70.6604056,-33.4297528],[-70.6603935,-33.4297576],[-70.6603613,-33.4297704],[-70.6603351,-33.4297808],[-70.6603194,-33.429787],[-70.6601977,-33.4298393],[-70.6601923,-33.4298416],[-70.6601853,-33.4298447],[-70.6601269,-33.4298698],[-70.6601217,-33.429872],[-70.6601183,-33.4298735],[-70.6600997,-33.4298814],[-70.6600675,-33.4298953],[-70.6600531,-33.4299015],[-70.6600475,-33.4299039],[-70.6600251,-33.4299135],[-70.6600203,-33.4299155],[-70.6599241,-33.4299569],[-70.6599154,-33.4299607],[-70.6597988,-33.4300108],[-70.6597942,-33.4300124],[-70.6597817,-33.4300168],[-70.6597623,-33.4300237],[-70.6597367,-33.4300328],[-70.659725,-33.4300369],[-70.6597156,-33.4300403],[-70.6597084,-33.4300428],[-70.6596965,-33.430047],[-70.6596753,-33.4300546],[-70.6596666,-33.4300577],[-70.6596453,-33.4300627],[-70.6596418,-33.4300635],[-70.6596119,-33.4300706],[-70.6595218,-33.4300919],[-70.6594759,-33.4301028],[-70.659469,-33.4301044],[-70.6594519,-33.4301084],[-70.6593999,-33.4301208],[-70.6593835,-33.4301246],[-70.6593442,-33.430134],[-70.6593291,-33.4301375],[-70.6592713,-33.4301512],[-70.6592041,-33.4301671],[-70.6591571,-33.4301782],[-70.6591524,-33.4301793],[-70.6591263,-33.4301855],[-70.659086,-33.4301951],[-70.6590708,-33.4301987],[-70.659066,-33.4301998],[-70.6590224,-33.4302101],[-70.6590157,-33.4302117],[-70.6590145,-33.430212],[-70.6589962,-33.4302163],[-70.6589709,-33.4302223],[-70.6589357,-33.4302306],[-70.6589107,-33.4302366],[-70.6588472,-33.4302516],[-70.6588339,-33.4302547],[-70.6588261,-33.4302566],[-70.6587584,-33.4302723],[-70.6587537,-33.4302734],[-70.6586742,-33.4302919],[-70.6586708,-33.4302927],[-70.6586086,-33.4303072],[-70.6586049,-33.430308],[-70.6585751,-33.430315],[-70.6585716,-33.4303158],[-70.6585276,-33.430326],[-70.6585095,-33.4303302],[-70.658444,-33.4303454],[-70.6584358,-33.4303473],[-70.6584351,-33.4303475],[-70.6583542,-33.4303663],[-70.6583435,-33.4303688],[-70.6583413,-33.4303693],[-70.6583353,-33.4303707],[-70.6582514,-33.4303902],[-70.6582259,-33.4303962],[-70.6582146,-33.4303988],[-70.65815,-33.4304139],[-70.6581477,-33.4304144],[-70.6581347,-33.4304174],[-70.6580696,-33.4304325],[-70.6580305,-33.4304416],[-70.6579826,-33.4304528],[-70.6579312,-33.4304647],[-70.6579163,-33.4304682],[-70.6578885,-33.4304747],[-70.6578354,-33.430487],[-70.6578196,-33.4304907],[-70.6577838,-33.430499],[-70.6577336,-33.4305107],[-70.6576713,-33.4305252],[-70.6576292,-33.430535],[-70.6575782,-33.4305469],[-70.6575462,-33.4305543],[-70.6575457,-33.4307833],[-70.6575448,-33.431158],[-70.6575432,-33.4318936],[-70.6575162,-33.4321187],[-70.657503,-33.4322288],[-70.6574774,-33.4325603],[-70.6574773,-33.4325612],[-70.6574561,-33.4329921],[-70.6574525,-33.4330656],[-70.657448,-33.4331559],[-70.6574497,-33.4331855],[-70.6574535,-33.4332559],[-70.6574536,-33.4332566],[-70.6574325,-33.433437],[-70.6574189,-33.4335531],[-70.6574169,-33.4335747],[-70.6574159,-33.4335846],[-70.6574085,-33.4336639],[-70.6573562,-33.4342167],[-70.6573553,-33.4342267],[-70.6573553,-33.4342269],[-70.6573328,-33.4344642],[-70.6573328,-33.4344643],[-70.6573319,-33.4344741],[-70.6573319,-33.4344742],[-70.6573321,-33.434475],[-70.6573403,-33.4345275],[-70.6573402,-33.4345284],[-70.6573048,-33.4347683],[-70.6572151,-33.4353765],[-70.6571661,-33.4357082],[-70.657166,-33.4357093],[-70.6571064,-33.4361602],[-70.6570402,-33.4366623],[-70.6570178,-33.436832],[-70.6570176,-33.4368329],[-70.6570034,-33.4369515],[-70.6569414,-33.4374668],[-70.6568932,-33.4378674],[-70.6568819,-33.4379611],[-70.6568818,-33.437962],[-70.6567471,-33.4390722],[-70.6567469,-33.4390731],[-70.6567266,-33.4392174],[-70.6566359,-33.4398613],[-70.6566268,-33.4399263],[-70.6566135,-33.4400203],[-70.6565968,-33.4401395],[-70.656588,-33.4402016],[-70.6565878,-33.4402025],[-70.6565707,-33.4402649],[-70.6563584,-33.4413139],[-70.6563582,-33.4413148],[-70.6562389,-33.4418337],[-70.6562274,-33.4418838],[-70.6562272,-33.4418847],[-70.6561797,-33.4421129],[-70.6561069,-33.4424626],[-70.6561067,-33.4424635],[-70.6559286,-33.4432855],[-70.6559118,-33.4433631],[-70.6558659,-33.443575],[-70.6558657,-33.4435759],[-70.6558459,-33.4436769],[-70.6557926,-33.4439485],[-70.6557723,-33.4440518],[-70.6557716,-33.4440552],[-70.6556818,-33.4445128],[-70.6556617,-33.4446149],[-70.6556452,-33.4446617],[-70.6556055,-33.4447744],[-70.6556047,-33.4447765],[-70.655604,-33.4447788],[-70.6555652,-33.4448927],[-70.6554344,-33.4452773],[-70.6554339,-33.4452788],[-70.6566521,-33.4455843],[-70.6569564,-33.4456606],[-70.6573023,-33.4457473],[-70.6573023,-33.4457473],[-70.6584274,-33.4460298],[-70.6584277,-33.4460299],[-70.6599096,-33.4463621],[-70.6600884,-33.4464022],[-70.660188,-33.4464245],[-70.6602953,-33.4464477],[-70.6603808,-33.4464661],[-70.6605052,-33.4464952],[-70.6605717,-33.4465107],[-70.6606039,-33.4465182],[-70.6606606,-33.4459502],[-70.660661,-33.4459466],[-70.6606611,-33.4459449],[-70.6606617,-33.4459423],[-70.6608373,-33.4451753],[-70.6608504,-33.4451184],[-70.6609601,-33.4445985],[-70.6609705,-33.4445493],[-70.6609706,-33.444549],[-70.6609867,-33.444396],[-70.6609899,-33.4443654],[-70.6609956,-33.4442777],[-70.661,-33.4442097],[-70.661,-33.4442093],[-70.6609981,-33.4441791],[-70.6609906,-33.4440589],[-70.6609133,-33.4437699],[-70.6608778,-33.4436227],[-70.6608435,-33.4435243],[-70.6607985,-33.4433954],[-70.6607854,-33.4433078],[-70.6607739,-33.443231],[-70.6607442,-33.4430708],[-70.6607233,-33.4429575],[-70.6607192,-33.4429421],[-70.6607171,-33.4429339],[-70.6607167,-33.4429325],[-70.6604498,-33.4419128],[-70.6604493,-33.4419108],[-70.6604329,-33.4418383],[-70.6604203,-33.4417828],[-70.6604152,-33.4417469],[-70.6604041,-33.4416697],[-70.6604005,-33.441644],[-70.6604004,-33.4416437],[-70.660396,-33.4416128],[-70.6603887,-33.4415616],[-70.6603661,-33.4414442],[-70.6603063,-33.4411328],[-70.6602993,-33.4410935],[-70.6602929,-33.4410581],[-70.660251,-33.4408252],[-70.660218,-33.4406419],[-70.6602113,-33.4406091],[-70.6602059,-33.4405822],[-70.6602039,-33.4405724],[-70.6602006,-33.4405559],[-70.6601985,-33.4405454],[-70.6601902,-33.4405048],[-70.6601575,-33.4403426],[-70.6601443,-33.440263],[-70.6601356,-33.4402104],[-70.6601133,-33.4400167],[-70.6601028,-33.4399252],[-70.6601027,-33.4399243],[-70.6600901,-33.4396398],[-70.6600858,-33.4395423],[-70.6600857,-33.4395406],[-70.6600917,-33.439462],[-70.6600942,-33.4394296],[-70.6600942,-33.4394289],[-70.6601065,-33.4393338],[-70.6601236,-33.439202],[-70.6601709,-33.438837],[-70.6601815,-33.4387593],[-70.6602337,-33.4383746],[-70.6602386,-33.4383388],[-70.6602395,-33.438332],[-70.6602396,-33.4383311],[-70.6602449,-33.4382852],[-70.6602894,-33.4378984],[-70.6603127,-33.4377245]]]}},{"type":"Feature","properties":{"OBJECTID":26,"BARRIO":"SANTA LUCIA - FORESTAL"},"geometry":{"type":"Polygon","coordinates":[[[-70.6418937,-33.4342008],[-70.6396003,-33.4347375],[-70.6393477,-33.4347964],[-70.6390726,-33.4348606],[-70.6389842,-33.4348812],[-70.638972,-33.4348845],[-70.6362284,-33.4355265],[-70.6360315,-33.4355719],[-70.6359405,-33.4355929],[-70.6356296,-33.4356646],[-70.6356187,-33.4356671],[-70.635609,-33.4356694],[-70.6355864,-33.4356746],[-70.6355846,-33.4356748],[-70.6355146,-33.4356817],[-70.6354824,-33.4356849],[-70.6354691,-33.4356862],[-70.6354226,-33.4356909],[-70.6354005,-33.435693],[-70.6353784,-33.4356952],[-70.6353775,-33.4356953],[-70.6353773,-33.4356953],[-70.6353772,-33.4356954],[-70.6353771,-33.4356954],[-70.6353676,-33.4359989],[-70.6353679,-33.4360331],[-70.6353681,-33.4360607],[-70.6353688,-33.4361285],[-70.635369,-33.4361572],[-70.6353696,-33.436217],[-70.6353707,-33.4362294],[-70.6353758,-33.4362845],[-70.635378,-33.436308],[-70.6353783,-33.436312],[-70.635379,-33.4363196],[-70.6353824,-33.4363557],[-70.635385,-33.4363846],[-70.6353853,-33.4363875],[-70.6353854,-33.4363883],[-70.6353855,-33.4363896],[-70.6353856,-33.4363903],[-70.6353857,-33.4363921],[-70.6353858,-33.4363931],[-70.6353861,-33.4363963],[-70.6353903,-33.4364416],[-70.6353897,-33.4364681],[-70.6353894,-33.4364838],[-70.6353888,-33.4365078],[-70.6353884,-33.4365281],[-70.6353884,-33.4365294],[-70.6353881,-33.4365418],[-70.6353881,-33.4365437],[-70.635388,-33.4365481],[-70.6353874,-33.4365739],[-70.6353742,-33.4366049],[-70.6353719,-33.4366103],[-70.6353708,-33.436613],[-70.63537,-33.4366147],[-70.6353616,-33.4366346],[-70.6353614,-33.4366349],[-70.6353361,-33.4366945],[-70.6353334,-33.4367007],[-70.6353127,-33.4367493],[-70.6353063,-33.4367644],[-70.6352958,-33.436789],[-70.6352833,-33.4368185],[-70.6352831,-33.4368189],[-70.6352791,-33.4368283],[-70.6352761,-33.4368353],[-70.6352705,-33.4368485],[-70.6352468,-33.4369042],[-70.6352454,-33.4369076],[-70.6352341,-33.4369342],[-70.6352102,-33.4369903],[-70.6351989,-33.4370167],[-70.6351827,-33.4370549],[-70.6351724,-33.4370791],[-70.6351669,-33.4370919],[-70.6352083,-33.4371154],[-70.6352146,-33.437119],[-70.6352147,-33.437119],[-70.6352217,-33.437123],[-70.6352331,-33.437127],[-70.6352412,-33.4371299],[-70.635247,-33.4371319],[-70.6352481,-33.4371323],[-70.6352589,-33.4371362],[-70.6352726,-33.437141],[-70.6352632,-33.4371745],[-70.6352613,-33.4371814],[-70.635261,-33.4371826],[-70.6352604,-33.4371847],[-70.6352484,-33.4372277],[-70.6352348,-33.4372761],[-70.6352343,-33.437278],[-70.6352282,-33.4372995],[-70.6352596,-33.4373091],[-70.6352944,-33.4373198],[-70.6353131,-33.4373255],[-70.6353136,-33.4373256],[-70.6361877,-33.4375597],[-70.6364011,-33.4376168],[-70.6364513,-33.437596],[-70.636528,-33.4375643],[-70.6365285,-33.4375641],[-70.6365285,-33.4375649],[-70.6365285,-33.437565],[-70.6365294,-33.4376462],[-70.6365294,-33.4376482],[-70.6365712,-33.437666],[-70.6365942,-33.4376758],[-70.6365946,-33.437676],[-70.6367577,-33.4377455],[-70.6367606,-33.4377468],[-70.6367653,-33.4377492],[-70.6370261,-33.4378858],[-70.6375834,-33.4382031],[-70.6377799,-33.4383435],[-70.6379659,-33.4384764],[-70.6380401,-33.4384683],[-70.6380734,-33.4384647],[-70.6380848,-33.4384634],[-70.6380849,-33.4384634],[-70.6380848,-33.438464],[-70.6380848,-33.4384643],[-70.6380732,-33.4385357],[-70.6380732,-33.4385358],[-70.6382665,-33.4386761],[-70.6387234,-33.439008],[-70.6389534,-33.439175],[-70.6389539,-33.4391754],[-70.6391333,-33.4393045],[-70.6394061,-33.4395008],[-70.6394069,-33.4395014],[-70.6398209,-33.4397911],[-70.6399866,-33.439907],[-70.6404191,-33.4402118],[-70.6404221,-33.4402139],[-70.640455,-33.4402127],[-70.6404569,-33.440214],[-70.6416173,-33.4410053],[-70.641914,-33.4412076],[-70.6423303,-33.4414915],[-70.642681,-33.4417249],[-70.6427031,-33.4417391],[-70.6430227,-33.4419152],[-70.6436158,-33.4421689],[-70.6438129,-33.4422474],[-70.6438592,-33.4422612],[-70.6439217,-33.4422797],[-70.6440788,-33.4423314],[-70.6442052,-33.4423729],[-70.6447694,-33.4425504],[-70.6448962,-33.4425904],[-70.6448963,-33.4425904],[-70.6450386,-33.4426297],[-70.6452948,-33.4427005],[-70.645764,-33.4428301],[-70.6460125,-33.4428876],[-70.6462119,-33.4429338],[-70.6462139,-33.4429342],[-70.6462141,-33.4429343],[-70.6462315,-33.4428881],[-70.6462316,-33.4428877],[-70.6462571,-33.4428204],[-70.6462571,-33.4428203],[-70.6462565,-33.4427345],[-70.6462565,-33.442734],[-70.6462558,-33.4426292],[-70.6464372,-33.4416535],[-70.6464443,-33.4415731],[-70.6464444,-33.4415722],[-70.6464553,-33.4414729],[-70.6464932,-33.441253],[-70.6466365,-33.4404221],[-70.6466367,-33.4404208],[-70.6468023,-33.4394955],[-70.6468323,-33.4393277],[-70.6468494,-33.439232],[-70.6468495,-33.4392314],[-70.6468901,-33.4389903],[-70.6469488,-33.4386413],[-70.6469798,-33.4384569],[-70.646991,-33.4383905],[-70.647008,-33.4382666],[-70.647022,-33.4381647],[-70.6470272,-33.4380843],[-70.6470272,-33.4380834],[-70.6471277,-33.4374268],[-70.6471946,-33.4369902],[-70.6471947,-33.4369895],[-70.6471773,-33.43691],[-70.6471771,-33.4369091],[-70.6471771,-33.4369091],[-70.6471807,-33.4368625],[-70.6471847,-33.4368098],[-70.6472559,-33.4363828],[-70.6473557,-33.435785],[-70.6473557,-33.4357848],[-70.6473558,-33.4357846],[-70.6473561,-33.4357826],[-70.6475136,-33.4346861],[-70.647519,-33.4346418],[-70.6475191,-33.4346409],[-70.6475731,-33.4343155],[-70.647606,-33.4342249],[-70.6476578,-33.4341688],[-70.6476975,-33.4341257],[-70.6476986,-33.4341245],[-70.6477853,-33.4339791],[-70.6478279,-33.4339063],[-70.6478771,-33.4338245],[-70.647887,-33.4337796],[-70.647887,-33.4337793],[-70.647886,-33.4337252],[-70.6478621,-33.4336714],[-70.6478513,-33.4336592],[-70.6478226,-33.4336268],[-70.6477328,-33.4335475],[-70.6477321,-33.4335469],[-70.6478795,-33.4335039],[-70.6480224,-33.4334623],[-70.6480248,-33.4334616],[-70.6481446,-33.4334259],[-70.6481787,-33.4334157],[-70.6481823,-33.4334146],[-70.6484486,-33.4333299],[-70.6486421,-33.4332733],[-70.6487258,-33.4332678],[-70.6488132,-33.433262],[-70.648814,-33.433262],[-70.6487429,-33.4331817],[-70.6486876,-33.4331193],[-70.6486805,-33.4330971],[-70.6486702,-33.4330654],[-70.6486654,-33.4330504],[-70.6486394,-33.4329698],[-70.6486146,-33.4328929],[-70.6485933,-33.4328266],[-70.6485767,-33.4327752],[-70.6485638,-33.4327351],[-70.6485518,-33.4326979],[-70.6485516,-33.4326973],[-70.6485856,-33.432626],[-70.6485975,-33.4326012],[-70.6485499,-33.4326135],[-70.6485428,-33.4326153],[-70.6485134,-33.4326229],[-70.6484703,-33.4326341],[-70.6482875,-33.4326813],[-70.6482856,-33.4326818],[-70.6482853,-33.4326819],[-70.6482842,-33.4326822],[-70.6482721,-33.4326853],[-70.6482584,-33.4326889],[-70.648254,-33.43269],[-70.648228,-33.4326967],[-70.6480436,-33.4327444],[-70.6479579,-33.4327666],[-70.6479475,-33.4327693],[-70.6479472,-33.4327694],[-70.6479444,-33.43277],[-70.6479334,-33.4327726],[-70.6479212,-33.4327755],[-70.6478921,-33.4327823],[-70.6478251,-33.432798],[-70.6477459,-33.4328172],[-70.6477371,-33.4328194],[-70.64755,-33.4328648],[-70.6475252,-33.4328707],[-70.647511,-33.4328741],[-70.6474995,-33.4328768],[-70.6474951,-33.4328778],[-70.6474342,-33.4328923],[-70.6472636,-33.4329328],[-70.6472012,-33.4329476],[-70.6471711,-33.4329548],[-70.6471481,-33.4329603],[-70.6471074,-33.4329699],[-70.64708,-33.4329764],[-70.6470726,-33.4329782],[-70.6470263,-33.4329892],[-70.6469762,-33.4330011],[-70.6466248,-33.4330845],[-70.646623,-33.433085],[-70.6465182,-33.4331107],[-70.6463285,-33.4331573],[-70.6460818,-33.433218],[-70.645947,-33.4332511],[-70.6452674,-33.4334182],[-70.6452527,-33.4334215],[-70.644708,-33.4335456],[-70.6446405,-33.4335609],[-70.6444478,-33.4336048],[-70.6443002,-33.4336384],[-70.6442969,-33.4336392],[-70.6442532,-33.4336499],[-70.644229,-33.4336557],[-70.6435529,-33.4338203],[-70.6429306,-33.4339717],[-70.6427436,-33.4340172],[-70.642654,-33.434039],[-70.6426427,-33.4340408],[-70.6425022,-33.4340628],[-70.6424338,-33.4340735],[-70.6424027,-33.4340784],[-70.6422473,-33.4341158],[-70.641908,-33.4341974],[-70.6418937,-33.4342008]]]}},{"type":"Feature","properties":{"OBJECTID":27,"BARRIO":"CASCO HISTÓRICO"},"geometry":{"type":"Polygon","coordinates":[[[-70.6532574,-33.4315743],[-70.6531728,-33.4315941],[-70.6530255,-33.4316286],[-70.6529609,-33.4316407],[-70.6529254,-33.4316474],[-70.6529227,-33.4316479],[-70.6529222,-33.431648],[-70.652922,-33.431648],[-70.6528874,-33.4316546],[-70.6528453,-33.4316625],[-70.6527852,-33.4316754],[-70.6527191,-33.4316895],[-70.6526877,-33.4316962],[-70.652613,-33.4317087],[-70.6525707,-33.4317158],[-70.6525535,-33.4317099],[-70.6525364,-33.4317139],[-70.6523949,-33.4317469],[-70.6523118,-33.4317663],[-70.6523036,-33.4317682],[-70.6522399,-33.4317831],[-70.6522281,-33.4317858],[-70.6521593,-33.4318019],[-70.6521118,-33.4318129],[-70.6519918,-33.4318409],[-70.651989,-33.4318416],[-70.6519814,-33.4318434],[-70.6519714,-33.4318457],[-70.6519495,-33.4318508],[-70.651937,-33.4318537],[-70.651929,-33.4318558],[-70.651914,-33.4318598],[-70.651873,-33.4318693],[-70.6518719,-33.4318695],[-70.6518512,-33.4318743],[-70.6517705,-33.4318929],[-70.6517393,-33.4319],[-70.6516654,-33.4319171],[-70.651663,-33.4319176],[-70.6516629,-33.4319176],[-70.6516629,-33.4319176],[-70.6516627,-33.4319177],[-70.6516597,-33.4319184],[-70.6516148,-33.4319287],[-70.6515798,-33.4319368],[-70.6513254,-33.4319953],[-70.6511239,-33.4320417],[-70.6508958,-33.432097],[-70.650238,-33.4322564],[-70.6502377,-33.4322565],[-70.6501,-33.4322898],[-70.6500977,-33.4322903],[-70.6499886,-33.4323119],[-70.649926,-33.4323243],[-70.6498444,-33.4323405],[-70.6495634,-33.4323961],[-70.6495633,-33.4323962],[-70.6495593,-33.432397],[-70.649392,-33.4324347],[-70.6492657,-33.4324632],[-70.6490251,-33.4325173],[-70.6487546,-33.4325783],[-70.648695,-33.4325881],[-70.6486088,-33.4325982],[-70.6485975,-33.4326012],[-70.6485856,-33.432626],[-70.6485516,-33.4326973],[-70.6485518,-33.4326979],[-70.6485638,-33.4327351],[-70.6485767,-33.4327752],[-70.6485933,-33.4328266],[-70.6486146,-33.4328929],[-70.6486394,-33.4329698],[-70.6486654,-33.4330504],[-70.6486702,-33.4330654],[-70.6486805,-33.4330971],[-70.6486876,-33.4331193],[-70.6487429,-33.4331817],[-70.648814,-33.433262],[-70.6488132,-33.433262],[-70.6487258,-33.4332678],[-70.6486421,-33.4332733],[-70.6484486,-33.4333299],[-70.6481823,-33.4334146],[-70.6481787,-33.4334157],[-70.6481446,-33.4334259],[-70.6480248,-33.4334616],[-70.6480224,-33.4334623],[-70.6478795,-33.4335039],[-70.6477321,-33.4335469],[-70.6477328,-33.4335475],[-70.6478226,-33.4336268],[-70.6478513,-33.4336592],[-70.6478621,-33.4336714],[-70.647886,-33.4337252],[-70.647887,-33.4337793],[-70.647887,-33.4337796],[-70.6478771,-33.4338245],[-70.6478279,-33.4339063],[-70.6477853,-33.4339791],[-70.6476986,-33.4341245],[-70.6476975,-33.4341257],[-70.6476578,-33.4341688],[-70.647606,-33.4342249],[-70.6475731,-33.4343155],[-70.6475191,-33.4346409],[-70.647519,-33.4346418],[-70.6475136,-33.4346861],[-70.6473561,-33.4357826],[-70.6473558,-33.4357846],[-70.6473557,-33.4357848],[-70.6473557,-33.435785],[-70.6472559,-33.4363828],[-70.6471847,-33.4368098],[-70.6471807,-33.4368625],[-70.6471771,-33.4369091],[-70.6471771,-33.4369091],[-70.6471773,-33.43691],[-70.6471947,-33.4369895],[-70.6471946,-33.4369902],[-70.6471277,-33.4374268],[-70.6470272,-33.4380834],[-70.6470272,-33.4380843],[-70.647022,-33.4381647],[-70.647008,-33.4382666],[-70.646991,-33.4383905],[-70.6469798,-33.4384569],[-70.6469488,-33.4386413],[-70.6468901,-33.4389903],[-70.6468495,-33.4392314],[-70.6468494,-33.439232],[-70.6468323,-33.4393277],[-70.6468023,-33.4394955],[-70.6466367,-33.4404208],[-70.6466365,-33.4404221],[-70.6464932,-33.441253],[-70.6464553,-33.4414729],[-70.6464444,-33.4415722],[-70.6464443,-33.4415731],[-70.6464372,-33.4416535],[-70.6462558,-33.4426292],[-70.6462565,-33.442734],[-70.6462565,-33.4427345],[-70.6462571,-33.4428203],[-70.6462571,-33.4428204],[-70.6462316,-33.4428877],[-70.6462398,-33.4428895],[-70.646278,-33.4428977],[-70.6470042,-33.4430539],[-70.6471059,-33.4430758],[-70.647106,-33.4430758],[-70.6474005,-33.4431392],[-70.6475934,-33.443186],[-70.6476819,-33.4432047],[-70.6479679,-33.4432652],[-70.6480481,-33.4432822],[-70.6481413,-33.4433127],[-70.6488858,-33.4435463],[-70.6488862,-33.4435464],[-70.6488864,-33.4435465],[-70.6490302,-33.4435912],[-70.6492061,-33.4436377],[-70.649323,-33.4436687],[-70.6494698,-33.4437076],[-70.6495088,-33.4437179],[-70.6495366,-33.4437245],[-70.6495537,-33.4437285],[-70.649554,-33.4437286],[-70.6497358,-33.4437717],[-70.6499075,-33.4438124],[-70.6499767,-33.443828],[-70.6500661,-33.4438481],[-70.6500663,-33.4438482],[-70.6503649,-33.443922],[-70.650365,-33.443922],[-70.6504164,-33.4439347],[-70.6504246,-33.4439368],[-70.6511882,-33.4441155],[-70.6515171,-33.4442232],[-70.6515944,-33.4442449],[-70.6515963,-33.4442454],[-70.6515965,-33.4442455],[-70.6515967,-33.4442456],[-70.6517639,-33.4443005],[-70.6519246,-33.4443482],[-70.6521449,-33.4444002],[-70.6523377,-33.4444536],[-70.6523818,-33.4444658],[-70.6525029,-33.4445002],[-70.652503,-33.4445002],[-70.65255,-33.4445133],[-70.6529492,-33.4446241],[-70.6529495,-33.4446241],[-70.6529989,-33.4446211],[-70.6530209,-33.4446198],[-70.6532597,-33.4446823],[-70.6534896,-33.4447425],[-70.6540345,-33.4448851],[-70.6540704,-33.4449549],[-70.6540705,-33.4449549],[-70.6541143,-33.4449352],[-70.6541448,-33.4449216],[-70.6553774,-33.4452252],[-70.6554322,-33.4452773],[-70.655433,-33.445278],[-70.6554335,-33.4452785],[-70.6554339,-33.4452788],[-70.6554344,-33.4452773],[-70.6555652,-33.4448927],[-70.655604,-33.4447788],[-70.6556047,-33.4447765],[-70.6556055,-33.4447744],[-70.6556452,-33.4446617],[-70.6556617,-33.4446149],[-70.6556818,-33.4445128],[-70.6557716,-33.4440552],[-70.6557723,-33.4440518],[-70.6557926,-33.4439485],[-70.6558459,-33.4436769],[-70.6558657,-33.4435759],[-70.6558659,-33.443575],[-70.6559118,-33.4433631],[-70.6559286,-33.4432855],[-70.6561067,-33.4424635],[-70.6561069,-33.4424626],[-70.6561797,-33.4421129],[-70.6562272,-33.4418847],[-70.6562274,-33.4418838],[-70.6562389,-33.4418337],[-70.6563582,-33.4413148],[-70.6563584,-33.4413139],[-70.6565707,-33.4402649],[-70.6565878,-33.4402025],[-70.656588,-33.4402016],[-70.6565968,-33.4401395],[-70.6566135,-33.4400203],[-70.6566268,-33.4399263],[-70.6566359,-33.4398613],[-70.6567266,-33.4392174],[-70.6567469,-33.4390731],[-70.6567471,-33.4390722],[-70.6568818,-33.437962],[-70.6568819,-33.4379611],[-70.6568932,-33.4378674],[-70.6569414,-33.4374668],[-70.6570034,-33.4369515],[-70.6570176,-33.4368329],[-70.6570178,-33.436832],[-70.6570402,-33.4366623],[-70.6571064,-33.4361602],[-70.657166,-33.4357093],[-70.6571661,-33.4357082],[-70.6572151,-33.4353765],[-70.6573048,-33.4347683],[-70.6573402,-33.4345284],[-70.6573403,-33.4345275],[-70.6573321,-33.434475],[-70.6573319,-33.4344742],[-70.6573319,-33.4344741],[-70.6573328,-33.4344643],[-70.6573328,-33.4344642],[-70.6573553,-33.4342269],[-70.6573553,-33.4342267],[-70.6573562,-33.4342167],[-70.6574085,-33.4336639],[-70.6574159,-33.4335846],[-70.6574169,-33.4335747],[-70.6574189,-33.4335531],[-70.6574325,-33.433437],[-70.6574536,-33.4332566],[-70.6574535,-33.4332565],[-70.6574525,-33.4330656],[-70.6574881,-33.432353],[-70.6575432,-33.4318936],[-70.6575462,-33.4305543],[-70.6572659,-33.4306262],[-70.6571732,-33.4306503],[-70.6571627,-33.430653],[-70.6570738,-33.4306762],[-70.6570586,-33.43068],[-70.6570455,-33.4306833],[-70.6570443,-33.4306836],[-70.6570393,-33.4306849],[-70.6570313,-33.4306869],[-70.6569864,-33.4306982],[-70.6569781,-33.4307003],[-70.6569577,-33.4307054],[-70.6569446,-33.4307087],[-70.6569094,-33.4307176],[-70.6568509,-33.4307323],[-70.6568375,-33.4307357],[-70.6568359,-33.4307361],[-70.656832,-33.4307371],[-70.6568302,-33.4307376],[-70.6568223,-33.4307395],[-70.6568018,-33.4307447],[-70.6567967,-33.430746],[-70.656787,-33.4307484],[-70.6567652,-33.4307539],[-70.6567609,-33.430755],[-70.6567567,-33.4307561],[-70.6567198,-33.4307654],[-70.6567124,-33.4307672],[-70.6567012,-33.43077],[-70.6566811,-33.4307751],[-70.6566641,-33.4307794],[-70.6566424,-33.4307849],[-70.6566215,-33.4307901],[-70.6566053,-33.4307942],[-70.6565801,-33.4308005],[-70.656569,-33.4308033],[-70.6565385,-33.430811],[-70.6565322,-33.4308126],[-70.6565074,-33.4308189],[-70.6564887,-33.4308236],[-70.6564728,-33.4308276],[-70.6564691,-33.4308275],[-70.656466,-33.4308274],[-70.6564518,-33.4308271],[-70.6564484,-33.430827],[-70.6564373,-33.4308268],[-70.6564233,-33.4308265],[-70.6564228,-33.4308265],[-70.6564215,-33.4308264],[-70.6564099,-33.4308293],[-70.6563855,-33.4308352],[-70.6563797,-33.4308367],[-70.6563763,-33.4308375],[-70.6563564,-33.4308424],[-70.6563353,-33.4308475],[-70.6563084,-33.4308541],[-70.6562673,-33.4308642],[-70.6562624,-33.4308654],[-70.6562266,-33.4308741],[-70.6562137,-33.4308773],[-70.6561982,-33.4308811],[-70.6561508,-33.4308927],[-70.6560886,-33.4309079],[-70.6560085,-33.4309275],[-70.6559259,-33.4309478],[-70.6557916,-33.4309806],[-70.6557832,-33.4309827],[-70.6557778,-33.430984],[-70.6557183,-33.4309986],[-70.6557083,-33.431001],[-70.6556526,-33.4310147],[-70.6556345,-33.4310191],[-70.6556057,-33.4310261],[-70.6555784,-33.4310328],[-70.6554758,-33.4310579],[-70.6554688,-33.4310596],[-70.6552102,-33.4311229],[-70.6551776,-33.4311309],[-70.6550729,-33.4311551],[-70.6549949,-33.4311731],[-70.6548654,-33.431203],[-70.6548567,-33.431205],[-70.6532574,-33.4315743]]]}},{"type":"Feature","properties":{"OBJECTID":28,"BARRIO":"PARQUE O'HIGGINS"},"geometry":{"type":"Polygon","coordinates":[[[-70.6634487,-33.470456],[-70.6634437,-33.4699808],[-70.663466,-33.4694516],[-70.6634742,-33.4692563],[-70.6634971,-33.4687198],[-70.6635232,-33.4681131],[-70.663538,-33.4677505],[-70.6635572,-33.467296],[-70.663571,-33.4669686],[-70.6635894,-33.4665334],[-70.6636039,-33.4661906],[-70.6636164,-33.4658952],[-70.6636386,-33.4653672],[-70.6636467,-33.4652018],[-70.6636745,-33.4646282],[-70.6637046,-33.4640095],[-70.6637265,-33.4635586],[-70.6637545,-33.463003],[-70.6637859,-33.4623847],[-70.6638024,-33.4619216],[-70.6638205,-33.4613304],[-70.6638321,-33.4609547],[-70.6638554,-33.4604701],[-70.663886,-33.4598354],[-70.6639124,-33.4592862],[-70.6639333,-33.4588539],[-70.6638937,-33.4588236],[-70.6638876,-33.4586642],[-70.6639228,-33.4586359],[-70.663903,-33.458628],[-70.6638769,-33.4586124],[-70.6638594,-33.4585973],[-70.6638453,-33.4585682],[-70.6638432,-33.4585431],[-70.6637732,-33.4585755],[-70.6636432,-33.4585667],[-70.663607,-33.4585322],[-70.662124,-33.4584354],[-70.6607751,-33.4583474],[-70.6607178,-33.4583811],[-70.6604685,-33.4583596],[-70.6603047,-33.4583154],[-70.6593798,-33.4582551],[-70.6590819,-33.4582371],[-70.6581196,-33.4581751],[-70.6579557,-33.458152],[-70.6577592,-33.458151],[-70.6571922,-33.4580913],[-70.6570645,-33.4580655],[-70.6568704,-33.4580504],[-70.6566763,-33.458032],[-70.6566743,-33.4582822],[-70.6566901,-33.4584112],[-70.6567338,-33.4587703],[-70.6567842,-33.4591842],[-70.6567926,-33.4594965],[-70.6568054,-33.4599729],[-70.656814,-33.4602913],[-70.6568161,-33.460557],[-70.6567923,-33.4608387],[-70.6567625,-33.461233],[-70.6567273,-33.4617538],[-70.656684,-33.4623616],[-70.6566442,-33.4629754],[-70.6565936,-33.4638067],[-70.6565014,-33.4653218],[-70.6564624,-33.4660342],[-70.6564021,-33.4671664],[-70.6563849,-33.4674964],[-70.6563539,-33.4680917],[-70.6563246,-33.4686547],[-70.6562832,-33.4694539],[-70.656256,-33.4700001],[-70.6566289,-33.4700019],[-70.6570168,-33.470012],[-70.6571994,-33.4700737],[-70.6573865,-33.4700142],[-70.6594645,-33.4701307],[-70.6596466,-33.4702094],[-70.6598609,-33.4701614],[-70.6608518,-33.4702113],[-70.6609496,-33.4702641],[-70.6610406,-33.4702358],[-70.6620908,-33.4702939],[-70.6622006,-33.4703555],[-70.6623204,-33.4703088],[-70.6625895,-33.4703216],[-70.662907,-33.4703367],[-70.6630612,-33.470344],[-70.6631737,-33.4703695],[-70.6634487,-33.470456]]]}}]}