{
"type": "FeatureCollection",
"name": "SOC_PTO_MAESTRO_EDUCACION_STGO",
"features": [
{ "type": "Feature", "properties": { "id_edu": "EDU_0001", "nombre": "INSTITUTO HERMANOS MATTE", "direccion": "NATANIEL COX", "numero": 2263.0, "tipo": "EDUCACION_ESCOLAR", "dependencia": "2", "rbd_id": 8663.0, "fuente": "MINEDUC_DATAMET", "fuente_comp": "MINEDUC_PARVULARIA", "anio_fuente": 2021 }, "geometry": { "type": "Point", "coordinates": [ -70.649546, -33.475348 ] } },
{ "type": "Feature", "properties": { "id_edu": "EDU_0002", "nombre": "ESCUELA BASICA REPUBLICA DE HAITI", "direccion": "WALDO SILVA", "numero": 2210.0, "tipo": "EDUCACION_ESCOLAR", "dependencia": "1", "rbd_id": 8540.0, "fuente": "MINEDUC_DATAMET", "fuente_comp": "MINEDUC_PARVULARIA", "anio_fuente": 2021 }, "geometry": { "type": "Point", "coordinates": [ -70.651608, -33.474713 ] } },
{ "type": "Feature", "properties": { "id_edu": "EDU_0003", "nombre": "ESCUELA  ESPEC. VIRGEN DE LAS PENAS", "direccion": "BASCUNAN GUERRERO", "numero": 2078.0, "tipo": "EDUCACION_ESCOLAR", "dependencia": "2", "rbd_id": 25320.0, "fuente": "MINEDUC_DATAMET", "fuente_comp": "MINEDUC_PARVULARIA", "anio_fuente": 2021 }, "geometry": { "type": "Point", "coordinates": [ -70.67109, -33.473824 ] } },
{ "type": "Feature", "properties": { "id_edu": "EDU_0004", "nombre": "ESCUELA ESP. MI ESPACIO", "direccion": "BASCUNAN GUERRERO", "numero": 2042.0, "tipo": "EDUCACION_ESCOLAR", "dependencia": "2", "rbd_id": 25903.0, "fuente": "MINEDUC_DATAMET", "fuente_comp": "MINEDUC_PARVULARIA", "anio_fuente": 2021 }, "geometry": { "type": "Point", "coordinates": [ -70.67149, -33.473682 ] } },
{ "type": "Feature", "properties": { "id_edu": "EDU_0005", "nombre": "LICEO DE ADULTOS HERBERT VARGAS WALLIS", "direccion": "PEDRO MONTT", "numero": 1902.0, "tipo": "EDUCACION_ESCOLAR", "dependencia": "1", "rbd_id": 8541.0, "fuente": "MINEDUC_DATAMET", "fuente_comp": null, "anio_fuente": 2021 }, "geometry": { "type": "Point", "coordinates": [ -70.65968, -33.473263 ] } },
{ "type": "Feature", "properties": { "id_edu": "EDU_0006", "nombre": "ESCUELA DE PARV. Y ESPECIAL PELUSITA", "direccion": "CALLE EDUARDO MATTE", "numero": 2042.0, "tipo": "EDUCACION_ESCOLAR", "dependencia": "2", "rbd_id": 25537.0, "fuente": "MINEDUC_DATAMET", "fuente_comp": "MINEDUC_PARVULARIA", "anio_fuente": 2021 }, "geometry": { "type": "Point", "coordinates": [ -70.63798, -33.47228 ] } },
{ "type": "Feature", "properties": { "id_edu": "EDU_0007", "nombre": "LICEO REPUBLICA DE BRASIL", "direccion": "LUIS COUSIÑO", "numero": 1984.0, "tipo": "EDUCACION_ESCOLAR", "dependencia": "1", "rbd_id": 8535.0, "fuente": "MINEDUC_DATAMET", "fuente_comp": "MINEDUC_PARVULARIA", "anio_fuente": 2021 }, "geometry": { "type": "Point", "coordinates": [ -70.659262, -33.472059 ] } },
{ "type": "Feature", "properties": { "id_edu": "EDU_0008", "nombre": "ESCUELA BASICA PROVINCIA DE CHILOE", "direccion": "RONDIZZONI", "numero": 2738.0, "tipo": "EDUCACION_ESCOLAR", "dependencia": "1", "rbd_id": 8520.0, "fuente": "MINEDUC_DATAMET", "fuente_comp": "MINEDUC_PARVULARIA", "anio_fuente": 2021 }, "geometry": { "type": "Point", "coordinates": [ -70.671369, -33.470746 ] } },
{ "type": "Feature", "properties": { "id_edu": "EDU_0009", "nombre": "LICEO BICENTENARIO TERESA PRATS", "direccion": "GENERAL GANA", "numero": 959.0, "tipo": "EDUCACION_ESCOLAR", "dependencia": "1", "rbd_id": 8489.0, "fuente": "MINEDUC_DATAMET", "fuente_comp": null, "anio_fuente": 2021 }, "geometry": { "type": "Point", "coordinates": [ -70.645814, -33.47071 ] } },
{ "type": "Feature", "properties": { "id_edu": "EDU_0010", "nombre": "LICEO BICENTENARIO ITALIA", "direccion": "NATANIEL COX", "numero": 1851.0, "tipo": "EDUCACION_ESCOLAR", "dependencia": "2", "rbd_id": 31295.0, "fuente": "MINEDUC_DATAMET", "fuente_comp": null, "anio_fuente": 2021 }, "geometry": { "type": "Point", "coordinates": [ -70.64999, -33.470562 ] } },
{ "type": "Feature", "properties": { "id_edu": "EDU_0011", "nombre": "ESCUELA DIFERENCIAL JUAN SANDOVAL C", "direccion": "LORD COCHRANE", "numero": 1819.0, "tipo": "EDUCACION_ESCOLAR", "dependencia": "1", "rbd_id": 8586.0, "fuente": "MINEDUC_DATAMET", "fuente_comp": "MINEDUC_PARVULARIA", "anio_fuente": 2021 }, "geometry": { "type": "Point", "coordinates": [ -70.65161, -33.47032 ] } },
{ "type": "Feature", "properties": { "id_edu": "EDU_0012", "nombre": "LICEO MUNICIPAL METROPOLITANO DE ADULTOS", "direccion": "VICTORIA", "numero": 456.0, "tipo": "EDUCACION_ESCOLAR", "dependencia": "1", "rbd_id": 8554.0, "fuente": "MINEDUC_DATAMET", "fuente_comp": null, "anio_fuente": 2021 }, "geometry": { "type": "Point", "coordinates": [ -70.64488, -33.469337 ] } },
{ "type": "Feature", "properties": { "id_edu": "EDU_0013", "nombre": "LICEO INDUSTRIAL DE LA CONSTRUCCION VICTOR BEZANILLA SALINAS", "direccion": "SAN ALFONSO", "numero": 1605.0, "tipo": "EDUCACION_ESCOLAR", "dependencia": "4", "rbd_id": 8812.0, "fuente": "MINEDUC_DATAMET", "fuente_comp": null, "anio_fuente": 2021 }, "geometry": { "type": "Point", "coordinates": [ -70.673168, -33.468877 ] } },
{ "type": "Feature", "properties": { "id_edu": "EDU_0014", "nombre": "ESCUELA PARVULOS INST. SWEET N1", "direccion": "SARGENTO ALDEA", "numero": 1057.0, "tipo": "EDUCACION_ESCOLAR", "dependencia": "2", "rbd_id": 25627.0, "fuente": "MINEDUC_DATAMET", "fuente_comp": "MINEDUC_PARVULARIA", "anio_fuente": 2021 }, "geometry": { "type": "Point", "coordinates": [ -70.64721, -33.468243 ] } },
{ "type": "Feature", "properties": { "id_edu": "EDU_0015", "nombre": "ESCUELA DE PARV. PARQUE O'HIGGINS", "direccion": "INTERIOR PARQUE O'HIGGINS", "numero": 0.0, "tipo": "EDUCACION_ESCOLAR", "dependencia": "1", "rbd_id": 25940.0, "fuente": "MINEDUC_DATAMET", "fuente_comp": null, "anio_fuente": 2021 }, "geometry": { "type": "Point", "coordinates": [ -70.658462, -33.468187 ] } },
{ "type": "Feature", "properties": { "id_edu": "EDU_0016", "nombre": "ESCUELA BASICA REYES CATOLICOS", "direccion": "SANTA ELENA", "numero": 1829.0, "tipo": "EDUCACION_ESCOLAR", "dependencia": "1", "rbd_id": 8576.0, "fuente": "MINEDUC_DATAMET", "fuente_comp": "MINEDUC_PARVULARIA", "anio_fuente": 2021 }, "geometry": { "type": "Point", "coordinates": [ -70.627863, -33.467958 ] } },
{ "type": "Feature", "properties": { "id_edu": "EDU_0017", "nombre": "COLEGIO SANTA ISABEL", "direccion": "SANTIAGO CONCHA", "numero": 1775.0, "tipo": "EDUCACION_ESCOLAR", "dependencia": "2", "rbd_id": 8666.0, "fuente": "MINEDUC_DATAMET", "fuente_comp": "MINEDUC_PARVULARIA", "anio_fuente": 2021 }, "geometry": { "type": "Point", "coordinates": [ -70.638002, -33.467833 ] } },
{ "type": "Feature", "properties": { "id_edu": "EDU_0018", "nombre": "LICEO POLIT. SARA BLINDER DARGOLTZ", "direccion": "SAN DIEGO", "numero": 1650.0, "tipo": "EDUCACION_ESCOLAR", "dependencia": "2", "rbd_id": 8617.0, "fuente": "MINEDUC_DATAMET", "fuente_comp": null, "anio_fuente": 2021 }, "geometry": { "type": "Point", "coordinates": [ -70.648533, -33.467809 ] } },
{ "type": "Feature", "properties": { "id_edu": "EDU_0019", "nombre": "ESCUELA BASICA IRENE FREI DE CID", "direccion": "SAN FRANCISCO", "numero": 0.0, "tipo": "EDUCACION_ESCOLAR", "dependencia": "1", "rbd_id": 8531.0, "fuente": "MINEDUC_DATAMET", "fuente_comp": "MINEDUC_PARVULARIA", "anio_fuente": 2021 }, "geometry": { "type": "Point", "coordinates": [ -70.644024, -33.467792 ] } },
{ "type": "Feature", "properties": { "id_edu": "EDU_0020", "nombre": "COLEGIO METODISTA DE SANTIAGO", "direccion": "ARTURO PRAT", "numero": 1655.0, "tipo": "EDUCACION_ESCOLAR", "dependencia": "2", "rbd_id": 25359.0, "fuente": "MINEDUC_DATAMET", "fuente_comp": null, "anio_fuente": 2021 }, "geometry": { "type": "Point", "coordinates": [ -70.646977, -33.46779 ] } },
{ "type": "Feature", "properties": { "id_edu": "EDU_0021", "nombre": "ESCUELA DE PARVULOS N°1980  SAN ANTONIO MARIA ZACCARIA II", "direccion": "CALLE LORD COCHRANE", "numero": 1589.0, "tipo": "EDUCACION_ESCOLAR", "dependencia": "3", "rbd_id": 25822.0, "fuente": "MINEDUC_DATAMET", "fuente_comp": "MINEDUC_PARVULARIA", "anio_fuente": 2021 }, "geometry": { "type": "Point", "coordinates": [ -70.65258, -33.46755 ] } },
{ "type": "Feature", "properties": { "id_edu": "EDU_0022", "nombre": "LICEO MANUEL BARROS BORGONO", "direccion": "SAN DIEGO", "numero": 1547.0, "tipo": "EDUCACION_ESCOLAR", "dependencia": "1", "rbd_id": 8492.0, "fuente": "MINEDUC_DATAMET", "fuente_comp": null, "anio_fuente": 2021 }, "geometry": { "type": "Point", "coordinates": [ -70.648888, -33.466963 ] } },
{ "type": "Feature", "properties": { "id_edu": "EDU_0023", "nombre": "ESCUELA MARIA TERESA SCHOOL NUM 2", "direccion": "BASCUÑAN GUERRERO", "numero": 1351.0, "tipo": "EDUCACION_ESCOLAR", "dependencia": "2", "rbd_id": 12130.0, "fuente": "MINEDUC_DATAMET", "fuente_comp": "MINEDUC_PARVULARIA", "anio_fuente": 2021 }, "geometry": { "type": "Point", "coordinates": [ -70.672398, -33.46665 ] } },
{ "type": "Feature", "properties": { "id_edu": "EDU_0024", "nombre": "ESCUELA BÁSICA F Nº 64", "direccion": "LORD COCHRANE", "numero": 1487.0, "tipo": "EDUCACION_ESCOLAR", "dependencia": "1", "rbd_id": 8581.0, "fuente": "MINEDUC_DATAMET", "fuente_comp": "MINEDUC_PARVULARIA", "anio_fuente": 2021 }, "geometry": { "type": "Point", "coordinates": [ -70.652762, -33.466155 ] } },
{ "type": "Feature", "properties": { "id_edu": "EDU_0025", "nombre": "ESCUELA BASICA N°43 PATRONATO SAN ANTONIO", "direccion": "PEDRO LAGOS", "numero": 536.0, "tipo": "EDUCACION_ESCOLAR", "dependencia": "2", "rbd_id": 8665.0, "fuente": "MINEDUC_DATAMET", "fuente_comp": "MINEDUC_PARVULARIA", "anio_fuente": 2021 }, "geometry": { "type": "Point", "coordinates": [ -70.63813, -33.46478 ] } },
{ "type": "Feature", "properties": { "id_edu": "EDU_0026", "nombre": "ESCUELA PARTICULAR SAINT HENRY SCHOOL", "direccion": "SAN VICENTE", "numero": 1224.0, "tipo": "EDUCACION_ESCOLAR", "dependencia": "2", "rbd_id": 8717.0, "fuente": "MINEDUC_DATAMET", "fuente_comp": "MINEDUC_PARVULARIA", "anio_fuente": 2021 }, "geometry": { "type": "Point", "coordinates": [ -70.675872, -33.464707 ] } },
{ "type": "Feature", "properties": { "id_edu": "EDU_0027", "nombre": "COLEGIO SANTA CRUZ", "direccion": "NATANIEL COX", "numero": 1379.0, "tipo": "EDUCACION_ESCOLAR", "dependencia": "2", "rbd_id": 8604.0, "fuente": "MINEDUC_DATAMET", "fuente_comp": "MINEDUC_PARVULARIA", "anio_fuente": 2021 }, "geometry": { "type": "Point", "coordinates": [ -70.651243, -33.463417 ] } },
{ "type": "Feature", "properties": { "id_edu": "EDU_0028", "nombre": "ESCUELA BASICA N°2047 MIRASOL DE SANTIAGO", "direccion": "CLUB HIPICO", "numero": 1298.0, "tipo": "EDUCACION_ESCOLAR", "dependencia": "3", "rbd_id": 25958.0, "fuente": "MINEDUC_DATAMET", "fuente_comp": null, "anio_fuente": 2021 }, "geometry": { "type": "Point", "coordinates": [ -70.66482, -33.463335 ] } },
{ "type": "Feature", "properties": { "id_edu": "EDU_0029", "nombre": "ESCUELA PARTICULAR GUILLERMO MATTA", "direccion": "SANTA ROSA", "numero": 1247.0, "tipo": "EDUCACION_ESCOLAR", "dependencia": "2", "rbd_id": 8661.0, "fuente": "MINEDUC_DATAMET", "fuente_comp": "MINEDUC_PARVULARIA", "anio_fuente": 2021 }, "geometry": { "type": "Point", "coordinates": [ -70.642993, -33.46163 ] } },
{ "type": "Feature", "properties": { "id_edu": "EDU_0030", "nombre": "COLEGIO HOSPITAL SAN BORJA ARRIARAN", "direccion": "AVENIDA SANTA ROSA", "numero": 1234.0, "tipo": "EDUCACION_ESCOLAR", "dependencia": "2", "rbd_id": 25213.0, "fuente": "MINEDUC_DATAMET", "fuente_comp": "MINEDUC_PARVULARIA", "anio_fuente": 2021 }, "geometry": { "type": "Point", "coordinates": [ -70.642682, -33.460967 ] } },
{ "type": "Feature", "properties": { "id_edu": "EDU_0031", "nombre": "CIUDAD SANTIAGO DE CHILE", "direccion": "SANTIAGUILLO", "numero": 1053.0, "tipo": "EDUCACION_ESCOLAR", "dependencia": "1", "rbd_id": 8562.0, "fuente": "MINEDUC_DATAMET", "fuente_comp": "MINEDUC_PARVULARIA", "anio_fuente": 2021 }, "geometry": { "type": "Point", "coordinates": [ -70.648042, -33.460927 ] } },
{ "type": "Feature", "properties": { "id_edu": "EDU_0032", "nombre": "LICEO DR HUMBERTO MATURANA ROMESIN", "direccion": "MARINA DE GAETE", "numero": 763.0, "tipo": "EDUCACION_ESCOLAR", "dependencia": "1", "rbd_id": 8571.0, "fuente": "MINEDUC_DATAMET", "fuente_comp": null, "anio_fuente": 2021 }, "geometry": { "type": "Point", "coordinates": [ -70.644923, -33.460101 ] } },
{ "type": "Feature", "properties": { "id_edu": "EDU_0033", "nombre": "ESCUELA MANUEL JOSE IRARRAZAVAL", "direccion": "CONFERENCIA", "numero": 751.0, "tipo": "EDUCACION_ESCOLAR", "dependencia": "2", "rbd_id": 8676.0, "fuente": "MINEDUC_DATAMET", "fuente_comp": "MINEDUC_PARVULARIA", "anio_fuente": 2021 }, "geometry": { "type": "Point", "coordinates": [ -70.676364, -33.459428 ] } },
{ "type": "Feature", "properties": { "id_edu": "EDU_0034", "nombre": "COLEGIO FRANCISCO ARRIARAN", "direccion": "AVENIDA MANUEL ANTONIO MATTA", "numero": 1089.0, "tipo": "EDUCACION_ESCOLAR", "dependencia": "2", "rbd_id": 8658.0, "fuente": "MINEDUC_DATAMET", "fuente_comp": "MINEDUC_PARVULARIA", "anio_fuente": 2021 }, "geometry": { "type": "Point", "coordinates": [ -70.648872, -33.459191 ] } },
{ "type": "Feature", "properties": { "id_edu": "EDU_0035", "nombre": "ESCUELA PARTICULAR FRANCISCO ANDRES OLEA", "direccion": "AVENIDA MATTA", "numero": 919.0, "tipo": "EDUCACION_ESCOLAR", "dependencia": "2", "rbd_id": 8659.0, "fuente": "MINEDUC_DATAMET", "fuente_comp": "MINEDUC_PARVULARIA", "anio_fuente": 2021 }, "geometry": { "type": "Point", "coordinates": [ -70.646512, -33.458723 ] } },
{ "type": "Feature", "properties": { "id_edu": "EDU_0036", "nombre": "COLEGIO PARTICULAR MARÍA AUXILIADORA DE SANTIAGO", "direccion": "AVENIDA MATTA", "numero": 726.0, "tipo": "EDUCACION_ESCOLAR", "dependencia": "2", "rbd_id": 25509.0, "fuente": "MINEDUC_DATAMET", "fuente_comp": null, "anio_fuente": 2021 }, "geometry": { "type": "Point", "coordinates": [ -70.64385, -33.458687 ] } },
{ "type": "Feature", "properties": { "id_edu": "EDU_0037", "nombre": "LICEO INDUSTRIAL A-22 DE SANTIAGO", "direccion": "SIERRA BELLA", "numero": 1141.0, "tipo": "EDUCACION_ESCOLAR", "dependencia": "4", "rbd_id": 8814.0, "fuente": "MINEDUC_DATAMET", "fuente_comp": null, "anio_fuente": 2021 }, "geometry": { "type": "Point", "coordinates": [ -70.63689, -33.457691 ] } },
{ "type": "Feature", "properties": { "id_edu": "EDU_0038", "nombre": "ESCUELA MANUEL MONTT", "direccion": "NATANIEL COX", "numero": 1481.0, "tipo": "EDUCACION_ESCOLAR", "dependencia": "2", "rbd_id": 8780.0, "fuente": "MINEDUC_DATAMET", "fuente_comp": "MINEDUC_PARVULARIA", "anio_fuente": 2021 }, "geometry": { "type": "Point", "coordinates": [ -70.632888, -33.457372 ] } },
{ "type": "Feature", "properties": { "id_edu": "EDU_0039", "nombre": "ESCUELA FERNANDO ALESSANDRI RODRIGUEZ", "direccion": "LORD COCHRANE", "numero": 850.0, "tipo": "EDUCACION_ESCOLAR", "dependencia": "1", "rbd_id": 8549.0, "fuente": "MINEDUC_DATAMET", "fuente_comp": "MINEDUC_PARVULARIA", "anio_fuente": 2021 }, "geometry": { "type": "Point", "coordinates": [ -70.653663, -33.456773 ] } },
{ "type": "Feature", "properties": { "id_edu": "EDU_0040", "nombre": "CENTRO EDUC. CASA TALLERES SAN VICENTE DE PAU", "direccion": "TOESCA", "numero": 3090.0, "tipo": "EDUCACION_ESCOLAR", "dependencia": "2", "rbd_id": 8625.0, "fuente": "MINEDUC_DATAMET", "fuente_comp": null, "anio_fuente": 2021 }, "geometry": { "type": "Point", "coordinates": [ -70.677269, -33.456698 ] } },
{ "type": "Feature", "properties": { "id_edu": "EDU_0041", "nombre": "ESC. PART. SAN FCO. DE ASIS PARA NINOS SORDOS", "direccion": "PADRE ORELLANA", "numero": 1128.0, "tipo": "EDUCACION_ESCOLAR", "dependencia": "2", "rbd_id": 25226.0, "fuente": "MINEDUC_DATAMET", "fuente_comp": "MINEDUC_PARVULARIA", "anio_fuente": 2021 }, "geometry": { "type": "Point", "coordinates": [ -70.632477, -33.456654 ] } },
{ "type": "Feature", "properties": { "id_edu": "EDU_0042", "nombre": "COLEGIO SAINT ROSE SCHOOL", "direccion": "AVENIDA MATTA", "numero": 393.0, "tipo": "EDUCACION_ESCOLAR", "dependencia": "3", "rbd_id": 8755.0, "fuente": "MINEDUC_DATAMET", "fuente_comp": "MINEDUC_PARVULARIA", "anio_fuente": 2021 }, "geometry": { "type": "Point", "coordinates": [ -70.63635, -33.45658 ] } },
{ "type": "Feature", "properties": { "id_edu": "EDU_0043", "nombre": "ESCUELA ESP. PART. RALUI", "direccion": "CALLE PORVENIR", "numero": 446.0, "tipo": "EDUCACION_ESCOLAR", "dependencia": "2", "rbd_id": 25859.0, "fuente": "MINEDUC_DATAMET", "fuente_comp": "MINEDUC_PARVULARIA", "anio_fuente": 2021 }, "geometry": { "type": "Point", "coordinates": [ -70.638266, -33.456388 ] } },
{ "type": "Feature", "properties": { "id_edu": "EDU_0044", "nombre": "LICEO JOSÉ DE SAN MARTIN", "direccion": "ROBERTO ESPINOZA", "numero": 801.0, "tipo": "EDUCACION_ESCOLAR", "dependencia": "1", "rbd_id": 8496.0, "fuente": "MINEDUC_DATAMET", "fuente_comp": null, "anio_fuente": 2021 }, "geometry": { "type": "Point", "coordinates": [ -70.653229, -33.456134 ] } },
{ "type": "Feature", "properties": { "id_edu": "EDU_0045", "nombre": "CENTRO EDUCACIONAL INTEGRAL DE ADULT ACUARIO", "direccion": "DOMEYKO", "numero": 1938.0, "tipo": "EDUCACION_ESCOLAR", "dependencia": "2", "rbd_id": 31167.0, "fuente": "MINEDUC_DATAMET", "fuente_comp": null, "anio_fuente": 2021 }, "geometry": { "type": "Point", "coordinates": [ -70.66192, -33.45581 ] } },
{ "type": "Feature", "properties": { "id_edu": "EDU_0046", "nombre": "COLEGIO HISPANO AMERICANO", "direccion": "CARMEN", "numero": 960.0, "tipo": "EDUCACION_ESCOLAR", "dependencia": "3", "rbd_id": 8754.0, "fuente": "MINEDUC_DATAMET", "fuente_comp": "MINEDUC_PARVULARIA", "anio_fuente": 2021 }, "geometry": { "type": "Point", "coordinates": [ -70.63982, -33.455747 ] } },
{ "type": "Feature", "properties": { "id_edu": "EDU_0047", "nombre": "ESCUELA REPUBLICA EL LIBANO", "direccion": "LUIS COUSIÑO", "numero": 1980.0, "tipo": "EDUCACION_ESCOLAR", "dependencia": "1", "rbd_id": 8555.0, "fuente": "MINEDUC_DATAMET", "fuente_comp": null, "anio_fuente": 2021 }, "geometry": { "type": "Point", "coordinates": [ -70.658099, -33.455707 ] } },
{ "type": "Feature", "properties": { "id_edu": "EDU_0048", "nombre": "ESC.PARVULOS PARTICULAR  LOS ANGELITOS", "direccion": "CALLE PORVENIR", "numero": 579.0, "tipo": "EDUCACION_ESCOLAR", "dependencia": "2", "rbd_id": 25272.0, "fuente": "MINEDUC_DATAMET", "fuente_comp": "MINEDUC_PARVULARIA", "anio_fuente": 2021 }, "geometry": { "type": "Point", "coordinates": [ -70.64301, -33.4557 ] } },
{ "type": "Feature", "properties": { "id_edu": "EDU_0049", "nombre": "LICEO DARIO SALAS", "direccion": "AVENIDA ESPAÑA", "numero": 585.0, "tipo": "EDUCACION_ESCOLAR", "dependencia": "1", "rbd_id": 8498.0, "fuente": "MINEDUC_DATAMET", "fuente_comp": null, "anio_fuente": 2021 }, "geometry": { "type": "Point", "coordinates": [ -70.669156, -33.455643 ] } },
{ "type": "Feature", "properties": { "id_edu": "EDU_0050", "nombre": "LICEO COMERCIAL JOAQUIN VERA MORALES", "direccion": "AVENIDA ESPAÑA", "numero": 554.0, "tipo": "EDUCACION_ESCOLAR", "dependencia": "4", "rbd_id": 8507.0, "fuente": "MINEDUC_DATAMET", "fuente_comp": null, "anio_fuente": 2021 }, "geometry": { "type": "Point", "coordinates": [ -70.668653, -33.455493 ] } },
{ "type": "Feature", "properties": { "id_edu": "EDU_0051", "nombre": "COLEGIO ORATORIO DON BOSCO", "direccion": "SAN ISIDRO", "numero": 886.0, "tipo": "EDUCACION_ESCOLAR", "dependencia": "2", "rbd_id": 8697.0, "fuente": "MINEDUC_DATAMET", "fuente_comp": "MINEDUC_PARVULARIA", "anio_fuente": 2021 }, "geometry": { "type": "Point", "coordinates": [ -70.641555, -33.455036 ] } },
{ "type": "Feature", "properties": { "id_edu": "EDU_0052", "nombre": "ESCUELA PARTICULAR SAN LAZARO", "direccion": "VERGARA", "numero": 601.0, "tipo": "EDUCACION_ESCOLAR", "dependencia": "2", "rbd_id": 8674.0, "fuente": "MINEDUC_DATAMET", "fuente_comp": "MINEDUC_PARVULARIA", "anio_fuente": 2021 }, "geometry": { "type": "Point", "coordinates": [ -70.66141, -33.454815 ] } },
{ "type": "Feature", "properties": { "id_edu": "EDU_0053", "nombre": "COLEGIO ADVENTISTA PORVENIR", "direccion": "PORVENIR", "numero": 56.0, "tipo": "EDUCACION_ESCOLAR", "dependencia": "2", "rbd_id": 8680.0, "fuente": "MINEDUC_DATAMET", "fuente_comp": "MINEDUC_PARVULARIA", "anio_fuente": 2021 }, "geometry": { "type": "Point", "coordinates": [ -70.630964, -33.454765 ] } },
{ "type": "Feature", "properties": { "id_edu": "EDU_0054", "nombre": "ESC. CENTRO DE CAPACITACION LABORAL SANTIAGO", "direccion": "CLAUDIO GAY", "numero": 1898.0, "tipo": "EDUCACION_ESCOLAR", "dependencia": "1", "rbd_id": 8585.0, "fuente": "MINEDUC_DATAMET", "fuente_comp": null, "anio_fuente": 2021 }, "geometry": { "type": "Point", "coordinates": [ -70.66036, -33.45429 ] } },
{ "type": "Feature", "properties": { "id_edu": "EDU_0055", "nombre": "ESCUELA BASICA REPUBLICA DE COLOMBIA", "direccion": "BASCUÑAN GUERRERO", "numero": 302.0, "tipo": "EDUCACION_ESCOLAR", "dependencia": "1", "rbd_id": 8522.0, "fuente": "MINEDUC_DATAMET", "fuente_comp": "MINEDUC_PARVULARIA", "anio_fuente": 2021 }, "geometry": { "type": "Point", "coordinates": [ -70.674389, -33.454231 ] } },
{ "type": "Feature", "properties": { "id_edu": "EDU_0056", "nombre": "COLEGIO SANTA MARIA DE SANTIAGO", "direccion": "SANTA ROSA", "numero": 629.0, "tipo": "EDUCACION_ESCOLAR", "dependencia": "2", "rbd_id": 8627.0, "fuente": "MINEDUC_DATAMET", "fuente_comp": "MINEDUC_PARVULARIA", "anio_fuente": 2021 }, "geometry": { "type": "Point", "coordinates": [ -70.644255, -33.45235 ] } },
{ "type": "Feature", "properties": { "id_edu": "EDU_0057", "nombre": "COLEGIO EXCELSIOR", "direccion": "AVENIDA ESPAÑA", "numero": 226.0, "tipo": "EDUCACION_ESCOLAR", "dependencia": "2", "rbd_id": 8756.0, "fuente": "MINEDUC_DATAMET", "fuente_comp": null, "anio_fuente": 2021 }, "geometry": { "type": "Point", "coordinates": [ -70.669466, -33.451916 ] } },
{ "type": "Feature", "properties": { "id_edu": "EDU_0058", "nombre": "ESCUELA COLEGIO POLIVALENTE STA FAMILIA", "direccion": "UNION LATINO AMERICANA", "numero": 151.0, "tipo": "EDUCACION_ESCOLAR", "dependencia": "2", "rbd_id": 8615.0, "fuente": "MINEDUC_DATAMET", "fuente_comp": "MINEDUC_PARVULARIA", "anio_fuente": 2021 }, "geometry": { "type": "Point", "coordinates": [ -70.673895, -33.451906 ] } },
{ "type": "Feature", "properties": { "id_edu": "EDU_0059", "nombre": "COLEGIO FILIPENSE", "direccion": "VERGARA", "numero": 357.0, "tipo": "EDUCACION_ESCOLAR", "dependencia": "2", "rbd_id": 8791.0, "fuente": "MINEDUC_DATAMET", "fuente_comp": "MINEDUC_PARVULARIA", "anio_fuente": 2021 }, "geometry": { "type": "Point", "coordinates": [ -70.661865, -33.451743 ] } },
{ "type": "Feature", "properties": { "id_edu": "EDU_0060", "nombre": "COLEGIO CTRO. INTEG  ADULTOS ALTAZOL", "direccion": "GORBEA", "numero": 1777.0, "tipo": "EDUCACION_ESCOLAR", "dependencia": "2", "rbd_id": 25463.0, "fuente": "MINEDUC_DATAMET", "fuente_comp": null, "anio_fuente": 2021 }, "geometry": { "type": "Point", "coordinates": [ -70.65933, -33.451523 ] } },
{ "type": "Feature", "properties": { "id_edu": "EDU_0061", "nombre": "LICEO CONFEDERACION SUIZA", "direccion": "GENERAL URRIOLA", "numero": 680.0, "tipo": "EDUCACION_ESCOLAR", "dependencia": "1", "rbd_id": 8495.0, "fuente": "MINEDUC_DATAMET", "fuente_comp": null, "anio_fuente": 2021 }, "geometry": { "type": "Point", "coordinates": [ -70.637776, -33.451304 ] } },
{ "type": "Feature", "properties": { "id_edu": "EDU_0062", "nombre": "COLEGIO SAN FRANCISCO DE ASIS DE BELEN", "direccion": "AVENIDA VICUÑA MACKENNA", "numero": 695.0, "tipo": "EDUCACION_ESCOLAR", "dependencia": "2", "rbd_id": 12260.0, "fuente": "MINEDUC_DATAMET", "fuente_comp": "MINEDUC_PARVULARIA", "anio_fuente": 2021 }, "geometry": { "type": "Point", "coordinates": [ -70.631481, -33.450953 ] } },
{ "type": "Feature", "properties": { "id_edu": "EDU_0063", "nombre": "COLEGIO DE ADULTOS ALTAZOL DE SANTIAGO", "direccion": "ABDÓN CIFUENTES", "numero": 250.0, "tipo": "EDUCACION_ESCOLAR", "dependencia": "2", "rbd_id": 31039.0, "fuente": "MINEDUC_DATAMET", "fuente_comp": null, "anio_fuente": 2021 }, "geometry": { "type": "Point", "coordinates": [ -70.665431, -33.450872 ] } },
{ "type": "Feature", "properties": { "id_edu": "EDU_0064", "nombre": "LICEO POLITEC. PDTE. GABRIEL GONZALEZ VIDELA", "direccion": "ARGOMEDO", "numero": 360.0, "tipo": "EDUCACION_ESCOLAR", "dependencia": "1", "rbd_id": 8501.0, "fuente": "MINEDUC_DATAMET", "fuente_comp": null, "anio_fuente": 2021 }, "geometry": { "type": "Point", "coordinates": [ -70.637322, -33.450077 ] } },
{ "type": "Feature", "properties": { "id_edu": "EDU_0065", "nombre": "ESC. BAS. REPUBLICA ORIENTAL DE URUGUAY", "direccion": "M. A. TOCORNAL", "numero": 533.0, "tipo": "EDUCACION_ESCOLAR", "dependencia": "1", "rbd_id": 8513.0, "fuente": "MINEDUC_DATAMET", "fuente_comp": "MINEDUC_PARVULARIA", "anio_fuente": 2021 }, "geometry": { "type": "Point", "coordinates": [ -70.6403, -33.449866 ] } },
{ "type": "Feature", "properties": { "id_edu": "EDU_0066", "nombre": "ESCUELA BASICA BENJAMIN VICUNA MACKENNA", "direccion": "VICUÑA MACKENNA", "numero": 635.0, "tipo": "EDUCACION_ESCOLAR", "dependencia": "1", "rbd_id": 8533.0, "fuente": "MINEDUC_DATAMET", "fuente_comp": "MINEDUC_PARVULARIA", "anio_fuente": 2021 }, "geometry": { "type": "Point", "coordinates": [ -70.631837, -33.449762 ] } },
{ "type": "Feature", "properties": { "id_edu": "EDU_0067", "nombre": "COLEGIO LORENZO SAZIE", "direccion": "ALMIRANTE LATORRE", "numero": 160.0, "tipo": "EDUCACION_ESCOLAR", "dependencia": "2", "rbd_id": 8649.0, "fuente": "MINEDUC_DATAMET", "fuente_comp": "MINEDUC_PARVULARIA", "anio_fuente": 2021 }, "geometry": { "type": "Point", "coordinates": [ -70.664568, -33.449611 ] } },
{ "type": "Feature", "properties": { "id_edu": "EDU_0068", "nombre": "ESCUELA BASICA REPUBLICA DE MEXICO", "direccion": "RAULI", "numero": 585.0, "tipo": "EDUCACION_ESCOLAR", "dependencia": "1", "rbd_id": 8563.0, "fuente": "MINEDUC_DATAMET", "fuente_comp": "MINEDUC_PARVULARIA", "anio_fuente": 2021 }, "geometry": { "type": "Point", "coordinates": [ -70.636693, -33.449571 ] } },
{ "type": "Feature", "properties": { "id_edu": "EDU_0069", "nombre": "ESCUELA BASICA REPUBLICA DEL ECUADOR", "direccion": "ALAMEDA", "numero": 2414.0, "tipo": "EDUCACION_ESCOLAR", "dependencia": "1", "rbd_id": 8569.0, "fuente": "MINEDUC_DATAMET", "fuente_comp": "MINEDUC_PARVULARIA", "anio_fuente": 2021 }, "geometry": { "type": "Point", "coordinates": [ -70.670724, -33.448969 ] } },
{ "type": "Feature", "properties": { "id_edu": "EDU_0070", "nombre": "ESCUELA CADETE ARTURO PRAT CHACON", "direccion": "SAN IGNACIO", "numero": 196.0, "tipo": "EDUCACION_ESCOLAR", "dependencia": "1", "rbd_id": 8530.0, "fuente": "MINEDUC_DATAMET", "fuente_comp": "MINEDUC_PARVULARIA", "anio_fuente": 2021 }, "geometry": { "type": "Point", "coordinates": [ -70.656709, -33.448709 ] } },
{ "type": "Feature", "properties": { "id_edu": "EDU_0071", "nombre": "COLEGIO WUNMAN", "direccion": "SANTA VICTORIA", "numero": 426.0, "tipo": "EDUCACION_ESCOLAR", "dependencia": "2", "rbd_id": 8601.0, "fuente": "MINEDUC_DATAMET", "fuente_comp": null, "anio_fuente": 2021 }, "geometry": { "type": "Point", "coordinates": [ -70.63706, -33.44868 ] } },
{ "type": "Feature", "properties": { "id_edu": "EDU_0072", "nombre": "LICEO PROFESIONAL ABDON CIFUENTES", "direccion": "DIECIOCHO", "numero": 116.0, "tipo": "EDUCACION_ESCOLAR", "dependencia": "2", "rbd_id": 8811.0, "fuente": "MINEDUC_DATAMET", "fuente_comp": null, "anio_fuente": 2021 }, "geometry": { "type": "Point", "coordinates": [ -70.657962, -33.447614 ] } },
{ "type": "Feature", "properties": { "id_edu": "EDU_0073", "nombre": "COLEGIO DE LOS SAGRADOS CORAZONES ALAMEDA", "direccion": "AVENIDA LIBERTADOR BERNARDO O'HIGGINS", "numero": 2062.0, "tipo": "EDUCACION_ESCOLAR", "dependencia": "3", "rbd_id": 8757.0, "fuente": "MINEDUC_DATAMET", "fuente_comp": "MINEDUC_PARVULARIA", "anio_fuente": 2021 }, "geometry": { "type": "Point", "coordinates": [ -70.66424, -33.447482 ] } },
{ "type": "Feature", "properties": { "id_edu": "EDU_0074", "nombre": "COLEGIO SAN IGNACIO", "direccion": "P ALONSO DE OVALLE", "numero": 1452.0, "tipo": "EDUCACION_ESCOLAR", "dependencia": "3", "rbd_id": 8609.0, "fuente": "MINEDUC_DATAMET", "fuente_comp": "MINEDUC_PARVULARIA", "anio_fuente": 2021 }, "geometry": { "type": "Point", "coordinates": [ -70.65616, -33.447065 ] } },
{ "type": "Feature", "properties": { "id_edu": "EDU_0075", "nombre": "CENTRO EDUCATIVO SALESIANOS ALAMEDA", "direccion": "RICARDO CUMMING", "numero": 4.0, "tipo": "EDUCACION_ESCOLAR", "dependencia": "2", "rbd_id": 8603.0, "fuente": "MINEDUC_DATAMET", "fuente_comp": null, "anio_fuente": 2021 }, "geometry": { "type": "Point", "coordinates": [ -70.66788, -33.447045 ] } },
{ "type": "Feature", "properties": { "id_edu": "EDU_0076", "nombre": "COLEGIO DE ADULTOS GLADYS LAZO", "direccion": "AVENIDA JOSE MIGUEL CARRERA", "numero": 8350.0, "tipo": "EDUCACION_ESCOLAR", "dependencia": "2", "rbd_id": 25237.0, "fuente": "MINEDUC_DATAMET", "fuente_comp": null, "anio_fuente": 2021 }, "geometry": { "type": "Point", "coordinates": [ -70.643166, -33.44678 ] } },
{ "type": "Feature", "properties": { "id_edu": "EDU_0077", "nombre": "COLEGIO DE ADULT.ACADEMIA ESTUDIOS MIRAFLORES", "direccion": "SAN IGNACIO", "numero": 8.0, "tipo": "EDUCACION_ESCOLAR", "dependencia": "3", "rbd_id": 25057.0, "fuente": "MINEDUC_DATAMET", "fuente_comp": null, "anio_fuente": 2021 }, "geometry": { "type": "Point", "coordinates": [ -70.65717, -33.445988 ] } },
{ "type": "Feature", "properties": { "id_edu": "EDU_0078", "nombre": "ESCUELA ESPECIAL N° 2430 SAN ALBERTO HURTADO", "direccion": "JOSE TORIBIO MEDINA", "numero": 27.0, "tipo": "EDUCACION_ESCOLAR", "dependencia": "2", "rbd_id": 16811.0, "fuente": "MINEDUC_DATAMET", "fuente_comp": "MINEDUC_PARVULARIA", "anio_fuente": 2021 }, "geometry": { "type": "Point", "coordinates": [ -70.663768, -33.445794 ] } },
{ "type": "Feature", "properties": { "id_edu": "EDU_0079", "nombre": "COLEGIO ALTO PALENA", "direccion": "MAIPU", "numero": 85.0, "tipo": "EDUCACION_ESCOLAR", "dependencia": "2", "rbd_id": 8598.0, "fuente": "MINEDUC_DATAMET", "fuente_comp": null, "anio_fuente": 2021 }, "geometry": { "type": "Point", "coordinates": [ -70.67615, -33.445639 ] } },
{ "type": "Feature", "properties": { "id_edu": "EDU_0080", "nombre": "LICEO N° 4 BICENTENARIO ISAURA DINATOR", "direccion": "MATUCANA", "numero": 73.0, "tipo": "EDUCACION_ESCOLAR", "dependencia": "1", "rbd_id": 8488.0, "fuente": "MINEDUC_DATAMET", "fuente_comp": null, "anio_fuente": 2021 }, "geometry": { "type": "Point", "coordinates": [ -70.679292, -33.445605 ] } },
{ "type": "Feature", "properties": { "id_edu": "EDU_0081", "nombre": "ESCUELA BASICA PART.BLAS CANAS", "direccion": "BLAS CAÑAS", "numero": 450.0, "tipo": "EDUCACION_ESCOLAR", "dependencia": "2", "rbd_id": 24558.0, "fuente": "MINEDUC_DATAMET", "fuente_comp": "MINEDUC_PARVULARIA", "anio_fuente": 2021 }, "geometry": { "type": "Point", "coordinates": [ -70.641442, -33.445594 ] } },
{ "type": "Feature", "properties": { "id_edu": "EDU_0082", "nombre": "ESCUELA PARTICULAR ESPECIAL CEDIN", "direccion": "JOSE TORIBIO MEDINA", "numero": 31.0, "tipo": "EDUCACION_ESCOLAR", "dependencia": "2", "rbd_id": 8721.0, "fuente": "MINEDUC_DATAMET", "fuente_comp": "MINEDUC_PARVULARIA", "anio_fuente": 2021 }, "geometry": { "type": "Point", "coordinates": [ -70.663345, -33.445538 ] } },
{ "type": "Feature", "properties": { "id_edu": "EDU_0083", "nombre": "COLEGIO INSTITUTO ARTÍSTICO DE ESTUDIOS SECUNDARIOS DE LA UNIVERSIDAD DE CHILE", "direccion": "ALAMEDA", "numero": 1633.0, "tipo": "EDUCACION_ESCOLAR", "dependencia": "3", "rbd_id": 11766.0, "fuente": "MINEDUC_DATAMET", "fuente_comp": null, "anio_fuente": 2021 }, "geometry": { "type": "Point", "coordinates": [ -70.65924, -33.445458 ] } },
{ "type": "Feature", "properties": { "id_edu": "EDU_0084", "nombre": "INSTITUTO COMERCIAL BLAS CANAS", "direccion": "CARMEN", "numero": 136.0, "tipo": "EDUCACION_ESCOLAR", "dependencia": "2", "rbd_id": 8643.0, "fuente": "MINEDUC_DATAMET", "fuente_comp": null, "anio_fuente": 2021 }, "geometry": { "type": "Point", "coordinates": [ -70.642684, -33.445239 ] } },
{ "type": "Feature", "properties": { "id_edu": "EDU_0085", "nombre": "COLEGIO BICENTENARIO VICTORIA PRIETO", "direccion": "ESPERANZA", "numero": 94.0, "tipo": "EDUCACION_ESCOLAR", "dependencia": "2", "rbd_id": 8671.0, "fuente": "MINEDUC_DATAMET", "fuente_comp": "MINEDUC_PARVULARIA", "anio_fuente": 2021 }, "geometry": { "type": "Point", "coordinates": [ -70.675349, -33.44512 ] } },
{ "type": "Feature", "properties": { "id_edu": "EDU_0086", "nombre": "COLEGIO DE ADULTOS INSTITUTO TABANCURA SEDE LONDRES", "direccion": "LONDRES", "numero": 98.0, "tipo": "EDUCACION_ESCOLAR", "dependencia": "3", "rbd_id": 24840.0, "fuente": "MINEDUC_DATAMET", "fuente_comp": null, "anio_fuente": 2021 }, "geometry": { "type": "Point", "coordinates": [ -70.6476, -33.444935 ] } },
{ "type": "Feature", "properties": { "id_edu": "EDU_0087", "nombre": "LICEO INSTITUTO NACIONAL", "direccion": "ARTURO PRAT", "numero": 33.0, "tipo": "EDUCACION_ESCOLAR", "dependencia": "1", "rbd_id": 8485.0, "fuente": "MINEDUC_DATAMET", "fuente_comp": null, "anio_fuente": 2021 }, "geometry": { "type": "Point", "coordinates": [ -70.650304, -33.444871 ] } },
{ "type": "Feature", "properties": { "id_edu": "EDU_0088", "nombre": "LICEO  DE  ADULTOS  INSIEME", "direccion": "TUCAPEL JIMENEZ", "numero": 30.0, "tipo": "EDUCACION_ESCOLAR", "dependencia": "2", "rbd_id": 31376.0, "fuente": "MINEDUC_DATAMET", "fuente_comp": null, "anio_fuente": 2021 }, "geometry": { "type": "Point", "coordinates": [ -70.65878, -33.44468 ] } },
{ "type": "Feature", "properties": { "id_edu": "EDU_0089", "nombre": "ESC. BAS. EJERCITO DE SALVACION DE SANTIAGO", "direccion": "HERRERA", "numero": 185.0, "tipo": "EDUCACION_ESCOLAR", "dependencia": "2", "rbd_id": 26345.0, "fuente": "MINEDUC_DATAMET", "fuente_comp": null, "anio_fuente": 2021 }, "geometry": { "type": "Point", "coordinates": [ -70.677284, -33.44396 ] } },
{ "type": "Feature", "properties": { "id_edu": "EDU_0090", "nombre": "LICEO NRO 2 MIGUEL LUIS AMUNATEGUI", "direccion": "AGUSTINAS", "numero": 2918.0, "tipo": "EDUCACION_ESCOLAR", "dependencia": "1", "rbd_id": 8490.0, "fuente": "MINEDUC_DATAMET", "fuente_comp": null, "anio_fuente": 2021 }, "geometry": { "type": "Point", "coordinates": [ -70.67585, -33.443669 ] } },
{ "type": "Feature", "properties": { "id_edu": "EDU_0091", "nombre": "COLEGIO MARIA LUISA VILLALON", "direccion": "AGUSTINAS", "numero": 2834.0, "tipo": "EDUCACION_ESCOLAR", "dependencia": "2", "rbd_id": 8740.0, "fuente": "MINEDUC_DATAMET", "fuente_comp": "MINEDUC_PARVULARIA", "anio_fuente": 2021 }, "geometry": { "type": "Point", "coordinates": [ -70.674649, -33.443538 ] } },
{ "type": "Feature", "properties": { "id_edu": "EDU_0092", "nombre": "LICEO MIGUEL DE CERVANTES Y SAAVEDRA", "direccion": "ALAMEDA", "numero": 2577.0, "tipo": "EDUCACION_ESCOLAR", "dependencia": "1", "rbd_id": 24638.0, "fuente": "MINEDUC_DATAMET", "fuente_comp": null, "anio_fuente": 2021 }, "geometry": { "type": "Point", "coordinates": [ -70.671568, -33.443184 ] } },
{ "type": "Feature", "properties": { "id_edu": "EDU_0093", "nombre": "MIGUEL DE CERVANTES Y SAAVEDRA ANEXO A-8", "direccion": "AGUSTINAS", "numero": 2492.0, "tipo": "EDUCACION_ESCOLAR", "dependencia": "1", "rbd_id": 24622.0, "fuente": "MINEDUC_DATAMET", "fuente_comp": "MINEDUC_PARVULARIA", "anio_fuente": 2021 }, "geometry": { "type": "Point", "coordinates": [ -70.670905, -33.44309 ] } },
{ "type": "Feature", "properties": { "id_edu": "EDU_0094", "nombre": "LICEO TECNICO A N° 27 CLELIA CLAVEL DINAT", "direccion": "AGUSTINAS", "numero": 2450.0, "tipo": "EDUCACION_ESCOLAR", "dependencia": "4", "rbd_id": 8504.0, "fuente": "MINEDUC_DATAMET", "fuente_comp": null, "anio_fuente": 2021 }, "geometry": { "type": "Point", "coordinates": [ -70.670524, -33.443047 ] } },
{ "type": "Feature", "properties": { "id_edu": "EDU_0095", "nombre": "ESCUELA ESP. SAN JOSE OBRERO", "direccion": "CUETO", "numero": 180.0, "tipo": "EDUCACION_ESCOLAR", "dependencia": "2", "rbd_id": 25581.0, "fuente": "MINEDUC_DATAMET", "fuente_comp": "MINEDUC_PARVULARIA", "anio_fuente": 2021 }, "geometry": { "type": "Point", "coordinates": [ -70.678, -33.44296 ] } },
{ "type": "Feature", "properties": { "id_edu": "EDU_0096", "nombre": "ESC. ESPECIAL HOSPITAL SAN JUAN DE DIOS", "direccion": "HUERFANOS", "numero": 3255.0, "tipo": "EDUCACION_ESCOLAR", "dependencia": "2", "rbd_id": 25959.0, "fuente": "MINEDUC_DATAMET", "fuente_comp": null, "anio_fuente": 2021 }, "geometry": { "type": "Point", "coordinates": [ -70.67871, -33.442492 ] } },
{ "type": "Feature", "properties": { "id_edu": "EDU_0097", "nombre": "ESCUELA BASICA REPUBLICA DE PANAMA", "direccion": "HUERFANOS", "numero": 3151.0, "tipo": "EDUCACION_ESCOLAR", "dependencia": "1", "rbd_id": 8523.0, "fuente": "MINEDUC_DATAMET", "fuente_comp": "MINEDUC_PARVULARIA", "anio_fuente": 2021 }, "geometry": { "type": "Point", "coordinates": [ -70.678004, -33.442421 ] } },
{ "type": "Feature", "properties": { "id_edu": "EDU_0098", "nombre": "COLEGIO PART. ADULTOS INSTITUTO ICEL", "direccion": "AGUSTINAS", "numero": 2564.0, "tipo": "EDUCACION_ESCOLAR", "dependencia": "2", "rbd_id": 25818.0, "fuente": "MINEDUC_DATAMET", "fuente_comp": null, "anio_fuente": 2021 }, "geometry": { "type": "Point", "coordinates": [ -70.664085, -33.44226 ] } },
{ "type": "Feature", "properties": { "id_edu": "EDU_0099", "nombre": "ESCUELA ESPECIAL N 2086 HOSPITAL CLINICO PONTIFICIA UNIVERSIDAD CATÓLICA DE CHILE", "direccion": "MARCOLETA", "numero": 367.0, "tipo": "EDUCACION_ESCOLAR", "dependencia": "2", "rbd_id": 26036.0, "fuente": "MINEDUC_DATAMET", "fuente_comp": "MINEDUC_PARVULARIA", "anio_fuente": 2021 }, "geometry": { "type": "Point", "coordinates": [ -70.640256, -33.442176 ] } },
{ "type": "Feature", "properties": { "id_edu": "EDU_0100", "nombre": "INST.SUP.DE COMERCIO EDUARDO FREI M.", "direccion": "AMUNATEGUI", "numero": 126.0, "tipo": "EDUCACION_ESCOLAR", "dependencia": "1", "rbd_id": 8503.0, "fuente": "MINEDUC_DATAMET", "fuente_comp": null, "anio_fuente": 2021 }, "geometry": { "type": "Point", "coordinates": [ -70.656301, -33.442097 ] } },
{ "type": "Feature", "properties": { "id_edu": "EDU_0101", "nombre": "COLEGIO  PEDRO DE VALDIVIA-AGUSTINAS", "direccion": "AGUSTINAS", "numero": 2009.0, "tipo": "EDUCACION_ESCOLAR", "dependencia": "3", "rbd_id": 11962.0, "fuente": "MINEDUC_DATAMET", "fuente_comp": "MINEDUC_PARVULARIA", "anio_fuente": 2021 }, "geometry": { "type": "Point", "coordinates": [ -70.66454, -33.44203 ] } },
{ "type": "Feature", "properties": { "id_edu": "EDU_0102", "nombre": "LICEO POLIVALENTE A-28 EMILIA TORO DE BAL", "direccion": "MATUCANA", "numero": 403.0, "tipo": "EDUCACION_ESCOLAR", "dependencia": "4", "rbd_id": 8505.0, "fuente": "MINEDUC_DATAMET", "fuente_comp": null, "anio_fuente": 2021 }, "geometry": { "type": "Point", "coordinates": [ -70.679652, -33.441021 ] } },
{ "type": "Feature", "properties": { "id_edu": "EDU_0103", "nombre": "LICEO DE APLICACION RECTOR JORGE E SCHNE", "direccion": "RICARDO CUMMING", "numero": 21.0, "tipo": "EDUCACION_ESCOLAR", "dependencia": "1", "rbd_id": 8491.0, "fuente": "MINEDUC_DATAMET", "fuente_comp": null, "anio_fuente": 2021 }, "geometry": { "type": "Point", "coordinates": [ -70.66272, -33.440939 ] } },
{ "type": "Feature", "properties": { "id_edu": "EDU_0104", "nombre": "COLEGIO SANTA CECILIA", "direccion": "MATURANA", "numero": 350.0, "tipo": "EDUCACION_ESCOLAR", "dependencia": "3", "rbd_id": 8759.0, "fuente": "MINEDUC_DATAMET", "fuente_comp": "MINEDUC_PARVULARIA", "anio_fuente": 2021 }, "geometry": { "type": "Point", "coordinates": [ -70.66682, -33.440806 ] } },
{ "type": "Feature", "properties": { "id_edu": "EDU_0105", "nombre": "LICEO Y COLEGIO NUEVO HISPANO CHILENO", "direccion": "COMPANIA DE JESUS", "numero": 2470.0, "tipo": "EDUCACION_ESCOLAR", "dependencia": "2", "rbd_id": 8639.0, "fuente": "MINEDUC_DATAMET", "fuente_comp": null, "anio_fuente": 2021 }, "geometry": { "type": "Point", "coordinates": [ -70.670982, -33.440666 ] } },
{ "type": "Feature", "properties": { "id_edu": "EDU_0106", "nombre": "COLEGIO SANTA ELENA CARMELITAS MISIONERAS TERESIANA", "direccion": "COMPAÑIA", "numero": 2398.0, "tipo": "EDUCACION_ESCOLAR", "dependencia": "3", "rbd_id": 8762.0, "fuente": "MINEDUC_DATAMET", "fuente_comp": "MINEDUC_PARVULARIA", "anio_fuente": 2021 }, "geometry": { "type": "Point", "coordinates": [ -70.66986, -33.440554 ] } },
{ "type": "Feature", "properties": { "id_edu": "EDU_0107", "nombre": "ESCUELA BAS SALVADOR SANFUENTES REP EEUU", "direccion": "CATEDRAL", "numero": 3250.0, "tipo": "EDUCACION_ESCOLAR", "dependencia": "1", "rbd_id": 8552.0, "fuente": "MINEDUC_DATAMET", "fuente_comp": "MINEDUC_PARVULARIA", "anio_fuente": 2021 }, "geometry": { "type": "Point", "coordinates": [ -70.679314, -33.440352 ] } },
{ "type": "Feature", "properties": { "id_edu": "EDU_0108", "nombre": "ESCUELA DE PARVULOS N°1765 KIMN", "direccion": "GENERAL BULNES", "numero": 463.0, "tipo": "EDUCACION_ESCOLAR", "dependencia": "3", "rbd_id": 25379.0, "fuente": "MINEDUC_DATAMET", "fuente_comp": "MINEDUC_PARVULARIA", "anio_fuente": 2021 }, "geometry": { "type": "Point", "coordinates": [ -70.66969, -33.439823 ] } },
{ "type": "Feature", "properties": { "id_edu": "EDU_0109", "nombre": "ESCUELA REPUBLICA DE ISRAEL", "direccion": "CATEDRAL", "numero": 2827.0, "tipo": "EDUCACION_ESCOLAR", "dependencia": "1", "rbd_id": 8536.0, "fuente": "MINEDUC_DATAMET", "fuente_comp": "MINEDUC_PARVULARIA", "anio_fuente": 2021 }, "geometry": { "type": "Point", "coordinates": [ -70.674747, -33.43966 ] } },
{ "type": "Feature", "properties": { "id_edu": "EDU_0110", "nombre": "ESCUELA DE PARVULOS N°1146 HEYDDIE", "direccion": "ARZOBISPO GONZALEZ", "numero": 479.0, "tipo": "EDUCACION_ESCOLAR", "dependencia": "3", "rbd_id": 8809.0, "fuente": "MINEDUC_DATAMET", "fuente_comp": "MINEDUC_PARVULARIA", "anio_fuente": 2021 }, "geometry": { "type": "Point", "coordinates": [ -70.6687, -33.439278 ] } },
{ "type": "Feature", "properties": { "id_edu": "EDU_0111", "nombre": "LICEO JAVIERA CARRERA", "direccion": "COMPANIA", "numero": 1484.0, "tipo": "EDUCACION_ESCOLAR", "dependencia": "1", "rbd_id": 8487.0, "fuente": "MINEDUC_DATAMET", "fuente_comp": null, "anio_fuente": 2021 }, "geometry": { "type": "Point", "coordinates": [ -70.657293, -33.439211 ] } },
{ "type": "Feature", "properties": { "id_edu": "EDU_0112", "nombre": "COLEGIO DE ADULTOS PULMAHUE", "direccion": "CALLE COMPAÑIA DE JESUS", "numero": 1357.0, "tipo": "EDUCACION_ESCOLAR", "dependencia": "2", "rbd_id": 20310.0, "fuente": "MINEDUC_DATAMET", "fuente_comp": null, "anio_fuente": 2021 }, "geometry": { "type": "Point", "coordinates": [ -70.656194, -33.438939 ] } },
{ "type": "Feature", "properties": { "id_edu": "EDU_0113", "nombre": "INTERNADO NACIONAL BARROS ARANA", "direccion": "SANTO DOMINGO", "numero": 3535.0, "tipo": "EDUCACION_ESCOLAR", "dependencia": "1", "rbd_id": 8499.0, "fuente": "MINEDUC_DATAMET", "fuente_comp": null, "anio_fuente": 2021 }, "geometry": { "type": "Point", "coordinates": [ -70.683073, -33.438873 ] } },
{ "type": "Feature", "properties": { "id_edu": "EDU_0114", "nombre": "COLEGIO NUEVO DIEGO DE ALMAGRO", "direccion": "SOTOMAYOR", "numero": 552.0, "tipo": "EDUCACION_ESCOLAR", "dependencia": "2", "rbd_id": 25269.0, "fuente": "MINEDUC_DATAMET", "fuente_comp": "MINEDUC_PARVULARIA", "anio_fuente": 2021 }, "geometry": { "type": "Point", "coordinates": [ -70.67364, -33.438619 ] } },
{ "type": "Feature", "properties": { "id_edu": "EDU_0115", "nombre": "INSTITUTO COMERCIAL ELIODORO DOMINGUEZ DOMINGUEZ", "direccion": "SANTO DOMINGO", "numero": 3128.0, "tipo": "EDUCACION_ESCOLAR", "dependencia": "4", "rbd_id": 8506.0, "fuente": "MINEDUC_DATAMET", "fuente_comp": null, "anio_fuente": 2021 }, "geometry": { "type": "Point", "coordinates": [ -70.678379, -33.438517 ] } },
{ "type": "Feature", "properties": { "id_edu": "EDU_0116", "nombre": "COLEGIO SAN ANTONIO", "direccion": "SANTO DOMINGO", "numero": 2314.0, "tipo": "EDUCACION_ESCOLAR", "dependencia": "2", "rbd_id": 8652.0, "fuente": "MINEDUC_DATAMET", "fuente_comp": "MINEDUC_PARVULARIA", "anio_fuente": 2021 }, "geometry": { "type": "Point", "coordinates": [ -70.669231, -33.437798 ] } },
{ "type": "Feature", "properties": { "id_edu": "EDU_0117", "nombre": "COLEGIO SAN SEBASTIAN", "direccion": "SANTO DOMINGO", "numero": 2078.0, "tipo": "EDUCACION_ESCOLAR", "dependencia": "2", "rbd_id": 8620.0, "fuente": "MINEDUC_DATAMET", "fuente_comp": "MINEDUC_PARVULARIA", "anio_fuente": 2021 }, "geometry": { "type": "Point", "coordinates": [ -70.665594, -33.437793 ] } },
{ "type": "Feature", "properties": { "id_edu": "EDU_0118", "nombre": "COLEGIO INSTITUTO ALONSO DE ERCILLA", "direccion": "SANTO DOMINGO", "numero": 2145.0, "tipo": "EDUCACION_ESCOLAR", "dependencia": "3", "rbd_id": 8748.0, "fuente": "MINEDUC_DATAMET", "fuente_comp": "MINEDUC_PARVULARIA", "anio_fuente": 2021 }, "geometry": { "type": "Point", "coordinates": [ -70.66662, -33.43771 ] } },
{ "type": "Feature", "properties": { "id_edu": "EDU_0119", "nombre": "LICEO INDUSTRIAL ELIODORO GARCIA ZEGERS", "direccion": "SANTO DOMINGO", "numero": 1811.0, "tipo": "EDUCACION_ESCOLAR", "dependencia": "1", "rbd_id": 8500.0, "fuente": "MINEDUC_DATAMET", "fuente_comp": null, "anio_fuente": 2021 }, "geometry": { "type": "Point", "coordinates": [ -70.662818, -33.437359 ] } },
{ "type": "Feature", "properties": { "id_edu": "EDU_0120", "nombre": "ESCUELA PARTICULAR DIVINA MARIA", "direccion": "GARCIA REYES", "numero": 734.0, "tipo": "EDUCACION_ESCOLAR", "dependencia": "2", "rbd_id": 8739.0, "fuente": "MINEDUC_DATAMET", "fuente_comp": "MINEDUC_PARVULARIA", "anio_fuente": 2021 }, "geometry": { "type": "Point", "coordinates": [ -70.669748, -33.437198 ] } },
{ "type": "Feature", "properties": { "id_edu": "EDU_0121", "nombre": "ESCUELA  ESPECIAL N° 2449,  `DE LA  MERCED`", "direccion": "ROSAS", "numero": 2867.0, "tipo": "EDUCACION_ESCOLAR", "dependencia": "2", "rbd_id": 16946.0, "fuente": "MINEDUC_DATAMET", "fuente_comp": "MINEDUC_PARVULARIA", "anio_fuente": 2021 }, "geometry": { "type": "Point", "coordinates": [ -70.675464, -33.43704 ] } },
{ "type": "Feature", "properties": { "id_edu": "EDU_0122", "nombre": "COLEGIO DE ADULTOS INSTITUTO ANDES", "direccion": "CALLE MIRAFLORES", "numero": 557.0, "tipo": "EDUCACION_ESCOLAR", "dependencia": "3", "rbd_id": 25099.0, "fuente": "MINEDUC_DATAMET", "fuente_comp": null, "anio_fuente": 2021 }, "geometry": { "type": "Point", "coordinates": [ -70.64523, -33.43619 ] } },
{ "type": "Feature", "properties": { "id_edu": "EDU_0123", "nombre": "ESCUELA ESPECIAL SANTIAGO APOSTOL", "direccion": "SAN PABLO", "numero": 3358.0, "tipo": "EDUCACION_ESCOLAR", "dependencia": "1", "rbd_id": 25277.0, "fuente": "MINEDUC_DATAMET", "fuente_comp": "MINEDUC_PARVULARIA", "anio_fuente": 2021 }, "geometry": { "type": "Point", "coordinates": [ -70.681159, -33.436082 ] } },
{ "type": "Feature", "properties": { "id_edu": "EDU_0124", "nombre": "ESCUELA BASICA LIBERTADORES DE CHILE", "direccion": "ROSAS", "numero": 1741.0, "tipo": "EDUCACION_ESCOLAR", "dependencia": "1", "rbd_id": 8532.0, "fuente": "MINEDUC_DATAMET", "fuente_comp": "MINEDUC_PARVULARIA", "anio_fuente": 2021 }, "geometry": { "type": "Point", "coordinates": [ -70.662035, -33.435953 ] } },
{ "type": "Feature", "properties": { "id_edu": "EDU_0125", "nombre": "ESCUELA BASICA DR LUIS CALVO MACKENNA", "direccion": "AVENIDA RICARDO CUMMING", "numero": 735.0, "tipo": "EDUCACION_ESCOLAR", "dependencia": "1", "rbd_id": 8548.0, "fuente": "MINEDUC_DATAMET", "fuente_comp": "MINEDUC_PARVULARIA", "anio_fuente": 2021 }, "geometry": { "type": "Point", "coordinates": [ -70.668694, -33.435776 ] } },
{ "type": "Feature", "properties": { "id_edu": "EDU_0126", "nombre": "COLEGIO SANTA TERESITA DEL NINO JESUS", "direccion": "MATURANA", "numero": 731.0, "tipo": "EDUCACION_ESCOLAR", "dependencia": "2", "rbd_id": 8675.0, "fuente": "MINEDUC_DATAMET", "fuente_comp": "MINEDUC_PARVULARIA", "anio_fuente": 2021 }, "geometry": { "type": "Point", "coordinates": [ -70.66578, -33.435387 ] } },
{ "type": "Feature", "properties": { "id_edu": "EDU_0127", "nombre": "LICEO DE ADULTOS PART.FERMIN VIVACETA", "direccion": "RIQUELME", "numero": 853.0, "tipo": "EDUCACION_ESCOLAR", "dependencia": "2", "rbd_id": 24911.0, "fuente": "MINEDUC_DATAMET", "fuente_comp": null, "anio_fuente": 2021 }, "geometry": { "type": "Point", "coordinates": [ -70.66119, -33.433887 ] } },
{ "type": "Feature", "properties": { "id_edu": "EDU_0128", "nombre": "LICEO JOSE MIGUEL INFANTE", "direccion": "GENERAL MACKENNA", "numero": 1923.0, "tipo": "EDUCACION_ESCOLAR", "dependencia": "2", "rbd_id": 8592.0, "fuente": "MINEDUC_DATAMET", "fuente_comp": null, "anio_fuente": 2021 }, "geometry": { "type": "Point", "coordinates": [ -70.664029, -33.433222 ] } },
{ "type": "Feature", "properties": { "id_edu": "EDU_0129", "nombre": "COLEGIO NUESTRA SENORA DE ANDACOLLO", "direccion": "MAPOCHO", "numero": 2341.0, "tipo": "EDUCACION_ESCOLAR", "dependencia": "2", "rbd_id": 8611.0, "fuente": "MINEDUC_DATAMET", "fuente_comp": "MINEDUC_PARVULARIA", "anio_fuente": 2021 }, "geometry": { "type": "Point", "coordinates": [ -70.669873, -33.431892 ] } },
{ "type": "Feature", "properties": { "id_edu": "EDU_0130", "nombre": "ESCUELA REPUBLICA DE ALEMANIA", "direccion": "LIBERTAD", "numero": 1242.0, "tipo": "EDUCACION_ESCOLAR", "dependencia": "1", "rbd_id": 8561.0, "fuente": "MINEDUC_DATAMET", "fuente_comp": "MINEDUC_PARVULARIA", "anio_fuente": 2021 }, "geometry": { "type": "Point", "coordinates": [ -70.675497, -33.431464 ] } },
{ "type": "Feature", "properties": { "id_edu": "EDU_0131", "nombre": "COLEGIO PARTICULAR OZANAM", "direccion": "YUNGAY", "numero": 2845.0, "tipo": "EDUCACION_ESCOLAR", "dependencia": "2", "rbd_id": 25185.0, "fuente": "MINEDUC_DATAMET", "fuente_comp": "MINEDUC_PARVULARIA", "anio_fuente": 2021 }, "geometry": { "type": "Point", "coordinates": [ -70.676162, -33.429009 ] } },
{ "type": "Feature", "properties": { "id_edu": "EDU_0132", "nombre": "ESCUELA DE PARV. PARQUE OHIGGINS", "direccion": "INTERIOR PARQUE O'HIGGINS", "numero": 0.0, "tipo": "EDUCACION_PARVULARIA", "dependencia": "1", "rbd_id": 25940.0, "fuente": "MINEDUC_PARVULARIA", "fuente_comp": null, "anio_fuente": 2021 }, "geometry": { "type": "Point", "coordinates": [ -70.658462, -33.468187 ] } },
{ "type": "Feature", "properties": { "id_edu": "EDU_0133", "nombre": "ESCUELA ESPECIAL INTEGRAL DE CARABINEROS", "direccion": "AMUNATEGUI", "numero": 519.0, "tipo": "EDUCACION_PARVULARIA", "dependencia": "3", "rbd_id": 41596.0, "fuente": "MINEDUC_PARVULARIA", "fuente_comp": null, "anio_fuente": 2021 }, "geometry": { "type": "Point", "coordinates": [ -70.65671, -33.437601 ] } },
{ "type": "Feature", "properties": { "id_edu": "EDU_0134", "nombre": "CLAUDIO ARRAU", "direccion": "SANTO DOMINGO", "numero": 2005.0, "tipo": "EDUCACION_PARVULARIA", "dependencia": "4", "rbd_id": 13101023.0, "fuente": "MINEDUC_PARVULARIA", "fuente_comp": null, "anio_fuente": 2021 }, "geometry": { "type": "Point", "coordinates": [ -70.664801, -33.438041 ] } },
{ "type": "Feature", "properties": { "id_edu": "EDU_0135", "nombre": "MARCELA PAZ", "direccion": "ZENTENO", "numero": 1695.0, "tipo": "EDUCACION_PARVULARIA", "dependencia": "4", "rbd_id": 13101024.0, "fuente": "MINEDUC_PARVULARIA", "fuente_comp": null, "anio_fuente": 2021 }, "geometry": { "type": "Point", "coordinates": [ -70.649783, -33.469125 ] } },
{ "type": "Feature", "properties": { "id_edu": "EDU_0136", "nombre": "GABRIELA MISTRAL", "direccion": "NATANIEL", "numero": 2029.0, "tipo": "EDUCACION_PARVULARIA", "dependencia": "4", "rbd_id": 13101025.0, "fuente": "MINEDUC_PARVULARIA", "fuente_comp": null, "anio_fuente": 2021 }, "geometry": { "type": "Point", "coordinates": [ -70.649906, -33.473227 ] } },
{ "type": "Feature", "properties": { "id_edu": "EDU_0137", "nombre": "COPIAPO", "direccion": "COPIAPO", "numero": 1342.0, "tipo": "EDUCACION_PARVULARIA", "dependencia": "4", "rbd_id": 13101026.0, "fuente": "MINEDUC_PARVULARIA", "fuente_comp": null, "anio_fuente": 2021 }, "geometry": { "type": "Point", "coordinates": [ -70.653443, -33.456044 ] } },
{ "type": "Feature", "properties": { "id_edu": "EDU_0138", "nombre": "MOLINA", "direccion": "ABATE MOLINA", "numero": 666.0, "tipo": "EDUCACION_PARVULARIA", "dependencia": "4", "rbd_id": 13101028.0, "fuente": "MINEDUC_PARVULARIA", "fuente_comp": null, "anio_fuente": 2021 }, "geometry": { "type": "Point", "coordinates": [ -70.671734, -33.457711 ] } },
{ "type": "Feature", "properties": { "id_edu": "EDU_0139", "nombre": "SOTOMAYOR", "direccion": "RAFAEL SOTOMAYOR", "numero": 97.0, "tipo": "EDUCACION_PARVULARIA", "dependencia": "4", "rbd_id": 13101030.0, "fuente": "MINEDUC_PARVULARIA", "fuente_comp": null, "anio_fuente": 2021 }, "geometry": { "type": "Point", "coordinates": [ -70.67286, -33.44471 ] } },
{ "type": "Feature", "properties": { "id_edu": "EDU_0140", "nombre": "SANTO DOMINGO", "direccion": "SANTO DOMINGO", "numero": 2020.0, "tipo": "EDUCACION_PARVULARIA", "dependencia": "4", "rbd_id": 13101031.0, "fuente": "MINEDUC_PARVULARIA", "fuente_comp": null, "anio_fuente": 2021 }, "geometry": { "type": "Point", "coordinates": [ -70.665036, -33.438275 ] } },
{ "type": "Feature", "properties": { "id_edu": "EDU_0141", "nombre": "NORA ALCALDE DE LARRAIN", "direccion": "CONFERENCIA", "numero": 1031.0, "tipo": "EDUCACION_PARVULARIA", "dependencia": "4", "rbd_id": 13101033.0, "fuente": "MINEDUC_PARVULARIA", "fuente_comp": null, "anio_fuente": 2021 }, "geometry": { "type": "Point", "coordinates": [ -70.675407, -33.463041 ] } },
{ "type": "Feature", "properties": { "id_edu": "EDU_0142", "nombre": "SAN FCO DE ASISIS", "direccion": "SAN FRANCISCO", "numero": 1315.0, "tipo": "EDUCACION_PARVULARIA", "dependencia": "4", "rbd_id": 13101034.0, "fuente": "MINEDUC_PARVULARIA", "fuente_comp": null, "anio_fuente": 2021 }, "geometry": { "type": "Point", "coordinates": [ -70.645043, -33.462911 ] } },
{ "type": "Feature", "properties": { "id_edu": "EDU_0143", "nombre": "SOR TERESITA DE LOS ANDES", "direccion": "JUAN VICUÑA", "numero": 1650.0, "tipo": "EDUCACION_PARVULARIA", "dependencia": "4", "rbd_id": 13101035.0, "fuente": "MINEDUC_PARVULARIA", "fuente_comp": null, "anio_fuente": 2021 }, "geometry": { "type": "Point", "coordinates": [ -70.643222, -33.467961 ] } },
{ "type": "Feature", "properties": { "id_edu": "EDU_0144", "nombre": "PADRE ALBERTO HURTADO", "direccion": "ZENTENO", "numero": 821.0, "tipo": "EDUCACION_PARVULARIA", "dependencia": "4", "rbd_id": 13101036.0, "fuente": "MINEDUC_PARVULARIA", "fuente_comp": null, "anio_fuente": 2021 }, "geometry": { "type": "Point", "coordinates": [ -70.651408, -33.455908 ] } },
{ "type": "Feature", "properties": { "id_edu": "EDU_0145", "nombre": "APOSTOL SANTIAGO", "direccion": "MANUEL ANTONIO TOCORNAL", "numero": 18.0, "tipo": "EDUCACION_PARVULARIA", "dependencia": "4", "rbd_id": 13101037.0, "fuente": "MINEDUC_PARVULARIA", "fuente_comp": null, "anio_fuente": 2021 }, "geometry": { "type": "Point", "coordinates": [ -70.637471, -33.4604 ] } },
{ "type": "Feature", "properties": { "id_edu": "EDU_0146", "nombre": "POETA VICENTE HUIDOBRO", "direccion": "SANTO DOMINGO", "numero": 2006.0, "tipo": "EDUCACION_PARVULARIA", "dependencia": "4", "rbd_id": 13101038.0, "fuente": "MINEDUC_PARVULARIA", "fuente_comp": null, "anio_fuente": 2021 }, "geometry": { "type": "Point", "coordinates": [ -70.664669, -33.438225 ] } },
{ "type": "Feature", "properties": { "id_edu": "EDU_0147", "nombre": "NEMESIO ANTUNEZ", "direccion": "WALDO SILVA", "numero": 2185.0, "tipo": "EDUCACION_PARVULARIA", "dependencia": "4", "rbd_id": 13101039.0, "fuente": "MINEDUC_PARVULARIA", "fuente_comp": null, "anio_fuente": 2021 }, "geometry": { "type": "Point", "coordinates": [ -70.651845, -33.474996 ] } },
{ "type": "Feature", "properties": { "id_edu": "EDU_0148", "nombre": "CARDENAL RAUL SILVA HENRIQUEZ", "direccion": "ESPERANZA", "numero": 1215.0, "tipo": "EDUCACION_PARVULARIA", "dependencia": "4", "rbd_id": 13101040.0, "fuente": "MINEDUC_PARVULARIA", "fuente_comp": null, "anio_fuente": 2021 }, "geometry": { "type": "Point", "coordinates": [ -70.676335, -33.432052 ] } },
{ "type": "Feature", "properties": { "id_edu": "EDU_0149", "nombre": "IGNACIO CARRERA PINTO", "direccion": "AVENIDA PORTALES", "numero": 3357.0, "tipo": "EDUCACION_PARVULARIA", "dependencia": "4", "rbd_id": 13101041.0, "fuente": "MINEDUC_PARVULARIA", "fuente_comp": null, "anio_fuente": 2021 }, "geometry": { "type": "Point", "coordinates": [ -70.681191, -33.443706 ] } },
{ "type": "Feature", "properties": { "id_edu": "EDU_0150", "nombre": "JAPON", "direccion": "AVENIDA 10 DE JULIO HUAMACHUCO", "numero": 760.0, "tipo": "EDUCACION_PARVULARIA", "dependencia": "4", "rbd_id": 13101042.0, "fuente": "MINEDUC_PARVULARIA", "fuente_comp": null, "anio_fuente": 2021 }, "geometry": { "type": "Point", "coordinates": [ -70.645736, -33.454203 ] } },
{ "type": "Feature", "properties": { "id_edu": "EDU_0151", "nombre": "LUIS CALVO MACKENNA", "direccion": "RICARDO CUMMING", "numero": 733.0, "tipo": "EDUCACION_PARVULARIA", "dependencia": "4", "rbd_id": 13101043.0, "fuente": "MINEDUC_PARVULARIA", "fuente_comp": null, "anio_fuente": 2021 }, "geometry": { "type": "Point", "coordinates": [ -70.668579, -33.436034 ] } },
{ "type": "Feature", "properties": { "id_edu": "EDU_0152", "nombre": "PABLO NERUDA", "direccion": "AVENIDA GENERAL RONDIZZONI", "numero": 2722.0, "tipo": "EDUCACION_PARVULARIA", "dependencia": "4", "rbd_id": 13101044.0, "fuente": "MINEDUC_PARVULARIA", "fuente_comp": null, "anio_fuente": 2021 }, "geometry": { "type": "Point", "coordinates": [ -70.670963, -33.471259 ] } },
{ "type": "Feature", "properties": { "id_edu": "EDU_0153", "nombre": "PEDRO AGUIRRE CERDA", "direccion": "ARGOMEDO", "numero": 372.0, "tipo": "EDUCACION_PARVULARIA", "dependencia": "4", "rbd_id": 13101045.0, "fuente": "MINEDUC_PARVULARIA", "fuente_comp": null, "anio_fuente": 2021 }, "geometry": { "type": "Point", "coordinates": [ -70.637685, -33.45065 ] } },
{ "type": "Feature", "properties": { "id_edu": "EDU_0154", "nombre": "PARQUE DE LOS REYES", "direccion": "YUNGAY", "numero": 2750.0, "tipo": "EDUCACION_PARVULARIA", "dependencia": "4", "rbd_id": 13101046.0, "fuente": "MINEDUC_PARVULARIA", "fuente_comp": null, "anio_fuente": 2021 }, "geometry": { "type": "Point", "coordinates": [ -70.674604, -33.42925 ] } },
{ "type": "Feature", "properties": { "id_edu": "EDU_0155", "nombre": "ROBERTO MATTA", "direccion": "BRASIL", "numero": 618.0, "tipo": "EDUCACION_PARVULARIA", "dependencia": "4", "rbd_id": 13101047.0, "fuente": "MINEDUC_PARVULARIA", "fuente_comp": null, "anio_fuente": 2021 }, "geometry": { "type": "Point", "coordinates": [ -70.664747, -33.437322 ] } },
{ "type": "Feature", "properties": { "id_edu": "EDU_0156", "nombre": "NIDITO ESPERANZA", "direccion": "ESPERANZA", "numero": 1115.0, "tipo": "EDUCACION_PARVULARIA", "dependencia": "4", "rbd_id": 13101049.0, "fuente": "MINEDUC_PARVULARIA", "fuente_comp": null, "anio_fuente": 2021 }, "geometry": { "type": "Point", "coordinates": [ -70.676267, -33.432449 ] } },
{ "type": "Feature", "properties": { "id_edu": "EDU_0157", "nombre": "CELESTE AMANECER", "direccion": "SANTA ROSA", "numero": 1727.0, "tipo": "EDUCACION_PARVULARIA", "dependencia": "4", "rbd_id": 13101050.0, "fuente": "MINEDUC_PARVULARIA", "fuente_comp": null, "anio_fuente": 2021 }, "geometry": { "type": "Point", "coordinates": [ -70.642576, -33.468015 ] } },
{ "type": "Feature", "properties": { "id_edu": "EDU_0158", "nombre": "PICHIKECHE POYEN", "direccion": "HUERFANOS", "numero": 3151.0, "tipo": "EDUCACION_PARVULARIA", "dependencia": "4", "rbd_id": 13101051.0, "fuente": "MINEDUC_PARVULARIA", "fuente_comp": null, "anio_fuente": 2021 }, "geometry": { "type": "Point", "coordinates": [ -70.677743, -33.442306 ] } },
{ "type": "Feature", "properties": { "id_edu": "EDU_0159", "nombre": "NIETOS DE BELLO", "direccion": "DOMEYKO", "numero": 2050.0, "tipo": "EDUCACION_PARVULARIA", "dependencia": "4", "rbd_id": 13101052.0, "fuente": "MINEDUC_PARVULARIA", "fuente_comp": null, "anio_fuente": 2021 }, "geometry": { "type": "Point", "coordinates": [ -70.663399, -33.456122 ] } },
{ "type": "Feature", "properties": { "id_edu": "EDU_0160", "nombre": "CELESTE AMANECER II", "direccion": "SANTA ROSA", "numero": 1727.0, "tipo": "EDUCACION_PARVULARIA", "dependencia": "4", "rbd_id": 13101053.0, "fuente": "MINEDUC_PARVULARIA", "fuente_comp": null, "anio_fuente": 2021 }, "geometry": { "type": "Point", "coordinates": [ -70.642548, -33.468137 ] } },
{ "type": "Feature", "properties": { "id_edu": "EDU_0161", "nombre": "VICTOR MANUEL", "direccion": "VICTOR MANUEL", "numero": 1860.0, "tipo": "EDUCACION_PARVULARIA", "dependencia": "4", "rbd_id": 13101054.0, "fuente": "MINEDUC_PARVULARIA", "fuente_comp": null, "anio_fuente": 2021 }, "geometry": { "type": "Point", "coordinates": [ -70.640811, -33.469798 ] } },
{ "type": "Feature", "properties": { "id_edu": "EDU_0162", "nombre": "LUDOTECA", "direccion": "ALTIPLANO", "numero": 6587.0, "tipo": "EDUCACION_PARVULARIA", "dependencia": "4", "rbd_id": 13122020.0, "fuente": "MINEDUC_PARVULARIA", "fuente_comp": null, "anio_fuente": 2021 }, "geometry": { "type": "Point", "coordinates": [ -70.636797, -33.437389 ] } },
{ "type": "Feature", "properties": { "id_edu": "EDU_0163", "nombre": "LAS CALERIAS", "direccion": "SIMON BOLIVAR", "numero": 178.0, "tipo": "EDUCACION_PARVULARIA", "dependencia": "4", "rbd_id": 13302033.0, "fuente": "MINEDUC_PARVULARIA", "fuente_comp": null, "anio_fuente": 2021 }, "geometry": { "type": "Point", "coordinates": [ -70.636797, -33.437389 ] } },
{ "type": "Feature", "properties": { "id_edu": "EDU_0164", "nombre": "MANITOS CREATIVAS", "direccion": "AVENIDA INGLATERRA", "numero": 0.0, "tipo": "EDUCACION_PARVULARIA", "dependencia": "4", "rbd_id": 13302035.0, "fuente": "MINEDUC_PARVULARIA", "fuente_comp": null, "anio_fuente": 2021 }, "geometry": { "type": "Point", "coordinates": [ -70.636797, -33.437389 ] } },
{ "type": "Feature", "properties": { "id_edu": "EDU_0165", "nombre": "EL ESCORIAL", "direccion": "SEDE SOCIAL SECTOR ESCORIAL", "numero": 0.0, "tipo": "EDUCACION_PARVULARIA", "dependencia": "4", "rbd_id": 13404037.0, "fuente": "MINEDUC_PARVULARIA", "fuente_comp": null, "anio_fuente": 2021 }, "geometry": { "type": "Point", "coordinates": [ -70.636797, -33.437389 ] } },
{ "type": "Feature", "properties": { "id_edu": "EDU_0166", "nombre": "TANTEHUE", "direccion": "CAPILLA TANTEHUE", "numero": 0.0, "tipo": "EDUCACION_PARVULARIA", "dependencia": "4", "rbd_id": 13501084.0, "fuente": "MINEDUC_PARVULARIA", "fuente_comp": null, "anio_fuente": 2021 }, "geometry": { "type": "Point", "coordinates": [ -70.636797, -33.437389 ] } },
{ "type": "Feature", "properties": { "id_edu": "EDU_0167", "nombre": "MALLARAUCO", "direccion": "STA ELISA MALLARAUCO", "numero": 0.0, "tipo": "EDUCACION_PARVULARIA", "dependencia": "4", "rbd_id": 13501085.0, "fuente": "MINEDUC_PARVULARIA", "fuente_comp": null, "anio_fuente": 2021 }, "geometry": { "type": "Point", "coordinates": [ -70.636797, -33.437389 ] } },
{ "type": "Feature", "properties": { "id_edu": "EDU_0168", "nombre": "MALLARAUCO II", "direccion": "EL PIMIENTO MALLARAUCO S/N", "numero": 0.0, "tipo": "EDUCACION_PARVULARIA", "dependencia": "4", "rbd_id": 13501090.0, "fuente": "MINEDUC_PARVULARIA", "fuente_comp": null, "anio_fuente": 2021 }, "geometry": { "type": "Point", "coordinates": [ -70.636797, -33.437389 ] } },
{ "type": "Feature", "properties": { "id_edu": "EDU_0169", "nombre": "QUICANQUE", "direccion": "SEDE SOCIAL SECTOR QUICANQUE", "numero": 0.0, "tipo": "EDUCACION_PARVULARIA", "dependencia": "4", "rbd_id": 13505019.0, "fuente": "MINEDUC_PARVULARIA", "fuente_comp": null, "anio_fuente": 2021 }, "geometry": { "type": "Point", "coordinates": [ -70.636797, -33.437389 ] } },
{ "type": "Feature", "properties": { "id_edu": "EDU_0170", "nombre": "LO ENCAÑADO", "direccion": "ANEXO POSTA RURAL", "numero": 0.0, "tipo": "EDUCACION_PARVULARIA", "dependencia": "4", "rbd_id": 13505026.0, "fuente": "MINEDUC_PARVULARIA", "fuente_comp": null, "anio_fuente": 2021 }, "geometry": { "type": "Point", "coordinates": [ -70.636797, -33.437389 ] } },
{ "type": "Feature", "properties": { "id_edu": "EDU_0171", "nombre": "LA PUNTILLA", "direccion": "SEDE VECINAL", "numero": 0.0, "tipo": "EDUCACION_PARVULARIA", "dependencia": "4", "rbd_id": 13604040.0, "fuente": "MINEDUC_PARVULARIA", "fuente_comp": null, "anio_fuente": 2021 }, "geometry": { "type": "Point", "coordinates": [ -70.636797, -33.437389 ] } },
{ "type": "Feature", "properties": { "id_edu": "EDU_0172", "nombre": "SAN LUIS", "direccion": "SEDE JUNTA DE VECINOS", "numero": 0.0, "tipo": "EDUCACION_PARVULARIA", "dependencia": "4", "rbd_id": 13604041.0, "fuente": "MINEDUC_PARVULARIA", "fuente_comp": null, "anio_fuente": 2021 }, "geometry": { "type": "Point", "coordinates": [ -70.636797, -33.437389 ] } },
{ "type": "Feature", "properties": { "id_edu": "EDU_0173", "nombre": "S.C. HOGAR SANTA BERNARDITA", "direccion": "CHILOÉ", "numero": 1310.0, "tipo": "EDUCACION_PARVULARIA", "dependencia": "5", "rbd_id": 130114.0, "fuente": "MINEDUC_PARVULARIA", "fuente_comp": null, "anio_fuente": 2021 }, "geometry": { "type": "Point", "coordinates": [ -70.645876, -33.462517 ] } },
{ "type": "Feature", "properties": { "id_edu": "EDU_0174", "nombre": "NUEVO HORIZONTE", "direccion": "ZENTENO", "numero": 1624.0, "tipo": "EDUCACION_PARVULARIA", "dependencia": "5", "rbd_id": 130115.0, "fuente": "MINEDUC_PARVULARIA", "fuente_comp": null, "anio_fuente": 2021 }, "geometry": { "type": "Point", "coordinates": [ -70.649627, -33.467942 ] } },
{ "type": "Feature", "properties": { "id_edu": "EDU_0175", "nombre": "COQUIMBO", "direccion": "COQUIMBO", "numero": 729.0, "tipo": "EDUCACION_PARVULARIA", "dependencia": "5", "rbd_id": 130116.0, "fuente": "MINEDUC_PARVULARIA", "fuente_comp": null, "anio_fuente": 2021 }, "geometry": { "type": "Point", "coordinates": [ -70.644454, -33.455885 ] } },
{ "type": "Feature", "properties": { "id_edu": "EDU_0176", "nombre": "J.S.R. LAS CANTERAS", "direccion": "AVDA FERMIN VERGARA", "numero": 159.0, "tipo": "EDUCACION_PARVULARIA", "dependencia": "5", "rbd_id": 143315.0, "fuente": "MINEDUC_PARVULARIA", "fuente_comp": null, "anio_fuente": 2021 }, "geometry": { "type": "Point", "coordinates": [ -70.657719, -33.449698 ] } },
{ "type": "Feature", "properties": { "id_edu": "EDU_0177", "nombre": "J.S.R. LO ARCAYA", "direccion": "CAMINO LA CANCHA", "numero": 0.0, "tipo": "EDUCACION_PARVULARIA", "dependencia": "5", "rbd_id": 143316.0, "fuente": "MINEDUC_PARVULARIA", "fuente_comp": null, "anio_fuente": 2021 }, "geometry": { "type": "Point", "coordinates": [ -70.657719, -33.449698 ] } },
{ "type": "Feature", "properties": { "id_edu": "EDU_0178", "nombre": "J.S.R. SANTA VICTORIA", "direccion": "ROBERTO BRAVO", "numero": 422.0, "tipo": "EDUCACION_PARVULARIA", "dependencia": "5", "rbd_id": 144311.0, "fuente": "MINEDUC_PARVULARIA", "fuente_comp": null, "anio_fuente": 2021 }, "geometry": { "type": "Point", "coordinates": [ -70.657719, -33.449698 ] } },
{ "type": "Feature", "properties": { "id_edu": "EDU_0179", "nombre": "J.S.R. LA CARRERA", "direccion": "CAMINO MALLARAUCO", "numero": 0.0, "tipo": "EDUCACION_PARVULARIA", "dependencia": "5", "rbd_id": 144312.0, "fuente": "MINEDUC_PARVULARIA", "fuente_comp": null, "anio_fuente": 2021 }, "geometry": { "type": "Point", "coordinates": [ -70.657719, -33.449698 ] } },
{ "type": "Feature", "properties": { "id_edu": "EDU_0180", "nombre": "J.S.R. SAN CARLOS DE CHOLQUI", "direccion": "SANTA ISABEL", "numero": 0.0, "tipo": "EDUCACION_PARVULARIA", "dependencia": "5", "rbd_id": 144313.0, "fuente": "MINEDUC_PARVULARIA", "fuente_comp": null, "anio_fuente": 2021 }, "geometry": { "type": "Point", "coordinates": [ -70.657719, -33.449698 ] } },
{ "type": "Feature", "properties": { "id_edu": "EDU_0181", "nombre": "J.S.R. MANANTIALES", "direccion": "CANCHA MANANTIALES", "numero": 0.0, "tipo": "EDUCACION_PARVULARIA", "dependencia": "5", "rbd_id": 144314.0, "fuente": "MINEDUC_PARVULARIA", "fuente_comp": null, "anio_fuente": 2021 }, "geometry": { "type": "Point", "coordinates": [ -70.657719, -33.449698 ] } },
{ "type": "Feature", "properties": { "id_edu": "EDU_0182", "nombre": "J.S.R. PATAGÜILLA", "direccion": "PATAGUILLA", "numero": 0.0, "tipo": "EDUCACION_PARVULARIA", "dependencia": "5", "rbd_id": 144504.0, "fuente": "MINEDUC_PARVULARIA", "fuente_comp": null, "anio_fuente": 2021 }, "geometry": { "type": "Point", "coordinates": [ -70.657719, -33.449698 ] } },
{ "type": "Feature", "properties": { "id_edu": "EDU_0183", "nombre": "S.C. ÜLKANTUN", "direccion": "MONEDA", "numero": 2490.0, "tipo": "EDUCACION_PARVULARIA", "dependencia": "5", "rbd_id": 145301.0, "fuente": "MINEDUC_PARVULARIA", "fuente_comp": null, "anio_fuente": 2021 }, "geometry": { "type": "Point", "coordinates": [ -70.670985, -33.444344 ] } },
{ "type": "Feature", "properties": { "id_edu": "EDU_0184", "nombre": "LIBERTAD", "direccion": "LIBERTAD", "numero": 1520.0, "tipo": "EDUCACION_PARVULARIA", "dependencia": "5", "rbd_id": 145303.0, "fuente": "MINEDUC_PARVULARIA", "fuente_comp": null, "anio_fuente": 2021 }, "geometry": { "type": "Point", "coordinates": [ -70.675567, -33.428058 ] } },
{ "type": "Feature", "properties": { "id_edu": "EDU_0185", "nombre": "REMOLINO DE COLORES", "direccion": "DIECIOCHO", "numero": 133.0, "tipo": "EDUCACION_PARVULARIA", "dependencia": "5", "rbd_id": 145304.0, "fuente": "MINEDUC_PARVULARIA", "fuente_comp": null, "anio_fuente": 2021 }, "geometry": { "type": "Point", "coordinates": [ -70.658271, -33.447972 ] } },
{ "type": "Feature", "properties": { "id_edu": "EDU_0186", "nombre": "UNIVERSIDAD ARTURO PRAT", "direccion": "AVENIDA SAN PABLO", "numero": 1796.0, "tipo": "Universidades Estatales CRUCH", "dependencia": null, "rbd_id": 81.0, "fuente": "EDUCACION_SUPERIOR", "fuente_comp": null, "anio_fuente": 2020 }, "geometry": { "type": "Point", "coordinates": [ -70.662722, -33.434819 ] } },
{ "type": "Feature", "properties": { "id_edu": "EDU_0187", "nombre": "UNIVERSIDAD MAYOR", "direccion": "SANTO DOMINGO", "numero": 711.0, "tipo": "Universidades Privadas", "dependencia": null, "rbd_id": 10.0, "fuente": "EDUCACION_SUPERIOR", "fuente_comp": null, "anio_fuente": 2020 }, "geometry": { "type": "Point", "coordinates": [ -70.64768, -33.435356 ] } },
{ "type": "Feature", "properties": { "id_edu": "EDU_0188", "nombre": "UNIVERSIDAD DE CHILE", "direccion": "MIRAFLORES", "numero": 579.0, "tipo": "Universidades Estatales CRUCH", "dependencia": null, "rbd_id": 70.0, "fuente": "EDUCACION_SUPERIOR", "fuente_comp": null, "anio_fuente": 2020 }, "geometry": { "type": "Point", "coordinates": [ -70.645832, -33.435867 ] } },
{ "type": "Feature", "properties": { "id_edu": "EDU_0189", "nombre": "CFT CENTRO DE ENSEÑANZA DE ALTA COSTURA PAULINA DIARD", "direccion": "SANTO DOMINGO", "numero": 1083.0, "tipo": "Centros de Formación Técnica", "dependencia": null, "rbd_id": 229.0, "fuente": "EDUCACION_SUPERIOR", "fuente_comp": null, "anio_fuente": 2020 }, "geometry": { "type": "Point", "coordinates": [ -70.65262, -33.436148 ] } },
{ "type": "Feature", "properties": { "id_edu": "EDU_0190", "nombre": "CFT MANPOWER", "direccion": "PAULINO ALFONSO", "numero": 361.0, "tipo": "Centros de Formación Técnica", "dependencia": null, "rbd_id": 701.0, "fuente": "EDUCACION_SUPERIOR", "fuente_comp": null, "anio_fuente": 2020 }, "geometry": { "type": "Point", "coordinates": [ -70.63965, -33.43739 ] } },
{ "type": "Feature", "properties": { "id_edu": "EDU_0191", "nombre": "CFT MANPOWER", "direccion": "PAULINO ALFONSO", "numero": 351.0, "tipo": "Centros de Formación Técnica", "dependencia": null, "rbd_id": 701.0, "fuente": "EDUCACION_SUPERIOR", "fuente_comp": null, "anio_fuente": 2020 }, "geometry": { "type": "Point", "coordinates": [ -70.639742, -33.437498 ] } },
{ "type": "Feature", "properties": { "id_edu": "EDU_0192", "nombre": "CFT MANPOWER", "direccion": "ESTADOS UNIDOS", "numero": 291.0, "tipo": "Centros de Formación Técnica", "dependencia": null, "rbd_id": 701.0, "fuente": "EDUCACION_SUPERIOR", "fuente_comp": null, "anio_fuente": 2020 }, "geometry": { "type": "Point", "coordinates": [ -70.638738, -33.43766 ] } },
{ "type": "Feature", "properties": { "id_edu": "EDU_0193", "nombre": "UNIVERSIDAD ACADEMIA DE HUMANISMO CRISTIANO", "direccion": "CATEDRAL", "numero": 1721.0, "tipo": "Universidades Privadas", "dependencia": null, "rbd_id": 11.0, "fuente": "EDUCACION_SUPERIOR", "fuente_comp": null, "anio_fuente": 2020 }, "geometry": { "type": "Point", "coordinates": [ -70.661501, -33.43832 ] } },
{ "type": "Feature", "properties": { "id_edu": "EDU_0194", "nombre": "UNIVERSIDAD SEK", "direccion": "CATEDRAL", "numero": 1712.0, "tipo": "Universidades Privadas", "dependencia": null, "rbd_id": 17.0, "fuente": "EDUCACION_SUPERIOR", "fuente_comp": null, "anio_fuente": 2020 }, "geometry": { "type": "Point", "coordinates": [ -70.661254, -33.438525 ] } },
{ "type": "Feature", "properties": { "id_edu": "EDU_0195", "nombre": "UNIVERSIDAD MIGUEL DE CERVANTES", "direccion": "ENRIQUE MAC-IVER", "numero": 370.0, "tipo": "Universidades Privadas", "dependencia": null, "rbd_id": 68.0, "fuente": "EDUCACION_SUPERIOR", "fuente_comp": null, "anio_fuente": 2020 }, "geometry": { "type": "Point", "coordinates": [ -70.647234, -33.438563 ] } },
{ "type": "Feature", "properties": { "id_edu": "EDU_0196", "nombre": "UNIVERSIDAD DE CHILE", "direccion": "COMPAÑIA", "numero": 1264.0, "tipo": "Universidades Estatales CRUCH", "dependencia": null, "rbd_id": 70.0, "fuente": "EDUCACION_SUPERIOR", "fuente_comp": null, "anio_fuente": 2020 }, "geometry": { "type": "Point", "coordinates": [ -70.654727, -33.439171 ] } },
{ "type": "Feature", "properties": { "id_edu": "EDU_0197", "nombre": "IP CHILENO-BRITÁNICO DE CULTURA", "direccion": "HUÉRFANOS", "numero": 554.0, "tipo": "Institutos Profesionales", "dependencia": null, "rbd_id": 108.0, "fuente": "EDUCACION_SUPERIOR", "fuente_comp": null, "anio_fuente": 2020 }, "geometry": { "type": "Point", "coordinates": [ -70.644803, -33.439235 ] } },
{ "type": "Feature", "properties": { "id_edu": "EDU_0198", "nombre": "UNIVERSIDAD CHILENO BRITÁNICA DE CULTURA", "direccion": "HUÉRFANOS", "numero": 554.0, "tipo": "Universidades Privadas", "dependencia": null, "rbd_id": 651.0, "fuente": "EDUCACION_SUPERIOR", "fuente_comp": null, "anio_fuente": 2020 }, "geometry": { "type": "Point", "coordinates": [ -70.644803, -33.439235 ] } },
{ "type": "Feature", "properties": { "id_edu": "EDU_0199", "nombre": "IP DE ARTE Y COMUNICACIÓN ARCOS", "direccion": "VICTORIA SUBERCASEUX", "numero": 99.0, "tipo": "Institutos Profesionales", "dependencia": null, "rbd_id": 144.0, "fuente": "EDUCACION_SUPERIOR", "fuente_comp": null, "anio_fuente": 2020 }, "geometry": { "type": "Point", "coordinates": [ -70.642116, -33.439651 ] } },
{ "type": "Feature", "properties": { "id_edu": "EDU_0200", "nombre": "UNIVERSIDAD DE CHILE", "direccion": "SANTA LUCIA", "numero": 240.0, "tipo": "Universidades Estatales CRUCH", "dependencia": null, "rbd_id": 70.0, "fuente": "EDUCACION_SUPERIOR", "fuente_comp": null, "anio_fuente": 2020 }, "geometry": { "type": "Point", "coordinates": [ -70.644646, -33.439701 ] } },
{ "type": "Feature", "properties": { "id_edu": "EDU_0201", "nombre": "IP LATINOAMERICANO DE COMERCIO EXTERIOR", "direccion": "COMPAÑIA DE JESUS", "numero": 2015.0, "tipo": "Institutos Profesionales", "dependencia": null, "rbd_id": 152.0, "fuente": "EDUCACION_SUPERIOR", "fuente_comp": null, "anio_fuente": 2020 }, "geometry": { "type": "Point", "coordinates": [ -70.665113, -33.439842 ] } },
{ "type": "Feature", "properties": { "id_edu": "EDU_0202", "nombre": "IP LATINOAMERICANO DE COMERCIO EXTERIOR", "direccion": "COMPAÑIA DE JESUS", "numero": 2015.0, "tipo": "Institutos Profesionales", "dependencia": null, "rbd_id": 152.0, "fuente": "EDUCACION_SUPERIOR", "fuente_comp": null, "anio_fuente": 2020 }, "geometry": { "type": "Point", "coordinates": [ -70.665113, -33.439842 ] } },
{ "type": "Feature", "properties": { "id_edu": "EDU_0203", "nombre": "UNIVERSIDAD DE CHILE", "direccion": "SANTA LUCIA", "numero": 212.0, "tipo": "Universidades Estatales CRUCH", "dependencia": null, "rbd_id": 70.0, "fuente": "EDUCACION_SUPERIOR", "fuente_comp": null, "anio_fuente": 2020 }, "geometry": { "type": "Point", "coordinates": [ -70.644745, -33.439992 ] } },
{ "type": "Feature", "properties": { "id_edu": "EDU_0204", "nombre": "UNIVERSIDAD BOLIVARIANA", "direccion": "HUÉRFANOS", "numero": 1721.0, "tipo": "Universidades Privadas", "dependencia": null, "rbd_id": 7.0, "fuente": "EDUCACION_SUPERIOR", "fuente_comp": null, "anio_fuente": 2020 }, "geometry": { "type": "Point", "coordinates": [ -70.661212, -33.440417 ] } },
{ "type": "Feature", "properties": { "id_edu": "EDU_0205", "nombre": "UNIVERSIDAD ACADEMIA DE HUMANISMO CRISTIANO", "direccion": "HUÉRFANOS", "numero": 1869.0, "tipo": "Universidades Privadas", "dependencia": null, "rbd_id": 11.0, "fuente": "EDUCACION_SUPERIOR", "fuente_comp": null, "anio_fuente": 2020 }, "geometry": { "type": "Point", "coordinates": [ -70.663266, -33.440835 ] } },
{ "type": "Feature", "properties": { "id_edu": "EDU_0206", "nombre": "UNIVERSIDAD ACADEMIA DE HUMANISMO CRISTIANO", "direccion": "HUÉRFANOS", "numero": 1886.0, "tipo": "Universidades Privadas", "dependencia": null, "rbd_id": 11.0, "fuente": "EDUCACION_SUPERIOR", "fuente_comp": null, "anio_fuente": 2020 }, "geometry": { "type": "Point", "coordinates": [ -70.663169, -33.440921 ] } },
{ "type": "Feature", "properties": { "id_edu": "EDU_0207", "nombre": "UNIVERSIDAD DE CHILE", "direccion": "HUÉRFANOS", "numero": 1724.0, "tipo": "Universidades Estatales CRUCH", "dependencia": null, "rbd_id": 70.0, "fuente": "EDUCACION_SUPERIOR", "fuente_comp": null, "anio_fuente": 2020 }, "geometry": { "type": "Point", "coordinates": [ -70.661224, -33.440928 ] } },
{ "type": "Feature", "properties": { "id_edu": "EDU_0208", "nombre": "UNIVERSIDAD CHILENO BRITÁNICA DE CULTURA", "direccion": "SANTA LUCIA", "numero": 124.0, "tipo": "Universidades Privadas", "dependencia": null, "rbd_id": 651.0, "fuente": "EDUCACION_SUPERIOR", "fuente_comp": null, "anio_fuente": 2020 }, "geometry": { "type": "Point", "coordinates": [ -70.645012, -33.440988 ] } },
{ "type": "Feature", "properties": { "id_edu": "EDU_0209", "nombre": "IP INSTITUTO DE ESTUDIOS BANCARIOS GUILLERMO SUBERCASEAUX", "direccion": "HUÉRFANOS", "numero": 1840.0, "tipo": "Institutos Profesionales", "dependencia": null, "rbd_id": 103.0, "fuente": "EDUCACION_SUPERIOR", "fuente_comp": null, "anio_fuente": 2020 }, "geometry": { "type": "Point", "coordinates": [ -70.662737, -33.44115 ] } },
{ "type": "Feature", "properties": { "id_edu": "EDU_0210", "nombre": "UNIVERSIDAD DE CHILE", "direccion": "PERIODISTA JOSE CARRASCO TAPIA", "numero": 71.0, "tipo": "Universidades Estatales CRUCH", "dependencia": null, "rbd_id": 70.0, "fuente": "EDUCACION_SUPERIOR", "fuente_comp": null, "anio_fuente": 2020 }, "geometry": { "type": "Point", "coordinates": [ -70.635325, -33.441238 ] } },
{ "type": "Feature", "properties": { "id_edu": "EDU_0211", "nombre": "UNIVERSIDAD DE CHILE", "direccion": "PERIODISTA JOSE CARRASCO TAPIA", "numero": 75.0, "tipo": "Universidades Estatales CRUCH", "dependencia": null, "rbd_id": 70.0, "fuente": "EDUCACION_SUPERIOR", "fuente_comp": null, "anio_fuente": 2020 }, "geometry": { "type": "Point", "coordinates": [ -70.635325, -33.441238 ] } },
{ "type": "Feature", "properties": { "id_edu": "EDU_0212", "nombre": "PONTIFICIA UNIVERSIDAD CATÓLICA DE CHILE", "direccion": "AVENIDA LIBERTADOR BERNARDO O'HIGGINS", "numero": 340.0, "tipo": "Universidades Privadas CRUCH", "dependencia": null, "rbd_id": 86.0, "fuente": "EDUCACION_SUPERIOR", "fuente_comp": null, "anio_fuente": 2020 }, "geometry": { "type": "Point", "coordinates": [ -70.641291, -33.441255 ] } },
{ "type": "Feature", "properties": { "id_edu": "EDU_0213", "nombre": "CFT CENCO", "direccion": "ENRIQUE MAC-IVER", "numero": 125.0, "tipo": "Centros de Formación Técnica", "dependencia": null, "rbd_id": 312.0, "fuente": "EDUCACION_SUPERIOR", "fuente_comp": null, "anio_fuente": 2020 }, "geometry": { "type": "Point", "coordinates": [ -70.64631, -33.441298 ] } },
{ "type": "Feature", "properties": { "id_edu": "EDU_0214", "nombre": "IP INSTITUTO DE ESTUDIOS BANCARIOS GUILLERMO SUBERCASEAUX", "direccion": "AGUSTINAS", "numero": 1476.0, "tipo": "Institutos Profesionales", "dependencia": null, "rbd_id": 103.0, "fuente": "EDUCACION_SUPERIOR", "fuente_comp": null, "anio_fuente": 2020 }, "geometry": { "type": "Point", "coordinates": [ -70.657299, -33.441701 ] } },
{ "type": "Feature", "properties": { "id_edu": "EDU_0215", "nombre": "UNIVERSIDAD DE CHILE", "direccion": "DIAGONAL PARAGUAY", "numero": 205.0, "tipo": "Universidades Estatales CRUCH", "dependencia": null, "rbd_id": 70.0, "fuente": "EDUCACION_SUPERIOR", "fuente_comp": null, "anio_fuente": 2020 }, "geometry": { "type": "Point", "coordinates": [ -70.635989, -33.442028 ] } },
{ "type": "Feature", "properties": { "id_edu": "EDU_0216", "nombre": "UNIVERSIDAD DE CHILE", "direccion": "PORTUGAL", "numero": 84.0, "tipo": "Universidades Estatales CRUCH", "dependencia": null, "rbd_id": 70.0, "fuente": "EDUCACION_SUPERIOR", "fuente_comp": null, "anio_fuente": 2020 }, "geometry": { "type": "Point", "coordinates": [ -70.638176, -33.442279 ] } },
{ "type": "Feature", "properties": { "id_edu": "EDU_0217", "nombre": "CFT DEL MEDIO AMBIENTE", "direccion": "AGUSTINAS", "numero": 1954.0, "tipo": "Centros de Formación Técnica", "dependencia": null, "rbd_id": 435.0, "fuente": "EDUCACION_SUPERIOR", "fuente_comp": null, "anio_fuente": 2020 }, "geometry": { "type": "Point", "coordinates": [ -70.663997, -33.442369 ] } },
{ "type": "Feature", "properties": { "id_edu": "EDU_0218", "nombre": "UNIVERSIDAD DE CHILE", "direccion": "DIAGONAL PARAGUAY", "numero": 257.0, "tipo": "Universidades Estatales CRUCH", "dependencia": null, "rbd_id": 70.0, "fuente": "EDUCACION_SUPERIOR", "fuente_comp": null, "anio_fuente": 2020 }, "geometry": { "type": "Point", "coordinates": [ -70.63705, -33.442496 ] } },
{ "type": "Feature", "properties": { "id_edu": "EDU_0219", "nombre": "UNIVERSIDAD DE CHILE", "direccion": "DIAGONAL PARAGUAY", "numero": 253.0, "tipo": "Universidades Estatales CRUCH", "dependencia": null, "rbd_id": 70.0, "fuente": "EDUCACION_SUPERIOR", "fuente_comp": null, "anio_fuente": 2020 }, "geometry": { "type": "Point", "coordinates": [ -70.637282, -33.442696 ] } },
{ "type": "Feature", "properties": { "id_edu": "EDU_0220", "nombre": "IP INSTITUTO DE ESTUDIOS BANCARIOS GUILLERMO SUBERCASEAUX", "direccion": "SAN MARTIN", "numero": 76.0, "tipo": "Institutos Profesionales", "dependencia": null, "rbd_id": 103.0, "fuente": "EDUCACION_SUPERIOR", "fuente_comp": null, "anio_fuente": 2020 }, "geometry": { "type": "Point", "coordinates": [ -70.657871, -33.443283 ] } },
{ "type": "Feature", "properties": { "id_edu": "EDU_0221", "nombre": "UNIVERSIDAD TECNOLÓGICA DE CHILE INACAP", "direccion": "ALMIRANTE BARROSO", "numero": 76.0, "tipo": "Universidades Privadas", "dependencia": null, "rbd_id": 54.0, "fuente": "EDUCACION_SUPERIOR", "fuente_comp": null, "anio_fuente": 2020 }, "geometry": { "type": "Point", "coordinates": [ -70.662459, -33.443675 ] } },
{ "type": "Feature", "properties": { "id_edu": "EDU_0222", "nombre": "IP INACAP", "direccion": "ALMIRANTE BARROSO", "numero": 76.0, "tipo": "Institutos Profesionales", "dependencia": null, "rbd_id": 100.0, "fuente": "EDUCACION_SUPERIOR", "fuente_comp": null, "anio_fuente": 2020 }, "geometry": { "type": "Point", "coordinates": [ -70.662459, -33.443675 ] } },
{ "type": "Feature", "properties": { "id_edu": "EDU_0223", "nombre": "CFT INACAP", "direccion": "ALMIRANTE BARROSO", "numero": 76.0, "tipo": "Centros de Formación Técnica", "dependencia": null, "rbd_id": 430.0, "fuente": "EDUCACION_SUPERIOR", "fuente_comp": null, "anio_fuente": 2020 }, "geometry": { "type": "Point", "coordinates": [ -70.662459, -33.443675 ] } },
{ "type": "Feature", "properties": { "id_edu": "EDU_0224", "nombre": "UNIVERSIDAD ALBERTO HURTADO", "direccion": "ALMIRANTE BARROSO", "numero": 70.0, "tipo": "Universidades Privadas CRUCH", "dependencia": null, "rbd_id": 69.0, "fuente": "EDUCACION_SUPERIOR", "fuente_comp": null, "anio_fuente": 2020 }, "geometry": { "type": "Point", "coordinates": [ -70.662204, -33.443917 ] } },
{ "type": "Feature", "properties": { "id_edu": "EDU_0225", "nombre": "UNIVERSIDAD ALBERTO HURTADO", "direccion": "ALMIRANTE BARROSO", "numero": 62.0, "tipo": "Universidades Privadas CRUCH", "dependencia": null, "rbd_id": 69.0, "fuente": "EDUCACION_SUPERIOR", "fuente_comp": null, "anio_fuente": 2020 }, "geometry": { "type": "Point", "coordinates": [ -70.661834, -33.444141 ] } },
{ "type": "Feature", "properties": { "id_edu": "EDU_0226", "nombre": "UNIVERSIDAD DE SANTIAGO DE CHILE", "direccion": "PORTALES", "numero": 3392.0, "tipo": "Universidades (* Carrera en Convenio)", "dependencia": null, "rbd_id": 71.0, "fuente": "EDUCACION_SUPERIOR", "fuente_comp": null, "anio_fuente": 2020 }, "geometry": { "type": "Point", "coordinates": [ -70.681621, -33.444427 ] } },
{ "type": "Feature", "properties": { "id_edu": "EDU_0227", "nombre": "UNIVERSIDAD ALBERTO HURTADO", "direccion": "ERASMO ESCALA", "numero": 1835.0, "tipo": "Universidades Privadas CRUCH", "dependencia": null, "rbd_id": 69.0, "fuente": "EDUCACION_SUPERIOR", "fuente_comp": null, "anio_fuente": 2020 }, "geometry": { "type": "Point", "coordinates": [ -70.662333, -33.444493 ] } },
{ "type": "Feature", "properties": { "id_edu": "EDU_0228", "nombre": "UNIVERSIDAD DE CHILE", "direccion": "AVENIDA LIBERTADOR BERNARDO O'HIGGINS", "numero": 1058.0, "tipo": "Universidades Estatales CRUCH", "dependencia": null, "rbd_id": 70.0, "fuente": "EDUCACION_SUPERIOR", "fuente_comp": null, "anio_fuente": 2020 }, "geometry": { "type": "Point", "coordinates": [ -70.650879, -33.444501 ] } },
{ "type": "Feature", "properties": { "id_edu": "EDU_0229", "nombre": "UNIVERSIDAD DE O'HIGGINS", "direccion": "AVENIDA LIBERTADOR GENERAL BERNARDO O'HIGGINS", "numero": 1058.0, "tipo": "Universidades Estatales CRUCH", "dependencia": null, "rbd_id": 895.0, "fuente": "EDUCACION_SUPERIOR", "fuente_comp": null, "anio_fuente": 2020 }, "geometry": { "type": "Point", "coordinates": [ -70.650879, -33.444501 ] } },
{ "type": "Feature", "properties": { "id_edu": "EDU_0230", "nombre": "UNIVERSIDAD ALBERTO HURTADO", "direccion": "ERASMO ESCALA", "numero": 1875.0, "tipo": "Universidades Privadas CRUCH", "dependencia": null, "rbd_id": 69.0, "fuente": "EDUCACION_SUPERIOR", "fuente_comp": null, "anio_fuente": 2020 }, "geometry": { "type": "Point", "coordinates": [ -70.662568, -33.444516 ] } },
{ "type": "Feature", "properties": { "id_edu": "EDU_0231", "nombre": "UNIVERSIDAD ALBERTO HURTADO", "direccion": "ERASMO ESCALA", "numero": 1822.0, "tipo": "Universidades Privadas CRUCH", "dependencia": null, "rbd_id": 69.0, "fuente": "EDUCACION_SUPERIOR", "fuente_comp": null, "anio_fuente": 2020 }, "geometry": { "type": "Point", "coordinates": [ -70.662058, -33.444553 ] } },
{ "type": "Feature", "properties": { "id_edu": "EDU_0232", "nombre": "UNIVERSIDAD ALBERTO HURTADO", "direccion": "ALMIRANTE BARROSO", "numero": 26.0, "tipo": "Universidades Privadas CRUCH", "dependencia": null, "rbd_id": 69.0, "fuente": "EDUCACION_SUPERIOR", "fuente_comp": null, "anio_fuente": 2020 }, "geometry": { "type": "Point", "coordinates": [ -70.661751, -33.444704 ] } },
{ "type": "Feature", "properties": { "id_edu": "EDU_0233", "nombre": "UNIVERSIDAD ALBERTO HURTADO", "direccion": "CIENFUEGOS", "numero": 47.0, "tipo": "Universidades Privadas CRUCH", "dependencia": null, "rbd_id": 69.0, "fuente": "EDUCACION_SUPERIOR", "fuente_comp": null, "anio_fuente": 2020 }, "geometry": { "type": "Point", "coordinates": [ -70.662598, -33.444902 ] } },
{ "type": "Feature", "properties": { "id_edu": "EDU_0234", "nombre": "UNIVERSIDAD ALBERTO HURTADO", "direccion": "ALMIRANTE BARROSO", "numero": 37.0, "tipo": "Universidades Privadas CRUCH", "dependencia": null, "rbd_id": 69.0, "fuente": "EDUCACION_SUPERIOR", "fuente_comp": null, "anio_fuente": 2020 }, "geometry": { "type": "Point", "coordinates": [ -70.661557, -33.444944 ] } },
{ "type": "Feature", "properties": { "id_edu": "EDU_0235", "nombre": "UNIVERSIDAD ALBERTO HURTADO", "direccion": "ALMIRANTE BARROSO", "numero": 38.0, "tipo": "Universidades Privadas CRUCH", "dependencia": null, "rbd_id": 69.0, "fuente": "EDUCACION_SUPERIOR", "fuente_comp": null, "anio_fuente": 2020 }, "geometry": { "type": "Point", "coordinates": [ -70.661508, -33.445018 ] } },
{ "type": "Feature", "properties": { "id_edu": "EDU_0236", "nombre": "UNIVERSIDAD ALBERTO HURTADO", "direccion": "ALMIRANTE BARROSO", "numero": 10.0, "tipo": "Universidades Privadas CRUCH", "dependencia": null, "rbd_id": 69.0, "fuente": "EDUCACION_SUPERIOR", "fuente_comp": null, "anio_fuente": 2020 }, "geometry": { "type": "Point", "coordinates": [ -70.661754, -33.445076 ] } },
{ "type": "Feature", "properties": { "id_edu": "EDU_0237", "nombre": "UNIVERSIDAD ALBERTO HURTADO", "direccion": "CIENFUEGOS", "numero": 42.0, "tipo": "Universidades Privadas CRUCH", "dependencia": null, "rbd_id": 69.0, "fuente": "EDUCACION_SUPERIOR", "fuente_comp": null, "anio_fuente": 2020 }, "geometry": { "type": "Point", "coordinates": [ -70.663185, -33.445197 ] } },
{ "type": "Feature", "properties": { "id_edu": "EDU_0238", "nombre": "UNIVERSIDAD ALBERTO HURTADO", "direccion": "ALMIRANTE BARROSO", "numero": 6.0, "tipo": "Universidades Privadas CRUCH", "dependencia": null, "rbd_id": 69.0, "fuente": "EDUCACION_SUPERIOR", "fuente_comp": null, "anio_fuente": 2020 }, "geometry": { "type": "Point", "coordinates": [ -70.661913, -33.445528 ] } },
{ "type": "Feature", "properties": { "id_edu": "EDU_0239", "nombre": "UNIVERSIDAD CATÓLICA CARDENAL RAÚL SILVA HENRÍQUEZ", "direccion": "SAN ISIDRO", "numero": 182.0, "tipo": "Universidades Privadas", "dependencia": null, "rbd_id": 42.0, "fuente": "EDUCACION_SUPERIOR", "fuente_comp": null, "anio_fuente": 2020 }, "geometry": { "type": "Point", "coordinates": [ -70.644003, -33.44555 ] } },
{ "type": "Feature", "properties": { "id_edu": "EDU_0240", "nombre": "CFT INSTITUTO SUPERIOR DE ESTUDIOS JURÍDICOS CANON", "direccion": "PASEO BULNES", "numero": 79.0, "tipo": "Centros de Formación Técnica", "dependencia": null, "rbd_id": 328.0, "fuente": "EDUCACION_SUPERIOR", "fuente_comp": null, "anio_fuente": 2020 }, "geometry": { "type": "Point", "coordinates": [ -70.653707, -33.445864 ] } },
{ "type": "Feature", "properties": { "id_edu": "EDU_0241", "nombre": "UNIVERSIDAD MAYOR", "direccion": "AVENIDA LIBERTADOR BERNARDO O'HIGGINS", "numero": 2027.0, "tipo": "Universidades Privadas", "dependencia": null, "rbd_id": 10.0, "fuente": "EDUCACION_SUPERIOR", "fuente_comp": null, "anio_fuente": 2020 }, "geometry": { "type": "Point", "coordinates": [ -70.664002, -33.446286 ] } },
{ "type": "Feature", "properties": { "id_edu": "EDU_0242", "nombre": "UNIVERSIDAD CATÓLICA CARDENAL RAÚL SILVA HENRÍQUEZ", "direccion": "GENERAL JOFRE", "numero": 462.0, "tipo": "Universidades Privadas", "dependencia": null, "rbd_id": 42.0, "fuente": "EDUCACION_SUPERIOR", "fuente_comp": null, "anio_fuente": 2020 }, "geometry": { "type": "Point", "coordinates": [ -70.641576, -33.446456 ] } },
{ "type": "Feature", "properties": { "id_edu": "EDU_0243", "nombre": "UNIVERSIDAD MAYOR", "direccion": "AVENIDA PORTUGAL", "numero": 351.0, "tipo": "Universidades Privadas", "dependencia": null, "rbd_id": 10.0, "fuente": "EDUCACION_SUPERIOR", "fuente_comp": null, "anio_fuente": 2020 }, "geometry": { "type": "Point", "coordinates": [ -70.636701, -33.446859 ] } },
{ "type": "Feature", "properties": { "id_edu": "EDU_0244", "nombre": "IP AIEP", "direccion": "EJERCITO", "numero": 6.0, "tipo": "Institutos Profesionales", "dependencia": null, "rbd_id": 143.0, "fuente": "EDUCACION_SUPERIOR", "fuente_comp": null, "anio_fuente": 2020 }, "geometry": { "type": "Point", "coordinates": [ -70.661368, -33.446962 ] } },
{ "type": "Feature", "properties": { "id_edu": "EDU_0245", "nombre": "UNIVERSIDAD TECNOLÓGICA METROPOLITANA", "direccion": "SAN FRANCISCO", "numero": 223.0, "tipo": "Universidades (* Carrera en Convenio)", "dependencia": null, "rbd_id": 85.0, "fuente": "EDUCACION_SUPERIOR", "fuente_comp": null, "anio_fuente": 2020 }, "geometry": { "type": "Point", "coordinates": [ -70.646582, -33.44707 ] } },
{ "type": "Feature", "properties": { "id_edu": "EDU_0246", "nombre": "UNIVERSIDAD CATÓLICA CARDENAL RAÚL SILVA HENRÍQUEZ", "direccion": "MARIN", "numero": 489.0, "tipo": "Universidades Privadas", "dependencia": null, "rbd_id": 42.0, "fuente": "EDUCACION_SUPERIOR", "fuente_comp": null, "anio_fuente": 2020 }, "geometry": { "type": "Point", "coordinates": [ -70.641146, -33.447225 ] } },
{ "type": "Feature", "properties": { "id_edu": "EDU_0247", "nombre": "IP DUOC UC", "direccion": "ALONSO DE OVALLE", "numero": 1586.0, "tipo": "Institutos Profesionales", "dependencia": null, "rbd_id": 111.0, "fuente": "EDUCACION_SUPERIOR", "fuente_comp": null, "anio_fuente": 2020 }, "geometry": { "type": "Point", "coordinates": [ -70.657323, -33.447257 ] } },
{ "type": "Feature", "properties": { "id_edu": "EDU_0248", "nombre": "CFT INSTITUTO CENTRAL DE CAPACITACIÓN EDUCACIÓNAL ICCE", "direccion": "EJERCITO", "numero": 27.0, "tipo": "Centros de Formación Técnica", "dependencia": null, "rbd_id": 214.0, "fuente": "EDUCACION_SUPERIOR", "fuente_comp": null, "anio_fuente": 2020 }, "geometry": { "type": "Point", "coordinates": [ -70.661642, -33.447353 ] } },
{ "type": "Feature", "properties": { "id_edu": "EDU_0249", "nombre": "IP VERTICAL", "direccion": "EJERCITO", "numero": 27.0, "tipo": "Institutos Profesionales", "dependencia": null, "rbd_id": 767.0, "fuente": "EDUCACION_SUPERIOR", "fuente_comp": null, "anio_fuente": 2020 }, "geometry": { "type": "Point", "coordinates": [ -70.661642, -33.447353 ] } },
{ "type": "Feature", "properties": { "id_edu": "EDU_0250", "nombre": "IP AIEP", "direccion": "EJERCITO", "numero": 49.0, "tipo": "Institutos Profesionales", "dependencia": null, "rbd_id": 143.0, "fuente": "EDUCACION_SUPERIOR", "fuente_comp": null, "anio_fuente": 2020 }, "geometry": { "type": "Point", "coordinates": [ -70.661697, -33.447514 ] } },
{ "type": "Feature", "properties": { "id_edu": "EDU_0251", "nombre": "UNIVERSIDAD TECNOLÓGICA METROPOLITANA", "direccion": "DIECIOCHO", "numero": 109.0, "tipo": "Universidades (* Carrera en Convenio)", "dependencia": null, "rbd_id": 85.0, "fuente": "EDUCACION_SUPERIOR", "fuente_comp": null, "anio_fuente": 2020 }, "geometry": { "type": "Point", "coordinates": [ -70.658796, -33.447632 ] } },
{ "type": "Feature", "properties": { "id_edu": "EDU_0252", "nombre": "UNIVERSIDAD CATÓLICA CARDENAL RAÚL SILVA HENRÍQUEZ", "direccion": "CARMEN", "numero": 340.0, "tipo": "Universidades Privadas", "dependencia": null, "rbd_id": 42.0, "fuente": "EDUCACION_SUPERIOR", "fuente_comp": null, "anio_fuente": 2020 }, "geometry": { "type": "Point", "coordinates": [ -70.641884, -33.447808 ] } },
{ "type": "Feature", "properties": { "id_edu": "EDU_0253", "nombre": "UNIVERSIDAD CATÓLICA CARDENAL RAÚL SILVA HENRÍQUEZ", "direccion": "CARMEN", "numero": 350.0, "tipo": "Universidades Privadas", "dependencia": null, "rbd_id": 42.0, "fuente": "EDUCACION_SUPERIOR", "fuente_comp": null, "anio_fuente": 2020 }, "geometry": { "type": "Point", "coordinates": [ -70.64171, -33.448003 ] } },
{ "type": "Feature", "properties": { "id_edu": "EDU_0254", "nombre": "CFT DE ENAC", "direccion": "AVENIDA LIBERTADOR BERNARDO O'HIGGINS", "numero": 2182.0, "tipo": "Centros de Formación Técnica", "dependencia": null, "rbd_id": 218.0, "fuente": "EDUCACION_SUPERIOR", "fuente_comp": null, "anio_fuente": 2020 }, "geometry": { "type": "Point", "coordinates": [ -70.666172, -33.44804 ] } },
{ "type": "Feature", "properties": { "id_edu": "EDU_0255", "nombre": "IP CIISA", "direccion": "AVENIDA LIBERTADOR BERNARDO O'HIGGINS", "numero": 2221.0, "tipo": "Institutos Profesionales", "dependencia": null, "rbd_id": 162.0, "fuente": "EDUCACION_SUPERIOR", "fuente_comp": null, "anio_fuente": 2020 }, "geometry": { "type": "Point", "coordinates": [ -70.666896, -33.448044 ] } },
{ "type": "Feature", "properties": { "id_edu": "EDU_0256", "nombre": "UNIVERSIDAD MAYOR", "direccion": "AVENIDA LIBERTADOR BERNARDO O'HIGGINS", "numero": 2240.0, "tipo": "Universidades Privadas", "dependencia": null, "rbd_id": 10.0, "fuente": "EDUCACION_SUPERIOR", "fuente_comp": null, "anio_fuente": 2020 }, "geometry": { "type": "Point", "coordinates": [ -70.667267, -33.448188 ] } },
{ "type": "Feature", "properties": { "id_edu": "EDU_0257", "nombre": "UNIVERSIDAD LOS LEONES", "direccion": "ZENTENO", "numero": 234.0, "tipo": "Universidades Privadas", "dependencia": null, "rbd_id": 48.0, "fuente": "EDUCACION_SUPERIOR", "fuente_comp": null, "anio_fuente": 2020 }, "geometry": { "type": "Point", "coordinates": [ -70.652039, -33.448217 ] } },
{ "type": "Feature", "properties": { "id_edu": "EDU_0258", "nombre": "IP LOS LEONES", "direccion": "ZENTENO", "numero": 234.0, "tipo": "Institutos Profesionales", "dependencia": null, "rbd_id": 155.0, "fuente": "EDUCACION_SUPERIOR", "fuente_comp": null, "anio_fuente": 2020 }, "geometry": { "type": "Point", "coordinates": [ -70.652039, -33.448217 ] } },
{ "type": "Feature", "properties": { "id_edu": "EDU_0259", "nombre": "IP LOS LEONES", "direccion": "ARTURO PRAT", "numero": 254.0, "tipo": "Institutos Profesionales", "dependencia": null, "rbd_id": 155.0, "fuente": "EDUCACION_SUPERIOR", "fuente_comp": null, "anio_fuente": 2020 }, "geometry": { "type": "Point", "coordinates": [ -70.649175, -33.448273 ] } },
{ "type": "Feature", "properties": { "id_edu": "EDU_0260", "nombre": "UNIVERSIDAD TECNOLÓGICA METROPOLITANA", "direccion": "PADRE FELIPE GOMEZ DE VIDAURRE", "numero": 1550.0, "tipo": "Universidades (* Carrera en Convenio)", "dependencia": null, "rbd_id": 85.0, "fuente": "EDUCACION_SUPERIOR", "fuente_comp": null, "anio_fuente": 2020 }, "geometry": { "type": "Point", "coordinates": [ -70.657304, -33.448328 ] } },
{ "type": "Feature", "properties": { "id_edu": "EDU_0261", "nombre": "IP CIISA", "direccion": "REPUBLICA", "numero": 20.0, "tipo": "Institutos Profesionales", "dependencia": null, "rbd_id": 162.0, "fuente": "EDUCACION_SUPERIOR", "fuente_comp": null, "anio_fuente": 2020 }, "geometry": { "type": "Point", "coordinates": [ -70.668007, -33.448475 ] } },
{ "type": "Feature", "properties": { "id_edu": "EDU_0262", "nombre": "IP LOS LEONES", "direccion": "ARTURO PRAT", "numero": 269.0, "tipo": "Institutos Profesionales", "dependencia": null, "rbd_id": 155.0, "fuente": "EDUCACION_SUPERIOR", "fuente_comp": null, "anio_fuente": 2020 }, "geometry": { "type": "Point", "coordinates": [ -70.649606, -33.448529 ] } },
{ "type": "Feature", "properties": { "id_edu": "EDU_0263", "nombre": "IP ESUCOMEX", "direccion": "EJERCITO LIBERTADOR", "numero": 119.0, "tipo": "Institutos Profesionales", "dependencia": null, "rbd_id": 132.0, "fuente": "EDUCACION_SUPERIOR", "fuente_comp": null, "anio_fuente": 2020 }, "geometry": { "type": "Point", "coordinates": [ -70.661575, -33.448535 ] } },
{ "type": "Feature", "properties": { "id_edu": "EDU_0264", "nombre": "IP ESUCOMEX", "direccion": "EJERCITO LIBERTADOR", "numero": 133.0, "tipo": "Institutos Profesionales", "dependencia": null, "rbd_id": 132.0, "fuente": "EDUCACION_SUPERIOR", "fuente_comp": null, "anio_fuente": 2020 }, "geometry": { "type": "Point", "coordinates": [ -70.661326, -33.448588 ] } },
{ "type": "Feature", "properties": { "id_edu": "EDU_0265", "nombre": "CFT PROANDES", "direccion": "EJERCITO LIBERTADOR", "numero": 133.0, "tipo": "Centros de Formación Técnica", "dependencia": null, "rbd_id": 498.0, "fuente": "EDUCACION_SUPERIOR", "fuente_comp": null, "anio_fuente": 2020 }, "geometry": { "type": "Point", "coordinates": [ -70.661326, -33.448588 ] } },
{ "type": "Feature", "properties": { "id_edu": "EDU_0266", "nombre": "UNIVERSIDAD TECNOLÓGICA METROPOLITANA", "direccion": "SAN IGNACIO", "numero": 171.0, "tipo": "Universidades (* Carrera en Convenio)", "dependencia": null, "rbd_id": 85.0, "fuente": "EDUCACION_SUPERIOR", "fuente_comp": null, "anio_fuente": 2020 }, "geometry": { "type": "Point", "coordinates": [ -70.65705, -33.448641 ] } },
{ "type": "Feature", "properties": { "id_edu": "EDU_0267", "nombre": "IP LOS LEONES", "direccion": "ARTURO PRAT", "numero": 277.0, "tipo": "Institutos Profesionales", "dependencia": null, "rbd_id": 155.0, "fuente": "EDUCACION_SUPERIOR", "fuente_comp": null, "anio_fuente": 2020 }, "geometry": { "type": "Point", "coordinates": [ -70.649788, -33.448698 ] } },
{ "type": "Feature", "properties": { "id_edu": "EDU_0268", "nombre": "IP LOS LEONES", "direccion": "SAN DIEGO", "numero": 272.0, "tipo": "Institutos Profesionales", "dependencia": null, "rbd_id": 155.0, "fuente": "EDUCACION_SUPERIOR", "fuente_comp": null, "anio_fuente": 2020 }, "geometry": { "type": "Point", "coordinates": [ -70.650452, -33.44872 ] } },
{ "type": "Feature", "properties": { "id_edu": "EDU_0269", "nombre": "IP LOS LEONES", "direccion": "ARTURO PRAT", "numero": 285.0, "tipo": "Institutos Profesionales", "dependencia": null, "rbd_id": 155.0, "fuente": "EDUCACION_SUPERIOR", "fuente_comp": null, "anio_fuente": 2020 }, "geometry": { "type": "Point", "coordinates": [ -70.649677, -33.448779 ] } },
{ "type": "Feature", "properties": { "id_edu": "EDU_0270", "nombre": "UNIVERSIDAD SANTO TOMÁS", "direccion": "AVENIDA MANUEL RODRIGUEZ SUR", "numero": 159.0, "tipo": "Universidades Privadas", "dependencia": null, "rbd_id": 13.0, "fuente": "EDUCACION_SUPERIOR", "fuente_comp": null, "anio_fuente": 2020 }, "geometry": { "type": "Point", "coordinates": [ -70.660592, -33.448815 ] } },
{ "type": "Feature", "properties": { "id_edu": "EDU_0271", "nombre": "IP SANTO TOMÁS", "direccion": "AVENIDA MANUEL RODRIGUEZ SUR", "numero": 159.0, "tipo": "Institutos Profesionales", "dependencia": null, "rbd_id": 116.0, "fuente": "EDUCACION_SUPERIOR", "fuente_comp": null, "anio_fuente": 2020 }, "geometry": { "type": "Point", "coordinates": [ -70.660592, -33.448815 ] } },
{ "type": "Feature", "properties": { "id_edu": "EDU_0272", "nombre": "CFT SANTO TOMÁS", "direccion": "AVENIDA MANUEL RODRIGUEZ SUR", "numero": 159.0, "tipo": "Centros de Formación Técnica", "dependencia": null, "rbd_id": 260.0, "fuente": "EDUCACION_SUPERIOR", "fuente_comp": null, "anio_fuente": 2020 }, "geometry": { "type": "Point", "coordinates": [ -70.660592, -33.448815 ] } },
{ "type": "Feature", "properties": { "id_edu": "EDU_0273", "nombre": "UNIVERSIDAD DIEGO PORTALES", "direccion": "EJERCITO", "numero": 141.0, "tipo": "Universidades Privadas CRUCH", "dependencia": null, "rbd_id": 3.0, "fuente": "EDUCACION_SUPERIOR", "fuente_comp": null, "anio_fuente": 2020 }, "geometry": { "type": "Point", "coordinates": [ -70.661497, -33.44887 ] } },
{ "type": "Feature", "properties": { "id_edu": "EDU_0274", "nombre": "IP LOS LEONES", "direccion": "SAN DIEGO", "numero": 284.0, "tipo": "Institutos Profesionales", "dependencia": null, "rbd_id": 155.0, "fuente": "EDUCACION_SUPERIOR", "fuente_comp": null, "anio_fuente": 2020 }, "geometry": { "type": "Point", "coordinates": [ -70.650366, -33.448871 ] } },
{ "type": "Feature", "properties": { "id_edu": "EDU_0275", "nombre": "IP DUOC UC", "direccion": "AVENIDA ESPAÑA", "numero": 8.0, "tipo": "Institutos Profesionales", "dependencia": null, "rbd_id": 111.0, "fuente": "EDUCACION_SUPERIOR", "fuente_comp": null, "anio_fuente": 2020 }, "geometry": { "type": "Point", "coordinates": [ -70.669951, -33.448879 ] } },
{ "type": "Feature", "properties": { "id_edu": "EDU_0276", "nombre": "IP LOS LEONES", "direccion": "SAN DIEGO", "numero": 294.0, "tipo": "Institutos Profesionales", "dependencia": null, "rbd_id": 155.0, "fuente": "EDUCACION_SUPERIOR", "fuente_comp": null, "anio_fuente": 2020 }, "geometry": { "type": "Point", "coordinates": [ -70.650402, -33.449019 ] } },
{ "type": "Feature", "properties": { "id_edu": "EDU_0277", "nombre": "UNIVERSIDAD BOLIVARIANA", "direccion": "DIECIOCHO", "numero": 193.0, "tipo": "Universidades Privadas", "dependencia": null, "rbd_id": 7.0, "fuente": "EDUCACION_SUPERIOR", "fuente_comp": null, "anio_fuente": 2020 }, "geometry": { "type": "Point", "coordinates": [ -70.657864, -33.449029 ] } },
{ "type": "Feature", "properties": { "id_edu": "EDU_0278", "nombre": "IP VALLE CENTRAL", "direccion": "DIECIOCHO", "numero": 193.0, "tipo": "Institutos Profesionales", "dependencia": null, "rbd_id": 176.0, "fuente": "EDUCACION_SUPERIOR", "fuente_comp": null, "anio_fuente": 2020 }, "geometry": { "type": "Point", "coordinates": [ -70.657864, -33.449029 ] } },
{ "type": "Feature", "properties": { "id_edu": "EDU_0279", "nombre": "UNIVERSIDAD PEDRO DE VALDIVIA", "direccion": "AVENIDA EJERCITO LIBERTADOR", "numero": 171.0, "tipo": "Universidades Privadas", "dependencia": null, "rbd_id": 9.0, "fuente": "EDUCACION_SUPERIOR", "fuente_comp": null, "anio_fuente": 2020 }, "geometry": { "type": "Point", "coordinates": [ -70.661502, -33.449034 ] } },
{ "type": "Feature", "properties": { "id_edu": "EDU_0280", "nombre": "IP LOS LEONES", "direccion": "ELEUTERIO RAMIREZ", "numero": 1051.0, "tipo": "Institutos Profesionales", "dependencia": null, "rbd_id": 155.0, "fuente": "EDUCACION_SUPERIOR", "fuente_comp": null, "anio_fuente": 2020 }, "geometry": { "type": "Point", "coordinates": [ -70.650197, -33.44907 ] } },
{ "type": "Feature", "properties": { "id_edu": "EDU_0281", "nombre": "UNIVERSIDAD DE LAS AMÉRICAS", "direccion": "REPUBLICA", "numero": 51.0, "tipo": "Universidades Privadas", "dependencia": null, "rbd_id": 19.0, "fuente": "EDUCACION_SUPERIOR", "fuente_comp": null, "anio_fuente": 2020 }, "geometry": { "type": "Point", "coordinates": [ -70.66839, -33.449123 ] } },
{ "type": "Feature", "properties": { "id_edu": "EDU_0282", "nombre": "UNIVERSIDAD PEDRO DE VALDIVIA", "direccion": "AVENIDA EJERCITO LIBERTADOR", "numero": 177.0, "tipo": "Universidades Privadas", "dependencia": null, "rbd_id": 9.0, "fuente": "EDUCACION_SUPERIOR", "fuente_comp": null, "anio_fuente": 2020 }, "geometry": { "type": "Point", "coordinates": [ -70.661436, -33.449223 ] } },
{ "type": "Feature", "properties": { "id_edu": "EDU_0283", "nombre": "IP LOS LEONES", "direccion": "REPUBLICA", "numero": 68.0, "tipo": "Institutos Profesionales", "dependencia": null, "rbd_id": 155.0, "fuente": "EDUCACION_SUPERIOR", "fuente_comp": null, "anio_fuente": 2020 }, "geometry": { "type": "Point", "coordinates": [ -70.667811, -33.449246 ] } },
{ "type": "Feature", "properties": { "id_edu": "EDU_0284", "nombre": "UNIVERSIDAD BOLIVARIANA", "direccion": "PADRE OLIVARES", "numero": 1625.0, "tipo": "Universidades Privadas", "dependencia": null, "rbd_id": 7.0, "fuente": "EDUCACION_SUPERIOR", "fuente_comp": null, "anio_fuente": 2020 }, "geometry": { "type": "Point", "coordinates": [ -70.658374, -33.449306 ] } },
{ "type": "Feature", "properties": { "id_edu": "EDU_0285", "nombre": "UNIVERSIDAD SANTO TOMÁS", "direccion": "VERGARA", "numero": 165.0, "tipo": "Universidades Privadas", "dependencia": null, "rbd_id": 13.0, "fuente": "EDUCACION_SUPERIOR", "fuente_comp": null, "anio_fuente": 2020 }, "geometry": { "type": "Point", "coordinates": [ -70.662219, -33.449353 ] } },
{ "type": "Feature", "properties": { "id_edu": "EDU_0286", "nombre": "IP SANTO TOMÁS", "direccion": "VERGARA", "numero": 165.0, "tipo": "Institutos Profesionales", "dependencia": null, "rbd_id": 116.0, "fuente": "EDUCACION_SUPERIOR", "fuente_comp": null, "anio_fuente": 2020 }, "geometry": { "type": "Point", "coordinates": [ -70.662219, -33.449353 ] } },
{ "type": "Feature", "properties": { "id_edu": "EDU_0287", "nombre": "CFT SANTO TOMÁS", "direccion": "VERGARA", "numero": 165.0, "tipo": "Centros de Formación Técnica", "dependencia": null, "rbd_id": 260.0, "fuente": "EDUCACION_SUPERIOR", "fuente_comp": null, "anio_fuente": 2020 }, "geometry": { "type": "Point", "coordinates": [ -70.662219, -33.449353 ] } },
{ "type": "Feature", "properties": { "id_edu": "EDU_0288", "nombre": "IP SANTO TOMÁS", "direccion": "JOSE MIGUEL CARRERA", "numero": 158.0, "tipo": "Institutos Profesionales", "dependencia": null, "rbd_id": 116.0, "fuente": "EDUCACION_SUPERIOR", "fuente_comp": null, "anio_fuente": 2020 }, "geometry": { "type": "Point", "coordinates": [ -70.663052, -33.449367 ] } },
{ "type": "Feature", "properties": { "id_edu": "EDU_0289", "nombre": "CFT SANTO TOMÁS", "direccion": "JOSE MIGUEL CARRERA", "numero": 158.0, "tipo": "Centros de Formación Técnica", "dependencia": null, "rbd_id": 260.0, "fuente": "EDUCACION_SUPERIOR", "fuente_comp": null, "anio_fuente": 2020 }, "geometry": { "type": "Point", "coordinates": [ -70.663052, -33.449367 ] } },
{ "type": "Feature", "properties": { "id_edu": "EDU_0290", "nombre": "CFT ICEL", "direccion": "AVENIDA LIBERTADOR BERNARDO O'HIGGINS", "numero": 2520.0, "tipo": "Centros de Formación Técnica", "dependencia": null, "rbd_id": 374.0, "fuente": "EDUCACION_SUPERIOR", "fuente_comp": null, "anio_fuente": 2020 }, "geometry": { "type": "Point", "coordinates": [ -70.671533, -33.449571 ] } },
{ "type": "Feature", "properties": { "id_edu": "EDU_0291", "nombre": "IP LOS LEONES", "direccion": "REPUBLICA", "numero": 78.0, "tipo": "Institutos Profesionales", "dependencia": null, "rbd_id": 155.0, "fuente": "EDUCACION_SUPERIOR", "fuente_comp": null, "anio_fuente": 2020 }, "geometry": { "type": "Point", "coordinates": [ -70.667895, -33.449581 ] } },
{ "type": "Feature", "properties": { "id_edu": "EDU_0292", "nombre": "UNIVERSIDAD DIEGO PORTALES", "direccion": "SALVADOR SAN FUENTES", "numero": 2221.0, "tipo": "Universidades Privadas CRUCH", "dependencia": null, "rbd_id": 3.0, "fuente": "EDUCACION_SUPERIOR", "fuente_comp": null, "anio_fuente": 2020 }, "geometry": { "type": "Point", "coordinates": [ -70.666815, -33.449599 ] } },
{ "type": "Feature", "properties": { "id_edu": "EDU_0293", "nombre": "UNIVERSIDAD DE LAS AMÉRICAS", "direccion": "REPUBLICA", "numero": 71.0, "tipo": "Universidades Privadas", "dependencia": null, "rbd_id": 19.0, "fuente": "EDUCACION_SUPERIOR", "fuente_comp": null, "anio_fuente": 2020 }, "geometry": { "type": "Point", "coordinates": [ -70.668281, -33.449652 ] } },
{ "type": "Feature", "properties": { "id_edu": "EDU_0294", "nombre": "UNIVERSIDAD ANDRÉS BELLO", "direccion": "ABDON CIFIUENTES", "numero": 115.0, "tipo": "Universidades Privadas", "dependencia": null, "rbd_id": 20.0, "fuente": "EDUCACION_SUPERIOR", "fuente_comp": null, "anio_fuente": 2020 }, "geometry": { "type": "Point", "coordinates": [ -70.665834, -33.449823 ] } },
{ "type": "Feature", "properties": { "id_edu": "EDU_0295", "nombre": "IP DEL COMERCIO", "direccion": "SAZIE", "numero": 1902.0, "tipo": "Institutos Profesionales", "dependencia": null, "rbd_id": 171.0, "fuente": "EDUCACION_SUPERIOR", "fuente_comp": null, "anio_fuente": 2020 }, "geometry": { "type": "Point", "coordinates": [ -70.662219, -33.44986 ] } },
{ "type": "Feature", "properties": { "id_edu": "EDU_0296", "nombre": "CFT CÁMARA DE COMERCIO DE SANTIAGO", "direccion": "SAZIE", "numero": 1902.0, "tipo": "Centros de Formación Técnica", "dependencia": null, "rbd_id": 426.0, "fuente": "EDUCACION_SUPERIOR", "fuente_comp": null, "anio_fuente": 2020 }, "geometry": { "type": "Point", "coordinates": [ -70.662219, -33.44986 ] } },
{ "type": "Feature", "properties": { "id_edu": "EDU_0297", "nombre": "UNIVERSIDAD DIEGO PORTALES", "direccion": "EJERCITO", "numero": 219.0, "tipo": "Universidades Privadas CRUCH", "dependencia": null, "rbd_id": 3.0, "fuente": "EDUCACION_SUPERIOR", "fuente_comp": null, "anio_fuente": 2020 }, "geometry": { "type": "Point", "coordinates": [ -70.66123, -33.449879 ] } },
{ "type": "Feature", "properties": { "id_edu": "EDU_0298", "nombre": "UNIVERSIDAD DIEGO PORTALES", "direccion": "VERGARA", "numero": 210.0, "tipo": "Universidades Privadas CRUCH", "dependencia": null, "rbd_id": 3.0, "fuente": "EDUCACION_SUPERIOR", "fuente_comp": null, "anio_fuente": 2020 }, "geometry": { "type": "Point", "coordinates": [ -70.661937, -33.449904 ] } },
{ "type": "Feature", "properties": { "id_edu": "EDU_0299", "nombre": "UNIVERSIDAD DIEGO PORTALES", "direccion": "EJERCITO", "numero": 233.0, "tipo": "Universidades Privadas CRUCH", "dependencia": null, "rbd_id": 3.0, "fuente": "EDUCACION_SUPERIOR", "fuente_comp": null, "anio_fuente": 2020 }, "geometry": { "type": "Point", "coordinates": [ -70.66099, -33.449914 ] } },
{ "type": "Feature", "properties": { "id_edu": "EDU_0300", "nombre": "UNIVERSIDAD DIEGO PORTALES", "direccion": "VERGARA", "numero": 240.0, "tipo": "Universidades Privadas CRUCH", "dependencia": null, "rbd_id": 3.0, "fuente": "EDUCACION_SUPERIOR", "fuente_comp": null, "anio_fuente": 2020 }, "geometry": { "type": "Point", "coordinates": [ -70.661918, -33.450069 ] } },
{ "type": "Feature", "properties": { "id_edu": "EDU_0301", "nombre": "UNIVERSIDAD ANDRÉS BELLO", "direccion": "SALVADOR SANFUENTES", "numero": 2357.0, "tipo": "Universidades Privadas", "dependencia": null, "rbd_id": 20.0, "fuente": "EDUCACION_SUPERIOR", "fuente_comp": null, "anio_fuente": 2020 }, "geometry": { "type": "Point", "coordinates": [ -70.668986, -33.450122 ] } },
{ "type": "Feature", "properties": { "id_edu": "EDU_0302", "nombre": "UNIVERSIDAD ANDRÉS BELLO", "direccion": "SALVADOR SANFUENTES", "numero": 2355.0, "tipo": "Universidades Privadas", "dependencia": null, "rbd_id": 20.0, "fuente": "EDUCACION_SUPERIOR", "fuente_comp": null, "anio_fuente": 2020 }, "geometry": { "type": "Point", "coordinates": [ -70.668898, -33.450129 ] } },
{ "type": "Feature", "properties": { "id_edu": "EDU_0303", "nombre": "UNIVERSIDAD DIEGO PORTALES", "direccion": "AVENIDA MANUEL RODRIGUEZ SUR", "numero": 253.0, "tipo": "Universidades Privadas CRUCH", "dependencia": null, "rbd_id": 3.0, "fuente": "EDUCACION_SUPERIOR", "fuente_comp": null, "anio_fuente": 2020 }, "geometry": { "type": "Point", "coordinates": [ -70.660018, -33.450136 ] } },
{ "type": "Feature", "properties": { "id_edu": "EDU_0304", "nombre": "UNIVERSIDAD DIEGO PORTALES", "direccion": "EJERCITO", "numero": 260.0, "tipo": "Universidades Privadas CRUCH", "dependencia": null, "rbd_id": 3.0, "fuente": "EDUCACION_SUPERIOR", "fuente_comp": null, "anio_fuente": 2020 }, "geometry": { "type": "Point", "coordinates": [ -70.660792, -33.450151 ] } },
{ "type": "Feature", "properties": { "id_edu": "EDU_0305", "nombre": "UNIVERSIDAD DE LAS AMÉRICAS", "direccion": "ECHAURREN", "numero": 140.0, "tipo": "Universidades Privadas", "dependencia": null, "rbd_id": 19.0, "fuente": "EDUCACION_SUPERIOR", "fuente_comp": null, "anio_fuente": 2020 }, "geometry": { "type": "Point", "coordinates": [ -70.666199, -33.450165 ] } },
{ "type": "Feature", "properties": { "id_edu": "EDU_0306", "nombre": "UNIVERSIDAD ANDRÉS BELLO", "direccion": "SAZIE", "numero": 2119.0, "tipo": "Universidades Privadas", "dependencia": null, "rbd_id": 20.0, "fuente": "EDUCACION_SUPERIOR", "fuente_comp": null, "anio_fuente": 2020 }, "geometry": { "type": "Point", "coordinates": [ -70.665037, -33.450188 ] } },
{ "type": "Feature", "properties": { "id_edu": "EDU_0307", "nombre": "UNIVERSIDAD DIEGO PORTALES", "direccion": "REPUBLICA", "numero": 112.0, "tipo": "Universidades Privadas CRUCH", "dependencia": null, "rbd_id": 3.0, "fuente": "EDUCACION_SUPERIOR", "fuente_comp": null, "anio_fuente": 2020 }, "geometry": { "type": "Point", "coordinates": [ -70.668151, -33.450228 ] } },
{ "type": "Feature", "properties": { "id_edu": "EDU_0308", "nombre": "UNIVERSIDAD DIEGO PORTALES", "direccion": "EJERCITO", "numero": 278.0, "tipo": "Universidades Privadas CRUCH", "dependencia": null, "rbd_id": 3.0, "fuente": "EDUCACION_SUPERIOR", "fuente_comp": null, "anio_fuente": 2020 }, "geometry": { "type": "Point", "coordinates": [ -70.660714, -33.450245 ] } },
{ "type": "Feature", "properties": { "id_edu": "EDU_0309", "nombre": "UNIVERSIDAD DIEGO PORTALES", "direccion": "VERGARA", "numero": 249.0, "tipo": "Universidades Privadas CRUCH", "dependencia": null, "rbd_id": 3.0, "fuente": "EDUCACION_SUPERIOR", "fuente_comp": null, "anio_fuente": 2020 }, "geometry": { "type": "Point", "coordinates": [ -70.662061, -33.450333 ] } },
{ "type": "Feature", "properties": { "id_edu": "EDU_0310", "nombre": "UNIVERSIDAD DIEGO PORTALES", "direccion": "REPUBLICA", "numero": 105.0, "tipo": "Universidades Privadas CRUCH", "dependencia": null, "rbd_id": 3.0, "fuente": "EDUCACION_SUPERIOR", "fuente_comp": null, "anio_fuente": 2020 }, "geometry": { "type": "Point", "coordinates": [ -70.668091, -33.450427 ] } },
{ "type": "Feature", "properties": { "id_edu": "EDU_0311", "nombre": "UNIVERSIDAD DIEGO PORTALES", "direccion": "GRAJALES", "numero": 1775.0, "tipo": "Universidades Privadas CRUCH", "dependencia": null, "rbd_id": 3.0, "fuente": "EDUCACION_SUPERIOR", "fuente_comp": null, "anio_fuente": 2020 }, "geometry": { "type": "Point", "coordinates": [ -70.660419, -33.450445 ] } },
{ "type": "Feature", "properties": { "id_edu": "EDU_0312", "nombre": "UNIVERSIDAD ANDRÉS BELLO", "direccion": "ECHAURREN", "numero": 183.0, "tipo": "Universidades Privadas", "dependencia": null, "rbd_id": 20.0, "fuente": "EDUCACION_SUPERIOR", "fuente_comp": null, "anio_fuente": 2020 }, "geometry": { "type": "Point", "coordinates": [ -70.666563, -33.450591 ] } },
{ "type": "Feature", "properties": { "id_edu": "EDU_0313", "nombre": "UNIVERSIDAD DIEGO PORTALES", "direccion": "VERGARA", "numero": 275.0, "tipo": "Universidades Privadas CRUCH", "dependencia": null, "rbd_id": 3.0, "fuente": "EDUCACION_SUPERIOR", "fuente_comp": null, "anio_fuente": 2020 }, "geometry": { "type": "Point", "coordinates": [ -70.662012, -33.450654 ] } },
{ "type": "Feature", "properties": { "id_edu": "EDU_0314", "nombre": "UNIVERSIDAD DIEGO PORTALES", "direccion": "REPUBLICA", "numero": 180.0, "tipo": "Universidades Privadas CRUCH", "dependencia": null, "rbd_id": 3.0, "fuente": "EDUCACION_SUPERIOR", "fuente_comp": null, "anio_fuente": 2020 }, "geometry": { "type": "Point", "coordinates": [ -70.667505, -33.450698 ] } },
{ "type": "Feature", "properties": { "id_edu": "EDU_0315", "nombre": "IP DEL COMERCIO", "direccion": "AVENIDA EJERCITO LIBERTADOR", "numero": 306.0, "tipo": "Institutos Profesionales", "dependencia": null, "rbd_id": 171.0, "fuente": "EDUCACION_SUPERIOR", "fuente_comp": null, "anio_fuente": 2020 }, "geometry": { "type": "Point", "coordinates": [ -70.660547, -33.450795 ] } },
{ "type": "Feature", "properties": { "id_edu": "EDU_0316", "nombre": "CFT CÁMARA DE COMERCIO DE SANTIAGO", "direccion": "AVENIDA EJERCITO LIBERTADOR", "numero": 306.0, "tipo": "Centros de Formación Técnica", "dependencia": null, "rbd_id": 426.0, "fuente": "EDUCACION_SUPERIOR", "fuente_comp": null, "anio_fuente": 2020 }, "geometry": { "type": "Point", "coordinates": [ -70.660547, -33.450795 ] } },
{ "type": "Feature", "properties": { "id_edu": "EDU_0317", "nombre": "IP DEL COMERCIO", "direccion": "AVENIDA REPUBLICA", "numero": 190.0, "tipo": "Institutos Profesionales", "dependencia": null, "rbd_id": 171.0, "fuente": "EDUCACION_SUPERIOR", "fuente_comp": null, "anio_fuente": 2020 }, "geometry": { "type": "Point", "coordinates": [ -70.667409, -33.450862 ] } },
{ "type": "Feature", "properties": { "id_edu": "EDU_0318", "nombre": "CFT CÁMARA DE COMERCIO DE SANTIAGO", "direccion": "AVENIDA REPUBLICA", "numero": 190.0, "tipo": "Centros de Formación Técnica", "dependencia": null, "rbd_id": 426.0, "fuente": "EDUCACION_SUPERIOR", "fuente_comp": null, "anio_fuente": 2020 }, "geometry": { "type": "Point", "coordinates": [ -70.667409, -33.450862 ] } },
{ "type": "Feature", "properties": { "id_edu": "EDU_0319", "nombre": "UNIVERSIDAD DIEGO PORTALES", "direccion": "EJERCITO", "numero": 326.0, "tipo": "Universidades Privadas CRUCH", "dependencia": null, "rbd_id": 3.0, "fuente": "EDUCACION_SUPERIOR", "fuente_comp": null, "anio_fuente": 2020 }, "geometry": { "type": "Point", "coordinates": [ -70.660618, -33.45102 ] } },
{ "type": "Feature", "properties": { "id_edu": "EDU_0320", "nombre": "UNIVERSIDAD DIEGO PORTALES", "direccion": "EJERCITO", "numero": 333.0, "tipo": "Universidades Privadas CRUCH", "dependencia": null, "rbd_id": 3.0, "fuente": "EDUCACION_SUPERIOR", "fuente_comp": null, "anio_fuente": 2020 }, "geometry": { "type": "Point", "coordinates": [ -70.660819, -33.451121 ] } },
{ "type": "Feature", "properties": { "id_edu": "EDU_0321", "nombre": "UNIVERSIDAD ANDRÉS BELLO", "direccion": "REPUBLICA", "numero": 206.0, "tipo": "Universidades Privadas", "dependencia": null, "rbd_id": 20.0, "fuente": "EDUCACION_SUPERIOR", "fuente_comp": null, "anio_fuente": 2020 }, "geometry": { "type": "Point", "coordinates": [ -70.667314, -33.451187 ] } },
{ "type": "Feature", "properties": { "id_edu": "EDU_0322", "nombre": "IP DE CHILE", "direccion": "AVENIDA ESPAÑA", "numero": 167.0, "tipo": "Institutos Profesionales", "dependencia": null, "rbd_id": 123.0, "fuente": "EDUCACION_SUPERIOR", "fuente_comp": null, "anio_fuente": 2020 }, "geometry": { "type": "Point", "coordinates": [ -70.669914, -33.451209 ] } },
{ "type": "Feature", "properties": { "id_edu": "EDU_0323", "nombre": "UNIVERSIDAD ANDRÉS BELLO", "direccion": "ECHAURREN", "numero": 237.0, "tipo": "Universidades Privadas", "dependencia": null, "rbd_id": 20.0, "fuente": "EDUCACION_SUPERIOR", "fuente_comp": null, "anio_fuente": 2020 }, "geometry": { "type": "Point", "coordinates": [ -70.666467, -33.451284 ] } },
{ "type": "Feature", "properties": { "id_edu": "EDU_0324", "nombre": "UNIVERSIDAD CENTRAL DE CHILE", "direccion": "LORD COCHRANE", "numero": 416.0, "tipo": "Universidades Privadas", "dependencia": null, "rbd_id": 4.0, "fuente": "EDUCACION_SUPERIOR", "fuente_comp": null, "anio_fuente": 2020 }, "geometry": { "type": "Point", "coordinates": [ -70.654288, -33.451301 ] } },
{ "type": "Feature", "properties": { "id_edu": "EDU_0325", "nombre": "UNIVERSIDAD CENTRAL DE CHILE", "direccion": "LORD COCHRANE", "numero": 417.0, "tipo": "Universidades Privadas", "dependencia": null, "rbd_id": 4.0, "fuente": "EDUCACION_SUPERIOR", "fuente_comp": null, "anio_fuente": 2020 }, "geometry": { "type": "Point", "coordinates": [ -70.655361, -33.451388 ] } },
{ "type": "Feature", "properties": { "id_edu": "EDU_0326", "nombre": "UNIVERSIDAD ANDRÉS BELLO", "direccion": "REPUBLICA", "numero": 237.0, "tipo": "Universidades Privadas", "dependencia": null, "rbd_id": 20.0, "fuente": "EDUCACION_SUPERIOR", "fuente_comp": null, "anio_fuente": 2020 }, "geometry": { "type": "Point", "coordinates": [ -70.667852, -33.451512 ] } },
{ "type": "Feature", "properties": { "id_edu": "EDU_0327", "nombre": "UNIVERSIDAD ANDRÉS BELLO", "direccion": "ABATE MOLINA", "numero": 140.0, "tipo": "Universidades Privadas", "dependencia": null, "rbd_id": 20.0, "fuente": "EDUCACION_SUPERIOR", "fuente_comp": null, "anio_fuente": 2020 }, "geometry": { "type": "Point", "coordinates": [ -70.672359, -33.451529 ] } },
{ "type": "Feature", "properties": { "id_edu": "EDU_0328", "nombre": "UNIVERSIDAD TECNOLÓGICA METROPOLITANA", "direccion": "DIECIOCHO", "numero": 414.0, "tipo": "Universidades (* Carrera en Convenio)", "dependencia": null, "rbd_id": 85.0, "fuente": "EDUCACION_SUPERIOR", "fuente_comp": null, "anio_fuente": 2020 }, "geometry": { "type": "Point", "coordinates": [ -70.656898, -33.451538 ] } },
{ "type": "Feature", "properties": { "id_edu": "EDU_0329", "nombre": "UNIVERSIDAD ANDRÉS BELLO", "direccion": "REPUBLICA", "numero": 252.0, "tipo": "Universidades Privadas", "dependencia": null, "rbd_id": 20.0, "fuente": "EDUCACION_SUPERIOR", "fuente_comp": null, "anio_fuente": 2020 }, "geometry": { "type": "Point", "coordinates": [ -70.667267, -33.451643 ] } },
{ "type": "Feature", "properties": { "id_edu": "EDU_0330", "nombre": "CFT CEITEC", "direccion": "GORBEA", "numero": 1777.0, "tipo": "CENTROS DE FORMACIÓN TÉCNICA", "dependencia": null, "rbd_id": 492.0, "fuente": "EDUCACION_SUPERIOR", "fuente_comp": null, "anio_fuente": 2020 }, "geometry": { "type": "Point", "coordinates": [ -70.660164, -33.451652 ] } },
{ "type": "Feature", "properties": { "id_edu": "EDU_0331", "nombre": "UNIVERSIDAD ANDRÉS BELLO", "direccion": "ECHAURREN", "numero": 277.0, "tipo": "Universidades Privadas", "dependencia": null, "rbd_id": 20.0, "fuente": "EDUCACION_SUPERIOR", "fuente_comp": null, "anio_fuente": 2020 }, "geometry": { "type": "Point", "coordinates": [ -70.666448, -33.451662 ] } },
{ "type": "Feature", "properties": { "id_edu": "EDU_0332", "nombre": "UNIVERSIDAD ANDRÉS BELLO", "direccion": "GRAJALES", "numero": 2245.0, "tipo": "Universidades Privadas", "dependencia": null, "rbd_id": 20.0, "fuente": "EDUCACION_SUPERIOR", "fuente_comp": null, "anio_fuente": 2020 }, "geometry": { "type": "Point", "coordinates": [ -70.666871, -33.451935 ] } },
{ "type": "Feature", "properties": { "id_edu": "EDU_0333", "nombre": "IP DE CHILE", "direccion": "AVENIDA REPUBLICA", "numero": 290.0, "tipo": "Institutos Profesionales", "dependencia": null, "rbd_id": 123.0, "fuente": "EDUCACION_SUPERIOR", "fuente_comp": null, "anio_fuente": 2020 }, "geometry": { "type": "Point", "coordinates": [ -70.667395, -33.452015 ] } },
{ "type": "Feature", "properties": { "id_edu": "EDU_0334", "nombre": "IP DE CHILE", "direccion": "AVENIDA REPUBLICA", "numero": 285.0, "tipo": "Institutos Profesionales", "dependencia": null, "rbd_id": 123.0, "fuente": "EDUCACION_SUPERIOR", "fuente_comp": null, "anio_fuente": 2020 }, "geometry": { "type": "Point", "coordinates": [ -70.667727, -33.45206 ] } },
{ "type": "Feature", "properties": { "id_edu": "EDU_0335", "nombre": "UNIVERSIDAD DIEGO PORTALES", "direccion": "EJERCITO", "numero": 412.0, "tipo": "Universidades Privadas CRUCH", "dependencia": null, "rbd_id": 3.0, "fuente": "EDUCACION_SUPERIOR", "fuente_comp": null, "anio_fuente": 2020 }, "geometry": { "type": "Point", "coordinates": [ -70.660169, -33.452073 ] } },
{ "type": "Feature", "properties": { "id_edu": "EDU_0336", "nombre": "UNIVERSIDAD ANDRÉS BELLO", "direccion": "REPUBLICA", "numero": 302.0, "tipo": "Universidades Privadas", "dependencia": null, "rbd_id": 20.0, "fuente": "EDUCACION_SUPERIOR", "fuente_comp": null, "anio_fuente": 2020 }, "geometry": { "type": "Point", "coordinates": [ -70.667321, -33.452284 ] } },
{ "type": "Feature", "properties": { "id_edu": "EDU_0337", "nombre": "UNIVERSIDAD ANDRÉS BELLO", "direccion": "GRAJALES", "numero": 2264.0, "tipo": "Universidades Privadas", "dependencia": null, "rbd_id": 20.0, "fuente": "EDUCACION_SUPERIOR", "fuente_comp": null, "anio_fuente": 2020 }, "geometry": { "type": "Point", "coordinates": [ -70.666943, -33.452314 ] } },
{ "type": "Feature", "properties": { "id_edu": "EDU_0338", "nombre": "UNIVERSIDAD CENTRAL DE CHILE", "direccion": "AVENIDA SANTA ISABEL", "numero": 1148.0, "tipo": "Universidades Privadas", "dependencia": null, "rbd_id": 4.0, "fuente": "EDUCACION_SUPERIOR", "fuente_comp": null, "anio_fuente": 2020 }, "geometry": { "type": "Point", "coordinates": [ -70.650579, -33.452359 ] } },
{ "type": "Feature", "properties": { "id_edu": "EDU_0339", "nombre": "UNIVERSIDAD CENTRAL DE CHILE", "direccion": "AVENIDA SANTA ISABEL", "numero": 1278.0, "tipo": "Universidades Privadas", "dependencia": null, "rbd_id": 4.0, "fuente": "EDUCACION_SUPERIOR", "fuente_comp": null, "anio_fuente": 2020 }, "geometry": { "type": "Point", "coordinates": [ -70.652291, -33.452372 ] } },
{ "type": "Feature", "properties": { "id_edu": "EDU_0340", "nombre": "UNIVERSIDAD DIEGO PORTALES", "direccion": "EJERCITO", "numero": 441.0, "tipo": "Universidades Privadas CRUCH", "dependencia": null, "rbd_id": 3.0, "fuente": "EDUCACION_SUPERIOR", "fuente_comp": null, "anio_fuente": 2020 }, "geometry": { "type": "Point", "coordinates": [ -70.660961, -33.452612 ] } },
{ "type": "Feature", "properties": { "id_edu": "EDU_0341", "nombre": "UNIVERSIDAD CENTRAL DE CHILE", "direccion": "AVENIDA SANTA ISABEL", "numero": 1186.0, "tipo": "Universidades Privadas", "dependencia": null, "rbd_id": 4.0, "fuente": "EDUCACION_SUPERIOR", "fuente_comp": null, "anio_fuente": 2020 }, "geometry": { "type": "Point", "coordinates": [ -70.652327, -33.452709 ] } },
{ "type": "Feature", "properties": { "id_edu": "EDU_0342", "nombre": "UNIVERSIDAD DIEGO PORTALES", "direccion": "VERGARA", "numero": 460.0, "tipo": "Universidades Privadas CRUCH", "dependencia": null, "rbd_id": 3.0, "fuente": "EDUCACION_SUPERIOR", "fuente_comp": null, "anio_fuente": 2020 }, "geometry": { "type": "Point", "coordinates": [ -70.66142, -33.452812 ] } },
{ "type": "Feature", "properties": { "id_edu": "EDU_0343", "nombre": "IP DE CHILE", "direccion": "GRAJALES", "numero": 2374.0, "tipo": "Institutos Profesionales", "dependencia": null, "rbd_id": 123.0, "fuente": "EDUCACION_SUPERIOR", "fuente_comp": null, "anio_fuente": 2020 }, "geometry": { "type": "Point", "coordinates": [ -70.669099, -33.452846 ] } },
{ "type": "Feature", "properties": { "id_edu": "EDU_0344", "nombre": "UNIVERSIDAD CENTRAL DE CHILE", "direccion": "TOESCA", "numero": 1783.0, "tipo": "Universidades Privadas", "dependencia": null, "rbd_id": 4.0, "fuente": "EDUCACION_SUPERIOR", "fuente_comp": null, "anio_fuente": 2020 }, "geometry": { "type": "Point", "coordinates": [ -70.660018, -33.452917 ] } },
{ "type": "Feature", "properties": { "id_edu": "EDU_0345", "nombre": "UNIVERSIDAD TECNOLÓGICA METROPOLITANA", "direccion": "ALMIRANTE LATORRE", "numero": 425.0, "tipo": "Universidades (* Carrera en Convenio)", "dependencia": null, "rbd_id": 85.0, "fuente": "EDUCACION_SUPERIOR", "fuente_comp": null, "anio_fuente": 2020 }, "geometry": { "type": "Point", "coordinates": [ -70.664636, -33.453092 ] } },
{ "type": "Feature", "properties": { "id_edu": "EDU_0346", "nombre": "IP DE CHILE", "direccion": "AVENIDA ESPAÑA", "numero": 340.0, "tipo": "Institutos Profesionales", "dependencia": null, "rbd_id": 123.0, "fuente": "EDUCACION_SUPERIOR", "fuente_comp": null, "anio_fuente": 2020 }, "geometry": { "type": "Point", "coordinates": [ -70.669119, -33.453123 ] } },
{ "type": "Feature", "properties": { "id_edu": "EDU_0347", "nombre": "UNIVERSIDAD ANDRÉS BELLO", "direccion": "REPUBLICA", "numero": 399.0, "tipo": "Universidades Privadas", "dependencia": null, "rbd_id": 20.0, "fuente": "EDUCACION_SUPERIOR", "fuente_comp": null, "anio_fuente": 2020 }, "geometry": { "type": "Point", "coordinates": [ -70.667664, -33.453228 ] } },
{ "type": "Feature", "properties": { "id_edu": "EDU_0348", "nombre": "UNIVERSIDAD CATÓLICA CARDENAL RAÚL SILVA HENRÍQUEZ", "direccion": "SAN ISIDRO", "numero": 560.0, "tipo": "Universidades Privadas", "dependencia": null, "rbd_id": 42.0, "fuente": "EDUCACION_SUPERIOR", "fuente_comp": null, "anio_fuente": 2020 }, "geometry": { "type": "Point", "coordinates": [ -70.655647, -33.453546 ] } },
{ "type": "Feature", "properties": { "id_edu": "EDU_0349", "nombre": "CFT ALPES", "direccion": "REPUBLICA", "numero": 430.0, "tipo": "Centros de Formación Técnica", "dependencia": null, "rbd_id": 382.0, "fuente": "EDUCACION_SUPERIOR", "fuente_comp": null, "anio_fuente": 2020 }, "geometry": { "type": "Point", "coordinates": [ -70.666987, -33.453639 ] } },
{ "type": "Feature", "properties": { "id_edu": "EDU_0350", "nombre": "UNIVERSIDAD DE LOS LAGOS", "direccion": "AVENIDA REPUBLICA", "numero": 517.0, "tipo": "Universidades Estatales CRUCH", "dependencia": null, "rbd_id": 84.0, "fuente": "EDUCACION_SUPERIOR", "fuente_comp": null, "anio_fuente": 2020 }, "geometry": { "type": "Point", "coordinates": [ -70.667175, -33.454822 ] } },
{ "type": "Feature", "properties": { "id_edu": "EDU_0351", "nombre": "IP DE CHILE", "direccion": "TOESCA", "numero": 2486.0, "tipo": "Institutos Profesionales", "dependencia": null, "rbd_id": 123.0, "fuente": "EDUCACION_SUPERIOR", "fuente_comp": null, "anio_fuente": 2020 }, "geometry": { "type": "Point", "coordinates": [ -70.670094, -33.455222 ] } },
{ "type": "Feature", "properties": { "id_edu": "EDU_0352", "nombre": "IP DE CHILE", "direccion": "CLAUDIO GAY", "numero": 2503.0, "tipo": "Institutos Profesionales", "dependencia": null, "rbd_id": 123.0, "fuente": "EDUCACION_SUPERIOR", "fuente_comp": null, "anio_fuente": 2020 }, "geometry": { "type": "Point", "coordinates": [ -70.670117, -33.456177 ] } },
{ "type": "Feature", "properties": { "id_edu": "EDU_0353", "nombre": "UNIVERSIDAD DE CHILE", "direccion": "DOMEYKO", "numero": 2092.0, "tipo": "Universidades Estatales CRUCH", "dependencia": null, "rbd_id": 70.0, "fuente": "EDUCACION_SUPERIOR", "fuente_comp": null, "anio_fuente": 2020 }, "geometry": { "type": "Point", "coordinates": [ -70.663941, -33.456341 ] } },
{ "type": "Feature", "properties": { "id_edu": "EDU_0354", "nombre": "UNIVERSIDAD DE CHILE", "direccion": "AVENIDA BLANCO ENCALADA", "numero": 1975.0, "tipo": "Universidades Estatales CRUCH", "dependencia": null, "rbd_id": 70.0, "fuente": "EDUCACION_SUPERIOR", "fuente_comp": null, "anio_fuente": 2020 }, "geometry": { "type": "Point", "coordinates": [ -70.662187, -33.456598 ] } },
{ "type": "Feature", "properties": { "id_edu": "EDU_0355", "nombre": "UNIVERSIDAD DE CHILE", "direccion": "DOMEYKO", "numero": 2313.0, "tipo": "Universidades Estatales CRUCH", "dependencia": null, "rbd_id": 70.0, "fuente": "EDUCACION_SUPERIOR", "fuente_comp": null, "anio_fuente": 2020 }, "geometry": { "type": "Point", "coordinates": [ -70.666856, -33.456626 ] } },
{ "type": "Feature", "properties": { "id_edu": "EDU_0356", "nombre": "UNIVERSIDAD DE CHILE", "direccion": "DOMEYKO", "numero": 2359.0, "tipo": "Universidades Estatales CRUCH", "dependencia": null, "rbd_id": 70.0, "fuente": "EDUCACION_SUPERIOR", "fuente_comp": null, "anio_fuente": 2020 }, "geometry": { "type": "Point", "coordinates": [ -70.667481, -33.456731 ] } },
{ "type": "Feature", "properties": { "id_edu": "EDU_0357", "nombre": "UNIVERSIDAD DE CHILE", "direccion": "DOMEYKO", "numero": 2361.0, "tipo": "Universidades Estatales CRUCH", "dependencia": null, "rbd_id": 70.0, "fuente": "EDUCACION_SUPERIOR", "fuente_comp": null, "anio_fuente": 2020 }, "geometry": { "type": "Point", "coordinates": [ -70.667532, -33.456766 ] } },
{ "type": "Feature", "properties": { "id_edu": "EDU_0358", "nombre": "UNIVERSIDAD DE CHILE", "direccion": "REPUBLICA", "numero": 701.0, "tipo": "Universidades Estatales CRUCH", "dependencia": null, "rbd_id": 70.0, "fuente": "EDUCACION_SUPERIOR", "fuente_comp": null, "anio_fuente": 2020 }, "geometry": { "type": "Point", "coordinates": [ -70.666847, -33.456872 ] } },
{ "type": "Feature", "properties": { "id_edu": "EDU_0359", "nombre": "UNIVERSIDAD DE CHILE", "direccion": "AVENIDA BLANCO ENCALADA", "numero": 2008.0, "tipo": "Universidades Estatales CRUCH", "dependencia": null, "rbd_id": 70.0, "fuente": "EDUCACION_SUPERIOR", "fuente_comp": null, "anio_fuente": 2020 }, "geometry": { "type": "Point", "coordinates": [ -70.662719, -33.457147 ] } },
{ "type": "Feature", "properties": { "id_edu": "EDU_0360", "nombre": "UNIVERSIDAD DE CHILE", "direccion": "REPUBLICA", "numero": 779.0, "tipo": "Universidades Estatales CRUCH", "dependencia": null, "rbd_id": 70.0, "fuente": "EDUCACION_SUPERIOR", "fuente_comp": null, "anio_fuente": 2020 }, "geometry": { "type": "Point", "coordinates": [ -70.666727, -33.457161 ] } },
{ "type": "Feature", "properties": { "id_edu": "EDU_0361", "nombre": "UNIVERSIDAD DE CHILE", "direccion": "AVENIDA BLANCO ENCALADA", "numero": 2002.0, "tipo": "Universidades Estatales CRUCH", "dependencia": null, "rbd_id": 70.0, "fuente": "EDUCACION_SUPERIOR", "fuente_comp": null, "anio_fuente": 2020 }, "geometry": { "type": "Point", "coordinates": [ -70.662039, -33.457288 ] } },
{ "type": "Feature", "properties": { "id_edu": "EDU_0362", "nombre": "UNIVERSIDAD DE CHILE", "direccion": "PLAZA ERCILLA", "numero": 847.0, "tipo": "Universidades Estatales CRUCH", "dependencia": null, "rbd_id": 70.0, "fuente": "EDUCACION_SUPERIOR", "fuente_comp": null, "anio_fuente": 2020 }, "geometry": { "type": "Point", "coordinates": [ -70.661087, -33.457581 ] } },
{ "type": "Feature", "properties": { "id_edu": "EDU_0363", "nombre": "UNIVERSIDAD DE CHILE", "direccion": "AVENIDA BEAUCHEF", "numero": 850.0, "tipo": "Universidades Estatales CRUCH", "dependencia": null, "rbd_id": 70.0, "fuente": "EDUCACION_SUPERIOR", "fuente_comp": null, "anio_fuente": 2020 }, "geometry": { "type": "Point", "coordinates": [ -70.663598, -33.457786 ] } },
{ "type": "Feature", "properties": { "id_edu": "EDU_0364", "nombre": "UNIVERSIDAD DE CHILE", "direccion": "UNION LATINO AMERICANA", "numero": 651.0, "tipo": "Universidades Estatales CRUCH", "dependencia": null, "rbd_id": 70.0, "fuente": "EDUCACION_SUPERIOR", "fuente_comp": null, "anio_fuente": 2020 }, "geometry": { "type": "Point", "coordinates": [ -70.672446, -33.457788 ] } },
{ "type": "Feature", "properties": { "id_edu": "EDU_0365", "nombre": "UNIVERSIDAD DE CHILE", "direccion": "TUPPER", "numero": 2007.0, "tipo": "Universidades Estatales CRUCH", "dependencia": null, "rbd_id": 70.0, "fuente": "EDUCACION_SUPERIOR", "fuente_comp": null, "anio_fuente": 2020 }, "geometry": { "type": "Point", "coordinates": [ -70.661989, -33.458017 ] } },
{ "type": "Feature", "properties": { "id_edu": "EDU_0366", "nombre": "UNIVERSIDAD DE CHILE", "direccion": "PLAZA ERCILLA", "numero": 803.0, "tipo": "Universidades Estatales CRUCH", "dependencia": null, "rbd_id": 70.0, "fuente": "EDUCACION_SUPERIOR", "fuente_comp": null, "anio_fuente": 2020 }, "geometry": { "type": "Point", "coordinates": [ -70.661217, -33.458068 ] } },
{ "type": "Feature", "properties": { "id_edu": "EDU_0367", "nombre": "UNIVERSIDAD DE CHILE", "direccion": "TUPPER", "numero": 2069.0, "tipo": "Universidades Estatales CRUCH", "dependencia": null, "rbd_id": 70.0, "fuente": "EDUCACION_SUPERIOR", "fuente_comp": null, "anio_fuente": 2020 }, "geometry": { "type": "Point", "coordinates": [ -70.662592, -33.458154 ] } },
{ "type": "Feature", "properties": { "id_edu": "EDU_0368", "nombre": "UNIVERSIDAD DE CHILE", "direccion": "AVENIDA SANTA ROSA", "numero": 1234.0, "tipo": "Universidades Estatales CRUCH", "dependencia": null, "rbd_id": 70.0, "fuente": "EDUCACION_SUPERIOR", "fuente_comp": null, "anio_fuente": 2020 }, "geometry": { "type": "Point", "coordinates": [ -70.641939, -33.460873 ] } },
{ "type": "Feature", "properties": { "id_edu": "EDU_0369", "nombre": "UNIVERSIDAD BERNARDO O'HIGGINS", "direccion": "AVENIDA VIEL", "numero": 1497.0, "tipo": "Universidades Privadas", "dependencia": null, "rbd_id": 50.0, "fuente": "EDUCACION_SUPERIOR", "fuente_comp": null, "anio_fuente": 2020 }, "geometry": { "type": "Point", "coordinates": [ -70.6575, -33.467109 ] } },
{ "type": "Feature", "properties": { "id_edu": "EDU_0370", "nombre": "UNIVERSIDAD BERNARDO O'HIGGINS", "direccion": "FABRICA", "numero": 1861.0, "tipo": "Universidades Privadas", "dependencia": null, "rbd_id": 50.0, "fuente": "EDUCACION_SUPERIOR", "fuente_comp": null, "anio_fuente": 2020 }, "geometry": { "type": "Point", "coordinates": [ -70.657306, -33.470985 ] } },
{ "type": "Feature", "properties": { "id_edu": "EDU_0371", "nombre": "UNIVERSIDAD BERNARDO O'HIGGINS", "direccion": "FABRICA", "numero": 1865.0, "tipo": "Universidades Privadas", "dependencia": null, "rbd_id": 50.0, "fuente": "EDUCACION_SUPERIOR", "fuente_comp": null, "anio_fuente": 2020 }, "geometry": { "type": "Point", "coordinates": [ -70.657306, -33.471121 ] } },
{ "type": "Feature", "properties": { "id_edu": "EDU_0372", "nombre": "UNIVERSIDAD BERNARDO O'HIGGINS", "direccion": "FABRICA", "numero": 1890.0, "tipo": "Universidades Privadas", "dependencia": null, "rbd_id": 50.0, "fuente": "EDUCACION_SUPERIOR", "fuente_comp": null, "anio_fuente": 2020 }, "geometry": { "type": "Point", "coordinates": [ -70.656998, -33.471316 ] } },
{ "type": "Feature", "properties": { "id_edu": "EDU_0373", "nombre": "UNIVERSIDAD BERNARDO O'HIGGINS", "direccion": "GENERAL GANA", "numero": 1702.0, "tipo": "Universidades Privadas", "dependencia": null, "rbd_id": 50.0, "fuente": "EDUCACION_SUPERIOR", "fuente_comp": null, "anio_fuente": 2020 }, "geometry": { "type": "Point", "coordinates": [ -70.657401, -33.471796 ] } },
{ "type": "Feature", "properties": { "id_edu": "EDU_0374", "nombre": "UNIVERSIDAD BERNARDO O'HIGGINS", "direccion": "AVENIDA VIEL PONIENTE", "numero": 1965.0, "tipo": "Universidades Privadas", "dependencia": null, "rbd_id": 50.0, "fuente": "EDUCACION_SUPERIOR", "fuente_comp": null, "anio_fuente": 2020 }, "geometry": { "type": "Point", "coordinates": [ -70.656161, -33.472625 ] } },
{ "type": "Feature", "properties": { "id_edu": "EDU_0375", "nombre": "UNIVERSIDAD CATÓLICA CARDENAL RAÚL SILVA HENRÍQUEZ", "direccion": "ROOT", "numero": 528.0, "tipo": "Universidades Privadas", "dependencia": null, "rbd_id": 42.0, "fuente": "EDUCACION_SUPERIOR", "fuente_comp": null, "anio_fuente": 2020 }, "geometry": { "type": "Point", "coordinates": [ -70.642771, -33.44719 ] } },
{ "type": "Feature", "properties": { "id_edu": "EDU_0376", "nombre": "CFT DE ENAC", "direccion": "AVENIDA LIBERTADOR BERNARDO O'HIGGINS", "numero": 1958.0, "tipo": "Centros de Formación Técnica", "dependencia": null, "rbd_id": 218.0, "fuente": "EDUCACION_SUPERIOR", "fuente_comp": null, "anio_fuente": 2020 }, "geometry": { "type": "Point", "coordinates": [ -70.663215, -33.44746 ] } },
{ "type": "Feature", "properties": { "id_edu": "EDU_0377", "nombre": "UNIVERSIDAD DE CHILE", "direccion": "MORANDE", "numero": 750.0, "tipo": "Universidades Estatales CRUCH", "dependencia": null, "rbd_id": 70.0, "fuente": "EDUCACION_SUPERIOR", "fuente_comp": null, "anio_fuente": 2020 }, "geometry": { "type": "Point", "coordinates": [ -70.654833, -33.435009 ] } },
{ "type": "Feature", "properties": { "id_edu": "EDU_0378", "nombre": "UNIVERSIDAD DE LA SERENA", "direccion": "MONJITAS", "numero": 557.0, "tipo": "Universidades Estatales CRUCH", "dependencia": null, "rbd_id": 74.0, "fuente": "EDUCACION_SUPERIOR", "fuente_comp": null, "anio_fuente": 2020 }, "geometry": { "type": "Point", "coordinates": [ -70.645361, -33.436357 ] } },
{ "type": "Feature", "properties": { "id_edu": "EDU_0379", "nombre": "UNIVERSIDAD DE LA SERENA", "direccion": "JOSE MIGUEL DE LA BARRA", "numero": 450.0, "tipo": "Universidades Estatales CRUCH", "dependencia": null, "rbd_id": 74.0, "fuente": "EDUCACION_SUPERIOR", "fuente_comp": null, "anio_fuente": 2020 }, "geometry": { "type": "Point", "coordinates": [ -70.64381, -33.437156 ] } },
{ "type": "Feature", "properties": { "id_edu": "EDU_0380", "nombre": "UNIVERSIDAD DE CHILE", "direccion": "MIRAFLORES", "numero": 222.0, "tipo": "Universidades Estatales CRUCH", "dependencia": null, "rbd_id": 70.0, "fuente": "EDUCACION_SUPERIOR", "fuente_comp": null, "anio_fuente": 2020 }, "geometry": { "type": "Point", "coordinates": [ -70.645724, -33.439863 ] } },
{ "type": "Feature", "properties": { "id_edu": "EDU_0381", "nombre": "UNIVERSIDAD ACADEMIA DE HUMANISMO CRISTIANO", "direccion": "ALMIRANTE BARROSO", "numero": 352.0, "tipo": "Universidades Privadas", "dependencia": null, "rbd_id": 11.0, "fuente": "EDUCACION_SUPERIOR", "fuente_comp": null, "anio_fuente": 2020 }, "geometry": { "type": "Point", "coordinates": [ -70.662383, -33.440097 ] } },
{ "type": "Feature", "properties": { "id_edu": "EDU_0382", "nombre": "UNIVERSIDAD DE LA SERENA", "direccion": "SAN MARTIN", "numero": 237.0, "tipo": "Universidades Estatales CRUCH", "dependencia": null, "rbd_id": 74.0, "fuente": "EDUCACION_SUPERIOR", "fuente_comp": null, "anio_fuente": 2020 }, "geometry": { "type": "Point", "coordinates": [ -70.657657, -33.441062 ] } },
{ "type": "Feature", "properties": { "id_edu": "EDU_0383", "nombre": "UNIVERSIDAD DE LA FRONTERA", "direccion": "MONEDA", "numero": 673.0, "tipo": "Universidades Estatales CRUCH", "dependencia": null, "rbd_id": 76.0, "fuente": "EDUCACION_SUPERIOR", "fuente_comp": null, "anio_fuente": 2020 }, "geometry": { "type": "Point", "coordinates": [ -70.645802, -33.441219 ] } },
{ "type": "Feature", "properties": { "id_edu": "EDU_0384", "nombre": "UNIVERSIDAD DE MAGALLANES", "direccion": "MONEDA", "numero": 625.0, "tipo": "Universidades Estatales CRUCH", "dependencia": null, "rbd_id": 77.0, "fuente": "EDUCACION_SUPERIOR", "fuente_comp": null, "anio_fuente": 2020 }, "geometry": { "type": "Point", "coordinates": [ -70.645802, -33.441219 ] } },
{ "type": "Feature", "properties": { "id_edu": "EDU_0385", "nombre": "UNIVERSIDAD ALBERTO HURTADO", "direccion": "ALMIRANTE BARROSO", "numero": 60.0, "tipo": "Universidades Privadas CRUCH", "dependencia": null, "rbd_id": 69.0, "fuente": "EDUCACION_SUPERIOR", "fuente_comp": null, "anio_fuente": 2020 }, "geometry": { "type": "Point", "coordinates": [ -70.661943, -33.444305 ] } },
{ "type": "Feature", "properties": { "id_edu": "EDU_0386", "nombre": "UNIVERSIDAD ALBERTO HURTADO", "direccion": "ERASMO ESCALA", "numero": 1872.0, "tipo": "Universidades Privadas CRUCH", "dependencia": null, "rbd_id": 69.0, "fuente": "EDUCACION_SUPERIOR", "fuente_comp": null, "anio_fuente": 2020 }, "geometry": { "type": "Point", "coordinates": [ -70.6626, -33.444736 ] } },
{ "type": "Feature", "properties": { "id_edu": "EDU_0387", "nombre": "UNIVERSIDAD ALBERTO HURTADO", "direccion": "ALMIRANTE BARROSO", "numero": 40.0, "tipo": "Universidades Privadas CRUCH", "dependencia": null, "rbd_id": 69.0, "fuente": "EDUCACION_SUPERIOR", "fuente_comp": null, "anio_fuente": 2020 }, "geometry": { "type": "Point", "coordinates": [ -70.66204, -33.444792 ] } },
{ "type": "Feature", "properties": { "id_edu": "EDU_0388", "nombre": "UNIVERSIDAD ALBERTO HURTADO", "direccion": "CIENFUEGOS", "numero": 46.0, "tipo": "Universidades Privadas CRUCH", "dependencia": null, "rbd_id": 69.0, "fuente": "EDUCACION_SUPERIOR", "fuente_comp": null, "anio_fuente": 2020 }, "geometry": { "type": "Point", "coordinates": [ -70.663201, -33.445092 ] } },
{ "type": "Feature", "properties": { "id_edu": "EDU_0389", "nombre": "UNIVERSIDAD ALBERTO HURTADO", "direccion": "ALMIRANTE BARROSO", "numero": 31.0, "tipo": "Universidades Privadas CRUCH", "dependencia": null, "rbd_id": 69.0, "fuente": "EDUCACION_SUPERIOR", "fuente_comp": null, "anio_fuente": 2020 }, "geometry": { "type": "Point", "coordinates": [ -70.661402, -33.445142 ] } },
{ "type": "Feature", "properties": { "id_edu": "EDU_0390", "nombre": "UNIVERSIDAD ALBERTO HURTADO", "direccion": "CIENFUEGOS", "numero": 29.0, "tipo": "Universidades Privadas CRUCH", "dependencia": null, "rbd_id": 69.0, "fuente": "EDUCACION_SUPERIOR", "fuente_comp": null, "anio_fuente": 2020 }, "geometry": { "type": "Point", "coordinates": [ -70.662317, -33.445193 ] } },
{ "type": "Feature", "properties": { "id_edu": "EDU_0391", "nombre": "UNIVERSIDAD ALBERTO HURTADO", "direccion": "CIENFUEGOS", "numero": 39.0, "tipo": "Universidades Privadas CRUCH", "dependencia": null, "rbd_id": 69.0, "fuente": "EDUCACION_SUPERIOR", "fuente_comp": null, "anio_fuente": 2020 }, "geometry": { "type": "Point", "coordinates": [ -70.6627, -33.445223 ] } },
{ "type": "Feature", "properties": { "id_edu": "EDU_0392", "nombre": "UNIVERSIDAD ALBERTO HURTADO", "direccion": "CIENFUEGOS", "numero": 38.0, "tipo": "Universidades Privadas CRUCH", "dependencia": null, "rbd_id": 69.0, "fuente": "EDUCACION_SUPERIOR", "fuente_comp": null, "anio_fuente": 2020 }, "geometry": { "type": "Point", "coordinates": [ -70.663164, -33.445296 ] } },
{ "type": "Feature", "properties": { "id_edu": "EDU_0393", "nombre": "UNIVERSIDAD DE CHILE", "direccion": "AVENIDA LIBERTADOR BERNARDO O'HIGGINS", "numero": 1633.0, "tipo": "Universidades Estatales CRUCH", "dependencia": null, "rbd_id": 70.0, "fuente": "EDUCACION_SUPERIOR", "fuente_comp": null, "anio_fuente": 2020 }, "geometry": { "type": "Point", "coordinates": [ -70.659244, -33.445312 ] } },
{ "type": "Feature", "properties": { "id_edu": "EDU_0394", "nombre": "UNIVERSIDAD ALBERTO HURTADO", "direccion": "CIENFUEGOS", "numero": 27.0, "tipo": "Universidades Privadas CRUCH", "dependencia": null, "rbd_id": 69.0, "fuente": "EDUCACION_SUPERIOR", "fuente_comp": null, "anio_fuente": 2020 }, "geometry": { "type": "Point", "coordinates": [ -70.662275, -33.445374 ] } },
{ "type": "Feature", "properties": { "id_edu": "EDU_0395", "nombre": "UNIVERSIDAD ALBERTO HURTADO", "direccion": "CIENFUEGOS", "numero": 25.0, "tipo": "Universidades Privadas CRUCH", "dependencia": null, "rbd_id": 69.0, "fuente": "EDUCACION_SUPERIOR", "fuente_comp": null, "anio_fuente": 2020 }, "geometry": { "type": "Point", "coordinates": [ -70.662381, -33.445404 ] } },
{ "type": "Feature", "properties": { "id_edu": "EDU_0396", "nombre": "UNIVERSIDAD CATÓLICA CARDENAL RAÚL SILVA HENRÍQUEZ", "direccion": "GENERAL JOFRE", "numero": 476.0, "tipo": "Universidades Privadas", "dependencia": null, "rbd_id": 42.0, "fuente": "EDUCACION_SUPERIOR", "fuente_comp": null, "anio_fuente": 2020 }, "geometry": { "type": "Point", "coordinates": [ -70.642147, -33.446498 ] } },
{ "type": "Feature", "properties": { "id_edu": "EDU_0397", "nombre": "UNIVERSIDAD CATÓLICA CARDENAL RAÚL SILVA HENRÍQUEZ", "direccion": "TOCORNAL", "numero": 257.0, "tipo": "Universidades Privadas", "dependencia": null, "rbd_id": 42.0, "fuente": "EDUCACION_SUPERIOR", "fuente_comp": null, "anio_fuente": 2020 }, "geometry": { "type": "Point", "coordinates": [ -70.641432, -33.446719 ] } },
{ "type": "Feature", "properties": { "id_edu": "EDU_0398", "nombre": "UNIVERSIDAD TECNOLÓGICA METROPOLITANA", "direccion": "AVENIDA LIBERTADOR BERNARDO O'HIGGINS", "numero": 1642.0, "tipo": "Universidades (* Carrera en Convenio)", "dependencia": null, "rbd_id": 85.0, "fuente": "EDUCACION_SUPERIOR", "fuente_comp": null, "anio_fuente": 2020 }, "geometry": { "type": "Point", "coordinates": [ -70.659246, -33.446781 ] } },
{ "type": "Feature", "properties": { "id_edu": "EDU_0399", "nombre": "UNIVERSIDAD CATÓLICA CARDENAL RAÚL SILVA HENRÍQUEZ", "direccion": "TOCORNAL", "numero": 301.0, "tipo": "Universidades Privadas", "dependencia": null, "rbd_id": 42.0, "fuente": "EDUCACION_SUPERIOR", "fuente_comp": null, "anio_fuente": 2020 }, "geometry": { "type": "Point", "coordinates": [ -70.641328, -33.447053 ] } },
{ "type": "Feature", "properties": { "id_edu": "EDU_0400", "nombre": "UNIVERSIDAD CATÓLICA CARDENAL RAÚL SILVA HENRÍQUEZ", "direccion": "TOCORNAL", "numero": 303.0, "tipo": "Universidades Privadas", "dependencia": null, "rbd_id": 42.0, "fuente": "EDUCACION_SUPERIOR", "fuente_comp": null, "anio_fuente": 2020 }, "geometry": { "type": "Point", "coordinates": [ -70.641495, -33.447124 ] } },
{ "type": "Feature", "properties": { "id_edu": "EDU_0401", "nombre": "UNIVERSIDAD CATÓLICA CARDENAL RAÚL SILVA HENRÍQUEZ", "direccion": "ROOT", "numero": 536.0, "tipo": "Universidades Privadas", "dependencia": null, "rbd_id": 42.0, "fuente": "EDUCACION_SUPERIOR", "fuente_comp": null, "anio_fuente": 2020 }, "geometry": { "type": "Point", "coordinates": [ -70.642886, -33.447221 ] } },
{ "type": "Feature", "properties": { "id_edu": "EDU_0402", "nombre": "UNIVERSIDAD TECNOLÓGICA METROPOLITANA", "direccion": "DIECIOCHO", "numero": 146.0, "tipo": "Universidades (* Carrera en Convenio)", "dependencia": null, "rbd_id": 85.0, "fuente": "EDUCACION_SUPERIOR", "fuente_comp": null, "anio_fuente": 2020 }, "geometry": { "type": "Point", "coordinates": [ -70.657686, -33.448139 ] } },
{ "type": "Feature", "properties": { "id_edu": "EDU_0403", "nombre": "UNIVERSIDAD TECNOLÓGICA METROPOLITANA", "direccion": "VIDAURRE", "numero": 1639.0, "tipo": "Universidades (* Carrera en Convenio)", "dependencia": null, "rbd_id": 85.0, "fuente": "EDUCACION_SUPERIOR", "fuente_comp": null, "anio_fuente": 2020 }, "geometry": { "type": "Point", "coordinates": [ -70.658938, -33.448191 ] } },
{ "type": "Feature", "properties": { "id_edu": "EDU_0404", "nombre": "CFT PROANDES", "direccion": "EJERCITO LIBERTADOR", "numero": 119.0, "tipo": "Centros de Formación Técnica", "dependencia": null, "rbd_id": 498.0, "fuente": "EDUCACION_SUPERIOR", "fuente_comp": null, "anio_fuente": 2020 }, "geometry": { "type": "Point", "coordinates": [ -70.661575, -33.448535 ] } },
{ "type": "Feature", "properties": { "id_edu": "EDU_0405", "nombre": "IP ESUCOMEX", "direccion": "VERGARA", "numero": 110.0, "tipo": "Institutos Profesionales", "dependencia": null, "rbd_id": 132.0, "fuente": "EDUCACION_SUPERIOR", "fuente_comp": null, "anio_fuente": 2020 }, "geometry": { "type": "Point", "coordinates": [ -70.661973, -33.448664 ] } },
{ "type": "Feature", "properties": { "id_edu": "EDU_0406", "nombre": "CFT PROANDES", "direccion": "VERGARA", "numero": 110.0, "tipo": "Centros de Formación Técnica", "dependencia": null, "rbd_id": 498.0, "fuente": "EDUCACION_SUPERIOR", "fuente_comp": null, "anio_fuente": 2020 }, "geometry": { "type": "Point", "coordinates": [ -70.661973, -33.448664 ] } },
{ "type": "Feature", "properties": { "id_edu": "EDU_0407", "nombre": "IP ESUCOMEX", "direccion": "ARTURO PRAT", "numero": 331.0, "tipo": "Institutos Profesionales", "dependencia": null, "rbd_id": 132.0, "fuente": "EDUCACION_SUPERIOR", "fuente_comp": null, "anio_fuente": 2020 }, "geometry": { "type": "Point", "coordinates": [ -70.64968, -33.449507 ] } },
{ "type": "Feature", "properties": { "id_edu": "EDU_0408", "nombre": "CFT PROANDES", "direccion": "ARTURO PRAT", "numero": 331.0, "tipo": "Centros de Formación Técnica", "dependencia": null, "rbd_id": 498.0, "fuente": "EDUCACION_SUPERIOR", "fuente_comp": null, "anio_fuente": 2020 }, "geometry": { "type": "Point", "coordinates": [ -70.64968, -33.449507 ] } },
{ "type": "Feature", "properties": { "id_edu": "EDU_0409", "nombre": "UNIVERSIDAD TECNOLÓGICA METROPOLITANA", "direccion": "DIECIOCHO", "numero": 232.0, "tipo": "Universidades (* Carrera en Convenio)", "dependencia": null, "rbd_id": 85.0, "fuente": "EDUCACION_SUPERIOR", "fuente_comp": null, "anio_fuente": 2020 }, "geometry": { "type": "Point", "coordinates": [ -70.657288, -33.449701 ] } },
{ "type": "Feature", "properties": { "id_edu": "EDU_0410", "nombre": "UNIVERSIDAD TECNOLÓGICA METROPOLITANA", "direccion": "MANUEL RODRIGUEZ", "numero": 220.0, "tipo": "Universidades (* Carrera en Convenio)", "dependencia": null, "rbd_id": 85.0, "fuente": "EDUCACION_SUPERIOR", "fuente_comp": null, "anio_fuente": 2020 }, "geometry": { "type": "Point", "coordinates": [ -70.658957, -33.449718 ] } },
{ "type": "Feature", "properties": { "id_edu": "EDU_0411", "nombre": "CFT ACCIOMA", "direccion": "PADRE DIEGO DE ROSALES", "numero": 1637.0, "tipo": "Centros de Formación Técnica", "dependencia": null, "rbd_id": 534.0, "fuente": "EDUCACION_SUPERIOR", "fuente_comp": null, "anio_fuente": 2020 }, "geometry": { "type": "Point", "coordinates": [ -70.658206, -33.450532 ] } },
{ "type": "Feature", "properties": { "id_edu": "EDU_0412", "nombre": "UNIVERSIDAD DIEGO PORTALES", "direccion": "GRAJALES", "numero": 1898.0, "tipo": "Universidades Privadas CRUCH", "dependencia": null, "rbd_id": 3.0, "fuente": "EDUCACION_SUPERIOR", "fuente_comp": null, "anio_fuente": 2020 }, "geometry": { "type": "Point", "coordinates": [ -70.661634, -33.451023 ] } },
{ "type": "Feature", "properties": { "id_edu": "EDU_0413", "nombre": "UNIVERSIDAD TECNOLÓGICA METROPOLITANA", "direccion": "DIECIOCHO", "numero": 390.0, "tipo": "Universidades (* Carrera en Convenio)", "dependencia": null, "rbd_id": 85.0, "fuente": "EDUCACION_SUPERIOR", "fuente_comp": null, "anio_fuente": 2020 }, "geometry": { "type": "Point", "coordinates": [ -70.656751, -33.451244 ] } },
{ "type": "Feature", "properties": { "id_edu": "EDU_0414", "nombre": "UNIVERSIDAD DIEGO PORTALES", "direccion": "VERGARA", "numero": 324.0, "tipo": "Universidades Privadas CRUCH", "dependencia": null, "rbd_id": 3.0, "fuente": "EDUCACION_SUPERIOR", "fuente_comp": null, "anio_fuente": 2020 }, "geometry": { "type": "Point", "coordinates": [ -70.661467, -33.451246 ] } },
{ "type": "Feature", "properties": { "id_edu": "EDU_0415", "nombre": "UNIVERSIDAD TECNOLÓGICA METROPOLITANA", "direccion": "SAN IGNACIO", "numero": 409.0, "tipo": "Universidades (* Carrera en Convenio)", "dependencia": null, "rbd_id": 85.0, "fuente": "EDUCACION_SUPERIOR", "fuente_comp": null, "anio_fuente": 2020 }, "geometry": { "type": "Point", "coordinates": [ -70.656513, -33.451449 ] } },
{ "type": "Feature", "properties": { "id_edu": "EDU_0416", "nombre": "CFT INSTITUTO CENTRAL DE CAPACITACIÓN EDUCACIÓNAL ICCE", "direccion": "ALMIRANTE HURTADO", "numero": 2040.0, "tipo": "Centros de Formación Técnica", "dependencia": null, "rbd_id": 214.0, "fuente": "EDUCACION_SUPERIOR", "fuente_comp": null, "anio_fuente": 2020 }, "geometry": { "type": "Point", "coordinates": [ -70.663444, -33.454516 ] } },
{ "type": "Feature", "properties": { "id_edu": "EDU_0417", "nombre": "UNIVERSIDAD DE CHILE", "direccion": "ISMAEL VALDES VERGARA", "numero": 503.0, "tipo": "Universidades Estatales CRUCH", "dependencia": null, "rbd_id": 70.0, "fuente": "EDUCACION_SUPERIOR", "fuente_comp": null, "anio_fuente": 2020 }, "geometry": { "type": "Point", "coordinates": [ -70.644347, -33.435121 ] } },
{ "type": "Feature", "properties": { "id_edu": "EDU_0418", "nombre": "UNIVERSIDAD DE SANTIAGO DE CHILE", "direccion": "CHACABUCO", "numero": 659.0, "tipo": "Universidades (* Carrera en Convenio)", "dependencia": null, "rbd_id": 71.0, "fuente": "EDUCACION_SUPERIOR", "fuente_comp": null, "anio_fuente": 2020 }, "geometry": { "type": "Point", "coordinates": [ -70.678778, -33.437745 ] } },
{ "type": "Feature", "properties": { "id_edu": "EDU_0419", "nombre": "IP LATINOAMERICANO DE COMERCIO EXTERIOR", "direccion": "CATEDRAL", "numero": 1858.0, "tipo": "Institutos Profesionales", "dependencia": null, "rbd_id": 152.0, "fuente": "EDUCACION_SUPERIOR", "fuente_comp": null, "anio_fuente": 2020 }, "geometry": { "type": "Point", "coordinates": [ -70.662766, -33.43863 ] } },
{ "type": "Feature", "properties": { "id_edu": "EDU_0420", "nombre": "IP LATINOAMERICANO DE COMERCIO EXTERIOR", "direccion": "COMPAÑIA DE JESUS", "numero": 1909.0, "tipo": "Institutos Profesionales", "dependencia": null, "rbd_id": 152.0, "fuente": "EDUCACION_SUPERIOR", "fuente_comp": null, "anio_fuente": 2020 }, "geometry": { "type": "Point", "coordinates": [ -70.663665, -33.439691 ] } },
{ "type": "Feature", "properties": { "id_edu": "EDU_0421", "nombre": "UNIVERSIDAD ACADEMIA DE HUMANISMO CRISTIANO", "direccion": "HUÉRFANOS", "numero": 2186.0, "tipo": "Universidades Privadas", "dependencia": null, "rbd_id": 11.0, "fuente": "EDUCACION_SUPERIOR", "fuente_comp": null, "anio_fuente": 2020 }, "geometry": { "type": "Point", "coordinates": [ -70.666512, -33.441327 ] } },
{ "type": "Feature", "properties": { "id_edu": "EDU_0422", "nombre": "UNIVERSIDAD ACADEMIA DE HUMANISMO CRISTIANO", "direccion": "AGUSTINAS", "numero": 2071.0, "tipo": "Universidades Privadas", "dependencia": null, "rbd_id": 11.0, "fuente": "EDUCACION_SUPERIOR", "fuente_comp": null, "anio_fuente": 2020 }, "geometry": { "type": "Point", "coordinates": [ -70.665458, -33.442128 ] } },
{ "type": "Feature", "properties": { "id_edu": "EDU_0423", "nombre": "UNIVERSIDAD DE CHILE", "direccion": "MORANDE", "numero": 25.0, "tipo": "Universidades Estatales CRUCH", "dependencia": null, "rbd_id": 70.0, "fuente": "EDUCACION_SUPERIOR", "fuente_comp": null, "anio_fuente": 2020 }, "geometry": { "type": "Point", "coordinates": [ -70.652604, -33.443652 ] } },
{ "type": "Feature", "properties": { "id_edu": "EDU_0424", "nombre": "UNIVERSIDAD MAYOR", "direccion": "JOSE TORIBIO MEDINA", "numero": 29.0, "tipo": "Universidades Privadas", "dependencia": null, "rbd_id": 10.0, "fuente": "EDUCACION_SUPERIOR", "fuente_comp": null, "anio_fuente": 2020 }, "geometry": { "type": "Point", "coordinates": [ -70.663436, -33.44563 ] } },
{ "type": "Feature", "properties": { "id_edu": "EDU_0425", "nombre": "UNIVERSIDAD DE SANTIAGO DE CHILE", "direccion": "CONCHA Y TORO", "numero": 32.0, "tipo": "Universidades (* Carrera en Convenio)", "dependencia": null, "rbd_id": 71.0, "fuente": "EDUCACION_SUPERIOR", "fuente_comp": null, "anio_fuente": 2020 }, "geometry": { "type": "Point", "coordinates": [ -70.666035, -33.445936 ] } },
{ "type": "Feature", "properties": { "id_edu": "EDU_0426", "nombre": "UNIVERSIDAD DE SANTIAGO DE CHILE", "direccion": "CONCHA Y TORO", "numero": 32.0, "tipo": "Universidades (* Carrera en Convenio)", "dependencia": null, "rbd_id": 71.0, "fuente": "EDUCACION_SUPERIOR", "fuente_comp": null, "anio_fuente": 2020 }, "geometry": { "type": "Point", "coordinates": [ -70.666035, -33.445936 ] } },
{ "type": "Feature", "properties": { "id_edu": "EDU_0427", "nombre": "UNIVERSIDAD ALBERTO HURTADO", "direccion": "AVENIDA LIBERTADOR BERNARDO O'HIGGINS", "numero": 1869.0, "tipo": "Universidades Privadas CRUCH", "dependencia": null, "rbd_id": 69.0, "fuente": "EDUCACION_SUPERIOR", "fuente_comp": null, "anio_fuente": 2020 }, "geometry": { "type": "Point", "coordinates": [ -70.662085, -33.445992 ] } },
{ "type": "Feature", "properties": { "id_edu": "EDU_0428", "nombre": "UNIVERSIDAD ANDRÉS BELLO", "direccion": "ECHAURREN", "numero": 174.0, "tipo": "Universidades Privadas", "dependencia": null, "rbd_id": 20.0, "fuente": "EDUCACION_SUPERIOR", "fuente_comp": null, "anio_fuente": 2020 }, "geometry": { "type": "Point", "coordinates": [ -70.666167, -33.450544 ] } },
{ "type": "Feature", "properties": { "id_edu": "EDU_0429", "nombre": "UNIVERSIDAD ANDRÉS BELLO", "direccion": "ECHAURREN", "numero": 211.0, "tipo": "Universidades Privadas", "dependencia": null, "rbd_id": 20.0, "fuente": "EDUCACION_SUPERIOR", "fuente_comp": null, "anio_fuente": 2020 }, "geometry": { "type": "Point", "coordinates": [ -70.666575, -33.451026 ] } },
{ "type": "Feature", "properties": { "id_edu": "EDU_0430", "nombre": "IP AIEP", "direccion": "GRAJALES", "numero": 2538.0, "tipo": "Institutos Profesionales", "dependencia": null, "rbd_id": 143.0, "fuente": "EDUCACION_SUPERIOR", "fuente_comp": null, "anio_fuente": 2020 }, "geometry": { "type": "Point", "coordinates": [ -70.669017, -33.452646 ] } },
{ "type": "Feature", "properties": { "id_edu": "EDU_0431", "nombre": "UNIVERSIDAD ANDRÉS BELLO", "direccion": "REPUBLICA", "numero": 440.0, "tipo": "Universidades Privadas", "dependencia": null, "rbd_id": 20.0, "fuente": "EDUCACION_SUPERIOR", "fuente_comp": null, "anio_fuente": 2020 }, "geometry": { "type": "Point", "coordinates": [ -70.666821, -33.453843 ] } },
{ "type": "Feature", "properties": { "id_edu": "EDU_0432", "nombre": "UNIVERSIDAD DE CHILE", "direccion": "DOMEYKO", "numero": 2363.0, "tipo": "Universidades Estatales CRUCH", "dependencia": null, "rbd_id": 70.0, "fuente": "EDUCACION_SUPERIOR", "fuente_comp": null, "anio_fuente": 2020 }, "geometry": { "type": "Point", "coordinates": [ -70.667525, -33.456758 ] } },
{ "type": "Feature", "properties": { "id_edu": "EDU_0433", "nombre": "UNIVERSIDAD DE CHILE", "direccion": "PLAZA ERCILLA", "numero": 883.0, "tipo": "Universidades Estatales CRUCH", "dependencia": null, "rbd_id": 70.0, "fuente": "EDUCACION_SUPERIOR", "fuente_comp": null, "anio_fuente": 2020 }, "geometry": { "type": "Point", "coordinates": [ -70.661233, -33.457484 ] } },
{ "type": "Feature", "properties": { "id_edu": "EDU_0434", "nombre": "UNIVERSIDAD DE CHILE", "direccion": "AVENIDA BEAUCHEF", "numero": 1225.0, "tipo": "Universidades Estatales CRUCH", "dependencia": null, "rbd_id": 70.0, "fuente": "EDUCACION_SUPERIOR", "fuente_comp": null, "anio_fuente": 2020 }, "geometry": { "type": "Point", "coordinates": [ -70.66362, -33.463087 ] } },
{ "type": "Feature", "properties": { "id_edu": "EDU_0435", "nombre": "UNIVERSIDAD BERNARDO O'HIGGINS", "direccion": "GENERAL GANA", "numero": 1670.0, "tipo": "Universidades Privadas", "dependencia": null, "rbd_id": 50.0, "fuente": "EDUCACION_SUPERIOR", "fuente_comp": null, "anio_fuente": 2020 }, "geometry": { "type": "Point", "coordinates": [ -70.656705, -33.471715 ] } },
{ "type": "Feature", "properties": { "id_edu": "EDU_0436", "nombre": "UNIVERSIDAD DE CHILE", "direccion": "COMPAÑIA", "numero": 2691.0, "tipo": "Universidades Estatales CRUCH", "dependencia": null, "rbd_id": 70.0, "fuente": "EDUCACION_SUPERIOR", "fuente_comp": null, "anio_fuente": 2020 }, "geometry": { "type": "Point", "coordinates": [ -70.658953, -33.438799 ] } },
{ "type": "Feature", "properties": { "id_edu": "EDU_0437", "nombre": "IP LATINOAMERICANO DE COMERCIO EXTERIOR", "direccion": "HUÉRFANOS", "numero": 669.0, "tipo": "Institutos Profesionales", "dependencia": null, "rbd_id": 152.0, "fuente": "EDUCACION_SUPERIOR", "fuente_comp": null, "anio_fuente": 2020 }, "geometry": { "type": "Point", "coordinates": [ -70.646302, -33.439011 ] } },
{ "type": "Feature", "properties": { "id_edu": "EDU_0438", "nombre": "UNIVERSIDAD DE CHILE", "direccion": "MATUCANA", "numero": 464.0, "tipo": "Universidades Estatales CRUCH", "dependencia": null, "rbd_id": 70.0, "fuente": "EDUCACION_SUPERIOR", "fuente_comp": null, "anio_fuente": 2020 }, "geometry": { "type": "Point", "coordinates": [ -70.679652, -33.441933 ] } },
{ "type": "Feature", "properties": { "id_edu": "EDU_0439", "nombre": "UNIVERSIDAD DE SANTIAGO DE CHILE", "direccion": "RICARDO CUMMING", "numero": 92.0, "tipo": "Universidades (* Carrera en Convenio)", "dependencia": null, "rbd_id": 71.0, "fuente": "EDUCACION_SUPERIOR", "fuente_comp": null, "anio_fuente": 2020 }, "geometry": { "type": "Point", "coordinates": [ -70.668012, -33.444184 ] } },
{ "type": "Feature", "properties": { "id_edu": "EDU_0440", "nombre": "UNIVERSIDAD ALBERTO HURTADO", "direccion": "JOSE TORIBIO MEDINA", "numero": 49.0, "tipo": "Universidades Privadas CRUCH", "dependencia": null, "rbd_id": 69.0, "fuente": "EDUCACION_SUPERIOR", "fuente_comp": null, "anio_fuente": 2020 }, "geometry": { "type": "Point", "coordinates": [ -70.66372, -33.44508 ] } },
{ "type": "Feature", "properties": { "id_edu": "EDU_0441", "nombre": "IP LOS LEONES", "direccion": "ARTURO PRAT", "numero": 215.0, "tipo": "Institutos Profesionales", "dependencia": null, "rbd_id": 155.0, "fuente": "EDUCACION_SUPERIOR", "fuente_comp": null, "anio_fuente": 2020 }, "geometry": { "type": "Point", "coordinates": [ -70.649722, -33.447456 ] } },
{ "type": "Feature", "properties": { "id_edu": "EDU_0442", "nombre": "UNIVERSIDAD CENTRAL DE CHILE", "direccion": "LORD COCHRANE", "numero": 418.0, "tipo": "Universidades Privadas", "dependencia": null, "rbd_id": 4.0, "fuente": "EDUCACION_SUPERIOR", "fuente_comp": null, "anio_fuente": 2020 }, "geometry": { "type": "Point", "coordinates": [ -70.654256, -33.451355 ] } },
{ "type": "Feature", "properties": { "id_edu": "EDU_0443", "nombre": "UNIVERSIDAD ANDRÉS BELLO", "direccion": "REPUBLICA", "numero": 470.0, "tipo": "Universidades Privadas", "dependencia": null, "rbd_id": 20.0, "fuente": "EDUCACION_SUPERIOR", "fuente_comp": null, "anio_fuente": 2020 }, "geometry": { "type": "Point", "coordinates": [ -70.666726, -33.45412 ] } },
{ "type": "Feature", "properties": { "id_edu": "EDU_0444", "nombre": "UNIVERSIDAD DE CHILE", "direccion": "AVENIDA BEAUCHEF", "numero": 851.0, "tipo": "Universidades Estatales CRUCH", "dependencia": null, "rbd_id": 70.0, "fuente": "EDUCACION_SUPERIOR", "fuente_comp": null, "anio_fuente": 2020 }, "geometry": { "type": "Point", "coordinates": [ -70.663787, -33.457738 ] } },
{ "type": "Feature", "properties": { "id_edu": "EDU_0445", "nombre": "UNIVERSIDAD DE CHILE", "direccion": "AVENIDA BEAUCHEF", "numero": 993.0, "tipo": "Universidades Estatales CRUCH", "dependencia": null, "rbd_id": 70.0, "fuente": "EDUCACION_SUPERIOR", "fuente_comp": null, "anio_fuente": 2020 }, "geometry": { "type": "Point", "coordinates": [ -70.664169, -33.459836 ] } }
]
}
