{"type":"FeatureCollection","name":"AMB_LIN_RUTAS_RESIDUOS_2025","features":[{"type":"Feature","properties":{"FolderPath":"cobertura desde 1oct2017/DIURNO - CENTROPONIENTE 10"},"geometry":{"type":"MultiLineString","coordinates":[[[-70.66835,-33.43491,0.0],[-70.66785,-33.43489,0.0],[-70.66737,-33.43488,0.0]],[[-70.66835,-33.43491,0.0],[-70.66886,-33.43493,0.0],[-70.66897,-33.43379,0.0]],[[-70.66835,-33.43491,0.0],[-70.66836,-33.43425,0.0],[-70.66837,-33.43375,0.0]],[[-70.66737,-33.43488,0.0],[-70.66629,-33.43483,0.0]],[[-70.66629,-33.43483,0.0],[-70.66493,-33.43475,0.0]],[[-70.66629,-33.43483,0.0],[-70.66635,-33.43362,0.0]],[[-70.66493,-33.43475,0.0],[-70.66477,-33.43473,0.0],[-70.66454,-33.43471,0.0],[-70.66401,-33.43469,0.0]],[[-70.66401,-33.43469,0.0],[-70.66332,-33.43468,0.0],[-70.66284,-33.43467,0.0]],[[-70.66401,-33.43469,0.0],[-70.66405,-33.43419,0.0],[-70.66406,-33.43406,0.0],[-70.66412,-33.43336,0.0]],[[-70.66284,-33.43467,0.0],[-70.66161,-33.43461,0.0]],[[-70.66284,-33.43467,0.0],[-70.66288,-33.43435,0.0],[-70.66295,-33.43382,0.0]],[[-70.66161,-33.43461,0.0],[-70.66076,-33.43456,0.0],[-70.66096,-33.43328,0.0],[-70.66182,-33.43331,0.0]],[[-70.66295,-33.43382,0.0],[-70.66174,-33.43378,0.0]],[[-70.66295,-33.43382,0.0],[-70.66299,-33.4333,0.0]],[[-70.66897,-33.43379,0.0],[-70.66899,-33.43353,0.0],[-70.66905,-33.433,0.0]],[[-70.66174,-33.43378,0.0],[-70.66166,-33.43431,0.0],[-70.66161,-33.43461,0.0]],[[-70.66837,-33.43375,0.0],[-70.66897,-33.43379,0.0]],[[-70.66749,-33.43369,0.0],[-70.66787,-33.43372,0.0],[-70.66837,-33.43375,0.0]],[[-70.66749,-33.43369,0.0],[-70.66745,-33.4341,0.0],[-70.66744,-33.43423,0.0],[-70.66737,-33.43488,0.0]],[[-70.66635,-33.43362,0.0],[-70.6666,-33.43364,0.0],[-70.66673,-33.43365,0.0],[-70.66749,-33.43369,0.0]],[[-70.66635,-33.43362,0.0],[-70.66639,-33.43283,0.0]],[[-70.665,-33.43355,0.0],[-70.66531,-33.43356,0.0],[-70.66552,-33.43357,0.0],[-70.66583,-33.43359,0.0],[-70.66635,-33.43362,0.0]],[[-70.665,-33.43355,0.0],[-70.66493,-33.43475,0.0]],[[-70.66501,-33.43339,0.0],[-70.665,-33.43355,0.0]],[[-70.66501,-33.43339,0.0],[-70.66482,-33.43338,0.0],[-70.66412,-33.43336,0.0]],[[-70.66412,-33.43336,0.0],[-70.66299,-33.4333,0.0]],[[-70.66182,-33.43331,0.0],[-70.66174,-33.43378,0.0]],[[-70.66182,-33.43331,0.0],[-70.66299,-33.4333,0.0]],[[-70.66299,-33.4333,0.0],[-70.66305,-33.43267,0.0]],[[-70.66905,-33.433,0.0],[-70.66912,-33.43239,0.0],[-70.66914,-33.43211,0.0],[-70.66804,-33.43211,0.0],[-70.66768,-33.43211,0.0]],[[-70.66757,-33.4329,0.0],[-70.66905,-33.433,0.0]],[[-70.66757,-33.4329,0.0],[-70.66753,-33.43326,0.0],[-70.66749,-33.43369,0.0]],[[-70.66639,-33.43283,0.0],[-70.6668,-33.43285,0.0],[-70.66757,-33.4329,0.0]],[[-70.66639,-33.43283,0.0],[-70.66643,-33.43207,0.0]],[[-70.66506,-33.43275,0.0],[-70.66639,-33.43283,0.0]],[[-70.66506,-33.43275,0.0],[-70.66502,-33.43308,0.0],[-70.66501,-33.43339,0.0]],[[-70.66305,-33.43267,0.0],[-70.66487,-33.43274,0.0],[-70.66506,-33.43275,0.0]],[[-70.66305,-33.43267,0.0],[-70.66306,-33.43244,0.0],[-70.6631,-33.43207,0.0]],[[-70.66926,-33.43212,0.0],[-70.66922,-33.43237,0.0],[-70.66918,-33.43301,0.0],[-70.66912,-33.43354,0.0],[-70.6691,-33.4338,0.0],[-70.669,-33.43494,0.0]],[[-70.66768,-33.43211,0.0],[-70.6676,-33.43255,0.0],[-70.66757,-33.4329,0.0]],[[-70.66768,-33.43211,0.0],[-70.66689,-33.43209,0.0],[-70.66643,-33.43207,0.0]],[[-70.66643,-33.43207,0.0],[-70.66591,-33.43208,0.0],[-70.6651,-33.43207,0.0]],[[-70.66643,-33.43207,0.0],[-70.66646,-33.43164,0.0],[-70.66648,-33.43132,0.0],[-70.66651,-33.43096,0.0]],[[-70.6651,-33.43207,0.0],[-70.66506,-33.43275,0.0]],[[-70.6651,-33.43207,0.0],[-70.6631,-33.43207,0.0]],[[-70.6631,-33.43207,0.0],[-70.66257,-33.43207,0.0],[-70.66214,-33.43207,0.0]],[[-70.6631,-33.43207,0.0],[-70.66319,-33.43101,0.0]],[[-70.66214,-33.43207,0.0],[-70.66207,-33.4324,0.0],[-70.66182,-33.43331,0.0]],[[-70.66214,-33.43207,0.0],[-70.66224,-33.43128,0.0],[-70.66235,-33.43116,0.0],[-70.66319,-33.43101,0.0]],[[-70.66319,-33.43101,0.0],[-70.66452,-33.43068,0.0],[-70.66488,-33.43059,0.0],[-70.66517,-33.43051,0.0]],[[-70.66777,-33.43099,0.0],[-70.66923,-33.43103,0.0]],[[-70.66777,-33.43099,0.0],[-70.66774,-33.43135,0.0],[-70.6677,-33.43166,0.0],[-70.66768,-33.43201,0.0],[-70.66768,-33.43211,0.0]],[[-70.66651,-33.43096,0.0],[-70.66777,-33.43099,0.0]],[[-70.66651,-33.43096,0.0],[-70.66653,-33.43058,0.0]],[[-70.66514,-33.43093,0.0],[-70.6658,-33.43094,0.0],[-70.66651,-33.43096,0.0]],[[-70.66514,-33.43093,0.0],[-70.66514,-33.43138,0.0],[-70.66513,-33.43163,0.0],[-70.6651,-33.43207,0.0]],[[-70.66781,-33.43062,0.0],[-70.66927,-33.43067,0.0]],[[-70.66781,-33.43062,0.0],[-70.66777,-33.43099,0.0]],[[-70.66781,-33.43062,0.0],[-70.66717,-33.43059,0.0],[-70.66653,-33.43058,0.0]],[[-70.66653,-33.43058,0.0],[-70.66655,-33.43006,0.0]],[[-70.66517,-33.43051,0.0],[-70.66514,-33.43093,0.0]],[[-70.66517,-33.43051,0.0],[-70.66655,-33.43006,0.0]],[[-70.6693,-33.43035,0.0],[-70.66785,-33.43031,0.0]],[[-70.66785,-33.43031,0.0],[-70.66781,-33.43062,0.0]],[[-70.66655,-33.43006,0.0],[-70.66725,-33.42982,0.0],[-70.66792,-33.4296,0.0]],[[-70.6679,-33.42995,0.0],[-70.66934,-33.42999,0.0]],[[-70.6679,-33.42995,0.0],[-70.66785,-33.43031,0.0]],[[-70.66792,-33.4296,0.0],[-70.6679,-33.42995,0.0]],[[-70.66792,-33.4296,0.0],[-70.66942,-33.42911,0.0]]]}},{"type":"Feature","properties":{"FolderPath":"cobertura desde 1oct2017/DIURNO - CENTROPONIENTE 11"},"geometry":{"type":"MultiLineString","coordinates":[[[-70.67309,-33.44292,0.0],[-70.67358,-33.44297,0.0],[-70.67396,-33.44302,0.0],[-70.67406,-33.44215,0.0]],[[-70.66987,-33.44289,0.0],[-70.67004,-33.44166,0.0]],[[-70.6679,-33.44254,0.0],[-70.66813,-33.44145,0.0],[-70.6684,-33.44028,0.0],[-70.66849,-33.43912,0.0],[-70.66859,-33.43815,0.0],[-70.6686,-33.43801,0.0],[-70.66862,-33.43764,0.0],[-70.66871,-33.43663,0.0],[-70.66886,-33.43493,0.0]],[[-70.67406,-33.44215,0.0],[-70.67416,-33.44095,0.0]],[[-70.67315,-33.44204,0.0],[-70.67366,-33.4421,0.0],[-70.67406,-33.44215,0.0]],[[-70.67315,-33.44204,0.0],[-70.67309,-33.44292,0.0]],[[-70.67226,-33.44194,0.0],[-70.67315,-33.44204,0.0]],[[-70.67226,-33.44194,0.0],[-70.6722,-33.44282,0.0],[-70.67263,-33.44287,0.0],[-70.67309,-33.44292,0.0]],[[-70.67138,-33.44182,0.0],[-70.67226,-33.44194,0.0]],[[-70.67138,-33.44182,0.0],[-70.67128,-33.44274,0.0],[-70.67126,-33.4429,0.0],[-70.67125,-33.44304,0.0]],[[-70.67004,-33.44166,0.0],[-70.67138,-33.44182,0.0]],[[-70.67004,-33.44166,0.0],[-70.67011,-33.44109,0.0],[-70.67019,-33.4405,0.0]],[[-70.66826,-33.44146,0.0],[-70.67004,-33.44166,0.0]],[[-70.66826,-33.44146,0.0],[-70.668,-33.44256,0.0]],[[-70.67416,-33.44095,0.0],[-70.67329,-33.44085,0.0]],[[-70.67416,-33.44095,0.0],[-70.67422,-33.44032,0.0],[-70.67427,-33.43975,0.0]],[[-70.67329,-33.44085,0.0],[-70.67315,-33.44204,0.0]],[[-70.67329,-33.44085,0.0],[-70.67238,-33.44074,0.0]],[[-70.67238,-33.44074,0.0],[-70.67226,-33.44194,0.0]],[[-70.67238,-33.44074,0.0],[-70.67149,-33.44064,0.0]],[[-70.67149,-33.44064,0.0],[-70.67138,-33.44182,0.0]],[[-70.67149,-33.44064,0.0],[-70.67019,-33.4405,0.0]],[[-70.67019,-33.4405,0.0],[-70.66963,-33.44043,0.0]],[[-70.67019,-33.4405,0.0],[-70.67036,-33.43934,0.0]],[[-70.66963,-33.44043,0.0],[-70.66904,-33.44036,0.0]],[[-70.66904,-33.44036,0.0],[-70.66854,-33.4403,0.0]],[[-70.66854,-33.4403,0.0],[-70.66826,-33.44146,0.0]],[[-70.67427,-33.43975,0.0],[-70.67432,-33.43918,0.0],[-70.67442,-33.43805,0.0]],[[-70.6734,-33.43966,0.0],[-70.67427,-33.43975,0.0]],[[-70.6734,-33.43966,0.0],[-70.67329,-33.44085,0.0]],[[-70.67249,-33.43956,0.0],[-70.6734,-33.43966,0.0]],[[-70.67249,-33.43956,0.0],[-70.67238,-33.44074,0.0]],[[-70.67161,-33.43947,0.0],[-70.67249,-33.43956,0.0]],[[-70.67161,-33.43947,0.0],[-70.67149,-33.44064,0.0]],[[-70.67036,-33.43934,0.0],[-70.67161,-33.43947,0.0]],[[-70.67036,-33.43934,0.0],[-70.67056,-33.43778,0.0]],[[-70.66981,-33.43928,0.0],[-70.67036,-33.43934,0.0]],[[-70.66981,-33.43928,0.0],[-70.66963,-33.44043,0.0]],[[-70.66922,-33.43921,0.0],[-70.66981,-33.43928,0.0]],[[-70.66922,-33.43921,0.0],[-70.66904,-33.44036,0.0]],[[-70.66861,-33.43913,0.0],[-70.66922,-33.43921,0.0]],[[-70.66861,-33.43913,0.0],[-70.66854,-33.4403,0.0]],[[-70.67442,-33.43805,0.0],[-70.67428,-33.43804,0.0],[-70.67372,-33.438,0.0],[-70.67354,-33.43799,0.0]],[[-70.67442,-33.43805,0.0],[-70.67444,-33.43789,0.0],[-70.67447,-33.43752,0.0],[-70.67448,-33.43736,0.0],[-70.67449,-33.4372,0.0],[-70.67451,-33.43703,0.0],[-70.67435,-33.43702,0.0],[-70.67407,-33.437,0.0],[-70.67381,-33.43698,0.0],[-70.67364,-33.43697,0.0]],[[-70.67354,-33.43799,0.0],[-70.67344,-33.43911,0.0],[-70.6734,-33.43966,0.0]],[[-70.67354,-33.43799,0.0],[-70.67264,-33.43793,0.0]],[[-70.67264,-33.43793,0.0],[-70.67255,-33.43884,0.0],[-70.67251,-33.43932,0.0],[-70.67249,-33.43956,0.0]],[[-70.67264,-33.43793,0.0],[-70.67176,-33.43787,0.0]],[[-70.67176,-33.43787,0.0],[-70.67161,-33.43947,0.0]],[[-70.67176,-33.43787,0.0],[-70.67056,-33.43778,0.0]],[[-70.67056,-33.43778,0.0],[-70.66977,-33.43772,0.0],[-70.66875,-33.43765,0.0]],[[-70.67056,-33.43778,0.0],[-70.67071,-33.43677,0.0]],[[-70.66875,-33.43765,0.0],[-70.66871,-33.43802,0.0],[-70.66869,-33.43816,0.0],[-70.66861,-33.43913,0.0]],[[-70.67364,-33.43697,0.0],[-70.67362,-33.43715,0.0],[-70.67359,-33.43748,0.0],[-70.67355,-33.43786,0.0],[-70.67354,-33.43799,0.0]],[[-70.67273,-33.43691,0.0],[-70.67364,-33.43697,0.0]],[[-70.67273,-33.43691,0.0],[-70.67264,-33.43793,0.0]],[[-70.67186,-33.43685,0.0],[-70.67273,-33.43691,0.0]],[[-70.67186,-33.43685,0.0],[-70.67176,-33.43787,0.0]],[[-70.67071,-33.43677,0.0],[-70.67186,-33.43685,0.0]],[[-70.67071,-33.43677,0.0],[-70.67085,-33.43589,0.0],[-70.67095,-33.43497,0.0]],[[-70.66885,-33.43664,0.0],[-70.66987,-33.43671,0.0],[-70.67071,-33.43677,0.0]],[[-70.66885,-33.43664,0.0],[-70.66875,-33.43765,0.0]],[[-70.67291,-33.43504,0.0],[-70.67273,-33.43691,0.0]],[[-70.67204,-33.43501,0.0],[-70.67186,-33.43685,0.0]],[[-70.669,-33.43494,0.0],[-70.66885,-33.43664,0.0]]]}},{"type":"Feature","properties":{"FolderPath":"cobertura desde 1oct2017/DIURNO - CENTROPONIENTE 12"},"geometry":{"type":"MultiLineString","coordinates":[[[-70.67498,-33.43175,0.0],[-70.67515,-33.43019,0.0],[-70.67517,-33.42999,0.0],[-70.67526,-33.42912,0.0]],[[-70.67953,-33.4316,0.0],[-70.68059,-33.43166,0.0],[-70.68067,-33.43034,0.0]],[[-70.67953,-33.4316,0.0],[-70.67846,-33.43153,0.0]],[[-70.67953,-33.4316,0.0],[-70.67965,-33.43028,0.0]],[[-70.67846,-33.43153,0.0],[-70.67745,-33.43145,0.0],[-70.67752,-33.43018,0.0],[-70.6786,-33.43024,0.0]],[[-70.67965,-33.43028,0.0],[-70.68067,-33.43034,0.0]],[[-70.67965,-33.43028,0.0],[-70.6786,-33.43024,0.0]],[[-70.67965,-33.43028,0.0],[-70.6797,-33.42976,0.0],[-70.67977,-33.42896,0.0]],[[-70.6786,-33.43024,0.0],[-70.67858,-33.43044,0.0],[-70.67855,-33.43071,0.0],[-70.67846,-33.43153,0.0]],[[-70.67872,-33.42926,0.0],[-70.6786,-33.43024,0.0]],[[-70.67792,-33.42923,0.0],[-70.67872,-33.42926,0.0]],[[-70.67792,-33.42923,0.0],[-70.678,-33.42872,0.0],[-70.67809,-33.42806,0.0]],[[-70.67669,-33.4292,0.0],[-70.67792,-33.42923,0.0]],[[-70.67669,-33.4292,0.0],[-70.67664,-33.42979,0.0],[-70.67648,-33.43132,0.0],[-70.67646,-33.43166,0.0],[-70.67644,-33.43197,0.0],[-70.67641,-33.4322,0.0],[-70.67635,-33.4326,0.0]],[[-70.67526,-33.42912,0.0],[-70.67594,-33.42916,0.0],[-70.67669,-33.4292,0.0]],[[-70.67526,-33.42912,0.0],[-70.67536,-33.42821,0.0]],[[-70.67439,-33.42907,0.0],[-70.67526,-33.42912,0.0]],[[-70.67439,-33.42907,0.0],[-70.67426,-33.43013,0.0],[-70.67411,-33.4317,0.0]],[[-70.68061,-33.429,0.0],[-70.68071,-33.4298,0.0],[-70.68067,-33.43034,0.0]],[[-70.67352,-33.429,0.0],[-70.67439,-33.42907,0.0]],[[-70.67977,-33.42896,0.0],[-70.68061,-33.429,0.0]],[[-70.67977,-33.42896,0.0],[-70.67876,-33.42889,0.0]],[[-70.67876,-33.42889,0.0],[-70.67872,-33.42926,0.0]],[[-70.67536,-33.42821,0.0],[-70.67545,-33.42709,0.0]],[[-70.67678,-33.42813,0.0],[-70.67669,-33.4292,0.0]],[[-70.67678,-33.42813,0.0],[-70.67536,-33.42821,0.0]],[[-70.67678,-33.42813,0.0],[-70.67809,-33.42806,0.0]],[[-70.67883,-33.42805,0.0],[-70.67876,-33.42889,0.0]],[[-70.67883,-33.42805,0.0],[-70.67809,-33.42806,0.0]],[[-70.67998,-33.42797,0.0],[-70.68061,-33.429,0.0]],[[-70.67998,-33.42797,0.0],[-70.67883,-33.42805,0.0]],[[-70.67811,-33.42777,0.0],[-70.67809,-33.42806,0.0]],[[-70.67811,-33.42777,0.0],[-70.67811,-33.42733,0.0],[-70.67815,-33.42702,0.0]],[[-70.67363,-33.42773,0.0],[-70.67545,-33.42709,0.0]],[[-70.67911,-33.42746,0.0],[-70.67872,-33.42759,0.0],[-70.67811,-33.42777,0.0]],[[-70.67911,-33.42746,0.0],[-70.67815,-33.42702,0.0]],[[-70.6793,-33.4274,0.0],[-70.67958,-33.42759,0.0],[-70.67998,-33.42797,0.0]],[[-70.6793,-33.4274,0.0],[-70.67911,-33.42746,0.0]],[[-70.67545,-33.42709,0.0],[-70.67666,-33.42668,0.0]],[[-70.67815,-33.42702,0.0],[-70.67689,-33.42682,0.0],[-70.67678,-33.42813,0.0]],[[-70.67698,-33.42663,0.0],[-70.67815,-33.42694,0.0],[-70.67864,-33.4271,0.0],[-70.67901,-33.42725,0.0],[-70.6793,-33.4274,0.0]]]}},{"type":"Feature","properties":{"FolderPath":"cobertura desde 1oct2017/DIURNO - CENTROPONIENTE 7"},"geometry":{"type":"MultiLineString","coordinates":[[[-70.67204,-33.43501,0.0],[-70.67141,-33.43499,0.0],[-70.67095,-33.43497,0.0]],[[-70.67095,-33.43497,0.0],[-70.67004,-33.43493,0.0]],[[-70.67095,-33.43497,0.0],[-70.67109,-33.43393,0.0]],[[-70.67004,-33.43493,0.0],[-70.669,-33.43494,0.0]],[[-70.67301,-33.43406,0.0],[-70.67291,-33.43504,0.0],[-70.67204,-33.43501,0.0]],[[-70.67213,-33.434,0.0],[-70.67301,-33.43406,0.0]],[[-70.67213,-33.434,0.0],[-70.67204,-33.43501,0.0]],[[-70.67109,-33.43393,0.0],[-70.67213,-33.434,0.0]],[[-70.67109,-33.43393,0.0],[-70.67116,-33.43345,0.0],[-70.6712,-33.43315,0.0]],[[-70.67013,-33.43387,0.0],[-70.67109,-33.43393,0.0]],[[-70.67013,-33.43387,0.0],[-70.67004,-33.43493,0.0]],[[-70.6691,-33.4338,0.0],[-70.66946,-33.43383,0.0],[-70.67013,-33.43387,0.0]],[[-70.67309,-33.43328,0.0],[-70.67395,-33.43334,0.0]],[[-70.67309,-33.43328,0.0],[-70.67301,-33.43406,0.0]],[[-70.67219,-33.43322,0.0],[-70.67309,-33.43328,0.0]],[[-70.67219,-33.43322,0.0],[-70.67213,-33.434,0.0]],[[-70.6712,-33.43315,0.0],[-70.67219,-33.43322,0.0]],[[-70.6712,-33.43315,0.0],[-70.67136,-33.43224,0.0]],[[-70.67017,-33.43307,0.0],[-70.6712,-33.43315,0.0]],[[-70.67017,-33.43307,0.0],[-70.67015,-33.43339,0.0],[-70.67013,-33.43387,0.0]],[[-70.66918,-33.43301,0.0],[-70.67017,-33.43307,0.0]],[[-70.67402,-33.43243,0.0],[-70.67318,-33.43237,0.0]],[[-70.67318,-33.43237,0.0],[-70.67309,-33.43328,0.0]],[[-70.67318,-33.43237,0.0],[-70.6723,-33.4323,0.0]],[[-70.6723,-33.4323,0.0],[-70.67219,-33.43322,0.0]],[[-70.6723,-33.4323,0.0],[-70.67136,-33.43224,0.0]],[[-70.67136,-33.43224,0.0],[-70.67024,-33.43216,0.0]],[[-70.67136,-33.43224,0.0],[-70.6714,-33.43192,0.0],[-70.67142,-33.43171,0.0],[-70.67146,-33.43133,0.0],[-70.67164,-33.42973,0.0]],[[-70.67024,-33.43216,0.0],[-70.67022,-33.4324,0.0],[-70.67017,-33.43307,0.0]],[[-70.67024,-33.43216,0.0],[-70.66992,-33.43215,0.0],[-70.66971,-33.43214,0.0],[-70.66949,-33.43213,0.0],[-70.66926,-33.43212,0.0],[-70.66927,-33.43197,0.0],[-70.6693,-33.43171,0.0],[-70.66934,-33.43139,0.0],[-70.66937,-33.43103,0.0],[-70.66938,-33.4307,0.0]],[[-70.66914,-33.43211,0.0],[-70.66915,-33.43198,0.0],[-70.66918,-33.4317,0.0],[-70.6692,-33.43138,0.0],[-70.66923,-33.43103,0.0],[-70.66927,-33.43067,0.0],[-70.66929,-33.43048,0.0],[-70.6693,-33.43035,0.0],[-70.66934,-33.42999,0.0],[-70.66936,-33.4297,0.0],[-70.66936,-33.42946,0.0],[-70.66942,-33.42911,0.0]],[[-70.67411,-33.4317,0.0],[-70.67324,-33.43167,0.0]],[[-70.67324,-33.43167,0.0],[-70.67318,-33.43237,0.0]],[[-70.67327,-33.43144,0.0],[-70.67324,-33.43167,0.0]],[[-70.67261,-33.43139,0.0],[-70.67327,-33.43144,0.0]],[[-70.67261,-33.43139,0.0],[-70.67182,-33.43137,0.0],[-70.67183,-33.4313,0.0],[-70.67184,-33.43123,0.0],[-70.67261,-33.43139,0.0]],[[-70.6703,-33.43083,0.0],[-70.67026,-33.43163,0.0],[-70.67025,-33.43184,0.0],[-70.67024,-33.432,0.0],[-70.67024,-33.43216,0.0]],[[-70.66938,-33.4307,0.0],[-70.6703,-33.43083,0.0]],[[-70.67032,-33.43055,0.0],[-70.6703,-33.43083,0.0]],[[-70.66941,-33.43048,0.0],[-70.67032,-33.43055,0.0]],[[-70.66941,-33.43048,0.0],[-70.66938,-33.4307,0.0]],[[-70.67164,-33.42973,0.0],[-70.67168,-33.42946,0.0],[-70.6717,-33.42925,0.0],[-70.67172,-33.4291,0.0],[-70.67177,-33.42872,0.0],[-70.6718,-33.42831,0.0]],[[-70.67164,-33.42973,0.0],[-70.67348,-33.42937,0.0]],[[-70.67037,-33.42971,0.0],[-70.67164,-33.42973,0.0]],[[-70.67037,-33.42971,0.0],[-70.67033,-33.43033,0.0],[-70.67032,-33.43055,0.0]],[[-70.66948,-33.4297,0.0],[-70.67037,-33.42971,0.0]],[[-70.66948,-33.4297,0.0],[-70.66945,-33.42999,0.0],[-70.66944,-33.43026,0.0],[-70.66941,-33.43048,0.0]],[[-70.66948,-33.4297,0.0],[-70.6695,-33.42947,0.0],[-70.66954,-33.42907,0.0],[-70.67041,-33.42877,0.0]],[[-70.67348,-33.42937,0.0],[-70.67329,-33.4312,0.0],[-70.67327,-33.43144,0.0]],[[-70.67041,-33.42877,0.0],[-70.6704,-33.42906,0.0],[-70.67038,-33.42941,0.0],[-70.67037,-33.42971,0.0]],[[-70.67041,-33.42877,0.0],[-70.67074,-33.42866,0.0],[-70.6718,-33.42831,0.0]],[[-70.6718,-33.42831,0.0],[-70.67223,-33.42818,0.0]],[[-70.67363,-33.42773,0.0],[-70.67352,-33.429,0.0],[-70.67348,-33.42937,0.0]]]}},{"type":"Feature","properties":{"FolderPath":"cobertura desde 1oct2017/DIURNO - CENTROPONIENTE 8"},"geometry":{"type":"MultiLineString","coordinates":[[[-70.68992,-33.44438,0.0],[-70.69117,-33.44443,0.0],[-70.69182,-33.44446,0.0],[-70.69182,-33.44429,0.0],[-70.69181,-33.44392,0.0],[-70.69166,-33.44215,0.0],[-70.69164,-33.44192,0.0],[-70.69152,-33.43974,0.0],[-70.69161,-33.43924,0.0],[-70.69096,-33.43917,0.0],[-70.68948,-33.43907,0.0],[-70.68847,-33.439,0.0],[-70.68655,-33.43887,0.0],[-70.68401,-33.4387,0.0],[-70.6832,-33.43865,0.0],[-70.68211,-33.43857,0.0],[-70.68174,-33.43855,0.0],[-70.68055,-33.43847,0.0],[-70.68006,-33.43844,0.0]],[[-70.68992,-33.44438,0.0],[-70.68854,-33.44431,0.0],[-70.68801,-33.44429,0.0],[-70.6874,-33.44426,0.0],[-70.68543,-33.44416,0.0],[-70.68418,-33.4441,0.0],[-70.68351,-33.44407,0.0],[-70.68022,-33.44391,0.0],[-70.67988,-33.44383,0.0],[-70.67958,-33.4437,0.0],[-70.67963,-33.44336,0.0],[-70.67966,-33.44293,0.0],[-70.67969,-33.4426,0.0]],[[-70.68992,-33.44438,0.0],[-70.68991,-33.44381,0.0],[-70.689605,-33.439729,0.0]],[[-70.67742,-33.44342,0.0],[-70.67771,-33.44344,0.0],[-70.67824,-33.4435,0.0],[-70.6785,-33.44352,0.0],[-70.67856,-33.44253,0.0]],[[-70.67635,-33.4433,0.0],[-70.67667,-33.44333,0.0],[-70.67712,-33.44338,0.0],[-70.67742,-33.44342,0.0]],[[-70.67635,-33.4433,0.0],[-70.67643,-33.44238,0.0]],[[-70.67538,-33.44318,0.0],[-70.67586,-33.44325,0.0],[-70.67635,-33.4433,0.0]],[[-70.67396,-33.44302,0.0],[-70.67465,-33.4431,0.0],[-70.67538,-33.44318,0.0]],[[-70.67969,-33.4426,0.0],[-70.67973,-33.44209,0.0],[-70.67975,-33.4419,0.0],[-70.67978,-33.44156,0.0]],[[-70.67856,-33.44253,0.0],[-70.67969,-33.4426,0.0]],[[-70.67856,-33.44253,0.0],[-70.67866,-33.44145,0.0]],[[-70.67749,-33.44245,0.0],[-70.67856,-33.44253,0.0]],[[-70.67749,-33.44245,0.0],[-70.67742,-33.44342,0.0]],[[-70.67643,-33.44238,0.0],[-70.67683,-33.44241,0.0],[-70.67707,-33.44242,0.0],[-70.67749,-33.44245,0.0]],[[-70.67643,-33.44238,0.0],[-70.67654,-33.44121,0.0]],[[-70.67546,-33.44233,0.0],[-70.67596,-33.44235,0.0],[-70.67643,-33.44238,0.0]],[[-70.67546,-33.44233,0.0],[-70.67542,-33.44275,0.0],[-70.67538,-33.44318,0.0]],[[-70.67406,-33.44215,0.0],[-70.6746,-33.44221,0.0],[-70.67494,-33.44225,0.0],[-70.67546,-33.44233,0.0]],[[-70.67978,-33.44156,0.0],[-70.67947,-33.44153,0.0],[-70.67866,-33.44145,0.0]],[[-70.67978,-33.44156,0.0],[-70.67986,-33.44062,0.0],[-70.67988,-33.44032,0.0]],[[-70.67866,-33.44145,0.0],[-70.67758,-33.44133,0.0]],[[-70.67866,-33.44145,0.0],[-70.67877,-33.44022,0.0]],[[-70.67758,-33.44133,0.0],[-70.67749,-33.44245,0.0]],[[-70.67758,-33.44133,0.0],[-70.67716,-33.44129,0.0],[-70.67654,-33.44121,0.0]],[[-70.67654,-33.44121,0.0],[-70.67607,-33.44116,0.0],[-70.67557,-33.44111,0.0]],[[-70.67654,-33.44121,0.0],[-70.67665,-33.43999,0.0]],[[-70.67557,-33.44111,0.0],[-70.67546,-33.44233,0.0]],[[-70.67557,-33.44111,0.0],[-70.67515,-33.44106,0.0],[-70.67455,-33.44099,0.0],[-70.67416,-33.44095,0.0]],[[-70.67988,-33.44032,0.0],[-70.68006,-33.43844,0.0]],[[-70.67877,-33.44022,0.0],[-70.67962,-33.44029,0.0],[-70.67988,-33.44032,0.0]],[[-70.67877,-33.44022,0.0],[-70.6789,-33.4387,0.0],[-70.67893,-33.43836,0.0]],[[-70.6777,-33.4401,0.0],[-70.67877,-33.44022,0.0]],[[-70.6777,-33.4401,0.0],[-70.67758,-33.44133,0.0]],[[-70.67665,-33.43999,0.0],[-70.6777,-33.4401,0.0]],[[-70.67665,-33.43999,0.0],[-70.67677,-33.43863,0.0],[-70.6768,-33.43821,0.0]],[[-70.67569,-33.43989,0.0],[-70.67665,-33.43999,0.0]],[[-70.67569,-33.43989,0.0],[-70.67557,-33.44111,0.0]],[[-70.67427,-33.43975,0.0],[-70.67479,-33.4398,0.0],[-70.67569,-33.43989,0.0]],[[-70.68006,-33.43844,0.0],[-70.67983,-33.43843,0.0],[-70.67893,-33.43836,0.0]],[[-70.68006,-33.43844,0.0],[-70.68007,-33.43825,0.0],[-70.68014,-33.4374,0.0]],[[-70.67893,-33.43836,0.0],[-70.67788,-33.4383,0.0]],[[-70.67893,-33.43836,0.0],[-70.67902,-33.43734,0.0]],[[-70.67788,-33.4383,0.0],[-70.67786,-33.43862,0.0],[-70.67785,-33.43878,0.0],[-70.67782,-33.43909,0.0],[-70.6777,-33.4401,0.0]],[[-70.67788,-33.4383,0.0],[-70.6768,-33.43821,0.0]],[[-70.6768,-33.43821,0.0],[-70.67651,-33.43818,0.0],[-70.67583,-33.43816,0.0]],[[-70.6768,-33.43821,0.0],[-70.6769,-33.43719,0.0]],[[-70.67583,-33.43816,0.0],[-70.67576,-33.43905,0.0],[-70.67569,-33.43989,0.0]],[[-70.67583,-33.43816,0.0],[-70.67442,-33.43805,0.0]],[[-70.67795,-33.43726,0.0],[-70.67793,-33.4375,0.0],[-70.67788,-33.4383,0.0]],[[-70.67593,-33.43713,0.0],[-70.67583,-33.43816,0.0]]]}},{"type":"Feature","properties":{"FolderPath":"cobertura desde 1oct2017/DIURNO - CENTROPONIENTE 9"},"geometry":{"type":"MultiLineString","coordinates":[[[-70.67902,-33.43734,0.0],[-70.68014,-33.4374,0.0],[-70.68022,-33.4365,0.0],[-70.68028,-33.43583,0.0]],[[-70.67902,-33.43734,0.0],[-70.67917,-33.43571,0.0]],[[-70.67795,-33.43726,0.0],[-70.67834,-33.43729,0.0],[-70.67902,-33.43734,0.0]],[[-70.6769,-33.43719,0.0],[-70.67795,-33.43726,0.0]],[[-70.6769,-33.43719,0.0],[-70.67705,-33.43543,0.0]],[[-70.67593,-33.43713,0.0],[-70.67658,-33.43716,0.0],[-70.6769,-33.43719,0.0]],[[-70.67593,-33.43713,0.0],[-70.67451,-33.43703,0.0],[-70.67454,-33.43667,0.0],[-70.67456,-33.43643,0.0],[-70.6746,-33.43598,0.0],[-70.67469,-33.4351,0.0]],[[-70.68246,-33.43614,0.0],[-70.68141,-33.43599,0.0],[-70.68101,-33.43595,0.0],[-70.68035,-33.43586,0.0]],[[-70.68028,-33.43583,0.0],[-70.67917,-33.43571,0.0]],[[-70.67917,-33.43571,0.0],[-70.67811,-33.43556,0.0]],[[-70.67917,-33.43571,0.0],[-70.67928,-33.43448,0.0]],[[-70.67811,-33.43556,0.0],[-70.67795,-33.43726,0.0]],[[-70.67811,-33.43556,0.0],[-70.67705,-33.43543,0.0]],[[-70.67705,-33.43543,0.0],[-70.67609,-33.43531,0.0]],[[-70.67705,-33.43543,0.0],[-70.67715,-33.43433,0.0]],[[-70.67609,-33.43531,0.0],[-70.67593,-33.43713,0.0]],[[-70.67609,-33.43531,0.0],[-70.67469,-33.4351,0.0]],[[-70.67469,-33.4351,0.0],[-70.6738,-33.43507,0.0]],[[-70.67469,-33.4351,0.0],[-70.6748,-33.43417,0.0]],[[-70.6738,-33.43507,0.0],[-70.67364,-33.43697,0.0]],[[-70.6738,-33.43507,0.0],[-70.67291,-33.43504,0.0]],[[-70.68041,-33.43455,0.0],[-70.68028,-33.43583,0.0]],[[-70.68041,-33.43455,0.0],[-70.68047,-33.43373,0.0]],[[-70.67928,-33.43448,0.0],[-70.68041,-33.43455,0.0]],[[-70.67928,-33.43448,0.0],[-70.6793,-33.43419,0.0],[-70.67935,-33.43366,0.0]],[[-70.67821,-33.43441,0.0],[-70.67928,-33.43448,0.0]],[[-70.67821,-33.43441,0.0],[-70.67811,-33.43556,0.0]],[[-70.67715,-33.43433,0.0],[-70.67821,-33.43441,0.0]],[[-70.67715,-33.43433,0.0],[-70.67721,-33.43353,0.0]],[[-70.67619,-33.43427,0.0],[-70.67665,-33.4343,0.0],[-70.67715,-33.43433,0.0]],[[-70.67619,-33.43427,0.0],[-70.67609,-33.43531,0.0]],[[-70.6748,-33.43417,0.0],[-70.67619,-33.43427,0.0]],[[-70.6748,-33.43417,0.0],[-70.67485,-33.43338,0.0]],[[-70.67388,-33.43412,0.0],[-70.67441,-33.43415,0.0],[-70.6748,-33.43417,0.0]],[[-70.67388,-33.43412,0.0],[-70.6738,-33.43507,0.0]],[[-70.67301,-33.43406,0.0],[-70.67388,-33.43412,0.0]],[[-70.68047,-33.43373,0.0],[-70.68052,-33.43301,0.0]],[[-70.67935,-33.43366,0.0],[-70.68047,-33.43373,0.0]],[[-70.67935,-33.43366,0.0],[-70.67942,-33.43289,0.0]],[[-70.67829,-33.43359,0.0],[-70.67935,-33.43366,0.0]],[[-70.67829,-33.43359,0.0],[-70.67824,-33.43413,0.0],[-70.67821,-33.43441,0.0]],[[-70.67721,-33.43353,0.0],[-70.67829,-33.43359,0.0]],[[-70.67721,-33.43353,0.0],[-70.67725,-33.43319,0.0],[-70.67731,-33.43269,0.0]],[[-70.67627,-33.43349,0.0],[-70.67721,-33.43353,0.0]],[[-70.67627,-33.43349,0.0],[-70.67619,-33.43427,0.0]],[[-70.67485,-33.43338,0.0],[-70.67627,-33.43349,0.0]],[[-70.67485,-33.43338,0.0],[-70.67492,-33.43249,0.0]],[[-70.67395,-33.43334,0.0],[-70.67485,-33.43338,0.0]],[[-70.67395,-33.43334,0.0],[-70.67388,-33.43412,0.0]],[[-70.68052,-33.43301,0.0],[-70.68035,-33.433,0.0],[-70.67942,-33.43289,0.0]],[[-70.67942,-33.43289,0.0],[-70.67835,-33.43279,0.0]],[[-70.67942,-33.43289,0.0],[-70.67953,-33.4316,0.0]],[[-70.67835,-33.43279,0.0],[-70.67831,-33.43328,0.0],[-70.67829,-33.43359,0.0]],[[-70.67835,-33.43279,0.0],[-70.67731,-33.43269,0.0]],[[-70.67731,-33.43269,0.0],[-70.67635,-33.4326,0.0]],[[-70.67731,-33.43269,0.0],[-70.67745,-33.43145,0.0]],[[-70.67635,-33.4326,0.0],[-70.67627,-33.43349,0.0]],[[-70.67635,-33.4326,0.0],[-70.67566,-33.43252,0.0],[-70.67522,-33.4325,0.0],[-70.67492,-33.43249,0.0]],[[-70.67492,-33.43249,0.0],[-70.67402,-33.43243,0.0]],[[-70.67492,-33.43249,0.0],[-70.67498,-33.43175,0.0],[-70.67411,-33.4317,0.0],[-70.67402,-33.43243,0.0]],[[-70.67402,-33.43243,0.0],[-70.67395,-33.43334,0.0]],[[-70.68059,-33.43166,0.0],[-70.68053,-33.43255,0.0],[-70.68052,-33.43301,0.0]],[[-70.67846,-33.43153,0.0],[-70.67835,-33.43279,0.0]]]}},{"type":"Feature","properties":{"FolderPath":"cobertura desde 1oct2017/DIURNO - ORIENTE 17"},"geometry":{"type":"MultiLineString","coordinates":[[[-70.65641,-33.46034,0.0],[-70.65654,-33.45772,0.0],[-70.65667,-33.45648,0.0],[-70.65669,-33.45635,0.0]],[[-70.65458,-33.45777,0.0],[-70.65478,-33.45606,0.0]],[[-70.6537,-33.45761,0.0],[-70.6538,-33.45673,0.0],[-70.65391,-33.45596,0.0]],[[-70.65286,-33.45747,0.0],[-70.65294,-33.45688,0.0],[-70.65311,-33.45586,0.0]],[[-70.65156,-33.45725,0.0],[-70.65174,-33.45569,0.0]],[[-70.65669,-33.45635,0.0],[-70.65652,-33.45634,0.0],[-70.65635,-33.45631,0.0]],[[-70.65669,-33.45635,0.0],[-70.65671,-33.45619,0.0],[-70.65753,-33.45475,0.0],[-70.65771,-33.45451,0.0]],[[-70.65635,-33.45631,0.0],[-70.65575,-33.45621,0.0]],[[-70.65635,-33.45631,0.0],[-70.65657,-33.4545,0.0]],[[-70.65575,-33.45621,0.0],[-70.65562,-33.45793,0.0]],[[-70.65575,-33.45621,0.0],[-70.65524,-33.45612,0.0]],[[-70.65575,-33.45621,0.0],[-70.65589,-33.45448,0.0]],[[-70.65524,-33.45612,0.0],[-70.65478,-33.45606,0.0]],[[-70.65478,-33.45606,0.0],[-70.65391,-33.45596,0.0]],[[-70.65478,-33.45606,0.0],[-70.6549,-33.45535,0.0],[-70.65492,-33.45448,0.0]],[[-70.65391,-33.45596,0.0],[-70.65311,-33.45586,0.0]],[[-70.65391,-33.45596,0.0],[-70.65394,-33.45562,0.0],[-70.65395,-33.45537,0.0],[-70.65396,-33.45528,0.0],[-70.65404,-33.4548,0.0],[-70.65408,-33.45444,0.0]],[[-70.65311,-33.45586,0.0],[-70.65229,-33.45577,0.0]],[[-70.65311,-33.45586,0.0],[-70.65323,-33.45478,0.0],[-70.65331,-33.45442,0.0]],[[-70.65229,-33.45577,0.0],[-70.65205,-33.45734,0.0]],[[-70.65229,-33.45577,0.0],[-70.65174,-33.45569,0.0]],[[-70.65174,-33.45569,0.0],[-70.65127,-33.45564,0.0]],[[-70.65127,-33.45564,0.0],[-70.65124,-33.45586,0.0],[-70.65114,-33.45686,0.0],[-70.65108,-33.45717,0.0]],[[-70.65127,-33.45564,0.0],[-70.65149,-33.45438,0.0],[-70.65249,-33.4544,0.0]],[[-70.65771,-33.45451,0.0],[-70.65783,-33.45413,0.0],[-70.65803,-33.45343,0.0],[-70.65807,-33.45325,0.0]],[[-70.65657,-33.4545,0.0],[-70.65739,-33.45451,0.0],[-70.65771,-33.45451,0.0]],[[-70.65657,-33.4545,0.0],[-70.65664,-33.45424,0.0],[-70.65683,-33.45345,0.0],[-70.65689,-33.45318,0.0]],[[-70.65541,-33.4545,0.0],[-70.65524,-33.45612,0.0]],[[-70.65541,-33.4545,0.0],[-70.65558,-33.45448,0.0]],[[-70.65589,-33.45448,0.0],[-70.65657,-33.4545,0.0]],[[-70.65558,-33.45448,0.0],[-70.65589,-33.45448,0.0]],[[-70.65492,-33.45448,0.0],[-70.65541,-33.4545,0.0]],[[-70.65492,-33.45448,0.0],[-70.65496,-33.45368,0.0]],[[-70.65408,-33.45444,0.0],[-70.65492,-33.45448,0.0]],[[-70.65408,-33.45444,0.0],[-70.65417,-33.45352,0.0]],[[-70.65331,-33.45442,0.0],[-70.65408,-33.45444,0.0]],[[-70.65331,-33.45442,0.0],[-70.65344,-33.45338,0.0]],[[-70.65249,-33.4544,0.0],[-70.65331,-33.45442,0.0]],[[-70.65249,-33.4544,0.0],[-70.65229,-33.45577,0.0]],[[-70.65572,-33.45383,0.0],[-70.65558,-33.45448,0.0]],[[-70.65496,-33.45368,0.0],[-70.65572,-33.45383,0.0]],[[-70.65417,-33.45352,0.0],[-70.65496,-33.45368,0.0]],[[-70.65417,-33.45352,0.0],[-70.65424,-33.45283,0.0]],[[-70.65344,-33.45338,0.0],[-70.65368,-33.45343,0.0],[-70.65376,-33.45344,0.0],[-70.65417,-33.45352,0.0]],[[-70.65344,-33.45338,0.0],[-70.6535,-33.45266,0.0]],[[-70.65268,-33.45327,0.0],[-70.65344,-33.45338,0.0]],[[-70.65268,-33.45327,0.0],[-70.65249,-33.4544,0.0]],[[-70.65807,-33.45325,0.0],[-70.6582,-33.45284,0.0],[-70.65834,-33.4524,0.0]],[[-70.65591,-33.4531,0.0],[-70.65583,-33.45339,0.0],[-70.65572,-33.45383,0.0]],[[-70.65508,-33.45301,0.0],[-70.65496,-33.45368,0.0]],[[-70.65746,-33.45291,0.0],[-70.65755,-33.45323,0.0],[-70.65807,-33.45325,0.0]],[[-70.6528,-33.45249,0.0],[-70.65268,-33.45327,0.0]]]}},{"type":"Feature","properties":{"FolderPath":"cobertura desde 1oct2017/DIURNO - ORIENTE 18"},"geometry":{"type":"MultiLineString","coordinates":[[[-70.64455,-33.45721,0.0],[-70.64476,-33.45601,0.0]],[[-70.64957,-33.45694,0.0],[-70.64974,-33.45599,0.0],[-70.64984,-33.45546,0.0]],[[-70.64871,-33.45678,0.0],[-70.64894,-33.45537,0.0]],[[-70.64476,-33.45601,0.0],[-70.64592,-33.45623,0.0],[-70.64689,-33.45645,0.0],[-70.6473,-33.45504,0.0]],[[-70.65127,-33.45564,0.0],[-70.64984,-33.45546,0.0]],[[-70.64257,-33.45561,0.0],[-70.64361,-33.4558,0.0],[-70.64476,-33.45601,0.0]],[[-70.64984,-33.45546,0.0],[-70.64894,-33.45537,0.0]],[[-70.64984,-33.45546,0.0],[-70.65002,-33.45416,0.0]],[[-70.64894,-33.45537,0.0],[-70.64805,-33.4552,0.0]],[[-70.64805,-33.4552,0.0],[-70.64777,-33.45661,0.0]],[[-70.64805,-33.4552,0.0],[-70.6473,-33.45504,0.0]],[[-70.6473,-33.45504,0.0],[-70.64628,-33.45483,0.0],[-70.64379,-33.4544,0.0],[-70.64284,-33.45424,0.0]],[[-70.6473,-33.45504,0.0],[-70.64742,-33.45451,0.0],[-70.64757,-33.45389,0.0]],[[-70.64284,-33.45424,0.0],[-70.64257,-33.45561,0.0]],[[-70.64284,-33.45424,0.0],[-70.64198,-33.45407,0.0]],[[-70.65002,-33.45416,0.0],[-70.65054,-33.45427,0.0],[-70.65149,-33.45438,0.0]],[[-70.65002,-33.45416,0.0],[-70.65025,-33.45274,0.0]],[[-70.64198,-33.45407,0.0],[-70.64164,-33.45542,0.0],[-70.64257,-33.45561,0.0]],[[-70.6483,-33.45397,0.0],[-70.64805,-33.4552,0.0]],[[-70.6483,-33.45397,0.0],[-70.64893,-33.45396,0.0],[-70.64915,-33.454,0.0],[-70.65002,-33.45416,0.0]],[[-70.64757,-33.45389,0.0],[-70.6483,-33.45397,0.0]],[[-70.64757,-33.45389,0.0],[-70.64788,-33.45225,0.0]],[[-70.64522,-33.45352,0.0],[-70.64651,-33.45374,0.0],[-70.64757,-33.45389,0.0]],[[-70.64522,-33.45352,0.0],[-70.6455,-33.45188,0.0]],[[-70.64304,-33.45315,0.0],[-70.64397,-33.45329,0.0],[-70.64522,-33.45352,0.0]],[[-70.64304,-33.45315,0.0],[-70.64296,-33.45358,0.0],[-70.64284,-33.45424,0.0]],[[-70.64232,-33.45301,0.0],[-70.64304,-33.45315,0.0]],[[-70.64232,-33.45301,0.0],[-70.64198,-33.45407,0.0]],[[-70.65025,-33.45274,0.0],[-70.65076,-33.45286,0.0],[-70.65268,-33.45327,0.0]],[[-70.65025,-33.45274,0.0],[-70.65034,-33.45201,0.0],[-70.65037,-33.45188,0.0]],[[-70.64866,-33.45242,0.0],[-70.65025,-33.45274,0.0]],[[-70.64866,-33.45242,0.0],[-70.6483,-33.45397,0.0]],[[-70.64788,-33.45225,0.0],[-70.64866,-33.45242,0.0]],[[-70.64788,-33.45225,0.0],[-70.64809,-33.45128,0.0]],[[-70.6455,-33.45188,0.0],[-70.64571,-33.45191,0.0],[-70.64673,-33.45207,0.0],[-70.64788,-33.45225,0.0]],[[-70.64881,-33.45153,0.0],[-70.64866,-33.45242,0.0]],[[-70.64269,-33.45152,0.0],[-70.6442,-33.45173,0.0],[-70.64431,-33.45174,0.0],[-70.64452,-33.45176,0.0],[-70.6455,-33.45188,0.0]],[[-70.64269,-33.45152,0.0],[-70.64232,-33.45301,0.0]],[[-70.64299,-33.4503,0.0],[-70.64283,-33.4509,0.0],[-70.64269,-33.45152,0.0]]]}},{"type":"Feature","properties":{"FolderPath":"cobertura desde 1oct2017/DIURNO - ORIENTE 19"},"geometry":{"type":"MultiLineString","coordinates":[[[-70.64198,-33.45407,0.0],[-70.64048,-33.45384,0.0]],[[-70.63386,-33.45386,0.0],[-70.63482,-33.45406,0.0],[-70.63511,-33.45285,0.0]],[[-70.64048,-33.45384,0.0],[-70.64016,-33.45515,0.0]],[[-70.64048,-33.45384,0.0],[-70.63954,-33.45371,0.0],[-70.63892,-33.45363,0.0]],[[-70.63892,-33.45363,0.0],[-70.63774,-33.45341,0.0]],[[-70.63892,-33.45363,0.0],[-70.63934,-33.45244,0.0]],[[-70.63774,-33.45341,0.0],[-70.63666,-33.4532,0.0]],[[-70.63774,-33.45341,0.0],[-70.63802,-33.45215,0.0]],[[-70.63666,-33.4532,0.0],[-70.63638,-33.4544,0.0],[-70.63749,-33.45462,0.0],[-70.63774,-33.45341,0.0]],[[-70.63656,-33.45318,0.0],[-70.63521,-33.45287,0.0]],[[-70.63656,-33.45318,0.0],[-70.63677,-33.45232,0.0],[-70.63685,-33.45194,0.0]],[[-70.63521,-33.45287,0.0],[-70.63495,-33.45409,0.0],[-70.63534,-33.45418,0.0],[-70.6356,-33.45423,0.0],[-70.63586,-33.45429,0.0],[-70.6363,-33.45438,0.0],[-70.63656,-33.45318,0.0]],[[-70.63511,-33.45285,0.0],[-70.6342,-33.45267,0.0]],[[-70.63511,-33.45285,0.0],[-70.63538,-33.4517,0.0]],[[-70.64076,-33.45275,0.0],[-70.64232,-33.45301,0.0]],[[-70.64076,-33.45275,0.0],[-70.64063,-33.45337,0.0],[-70.64048,-33.45384,0.0]],[[-70.63934,-33.45244,0.0],[-70.63985,-33.45254,0.0],[-70.64076,-33.45275,0.0]],[[-70.63934,-33.45244,0.0],[-70.63996,-33.45057,0.0]],[[-70.63853,-33.45227,0.0],[-70.63934,-33.45244,0.0]],[[-70.63853,-33.45227,0.0],[-70.63884,-33.4513,0.0],[-70.63916,-33.45038,0.0]],[[-70.63802,-33.45215,0.0],[-70.63853,-33.45227,0.0]],[[-70.63802,-33.45215,0.0],[-70.63836,-33.45117,0.0],[-70.63867,-33.45026,0.0]],[[-70.63763,-33.45206,0.0],[-70.63802,-33.45215,0.0]],[[-70.63697,-33.45196,0.0],[-70.63763,-33.45206,0.0]],[[-70.63697,-33.45196,0.0],[-70.63688,-33.45234,0.0],[-70.63666,-33.4532,0.0]],[[-70.63685,-33.45194,0.0],[-70.63697,-33.45196,0.0]],[[-70.63582,-33.45176,0.0],[-70.63664,-33.45191,0.0],[-70.63685,-33.45194,0.0]],[[-70.6357,-33.45174,0.0],[-70.63582,-33.45176,0.0]],[[-70.6357,-33.45174,0.0],[-70.63596,-33.45075,0.0]],[[-70.63549,-33.45171,0.0],[-70.6357,-33.45174,0.0]],[[-70.63549,-33.45171,0.0],[-70.63521,-33.45287,0.0]],[[-70.63538,-33.4517,0.0],[-70.63549,-33.45171,0.0]],[[-70.63446,-33.4516,0.0],[-70.63538,-33.4517,0.0]],[[-70.64117,-33.45122,0.0],[-70.64269,-33.45152,0.0]],[[-70.64117,-33.45122,0.0],[-70.64076,-33.45275,0.0]],[[-70.64123,-33.45088,0.0],[-70.64117,-33.45122,0.0]],[[-70.63596,-33.45075,0.0],[-70.6356,-33.45067,0.0],[-70.63519,-33.4506,0.0],[-70.63471,-33.4505,0.0]],[[-70.6361,-33.4507,0.0],[-70.63582,-33.45176,0.0]],[[-70.6361,-33.4507,0.0],[-70.63596,-33.45075,0.0]],[[-70.636,-33.45066,0.0],[-70.6361,-33.4507,0.0]],[[-70.636,-33.45066,0.0],[-70.63624,-33.44982,0.0],[-70.63631,-33.44977,0.0]],[[-70.63996,-33.45057,0.0],[-70.64108,-33.45084,0.0],[-70.64123,-33.45088,0.0]],[[-70.63996,-33.45057,0.0],[-70.64032,-33.44948,0.0]],[[-70.63473,-33.45042,0.0],[-70.63521,-33.45052,0.0],[-70.63563,-33.45059,0.0],[-70.636,-33.45066,0.0]],[[-70.63916,-33.45038,0.0],[-70.63996,-33.45057,0.0]],[[-70.63867,-33.45026,0.0],[-70.63916,-33.45038,0.0]],[[-70.63867,-33.45026,0.0],[-70.63904,-33.44918,0.0]],[[-70.63822,-33.45016,0.0],[-70.63867,-33.45026,0.0]],[[-70.63822,-33.45016,0.0],[-70.63794,-33.45107,0.0],[-70.63763,-33.45206,0.0]],[[-70.64157,-33.44988,0.0],[-70.64151,-33.45006,0.0],[-70.64123,-33.45088,0.0]],[[-70.63631,-33.44977,0.0],[-70.63822,-33.45016,0.0]],[[-70.63631,-33.44977,0.0],[-70.63635,-33.44983,0.0],[-70.6361,-33.4507,0.0]],[[-70.63494,-33.44953,0.0],[-70.63631,-33.44977,0.0]]]}},{"type":"Feature","properties":{"FolderPath":"cobertura desde 1oct2017/DIURNO - ORIENTE 20"},"geometry":{"type":"MultiLineString","coordinates":[[[-70.65508,-33.46445,0.0],[-70.65622,-33.46457,0.0],[-70.6563,-33.4637,0.0],[-70.65635,-33.46271,0.0],[-70.65637,-33.46205,0.0],[-70.65638,-33.46141,0.0]],[[-70.65508,-33.46445,0.0],[-70.65516,-33.46358,0.0],[-70.6552,-33.46313,0.0],[-70.65524,-33.46268,0.0],[-70.65524,-33.46223,0.0],[-70.65527,-33.46202,0.0],[-70.65529,-33.46182,0.0],[-70.6553,-33.46155,0.0],[-70.65531,-33.46135,0.0]],[[-70.65395,-33.4643,0.0],[-70.65439,-33.46437,0.0],[-70.65467,-33.4644,0.0],[-70.65508,-33.46445,0.0]],[[-70.65395,-33.4643,0.0],[-70.65411,-33.46263,0.0],[-70.65416,-33.46193,0.0],[-70.65421,-33.46152,0.0],[-70.65424,-33.46133,0.0]],[[-70.65288,-33.46417,0.0],[-70.65349,-33.46425,0.0],[-70.65395,-33.4643,0.0]],[[-70.65288,-33.46417,0.0],[-70.65296,-33.46354,0.0],[-70.65299,-33.46333,0.0],[-70.65309,-33.4626,0.0],[-70.65317,-33.46187,0.0],[-70.65325,-33.46128,0.0]],[[-70.65198,-33.46408,0.0],[-70.65288,-33.46417,0.0]],[[-70.65198,-33.46408,0.0],[-70.65218,-33.46256,0.0],[-70.65236,-33.46126,0.0]],[[-70.65104,-33.46397,0.0],[-70.65198,-33.46408,0.0]],[[-70.65127,-33.46253,0.0],[-70.65104,-33.46397,0.0]],[[-70.65127,-33.46253,0.0],[-70.65035,-33.46251,0.0]],[[-70.65035,-33.46251,0.0],[-70.65028,-33.463,0.0],[-70.65016,-33.46389,0.0],[-70.65104,-33.46397,0.0]],[[-70.65638,-33.46141,0.0],[-70.65531,-33.46135,0.0]],[[-70.65638,-33.46141,0.0],[-70.65641,-33.46052,0.0],[-70.65619,-33.46047,0.0],[-70.65538,-33.46039,0.0]],[[-70.65531,-33.46135,0.0],[-70.65424,-33.46133,0.0]],[[-70.65531,-33.46135,0.0],[-70.65534,-33.46102,0.0],[-70.65535,-33.46069,0.0],[-70.65538,-33.46039,0.0]],[[-70.65424,-33.46133,0.0],[-70.65325,-33.46128,0.0]],[[-70.65424,-33.46133,0.0],[-70.65433,-33.46027,0.0]],[[-70.65325,-33.46128,0.0],[-70.65236,-33.46126,0.0]],[[-70.65325,-33.46128,0.0],[-70.65339,-33.46016,0.0]],[[-70.65236,-33.46126,0.0],[-70.65143,-33.46123,0.0],[-70.65127,-33.46253,0.0]],[[-70.65236,-33.46126,0.0],[-70.65241,-33.46084,0.0],[-70.65252,-33.46006,0.0]],[[-70.65051,-33.4612,0.0],[-70.65035,-33.46251,0.0]],[[-70.65538,-33.46039,0.0],[-70.65433,-33.46027,0.0]],[[-70.65433,-33.46027,0.0],[-70.65339,-33.46016,0.0]],[[-70.65543,-33.46022,0.0],[-70.6562,-33.46031,0.0],[-70.65641,-33.46034,0.0]],[[-70.65339,-33.46016,0.0],[-70.65252,-33.46006,0.0]],[[-70.65437,-33.46009,0.0],[-70.65543,-33.46022,0.0]],[[-70.65437,-33.46009,0.0],[-70.65452,-33.4587,0.0]],[[-70.65252,-33.46006,0.0],[-70.65164,-33.45997,0.0]],[[-70.65342,-33.45998,0.0],[-70.65437,-33.46009,0.0]],[[-70.65342,-33.45998,0.0],[-70.65359,-33.45869,0.0]],[[-70.65256,-33.45989,0.0],[-70.65342,-33.45998,0.0]],[[-70.65256,-33.45989,0.0],[-70.65272,-33.4587,0.0]],[[-70.65168,-33.45979,0.0],[-70.65256,-33.45989,0.0]],[[-70.65552,-33.45871,0.0],[-70.65543,-33.46022,0.0]]]}},{"type":"Feature","properties":{"FolderPath":"cobertura desde 1oct2017/DIURNO - ORIENTE 21"},"geometry":{"type":"MultiLineString","coordinates":[[[-70.65051,-33.4612,0.0],[-70.64901,-33.46115,0.0]],[[-70.65051,-33.4612,0.0],[-70.65143,-33.46123,0.0],[-70.65164,-33.45997,0.0],[-70.65068,-33.45985,0.0]],[[-70.64901,-33.46115,0.0],[-70.64806,-33.46106,0.0],[-70.64714,-33.46102,0.0]],[[-70.64901,-33.46115,0.0],[-70.64905,-33.46052,0.0],[-70.64907,-33.46014,0.0],[-70.64911,-33.45967,0.0]],[[-70.64714,-33.46102,0.0],[-70.64612,-33.46093,0.0]],[[-70.64612,-33.46093,0.0],[-70.64552,-33.46089,0.0],[-70.64499,-33.46083,0.0],[-70.64293,-33.46067,0.0]],[[-70.64612,-33.46093,0.0],[-70.64625,-33.45908,0.0]],[[-70.65068,-33.45985,0.0],[-70.65063,-33.46028,0.0],[-70.65058,-33.46066,0.0],[-70.65051,-33.4612,0.0]],[[-70.65068,-33.45985,0.0],[-70.64911,-33.45967,0.0]],[[-70.65071,-33.45967,0.0],[-70.65168,-33.45979,0.0],[-70.65183,-33.45869,0.0]],[[-70.64911,-33.45967,0.0],[-70.64724,-33.45925,0.0]],[[-70.64913,-33.45948,0.0],[-70.65071,-33.45967,0.0]],[[-70.64913,-33.45948,0.0],[-70.6493,-33.45865,0.0]],[[-70.64724,-33.45925,0.0],[-70.64714,-33.46102,0.0]],[[-70.64724,-33.45925,0.0],[-70.64625,-33.45908,0.0]],[[-70.64625,-33.45908,0.0],[-70.64527,-33.45887,0.0],[-70.64475,-33.45876,0.0],[-70.64426,-33.45865,0.0],[-70.64323,-33.45845,0.0]],[[-70.64727,-33.45906,0.0],[-70.64913,-33.45948,0.0]],[[-70.64626,-33.45887,0.0],[-70.64727,-33.45906,0.0]],[[-70.64626,-33.45887,0.0],[-70.64659,-33.45758,0.0]],[[-70.65452,-33.4587,0.0],[-70.65552,-33.45871,0.0],[-70.65562,-33.45793,0.0],[-70.65458,-33.45777,0.0]],[[-70.65452,-33.4587,0.0],[-70.65458,-33.45777,0.0]],[[-70.65272,-33.4587,0.0],[-70.65359,-33.45869,0.0]],[[-70.65272,-33.4587,0.0],[-70.65281,-33.45791,0.0],[-70.65286,-33.45747,0.0]],[[-70.65359,-33.45869,0.0],[-70.65452,-33.4587,0.0]],[[-70.65359,-33.45869,0.0],[-70.6537,-33.45761,0.0]],[[-70.65183,-33.45869,0.0],[-70.65272,-33.4587,0.0]],[[-70.65084,-33.45868,0.0],[-70.65183,-33.45869,0.0]],[[-70.65084,-33.45868,0.0],[-70.65071,-33.45967,0.0]],[[-70.6493,-33.45865,0.0],[-70.65009,-33.45868,0.0],[-70.65039,-33.45868,0.0],[-70.65084,-33.45868,0.0]],[[-70.6493,-33.45865,0.0],[-70.64934,-33.45835,0.0],[-70.64936,-33.45824,0.0],[-70.64937,-33.45816,0.0],[-70.64957,-33.45694,0.0]],[[-70.64483,-33.45856,0.0],[-70.64533,-33.45866,0.0],[-70.64626,-33.45887,0.0]],[[-70.64483,-33.45856,0.0],[-70.64512,-33.45729,0.0]],[[-70.64431,-33.45845,0.0],[-70.64483,-33.45856,0.0]],[[-70.64326,-33.45824,0.0],[-70.64431,-33.45845,0.0]],[[-70.64753,-33.45775,0.0],[-70.64727,-33.45906,0.0]],[[-70.64753,-33.45775,0.0],[-70.64688,-33.45762,0.0],[-70.64659,-33.45758,0.0]],[[-70.6537,-33.45761,0.0],[-70.65458,-33.45777,0.0]],[[-70.64659,-33.45758,0.0],[-70.64567,-33.45737,0.0],[-70.64512,-33.45729,0.0]],[[-70.64659,-33.45758,0.0],[-70.64689,-33.45645,0.0],[-70.64777,-33.45661,0.0]],[[-70.65286,-33.45747,0.0],[-70.65314,-33.45752,0.0],[-70.65341,-33.45756,0.0],[-70.6537,-33.45761,0.0]],[[-70.65205,-33.45734,0.0],[-70.65286,-33.45747,0.0]],[[-70.65205,-33.45734,0.0],[-70.65199,-33.45771,0.0],[-70.65189,-33.45833,0.0],[-70.65183,-33.45869,0.0]],[[-70.64512,-33.45729,0.0],[-70.64455,-33.45721,0.0]],[[-70.64455,-33.45721,0.0],[-70.64431,-33.45845,0.0]],[[-70.64455,-33.45721,0.0],[-70.64341,-33.45709,0.0]],[[-70.65108,-33.45717,0.0],[-70.65156,-33.45725,0.0],[-70.65205,-33.45734,0.0]],[[-70.65108,-33.45717,0.0],[-70.65084,-33.45868,0.0]],[[-70.64957,-33.45694,0.0],[-70.65108,-33.45717,0.0]],[[-70.64777,-33.45661,0.0],[-70.64844,-33.45673,0.0],[-70.64871,-33.45678,0.0],[-70.64957,-33.45694,0.0]],[[-70.64777,-33.45661,0.0],[-70.64764,-33.4572,0.0],[-70.64753,-33.45775,0.0]]]}},{"type":"Feature","properties":{"FolderPath":"cobertura desde 1oct2017/DIURNO - ORIENTE 22"},"geometry":{"type":"MultiLineString","coordinates":[[[-70.63923,-33.46269,0.0],[-70.63989,-33.46279,0.0],[-70.63996,-33.46281,0.0],[-70.64028,-33.46284,0.0],[-70.64059,-33.46288,0.0],[-70.64092,-33.46291,0.0],[-70.64121,-33.46294,0.0],[-70.64163,-33.46299,0.0]],[[-70.6382,-33.4625,0.0],[-70.63923,-33.46269,0.0]],[[-70.63696,-33.46227,0.0],[-70.6382,-33.4625,0.0]],[[-70.63696,-33.46227,0.0],[-70.63706,-33.46191,0.0],[-70.6371,-33.46178,0.0],[-70.63714,-33.46165,0.0],[-70.63724,-33.46133,0.0]],[[-70.63635,-33.46215,0.0],[-70.63696,-33.46227,0.0]],[[-70.63572,-33.46204,0.0],[-70.63635,-33.46215,0.0]],[[-70.63572,-33.46204,0.0],[-70.63597,-33.46107,0.0]],[[-70.635,-33.4619,0.0],[-70.63572,-33.46204,0.0]],[[-70.635,-33.4619,0.0],[-70.63553,-33.46001,0.0]],[[-70.63946,-33.46178,0.0],[-70.63923,-33.46269,0.0]],[[-70.63439,-33.46178,0.0],[-70.635,-33.4619,0.0]],[[-70.63847,-33.46158,0.0],[-70.63946,-33.46178,0.0]],[[-70.63847,-33.46158,0.0],[-70.63838,-33.4619,0.0],[-70.63835,-33.46202,0.0],[-70.63831,-33.46214,0.0],[-70.6382,-33.4625,0.0]],[[-70.63724,-33.46133,0.0],[-70.63847,-33.46158,0.0]],[[-70.63724,-33.46133,0.0],[-70.6366,-33.4612,0.0]],[[-70.63724,-33.46133,0.0],[-70.6373,-33.46101,0.0],[-70.63747,-33.46041,0.0]],[[-70.6366,-33.4612,0.0],[-70.63635,-33.46215,0.0]],[[-70.6366,-33.4612,0.0],[-70.63597,-33.46107,0.0]],[[-70.63597,-33.46107,0.0],[-70.63623,-33.46014,0.0]],[[-70.6397,-33.46087,0.0],[-70.63946,-33.46178,0.0]],[[-70.6397,-33.46087,0.0],[-70.63922,-33.46076,0.0]],[[-70.63922,-33.46076,0.0],[-70.63869,-33.46065,0.0]],[[-70.63869,-33.46065,0.0],[-70.63847,-33.46158,0.0]],[[-70.63869,-33.46065,0.0],[-70.63747,-33.46041,0.0]],[[-70.63747,-33.46041,0.0],[-70.63692,-33.46029,0.0]],[[-70.63692,-33.46029,0.0],[-70.6366,-33.4612,0.0]],[[-70.63692,-33.46029,0.0],[-70.63623,-33.46014,0.0]],[[-70.63623,-33.46014,0.0],[-70.63553,-33.46001,0.0]],[[-70.63623,-33.46014,0.0],[-70.63659,-33.45855,0.0]],[[-70.63553,-33.46001,0.0],[-70.63495,-33.4599,0.0]],[[-70.63553,-33.46001,0.0],[-70.63602,-33.45844,0.0]],[[-70.63998,-33.4598,0.0],[-70.6397,-33.46087,0.0]],[[-70.64176,-33.45975,0.0],[-70.64302,-33.45994,0.0]],[[-70.64176,-33.45975,0.0],[-70.64168,-33.46018,0.0],[-70.64085,-33.46,0.0],[-70.64049,-33.45991,0.0],[-70.63998,-33.4598,0.0]],[[-70.64011,-33.45935,0.0],[-70.64061,-33.45949,0.0],[-70.64176,-33.45975,0.0]],[[-70.64011,-33.45935,0.0],[-70.63998,-33.4598,0.0]],[[-70.64187,-33.45927,0.0],[-70.64176,-33.45975,0.0]],[[-70.63961,-33.45921,0.0],[-70.64011,-33.45935,0.0]],[[-70.63961,-33.45921,0.0],[-70.63922,-33.46076,0.0]],[[-70.63911,-33.45908,0.0],[-70.63961,-33.45921,0.0]],[[-70.63911,-33.45908,0.0],[-70.63869,-33.46065,0.0]],[[-70.64022,-33.45893,0.0],[-70.64187,-33.45927,0.0]],[[-70.64022,-33.45893,0.0],[-70.64011,-33.45935,0.0]],[[-70.63747,-33.45873,0.0],[-70.63911,-33.45908,0.0]],[[-70.63747,-33.45873,0.0],[-70.63692,-33.46029,0.0]],[[-70.63659,-33.45855,0.0],[-70.63747,-33.45873,0.0]],[[-70.63659,-33.45855,0.0],[-70.63693,-33.45708,0.0]],[[-70.64323,-33.45845,0.0],[-70.64206,-33.45819,0.0]],[[-70.63602,-33.45844,0.0],[-70.63659,-33.45855,0.0]],[[-70.63602,-33.45844,0.0],[-70.63642,-33.45699,0.0]],[[-70.63541,-33.45834,0.0],[-70.63602,-33.45844,0.0]],[[-70.64206,-33.45819,0.0],[-70.64187,-33.45927,0.0]],[[-70.64206,-33.45819,0.0],[-70.64118,-33.458,0.0],[-70.64085,-33.45793,0.0],[-70.64049,-33.45786,0.0]],[[-70.6421,-33.458,0.0],[-70.64326,-33.45824,0.0]],[[-70.64049,-33.45786,0.0],[-70.64022,-33.45893,0.0]],[[-70.64049,-33.45786,0.0],[-70.63949,-33.45765,0.0]],[[-70.64098,-33.45776,0.0],[-70.64124,-33.45781,0.0],[-70.6421,-33.458,0.0]],[[-70.63949,-33.45765,0.0],[-70.6392,-33.45878,0.0],[-70.63911,-33.45908,0.0]],[[-70.63949,-33.45765,0.0],[-70.63899,-33.45754,0.0],[-70.63859,-33.45745,0.0],[-70.63818,-33.45736,0.0],[-70.63787,-33.45729,0.0]],[[-70.63953,-33.45746,0.0],[-70.64052,-33.45767,0.0],[-70.64098,-33.45776,0.0]],[[-70.63787,-33.45729,0.0],[-70.63747,-33.45873,0.0]],[[-70.63787,-33.45729,0.0],[-70.63759,-33.45723,0.0],[-70.63693,-33.45708,0.0]],[[-70.64339,-33.45721,0.0],[-70.64234,-33.45697,0.0]],[[-70.63693,-33.45708,0.0],[-70.63642,-33.45699,0.0]],[[-70.63642,-33.45699,0.0],[-70.63605,-33.45691,0.0],[-70.63581,-33.45687,0.0]],[[-70.64234,-33.45697,0.0],[-70.6421,-33.458,0.0]],[[-70.64234,-33.45697,0.0],[-70.64126,-33.45675,0.0]],[[-70.63693,-33.45691,0.0],[-70.63766,-33.45706,0.0],[-70.63789,-33.45711,0.0],[-70.63822,-33.45719,0.0],[-70.63864,-33.45728,0.0],[-70.63904,-33.45736,0.0],[-70.63953,-33.45746,0.0]],[[-70.63693,-33.45691,0.0],[-70.63714,-33.45597,0.0]],[[-70.64126,-33.45675,0.0],[-70.64098,-33.45776,0.0]],[[-70.64126,-33.45675,0.0],[-70.6406,-33.45663,0.0],[-70.63983,-33.45648,0.0]],[[-70.63587,-33.4567,0.0],[-70.63611,-33.45675,0.0],[-70.63646,-33.45682,0.0],[-70.63693,-33.45691,0.0]],[[-70.63983,-33.45648,0.0],[-70.63953,-33.45746,0.0]],[[-70.63983,-33.45648,0.0],[-70.63928,-33.45638,0.0],[-70.63887,-33.4563,0.0],[-70.63845,-33.45622,0.0],[-70.63714,-33.45597,0.0]],[[-70.63714,-33.45597,0.0],[-70.63661,-33.45587,0.0],[-70.63607,-33.45576,0.0]],[[-70.63714,-33.45597,0.0],[-70.63749,-33.45462,0.0],[-70.63858,-33.45483,0.0],[-70.64016,-33.45515,0.0]],[[-70.64016,-33.45515,0.0],[-70.64091,-33.45528,0.0],[-70.64164,-33.45542,0.0],[-70.64126,-33.45675,0.0]],[[-70.64016,-33.45515,0.0],[-70.63983,-33.45648,0.0]]]}},{"type":"Feature","properties":{"FolderPath":"cobertura desde 1oct2017/DIURNO - ORIENTE 23"},"geometry":{"type":"MultiLineString","coordinates":[[[-70.63495,-33.4599,0.0],[-70.63439,-33.46178,0.0]],[[-70.63495,-33.4599,0.0],[-70.63436,-33.45976,0.0]],[[-70.63436,-33.45976,0.0],[-70.63376,-33.45965,0.0]],[[-70.63376,-33.45965,0.0],[-70.63313,-33.45953,0.0]],[[-70.63376,-33.45965,0.0],[-70.63419,-33.45819,0.0]],[[-70.63313,-33.45953,0.0],[-70.6325,-33.45939,0.0]],[[-70.63313,-33.45953,0.0],[-70.63351,-33.45809,0.0]],[[-70.63212,-33.45839,0.0],[-70.63245,-33.45721,0.0]],[[-70.63541,-33.45834,0.0],[-70.63495,-33.4599,0.0]],[[-70.63541,-33.45834,0.0],[-70.63581,-33.45687,0.0],[-70.63524,-33.45675,0.0]],[[-70.6348,-33.45826,0.0],[-70.63541,-33.45834,0.0]],[[-70.6348,-33.45826,0.0],[-70.63436,-33.45976,0.0]],[[-70.63419,-33.45819,0.0],[-70.6348,-33.45826,0.0]],[[-70.63351,-33.45809,0.0],[-70.63419,-33.45819,0.0]],[[-70.63351,-33.45809,0.0],[-70.63395,-33.45646,0.0]],[[-70.63288,-33.45801,0.0],[-70.63351,-33.45809,0.0]],[[-70.63288,-33.45801,0.0],[-70.63274,-33.45853,0.0]],[[-70.63245,-33.45721,0.0],[-70.63097,-33.45691,0.0]],[[-70.63245,-33.45721,0.0],[-70.63272,-33.45621,0.0]],[[-70.63524,-33.45675,0.0],[-70.6348,-33.45826,0.0]],[[-70.63524,-33.45675,0.0],[-70.63464,-33.45662,0.0],[-70.63436,-33.45656,0.0],[-70.63424,-33.45654,0.0],[-70.63395,-33.45646,0.0]],[[-70.63576,-33.45668,0.0],[-70.63587,-33.4567,0.0],[-70.63607,-33.45576,0.0],[-70.63638,-33.4544,0.0]],[[-70.63576,-33.45668,0.0],[-70.63598,-33.45573,0.0]],[[-70.63395,-33.45646,0.0],[-70.63331,-33.45633,0.0]],[[-70.63331,-33.45633,0.0],[-70.63288,-33.45801,0.0]],[[-70.63331,-33.45633,0.0],[-70.63272,-33.45621,0.0]],[[-70.63272,-33.45621,0.0],[-70.6321,-33.45607,0.0],[-70.63125,-33.4559,0.0],[-70.62998,-33.4556,0.0],[-70.62981,-33.45557,0.0],[-70.62983,-33.45549,0.0],[-70.62985,-33.45541,0.0]],[[-70.63328,-33.45615,0.0],[-70.63396,-33.45628,0.0],[-70.63429,-33.45636,0.0],[-70.63451,-33.4554,0.0]],[[-70.63213,-33.45589,0.0],[-70.63271,-33.45602,0.0],[-70.63328,-33.45615,0.0]],[[-70.63213,-33.45589,0.0],[-70.63242,-33.45493,0.0]],[[-70.63598,-33.45573,0.0],[-70.63554,-33.45563,0.0],[-70.63529,-33.45558,0.0],[-70.63503,-33.45552,0.0],[-70.63463,-33.45543,0.0]],[[-70.63598,-33.45573,0.0],[-70.6363,-33.45438,0.0]],[[-70.6313,-33.45571,0.0],[-70.63213,-33.45589,0.0]],[[-70.6313,-33.45571,0.0],[-70.63149,-33.45499,0.0],[-70.63156,-33.45477,0.0]],[[-70.63463,-33.45543,0.0],[-70.6344,-33.45637,0.0],[-70.6347,-33.45644,0.0],[-70.63535,-33.45659,0.0],[-70.63576,-33.45668,0.0]],[[-70.62985,-33.45541,0.0],[-70.63,-33.45544,0.0],[-70.6313,-33.45571,0.0]],[[-70.63451,-33.4554,0.0],[-70.63355,-33.45516,0.0]],[[-70.63451,-33.4554,0.0],[-70.63482,-33.45406,0.0]],[[-70.63355,-33.45516,0.0],[-70.63328,-33.45615,0.0]],[[-70.63355,-33.45516,0.0],[-70.63298,-33.45504,0.0],[-70.63242,-33.45493,0.0]],[[-70.63242,-33.45493,0.0],[-70.63156,-33.45477,0.0]],[[-70.63242,-33.45493,0.0],[-70.63257,-33.45436,0.0],[-70.63277,-33.45365,0.0]],[[-70.63156,-33.45477,0.0],[-70.63134,-33.45472,0.0],[-70.63028,-33.45452,0.0],[-70.63014,-33.4545,0.0]],[[-70.63156,-33.45477,0.0],[-70.63171,-33.4542,0.0],[-70.63192,-33.4535,0.0]],[[-70.63014,-33.4545,0.0],[-70.62985,-33.45541,0.0]],[[-70.63014,-33.4545,0.0],[-70.63031,-33.45405,0.0],[-70.63054,-33.45325,0.0]],[[-70.63495,-33.45409,0.0],[-70.63463,-33.45543,0.0]],[[-70.63386,-33.45386,0.0],[-70.63355,-33.45516,0.0]],[[-70.63277,-33.45365,0.0],[-70.63386,-33.45386,0.0]],[[-70.63277,-33.45365,0.0],[-70.63313,-33.45246,0.0]],[[-70.63192,-33.4535,0.0],[-70.63277,-33.45365,0.0]],[[-70.63192,-33.4535,0.0],[-70.63247,-33.45164,0.0]],[[-70.63054,-33.45325,0.0],[-70.63064,-33.45327,0.0],[-70.63192,-33.4535,0.0]],[[-70.6342,-33.45267,0.0],[-70.63386,-33.45386,0.0]],[[-70.6342,-33.45267,0.0],[-70.63313,-33.45246,0.0]],[[-70.63313,-33.45246,0.0],[-70.63336,-33.45163,0.0]],[[-70.6309,-33.45195,0.0],[-70.63054,-33.45325,0.0]],[[-70.63166,-33.45181,0.0],[-70.63148,-33.45276,0.0]],[[-70.63446,-33.4516,0.0],[-70.63441,-33.45183,0.0],[-70.6342,-33.45267,0.0]]]}},{"type":"Feature","properties":{"FolderPath":"cobertura desde 1oct2017/DIURNO - ORIENTE 24"},"geometry":{"type":"MultiLineString","coordinates":[[[-70.65425,-33.47474,0.0],[-70.65451,-33.4735,0.0],[-70.65481,-33.47296,0.0]],[[-70.65211,-33.47466,0.0],[-70.65371,-33.47477,0.0],[-70.65417,-33.47478,0.0],[-70.65426,-33.47361,0.0]],[[-70.6522,-33.47351,0.0],[-70.65273,-33.47353,0.0],[-70.6532,-33.47356,0.0],[-70.65374,-33.47359,0.0],[-70.65392,-33.4736,0.0],[-70.65426,-33.47361,0.0]],[[-70.65481,-33.47296,0.0],[-70.65579,-33.47154,0.0]],[[-70.65433,-33.47293,0.0],[-70.65481,-33.47296,0.0]],[[-70.65433,-33.47293,0.0],[-70.65426,-33.47361,0.0]],[[-70.65433,-33.47293,0.0],[-70.65278,-33.47284,0.0]],[[-70.65433,-33.47293,0.0],[-70.65443,-33.47189,0.0]],[[-70.65278,-33.47284,0.0],[-70.65289,-33.47175,0.0]],[[-70.65227,-33.47281,0.0],[-70.65278,-33.47284,0.0]],[[-70.65443,-33.47189,0.0],[-70.65447,-33.47155,0.0],[-70.65448,-33.47148,0.0]],[[-70.65317,-33.47176,0.0],[-70.65443,-33.47189,0.0]],[[-70.65317,-33.47176,0.0],[-70.65323,-33.47108,0.0],[-70.65327,-33.47077,0.0],[-70.65332,-33.4703,0.0]],[[-70.65289,-33.47175,0.0],[-70.65317,-33.47176,0.0]],[[-70.65196,-33.47165,0.0],[-70.65289,-33.47175,0.0]],[[-70.65196,-33.47165,0.0],[-70.65214,-33.47035,0.0],[-70.65216,-33.47019,0.0]],[[-70.65579,-33.47154,0.0],[-70.65593,-33.47077,0.0],[-70.65596,-33.4703,0.0]],[[-70.65448,-33.47148,0.0],[-70.65522,-33.47151,0.0],[-70.65579,-33.47154,0.0]],[[-70.65448,-33.47148,0.0],[-70.65452,-33.47093,0.0],[-70.65456,-33.47044,0.0]],[[-70.65107,-33.47132,0.0],[-70.65137,-33.47136,0.0],[-70.65142,-33.4716,0.0],[-70.65196,-33.47165,0.0]],[[-70.65456,-33.47044,0.0],[-70.65476,-33.47043,0.0],[-70.65517,-33.47036,0.0],[-70.65567,-33.47015,0.0]],[[-70.65456,-33.47044,0.0],[-70.65431,-33.47041,0.0],[-70.65395,-33.47037,0.0]],[[-70.65456,-33.47044,0.0],[-70.65461,-33.46991,0.0],[-70.65466,-33.46926,0.0]],[[-70.65395,-33.47037,0.0],[-70.65332,-33.4703,0.0]],[[-70.65395,-33.47037,0.0],[-70.65406,-33.46921,0.0]],[[-70.65332,-33.4703,0.0],[-70.65216,-33.47019,0.0]],[[-70.65332,-33.4703,0.0],[-70.65339,-33.46971,0.0]],[[-70.65216,-33.47019,0.0],[-70.65119,-33.47008,0.0]],[[-70.65216,-33.47019,0.0],[-70.65223,-33.46962,0.0]],[[-70.65597,-33.47001,0.0],[-70.65605,-33.46934,0.0]],[[-70.65339,-33.46971,0.0],[-70.65343,-33.46914,0.0]],[[-70.65223,-33.46962,0.0],[-70.65249,-33.46964,0.0],[-70.6531,-33.46969,0.0],[-70.65339,-33.46971,0.0]],[[-70.65223,-33.46962,0.0],[-70.6523,-33.46902,0.0]],[[-70.65605,-33.46934,0.0],[-70.65609,-33.46862,0.0],[-70.65614,-33.46686,0.0]],[[-70.65466,-33.46926,0.0],[-70.65605,-33.46934,0.0]],[[-70.65466,-33.46926,0.0],[-70.65472,-33.4685,0.0],[-70.6548,-33.46767,0.0],[-70.65484,-33.46729,0.0],[-70.65488,-33.46672,0.0]],[[-70.65406,-33.46921,0.0],[-70.65466,-33.46926,0.0]],[[-70.65406,-33.46921,0.0],[-70.65343,-33.46914,0.0]],[[-70.65343,-33.46914,0.0],[-70.65348,-33.46865,0.0],[-70.65354,-33.46799,0.0],[-70.65366,-33.46661,0.0]],[[-70.6523,-33.46902,0.0],[-70.65343,-33.46914,0.0]],[[-70.6523,-33.46902,0.0],[-70.65234,-33.46857,0.0],[-70.65242,-33.46785,0.0],[-70.65258,-33.4665,0.0]],[[-70.65131,-33.46893,0.0],[-70.6523,-33.46902,0.0]],[[-70.65614,-33.46686,0.0],[-70.65546,-33.46678,0.0]],[[-70.65614,-33.46686,0.0],[-70.65618,-33.46566,0.0],[-70.65622,-33.46457,0.0]],[[-70.65546,-33.46678,0.0],[-70.65488,-33.46672,0.0]],[[-70.65546,-33.46678,0.0],[-70.65555,-33.46563,0.0]],[[-70.65488,-33.46672,0.0],[-70.65366,-33.46661,0.0]],[[-70.65488,-33.46672,0.0],[-70.655,-33.4656,0.0],[-70.65503,-33.46524,0.0],[-70.65508,-33.46445,0.0]],[[-70.65366,-33.46661,0.0],[-70.65258,-33.4665,0.0]],[[-70.65366,-33.46661,0.0],[-70.6538,-33.46529,0.0],[-70.65381,-33.46515,0.0],[-70.65395,-33.4643,0.0]],[[-70.65258,-33.4665,0.0],[-70.65167,-33.46641,0.0]],[[-70.65258,-33.4665,0.0],[-70.65288,-33.46417,0.0]]]}},{"type":"Feature","properties":{"FolderPath":"cobertura desde 1oct2017/DIURNO - ORIENTE 25"},"geometry":{"type":"MultiLineString","coordinates":[[[-70.64989,-33.47118,0.0],[-70.65061,-33.47128,0.0],[-70.65107,-33.47132,0.0],[-70.65119,-33.47008,0.0]],[[-70.64848,-33.47104,0.0],[-70.64989,-33.47118,0.0]],[[-70.64848,-33.47104,0.0],[-70.64851,-33.47041,0.0],[-70.64853,-33.47025,0.0],[-70.64854,-33.47008,0.0],[-70.64855,-33.4698,0.0]],[[-70.64674,-33.47087,0.0],[-70.6472,-33.47091,0.0],[-70.64848,-33.47104,0.0]],[[-70.64674,-33.47087,0.0],[-70.64534,-33.47072,0.0],[-70.64538,-33.46945,0.0]],[[-70.65119,-33.47008,0.0],[-70.65008,-33.46997,0.0]],[[-70.65119,-33.47008,0.0],[-70.65131,-33.46893,0.0]],[[-70.65008,-33.46997,0.0],[-70.65003,-33.47033,0.0],[-70.65,-33.47049,0.0],[-70.64989,-33.47118,0.0]],[[-70.65008,-33.46997,0.0],[-70.64855,-33.4698,0.0]],[[-70.64855,-33.4698,0.0],[-70.64729,-33.46966,0.0],[-70.64679,-33.4696,0.0]],[[-70.64855,-33.4698,0.0],[-70.64857,-33.46932,0.0],[-70.64862,-33.46864,0.0]],[[-70.64679,-33.4696,0.0],[-70.64674,-33.47087,0.0]],[[-70.64679,-33.4696,0.0],[-70.64538,-33.46945,0.0]],[[-70.64538,-33.46945,0.0],[-70.64544,-33.4684,0.0],[-70.64545,-33.46828,0.0]],[[-70.65131,-33.46893,0.0],[-70.65138,-33.46847,0.0],[-70.65167,-33.46641,0.0]],[[-70.6503,-33.46882,0.0],[-70.65081,-33.46888,0.0],[-70.65131,-33.46893,0.0]],[[-70.6503,-33.46882,0.0],[-70.65008,-33.46997,0.0]],[[-70.64951,-33.46873,0.0],[-70.6503,-33.46882,0.0]],[[-70.64951,-33.46873,0.0],[-70.64946,-33.4692,0.0]],[[-70.64862,-33.46864,0.0],[-70.64951,-33.46873,0.0]],[[-70.64862,-33.46864,0.0],[-70.64868,-33.46739,0.0]],[[-70.64684,-33.46843,0.0],[-70.64764,-33.46852,0.0],[-70.64862,-33.46864,0.0]],[[-70.64684,-33.46843,0.0],[-70.64679,-33.4696,0.0]],[[-70.64545,-33.46828,0.0],[-70.64684,-33.46843,0.0]],[[-70.64545,-33.46828,0.0],[-70.64548,-33.46791,0.0],[-70.6455,-33.46772,0.0],[-70.64557,-33.46702,0.0]],[[-70.64692,-33.46716,0.0],[-70.6469,-33.46741,0.0],[-70.64684,-33.46843,0.0]],[[-70.65167,-33.46641,0.0],[-70.65068,-33.46631,0.0]],[[-70.65167,-33.46641,0.0],[-70.65198,-33.46408,0.0]],[[-70.65068,-33.46631,0.0],[-70.6503,-33.46882,0.0]],[[-70.65068,-33.46631,0.0],[-70.64986,-33.46623,0.0]],[[-70.64986,-33.46623,0.0],[-70.6496,-33.46811,0.0],[-70.64951,-33.46873,0.0]],[[-70.64986,-33.46623,0.0],[-70.64875,-33.46613,0.0]],[[-70.65104,-33.46397,0.0],[-70.65068,-33.46631,0.0]],[[-70.65016,-33.46389,0.0],[-70.6501,-33.46435,0.0],[-70.64986,-33.46623,0.0]]]}},{"type":"Feature","properties":{"FolderPath":"cobertura desde 1oct2017/DIURNO - ORIENTE 26"},"geometry":{"type":"MultiLineString","coordinates":[[[-70.64692,-33.46716,0.0],[-70.64725,-33.4672,0.0],[-70.64868,-33.46739,0.0],[-70.64873,-33.46674,0.0],[-70.64875,-33.46613,0.0]],[[-70.64557,-33.46702,0.0],[-70.64632,-33.4671,0.0],[-70.64692,-33.46716,0.0]],[[-70.64557,-33.46702,0.0],[-70.64567,-33.46585,0.0]],[[-70.64328,-33.46677,0.0],[-70.64425,-33.46687,0.0],[-70.64557,-33.46702,0.0]],[[-70.64328,-33.46677,0.0],[-70.6438,-33.46321,0.0]],[[-70.64875,-33.46613,0.0],[-70.6482,-33.46609,0.0],[-70.64781,-33.46605,0.0],[-70.64741,-33.46601,0.0],[-70.64696,-33.46596,0.0]],[[-70.64875,-33.46613,0.0],[-70.64878,-33.4655,0.0],[-70.64883,-33.46502,0.0],[-70.64887,-33.46423,0.0],[-70.64887,-33.46372,0.0]],[[-70.64696,-33.46596,0.0],[-70.64692,-33.46665,0.0],[-70.64692,-33.46716,0.0]],[[-70.64696,-33.46596,0.0],[-70.64567,-33.46585,0.0]],[[-70.64567,-33.46585,0.0],[-70.64587,-33.46354,0.0],[-70.64588,-33.46348,0.0],[-70.64588,-33.46343,0.0]],[[-70.64244,-33.46535,0.0],[-70.64192,-33.46528,0.0],[-70.64145,-33.46521,0.0]],[[-70.64145,-33.46521,0.0],[-70.64132,-33.46654,0.0],[-70.64238,-33.46665,0.0],[-70.64328,-33.46677,0.0]],[[-70.64887,-33.46372,0.0],[-70.65016,-33.46389,0.0]],[[-70.64887,-33.46372,0.0],[-70.64896,-33.46246,0.0]],[[-70.64706,-33.46354,0.0],[-70.6475,-33.4636,0.0],[-70.64772,-33.46363,0.0],[-70.64887,-33.46372,0.0]],[[-70.64706,-33.46354,0.0],[-70.64702,-33.4639,0.0],[-70.64701,-33.46409,0.0],[-70.647,-33.46475,0.0],[-70.64698,-33.46539,0.0],[-70.64696,-33.46596,0.0]],[[-70.64588,-33.46343,0.0],[-70.64706,-33.46354,0.0]],[[-70.64588,-33.46343,0.0],[-70.64612,-33.46093,0.0]],[[-70.6438,-33.46321,0.0],[-70.64469,-33.46331,0.0],[-70.64539,-33.46338,0.0],[-70.64553,-33.46339,0.0],[-70.64567,-33.46341,0.0],[-70.64588,-33.46343,0.0]],[[-70.64325,-33.46314,0.0],[-70.6438,-33.46321,0.0]],[[-70.64325,-33.46314,0.0],[-70.64339,-33.46216,0.0]],[[-70.64163,-33.46299,0.0],[-70.64271,-33.46309,0.0],[-70.64325,-33.46314,0.0]],[[-70.64163,-33.46299,0.0],[-70.64153,-33.4641,0.0],[-70.64145,-33.46521,0.0]],[[-70.65035,-33.46251,0.0],[-70.64896,-33.46246,0.0]],[[-70.64896,-33.46246,0.0],[-70.64836,-33.46242,0.0],[-70.64798,-33.46239,0.0],[-70.64756,-33.46236,0.0],[-70.64711,-33.46232,0.0]],[[-70.64896,-33.46246,0.0],[-70.64901,-33.46115,0.0]],[[-70.64711,-33.46232,0.0],[-70.64706,-33.46354,0.0]],[[-70.64482,-33.46229,0.0],[-70.64428,-33.46223,0.0],[-70.6439,-33.4622,0.0]],[[-70.6439,-33.4622,0.0],[-70.6438,-33.46321,0.0]],[[-70.6439,-33.4622,0.0],[-70.64339,-33.46216,0.0]],[[-70.6439,-33.4622,0.0],[-70.64403,-33.46109,0.0]],[[-70.64174,-33.46204,0.0],[-70.64279,-33.46212,0.0],[-70.64339,-33.46216,0.0]],[[-70.64174,-33.46204,0.0],[-70.64163,-33.46299,0.0]],[[-70.64174,-33.46204,0.0],[-70.64134,-33.46199,0.0],[-70.64104,-33.46196,0.0],[-70.64073,-33.46193,0.0],[-70.64041,-33.46189,0.0],[-70.64024,-33.46187,0.0],[-70.6401,-33.46186,0.0]],[[-70.64714,-33.46102,0.0],[-70.64711,-33.46232,0.0]]]}},{"type":"Feature","properties":{"FolderPath":"cobertura desde 1oct2017/DIURNO - ORIENTE 27"},"geometry":{"type":"MultiLineString","coordinates":[[[-70.63889,-33.46877,0.0],[-70.63767,-33.46863,0.0]],[[-70.63767,-33.46863,0.0],[-70.63716,-33.46857,0.0]],[[-70.63716,-33.46857,0.0],[-70.63662,-33.4685,0.0]],[[-70.63716,-33.46857,0.0],[-70.63749,-33.46731,0.0]],[[-70.63662,-33.4685,0.0],[-70.63599,-33.46843,0.0]],[[-70.63599,-33.46843,0.0],[-70.63532,-33.46836,0.0]],[[-70.63532,-33.46836,0.0],[-70.63468,-33.4683,0.0]],[[-70.63532,-33.46836,0.0],[-70.63566,-33.4671,0.0]],[[-70.63468,-33.4683,0.0],[-70.63402,-33.46821,0.0]],[[-70.63402,-33.46821,0.0],[-70.63329,-33.46813,0.0],[-70.63269,-33.46806,0.0]],[[-70.63402,-33.46821,0.0],[-70.63437,-33.46695,0.0]],[[-70.638,-33.46737,0.0],[-70.63901,-33.46749,0.0]],[[-70.638,-33.46737,0.0],[-70.63767,-33.46863,0.0]],[[-70.63749,-33.46731,0.0],[-70.638,-33.46737,0.0]],[[-70.63749,-33.46731,0.0],[-70.63779,-33.46617,0.0]],[[-70.63694,-33.46725,0.0],[-70.63749,-33.46731,0.0]],[[-70.63694,-33.46725,0.0],[-70.63662,-33.4685,0.0]],[[-70.63632,-33.46718,0.0],[-70.63694,-33.46725,0.0]],[[-70.63632,-33.46718,0.0],[-70.63599,-33.46843,0.0]],[[-70.63566,-33.4671,0.0],[-70.63632,-33.46718,0.0]],[[-70.63566,-33.4671,0.0],[-70.63597,-33.46596,0.0]],[[-70.63502,-33.46703,0.0],[-70.63566,-33.4671,0.0]],[[-70.63502,-33.46703,0.0],[-70.63468,-33.4683,0.0]],[[-70.63437,-33.46695,0.0],[-70.63502,-33.46703,0.0]],[[-70.63437,-33.46695,0.0],[-70.63467,-33.46582,0.0]],[[-70.63363,-33.46686,0.0],[-70.63437,-33.46695,0.0]],[[-70.63994,-33.4664,0.0],[-70.64132,-33.46654,0.0]],[[-70.63994,-33.4664,0.0],[-70.64007,-33.465,0.0]],[[-70.63913,-33.46632,0.0],[-70.63994,-33.4664,0.0]],[[-70.63913,-33.46632,0.0],[-70.63941,-33.46488,0.0]],[[-70.6383,-33.46622,0.0],[-70.63913,-33.46632,0.0]],[[-70.6383,-33.46622,0.0],[-70.638,-33.46737,0.0]],[[-70.63779,-33.46617,0.0],[-70.6383,-33.46622,0.0]],[[-70.63723,-33.46609,0.0],[-70.63779,-33.46617,0.0]],[[-70.63723,-33.46609,0.0],[-70.63694,-33.46725,0.0]],[[-70.63663,-33.46602,0.0],[-70.63723,-33.46609,0.0]],[[-70.63663,-33.46602,0.0],[-70.63632,-33.46718,0.0]],[[-70.63597,-33.46596,0.0],[-70.63663,-33.46602,0.0]],[[-70.63597,-33.46596,0.0],[-70.63639,-33.46436,0.0]],[[-70.63534,-33.4659,0.0],[-70.63597,-33.46596,0.0]],[[-70.63534,-33.4659,0.0],[-70.63502,-33.46703,0.0]],[[-70.63467,-33.46582,0.0],[-70.63534,-33.4659,0.0]],[[-70.63467,-33.46582,0.0],[-70.63513,-33.46414,0.0]],[[-70.63395,-33.46573,0.0],[-70.63467,-33.46582,0.0]],[[-70.64145,-33.46521,0.0],[-70.64095,-33.46513,0.0],[-70.64054,-33.46507,0.0],[-70.64007,-33.465,0.0]],[[-70.64007,-33.465,0.0],[-70.63941,-33.46488,0.0]],[[-70.64007,-33.465,0.0],[-70.64019,-33.46391,0.0]],[[-70.63941,-33.46488,0.0],[-70.63868,-33.46476,0.0]],[[-70.63868,-33.46476,0.0],[-70.6383,-33.46622,0.0]],[[-70.63868,-33.46476,0.0],[-70.63768,-33.4646,0.0]],[[-70.63768,-33.4646,0.0],[-70.63723,-33.46609,0.0]],[[-70.63768,-33.4646,0.0],[-70.63704,-33.46447,0.0]],[[-70.63704,-33.46447,0.0],[-70.63663,-33.46602,0.0]],[[-70.63704,-33.46447,0.0],[-70.63639,-33.46436,0.0]],[[-70.63639,-33.46436,0.0],[-70.63577,-33.46426,0.0]],[[-70.63639,-33.46436,0.0],[-70.63663,-33.46343,0.0]],[[-70.63577,-33.46426,0.0],[-70.63534,-33.4659,0.0]],[[-70.63577,-33.46426,0.0],[-70.63513,-33.46414,0.0]],[[-70.63513,-33.46414,0.0],[-70.63441,-33.46404,0.0]],[[-70.63513,-33.46414,0.0],[-70.63538,-33.46325,0.0]],[[-70.64153,-33.4641,0.0],[-70.64107,-33.46403,0.0],[-70.64067,-33.46398,0.0],[-70.64019,-33.46391,0.0]],[[-70.64019,-33.46391,0.0],[-70.6396,-33.46384,0.0],[-70.63896,-33.46374,0.0]],[[-70.64019,-33.46391,0.0],[-70.64028,-33.46284,0.0]],[[-70.63896,-33.46374,0.0],[-70.63868,-33.46476,0.0]],[[-70.63896,-33.46374,0.0],[-70.63795,-33.4636,0.0]],[[-70.63795,-33.4636,0.0],[-70.63768,-33.4646,0.0]],[[-70.63795,-33.4636,0.0],[-70.6373,-33.46351,0.0]],[[-70.6373,-33.46351,0.0],[-70.63704,-33.46447,0.0]],[[-70.6373,-33.46351,0.0],[-70.63663,-33.46343,0.0]],[[-70.63663,-33.46343,0.0],[-70.63602,-33.46334,0.0]],[[-70.63663,-33.46343,0.0],[-70.63696,-33.46227,0.0]],[[-70.63602,-33.46334,0.0],[-70.63577,-33.46426,0.0]],[[-70.63602,-33.46334,0.0],[-70.63538,-33.46325,0.0]],[[-70.63538,-33.46325,0.0],[-70.63463,-33.46316,0.0]],[[-70.63538,-33.46325,0.0],[-70.63572,-33.46204,0.0]],[[-70.63923,-33.46269,0.0],[-70.63914,-33.46308,0.0],[-70.63907,-33.46333,0.0],[-70.63896,-33.46374,0.0]],[[-70.6382,-33.4625,0.0],[-70.63795,-33.4636,0.0]],[[-70.63635,-33.46215,0.0],[-70.63602,-33.46334,0.0]]]}},{"type":"Feature","properties":{"FolderPath":"cobertura desde 1oct2017/DIURNO - ORIENTE 28"},"geometry":{"type":"MultiLineString","coordinates":[[[-70.63329,-33.46813,0.0],[-70.63363,-33.46686,0.0]],[[-70.63363,-33.46686,0.0],[-70.63395,-33.46573,0.0]],[[-70.63304,-33.46678,0.0],[-70.63363,-33.46686,0.0]],[[-70.63304,-33.46678,0.0],[-70.63269,-33.46806,0.0]],[[-70.63243,-33.46671,0.0],[-70.63304,-33.46678,0.0]],[[-70.63183,-33.46665,0.0],[-70.63243,-33.46671,0.0]],[[-70.63183,-33.46665,0.0],[-70.63213,-33.46551,0.0]],[[-70.63122,-33.46659,0.0],[-70.63183,-33.46665,0.0]],[[-70.63122,-33.46659,0.0],[-70.63154,-33.46544,0.0]],[[-70.63395,-33.46573,0.0],[-70.63441,-33.46404,0.0]],[[-70.63335,-33.46564,0.0],[-70.63395,-33.46573,0.0]],[[-70.63335,-33.46564,0.0],[-70.63304,-33.46678,0.0]],[[-70.63273,-33.46558,0.0],[-70.63335,-33.46564,0.0]],[[-70.63273,-33.46558,0.0],[-70.63243,-33.46671,0.0]],[[-70.63213,-33.46551,0.0],[-70.63273,-33.46558,0.0]],[[-70.63213,-33.46551,0.0],[-70.6326,-33.46378,0.0]],[[-70.63154,-33.46544,0.0],[-70.63213,-33.46551,0.0]],[[-70.63154,-33.46544,0.0],[-70.63201,-33.46368,0.0]],[[-70.63089,-33.46537,0.0],[-70.63154,-33.46544,0.0]],[[-70.63089,-33.46537,0.0],[-70.63058,-33.46651,0.0],[-70.63122,-33.46659,0.0]],[[-70.63017,-33.46529,0.0],[-70.63089,-33.46537,0.0]],[[-70.62856,-33.46513,0.0],[-70.63017,-33.46529,0.0]],[[-70.62856,-33.46513,0.0],[-70.62872,-33.46459,0.0],[-70.62885,-33.46416,0.0],[-70.62899,-33.46364,0.0],[-70.62943,-33.46213,0.0]],[[-70.62856,-33.46513,0.0],[-70.6273,-33.46488,0.0],[-70.62712,-33.46484,0.0],[-70.6272,-33.46457,0.0],[-70.62729,-33.46427,0.0],[-70.6278,-33.46249,0.0],[-70.62783,-33.46239,0.0],[-70.628,-33.46183,0.0]],[[-70.63441,-33.46404,0.0],[-70.63381,-33.46395,0.0]],[[-70.63441,-33.46404,0.0],[-70.63463,-33.46316,0.0]],[[-70.63381,-33.46395,0.0],[-70.63335,-33.46564,0.0]],[[-70.63381,-33.46395,0.0],[-70.63321,-33.46386,0.0]],[[-70.63321,-33.46386,0.0],[-70.63273,-33.46558,0.0]],[[-70.63321,-33.46386,0.0],[-70.6326,-33.46378,0.0]],[[-70.6326,-33.46378,0.0],[-70.63201,-33.46368,0.0]],[[-70.6326,-33.46378,0.0],[-70.63286,-33.46284,0.0]],[[-70.63201,-33.46368,0.0],[-70.63137,-33.46358,0.0]],[[-70.63201,-33.46368,0.0],[-70.63226,-33.46272,0.0]],[[-70.63137,-33.46358,0.0],[-70.63089,-33.46537,0.0]],[[-70.63463,-33.46316,0.0],[-70.63404,-33.46305,0.0]],[[-70.63463,-33.46316,0.0],[-70.635,-33.4619,0.0]],[[-70.63404,-33.46305,0.0],[-70.63381,-33.46395,0.0]],[[-70.63404,-33.46305,0.0],[-70.63344,-33.46294,0.0]],[[-70.63344,-33.46294,0.0],[-70.63321,-33.46386,0.0]],[[-70.63344,-33.46294,0.0],[-70.63286,-33.46284,0.0]],[[-70.63286,-33.46284,0.0],[-70.63226,-33.46272,0.0]],[[-70.63286,-33.46284,0.0],[-70.63321,-33.46156,0.0]],[[-70.63226,-33.46272,0.0],[-70.63165,-33.46259,0.0]],[[-70.63226,-33.46272,0.0],[-70.63261,-33.46146,0.0]],[[-70.63165,-33.46259,0.0],[-70.63137,-33.46358,0.0]],[[-70.63165,-33.46259,0.0],[-70.631,-33.46246,0.0]],[[-70.631,-33.46246,0.0],[-70.63017,-33.46529,0.0]],[[-70.631,-33.46246,0.0],[-70.62943,-33.46213,0.0]],[[-70.631,-33.46246,0.0],[-70.63151,-33.46055,0.0]],[[-70.62943,-33.46213,0.0],[-70.62817,-33.46187,0.0],[-70.628,-33.46183,0.0]],[[-70.62943,-33.46213,0.0],[-70.62957,-33.46169,0.0],[-70.62962,-33.46149,0.0],[-70.62971,-33.46117,0.0],[-70.62976,-33.46102,0.0],[-70.62998,-33.46023,0.0]],[[-70.628,-33.46183,0.0],[-70.62854,-33.45991,0.0]],[[-70.6338,-33.46167,0.0],[-70.63439,-33.46178,0.0],[-70.63404,-33.46305,0.0]],[[-70.6338,-33.46167,0.0],[-70.63344,-33.46294,0.0]],[[-70.63321,-33.46156,0.0],[-70.6338,-33.46167,0.0]],[[-70.63321,-33.46156,0.0],[-70.63376,-33.45965,0.0]],[[-70.63261,-33.46146,0.0],[-70.63321,-33.46156,0.0]],[[-70.63261,-33.46146,0.0],[-70.63313,-33.45953,0.0]],[[-70.63196,-33.46134,0.0],[-70.63261,-33.46146,0.0]],[[-70.63196,-33.46134,0.0],[-70.63165,-33.46259,0.0]],[[-70.63214,-33.46068,0.0],[-70.63196,-33.46134,0.0]],[[-70.63214,-33.46068,0.0],[-70.6325,-33.45939,0.0],[-70.63274,-33.45853,0.0],[-70.63212,-33.45839,0.0]],[[-70.63151,-33.46055,0.0],[-70.63214,-33.46068,0.0]],[[-70.63151,-33.46055,0.0],[-70.63212,-33.45839,0.0]],[[-70.62998,-33.46023,0.0],[-70.63151,-33.46055,0.0]],[[-70.62998,-33.46023,0.0],[-70.63005,-33.45999,0.0],[-70.63026,-33.4593,0.0],[-70.63062,-33.45808,0.0]],[[-70.62854,-33.45991,0.0],[-70.62873,-33.45995,0.0],[-70.62979,-33.46019,0.0],[-70.62998,-33.46023,0.0]],[[-70.62854,-33.45991,0.0],[-70.62869,-33.45941,0.0],[-70.62881,-33.45902,0.0],[-70.62905,-33.4582,0.0],[-70.62922,-33.4577,0.0]],[[-70.63436,-33.45976,0.0],[-70.6338,-33.46167,0.0]],[[-70.63212,-33.45839,0.0],[-70.63117,-33.45819,0.0],[-70.63062,-33.45808,0.0]],[[-70.63062,-33.45808,0.0],[-70.63069,-33.45785,0.0],[-70.63077,-33.45758,0.0],[-70.6308,-33.45748,0.0],[-70.63084,-33.45734,0.0],[-70.6309,-33.45717,0.0],[-70.63097,-33.45691,0.0],[-70.63125,-33.4559,0.0]],[[-70.63062,-33.45808,0.0],[-70.62936,-33.45781,0.0],[-70.62922,-33.4577,0.0]],[[-70.62922,-33.4577,0.0],[-70.62944,-33.45686,0.0],[-70.62959,-33.45628,0.0],[-70.62981,-33.45557,0.0]]]}},{"type":"Feature","properties":{"FolderPath":"cobertura desde 1oct2017/DIURNO - ORIENTE 29"},"geometry":{"type":"MultiLineString","coordinates":[[[-70.64815,-33.47672,0.0],[-70.64824,-33.47615,0.0]],[[-70.65193,-33.47659,0.0],[-70.65197,-33.47606,0.0],[-70.65198,-33.47582,0.0]],[[-70.64824,-33.47615,0.0],[-70.64828,-33.47673,0.0]],[[-70.65198,-33.47582,0.0],[-70.65151,-33.47579,0.0],[-70.65106,-33.47576,0.0],[-70.65048,-33.47573,0.0]],[[-70.65198,-33.47582,0.0],[-70.65211,-33.47466,0.0]],[[-70.65048,-33.47573,0.0],[-70.65056,-33.47457,0.0]],[[-70.64965,-33.47569,0.0],[-70.65048,-33.47573,0.0]],[[-70.64965,-33.47569,0.0],[-70.6496,-33.47611,0.0],[-70.64958,-33.47631,0.0],[-70.64914,-33.47627,0.0],[-70.64916,-33.47612,0.0],[-70.64921,-33.47568,0.0]],[[-70.64965,-33.47569,0.0],[-70.64921,-33.47568,0.0]],[[-70.64828,-33.47566,0.0],[-70.64921,-33.47568,0.0]],[[-70.64828,-33.47566,0.0],[-70.64824,-33.47615,0.0]],[[-70.64828,-33.47566,0.0],[-70.64832,-33.47447,0.0]],[[-70.64653,-33.47554,0.0],[-70.64828,-33.47566,0.0]],[[-70.64653,-33.47554,0.0],[-70.64366,-33.47539,0.0],[-70.64278,-33.47533,0.0],[-70.64199,-33.47529,0.0]],[[-70.65211,-33.47466,0.0],[-70.6522,-33.47351,0.0]],[[-70.65161,-33.47462,0.0],[-70.65211,-33.47466,0.0]],[[-70.65161,-33.47462,0.0],[-70.6517,-33.47349,0.0]],[[-70.65114,-33.4746,0.0],[-70.65161,-33.47462,0.0]],[[-70.65056,-33.47457,0.0],[-70.65114,-33.4746,0.0]],[[-70.65056,-33.47457,0.0],[-70.64939,-33.47452,0.0]],[[-70.65056,-33.47457,0.0],[-70.65062,-33.47341,0.0]],[[-70.64939,-33.47452,0.0],[-70.64921,-33.47568,0.0]],[[-70.64939,-33.47452,0.0],[-70.64911,-33.4745,0.0],[-70.64832,-33.47447,0.0]],[[-70.64832,-33.47447,0.0],[-70.64657,-33.47438,0.0]],[[-70.64832,-33.47447,0.0],[-70.64833,-33.47386,0.0]],[[-70.64657,-33.47438,0.0],[-70.64653,-33.47554,0.0]],[[-70.64657,-33.47438,0.0],[-70.64595,-33.47466,0.0],[-70.6454,-33.47463,0.0],[-70.64492,-33.47461,0.0],[-70.64397,-33.4746,0.0],[-70.64371,-33.47466,0.0]],[[-70.64833,-33.47386,0.0],[-70.64834,-33.47329,0.0]],[[-70.64659,-33.47381,0.0],[-70.64833,-33.47386,0.0]],[[-70.64659,-33.47381,0.0],[-70.64657,-33.47438,0.0]],[[-70.6522,-33.47351,0.0],[-70.65227,-33.47281,0.0],[-70.6513,-33.47273,0.0]],[[-70.6517,-33.47349,0.0],[-70.6522,-33.47351,0.0]],[[-70.65125,-33.47346,0.0],[-70.6517,-33.47349,0.0]],[[-70.65125,-33.47346,0.0],[-70.65114,-33.4746,0.0]],[[-70.65125,-33.47346,0.0],[-70.6513,-33.47273,0.0]],[[-70.65062,-33.47341,0.0],[-70.65125,-33.47346,0.0]],[[-70.64954,-33.47335,0.0],[-70.65009,-33.47338,0.0],[-70.65062,-33.47341,0.0]],[[-70.64954,-33.47335,0.0],[-70.64942,-33.47427,0.0],[-70.64939,-33.47452,0.0]],[[-70.64834,-33.47329,0.0],[-70.64954,-33.47335,0.0]],[[-70.64834,-33.47329,0.0],[-70.64839,-33.47214,0.0]],[[-70.64662,-33.47318,0.0],[-70.64742,-33.47323,0.0],[-70.64834,-33.47329,0.0]],[[-70.64662,-33.47318,0.0],[-70.64659,-33.47381,0.0]],[[-70.6452,-33.47309,0.0],[-70.64662,-33.47318,0.0]],[[-70.6452,-33.47309,0.0],[-70.64528,-33.4719,0.0]],[[-70.64207,-33.47292,0.0],[-70.64379,-33.47302,0.0],[-70.6452,-33.47309,0.0]],[[-70.6513,-33.47273,0.0],[-70.65142,-33.4716,0.0]],[[-70.64839,-33.47214,0.0],[-70.64717,-33.47207,0.0],[-70.64669,-33.47203,0.0]],[[-70.64839,-33.47214,0.0],[-70.64841,-33.47187,0.0],[-70.64848,-33.47104,0.0]],[[-70.64669,-33.47203,0.0],[-70.64662,-33.47318,0.0]],[[-70.64669,-33.47203,0.0],[-70.64528,-33.4719,0.0]],[[-70.64528,-33.4719,0.0],[-70.64385,-33.4718,0.0],[-70.64284,-33.47173,0.0],[-70.64213,-33.47169,0.0]],[[-70.64528,-33.4719,0.0],[-70.64534,-33.47072,0.0]],[[-70.64989,-33.47118,0.0],[-70.64982,-33.47169,0.0],[-70.64977,-33.47195,0.0],[-70.64975,-33.47208,0.0],[-70.64973,-33.47222,0.0],[-70.64969,-33.47242,0.0],[-70.64954,-33.47335,0.0]],[[-70.64674,-33.47087,0.0],[-70.64669,-33.47203,0.0]]]}},{"type":"Feature","properties":{"FolderPath":"cobertura desde 1oct2017/DIURNO - ORIENTE 30"},"geometry":{"type":"MultiLineString","coordinates":[[[-70.64196,-33.4764,0.0],[-70.64198,-33.47589,0.0],[-70.64199,-33.47529,0.0],[-70.64143,-33.47526,0.0],[-70.6411,-33.47524,0.0],[-70.64053,-33.47521,0.0]],[[-70.64053,-33.47521,0.0],[-70.63995,-33.47517,0.0],[-70.6396,-33.47516,0.0],[-70.63902,-33.47513,0.0]],[[-70.63902,-33.47513,0.0],[-70.63865,-33.47511,0.0],[-70.63843,-33.47509,0.0],[-70.63835,-33.47509,0.0],[-70.63825,-33.47508,0.0],[-70.63825,-33.47501,0.0],[-70.6384,-33.47354,0.0]],[[-70.63902,-33.47513,0.0],[-70.6392,-33.47361,0.0]],[[-70.64204,-33.47385,0.0],[-70.64063,-33.47373,0.0]],[[-70.64063,-33.47373,0.0],[-70.64053,-33.47521,0.0]],[[-70.64063,-33.47373,0.0],[-70.63994,-33.47368,0.0]],[[-70.63994,-33.47368,0.0],[-70.6392,-33.47361,0.0]],[[-70.6392,-33.47361,0.0],[-70.6384,-33.47354,0.0]],[[-70.6392,-33.47361,0.0],[-70.6393,-33.47273,0.0]],[[-70.64133,-33.47287,0.0],[-70.64207,-33.47292,0.0]],[[-70.64071,-33.47282,0.0],[-70.64133,-33.47287,0.0]],[[-70.64071,-33.47282,0.0],[-70.64063,-33.47373,0.0]],[[-70.64003,-33.47278,0.0],[-70.64071,-33.47282,0.0]],[[-70.64003,-33.47278,0.0],[-70.63994,-33.47368,0.0]],[[-70.6393,-33.47273,0.0],[-70.64003,-33.47278,0.0]],[[-70.6393,-33.47273,0.0],[-70.6394,-33.47153,0.0]],[[-70.6385,-33.47266,0.0],[-70.6393,-33.47273,0.0]],[[-70.6385,-33.47266,0.0],[-70.6384,-33.47354,0.0]],[[-70.6385,-33.47266,0.0],[-70.63857,-33.47184,0.0],[-70.63861,-33.47149,0.0]],[[-70.64284,-33.47173,0.0],[-70.64285,-33.47154,0.0],[-70.64289,-33.47074,0.0],[-70.6429,-33.47048,0.0]],[[-70.64213,-33.47169,0.0],[-70.64137,-33.47165,0.0]],[[-70.64137,-33.47165,0.0],[-70.64133,-33.47287,0.0]],[[-70.64137,-33.47165,0.0],[-70.64082,-33.4716,0.0]],[[-70.64137,-33.47165,0.0],[-70.64143,-33.47035,0.0]],[[-70.64082,-33.4716,0.0],[-70.64071,-33.47282,0.0]],[[-70.64082,-33.4716,0.0],[-70.64013,-33.47158,0.0]],[[-70.64013,-33.47158,0.0],[-70.64003,-33.47278,0.0]],[[-70.64013,-33.47158,0.0],[-70.6394,-33.47153,0.0]],[[-70.6394,-33.47153,0.0],[-70.63861,-33.47149,0.0]],[[-70.6394,-33.47153,0.0],[-70.63956,-33.47019,0.0]],[[-70.63861,-33.47149,0.0],[-70.63759,-33.47143,0.0]],[[-70.63861,-33.47149,0.0],[-70.63875,-33.47011,0.0]],[[-70.6429,-33.47048,0.0],[-70.64372,-33.47056,0.0],[-70.64391,-33.47058,0.0],[-70.64534,-33.47072,0.0]],[[-70.64143,-33.47035,0.0],[-70.64219,-33.47041,0.0],[-70.6429,-33.47048,0.0]],[[-70.64096,-33.47031,0.0],[-70.64143,-33.47035,0.0]],[[-70.64096,-33.47031,0.0],[-70.64082,-33.4716,0.0]],[[-70.63956,-33.47019,0.0],[-70.64096,-33.47031,0.0]],[[-70.63956,-33.47019,0.0],[-70.63968,-33.46884,0.0]],[[-70.63875,-33.47011,0.0],[-70.63956,-33.47019,0.0]],[[-70.63875,-33.47011,0.0],[-70.63889,-33.46877,0.0]],[[-70.64538,-33.46945,0.0],[-70.64398,-33.4693,0.0],[-70.64369,-33.46927,0.0],[-70.64318,-33.46922,0.0],[-70.64271,-33.46917,0.0],[-70.64225,-33.46912,0.0],[-70.64109,-33.469,0.0]],[[-70.64109,-33.469,0.0],[-70.64096,-33.47031,0.0]],[[-70.64109,-33.469,0.0],[-70.63968,-33.46884,0.0]],[[-70.63968,-33.46884,0.0],[-70.63889,-33.46877,0.0]],[[-70.63968,-33.46884,0.0],[-70.63983,-33.46758,0.0]],[[-70.63889,-33.46877,0.0],[-70.63893,-33.46835,0.0],[-70.63895,-33.46818,0.0],[-70.63897,-33.46799,0.0],[-70.63901,-33.46749,0.0]],[[-70.64121,-33.46772,0.0],[-70.64232,-33.46782,0.0]],[[-70.64121,-33.46772,0.0],[-70.64117,-33.46818,0.0],[-70.64109,-33.469,0.0]],[[-70.63983,-33.46758,0.0],[-70.64121,-33.46772,0.0]],[[-70.63983,-33.46758,0.0],[-70.63994,-33.4664,0.0]],[[-70.63901,-33.46749,0.0],[-70.63983,-33.46758,0.0]],[[-70.63901,-33.46749,0.0],[-70.63913,-33.46632,0.0]],[[-70.64132,-33.46654,0.0],[-70.64121,-33.46772,0.0]]]}},{"type":"Feature","properties":{"FolderPath":"cobertura desde 1oct2017/DIURNO - ORIENTE 31"},"geometry":{"type":"MultiLineString","coordinates":[[[-70.63825,-33.47508,0.0],[-70.63804,-33.47507,0.0],[-70.63787,-33.47506,0.0],[-70.6377,-33.47505,0.0],[-70.63753,-33.47505,0.0],[-70.63683,-33.47501,0.0]],[[-70.63683,-33.47501,0.0],[-70.63608,-33.47483,0.0]],[[-70.63683,-33.47501,0.0],[-70.63692,-33.47445,0.0],[-70.63715,-33.47343,0.0]],[[-70.63608,-33.47483,0.0],[-70.63503,-33.47445,0.0]],[[-70.63503,-33.47445,0.0],[-70.63443,-33.47423,0.0]],[[-70.63443,-33.47423,0.0],[-70.6338,-33.47399,0.0]],[[-70.63628,-33.47405,0.0],[-70.63621,-33.47432,0.0],[-70.63608,-33.47483,0.0]],[[-70.63628,-33.47405,0.0],[-70.63517,-33.47396,0.0]],[[-70.6338,-33.47399,0.0],[-70.63324,-33.47381,0.0]],[[-70.6338,-33.47399,0.0],[-70.63394,-33.47352,0.0],[-70.63404,-33.47315,0.0]],[[-70.63517,-33.47396,0.0],[-70.63503,-33.47445,0.0]],[[-70.63324,-33.47381,0.0],[-70.63261,-33.47357,0.0]],[[-70.63261,-33.47357,0.0],[-70.63199,-33.47337,0.0],[-70.63209,-33.47297,0.0]],[[-70.63261,-33.47357,0.0],[-70.63272,-33.47311,0.0],[-70.63275,-33.47303,0.0]],[[-70.6384,-33.47354,0.0],[-70.63715,-33.47343,0.0]],[[-70.63715,-33.47343,0.0],[-70.63644,-33.47338,0.0]],[[-70.63715,-33.47343,0.0],[-70.63732,-33.47258,0.0]],[[-70.63644,-33.47338,0.0],[-70.63628,-33.47405,0.0]],[[-70.63644,-33.47338,0.0],[-70.63535,-33.47326,0.0]],[[-70.63535,-33.47326,0.0],[-70.63517,-33.47396,0.0]],[[-70.63535,-33.47326,0.0],[-70.63471,-33.47321,0.0]],[[-70.63471,-33.47321,0.0],[-70.63458,-33.47375,0.0],[-70.63443,-33.47423,0.0]],[[-70.63471,-33.47321,0.0],[-70.63404,-33.47315,0.0]],[[-70.63404,-33.47315,0.0],[-70.63343,-33.47311,0.0]],[[-70.63404,-33.47315,0.0],[-70.63425,-33.47235,0.0]],[[-70.63343,-33.47311,0.0],[-70.63336,-33.47332,0.0],[-70.63324,-33.47381,0.0]],[[-70.63343,-33.47311,0.0],[-70.63275,-33.47303,0.0]],[[-70.63275,-33.47303,0.0],[-70.63253,-33.47301,0.0],[-70.63209,-33.47297,0.0]],[[-70.63275,-33.47303,0.0],[-70.63295,-33.47226,0.0]],[[-70.63732,-33.47258,0.0],[-70.63807,-33.47263,0.0],[-70.6385,-33.47266,0.0]],[[-70.63732,-33.47258,0.0],[-70.63759,-33.47143,0.0]],[[-70.63665,-33.47252,0.0],[-70.63732,-33.47258,0.0]],[[-70.63665,-33.47252,0.0],[-70.63644,-33.47338,0.0]],[[-70.63556,-33.47245,0.0],[-70.63665,-33.47252,0.0]],[[-70.63556,-33.47245,0.0],[-70.63535,-33.47326,0.0]],[[-70.63493,-33.47239,0.0],[-70.63556,-33.47245,0.0]],[[-70.63493,-33.47239,0.0],[-70.63471,-33.47321,0.0]],[[-70.63425,-33.47235,0.0],[-70.63493,-33.47239,0.0]],[[-70.63425,-33.47235,0.0],[-70.63455,-33.47126,0.0]],[[-70.63363,-33.4723,0.0],[-70.63425,-33.47235,0.0]],[[-70.63363,-33.4723,0.0],[-70.63343,-33.47311,0.0]],[[-70.63295,-33.47226,0.0],[-70.63363,-33.4723,0.0]],[[-70.63295,-33.47226,0.0],[-70.63325,-33.47118,0.0]],[[-70.63228,-33.4722,0.0],[-70.63295,-33.47226,0.0]],[[-70.63228,-33.4722,0.0],[-70.63222,-33.47239,0.0],[-70.63211,-33.47284,0.0],[-70.63209,-33.47297,0.0]],[[-70.63228,-33.4722,0.0],[-70.63233,-33.47196,0.0],[-70.63252,-33.47115,0.0]],[[-70.63759,-33.47143,0.0],[-70.63694,-33.47139,0.0]],[[-70.63759,-33.47143,0.0],[-70.63789,-33.47004,0.0]],[[-70.63694,-33.47139,0.0],[-70.63665,-33.47252,0.0]],[[-70.63694,-33.47139,0.0],[-70.63584,-33.47133,0.0]],[[-70.63584,-33.47133,0.0],[-70.63556,-33.47245,0.0]],[[-70.63584,-33.47133,0.0],[-70.63522,-33.47129,0.0]],[[-70.63522,-33.47129,0.0],[-70.63493,-33.47239,0.0]],[[-70.63522,-33.47129,0.0],[-70.63455,-33.47126,0.0]],[[-70.63455,-33.47126,0.0],[-70.6339,-33.47122,0.0]],[[-70.63455,-33.47126,0.0],[-70.63494,-33.46978,0.0]],[[-70.6339,-33.47122,0.0],[-70.63363,-33.4723,0.0]],[[-70.6339,-33.47122,0.0],[-70.63325,-33.47118,0.0]],[[-70.63325,-33.47118,0.0],[-70.63252,-33.47115,0.0]],[[-70.63325,-33.47118,0.0],[-70.63365,-33.46967,0.0]],[[-70.63252,-33.47115,0.0],[-70.6319,-33.47105,0.0]],[[-70.63252,-33.47115,0.0],[-70.6329,-33.4696,0.0]],[[-70.6319,-33.47105,0.0],[-70.63164,-33.47208,0.0],[-70.63203,-33.47215,0.0],[-70.63228,-33.4722,0.0]],[[-70.63789,-33.47004,0.0],[-70.63875,-33.47011,0.0]],[[-70.63789,-33.47004,0.0],[-70.63818,-33.46897,0.0]],[[-70.63729,-33.47,0.0],[-70.63789,-33.47004,0.0]],[[-70.63729,-33.47,0.0],[-70.63694,-33.47139,0.0]],[[-70.63626,-33.46989,0.0],[-70.63729,-33.47,0.0]],[[-70.63626,-33.46989,0.0],[-70.63584,-33.47133,0.0]],[[-70.63561,-33.46983,0.0],[-70.63626,-33.46989,0.0]],[[-70.63561,-33.46983,0.0],[-70.63522,-33.47129,0.0]],[[-70.63494,-33.46978,0.0],[-70.63561,-33.46983,0.0]],[[-70.63494,-33.46978,0.0],[-70.63532,-33.46836,0.0]],[[-70.63429,-33.46972,0.0],[-70.63494,-33.46978,0.0]],[[-70.63429,-33.46972,0.0],[-70.6339,-33.47122,0.0]],[[-70.63365,-33.46967,0.0],[-70.63429,-33.46972,0.0]],[[-70.63365,-33.46967,0.0],[-70.63402,-33.46821,0.0]],[[-70.6329,-33.4696,0.0],[-70.63365,-33.46967,0.0]],[[-70.6329,-33.4696,0.0],[-70.63329,-33.46813,0.0]],[[-70.63232,-33.46949,0.0],[-70.6329,-33.4696,0.0]],[[-70.63232,-33.46949,0.0],[-70.6319,-33.47105,0.0]],[[-70.63767,-33.46863,0.0],[-70.63729,-33.47,0.0]],[[-70.63662,-33.4685,0.0],[-70.63626,-33.46989,0.0]],[[-70.63599,-33.46843,0.0],[-70.63561,-33.46983,0.0]],[[-70.63468,-33.4683,0.0],[-70.63429,-33.46972,0.0]],[[-70.63269,-33.46806,0.0],[-70.63232,-33.46949,0.0]]]}},{"type":"Feature","properties":{"FolderPath":"cobertura desde 1oct2017/DIURNO - ORIENTE 32"},"geometry":{"type":"MultiLineString","coordinates":[[[-70.63103,-33.47197,0.0],[-70.63164,-33.47208,0.0]],[[-70.63044,-33.47186,0.0],[-70.63103,-33.47197,0.0]],[[-70.63044,-33.47186,0.0],[-70.63072,-33.47083,0.0]],[[-70.62984,-33.47174,0.0],[-70.63044,-33.47186,0.0]],[[-70.62984,-33.47174,0.0],[-70.63012,-33.47072,0.0]],[[-70.6292,-33.47163,0.0],[-70.62984,-33.47174,0.0]],[[-70.62848,-33.4715,0.0],[-70.6292,-33.47163,0.0]],[[-70.62848,-33.4715,0.0],[-70.62878,-33.47046,0.0]],[[-70.62794,-33.4714,0.0],[-70.62821,-33.47146,0.0],[-70.62848,-33.4715,0.0]],[[-70.62739,-33.47131,0.0],[-70.62794,-33.4714,0.0]],[[-70.62739,-33.47131,0.0],[-70.62748,-33.47102,0.0],[-70.62769,-33.47026,0.0]],[[-70.6319,-33.47105,0.0],[-70.63128,-33.47095,0.0]],[[-70.63128,-33.47095,0.0],[-70.63103,-33.47197,0.0]],[[-70.63128,-33.47095,0.0],[-70.63072,-33.47083,0.0]],[[-70.63072,-33.47083,0.0],[-70.63012,-33.47072,0.0]],[[-70.63072,-33.47083,0.0],[-70.63112,-33.46926,0.0]],[[-70.63012,-33.47072,0.0],[-70.62948,-33.4706,0.0]],[[-70.63012,-33.47072,0.0],[-70.63053,-33.46917,0.0]],[[-70.62678,-33.47068,0.0],[-70.62686,-33.47092,0.0],[-70.62695,-33.47064,0.0]],[[-70.62678,-33.47068,0.0],[-70.62695,-33.47064,0.0]],[[-70.62948,-33.4706,0.0],[-70.6292,-33.47163,0.0]],[[-70.62948,-33.4706,0.0],[-70.62878,-33.47046,0.0]],[[-70.62878,-33.47046,0.0],[-70.62823,-33.47036,0.0]],[[-70.62878,-33.47046,0.0],[-70.62916,-33.46889,0.0]],[[-70.62823,-33.47036,0.0],[-70.62798,-33.47128,0.0],[-70.62794,-33.4714,0.0]],[[-70.62823,-33.47036,0.0],[-70.62769,-33.47026,0.0]],[[-70.62823,-33.47036,0.0],[-70.62864,-33.4688,0.0]],[[-70.62769,-33.47026,0.0],[-70.62709,-33.47015,0.0]],[[-70.62769,-33.47026,0.0],[-70.62807,-33.4689,0.0]],[[-70.62709,-33.47015,0.0],[-70.62695,-33.47064,0.0]],[[-70.62709,-33.47015,0.0],[-70.62754,-33.46859,0.0]],[[-70.63172,-33.46937,0.0],[-70.63232,-33.46949,0.0]],[[-70.63172,-33.46937,0.0],[-70.63128,-33.47095,0.0]],[[-70.63112,-33.46926,0.0],[-70.63172,-33.46937,0.0]],[[-70.63112,-33.46926,0.0],[-70.63147,-33.46792,0.0]],[[-70.63053,-33.46917,0.0],[-70.63112,-33.46926,0.0]],[[-70.63053,-33.46917,0.0],[-70.63086,-33.46785,0.0]],[[-70.6299,-33.46904,0.0],[-70.63053,-33.46917,0.0]],[[-70.6299,-33.46904,0.0],[-70.62948,-33.4706,0.0]],[[-70.62596,-33.46899,0.0],[-70.62594,-33.46926,0.0],[-70.62622,-33.46977,0.0],[-70.6266,-33.47038,0.0],[-70.62678,-33.47068,0.0]],[[-70.62596,-33.46899,0.0],[-70.62559,-33.4693,0.0],[-70.62544,-33.46941,0.0],[-70.62564,-33.46942,0.0],[-70.62607,-33.46983,0.0],[-70.62626,-33.47013,0.0],[-70.62663,-33.47072,0.0],[-70.62683,-33.47102,0.0],[-70.62678,-33.4712,0.0],[-70.62702,-33.47125,0.0],[-70.62739,-33.47131,0.0]],[[-70.62916,-33.46889,0.0],[-70.6299,-33.46904,0.0]],[[-70.62916,-33.46889,0.0],[-70.62949,-33.46768,0.0]],[[-70.62864,-33.4688,0.0],[-70.62916,-33.46889,0.0]],[[-70.62754,-33.46859,0.0],[-70.62864,-33.4688,0.0]],[[-70.62754,-33.46859,0.0],[-70.62785,-33.46753,0.0]],[[-70.63269,-33.46806,0.0],[-70.63207,-33.46799,0.0]],[[-70.63207,-33.46799,0.0],[-70.63172,-33.46937,0.0]],[[-70.63207,-33.46799,0.0],[-70.63147,-33.46792,0.0]],[[-70.63147,-33.46792,0.0],[-70.63086,-33.46785,0.0]],[[-70.63147,-33.46792,0.0],[-70.63183,-33.46665,0.0]],[[-70.63086,-33.46785,0.0],[-70.63024,-33.46778,0.0]],[[-70.63086,-33.46785,0.0],[-70.63122,-33.46659,0.0]],[[-70.63024,-33.46778,0.0],[-70.6299,-33.46904,0.0]],[[-70.63024,-33.46778,0.0],[-70.62949,-33.46768,0.0]],[[-70.62949,-33.46768,0.0],[-70.62785,-33.46753,0.0]],[[-70.62949,-33.46768,0.0],[-70.63017,-33.46529,0.0]],[[-70.62785,-33.46753,0.0],[-70.62655,-33.46739,0.0],[-70.6264,-33.46738,0.0]],[[-70.62785,-33.46753,0.0],[-70.62856,-33.46513,0.0]],[[-70.6264,-33.46738,0.0],[-70.62619,-33.46809,0.0],[-70.62611,-33.46838,0.0],[-70.62606,-33.46857,0.0],[-70.62596,-33.46899,0.0]],[[-70.63243,-33.46671,0.0],[-70.63207,-33.46799,0.0]],[[-70.63058,-33.46651,0.0],[-70.63024,-33.46778,0.0]],[[-70.62712,-33.46484,0.0],[-70.62698,-33.46536,0.0],[-70.6264,-33.46738,0.0]]]}},{"type":"Feature","properties":{"FolderPath":"cobertura desde 1oct2017/DIURNO - PONIENTE 42"},"geometry":{"type":"MultiLineString","coordinates":[[[-70.65944,-33.4732,0.0],[-70.66127,-33.47331,0.0],[-70.66312,-33.47341,0.0],[-70.66325,-33.47342,0.0]],[[-70.65816,-33.47313,0.0],[-70.65944,-33.4732,0.0]],[[-70.65816,-33.47313,0.0],[-70.65829,-33.47166,0.0]],[[-70.65704,-33.47307,0.0],[-70.65753,-33.4731,0.0],[-70.65816,-33.47313,0.0]],[[-70.65952,-33.47173,0.0],[-70.65944,-33.4732,0.0]],[[-70.65952,-33.47173,0.0],[-70.65829,-33.47166,0.0]],[[-70.65952,-33.47173,0.0],[-70.65962,-33.47039,0.0],[-70.65963,-33.47025,0.0]],[[-70.65829,-33.47166,0.0],[-70.65711,-33.4716,0.0]],[[-70.65829,-33.47166,0.0],[-70.65839,-33.47031,0.0],[-70.6584,-33.47018,0.0]],[[-70.65711,-33.4716,0.0],[-70.65704,-33.47307,0.0]],[[-70.65711,-33.4716,0.0],[-70.65646,-33.47156,0.0]],[[-70.65646,-33.47156,0.0],[-70.65608,-33.47214,0.0],[-70.65595,-33.47233,0.0],[-70.65592,-33.47301,0.0],[-70.65607,-33.47303,0.0],[-70.65631,-33.47304,0.0],[-70.65704,-33.47307,0.0]],[[-70.66092,-33.47033,0.0],[-70.65963,-33.47025,0.0]],[[-70.65963,-33.47025,0.0],[-70.6584,-33.47018,0.0]],[[-70.6584,-33.47018,0.0],[-70.65721,-33.47011,0.0]],[[-70.65721,-33.47011,0.0],[-70.6572,-33.47023,0.0],[-70.65714,-33.47119,0.0],[-70.65711,-33.4716,0.0]],[[-70.65721,-33.47011,0.0],[-70.65702,-33.47004,0.0],[-70.65664,-33.47003,0.0],[-70.65656,-33.47116,0.0],[-70.65646,-33.47156,0.0]],[[-70.66487,-33.47005,0.0],[-70.66487,-33.47051,0.0]],[[-70.66343,-33.47001,0.0],[-70.6636,-33.47001,0.0],[-70.66487,-33.47005,0.0]],[[-70.66343,-33.47001,0.0],[-70.66345,-33.47045,0.0]],[[-70.66343,-33.47001,0.0],[-70.66344,-33.46963,0.0]],[[-70.66488,-33.46966,0.0],[-70.66487,-33.47005,0.0]],[[-70.66488,-33.46966,0.0],[-70.6636,-33.46963,0.0],[-70.66344,-33.46963,0.0]],[[-70.66344,-33.46963,0.0],[-70.66346,-33.46926,0.0]],[[-70.66488,-33.4693,0.0],[-70.66488,-33.46966,0.0]],[[-70.66488,-33.4693,0.0],[-70.6636,-33.46926,0.0],[-70.66346,-33.46926,0.0]],[[-70.65877,-33.46891,0.0],[-70.65889,-33.46656,0.0]],[[-70.6649,-33.46733,0.0],[-70.66488,-33.4693,0.0]],[[-70.6649,-33.46733,0.0],[-70.66371,-33.46725,0.0],[-70.66355,-33.46724,0.0]],[[-70.66355,-33.46724,0.0],[-70.66346,-33.46926,0.0]],[[-70.66355,-33.46724,0.0],[-70.66359,-33.46644,0.0]],[[-70.66493,-33.46646,0.0],[-70.6649,-33.46733,0.0]],[[-70.66359,-33.46644,0.0],[-70.66372,-33.46644,0.0],[-70.6643,-33.46646,0.0],[-70.66493,-33.46646,0.0]],[[-70.66492,-33.46554,0.0],[-70.66493,-33.46646,0.0]],[[-70.66492,-33.46554,0.0],[-70.66377,-33.46538,0.0],[-70.66362,-33.46536,0.0]],[[-70.66362,-33.46536,0.0],[-70.66359,-33.46644,0.0]],[[-70.66362,-33.46536,0.0],[-70.66371,-33.46349,0.0]],[[-70.66219,-33.46421,0.0],[-70.66029,-33.4655,0.0]],[[-70.66495,-33.46351,0.0],[-70.66492,-33.46554,0.0]],[[-70.66495,-33.46351,0.0],[-70.66385,-33.46349,0.0],[-70.66371,-33.46349,0.0]],[[-70.66371,-33.46349,0.0],[-70.66378,-33.46226,0.0]],[[-70.66496,-33.46227,0.0],[-70.66495,-33.46351,0.0]],[[-70.66496,-33.46227,0.0],[-70.66393,-33.46226,0.0],[-70.66378,-33.46226,0.0]],[[-70.66378,-33.46226,0.0],[-70.66382,-33.46096,0.0]],[[-70.66496,-33.46099,0.0],[-70.66496,-33.46227,0.0]],[[-70.66496,-33.46099,0.0],[-70.66382,-33.46096,0.0]],[[-70.66382,-33.46096,0.0],[-70.66392,-33.45855,0.0]],[[-70.66034,-33.45987,0.0],[-70.66022,-33.45987,0.0],[-70.66002,-33.45987,0.0],[-70.65935,-33.45993,0.0],[-70.65896,-33.46005,0.0],[-70.65857,-33.46035,0.0],[-70.65806,-33.46082,0.0],[-70.65776,-33.46409,0.0],[-70.65818,-33.46473,0.0],[-70.65843,-33.46497,0.0]],[[-70.66497,-33.45862,0.0],[-70.66496,-33.46099,0.0]],[[-70.66497,-33.45862,0.0],[-70.66392,-33.45855,0.0]],[[-70.66392,-33.45855,0.0],[-70.66083,-33.45834,0.0],[-70.66039,-33.45832,0.0],[-70.66023,-33.45831,0.0],[-70.65979,-33.4583,0.0],[-70.65937,-33.45827,0.0]],[[-70.66392,-33.45855,0.0],[-70.66395,-33.45746,0.0],[-70.66401,-33.45705,0.0]],[[-70.65937,-33.45827,0.0],[-70.65796,-33.45816,0.0],[-70.65764,-33.45831,0.0],[-70.65753,-33.45867,0.0],[-70.65738,-33.46051,0.0]],[[-70.65937,-33.45827,0.0],[-70.65949,-33.4577,0.0],[-70.65952,-33.45747,0.0],[-70.65957,-33.45717,0.0],[-70.65961,-33.4566,0.0]],[[-70.66497,-33.45713,0.0],[-70.66497,-33.45862,0.0]],[[-70.65711,-33.45631,0.0],[-70.65703,-33.45651,0.0]],[[-70.65705,-33.45629,0.0],[-70.65703,-33.45638,0.0],[-70.65696,-33.45651,0.0],[-70.65686,-33.45804,0.0]]]}},{"type":"Feature","properties":{"FolderPath":"cobertura desde 1oct2017/DIURNO - PONIENTE 43"},"geometry":{"type":"MultiLineString","coordinates":[[[-70.67334,-33.465,0.0],[-70.67459,-33.46525,0.0],[-70.67468,-33.46483,0.0]],[[-70.67593,-33.46489,0.0],[-70.6758,-33.46545,0.0]],[[-70.67593,-33.46489,0.0],[-70.67606,-33.46434,0.0]],[[-70.67468,-33.46483,0.0],[-70.67475,-33.46449,0.0]],[[-70.67214,-33.46478,0.0],[-70.67238,-33.46483,0.0],[-70.67261,-33.46487,0.0],[-70.67284,-33.46491,0.0],[-70.67305,-33.46495,0.0],[-70.67334,-33.465,0.0]],[[-70.67214,-33.46478,0.0],[-70.67242,-33.46366,0.0]],[[-70.67214,-33.46478,0.0],[-70.67155,-33.46467,0.0],[-70.67154,-33.46351,0.0]],[[-70.67343,-33.46459,0.0],[-70.67468,-33.46483,0.0]],[[-70.67343,-33.46459,0.0],[-70.67334,-33.465,0.0]],[[-70.67475,-33.46449,0.0],[-70.67351,-33.46426,0.0]],[[-70.67475,-33.46449,0.0],[-70.67484,-33.46412,0.0]],[[-70.67606,-33.46434,0.0],[-70.67484,-33.46412,0.0]],[[-70.67606,-33.46434,0.0],[-70.67619,-33.46379,0.0],[-70.67631,-33.46326,0.0]],[[-70.67351,-33.46426,0.0],[-70.67346,-33.46447,0.0],[-70.67343,-33.46459,0.0]],[[-70.67484,-33.46412,0.0],[-70.67361,-33.46389,0.0]],[[-70.67484,-33.46412,0.0],[-70.67509,-33.46303,0.0],[-70.67386,-33.46279,0.0]],[[-70.67361,-33.46389,0.0],[-70.67351,-33.46426,0.0]],[[-70.67361,-33.46389,0.0],[-70.67242,-33.46366,0.0]],[[-70.67242,-33.46366,0.0],[-70.67154,-33.46351,0.0]],[[-70.67242,-33.46366,0.0],[-70.6725,-33.46332,0.0],[-70.67268,-33.46256,0.0]],[[-70.67154,-33.46351,0.0],[-70.67162,-33.46239,0.0]],[[-70.67871,-33.46341,0.0],[-70.67876,-33.46401,0.0],[-70.67881,-33.46498,0.0],[-70.67593,-33.46489,0.0]],[[-70.67386,-33.46279,0.0],[-70.67361,-33.46389,0.0]],[[-70.67323,-33.46267,0.0],[-70.67386,-33.46279,0.0]],[[-70.67268,-33.46256,0.0],[-70.67323,-33.46267,0.0]],[[-70.67268,-33.46256,0.0],[-70.67162,-33.46239,0.0]],[[-70.67268,-33.46256,0.0],[-70.67293,-33.46146,0.0]],[[-70.67162,-33.46239,0.0],[-70.67177,-33.46125,0.0]],[[-70.67536,-33.46191,0.0],[-70.67473,-33.4618,0.0]],[[-70.67473,-33.4618,0.0],[-70.67412,-33.46169,0.0]],[[-70.67412,-33.46169,0.0],[-70.67398,-33.46231,0.0],[-70.67386,-33.46279,0.0]],[[-70.67412,-33.46169,0.0],[-70.67351,-33.46158,0.0]],[[-70.67351,-33.46158,0.0],[-70.67323,-33.46267,0.0]],[[-70.67351,-33.46158,0.0],[-70.67293,-33.46146,0.0]],[[-70.67293,-33.46146,0.0],[-70.67177,-33.46125,0.0]],[[-70.67293,-33.46146,0.0],[-70.67319,-33.46034,0.0]],[[-70.67177,-33.46125,0.0],[-70.67191,-33.4601,0.0]],[[-70.67499,-33.46072,0.0],[-70.67562,-33.46083,0.0]],[[-70.67499,-33.46072,0.0],[-70.67473,-33.4618,0.0]],[[-70.67437,-33.46059,0.0],[-70.67499,-33.46072,0.0]],[[-70.67437,-33.46059,0.0],[-70.67412,-33.46169,0.0]],[[-70.67319,-33.46034,0.0],[-70.67437,-33.46059,0.0]],[[-70.67319,-33.46034,0.0],[-70.67346,-33.45925,0.0]],[[-70.67849,-33.46023,0.0],[-70.67839,-33.45893,0.0],[-70.6775,-33.45886,0.0]],[[-70.67191,-33.4601,0.0],[-70.67319,-33.46034,0.0]],[[-70.67191,-33.4601,0.0],[-70.67206,-33.45898,0.0]],[[-70.67725,-33.45999,0.0],[-70.6775,-33.45886,0.0]],[[-70.67581,-33.45992,0.0],[-70.6752,-33.45981,0.0]],[[-70.6752,-33.45981,0.0],[-70.67499,-33.46072,0.0]],[[-70.6752,-33.45981,0.0],[-70.67459,-33.45971,0.0]],[[-70.67587,-33.45972,0.0],[-70.67609,-33.45878,0.0]],[[-70.67459,-33.45971,0.0],[-70.67437,-33.46059,0.0]],[[-70.67464,-33.45948,0.0],[-70.67459,-33.45971,0.0]],[[-70.67464,-33.45948,0.0],[-70.67346,-33.45925,0.0]],[[-70.67346,-33.45925,0.0],[-70.67206,-33.45898,0.0]],[[-70.67346,-33.45925,0.0],[-70.67363,-33.4585,0.0]],[[-70.67206,-33.45898,0.0],[-70.67212,-33.45839,0.0]],[[-70.6775,-33.45886,0.0],[-70.67681,-33.45881,0.0]],[[-70.67681,-33.45881,0.0],[-70.67656,-33.45986,0.0]],[[-70.67681,-33.45881,0.0],[-70.67609,-33.45878,0.0]],[[-70.67609,-33.45878,0.0],[-70.67489,-33.45857,0.0],[-70.67464,-33.45948,0.0]]]}},{"type":"Feature","properties":{"FolderPath":"cobertura desde 1oct2017/DIURNO - PONIENTE 44"},"geometry":{"type":"MultiLineString","coordinates":[[[-70.67249,-33.47192,0.0],[-70.67249,-33.47061,0.0]],[[-70.67209,-33.47191,0.0],[-70.6721,-33.47061,0.0]],[[-70.67809,-33.47067,0.0],[-70.67756,-33.47067,0.0],[-70.6768,-33.47067,0.0]],[[-70.67809,-33.47067,0.0],[-70.67809,-33.47018,0.0],[-70.67808,-33.46948,0.0]],[[-70.6768,-33.47067,0.0],[-70.67555,-33.47066,0.0]],[[-70.67555,-33.47066,0.0],[-70.67424,-33.47063,0.0]],[[-70.67555,-33.47066,0.0],[-70.67556,-33.47016,0.0],[-70.67556,-33.46945,0.0]],[[-70.67424,-33.47063,0.0],[-70.67323,-33.47062,0.0],[-70.67293,-33.47061,0.0]],[[-70.67424,-33.47063,0.0],[-70.67425,-33.47016,0.0],[-70.67427,-33.46945,0.0]],[[-70.67293,-33.47061,0.0],[-70.67292,-33.47192,0.0]],[[-70.67293,-33.47061,0.0],[-70.67249,-33.47061,0.0]],[[-70.67249,-33.47061,0.0],[-70.6721,-33.47061,0.0]],[[-70.6721,-33.47061,0.0],[-70.67185,-33.47061,0.0],[-70.6717,-33.47061,0.0]],[[-70.6717,-33.47061,0.0],[-70.67131,-33.47061,0.0],[-70.67037,-33.4706,0.0],[-70.67024,-33.47061,0.0]],[[-70.6717,-33.47061,0.0],[-70.67169,-33.47039,0.0],[-70.67171,-33.46942,0.0]],[[-70.67024,-33.47061,0.0],[-70.6698,-33.47059,0.0],[-70.66937,-33.47058,0.0]],[[-70.66937,-33.47058,0.0],[-70.66915,-33.47058,0.0],[-70.6689,-33.47057,0.0],[-70.66868,-33.47057,0.0],[-70.66848,-33.47057,0.0],[-70.66827,-33.47057,0.0],[-70.66778,-33.47057,0.0],[-70.66885,-33.46941,0.0],[-70.66907,-33.46919,0.0]],[[-70.67808,-33.46948,0.0],[-70.67682,-33.46947,0.0]],[[-70.67808,-33.46948,0.0],[-70.67912,-33.46933,0.0]],[[-70.67682,-33.46947,0.0],[-70.6768,-33.47017,0.0],[-70.6768,-33.47067,0.0]],[[-70.67682,-33.46947,0.0],[-70.67684,-33.4684,0.0]],[[-70.67682,-33.46947,0.0],[-70.67624,-33.46946,0.0],[-70.67556,-33.46945,0.0]],[[-70.67556,-33.46945,0.0],[-70.67427,-33.46945,0.0]],[[-70.67556,-33.46945,0.0],[-70.67557,-33.46837,0.0]],[[-70.67427,-33.46945,0.0],[-70.6743,-33.46836,0.0]],[[-70.67296,-33.46944,0.0],[-70.67427,-33.46945,0.0]],[[-70.67296,-33.46944,0.0],[-70.67293,-33.47061,0.0]],[[-70.67296,-33.46944,0.0],[-70.6725,-33.46944,0.0]],[[-70.6725,-33.46944,0.0],[-70.67249,-33.47061,0.0]],[[-70.6721,-33.46943,0.0],[-70.6725,-33.46944,0.0]],[[-70.6721,-33.46943,0.0],[-70.6721,-33.47061,0.0]],[[-70.6721,-33.46943,0.0],[-70.67171,-33.46942,0.0]],[[-70.6721,-33.46943,0.0],[-70.6721,-33.46834,0.0]],[[-70.67171,-33.46942,0.0],[-70.67073,-33.46941,0.0],[-70.67028,-33.4694,0.0]],[[-70.67171,-33.46942,0.0],[-70.67172,-33.46835,0.0]],[[-70.67028,-33.4694,0.0],[-70.67024,-33.47061,0.0]],[[-70.67028,-33.4694,0.0],[-70.66984,-33.4694,0.0],[-70.66941,-33.46939,0.0]],[[-70.67028,-33.4694,0.0],[-70.67028,-33.469,0.0],[-70.67028,-33.46833,0.0]],[[-70.66941,-33.46939,0.0],[-70.66937,-33.47058,0.0]],[[-70.66941,-33.46939,0.0],[-70.66914,-33.46923,0.0],[-70.66907,-33.46919,0.0]],[[-70.67912,-33.46933,0.0],[-70.67911,-33.46993,0.0],[-70.67912,-33.47017,0.0],[-70.67913,-33.4703,0.0],[-70.67912,-33.47045,0.0],[-70.67913,-33.47067,0.0],[-70.67853,-33.47067,0.0],[-70.67809,-33.47067,0.0]],[[-70.67842,-33.46841,0.0],[-70.67912,-33.46933,0.0]],[[-70.67842,-33.46841,0.0],[-70.67684,-33.4684,0.0]],[[-70.67557,-33.46837,0.0],[-70.67684,-33.4684,0.0]],[[-70.67493,-33.46836,0.0],[-70.67557,-33.46837,0.0]],[[-70.67493,-33.46836,0.0],[-70.67493,-33.4672,0.0]],[[-70.6743,-33.46836,0.0],[-70.67493,-33.46836,0.0]],[[-70.6743,-33.46836,0.0],[-70.67382,-33.46836,0.0],[-70.67342,-33.46835,0.0],[-70.67297,-33.46835,0.0]],[[-70.6743,-33.46836,0.0],[-70.67431,-33.46719,0.0]],[[-70.67297,-33.46835,0.0],[-70.67296,-33.46944,0.0]],[[-70.67297,-33.46835,0.0],[-70.67251,-33.46835,0.0]],[[-70.67251,-33.46835,0.0],[-70.6725,-33.46944,0.0]],[[-70.67251,-33.46835,0.0],[-70.6721,-33.46834,0.0]],[[-70.67172,-33.46835,0.0],[-70.67173,-33.46791,0.0]],[[-70.67172,-33.46835,0.0],[-70.67073,-33.46833,0.0],[-70.67028,-33.46833,0.0]],[[-70.6721,-33.46834,0.0],[-70.67172,-33.46835,0.0]],[[-70.67028,-33.46833,0.0],[-70.67003,-33.46816,0.0]],[[-70.67003,-33.46816,0.0],[-70.66985,-33.46835,0.0],[-70.66907,-33.46919,0.0]],[[-70.67298,-33.46793,0.0],[-70.67297,-33.46835,0.0]],[[-70.67173,-33.46791,0.0],[-70.67298,-33.46793,0.0]],[[-70.67173,-33.46791,0.0],[-70.67173,-33.46717,0.0]],[[-70.67687,-33.4672,0.0],[-70.67684,-33.4684,0.0]],[[-70.67561,-33.46719,0.0],[-70.67687,-33.4672,0.0]],[[-70.67561,-33.46719,0.0],[-70.67557,-33.46837,0.0]],[[-70.67561,-33.46719,0.0],[-70.67493,-33.4672,0.0]],[[-70.67561,-33.46719,0.0],[-70.67561,-33.46653,0.0]],[[-70.67431,-33.46719,0.0],[-70.67493,-33.4672,0.0]],[[-70.67431,-33.46719,0.0],[-70.67431,-33.46649,0.0]],[[-70.67431,-33.46719,0.0],[-70.67383,-33.46719,0.0],[-70.67345,-33.46719,0.0]],[[-70.67345,-33.46719,0.0],[-70.67348,-33.46691,0.0],[-70.6735,-33.46648,0.0]],[[-70.67299,-33.46718,0.0],[-70.67345,-33.46719,0.0]],[[-70.67299,-33.46718,0.0],[-70.67298,-33.46793,0.0]],[[-70.67299,-33.46718,0.0],[-70.67173,-33.46717,0.0]],[[-70.67173,-33.46717,0.0],[-70.67096,-33.46716,0.0]],[[-70.67173,-33.46717,0.0],[-70.67175,-33.46643,0.0]],[[-70.67096,-33.46716,0.0],[-70.67078,-33.46736,0.0],[-70.67063,-33.46752,0.0],[-70.67003,-33.46816,0.0]],[[-70.6708,-33.46716,0.0],[-70.67139,-33.46655,0.0],[-70.6715,-33.46645,0.0]],[[-70.67742,-33.46715,0.0],[-70.67842,-33.46841,0.0]],[[-70.67742,-33.46715,0.0],[-70.67687,-33.4672,0.0]],[[-70.67896,-33.46667,0.0],[-70.67912,-33.46933,0.0]],[[-70.67896,-33.46667,0.0],[-70.67701,-33.46659,0.0]],[[-70.67701,-33.46659,0.0],[-70.67742,-33.46715,0.0]],[[-70.67701,-33.46659,0.0],[-70.67659,-33.46657,0.0],[-70.67596,-33.46655,0.0]],[[-70.67596,-33.46655,0.0],[-70.67621,-33.46552,0.0]],[[-70.67561,-33.46653,0.0],[-70.67596,-33.46655,0.0]],[[-70.67561,-33.46653,0.0],[-70.67431,-33.46649,0.0]],[[-70.67561,-33.46653,0.0],[-70.6758,-33.46545,0.0]],[[-70.67431,-33.46649,0.0],[-70.67459,-33.46525,0.0],[-70.6758,-33.46545,0.0]],[[-70.6735,-33.46648,0.0],[-70.67431,-33.46649,0.0]],[[-70.6735,-33.46648,0.0],[-70.67301,-33.46646,0.0]],[[-70.67301,-33.46646,0.0],[-70.67299,-33.46718,0.0]],[[-70.67175,-33.46643,0.0],[-70.67301,-33.46646,0.0]],[[-70.67175,-33.46643,0.0],[-70.67152,-33.46659,0.0],[-70.67096,-33.46716,0.0]],[[-70.67175,-33.46643,0.0],[-70.67206,-33.46519,0.0],[-70.67214,-33.46478,0.0]],[[-70.67161,-33.46627,0.0],[-70.67155,-33.46467,0.0]],[[-70.67675,-33.46562,0.0],[-70.67648,-33.46557,0.0],[-70.67621,-33.46552,0.0]],[[-70.67621,-33.46552,0.0],[-70.6758,-33.46545,0.0]],[[-70.67334,-33.465,0.0],[-70.67324,-33.46539,0.0],[-70.67314,-33.46583,0.0],[-70.67301,-33.46646,0.0]],[[-70.67881,-33.46498,0.0],[-70.67896,-33.46667,0.0]]]}},{"type":"Feature","properties":{"FolderPath":"cobertura desde 1oct2017/DIURNO - PONIENTE 45"},"geometry":{"type":"MultiLineString","coordinates":[[[-70.680761,-33.478372,0.0],[-70.67451,-33.47842,0.0],[-70.67318,-33.47844,0.0],[-70.67268,-33.47844,0.0],[-70.67184,-33.47845,0.0],[-70.67156,-33.47845,0.0],[-70.67158,-33.47824,0.0],[-70.67157,-33.47756,0.0],[-70.67158,-33.47736,0.0],[-70.67158,-33.47676,0.0],[-70.67163,-33.47622,0.0]],[[-70.67163,-33.47622,0.0],[-70.67158,-33.47601,0.0],[-70.67158,-33.47585,0.0]],[[-70.6718,-33.47585,0.0],[-70.67172,-33.476,0.0],[-70.67163,-33.47622,0.0]],[[-70.6718,-33.47585,0.0],[-70.67158,-33.47585,0.0]],[[-70.67158,-33.47585,0.0],[-70.6703,-33.47582,0.0]],[[-70.67158,-33.47585,0.0],[-70.67158,-33.47556,0.0],[-70.67159,-33.47484,0.0]],[[-70.6703,-33.47582,0.0],[-70.6693,-33.47581,0.0]],[[-70.6693,-33.47581,0.0],[-70.66931,-33.47537,0.0],[-70.66933,-33.47438,0.0]],[[-70.66893,-33.4758,0.0],[-70.6693,-33.47581,0.0]],[[-70.66893,-33.4758,0.0],[-70.66893,-33.47547,0.0],[-70.6691,-33.47434,0.0]],[[-70.66855,-33.47579,0.0],[-70.66893,-33.4758,0.0]],[[-70.66784,-33.47578,0.0],[-70.66855,-33.47579,0.0]],[[-70.66784,-33.47578,0.0],[-70.66483,-33.47571,0.0]],[[-70.66784,-33.47578,0.0],[-70.66785,-33.47543,0.0],[-70.6679,-33.4739,0.0]],[[-70.66483,-33.47571,0.0],[-70.66483,-33.47586,0.0],[-70.66479,-33.47613,0.0],[-70.66476,-33.47586,0.0],[-70.66476,-33.47571,0.0]],[[-70.66476,-33.47571,0.0],[-70.661168,-33.475681,0.0],[-70.655421,-33.476343,0.0]],[[-70.66476,-33.47571,0.0],[-70.66476,-33.47533,0.0],[-70.66476,-33.47509,0.0],[-70.66474,-33.47431,0.0],[-70.66475,-33.47368,0.0],[-70.66469,-33.47368,0.0],[-70.66461,-33.47368,0.0],[-70.664,-33.47365,0.0],[-70.6633,-33.47363,0.0],[-70.66314,-33.47362,0.0],[-70.66125,-33.47351,0.0],[-70.65943,-33.47341,0.0],[-70.65812,-33.47333,0.0],[-70.65701,-33.47327,0.0],[-70.6563,-33.47323,0.0],[-70.65605,-33.47322,0.0],[-70.65592,-33.47321,0.0],[-70.65536,-33.47318,0.0]],[[-70.67289,-33.47485,0.0],[-70.67265,-33.47539,0.0],[-70.67257,-33.47549,0.0],[-70.67211,-33.47573,0.0],[-70.6718,-33.47585,0.0]],[[-70.67289,-33.47485,0.0],[-70.67225,-33.47484,0.0]],[[-70.67225,-33.47484,0.0],[-70.67159,-33.47484,0.0]],[[-70.67225,-33.47484,0.0],[-70.67225,-33.47376,0.0]],[[-70.67159,-33.47484,0.0],[-70.67159,-33.47438,0.0]],[[-70.67159,-33.47438,0.0],[-70.67031,-33.47438,0.0]],[[-70.67159,-33.47438,0.0],[-70.6716,-33.47377,0.0]],[[-70.67031,-33.47438,0.0],[-70.6703,-33.47552,0.0],[-70.6703,-33.47582,0.0]],[[-70.67031,-33.47438,0.0],[-70.66933,-33.47438,0.0]],[[-70.67031,-33.47438,0.0],[-70.67034,-33.47314,0.0]],[[-70.66933,-33.47438,0.0],[-70.6691,-33.47434,0.0]],[[-70.6691,-33.47434,0.0],[-70.66884,-33.47418,0.0]],[[-70.66884,-33.47418,0.0],[-70.66854,-33.47545,0.0],[-70.66855,-33.47579,0.0]],[[-70.66884,-33.47418,0.0],[-70.66819,-33.47381,0.0]],[[-70.6679,-33.4739,0.0],[-70.66732,-33.47389,0.0],[-70.66726,-33.47371,0.0],[-70.66661,-33.4737,0.0],[-70.66638,-33.4737,0.0],[-70.66552,-33.47371,0.0],[-70.66485,-33.47369,0.0]],[[-70.66819,-33.47381,0.0],[-70.6679,-33.4739,0.0]],[[-70.67291,-33.47377,0.0],[-70.67289,-33.47485,0.0]],[[-70.67291,-33.47377,0.0],[-70.67225,-33.47376,0.0]],[[-70.6716,-33.47377,0.0],[-70.67225,-33.47376,0.0]],[[-70.6716,-33.47377,0.0],[-70.67162,-33.47315,0.0]],[[-70.66485,-33.47369,0.0],[-70.66485,-33.47431,0.0],[-70.66484,-33.47509,0.0],[-70.66484,-33.47533,0.0],[-70.66483,-33.47571,0.0]],[[-70.6682,-33.47354,0.0],[-70.66819,-33.47381,0.0]],[[-70.6682,-33.47354,0.0],[-70.66834,-33.4735,0.0]],[[-70.66485,-33.47352,0.0],[-70.66485,-33.47369,0.0]],[[-70.66485,-33.47352,0.0],[-70.66504,-33.47334,0.0],[-70.66597,-33.47232,0.0],[-70.66644,-33.47183,0.0]],[[-70.66834,-33.4735,0.0],[-70.66885,-33.47326,0.0]],[[-70.66834,-33.4735,0.0],[-70.66836,-33.47272,0.0],[-70.66836,-33.4725,0.0],[-70.66838,-33.4719,0.0]],[[-70.66402,-33.47347,0.0],[-70.66462,-33.4735,0.0],[-70.66472,-33.47351,0.0],[-70.66485,-33.47352,0.0]],[[-70.66402,-33.47347,0.0],[-70.66406,-33.47207,0.0]],[[-70.66784,-33.47344,0.0],[-70.6682,-33.47354,0.0]],[[-70.66784,-33.47344,0.0],[-70.66785,-33.47271,0.0],[-70.66785,-33.47249,0.0],[-70.66786,-33.4719,0.0]],[[-70.66726,-33.47344,0.0],[-70.66784,-33.47344,0.0]],[[-70.66726,-33.47344,0.0],[-70.66728,-33.47269,0.0],[-70.66722,-33.4725,0.0],[-70.66654,-33.47188,0.0]],[[-70.66885,-33.47326,0.0],[-70.66884,-33.47418,0.0]],[[-70.66885,-33.47326,0.0],[-70.66936,-33.47314,0.0]],[[-70.66885,-33.47326,0.0],[-70.66885,-33.47273,0.0],[-70.66886,-33.47251,0.0],[-70.66885,-33.4719,0.0]],[[-70.67162,-33.47315,0.0],[-70.67163,-33.47268,0.0]],[[-70.67034,-33.47314,0.0],[-70.67162,-33.47315,0.0]],[[-70.67034,-33.47314,0.0],[-70.67036,-33.47192,0.0]],[[-70.66936,-33.47314,0.0],[-70.67034,-33.47314,0.0]],[[-70.66936,-33.47314,0.0],[-70.66933,-33.47438,0.0]],[[-70.66936,-33.47314,0.0],[-70.66936,-33.47251,0.0],[-70.66936,-33.4719,0.0]],[[-70.67291,-33.47269,0.0],[-70.67291,-33.47377,0.0]],[[-70.67291,-33.47269,0.0],[-70.67292,-33.47192,0.0],[-70.67249,-33.47192,0.0],[-70.67209,-33.47191,0.0],[-70.67164,-33.47192,0.0]],[[-70.67226,-33.47269,0.0],[-70.67291,-33.47269,0.0]],[[-70.67226,-33.47269,0.0],[-70.67225,-33.47376,0.0]],[[-70.67163,-33.47268,0.0],[-70.67226,-33.47269,0.0]],[[-70.67163,-33.47268,0.0],[-70.67164,-33.47192,0.0]],[[-70.66487,-33.47211,0.0],[-70.66485,-33.47352,0.0]],[[-70.66406,-33.47207,0.0],[-70.66474,-33.4721,0.0],[-70.66487,-33.47211,0.0]],[[-70.66336,-33.47203,0.0],[-70.66406,-33.47207,0.0]],[[-70.66336,-33.47203,0.0],[-70.66326,-33.47324,0.0],[-70.66325,-33.47342,0.0],[-70.66402,-33.47347,0.0]],[[-70.66336,-33.47203,0.0],[-70.66337,-33.47161,0.0]],[[-70.67164,-33.47192,0.0],[-70.67036,-33.47192,0.0]],[[-70.67164,-33.47192,0.0],[-70.6717,-33.47061,0.0]],[[-70.66936,-33.4719,0.0],[-70.67036,-33.47192,0.0]],[[-70.66913,-33.4719,0.0],[-70.66936,-33.4719,0.0]],[[-70.66913,-33.4719,0.0],[-70.66915,-33.47058,0.0]],[[-70.66885,-33.4719,0.0],[-70.66913,-33.4719,0.0]],[[-70.66885,-33.4719,0.0],[-70.66838,-33.4719,0.0]],[[-70.66786,-33.4719,0.0],[-70.66838,-33.4719,0.0]],[[-70.66786,-33.4719,0.0],[-70.66738,-33.47189,0.0],[-70.66654,-33.47188,0.0]],[[-70.66654,-33.47188,0.0],[-70.66608,-33.4724,0.0],[-70.665,-33.47353,0.0],[-70.66552,-33.47356,0.0],[-70.66638,-33.47359,0.0],[-70.66661,-33.47358,0.0],[-70.66726,-33.47359,0.0],[-70.66726,-33.47344,0.0]],[[-70.66654,-33.47188,0.0],[-70.66717,-33.47122,0.0],[-70.66778,-33.47057,0.0],[-70.66761,-33.47057,0.0]],[[-70.66644,-33.47183,0.0],[-70.66702,-33.47122,0.0]],[[-70.66488,-33.4718,0.0],[-70.66644,-33.47183,0.0]],[[-70.66488,-33.4718,0.0],[-70.66487,-33.47211,0.0]],[[-70.66337,-33.47161,0.0],[-70.6621,-33.47154,0.0]],[[-70.66337,-33.47161,0.0],[-70.66344,-33.47058,0.0],[-70.66345,-33.47045,0.0]],[[-70.6621,-33.47154,0.0],[-70.66218,-33.47053,0.0],[-70.66219,-33.47041,0.0]],[[-70.66702,-33.47122,0.0],[-70.66488,-33.47116,0.0]],[[-70.66702,-33.47122,0.0],[-70.66761,-33.47057,0.0]],[[-70.66488,-33.47116,0.0],[-70.66488,-33.4718,0.0]],[[-70.67037,-33.4706,0.0],[-70.67036,-33.47192,0.0]],[[-70.66761,-33.47057,0.0],[-70.66487,-33.47051,0.0]],[[-70.66487,-33.47051,0.0],[-70.66487,-33.47061,0.0],[-70.66488,-33.47116,0.0]],[[-70.66487,-33.47051,0.0],[-70.6636,-33.47046,0.0],[-70.66345,-33.47045,0.0]],[[-70.66345,-33.47045,0.0],[-70.66296,-33.47046,0.0],[-70.66219,-33.47041,0.0]],[[-70.66219,-33.47041,0.0],[-70.66092,-33.47033,0.0],[-70.66091,-33.47046,0.0],[-70.66086,-33.47142,0.0],[-70.6621,-33.47154,0.0]]]}},{"type":"Feature","properties":{"FolderPath":"cobertura desde 1oct2017/NOCTURNO -  0"},"geometry":{"type":"MultiLineString","coordinates":[[[-70.65035,-33.4437,0.0],[-70.65059,-33.44216,0.0],[-70.65063,-33.44194,0.0],[-70.65073,-33.44121,0.0],[-70.65079,-33.44078,0.0],[-70.65087,-33.44017,0.0],[-70.65095,-33.43963,0.0]],[[-70.64897,-33.44336,0.0],[-70.64902,-33.44304,0.0],[-70.64906,-33.44279,0.0],[-70.64913,-33.44227,0.0],[-70.6492,-33.44181,0.0],[-70.64927,-33.44122,0.0],[-70.64936,-33.44065,0.0],[-70.64938,-33.44052,0.0],[-70.64945,-33.44005,0.0],[-70.64953,-33.4395,0.0]],[[-70.65095,-33.43963,0.0],[-70.65186,-33.43972,0.0],[-70.65231,-33.43977,0.0],[-70.65367,-33.43991,0.0],[-70.6544,-33.43997,0.0],[-70.65523,-33.44005,0.0]],[[-70.65095,-33.43963,0.0],[-70.65098,-33.43938,0.0],[-70.65107,-33.43862,0.0],[-70.65109,-33.43849,0.0],[-70.65125,-33.43735,0.0]],[[-70.64953,-33.4395,0.0],[-70.65095,-33.43963,0.0]],[[-70.64953,-33.4395,0.0],[-70.64909,-33.43945,0.0],[-70.64893,-33.43943,0.0],[-70.64871,-33.43941,0.0],[-70.64857,-33.43939,0.0],[-70.6483,-33.43936,0.0],[-70.64815,-33.43935,0.0],[-70.64778,-33.43931,0.0],[-70.64684,-33.43921,0.0],[-70.64641,-33.43917,0.0],[-70.64582,-33.43911,0.0],[-70.64545,-33.43907,0.0],[-70.64396,-33.43898,0.0]],[[-70.64953,-33.4395,0.0],[-70.64958,-33.43918,0.0],[-70.64968,-33.43847,0.0],[-70.6497,-33.43834,0.0],[-70.64981,-33.43778,0.0],[-70.64988,-33.43719,0.0],[-70.64998,-33.43641,0.0],[-70.65,-33.43604,0.0],[-70.65001,-33.43569,0.0]],[[-70.65125,-33.43735,0.0],[-70.65142,-33.4362,0.0]],[[-70.65125,-33.43735,0.0],[-70.65157,-33.43508,0.0]]]}},{"type":"Feature","properties":{"FolderPath":"cobertura desde 1oct2017/NOCTURNO -  1"},"geometry":{"type":"MultiLineString","coordinates":[[[-70.65953,-33.43824,0.0],[-70.65967,-33.43709,0.0],[-70.65971,-33.43676,0.0],[-70.65984,-33.43588,0.0]],[[-70.65691,-33.43795,0.0],[-70.65702,-33.43683,0.0],[-70.65717,-33.43571,0.0]],[[-70.65399,-33.43765,0.0],[-70.65415,-33.4365,0.0],[-70.65429,-33.43544,0.0]],[[-70.65984,-33.43588,0.0],[-70.66001,-33.4348,0.0],[-70.66005,-33.43455,0.0]],[[-70.65856,-33.4358,0.0],[-70.65984,-33.43588,0.0]],[[-70.65856,-33.4358,0.0],[-70.65838,-33.43696,0.0],[-70.65824,-33.43811,0.0]],[[-70.65717,-33.43571,0.0],[-70.65783,-33.43575,0.0],[-70.65856,-33.4358,0.0]],[[-70.65717,-33.43571,0.0],[-70.65735,-33.43445,0.0]],[[-70.65581,-33.43559,0.0],[-70.65717,-33.43571,0.0]],[[-70.65581,-33.43559,0.0],[-70.65578,-33.43596,0.0],[-70.6557,-33.43667,0.0],[-70.65558,-33.43781,0.0]],[[-70.65429,-33.43544,0.0],[-70.65553,-33.43557,0.0],[-70.65581,-33.43559,0.0]],[[-70.65429,-33.43544,0.0],[-70.65447,-33.43435,0.0]],[[-70.65339,-33.43532,0.0],[-70.65429,-33.43544,0.0]],[[-70.65339,-33.43532,0.0],[-70.65353,-33.43433,0.0]],[[-70.65339,-33.43532,0.0],[-70.65294,-33.43526,0.0],[-70.65305,-33.4343,0.0]],[[-70.66005,-33.43455,0.0],[-70.65873,-33.43451,0.0]],[[-70.66005,-33.43455,0.0],[-70.66026,-33.43328,0.0]],[[-70.65873,-33.43451,0.0],[-70.65856,-33.4358,0.0]],[[-70.65873,-33.43451,0.0],[-70.65776,-33.43446,0.0],[-70.65735,-33.43445,0.0]],[[-70.65735,-33.43445,0.0],[-70.65702,-33.43444,0.0],[-70.65667,-33.43443,0.0],[-70.65635,-33.43442,0.0],[-70.65594,-33.4344,0.0]],[[-70.65735,-33.43445,0.0],[-70.65736,-33.43434,0.0],[-70.65744,-33.43355,0.0],[-70.6575,-33.43325,0.0]],[[-70.65594,-33.4344,0.0],[-70.65585,-33.43526,0.0],[-70.65581,-33.43559,0.0]],[[-70.65594,-33.4344,0.0],[-70.65486,-33.43437,0.0],[-70.65447,-33.43435,0.0]],[[-70.65447,-33.43435,0.0],[-70.65353,-33.43433,0.0]],[[-70.65447,-33.43435,0.0],[-70.65456,-33.43382,0.0],[-70.65464,-33.43319,0.0]],[[-70.65353,-33.43433,0.0],[-70.65321,-33.43432,0.0],[-70.65305,-33.4343,0.0]],[[-70.65305,-33.4343,0.0],[-70.65323,-33.43344,0.0],[-70.65327,-33.43313,0.0]],[[-70.66026,-33.43328,0.0],[-70.65888,-33.43329,0.0],[-70.6575,-33.43325,0.0]],[[-70.66026,-33.43328,0.0],[-70.6605,-33.43213,0.0],[-70.6607,-33.43138,0.0]],[[-70.6575,-33.43325,0.0],[-70.65595,-33.43318,0.0]],[[-70.6575,-33.43325,0.0],[-70.65753,-33.43256,0.0],[-70.65752,-33.43209,0.0],[-70.65876,-33.432,0.0],[-70.659,-33.43198,0.0],[-70.65912,-33.43198,0.0],[-70.65951,-33.43199,0.0]],[[-70.65464,-33.43319,0.0],[-70.65327,-33.43313,0.0]],[[-70.65464,-33.43319,0.0],[-70.6547,-33.4327,0.0]],[[-70.65595,-33.43318,0.0],[-70.65594,-33.43429,0.0],[-70.65594,-33.4344,0.0]],[[-70.65595,-33.43318,0.0],[-70.65489,-33.4332,0.0],[-70.65464,-33.43319,0.0]],[[-70.65327,-33.43313,0.0],[-70.65302,-33.4331,0.0],[-70.65209,-33.43309,0.0],[-70.6519,-33.43309,0.0],[-70.65172,-33.43309,0.0]],[[-70.6534,-33.43288,0.0],[-70.65386,-33.43277,0.0],[-70.65472,-33.43257,0.0],[-70.65567,-33.43235,0.0],[-70.65636,-33.43218,0.0],[-70.65751,-33.4319,0.0],[-70.65854,-33.43162,0.0]],[[-70.6559,-33.43246,0.0],[-70.65594,-33.43276,0.0],[-70.65595,-33.43318,0.0]],[[-70.65951,-33.43199,0.0],[-70.65952,-33.43173,0.0],[-70.65958,-33.43153,0.0],[-70.65988,-33.43144,0.0],[-70.66045,-33.43145,0.0],[-70.66044,-33.43201,0.0],[-70.65951,-33.43199,0.0]]]}},{"type":"Feature","properties":{"FolderPath":"cobertura desde 1oct2017/NOCTURNO -  13"},"geometry":{"type":"MultiLineString","coordinates":[[[-70.66735,-33.44765,0.0],[-70.66758,-33.44745,0.0],[-70.66759,-33.44727,0.0]],[[-70.66759,-33.44727,0.0],[-70.66758,-33.4467,0.0],[-70.66761,-33.44634,0.0],[-70.66766,-33.44553,0.0],[-70.66768,-33.44516,0.0],[-70.66774,-33.44447,0.0],[-70.6678,-33.44376,0.0],[-70.6679,-33.44254,0.0],[-70.66813,-33.44145,0.0],[-70.6684,-33.44028,0.0],[-70.66849,-33.43912,0.0],[-70.66859,-33.43815,0.0],[-70.6686,-33.43801,0.0],[-70.66862,-33.43764,0.0],[-70.66871,-33.43663,0.0],[-70.66886,-33.43493,0.0]],[[-70.66447,-33.44687,0.0],[-70.66451,-33.44656,0.0],[-70.66469,-33.44524,0.0],[-70.66474,-33.44483,0.0],[-70.66482,-33.44425,0.0],[-70.66495,-33.44335,0.0],[-70.66498,-33.44214,0.0],[-70.66497,-33.44104,0.0],[-70.66497,-33.4405,0.0],[-70.66485,-33.43998,0.0],[-70.66482,-33.43991,0.0]],[[-70.66505,-33.44336,0.0],[-70.66492,-33.44426,0.0],[-70.66484,-33.44484,0.0],[-70.66478,-33.44525,0.0],[-70.66461,-33.4466,0.0],[-70.66459,-33.4469,0.0]],[[-70.65399,-33.43765,0.0],[-70.65473,-33.43774,0.0],[-70.65558,-33.43781,0.0],[-70.65691,-33.43795,0.0],[-70.65824,-33.43811,0.0]],[[-70.65278,-33.43635,0.0],[-70.65415,-33.4365,0.0],[-70.6557,-33.43667,0.0],[-70.65702,-33.43683,0.0],[-70.65838,-33.43696,0.0],[-70.65967,-33.43709,0.0]],[[-70.68028,-33.43583,0.0],[-70.67917,-33.43571,0.0],[-70.67811,-33.43556,0.0],[-70.67705,-33.43543,0.0],[-70.67609,-33.43531,0.0],[-70.67469,-33.4351,0.0],[-70.6738,-33.43507,0.0],[-70.67291,-33.43504,0.0],[-70.67204,-33.43501,0.0],[-70.67141,-33.43499,0.0],[-70.67095,-33.43497,0.0],[-70.67004,-33.43493,0.0],[-70.669,-33.43494,0.0]],[[-70.669,-33.43494,0.0],[-70.66885,-33.43664,0.0],[-70.66875,-33.43765,0.0],[-70.66871,-33.43802,0.0],[-70.66869,-33.43816,0.0],[-70.66861,-33.43913,0.0],[-70.66854,-33.4403,0.0],[-70.66826,-33.44146,0.0],[-70.668,-33.44256,0.0],[-70.6679,-33.44378,0.0],[-70.66786,-33.44449,0.0],[-70.6678,-33.44518,0.0],[-70.66778,-33.44554,0.0],[-70.66772,-33.44637,0.0],[-70.66769,-33.4467,0.0],[-70.66759,-33.44727,0.0]],[[-70.66886,-33.43493,0.0],[-70.66835,-33.43491,0.0],[-70.66785,-33.43489,0.0],[-70.66737,-33.43488,0.0],[-70.66629,-33.43483,0.0],[-70.66493,-33.43475,0.0],[-70.66489,-33.43538,0.0],[-70.66487,-33.43552,0.0],[-70.66484,-33.43602,0.0],[-70.6646,-33.43625,0.0],[-70.66444,-33.4376,0.0],[-70.66465,-33.43875,0.0],[-70.66478,-33.43934,0.0],[-70.66492,-33.43992,0.0],[-70.66496,-33.44001,0.0],[-70.66507,-33.4405,0.0],[-70.66511,-33.44105,0.0],[-70.66509,-33.44215,0.0]],[[-70.66886,-33.43493,0.0],[-70.66897,-33.43379,0.0],[-70.66899,-33.43353,0.0],[-70.66905,-33.433,0.0],[-70.66912,-33.43239,0.0],[-70.66914,-33.43211,0.0]],[[-70.68052,-33.43301,0.0],[-70.68035,-33.433,0.0],[-70.67942,-33.43289,0.0],[-70.67835,-33.43279,0.0],[-70.67731,-33.43269,0.0],[-70.67635,-33.4326,0.0],[-70.67566,-33.43252,0.0],[-70.67522,-33.4325,0.0],[-70.67492,-33.43249,0.0],[-70.67402,-33.43243,0.0],[-70.67318,-33.43237,0.0],[-70.6723,-33.4323,0.0],[-70.67136,-33.43224,0.0],[-70.67024,-33.43216,0.0],[-70.66992,-33.43215,0.0],[-70.66971,-33.43214,0.0],[-70.66949,-33.43213,0.0],[-70.66926,-33.43212,0.0]],[[-70.66926,-33.43212,0.0],[-70.66922,-33.43237,0.0],[-70.66918,-33.43301,0.0],[-70.66912,-33.43354,0.0],[-70.6691,-33.4338,0.0],[-70.669,-33.43494,0.0]],[[-70.66914,-33.43211,0.0],[-70.66804,-33.43211,0.0],[-70.66768,-33.43211,0.0],[-70.66689,-33.43209,0.0],[-70.66643,-33.43207,0.0],[-70.66591,-33.43208,0.0],[-70.6651,-33.43207,0.0],[-70.6631,-33.43207,0.0],[-70.66257,-33.43207,0.0],[-70.66214,-33.43207,0.0]],[[-70.66914,-33.43211,0.0],[-70.66915,-33.43198,0.0],[-70.66918,-33.4317,0.0],[-70.6692,-33.43138,0.0],[-70.66923,-33.43103,0.0],[-70.66927,-33.43067,0.0],[-70.66929,-33.43048,0.0],[-70.6693,-33.43035,0.0],[-70.66934,-33.42999,0.0],[-70.66936,-33.4297,0.0],[-70.66936,-33.42946,0.0],[-70.66942,-33.42911,0.0]],[[-70.66954,-33.42907,0.0],[-70.6695,-33.42947,0.0],[-70.66948,-33.4297,0.0],[-70.66945,-33.42999,0.0],[-70.66944,-33.43026,0.0],[-70.66941,-33.43048,0.0],[-70.66938,-33.4307,0.0],[-70.66937,-33.43103,0.0],[-70.66934,-33.43139,0.0],[-70.6693,-33.43171,0.0],[-70.66927,-33.43197,0.0],[-70.66926,-33.43212,0.0]]]}},{"type":"Feature","properties":{"FolderPath":"cobertura desde 1oct2017/NOCTURNO -  14"},"geometry":{"type":"MultiLineString","coordinates":[[[-70.67787,-33.4505,0.0],[-70.67812,-33.45056,0.0],[-70.67901,-33.45072,0.0],[-70.67904,-33.4503,0.0],[-70.67912,-33.44926,0.0],[-70.67919,-33.44837,0.0]],[[-70.67564,-33.4499,0.0],[-70.67661,-33.45017,0.0],[-70.67748,-33.4504,0.0],[-70.67763,-33.45044,0.0],[-70.67787,-33.4505,0.0]],[[-70.67564,-33.4499,0.0],[-70.67588,-33.44857,0.0]],[[-70.6743,-33.44954,0.0],[-70.67564,-33.4499,0.0]],[[-70.67291,-33.44919,0.0],[-70.6739,-33.44943,0.0],[-70.6743,-33.44954,0.0]],[[-70.67291,-33.44919,0.0],[-70.67329,-33.44771,0.0]],[[-70.67802,-33.4488,0.0],[-70.67787,-33.4505,0.0]],[[-70.67802,-33.4488,0.0],[-70.67588,-33.44857,0.0]],[[-70.67157,-33.4488,0.0],[-70.6721,-33.44894,0.0],[-70.6728,-33.44916,0.0],[-70.67291,-33.44919,0.0]],[[-70.67588,-33.44857,0.0],[-70.67596,-33.44813,0.0]],[[-70.67919,-33.44837,0.0],[-70.67923,-33.44787,0.0],[-70.67931,-33.44698,0.0],[-70.67934,-33.44666,0.0],[-70.67936,-33.44634,0.0]],[[-70.67805,-33.44829,0.0],[-70.67919,-33.44837,0.0]],[[-70.67805,-33.44829,0.0],[-70.67802,-33.4488,0.0]],[[-70.67621,-33.44814,0.0],[-70.67805,-33.44829,0.0]],[[-70.67621,-33.44814,0.0],[-70.67625,-33.4472,0.0],[-70.67625,-33.44609,0.0]],[[-70.67596,-33.44813,0.0],[-70.67621,-33.44814,0.0]],[[-70.67464,-33.44797,0.0],[-70.6756,-33.44808,0.0],[-70.67596,-33.44813,0.0]],[[-70.67464,-33.44797,0.0],[-70.6743,-33.44954,0.0]],[[-70.67329,-33.44771,0.0],[-70.67464,-33.44797,0.0]],[[-70.67329,-33.44771,0.0],[-70.67375,-33.44583,0.0]],[[-70.67188,-33.44737,0.0],[-70.67229,-33.44747,0.0],[-70.67329,-33.44771,0.0]],[[-70.67188,-33.44737,0.0],[-70.67179,-33.44784,0.0],[-70.67157,-33.4488,0.0]],[[-70.67059,-33.44707,0.0],[-70.6715,-33.44728,0.0],[-70.67188,-33.44737,0.0]],[[-70.67059,-33.44707,0.0],[-70.67033,-33.44846,0.0],[-70.67051,-33.44851,0.0],[-70.67157,-33.4488,0.0]],[[-70.67936,-33.44634,0.0],[-70.67822,-33.44629,0.0]],[[-70.67822,-33.44629,0.0],[-70.67805,-33.44829,0.0]],[[-70.67822,-33.44629,0.0],[-70.67715,-33.44618,0.0]],[[-70.67822,-33.44629,0.0],[-70.67829,-33.44563,0.0],[-70.6783,-33.44551,0.0],[-70.67835,-33.44496,0.0]],[[-70.67715,-33.44618,0.0],[-70.67625,-33.44609,0.0]],[[-70.67625,-33.44609,0.0],[-70.67508,-33.44598,0.0]],[[-70.67625,-33.44609,0.0],[-70.67627,-33.44481,0.0]],[[-70.67508,-33.44598,0.0],[-70.6748,-33.44727,0.0],[-70.67474,-33.44752,0.0],[-70.67469,-33.44774,0.0],[-70.67464,-33.44797,0.0]],[[-70.67508,-33.44598,0.0],[-70.67375,-33.44583,0.0]],[[-70.67375,-33.44583,0.0],[-70.67323,-33.44579,0.0],[-70.67281,-33.44574,0.0]],[[-70.67375,-33.44583,0.0],[-70.67383,-33.44458,0.0]],[[-70.67281,-33.44574,0.0],[-70.67239,-33.44569,0.0]],[[-70.67239,-33.44569,0.0],[-70.67188,-33.44737,0.0]],[[-70.67239,-33.44569,0.0],[-70.67195,-33.44565,0.0]],[[-70.67195,-33.44565,0.0],[-70.67103,-33.44556,0.0]],[[-70.67103,-33.44556,0.0],[-70.67087,-33.44603,0.0],[-70.67059,-33.44707,0.0]],[[-70.67948,-33.44503,0.0],[-70.67936,-33.44634,0.0]],[[-70.67948,-33.44503,0.0],[-70.67953,-33.44427,0.0],[-70.67956,-33.44393,0.0],[-70.67899,-33.44391,0.0],[-70.67846,-33.44388,0.0]],[[-70.67835,-33.44496,0.0],[-70.67948,-33.44503,0.0]],[[-70.67835,-33.44496,0.0],[-70.67846,-33.44388,0.0]],[[-70.67727,-33.44488,0.0],[-70.67835,-33.44496,0.0]],[[-70.67727,-33.44488,0.0],[-70.67722,-33.44544,0.0],[-70.6772,-33.44556,0.0],[-70.67719,-33.44573,0.0],[-70.67717,-33.44589,0.0],[-70.67715,-33.44618,0.0]],[[-70.67627,-33.44481,0.0],[-70.67727,-33.44488,0.0]],[[-70.67627,-33.44481,0.0],[-70.67632,-33.44363,0.0]],[[-70.67523,-33.44475,0.0],[-70.67627,-33.44481,0.0]],[[-70.67523,-33.44475,0.0],[-70.67513,-33.44556,0.0],[-70.67508,-33.44598,0.0]],[[-70.67383,-33.44458,0.0],[-70.67461,-33.44467,0.0],[-70.67523,-33.44475,0.0]],[[-70.67383,-33.44458,0.0],[-70.67394,-33.44336,0.0]],[[-70.67293,-33.44448,0.0],[-70.6734,-33.44454,0.0],[-70.67383,-33.44458,0.0]],[[-70.67293,-33.44448,0.0],[-70.67281,-33.44574,0.0]],[[-70.67206,-33.44438,0.0],[-70.67293,-33.44448,0.0]],[[-70.67206,-33.44438,0.0],[-70.67201,-33.44501,0.0],[-70.67195,-33.44565,0.0]],[[-70.67114,-33.44428,0.0],[-70.67206,-33.44438,0.0]],[[-70.67114,-33.44428,0.0],[-70.67103,-33.44556,0.0]],[[-70.67846,-33.44388,0.0],[-70.67816,-33.44384,0.0],[-70.67763,-33.44377,0.0],[-70.67739,-33.44375,0.0]],[[-70.67739,-33.44375,0.0],[-70.67727,-33.44488,0.0]],[[-70.67739,-33.44375,0.0],[-70.67707,-33.44372,0.0],[-70.67663,-33.44367,0.0],[-70.67632,-33.44363,0.0]],[[-70.67632,-33.44363,0.0],[-70.67582,-33.44358,0.0],[-70.67534,-33.44352,0.0]],[[-70.67534,-33.44352,0.0],[-70.67523,-33.44475,0.0]],[[-70.67534,-33.44352,0.0],[-70.67463,-33.44344,0.0],[-70.67394,-33.44336,0.0]],[[-70.67394,-33.44336,0.0],[-70.6735,-33.44331,0.0],[-70.67306,-33.44325,0.0]],[[-70.67306,-33.44325,0.0],[-70.67293,-33.44448,0.0]],[[-70.67306,-33.44325,0.0],[-70.67261,-33.4432,0.0],[-70.67217,-33.44316,0.0]],[[-70.67217,-33.44316,0.0],[-70.67206,-33.44438,0.0]],[[-70.67217,-33.44316,0.0],[-70.67174,-33.4431,0.0],[-70.67148,-33.44307,0.0],[-70.67125,-33.44304,0.0],[-70.67114,-33.44428,0.0]]]}},{"type":"Feature","properties":{"FolderPath":"cobertura desde 1oct2017/NOCTURNO -  15"},"geometry":{"type":"MultiLineString","coordinates":[[[-70.66183,-33.44302,0.0],[-70.662,-33.44185,0.0]],[[-70.66048,-33.44189,0.0],[-70.66049,-33.44199,0.0],[-70.66074,-33.44295,0.0]],[[-70.662,-33.44185,0.0],[-70.66081,-33.44176,0.0],[-70.66067,-33.44174,0.0]],[[-70.662,-33.44185,0.0],[-70.66213,-33.44073,0.0]],[[-70.662,-33.44185,0.0],[-70.66207,-33.44186,0.0],[-70.66245,-33.44191,0.0],[-70.66309,-33.44198,0.0],[-70.66346,-33.44202,0.0],[-70.66363,-33.44091,0.0]],[[-70.66067,-33.44174,0.0],[-70.66048,-33.44189,0.0]],[[-70.66067,-33.44174,0.0],[-70.66045,-33.44164,0.0]],[[-70.66045,-33.44164,0.0],[-70.66047,-33.44181,0.0],[-70.66048,-33.44189,0.0]],[[-70.66668,-33.44126,0.0],[-70.66813,-33.44145,0.0]],[[-70.66511,-33.44105,0.0],[-70.66592,-33.44114,0.0],[-70.66668,-33.44126,0.0]],[[-70.66497,-33.44104,0.0],[-70.66511,-33.44105,0.0]],[[-70.66497,-33.44104,0.0],[-70.66497,-33.4405,0.0],[-70.66485,-33.43998,0.0],[-70.66482,-33.43991,0.0]],[[-70.66363,-33.44091,0.0],[-70.66497,-33.44104,0.0]],[[-70.66213,-33.44073,0.0],[-70.66277,-33.4408,0.0],[-70.66282,-33.44081,0.0],[-70.66363,-33.44091,0.0]],[[-70.66213,-33.44073,0.0],[-70.66226,-33.43961,0.0]],[[-70.66075,-33.44061,0.0],[-70.66117,-33.44066,0.0],[-70.66213,-33.44073,0.0]],[[-70.66075,-33.44061,0.0],[-70.66064,-33.44121,0.0]],[[-70.66021,-33.44055,0.0],[-70.66075,-33.44061,0.0]],[[-70.66021,-33.44055,0.0],[-70.66024,-33.44065,0.0],[-70.66035,-33.44119,0.0],[-70.66042,-33.4415,0.0],[-70.66045,-33.44164,0.0]],[[-70.66679,-33.44011,0.0],[-70.66673,-33.44068,0.0],[-70.66668,-33.44126,0.0]],[[-70.66679,-33.44011,0.0],[-70.66596,-33.44008,0.0],[-70.66492,-33.43992,0.0]],[[-70.66679,-33.44011,0.0],[-70.66796,-33.44024,0.0],[-70.6684,-33.44028,0.0],[-70.66849,-33.43912,0.0]],[[-70.66492,-33.43992,0.0],[-70.66496,-33.44001,0.0],[-70.66507,-33.4405,0.0],[-70.66511,-33.44105,0.0]],[[-70.66492,-33.43992,0.0],[-70.66482,-33.43991,0.0]],[[-70.66482,-33.43991,0.0],[-70.66271,-33.43965,0.0],[-70.66226,-33.43961,0.0]],[[-70.66226,-33.43961,0.0],[-70.66089,-33.43948,0.0]],[[-70.66226,-33.43961,0.0],[-70.66233,-33.43909,0.0],[-70.66242,-33.43853,0.0]],[[-70.66089,-33.43948,0.0],[-70.66075,-33.44061,0.0]],[[-70.66089,-33.43948,0.0],[-70.66048,-33.43941,0.0],[-70.66014,-33.43936,0.0]],[[-70.66014,-33.43936,0.0],[-70.66014,-33.43949,0.0],[-70.66021,-33.44055,0.0]],[[-70.66849,-33.43912,0.0],[-70.66859,-33.43815,0.0]],[[-70.66694,-33.43899,0.0],[-70.66766,-33.43906,0.0],[-70.66849,-33.43912,0.0]],[[-70.66694,-33.43899,0.0],[-70.66679,-33.44011,0.0]],[[-70.66595,-33.43887,0.0],[-70.66694,-33.43899,0.0]],[[-70.66595,-33.43887,0.0],[-70.66603,-33.43775,0.0]],[[-70.66465,-33.43875,0.0],[-70.66595,-33.43887,0.0]],[[-70.66465,-33.43875,0.0],[-70.66478,-33.43934,0.0],[-70.66492,-33.43992,0.0]],[[-70.66242,-33.43853,0.0],[-70.66465,-33.43875,0.0]],[[-70.66242,-33.43853,0.0],[-70.66255,-33.43741,0.0]],[[-70.661,-33.43841,0.0],[-70.66242,-33.43853,0.0]],[[-70.661,-33.43841,0.0],[-70.66094,-33.43897,0.0],[-70.66089,-33.43948,0.0]],[[-70.66027,-33.43833,0.0],[-70.6605,-33.43836,0.0],[-70.661,-33.43841,0.0]],[[-70.66027,-33.43833,0.0],[-70.66014,-33.43936,0.0]],[[-70.66869,-33.43816,0.0],[-70.66861,-33.43913,0.0],[-70.66854,-33.4403,0.0]],[[-70.66706,-33.43786,0.0],[-70.66744,-33.4379,0.0],[-70.6686,-33.43801,0.0],[-70.66862,-33.43764,0.0],[-70.66871,-33.43663,0.0]],[[-70.66706,-33.43786,0.0],[-70.66694,-33.43899,0.0]],[[-70.66603,-33.43775,0.0],[-70.66652,-33.4378,0.0],[-70.66706,-33.43786,0.0]],[[-70.66603,-33.43775,0.0],[-70.66621,-33.43659,0.0],[-70.66624,-33.43642,0.0]],[[-70.66444,-33.4376,0.0],[-70.66603,-33.43775,0.0]],[[-70.66444,-33.4376,0.0],[-70.66465,-33.43875,0.0]],[[-70.66255,-33.43741,0.0],[-70.66302,-33.43746,0.0],[-70.66444,-33.4376,0.0]],[[-70.66255,-33.43741,0.0],[-70.6627,-33.4361,0.0]],[[-70.66116,-33.43724,0.0],[-70.66255,-33.43741,0.0]],[[-70.66116,-33.43724,0.0],[-70.661,-33.43841,0.0]],[[-70.66042,-33.43719,0.0],[-70.66116,-33.43724,0.0]],[[-70.66042,-33.43719,0.0],[-70.66027,-33.43833,0.0]],[[-70.66871,-33.43663,0.0],[-70.6672,-33.4365,0.0]],[[-70.66871,-33.43663,0.0],[-70.66886,-33.43493,0.0]],[[-70.6672,-33.4365,0.0],[-70.66713,-33.43717,0.0],[-70.66709,-33.43757,0.0],[-70.66707,-33.43777,0.0],[-70.66706,-33.43786,0.0]],[[-70.66624,-33.43642,0.0],[-70.6672,-33.4365,0.0]],[[-70.66624,-33.43642,0.0],[-70.66626,-33.43564,0.0],[-70.66629,-33.43483,0.0],[-70.66493,-33.43475,0.0]],[[-70.66487,-33.43627,0.0],[-70.66624,-33.43642,0.0]],[[-70.6646,-33.43625,0.0],[-70.66487,-33.43627,0.0]],[[-70.6646,-33.43625,0.0],[-70.66444,-33.4376,0.0]],[[-70.6627,-33.4361,0.0],[-70.66311,-33.43614,0.0],[-70.6634,-33.43616,0.0],[-70.66377,-33.43619,0.0],[-70.6646,-33.43625,0.0]],[[-70.6627,-33.4361,0.0],[-70.66284,-33.43467,0.0]],[[-70.66484,-33.43602,0.0],[-70.66487,-33.43627,0.0]],[[-70.66484,-33.43602,0.0],[-70.6646,-33.43625,0.0]],[[-70.66134,-33.43601,0.0],[-70.66202,-33.43605,0.0],[-70.6627,-33.4361,0.0]],[[-70.66134,-33.43601,0.0],[-70.66116,-33.43724,0.0]],[[-70.66061,-33.43592,0.0],[-70.66134,-33.43601,0.0]],[[-70.66061,-33.43592,0.0],[-70.66048,-33.43681,0.0],[-70.66042,-33.43719,0.0]],[[-70.669,-33.43494,0.0],[-70.66885,-33.43664,0.0],[-70.66875,-33.43765,0.0],[-70.66871,-33.43802,0.0]],[[-70.66737,-33.43488,0.0],[-70.66724,-33.4361,0.0],[-70.6672,-33.4365,0.0]],[[-70.66493,-33.43475,0.0],[-70.66489,-33.43538,0.0],[-70.66487,-33.43552,0.0],[-70.66484,-33.43602,0.0]],[[-70.66493,-33.43475,0.0],[-70.66477,-33.43473,0.0],[-70.66454,-33.43471,0.0],[-70.66401,-33.43469,0.0],[-70.66332,-33.43468,0.0],[-70.66284,-33.43467,0.0]],[[-70.66284,-33.43467,0.0],[-70.66161,-33.43461,0.0]],[[-70.66161,-33.43461,0.0],[-70.66134,-33.43601,0.0]],[[-70.66161,-33.43461,0.0],[-70.66076,-33.43456,0.0],[-70.66075,-33.43478,0.0],[-70.66061,-33.43592,0.0]]]}},{"type":"Feature","properties":{"FolderPath":"cobertura desde 1oct2017/NOCTURNO -  16"},"geometry":{"type":"MultiLineString","coordinates":[[[-70.66907,-33.44812,0.0],[-70.66944,-33.44822,0.0],[-70.67033,-33.44846,0.0]],[[-70.66907,-33.44812,0.0],[-70.66928,-33.44677,0.0]],[[-70.66735,-33.44765,0.0],[-70.66835,-33.44793,0.0],[-70.66907,-33.44812,0.0]],[[-70.66735,-33.44765,0.0],[-70.66758,-33.44745,0.0],[-70.66759,-33.44727,0.0]],[[-70.66759,-33.44727,0.0],[-70.66758,-33.4467,0.0],[-70.66761,-33.44634,0.0]],[[-70.66459,-33.4469,0.0],[-70.66564,-33.44716,0.0],[-70.6659,-33.44723,0.0],[-70.66648,-33.44738,0.0],[-70.66658,-33.44741,0.0],[-70.66735,-33.44765,0.0]],[[-70.66447,-33.44687,0.0],[-70.66459,-33.4469,0.0]],[[-70.66447,-33.44687,0.0],[-70.66451,-33.44656,0.0],[-70.66469,-33.44524,0.0],[-70.66474,-33.44483,0.0]],[[-70.66928,-33.44677,0.0],[-70.6701,-33.44696,0.0],[-70.67059,-33.44707,0.0]],[[-70.66928,-33.44677,0.0],[-70.66954,-33.44537,0.0]],[[-70.66372,-33.44671,0.0],[-70.66425,-33.44683,0.0],[-70.66447,-33.44687,0.0]],[[-70.66258,-33.44645,0.0],[-70.66372,-33.44671,0.0]],[[-70.66258,-33.44645,0.0],[-70.6628,-33.44539,0.0],[-70.66296,-33.44466,0.0]],[[-70.66772,-33.44637,0.0],[-70.66928,-33.44677,0.0]],[[-70.66772,-33.44637,0.0],[-70.66769,-33.4467,0.0],[-70.66759,-33.44727,0.0]],[[-70.66761,-33.44634,0.0],[-70.66766,-33.44553,0.0]],[[-70.66144,-33.44618,0.0],[-70.66159,-33.44621,0.0],[-70.66258,-33.44645,0.0]],[[-70.66144,-33.44618,0.0],[-70.66167,-33.4444,0.0]],[[-70.66144,-33.44618,0.0],[-70.66086,-33.44603,0.0],[-70.66075,-33.446,0.0],[-70.66096,-33.44455,0.0],[-70.66078,-33.44339,0.0],[-70.66074,-33.44295,0.0],[-70.66183,-33.44302,0.0]],[[-70.66634,-33.44606,0.0],[-70.66761,-33.44634,0.0]],[[-70.67103,-33.44556,0.0],[-70.6702,-33.44544,0.0],[-70.66954,-33.44537,0.0]],[[-70.66766,-33.44553,0.0],[-70.6665,-33.44542,0.0]],[[-70.66766,-33.44553,0.0],[-70.66768,-33.44516,0.0]],[[-70.66954,-33.44537,0.0],[-70.6678,-33.44518,0.0]],[[-70.66954,-33.44537,0.0],[-70.66963,-33.44476,0.0]],[[-70.6678,-33.44518,0.0],[-70.66778,-33.44554,0.0],[-70.66772,-33.44637,0.0]],[[-70.66768,-33.44516,0.0],[-70.66628,-33.44499,0.0]],[[-70.66768,-33.44516,0.0],[-70.66774,-33.44447,0.0]],[[-70.66628,-33.44499,0.0],[-70.6663,-33.44529,0.0],[-70.66634,-33.44606,0.0]],[[-70.66628,-33.44499,0.0],[-70.66561,-33.44492,0.0]],[[-70.66561,-33.44492,0.0],[-70.66559,-33.44513,0.0],[-70.66558,-33.44562,0.0],[-70.66604,-33.44574,0.0],[-70.66595,-33.44596,0.0],[-70.66634,-33.44606,0.0]],[[-70.66561,-33.44492,0.0],[-70.66484,-33.44484,0.0]],[[-70.66484,-33.44484,0.0],[-70.66478,-33.44525,0.0],[-70.66461,-33.4466,0.0],[-70.66459,-33.4469,0.0]],[[-70.66474,-33.44483,0.0],[-70.66397,-33.44475,0.0]],[[-70.66474,-33.44483,0.0],[-70.66482,-33.44425,0.0]],[[-70.66963,-33.44476,0.0],[-70.66971,-33.44413,0.0]],[[-70.66397,-33.44475,0.0],[-70.66383,-33.44584,0.0],[-70.66372,-33.44671,0.0]],[[-70.66397,-33.44475,0.0],[-70.66296,-33.44466,0.0]],[[-70.66296,-33.44466,0.0],[-70.66167,-33.4444,0.0]],[[-70.66296,-33.44466,0.0],[-70.66309,-33.44408,0.0]],[[-70.66786,-33.44449,0.0],[-70.66963,-33.44476,0.0]],[[-70.66786,-33.44449,0.0],[-70.6678,-33.44518,0.0]],[[-70.66774,-33.44447,0.0],[-70.6678,-33.44376,0.0]],[[-70.66167,-33.4444,0.0],[-70.66183,-33.44302,0.0]],[[-70.66623,-33.44438,0.0],[-70.66774,-33.44447,0.0]],[[-70.66623,-33.44438,0.0],[-70.66628,-33.44499,0.0]],[[-70.66492,-33.44426,0.0],[-70.66623,-33.44438,0.0]],[[-70.66492,-33.44426,0.0],[-70.66484,-33.44484,0.0]],[[-70.66482,-33.44425,0.0],[-70.66495,-33.44335,0.0]],[[-70.66404,-33.44417,0.0],[-70.66482,-33.44425,0.0]],[[-70.66404,-33.44417,0.0],[-70.66397,-33.44475,0.0]],[[-70.66404,-33.44417,0.0],[-70.66309,-33.44408,0.0]],[[-70.66971,-33.44413,0.0],[-70.66996,-33.44416,0.0],[-70.67114,-33.44428,0.0]],[[-70.66971,-33.44413,0.0],[-70.66987,-33.44289,0.0]],[[-70.66309,-33.44408,0.0],[-70.6633,-33.44317,0.0]],[[-70.6679,-33.44378,0.0],[-70.66971,-33.44413,0.0]],[[-70.6679,-33.44378,0.0],[-70.66786,-33.44449,0.0]],[[-70.6678,-33.44376,0.0],[-70.6679,-33.44254,0.0]],[[-70.66626,-33.44349,0.0],[-70.6678,-33.44376,0.0]],[[-70.66626,-33.44349,0.0],[-70.66623,-33.44438,0.0]],[[-70.66505,-33.44336,0.0],[-70.66626,-33.44349,0.0]],[[-70.66505,-33.44336,0.0],[-70.66492,-33.44426,0.0]],[[-70.66495,-33.44335,0.0],[-70.66498,-33.44214,0.0]],[[-70.6633,-33.44317,0.0],[-70.66447,-33.44328,0.0],[-70.66495,-33.44335,0.0]],[[-70.6633,-33.44317,0.0],[-70.6634,-33.44242,0.0],[-70.66346,-33.44202,0.0],[-70.66448,-33.4421,0.0],[-70.66498,-33.44214,0.0]],[[-70.67125,-33.44304,0.0],[-70.67101,-33.44301,0.0],[-70.67078,-33.44299,0.0],[-70.66987,-33.44289,0.0]],[[-70.66183,-33.44302,0.0],[-70.6633,-33.44317,0.0]],[[-70.66987,-33.44289,0.0],[-70.668,-33.44256,0.0]],[[-70.668,-33.44256,0.0],[-70.6679,-33.44378,0.0]],[[-70.6679,-33.44254,0.0],[-70.66747,-33.44247,0.0],[-70.66645,-33.4423,0.0]],[[-70.6679,-33.44254,0.0],[-70.66813,-33.44145,0.0],[-70.6684,-33.44028,0.0]],[[-70.66645,-33.4423,0.0],[-70.66626,-33.44349,0.0]],[[-70.66645,-33.4423,0.0],[-70.66509,-33.44215,0.0]],[[-70.66509,-33.44215,0.0],[-70.66505,-33.44336,0.0]],[[-70.66509,-33.44215,0.0],[-70.66498,-33.44214,0.0]],[[-70.66498,-33.44214,0.0],[-70.66497,-33.44104,0.0]],[[-70.66668,-33.44126,0.0],[-70.66645,-33.4423,0.0]],[[-70.66511,-33.44105,0.0],[-70.66509,-33.44215,0.0]],[[-70.66854,-33.4403,0.0],[-70.66826,-33.44146,0.0],[-70.668,-33.44256,0.0]]]}},{"type":"Feature","properties":{"FolderPath":"cobertura desde 1oct2017/NOCTURNO -  2"},"geometry":{"type":"MultiLineString","coordinates":[[[-70.65925,-33.44566,0.0],[-70.65986,-33.44579,0.0],[-70.66006,-33.44584,0.0],[-70.66024,-33.44453,0.0],[-70.66033,-33.44416,0.0],[-70.65998,-33.44288,0.0]],[[-70.65866,-33.44553,0.0],[-70.65925,-33.44566,0.0]],[[-70.65866,-33.44553,0.0],[-70.65893,-33.44375,0.0]],[[-70.65737,-33.44522,0.0],[-70.65866,-33.44553,0.0]],[[-70.65479,-33.44464,0.0],[-70.65564,-33.44483,0.0],[-70.65598,-33.44493,0.0],[-70.65654,-33.44505,0.0],[-70.65695,-33.44514,0.0],[-70.65737,-33.44522,0.0]],[[-70.65483,-33.44451,0.0],[-70.65517,-33.44347,0.0]],[[-70.6596,-33.44383,0.0],[-70.65925,-33.44566,0.0]],[[-70.65893,-33.44375,0.0],[-70.6596,-33.44383,0.0]],[[-70.65893,-33.44375,0.0],[-70.65897,-33.44274,0.0]],[[-70.65587,-33.44357,0.0],[-70.65517,-33.44347,0.0]],[[-70.65517,-33.44347,0.0],[-70.65526,-33.44322,0.0],[-70.65546,-33.44239,0.0],[-70.65609,-33.44246,0.0],[-70.65666,-33.44251,0.0],[-70.65768,-33.4426,0.0]],[[-70.65998,-33.44288,0.0],[-70.65975,-33.4418,0.0],[-70.6597,-33.44159,0.0]],[[-70.6597,-33.44283,0.0],[-70.65998,-33.44288,0.0]],[[-70.6597,-33.44283,0.0],[-70.6596,-33.44383,0.0]],[[-70.65897,-33.44274,0.0],[-70.6597,-33.44283,0.0]],[[-70.65897,-33.44274,0.0],[-70.6591,-33.44158,0.0]],[[-70.65768,-33.4426,0.0],[-70.65897,-33.44274,0.0]],[[-70.65768,-33.4426,0.0],[-70.65756,-33.44354,0.0],[-70.65737,-33.44522,0.0]],[[-70.65775,-33.44202,0.0],[-70.65768,-33.4426,0.0]],[[-70.65622,-33.44182,0.0],[-70.65775,-33.44202,0.0]],[[-70.6597,-33.44159,0.0],[-70.6591,-33.44158,0.0]],[[-70.6597,-33.44159,0.0],[-70.6594,-33.44066,0.0],[-70.65932,-33.44043,0.0]],[[-70.6591,-33.44158,0.0],[-70.65847,-33.44152,0.0],[-70.65782,-33.44146,0.0]],[[-70.65782,-33.44146,0.0],[-70.65775,-33.44202,0.0]],[[-70.65782,-33.44146,0.0],[-70.65634,-33.44131,0.0],[-70.65501,-33.44119,0.0]],[[-70.65932,-33.44043,0.0],[-70.65939,-33.43945,0.0],[-70.6594,-33.43928,0.0]],[[-70.65795,-33.44034,0.0],[-70.65895,-33.44045,0.0],[-70.65921,-33.44044,0.0],[-70.65932,-33.44043,0.0]],[[-70.65795,-33.44034,0.0],[-70.65789,-33.4409,0.0],[-70.65782,-33.44146,0.0]],[[-70.65523,-33.44005,0.0],[-70.65573,-33.44011,0.0],[-70.6562,-33.44016,0.0],[-70.65657,-33.4402,0.0],[-70.65795,-33.44034,0.0]],[[-70.6594,-33.43928,0.0],[-70.65873,-33.43924,0.0],[-70.65811,-33.43919,0.0]],[[-70.6594,-33.43928,0.0],[-70.65953,-33.43824,0.0],[-70.6589,-33.43818,0.0],[-70.65824,-33.43811,0.0],[-70.65817,-33.43868,0.0],[-70.65811,-33.43919,0.0]],[[-70.65811,-33.43919,0.0],[-70.65795,-33.44034,0.0]],[[-70.65811,-33.43919,0.0],[-70.65673,-33.43907,0.0],[-70.65565,-33.43894,0.0],[-70.65543,-33.43892,0.0]]]}},{"type":"Feature","properties":{"FolderPath":"cobertura desde 1oct2017/NOCTURNO -  3"},"geometry":{"type":"MultiLineString","coordinates":[[[-70.65109,-33.43849,0.0],[-70.65078,-33.43846,0.0],[-70.65,-33.43838,0.0],[-70.6497,-33.43834,0.0],[-70.64925,-33.4383,0.0],[-70.64901,-33.43828,0.0],[-70.64862,-33.43825,0.0],[-70.64833,-33.43822,0.0],[-70.64839,-33.43785,0.0],[-70.64844,-33.43757,0.0],[-70.64849,-33.43725,0.0],[-70.64853,-33.43704,0.0],[-70.64862,-33.43642,0.0],[-70.64871,-33.43593,0.0]],[[-70.64701,-33.43808,0.0],[-70.64716,-33.43691,0.0],[-70.64734,-33.43578,0.0]],[[-70.64871,-33.43593,0.0],[-70.64887,-33.43595,0.0],[-70.649,-33.43596,0.0],[-70.64959,-33.43601,0.0],[-70.65,-33.43604,0.0],[-70.65105,-33.43616,0.0],[-70.65142,-33.4362,0.0],[-70.65278,-33.43635,0.0],[-70.65294,-33.43526,0.0],[-70.65157,-33.43508,0.0]],[[-70.64734,-33.43578,0.0],[-70.64871,-33.43593,0.0]],[[-70.64734,-33.43578,0.0],[-70.6475,-33.43463,0.0]],[[-70.6459,-33.43561,0.0],[-70.64734,-33.43578,0.0]],[[-70.6475,-33.43463,0.0],[-70.64799,-33.43462,0.0],[-70.64817,-33.43461,0.0],[-70.64891,-33.43461,0.0]],[[-70.6475,-33.43463,0.0],[-70.64768,-33.43412,0.0]],[[-70.64941,-33.43461,0.0],[-70.65022,-33.43462,0.0],[-70.65019,-33.43479,0.0],[-70.65017,-33.4349,0.0],[-70.65032,-33.43492,0.0],[-70.65091,-33.435,0.0],[-70.65157,-33.43508,0.0]],[[-70.64941,-33.43461,0.0],[-70.64965,-33.43508,0.0],[-70.65001,-33.43569,0.0]],[[-70.64941,-33.43461,0.0],[-70.64903,-33.43404,0.0],[-70.64894,-33.43435,0.0],[-70.64891,-33.43461,0.0]],[[-70.64891,-33.43461,0.0],[-70.64941,-33.43461,0.0]],[[-70.64891,-33.43461,0.0],[-70.64883,-33.43507,0.0],[-70.6488,-33.43525,0.0],[-70.64871,-33.43593,0.0]],[[-70.65305,-33.4343,0.0],[-70.65165,-33.43421,0.0]],[[-70.65165,-33.43421,0.0],[-70.65157,-33.43508,0.0]],[[-70.65165,-33.43421,0.0],[-70.65111,-33.43419,0.0],[-70.65034,-33.43419,0.0],[-70.6504,-33.43363,0.0],[-70.65038,-33.43344,0.0]],[[-70.65165,-33.43421,0.0],[-70.6517,-33.43364,0.0],[-70.65172,-33.43309,0.0],[-70.65143,-33.43311,0.0],[-70.65137,-33.43312,0.0],[-70.651,-33.43322,0.0],[-70.65038,-33.43344,0.0]],[[-70.64768,-33.43412,0.0],[-70.64671,-33.43442,0.0],[-70.6464,-33.43458,0.0],[-70.646,-33.43479,0.0],[-70.64646,-33.43475,0.0],[-70.6475,-33.43463,0.0]],[[-70.65038,-33.43344,0.0],[-70.64928,-33.43378,0.0],[-70.64897,-33.43386,0.0],[-70.64791,-33.43409,0.0],[-70.64784,-33.4341,0.0],[-70.64768,-33.43412,0.0]]]}},{"type":"Feature","properties":{"FolderPath":"cobertura desde 1oct2017/NOCTURNO -  33"},"geometry":{"type":"MultiLineString","coordinates":[[[-70.63336,-33.45163,0.0],[-70.63247,-33.45164,0.0],[-70.63166,-33.45181,0.0],[-70.63108,-33.4519,0.0],[-70.6309,-33.45195,0.0]],[[-70.63336,-33.45163,0.0],[-70.63389,-33.44987,0.0]],[[-70.63471,-33.4505,0.0],[-70.63446,-33.4516,0.0],[-70.63336,-33.45163,0.0]],[[-70.63389,-33.44987,0.0],[-70.63404,-33.44934,0.0]],[[-70.63494,-33.44953,0.0],[-70.63473,-33.45042,0.0]],[[-70.63494,-33.44953,0.0],[-70.6353,-33.44815,0.0]],[[-70.63163,-33.44944,0.0],[-70.63198,-33.44948,0.0],[-70.63303,-33.44972,0.0],[-70.63389,-33.44987,0.0]],[[-70.63404,-33.44934,0.0],[-70.63494,-33.44953,0.0]],[[-70.63404,-33.44934,0.0],[-70.63445,-33.44796,0.0]],[[-70.63904,-33.44918,0.0],[-70.63669,-33.44856,0.0]],[[-70.63179,-33.44892,0.0],[-70.63207,-33.44893,0.0],[-70.63325,-33.44917,0.0],[-70.63404,-33.44934,0.0]],[[-70.63669,-33.44856,0.0],[-70.63607,-33.44837,0.0],[-70.6353,-33.44815,0.0]],[[-70.6353,-33.44815,0.0],[-70.63445,-33.44796,0.0]],[[-70.6394,-33.44809,0.0],[-70.6382,-33.4478,0.0]],[[-70.63445,-33.44796,0.0],[-70.63366,-33.44773,0.0],[-70.63228,-33.44737,0.0]],[[-70.63445,-33.44796,0.0],[-70.63472,-33.44698,0.0]],[[-70.6382,-33.4478,0.0],[-70.63705,-33.44753,0.0]],[[-70.63705,-33.44753,0.0],[-70.63685,-33.44811,0.0],[-70.63669,-33.44856,0.0]],[[-70.63705,-33.44753,0.0],[-70.63695,-33.4475,0.0],[-70.63617,-33.44732,0.0],[-70.63556,-33.44717,0.0]],[[-70.63832,-33.44743,0.0],[-70.6382,-33.4478,0.0]],[[-70.63832,-33.44743,0.0],[-70.63763,-33.44727,0.0],[-70.63773,-33.44695,0.0],[-70.63792,-33.447,0.0],[-70.63809,-33.44664,0.0]],[[-70.63556,-33.44717,0.0],[-70.6353,-33.44815,0.0]],[[-70.63556,-33.44717,0.0],[-70.63472,-33.44698,0.0]],[[-70.63472,-33.44698,0.0],[-70.63247,-33.44669,0.0]],[[-70.63472,-33.44698,0.0],[-70.63488,-33.44646,0.0],[-70.63506,-33.44589,0.0]],[[-70.63857,-33.44674,0.0],[-70.63832,-33.44743,0.0]],[[-70.63857,-33.44674,0.0],[-70.63891,-33.44568,0.0],[-70.63712,-33.4453,0.0],[-70.63652,-33.44516,0.0]],[[-70.63809,-33.44664,0.0],[-70.63857,-33.44674,0.0]],[[-70.63598,-33.44611,0.0],[-70.63659,-33.44629,0.0],[-70.63809,-33.44664,0.0]],[[-70.63598,-33.44611,0.0],[-70.63556,-33.44717,0.0]],[[-70.63598,-33.44611,0.0],[-70.63652,-33.44516,0.0]],[[-70.63506,-33.44589,0.0],[-70.63598,-33.44611,0.0]],[[-70.63506,-33.44589,0.0],[-70.6355,-33.4448,0.0]],[[-70.63284,-33.4454,0.0],[-70.63348,-33.44553,0.0],[-70.63382,-33.44562,0.0],[-70.63404,-33.44567,0.0],[-70.63506,-33.44589,0.0]],[[-70.63652,-33.44516,0.0],[-70.6355,-33.4448,0.0]],[[-70.6355,-33.4448,0.0],[-70.63579,-33.44412,0.0]],[[-70.6355,-33.4448,0.0],[-70.63324,-33.44405,0.0]],[[-70.63688,-33.44453,0.0],[-70.63652,-33.44516,0.0]]]}},{"type":"Feature","properties":{"FolderPath":"cobertura desde 1oct2017/NOCTURNO -  34"},"geometry":{"type":"MultiLineString","coordinates":[[[-70.65689,-33.45318,0.0],[-70.65591,-33.4531,0.0]],[[-70.65689,-33.45318,0.0],[-70.65698,-33.4528,0.0]],[[-70.65591,-33.4531,0.0],[-70.65561,-33.45307,0.0],[-70.65508,-33.45301,0.0],[-70.65424,-33.45283,0.0]],[[-70.65746,-33.45291,0.0],[-70.65689,-33.45318,0.0]],[[-70.65424,-33.45283,0.0],[-70.65377,-33.45272,0.0],[-70.6535,-33.45266,0.0],[-70.6528,-33.45249,0.0]],[[-70.65424,-33.45283,0.0],[-70.65427,-33.45258,0.0],[-70.65431,-33.45222,0.0],[-70.65432,-33.45212,0.0],[-70.65433,-33.452,0.0],[-70.65436,-33.45172,0.0],[-70.65438,-33.45163,0.0],[-70.65447,-33.45112,0.0]],[[-70.65698,-33.4528,0.0],[-70.65741,-33.45255,0.0],[-70.65819,-33.45237,0.0],[-70.65834,-33.4524,0.0],[-70.65843,-33.45208,0.0],[-70.65849,-33.45185,0.0],[-70.65885,-33.45077,0.0]],[[-70.65698,-33.4528,0.0],[-70.65741,-33.45061,0.0]],[[-70.65447,-33.45112,0.0],[-70.65376,-33.45101,0.0],[-70.65303,-33.45088,0.0]],[[-70.65447,-33.45112,0.0],[-70.65462,-33.45029,0.0]],[[-70.65885,-33.45077,0.0],[-70.65918,-33.44962,0.0],[-70.6593,-33.44918,0.0]],[[-70.65741,-33.45061,0.0],[-70.65885,-33.45077,0.0]],[[-70.65741,-33.45061,0.0],[-70.65772,-33.44929,0.0]],[[-70.65644,-33.45061,0.0],[-70.65741,-33.45061,0.0]],[[-70.65644,-33.45061,0.0],[-70.65628,-33.45136,0.0],[-70.65626,-33.45149,0.0],[-70.65619,-33.45185,0.0],[-70.65616,-33.45196,0.0],[-70.65613,-33.4521,0.0],[-70.65607,-33.45234,0.0],[-70.65599,-33.45273,0.0],[-70.65591,-33.4531,0.0]],[[-70.65462,-33.45029,0.0],[-70.65644,-33.45061,0.0]],[[-70.65462,-33.45029,0.0],[-70.65482,-33.44895,0.0]],[[-70.65322,-33.44994,0.0],[-70.65462,-33.45029,0.0]],[[-70.65772,-33.44929,0.0],[-70.65673,-33.44916,0.0]],[[-70.65772,-33.44929,0.0],[-70.65793,-33.44831,0.0]],[[-70.65673,-33.44916,0.0],[-70.65644,-33.45061,0.0]],[[-70.65673,-33.44916,0.0],[-70.65602,-33.44908,0.0]],[[-70.65602,-33.44908,0.0],[-70.65482,-33.44895,0.0]],[[-70.65482,-33.44895,0.0],[-70.65338,-33.44882,0.0]],[[-70.65482,-33.44895,0.0],[-70.65497,-33.44794,0.0]],[[-70.65926,-33.44848,0.0],[-70.65918,-33.4489,0.0],[-70.65907,-33.44931,0.0],[-70.65896,-33.44945,0.0],[-70.65874,-33.44945,0.0],[-70.65772,-33.44929,0.0]],[[-70.65926,-33.44848,0.0],[-70.65929,-33.44837,0.0],[-70.65952,-33.44738,0.0],[-70.65817,-33.44721,0.0]],[[-70.65793,-33.44831,0.0],[-70.65926,-33.44848,0.0]],[[-70.65793,-33.44831,0.0],[-70.65817,-33.44721,0.0]],[[-70.6569,-33.44819,0.0],[-70.65793,-33.44831,0.0]],[[-70.6569,-33.44819,0.0],[-70.65673,-33.44916,0.0]],[[-70.65619,-33.4481,0.0],[-70.6569,-33.44819,0.0]],[[-70.65619,-33.4481,0.0],[-70.65602,-33.44908,0.0]],[[-70.65497,-33.44794,0.0],[-70.65619,-33.4481,0.0]],[[-70.65497,-33.44794,0.0],[-70.65514,-33.44683,0.0]],[[-70.65817,-33.44721,0.0],[-70.65708,-33.44708,0.0]],[[-70.65817,-33.44721,0.0],[-70.65845,-33.44598,0.0]],[[-70.65708,-33.44708,0.0],[-70.6569,-33.44819,0.0]],[[-70.65708,-33.44708,0.0],[-70.65514,-33.44683,0.0]],[[-70.65514,-33.44683,0.0],[-70.65506,-33.44659,0.0],[-70.65378,-33.44638,0.0]],[[-70.65514,-33.44683,0.0],[-70.65541,-33.44524,0.0]],[[-70.66021,-33.44638,0.0],[-70.65997,-33.44632,0.0],[-70.65977,-33.44627,0.0],[-70.65912,-33.44611,0.0],[-70.65845,-33.44598,0.0]],[[-70.65378,-33.44638,0.0],[-70.65353,-33.44779,0.0],[-70.65497,-33.44794,0.0]],[[-70.65845,-33.44598,0.0],[-70.65729,-33.4457,0.0]],[[-70.65729,-33.4457,0.0],[-70.65708,-33.44708,0.0]],[[-70.65729,-33.4457,0.0],[-70.65594,-33.44536,0.0],[-70.65541,-33.44524,0.0]],[[-70.65541,-33.44524,0.0],[-70.65465,-33.44503,0.0],[-70.65408,-33.44487,0.0],[-70.654,-33.4452,0.0],[-70.65396,-33.4454,0.0],[-70.65394,-33.44551,0.0],[-70.65389,-33.4458,0.0],[-70.65378,-33.44638,0.0]]]}},{"type":"Feature","properties":{"FolderPath":"cobertura desde 1oct2017/NOCTURNO -  35"},"geometry":{"type":"MultiLineString","coordinates":[[[-70.65026,-33.45186,0.0],[-70.65037,-33.45188,0.0],[-70.65039,-33.4517,0.0],[-70.65043,-33.45147,0.0],[-70.65047,-33.45119,0.0],[-70.65047,-33.45114,0.0]],[[-70.65295,-33.45147,0.0],[-70.65243,-33.4514,0.0],[-70.65222,-33.45137,0.0],[-70.65199,-33.45134,0.0],[-70.65168,-33.4513,0.0],[-70.65125,-33.45124,0.0],[-70.65047,-33.45114,0.0]],[[-70.64809,-33.45128,0.0],[-70.64812,-33.45111,0.0],[-70.64816,-33.45094,0.0],[-70.6483,-33.45012,0.0]],[[-70.65047,-33.45114,0.0],[-70.65048,-33.4511,0.0],[-70.65058,-33.45052,0.0]],[[-70.65303,-33.45088,0.0],[-70.65237,-33.45079,0.0],[-70.65233,-33.45078,0.0],[-70.65195,-33.45071,0.0]],[[-70.65195,-33.45071,0.0],[-70.65058,-33.45052,0.0]],[[-70.65058,-33.45052,0.0],[-70.64907,-33.45023,0.0]],[[-70.65058,-33.45052,0.0],[-70.65075,-33.44933,0.0]],[[-70.64907,-33.45023,0.0],[-70.64889,-33.4511,0.0],[-70.64885,-33.45131,0.0],[-70.64881,-33.45153,0.0]],[[-70.64907,-33.45023,0.0],[-70.6483,-33.45012,0.0]],[[-70.6483,-33.45012,0.0],[-70.64698,-33.44995,0.0]],[[-70.6483,-33.45012,0.0],[-70.64856,-33.44883,0.0]],[[-70.65207,-33.44965,0.0],[-70.65252,-33.44977,0.0],[-70.65256,-33.44978,0.0],[-70.65322,-33.44994,0.0]],[[-70.65207,-33.44965,0.0],[-70.65195,-33.45071,0.0]],[[-70.65075,-33.44933,0.0],[-70.65185,-33.44958,0.0],[-70.65207,-33.44965,0.0]],[[-70.65075,-33.44933,0.0],[-70.65086,-33.44874,0.0],[-70.65105,-33.44744,0.0]],[[-70.64933,-33.44899,0.0],[-70.65075,-33.44933,0.0]],[[-70.64933,-33.44899,0.0],[-70.64907,-33.45023,0.0]],[[-70.64856,-33.44883,0.0],[-70.64933,-33.44899,0.0]],[[-70.64856,-33.44883,0.0],[-70.64891,-33.44707,0.0]],[[-70.65338,-33.44882,0.0],[-70.65274,-33.44867,0.0],[-70.6521,-33.44855,0.0],[-70.65232,-33.44761,0.0]],[[-70.64705,-33.44851,0.0],[-70.64856,-33.44883,0.0]],[[-70.65232,-33.44761,0.0],[-70.65293,-33.44769,0.0],[-70.65353,-33.44779,0.0]],[[-70.65105,-33.44744,0.0],[-70.65232,-33.44761,0.0]],[[-70.64972,-33.44721,0.0],[-70.65105,-33.44744,0.0]],[[-70.64972,-33.44721,0.0],[-70.6495,-33.44815,0.0],[-70.64933,-33.44899,0.0]],[[-70.64891,-33.44707,0.0],[-70.64972,-33.44721,0.0]],[[-70.64891,-33.44707,0.0],[-70.64917,-33.44591,0.0],[-70.64996,-33.44606,0.0]],[[-70.64704,-33.44671,0.0],[-70.64891,-33.44707,0.0]],[[-70.65378,-33.44638,0.0],[-70.65335,-33.44631,0.0],[-70.6532,-33.44629,0.0],[-70.65306,-33.44627,0.0],[-70.65261,-33.44619,0.0],[-70.65131,-33.44596,0.0],[-70.65109,-33.44622,0.0]],[[-70.65127,-33.44625,0.0],[-70.65109,-33.44622,0.0]],[[-70.65109,-33.44622,0.0],[-70.64996,-33.44606,0.0]],[[-70.64996,-33.44606,0.0],[-70.64991,-33.4463,0.0],[-70.64972,-33.44721,0.0]],[[-70.64996,-33.44606,0.0],[-70.65022,-33.44467,0.0]],[[-70.65408,-33.44487,0.0],[-70.65351,-33.44472,0.0],[-70.65293,-33.44458,0.0],[-70.65251,-33.44447,0.0],[-70.65165,-33.44423,0.0],[-70.65157,-33.4442,0.0],[-70.65151,-33.44418,0.0],[-70.65096,-33.44401,0.0],[-70.65034,-33.44386,0.0],[-70.64999,-33.44378,0.0],[-70.64962,-33.4437,0.0],[-70.64892,-33.44355,0.0],[-70.64816,-33.44328,0.0],[-70.6476,-33.44315,0.0],[-70.64715,-33.44308,0.0],[-70.64672,-33.44299,0.0],[-70.64621,-33.44282,0.0]]]}},{"type":"Feature","properties":{"FolderPath":"cobertura desde 1oct2017/NOCTURNO -  36"},"geometry":{"type":"MultiLineString","coordinates":[[[-70.64688,-33.45092,0.0],[-70.64634,-33.4508,0.0],[-70.6461,-33.45077,0.0],[-70.64585,-33.45072,0.0],[-70.64444,-33.45052,0.0]],[[-70.64444,-33.45052,0.0],[-70.64333,-33.45035,0.0],[-70.64299,-33.4503,0.0]],[[-70.64444,-33.45052,0.0],[-70.64457,-33.44961,0.0]],[[-70.64299,-33.4503,0.0],[-70.64214,-33.45005,0.0],[-70.64157,-33.44988,0.0]],[[-70.64698,-33.44995,0.0],[-70.64573,-33.44979,0.0],[-70.64533,-33.44973,0.0],[-70.64457,-33.44961,0.0]],[[-70.64157,-33.44988,0.0],[-70.64091,-33.44967,0.0],[-70.64032,-33.44948,0.0]],[[-70.64457,-33.44961,0.0],[-70.6433,-33.44932,0.0]],[[-70.64457,-33.44961,0.0],[-70.64472,-33.44883,0.0],[-70.64479,-33.44836,0.0],[-70.6448,-33.44826,0.0],[-70.64482,-33.44814,0.0],[-70.64486,-33.44806,0.0]],[[-70.64032,-33.44948,0.0],[-70.63904,-33.44918,0.0],[-70.6394,-33.44809,0.0]],[[-70.64032,-33.44948,0.0],[-70.64067,-33.44841,0.0]],[[-70.6433,-33.44932,0.0],[-70.64317,-33.44967,0.0],[-70.64308,-33.44994,0.0],[-70.64302,-33.45018,0.0],[-70.64299,-33.4503,0.0]],[[-70.64341,-33.44899,0.0],[-70.6433,-33.44932,0.0]],[[-70.64341,-33.44899,0.0],[-70.64325,-33.44897,0.0],[-70.64313,-33.44895,0.0],[-70.643,-33.44893,0.0],[-70.64195,-33.44876,0.0]],[[-70.64195,-33.44876,0.0],[-70.64161,-33.44976,0.0],[-70.64157,-33.44988,0.0]],[[-70.64195,-33.44876,0.0],[-70.64067,-33.44841,0.0]],[[-70.64067,-33.44841,0.0],[-70.6394,-33.44809,0.0]],[[-70.64067,-33.44841,0.0],[-70.64091,-33.44771,0.0],[-70.64104,-33.44729,0.0]],[[-70.6394,-33.44809,0.0],[-70.6398,-33.44702,0.0]],[[-70.64486,-33.44806,0.0],[-70.64496,-33.44808,0.0],[-70.64501,-33.44809,0.0],[-70.64507,-33.4481,0.0],[-70.64705,-33.44851,0.0]],[[-70.64486,-33.44806,0.0],[-70.64491,-33.4478,0.0],[-70.64496,-33.44761,0.0],[-70.64502,-33.44738,0.0],[-70.64516,-33.44689,0.0],[-70.6453,-33.44632,0.0]],[[-70.64368,-33.44779,0.0],[-70.64486,-33.44806,0.0]],[[-70.64368,-33.44779,0.0],[-70.64359,-33.44819,0.0],[-70.64351,-33.44853,0.0],[-70.64341,-33.44899,0.0]],[[-70.64226,-33.44751,0.0],[-70.6434,-33.44774,0.0],[-70.64368,-33.44779,0.0]],[[-70.64226,-33.44751,0.0],[-70.64195,-33.44876,0.0]],[[-70.64377,-33.44737,0.0],[-70.64368,-33.44779,0.0]],[[-70.64104,-33.44729,0.0],[-70.64226,-33.44751,0.0]],[[-70.64104,-33.44729,0.0],[-70.64138,-33.44623,0.0]],[[-70.6398,-33.44702,0.0],[-70.64051,-33.44719,0.0],[-70.64104,-33.44729,0.0]],[[-70.6398,-33.44702,0.0],[-70.64013,-33.44595,0.0]],[[-70.6424,-33.44694,0.0],[-70.64377,-33.44737,0.0]],[[-70.6424,-33.44694,0.0],[-70.64226,-33.44751,0.0]],[[-70.63857,-33.44674,0.0],[-70.6398,-33.44702,0.0]],[[-70.64252,-33.44649,0.0],[-70.6424,-33.44694,0.0]],[[-70.64252,-33.44649,0.0],[-70.64138,-33.44623,0.0]],[[-70.6453,-33.44632,0.0],[-70.64704,-33.44671,0.0]],[[-70.64403,-33.44625,0.0],[-70.64377,-33.44737,0.0]],[[-70.64403,-33.44625,0.0],[-70.64449,-33.44614,0.0],[-70.6453,-33.44632,0.0]],[[-70.64403,-33.44625,0.0],[-70.64409,-33.44599,0.0],[-70.64414,-33.44576,0.0]],[[-70.64138,-33.44623,0.0],[-70.64089,-33.44611,0.0],[-70.64013,-33.44595,0.0]],[[-70.64261,-33.44614,0.0],[-70.64403,-33.44625,0.0]],[[-70.64261,-33.44614,0.0],[-70.64252,-33.44649,0.0]],[[-70.64013,-33.44595,0.0],[-70.63891,-33.44568,0.0]],[[-70.64013,-33.44595,0.0],[-70.64041,-33.44526,0.0],[-70.64223,-33.44606,0.0],[-70.64261,-33.44614,0.0]],[[-70.64272,-33.44557,0.0],[-70.64261,-33.44614,0.0]]]}},{"type":"Feature","properties":{"FolderPath":"cobertura desde 1oct2017/NOCTURNO -  37"},"geometry":{"type":"MultiLineString","coordinates":[[[-70.6453,-33.44632,0.0],[-70.64549,-33.44559,0.0],[-70.64551,-33.44551,0.0],[-70.64557,-33.44519,0.0]],[[-70.64798,-33.44566,0.0],[-70.64711,-33.44548,0.0]],[[-70.64798,-33.44566,0.0],[-70.64917,-33.44591,0.0],[-70.64936,-33.44476,0.0]],[[-70.64711,-33.44548,0.0],[-70.64704,-33.44671,0.0],[-70.64705,-33.44851,0.0]],[[-70.64711,-33.44548,0.0],[-70.64557,-33.44519,0.0]],[[-70.64041,-33.44526,0.0],[-70.64062,-33.44466,0.0]],[[-70.64557,-33.44519,0.0],[-70.64544,-33.44516,0.0],[-70.64434,-33.44493,0.0]],[[-70.64557,-33.44519,0.0],[-70.64579,-33.44444,0.0]],[[-70.64285,-33.4451,0.0],[-70.64272,-33.44557,0.0],[-70.64414,-33.44576,0.0],[-70.64434,-33.44493,0.0]],[[-70.64434,-33.44493,0.0],[-70.64438,-33.44464,0.0]],[[-70.64936,-33.44476,0.0],[-70.64842,-33.44464,0.0]],[[-70.64062,-33.44466,0.0],[-70.64285,-33.4451,0.0]],[[-70.64062,-33.44466,0.0],[-70.64082,-33.44405,0.0],[-70.64103,-33.44342,0.0]],[[-70.64842,-33.44464,0.0],[-70.64798,-33.44566,0.0]],[[-70.64842,-33.44464,0.0],[-70.64711,-33.44461,0.0]],[[-70.64711,-33.44461,0.0],[-70.64711,-33.44548,0.0]],[[-70.64711,-33.44461,0.0],[-70.64655,-33.4445,0.0]],[[-70.6494,-33.44455,0.0],[-70.64936,-33.44476,0.0]],[[-70.64655,-33.4445,0.0],[-70.64579,-33.44444,0.0]],[[-70.64579,-33.44444,0.0],[-70.6459,-33.44393,0.0]],[[-70.64297,-33.44442,0.0],[-70.64438,-33.44464,0.0]],[[-70.64297,-33.44442,0.0],[-70.64285,-33.4451,0.0]],[[-70.6459,-33.44393,0.0],[-70.64459,-33.44379,0.0]],[[-70.6459,-33.44393,0.0],[-70.64608,-33.44326,0.0]],[[-70.64459,-33.44379,0.0],[-70.64438,-33.44464,0.0]],[[-70.64459,-33.44379,0.0],[-70.6432,-33.44344,0.0]],[[-70.64459,-33.44379,0.0],[-70.6448,-33.44294,0.0]],[[-70.6432,-33.44344,0.0],[-70.64297,-33.44442,0.0]],[[-70.6432,-33.44344,0.0],[-70.64127,-33.44294,0.0]],[[-70.64103,-33.44342,0.0],[-70.64064,-33.44307,0.0],[-70.64083,-33.44303,0.0],[-70.64097,-33.44301,0.0]],[[-70.64103,-33.44342,0.0],[-70.64127,-33.44294,0.0]],[[-70.64608,-33.44326,0.0],[-70.64621,-33.44282,0.0]],[[-70.64608,-33.44326,0.0],[-70.64573,-33.44271,0.0]],[[-70.64667,-33.4432,0.0],[-70.64655,-33.4445,0.0]],[[-70.64327,-33.44317,0.0],[-70.6432,-33.44344,0.0]],[[-70.64715,-33.44308,0.0],[-70.64714,-33.44331,0.0],[-70.64711,-33.44461,0.0]],[[-70.64326,-33.44302,0.0],[-70.64327,-33.44317,0.0]],[[-70.64127,-33.44294,0.0],[-70.64097,-33.44301,0.0]],[[-70.64152,-33.44288,0.0],[-70.64127,-33.44294,0.0]],[[-70.64152,-33.44288,0.0],[-70.64131,-33.44274,0.0]],[[-70.64187,-33.44279,0.0],[-70.64152,-33.44288,0.0]],[[-70.64187,-33.44279,0.0],[-70.64249,-33.44214,0.0],[-70.64264,-33.44255,0.0]],[[-70.64131,-33.44274,0.0],[-70.64177,-33.44129,0.0],[-70.64204,-33.44119,0.0]],[[-70.64107,-33.44268,0.0],[-70.64131,-33.44274,0.0]],[[-70.64107,-33.44268,0.0],[-70.64097,-33.44301,0.0]],[[-70.64238,-33.44267,0.0],[-70.64187,-33.44279,0.0]],[[-70.64265,-33.44262,0.0],[-70.64238,-33.44267,0.0]],[[-70.64264,-33.44255,0.0],[-70.64238,-33.44267,0.0]],[[-70.64414,-33.44231,0.0],[-70.64329,-33.44308,0.0],[-70.64327,-33.44317,0.0]],[[-70.64391,-33.44223,0.0],[-70.64377,-33.44224,0.0],[-70.64264,-33.44255,0.0]],[[-70.63892,-33.44178,0.0],[-70.64009,-33.44228,0.0],[-70.64087,-33.44261,0.0],[-70.64107,-33.44268,0.0]]]}},{"type":"Feature","properties":{"FolderPath":"cobertura desde 1oct2017/NOCTURNO -  38"},"geometry":{"type":"MultiLineString","coordinates":[[[-70.63688,-33.44453,0.0],[-70.63942,-33.44507,0.0],[-70.63973,-33.44513,0.0],[-70.64041,-33.44526,0.0]],[[-70.63688,-33.44453,0.0],[-70.63781,-33.44302,0.0]],[[-70.63579,-33.44412,0.0],[-70.63688,-33.44453,0.0]],[[-70.63579,-33.44412,0.0],[-70.63617,-33.44327,0.0]],[[-70.63579,-33.44412,0.0],[-70.63441,-33.44361,0.0],[-70.63376,-33.44337,0.0],[-70.63347,-33.44327,0.0],[-70.6336,-33.4428,0.0]],[[-70.63617,-33.44327,0.0],[-70.63625,-33.44304,0.0],[-70.63641,-33.44261,0.0]],[[-70.63617,-33.44327,0.0],[-70.6336,-33.4428,0.0]],[[-70.64064,-33.44307,0.0],[-70.63781,-33.44302,0.0]],[[-70.63781,-33.44302,0.0],[-70.63641,-33.44261,0.0]],[[-70.63641,-33.44261,0.0],[-70.63498,-33.44219,0.0],[-70.63423,-33.44198,0.0],[-70.6339,-33.44189,0.0]],[[-70.6339,-33.44189,0.0],[-70.63381,-33.44211,0.0],[-70.63377,-33.44225,0.0],[-70.63369,-33.44248,0.0],[-70.6336,-33.4428,0.0]],[[-70.6339,-33.44189,0.0],[-70.63402,-33.44141,0.0],[-70.63406,-33.44126,0.0],[-70.63422,-33.44079,0.0]],[[-70.63892,-33.44178,0.0],[-70.63781,-33.44302,0.0]],[[-70.63892,-33.44178,0.0],[-70.63853,-33.44166,0.0],[-70.63818,-33.44155,0.0],[-70.63824,-33.44133,0.0],[-70.63832,-33.44107,0.0],[-70.63836,-33.44094,0.0],[-70.63843,-33.44071,0.0],[-70.63848,-33.44048,0.0]],[[-70.63892,-33.44178,0.0],[-70.63945,-33.44122,0.0],[-70.63975,-33.44086,0.0]],[[-70.63422,-33.44079,0.0],[-70.63529,-33.44115,0.0]],[[-70.63422,-33.44079,0.0],[-70.63424,-33.44071,0.0],[-70.63441,-33.44008,0.0]],[[-70.63848,-33.44048,0.0],[-70.63905,-33.4404,0.0]],[[-70.63905,-33.4404,0.0],[-70.63939,-33.44062,0.0],[-70.63975,-33.44086,0.0]],[[-70.63528,-33.44036,0.0],[-70.63649,-33.44088,0.0]],[[-70.63528,-33.44036,0.0],[-70.63504,-33.4403,0.0],[-70.63461,-33.44014,0.0],[-70.63441,-33.44008,0.0]],[[-70.64069,-33.44024,0.0],[-70.63975,-33.44086,0.0]],[[-70.63441,-33.44008,0.0],[-70.63456,-33.43955,0.0],[-70.63471,-33.43909,0.0],[-70.63483,-33.43867,0.0],[-70.63491,-33.43839,0.0]],[[-70.63847,-33.44003,0.0],[-70.63856,-33.44009,0.0],[-70.63905,-33.4404,0.0]],[[-70.63847,-33.44003,0.0],[-70.63853,-33.44012,0.0],[-70.63848,-33.44048,0.0]],[[-70.63847,-33.44003,0.0],[-70.6382,-33.43984,0.0],[-70.63761,-33.43943,0.0],[-70.63752,-33.43934,0.0],[-70.63727,-33.43923,0.0],[-70.63615,-33.43868,0.0]],[[-70.63615,-33.43868,0.0],[-70.63567,-33.43998,0.0],[-70.63547,-33.44022,0.0],[-70.63528,-33.44036,0.0]],[[-70.63491,-33.43839,0.0],[-70.63615,-33.43868,0.0]],[[-70.63491,-33.43839,0.0],[-70.63495,-33.43822,0.0],[-70.63516,-33.43795,0.0],[-70.63537,-33.4373,0.0]],[[-70.63647,-33.43761,0.0],[-70.63626,-33.43813,0.0],[-70.63615,-33.43868,0.0]]]}},{"type":"Feature","properties":{"FolderPath":"cobertura desde 1oct2017/NOCTURNO -  39"},"geometry":{"type":"MultiLineString","coordinates":[[[-70.62683,-33.47102,0.0],[-70.62678,-33.4712,0.0]],[[-70.62686,-33.47092,0.0],[-70.62695,-33.47064,0.0],[-70.62709,-33.47015,0.0],[-70.62754,-33.46859,0.0],[-70.62785,-33.46753,0.0],[-70.62856,-33.46513,0.0],[-70.62872,-33.46459,0.0],[-70.62885,-33.46416,0.0],[-70.62899,-33.46364,0.0],[-70.62943,-33.46213,0.0],[-70.62957,-33.46169,0.0],[-70.62962,-33.46149,0.0],[-70.62971,-33.46117,0.0],[-70.62976,-33.46102,0.0],[-70.62998,-33.46023,0.0]],[[-70.62544,-33.46941,0.0],[-70.62559,-33.4693,0.0],[-70.62596,-33.46899,0.0],[-70.62606,-33.46857,0.0],[-70.62611,-33.46838,0.0],[-70.62619,-33.46809,0.0],[-70.6264,-33.46738,0.0],[-70.62698,-33.46536,0.0],[-70.62712,-33.46484,0.0],[-70.6272,-33.46457,0.0],[-70.62729,-33.46427,0.0],[-70.6278,-33.46249,0.0],[-70.62783,-33.46239,0.0],[-70.628,-33.46183,0.0],[-70.62854,-33.45991,0.0]],[[-70.6382,-33.4625,0.0],[-70.63923,-33.46269,0.0],[-70.63989,-33.46279,0.0],[-70.63996,-33.46281,0.0],[-70.64028,-33.46284,0.0],[-70.64059,-33.46288,0.0],[-70.64092,-33.46291,0.0],[-70.64121,-33.46294,0.0]],[[-70.6382,-33.4625,0.0],[-70.63795,-33.4636,0.0],[-70.63768,-33.4646,0.0],[-70.63723,-33.46609,0.0],[-70.63694,-33.46725,0.0],[-70.63662,-33.4685,0.0],[-70.63626,-33.46989,0.0],[-70.63584,-33.47133,0.0],[-70.63556,-33.47245,0.0],[-70.63535,-33.47326,0.0],[-70.63517,-33.47396,0.0],[-70.63503,-33.47445,0.0]],[[-70.63572,-33.46204,0.0],[-70.63635,-33.46215,0.0],[-70.63696,-33.46227,0.0],[-70.6382,-33.4625,0.0]],[[-70.63196,-33.46134,0.0],[-70.63261,-33.46146,0.0],[-70.63321,-33.46156,0.0],[-70.6338,-33.46167,0.0],[-70.63439,-33.46178,0.0],[-70.635,-33.4619,0.0]],[[-70.63196,-33.46134,0.0],[-70.63165,-33.46259,0.0],[-70.63137,-33.46358,0.0],[-70.63089,-33.46537,0.0],[-70.63058,-33.46651,0.0],[-70.63024,-33.46778,0.0],[-70.6299,-33.46904,0.0],[-70.62948,-33.4706,0.0],[-70.6292,-33.47163,0.0]],[[-70.63214,-33.46068,0.0],[-70.63196,-33.46134,0.0]],[[-70.62998,-33.46023,0.0],[-70.63151,-33.46055,0.0],[-70.63214,-33.46068,0.0]],[[-70.62998,-33.46023,0.0],[-70.63005,-33.45999,0.0],[-70.63026,-33.4593,0.0],[-70.63062,-33.45808,0.0],[-70.63069,-33.45785,0.0],[-70.63077,-33.45758,0.0],[-70.6308,-33.45748,0.0],[-70.63084,-33.45734,0.0],[-70.6309,-33.45717,0.0],[-70.63097,-33.45691,0.0],[-70.63125,-33.4559,0.0]],[[-70.62854,-33.45991,0.0],[-70.62873,-33.45995,0.0],[-70.62979,-33.46019,0.0],[-70.62998,-33.46023,0.0]],[[-70.62854,-33.45991,0.0],[-70.62869,-33.45941,0.0],[-70.62881,-33.45902,0.0],[-70.62905,-33.4582,0.0],[-70.62922,-33.4577,0.0],[-70.62944,-33.45686,0.0],[-70.62959,-33.45628,0.0],[-70.62981,-33.45557,0.0],[-70.62983,-33.45549,0.0],[-70.62985,-33.45541,0.0],[-70.63014,-33.4545,0.0],[-70.63031,-33.45405,0.0],[-70.63054,-33.45325,0.0],[-70.6309,-33.45195,0.0],[-70.631,-33.45156,0.0],[-70.63118,-33.45101,0.0],[-70.63152,-33.44983,0.0],[-70.63163,-33.44944,0.0],[-70.63179,-33.44892,0.0],[-70.63196,-33.44837,0.0],[-70.6321,-33.44789,0.0],[-70.63228,-33.44737,0.0],[-70.63247,-33.44669,0.0],[-70.6327,-33.44593,0.0],[-70.63284,-33.4454,0.0],[-70.63297,-33.445,0.0],[-70.63303,-33.44479,0.0]],[[-70.64326,-33.45824,0.0],[-70.64339,-33.45721,0.0],[-70.64341,-33.45709,0.0],[-70.64361,-33.4558,0.0],[-70.64379,-33.4544,0.0]],[[-70.63949,-33.45765,0.0],[-70.6392,-33.45878,0.0],[-70.63911,-33.45908,0.0],[-70.63869,-33.46065,0.0],[-70.63847,-33.46158,0.0],[-70.63838,-33.4619,0.0],[-70.63835,-33.46202,0.0],[-70.63831,-33.46214,0.0],[-70.6382,-33.4625,0.0]],[[-70.63331,-33.45633,0.0],[-70.63288,-33.45801,0.0],[-70.63274,-33.45853,0.0],[-70.6325,-33.45939,0.0],[-70.63214,-33.46068,0.0]],[[-70.6313,-33.45571,0.0],[-70.63149,-33.45499,0.0],[-70.63156,-33.45477,0.0],[-70.63171,-33.4542,0.0],[-70.63192,-33.4535,0.0],[-70.63247,-33.45164,0.0]],[[-70.64379,-33.4544,0.0],[-70.64284,-33.45424,0.0],[-70.64198,-33.45407,0.0],[-70.64048,-33.45384,0.0]],[[-70.64379,-33.4544,0.0],[-70.64397,-33.45329,0.0]],[[-70.64048,-33.45384,0.0],[-70.64016,-33.45515,0.0],[-70.63983,-33.45648,0.0],[-70.63953,-33.45746,0.0]],[[-70.64048,-33.45384,0.0],[-70.63954,-33.45371,0.0],[-70.63892,-33.45363,0.0],[-70.63774,-33.45341,0.0],[-70.63666,-33.4532,0.0]],[[-70.64397,-33.45329,0.0],[-70.64415,-33.45199,0.0],[-70.6442,-33.45173,0.0],[-70.64444,-33.45052,0.0]],[[-70.63656,-33.45318,0.0],[-70.63521,-33.45287,0.0]],[[-70.64076,-33.45275,0.0],[-70.64232,-33.45301,0.0],[-70.64304,-33.45315,0.0],[-70.64397,-33.45329,0.0]],[[-70.64076,-33.45275,0.0],[-70.64063,-33.45337,0.0],[-70.64048,-33.45384,0.0]],[[-70.64076,-33.45275,0.0],[-70.63985,-33.45254,0.0],[-70.63934,-33.45244,0.0],[-70.63853,-33.45227,0.0],[-70.63802,-33.45215,0.0],[-70.63763,-33.45206,0.0],[-70.63697,-33.45196,0.0],[-70.63685,-33.45194,0.0],[-70.63664,-33.45191,0.0],[-70.63582,-33.45176,0.0],[-70.6357,-33.45174,0.0],[-70.63549,-33.45171,0.0],[-70.63538,-33.4517,0.0],[-70.63446,-33.4516,0.0],[-70.63441,-33.45183,0.0],[-70.6342,-33.45267,0.0]],[[-70.6342,-33.45267,0.0],[-70.63386,-33.45386,0.0],[-70.63355,-33.45516,0.0],[-70.63328,-33.45615,0.0]],[[-70.6342,-33.45267,0.0],[-70.63313,-33.45246,0.0]],[[-70.64157,-33.44988,0.0],[-70.64151,-33.45006,0.0],[-70.64123,-33.45088,0.0],[-70.64117,-33.45122,0.0],[-70.64076,-33.45275,0.0]],[[-70.63374,-33.44492,0.0],[-70.63329,-33.44483,0.0],[-70.63303,-33.44479,0.0]],[[-70.63303,-33.44479,0.0],[-70.63313,-33.44436,0.0],[-70.63324,-33.44405,0.0],[-70.63347,-33.44327,0.0]],[[-70.64621,-33.44282,0.0],[-70.64633,-33.44215,0.0],[-70.64643,-33.44157,0.0],[-70.64662,-33.44042,0.0],[-70.64684,-33.43921,0.0]]]}},{"type":"Feature","properties":{"FolderPath":"cobertura desde 1oct2017/NOCTURNO -  4"},"geometry":{"type":"MultiLineString","coordinates":[[[-70.64204,-33.44119,0.0],[-70.6423,-33.44135,0.0],[-70.64274,-33.44168,0.0],[-70.64312,-33.44187,0.0],[-70.64377,-33.44217,0.0],[-70.64391,-33.44223,0.0],[-70.64406,-33.44228,0.0],[-70.64414,-33.44231,0.0],[-70.64454,-33.44242,0.0],[-70.64493,-33.44252,0.0],[-70.64495,-33.44243,0.0],[-70.64497,-33.44234,0.0],[-70.64504,-33.44196,0.0],[-70.64513,-33.44146,0.0],[-70.64528,-33.4403,0.0]],[[-70.64204,-33.44119,0.0],[-70.64185,-33.44105,0.0],[-70.64168,-33.44093,0.0],[-70.64069,-33.44024,0.0]],[[-70.64204,-33.44119,0.0],[-70.64219,-33.44104,0.0],[-70.64237,-33.44061,0.0],[-70.64239,-33.4403,0.0],[-70.64233,-33.43952,0.0]],[[-70.64528,-33.4403,0.0],[-70.64469,-33.44024,0.0],[-70.64459,-33.44023,0.0]],[[-70.64528,-33.4403,0.0],[-70.64531,-33.44002,0.0],[-70.64538,-33.43951,0.0]],[[-70.64069,-33.44024,0.0],[-70.64002,-33.43982,0.0],[-70.63978,-33.43964,0.0],[-70.63945,-33.43942,0.0],[-70.63928,-33.4393,0.0],[-70.63896,-33.43908,0.0],[-70.63826,-33.43857,0.0],[-70.63815,-33.43849,0.0]],[[-70.64069,-33.44024,0.0],[-70.6412,-33.43938,0.0],[-70.64116,-33.43899,0.0]],[[-70.64459,-33.44023,0.0],[-70.6447,-33.44113,0.0],[-70.64456,-33.44143,0.0],[-70.64433,-33.44181,0.0]],[[-70.64429,-33.43963,0.0],[-70.64443,-33.43994,0.0],[-70.64454,-33.44014,0.0],[-70.64459,-33.44023,0.0]],[[-70.64233,-33.43952,0.0],[-70.64116,-33.43899,0.0]],[[-70.64233,-33.43952,0.0],[-70.64255,-33.4389,0.0],[-70.64271,-33.43845,0.0]],[[-70.64538,-33.43951,0.0],[-70.64429,-33.43963,0.0]],[[-70.64538,-33.43951,0.0],[-70.64545,-33.43907,0.0],[-70.64555,-33.43831,0.0],[-70.6456,-33.43795,0.0],[-70.64574,-33.43674,0.0],[-70.6459,-33.43561,0.0]],[[-70.64116,-33.43899,0.0],[-70.6411,-33.43822,0.0]],[[-70.63815,-33.43849,0.0],[-70.63786,-33.43837,0.0],[-70.63647,-33.43761,0.0],[-70.63537,-33.4373,0.0]],[[-70.64271,-33.43845,0.0],[-70.64324,-33.43779,0.0]],[[-70.6411,-33.43822,0.0],[-70.64105,-33.43778,0.0],[-70.64177,-33.43806,0.0],[-70.64271,-33.43845,0.0]],[[-70.6434,-33.43785,0.0],[-70.64396,-33.43898,0.0],[-70.64429,-33.43963,0.0]],[[-70.63895,-33.43779,0.0],[-70.63922,-33.43814,0.0],[-70.6411,-33.43822,0.0]],[[-70.63895,-33.43779,0.0],[-70.63815,-33.43849,0.0]],[[-70.63655,-33.43749,0.0],[-70.63797,-33.43825,0.0],[-70.63815,-33.43849,0.0]],[[-70.63889,-33.43724,0.0],[-70.63895,-33.43779,0.0]],[[-70.63561,-33.43723,0.0],[-70.63655,-33.43749,0.0]],[[-70.63668,-33.4371,0.0],[-70.63762,-33.43716,0.0],[-70.6384,-33.4372,0.0],[-70.63889,-33.43724,0.0]],[[-70.63668,-33.4371,0.0],[-70.63662,-33.43729,0.0],[-70.63655,-33.43749,0.0]],[[-70.63889,-33.43689,0.0],[-70.6393,-33.43689,0.0],[-70.63968,-33.43689,0.0],[-70.64003,-33.43688,0.0]],[[-70.63889,-33.43689,0.0],[-70.63889,-33.43724,0.0]],[[-70.63889,-33.43689,0.0],[-70.63762,-33.43688,0.0],[-70.63708,-33.43689,0.0],[-70.63684,-33.43689,0.0]],[[-70.63684,-33.43689,0.0],[-70.63668,-33.4371,0.0]],[[-70.64003,-33.43688,0.0],[-70.64029,-33.43686,0.0],[-70.64057,-33.43683,0.0]],[[-70.64057,-33.43683,0.0],[-70.64336,-33.43647,0.0]],[[-70.63536,-33.43682,0.0],[-70.63566,-33.43685,0.0],[-70.63652,-33.43688,0.0],[-70.63684,-33.43689,0.0]],[[-70.64437,-33.43659,0.0],[-70.64428,-33.4378,0.0]],[[-70.64336,-33.43647,0.0],[-70.64343,-33.43658,0.0],[-70.64338,-33.43721,0.0],[-70.64332,-33.43766,0.0],[-70.64105,-33.43714,0.0],[-70.64056,-33.43701,0.0],[-70.64028,-33.43694,0.0],[-70.64003,-33.43688,0.0]],[[-70.64336,-33.43647,0.0],[-70.64444,-33.43577,0.0]],[[-70.6432,-33.43602,0.0],[-70.64336,-33.43647,0.0]],[[-70.6432,-33.43602,0.0],[-70.6411,-33.43649,0.0],[-70.64057,-33.43666,0.0],[-70.64057,-33.43683,0.0]],[[-70.64444,-33.43577,0.0],[-70.6449,-33.43549,0.0]],[[-70.6459,-33.43561,0.0],[-70.646,-33.43479,0.0]],[[-70.6449,-33.43549,0.0],[-70.6459,-33.43561,0.0]],[[-70.6449,-33.43549,0.0],[-70.64522,-33.43528,0.0],[-70.64584,-33.43489,0.0],[-70.646,-33.43479,0.0]],[[-70.64446,-33.43545,0.0],[-70.64444,-33.43577,0.0]],[[-70.64446,-33.43545,0.0],[-70.64344,-33.43591,0.0],[-70.6432,-33.43602,0.0]],[[-70.646,-33.43479,0.0],[-70.64584,-33.43482,0.0],[-70.64526,-33.43509,0.0],[-70.64462,-33.43538,0.0],[-70.64446,-33.43545,0.0]]]}},{"type":"Feature","properties":{"FolderPath":"cobertura desde 1oct2017/NOCTURNO -  40"},"geometry":{"type":"MultiLineString","coordinates":[[[-70.64815,-33.47672,0.0],[-70.64824,-33.47615,0.0]],[[-70.64196,-33.4764,0.0],[-70.64198,-33.47589,0.0],[-70.64199,-33.47529,0.0],[-70.64203,-33.47423,0.0],[-70.64204,-33.47385,0.0],[-70.64207,-33.47292,0.0],[-70.64213,-33.47169,0.0],[-70.64219,-33.47041,0.0],[-70.6422,-33.47013,0.0],[-70.64221,-33.46997,0.0],[-70.64225,-33.46912,0.0],[-70.64229,-33.46831,0.0],[-70.64232,-33.46782,0.0],[-70.64238,-33.46665,0.0],[-70.64243,-33.46547,0.0],[-70.64244,-33.46535,0.0],[-70.64255,-33.46423,0.0],[-70.64271,-33.46309,0.0]],[[-70.64824,-33.47615,0.0],[-70.64828,-33.47673,0.0]],[[-70.64824,-33.47615,0.0],[-70.64828,-33.47566,0.0],[-70.64832,-33.47447,0.0],[-70.64833,-33.47386,0.0],[-70.64834,-33.47329,0.0],[-70.64839,-33.47214,0.0],[-70.64841,-33.47187,0.0],[-70.64848,-33.47104,0.0],[-70.64851,-33.47041,0.0],[-70.64853,-33.47025,0.0],[-70.64854,-33.47008,0.0],[-70.64855,-33.4698,0.0],[-70.64857,-33.46932,0.0],[-70.64862,-33.46864,0.0],[-70.64868,-33.46739,0.0],[-70.64873,-33.46674,0.0],[-70.64875,-33.46613,0.0],[-70.64878,-33.4655,0.0],[-70.64883,-33.46502,0.0],[-70.64887,-33.46423,0.0],[-70.64887,-33.46372,0.0]],[[-70.65016,-33.46389,0.0],[-70.65104,-33.46397,0.0],[-70.65198,-33.46408,0.0],[-70.65288,-33.46417,0.0],[-70.65349,-33.46425,0.0],[-70.65395,-33.4643,0.0],[-70.65439,-33.46437,0.0],[-70.65467,-33.4644,0.0],[-70.65508,-33.46445,0.0],[-70.65622,-33.46457,0.0]],[[-70.64887,-33.46372,0.0],[-70.64896,-33.46246,0.0],[-70.64901,-33.46115,0.0],[-70.64905,-33.46052,0.0],[-70.64907,-33.46014,0.0],[-70.64911,-33.45967,0.0]],[[-70.64469,-33.46331,0.0],[-70.64539,-33.46338,0.0],[-70.64553,-33.46339,0.0],[-70.64567,-33.46341,0.0],[-70.64588,-33.46343,0.0],[-70.64706,-33.46354,0.0],[-70.6475,-33.4636,0.0],[-70.64772,-33.46363,0.0],[-70.64887,-33.46372,0.0]],[[-70.64469,-33.46331,0.0],[-70.64447,-33.46507,0.0],[-70.64425,-33.46687,0.0],[-70.64422,-33.4671,0.0],[-70.64414,-33.46781,0.0],[-70.64412,-33.46792,0.0],[-70.64408,-33.46828,0.0],[-70.64406,-33.46843,0.0],[-70.64403,-33.46871,0.0],[-70.64398,-33.4693,0.0],[-70.64393,-33.47007,0.0],[-70.64392,-33.47044,0.0],[-70.64391,-33.47058,0.0],[-70.64388,-33.47116,0.0],[-70.64385,-33.4718,0.0],[-70.64379,-33.47302,0.0],[-70.64374,-33.47396,0.0],[-70.64372,-33.47431,0.0],[-70.64371,-33.47466,0.0],[-70.64366,-33.47539,0.0],[-70.64363,-33.47598,0.0],[-70.64362,-33.4762,0.0],[-70.64361,-33.47642,0.0]],[[-70.64271,-33.46309,0.0],[-70.64325,-33.46314,0.0],[-70.6438,-33.46321,0.0],[-70.64469,-33.46331,0.0]],[[-70.64271,-33.46309,0.0],[-70.64279,-33.46212,0.0],[-70.64292,-33.46079,0.0],[-70.64293,-33.46067,0.0],[-70.64296,-33.46048,0.0],[-70.64302,-33.45994,0.0],[-70.64303,-33.45988,0.0],[-70.64309,-33.45951,0.0],[-70.64323,-33.45845,0.0]],[[-70.64121,-33.46294,0.0],[-70.64163,-33.46299,0.0],[-70.64271,-33.46309,0.0]],[[-70.64913,-33.45948,0.0],[-70.6493,-33.45865,0.0],[-70.64934,-33.45835,0.0],[-70.64936,-33.45824,0.0],[-70.64937,-33.45816,0.0],[-70.64957,-33.45694,0.0],[-70.64974,-33.45599,0.0],[-70.64984,-33.45546,0.0]],[[-70.64527,-33.45887,0.0],[-70.64499,-33.46083,0.0],[-70.64482,-33.46229,0.0],[-70.64469,-33.46331,0.0]],[[-70.65575,-33.45621,0.0],[-70.65524,-33.45612,0.0],[-70.65478,-33.45606,0.0],[-70.65391,-33.45596,0.0],[-70.65311,-33.45586,0.0],[-70.65229,-33.45577,0.0],[-70.65174,-33.45569,0.0],[-70.65127,-33.45564,0.0],[-70.64984,-33.45546,0.0]],[[-70.64984,-33.45546,0.0],[-70.64894,-33.45537,0.0],[-70.64805,-33.4552,0.0],[-70.6473,-33.45504,0.0],[-70.64628,-33.45483,0.0]],[[-70.64984,-33.45546,0.0],[-70.65002,-33.45416,0.0]],[[-70.64628,-33.45483,0.0],[-70.64592,-33.45623,0.0],[-70.64567,-33.45737,0.0],[-70.64533,-33.45866,0.0]],[[-70.64628,-33.45483,0.0],[-70.64379,-33.4544,0.0]],[[-70.65002,-33.45416,0.0],[-70.65054,-33.45427,0.0],[-70.65149,-33.45438,0.0],[-70.65249,-33.4544,0.0],[-70.65331,-33.45442,0.0],[-70.65408,-33.45444,0.0],[-70.65492,-33.45448,0.0],[-70.65541,-33.4545,0.0],[-70.65558,-33.45448,0.0],[-70.65589,-33.45448,0.0],[-70.65657,-33.4545,0.0],[-70.65739,-33.45451,0.0],[-70.65771,-33.45451,0.0]],[[-70.65002,-33.45416,0.0],[-70.65025,-33.45274,0.0],[-70.65034,-33.45201,0.0],[-70.65037,-33.45188,0.0],[-70.65111,-33.45206,0.0],[-70.65203,-33.45229,0.0],[-70.6528,-33.45249,0.0]],[[-70.64651,-33.45374,0.0],[-70.64757,-33.45389,0.0],[-70.6483,-33.45397,0.0],[-70.64893,-33.45396,0.0],[-70.64915,-33.454,0.0],[-70.65002,-33.45416,0.0]],[[-70.64651,-33.45374,0.0],[-70.64639,-33.45432,0.0],[-70.64628,-33.45483,0.0]],[[-70.64397,-33.45329,0.0],[-70.64522,-33.45352,0.0],[-70.64651,-33.45374,0.0]],[[-70.65026,-33.45186,0.0],[-70.64984,-33.45176,0.0],[-70.64881,-33.45153,0.0],[-70.64862,-33.45147,0.0],[-70.64841,-33.45137,0.0],[-70.64809,-33.45128,0.0],[-70.64745,-33.45109,0.0],[-70.64688,-33.45092,0.0],[-70.64686,-33.45108,0.0],[-70.6468,-33.45146,0.0],[-70.64673,-33.45207,0.0],[-70.64651,-33.45374,0.0]]]}},{"type":"Feature","properties":{"FolderPath":"cobertura desde 1oct2017/NOCTURNO -  41"},"geometry":{"type":"MultiLineString","coordinates":[[[-70.64705,-33.44851,0.0],[-70.64701,-33.44911,0.0],[-70.64698,-33.44954,0.0],[-70.64698,-33.44995,0.0],[-70.64689,-33.45078,0.0],[-70.64688,-33.45092,0.0]],[[-70.65127,-33.44625,0.0],[-70.65105,-33.44744,0.0]],[[-70.6456,-33.43795,0.0],[-70.64428,-33.4378,0.0],[-70.64332,-33.43766,0.0]],[[-70.64336,-33.43647,0.0],[-70.64437,-33.43659,0.0],[-70.64501,-33.43666,0.0],[-70.64574,-33.43674,0.0],[-70.64644,-33.43683,0.0],[-70.64716,-33.43691,0.0],[-70.64787,-33.43697,0.0],[-70.64853,-33.43704,0.0],[-70.64876,-33.43706,0.0],[-70.649,-33.43709,0.0],[-70.64923,-33.43711,0.0],[-70.64945,-33.43714,0.0],[-70.64965,-33.43716,0.0],[-70.64988,-33.43719,0.0],[-70.65017,-33.43723,0.0],[-70.651,-33.43732,0.0],[-70.65125,-33.43735,0.0],[-70.65148,-33.43738,0.0],[-70.65263,-33.43751,0.0]],[[-70.65873,-33.43451,0.0],[-70.65883,-33.43361,0.0],[-70.65888,-33.43329,0.0],[-70.65896,-33.43247,0.0],[-70.659,-33.43198,0.0]]]}},{"type":"Feature","properties":{"FolderPath":"cobertura desde 1oct2017/NOCTURNO -  46"},"geometry":{"type":"MultiLineString","coordinates":[[[-70.67489,-33.45857,0.0],[-70.67617,-33.4585,0.0]],[[-70.67489,-33.45857,0.0],[-70.67363,-33.4585,0.0]],[[-70.67617,-33.4585,0.0],[-70.67763,-33.45826,0.0],[-70.67833,-33.45812,0.0]],[[-70.67617,-33.4585,0.0],[-70.6764,-33.45752,0.0]],[[-70.67363,-33.4585,0.0],[-70.67398,-33.45704,0.0]],[[-70.67363,-33.4585,0.0],[-70.67212,-33.45839,0.0],[-70.66833,-33.4577,0.0]],[[-70.67833,-33.45812,0.0],[-70.67839,-33.45893,0.0]],[[-70.67833,-33.45812,0.0],[-70.67823,-33.45674,0.0],[-70.67748,-33.45659,0.0],[-70.67665,-33.45643,0.0]],[[-70.6764,-33.45752,0.0],[-70.67658,-33.45673,0.0],[-70.67665,-33.45643,0.0]],[[-70.66649,-33.45739,0.0],[-70.66833,-33.4577,0.0]],[[-70.66649,-33.45739,0.0],[-70.66601,-33.4573,0.0]],[[-70.66649,-33.45739,0.0],[-70.66663,-33.45669,0.0]],[[-70.66601,-33.4573,0.0],[-70.66557,-33.45723,0.0],[-70.66522,-33.45717,0.0],[-70.66497,-33.45713,0.0]],[[-70.67518,-33.45729,0.0],[-70.6764,-33.45752,0.0]],[[-70.67518,-33.45729,0.0],[-70.67489,-33.45857,0.0]],[[-70.66401,-33.45705,0.0],[-70.66497,-33.45713,0.0]],[[-70.66401,-33.45705,0.0],[-70.66249,-33.45691,0.0]],[[-70.66401,-33.45705,0.0],[-70.66403,-33.45681,0.0],[-70.66407,-33.45622,0.0]],[[-70.67398,-33.45704,0.0],[-70.67518,-33.45729,0.0]],[[-70.67398,-33.45704,0.0],[-70.67422,-33.45595,0.0]],[[-70.66848,-33.45704,0.0],[-70.67031,-33.45736,0.0]],[[-70.66848,-33.45704,0.0],[-70.66833,-33.4577,0.0]],[[-70.66848,-33.45704,0.0],[-70.66663,-33.45669,0.0]],[[-70.6726,-33.45678,0.0],[-70.67398,-33.45704,0.0]],[[-70.66663,-33.45669,0.0],[-70.66673,-33.45617,0.0],[-70.66683,-33.45563,0.0]],[[-70.67665,-33.45643,0.0],[-70.67542,-33.45618,0.0]],[[-70.66499,-33.4564,0.0],[-70.66542,-33.45649,0.0],[-70.66572,-33.45654,0.0],[-70.66602,-33.45661,0.0],[-70.66601,-33.4573,0.0]],[[-70.66499,-33.4564,0.0],[-70.66497,-33.45713,0.0]],[[-70.66499,-33.4564,0.0],[-70.66407,-33.45622,0.0]],[[-70.66407,-33.45622,0.0],[-70.6626,-33.45595,0.0]],[[-70.66407,-33.45622,0.0],[-70.66412,-33.45592,0.0],[-70.66413,-33.4556,0.0],[-70.66418,-33.45509,0.0]],[[-70.67542,-33.45618,0.0],[-70.67535,-33.45651,0.0],[-70.67518,-33.45729,0.0]],[[-70.67542,-33.45618,0.0],[-70.67422,-33.45595,0.0]],[[-70.66873,-33.456,0.0],[-70.67227,-33.45672,0.0]],[[-70.66873,-33.456,0.0],[-70.66848,-33.45704,0.0]],[[-70.67422,-33.45595,0.0],[-70.67286,-33.45566,0.0]],[[-70.66683,-33.45563,0.0],[-70.66873,-33.456,0.0]],[[-70.66683,-33.45563,0.0],[-70.66706,-33.4545,0.0]],[[-70.67235,-33.45556,0.0],[-70.66899,-33.45489,0.0]],[[-70.66617,-33.45548,0.0],[-70.66683,-33.45563,0.0]],[[-70.66617,-33.45548,0.0],[-70.66618,-33.45488,0.0],[-70.6662,-33.45433,0.0]],[[-70.66501,-33.45526,0.0],[-70.66617,-33.45548,0.0]],[[-70.66501,-33.45526,0.0],[-70.66499,-33.4564,0.0]],[[-70.66418,-33.45509,0.0],[-70.66501,-33.45526,0.0]],[[-70.66418,-33.45509,0.0],[-70.66423,-33.45451,0.0],[-70.66426,-33.4543,0.0],[-70.66431,-33.45395,0.0]],[[-70.66899,-33.45489,0.0],[-70.66873,-33.456,0.0]],[[-70.66899,-33.45489,0.0],[-70.66839,-33.45477,0.0],[-70.66706,-33.4545,0.0]],[[-70.66278,-33.45482,0.0],[-70.66418,-33.45509,0.0]],[[-70.66706,-33.4545,0.0],[-70.6662,-33.45433,0.0]],[[-70.66706,-33.4545,0.0],[-70.66729,-33.45338,0.0]],[[-70.6662,-33.45433,0.0],[-70.66502,-33.4541,0.0]],[[-70.6662,-33.45433,0.0],[-70.66628,-33.45316,0.0]],[[-70.66502,-33.4541,0.0],[-70.66502,-33.45436,0.0],[-70.66501,-33.45526,0.0]],[[-70.66502,-33.4541,0.0],[-70.66431,-33.45395,0.0]],[[-70.66502,-33.4541,0.0],[-70.66502,-33.45374,0.0],[-70.66508,-33.45289,0.0],[-70.66628,-33.45316,0.0]],[[-70.66431,-33.45395,0.0],[-70.66291,-33.45366,0.0]],[[-70.66431,-33.45395,0.0],[-70.66445,-33.45276,0.0]],[[-70.66729,-33.45338,0.0],[-70.66802,-33.45354,0.0],[-70.66861,-33.45366,0.0],[-70.66925,-33.45379,0.0],[-70.66907,-33.45453,0.0],[-70.66899,-33.45489,0.0]],[[-70.66729,-33.45338,0.0],[-70.66755,-33.45223,0.0]],[[-70.66628,-33.45316,0.0],[-70.66717,-33.45335,0.0],[-70.66729,-33.45338,0.0]],[[-70.66628,-33.45316,0.0],[-70.66631,-33.45224,0.0],[-70.66632,-33.45196,0.0]]]}},{"type":"Feature","properties":{"FolderPath":"cobertura desde 1oct2017/NOCTURNO -  47"},"geometry":{"type":"MultiLineString","coordinates":[[[-70.6726,-33.45678,0.0],[-70.67237,-33.45761,0.0],[-70.67212,-33.45839,0.0],[-70.6722,-33.45758,0.0],[-70.67227,-33.45672,0.0]],[[-70.67227,-33.45672,0.0],[-70.6726,-33.45678,0.0]],[[-70.67227,-33.45672,0.0],[-70.67235,-33.45556,0.0]],[[-70.67286,-33.45566,0.0],[-70.6726,-33.45678,0.0]],[[-70.67286,-33.45566,0.0],[-70.67235,-33.45556,0.0]],[[-70.67235,-33.45556,0.0],[-70.67242,-33.45447,0.0]],[[-70.67242,-33.45447,0.0],[-70.67311,-33.45461,0.0],[-70.67286,-33.45566,0.0]],[[-70.67242,-33.45447,0.0],[-70.67244,-33.45406,0.0],[-70.67247,-33.45334,0.0]],[[-70.67337,-33.45355,0.0],[-70.67247,-33.45334,0.0]],[[-70.67247,-33.45334,0.0],[-70.67077,-33.45296,0.0],[-70.67041,-33.45288,0.0],[-70.66951,-33.45267,0.0]],[[-70.67247,-33.45334,0.0],[-70.67252,-33.45222,0.0]],[[-70.66951,-33.45267,0.0],[-70.66925,-33.45379,0.0],[-70.67242,-33.45447,0.0]],[[-70.66951,-33.45267,0.0],[-70.66755,-33.45223,0.0]],[[-70.66755,-33.45223,0.0],[-70.66734,-33.45218,0.0],[-70.66632,-33.45196,0.0]],[[-70.66755,-33.45223,0.0],[-70.66767,-33.45162,0.0],[-70.66777,-33.45113,0.0]],[[-70.67252,-33.45222,0.0],[-70.67361,-33.45248,0.0]],[[-70.67252,-33.45222,0.0],[-70.67251,-33.45107,0.0]],[[-70.66975,-33.45161,0.0],[-70.67082,-33.45185,0.0],[-70.67252,-33.45222,0.0]],[[-70.66975,-33.45161,0.0],[-70.6696,-33.45225,0.0],[-70.66951,-33.45267,0.0]],[[-70.67388,-33.45141,0.0],[-70.67337,-33.45129,0.0]],[[-70.67337,-33.45129,0.0],[-70.67301,-33.4512,0.0],[-70.67251,-33.45107,0.0]],[[-70.66777,-33.45113,0.0],[-70.66975,-33.45161,0.0]],[[-70.66777,-33.45113,0.0],[-70.66789,-33.45051,0.0],[-70.668,-33.44996,0.0]],[[-70.67251,-33.45107,0.0],[-70.67002,-33.45047,0.0]],[[-70.67251,-33.45107,0.0],[-70.67253,-33.44926,0.0]],[[-70.66637,-33.45076,0.0],[-70.667,-33.45094,0.0],[-70.66766,-33.4511,0.0],[-70.66777,-33.45113,0.0]],[[-70.67002,-33.45047,0.0],[-70.66975,-33.45161,0.0]],[[-70.67002,-33.45047,0.0],[-70.66922,-33.45028,0.0],[-70.66888,-33.4502,0.0],[-70.668,-33.44996,0.0]],[[-70.668,-33.44996,0.0],[-70.66789,-33.44993,0.0],[-70.66708,-33.44974,0.0],[-70.66645,-33.44958,0.0]],[[-70.668,-33.44996,0.0],[-70.66822,-33.4488,0.0],[-70.66835,-33.44812,0.0]],[[-70.67425,-33.44971,0.0],[-70.67382,-33.44958,0.0]],[[-70.67382,-33.44958,0.0],[-70.67353,-33.4507,0.0],[-70.67337,-33.45129,0.0]],[[-70.67382,-33.44958,0.0],[-70.67253,-33.44926,0.0]],[[-70.67253,-33.44926,0.0],[-70.67246,-33.44922,0.0],[-70.67204,-33.44912,0.0],[-70.67151,-33.44897,0.0],[-70.67044,-33.44868,0.0]],[[-70.67044,-33.44868,0.0],[-70.67021,-33.44967,0.0],[-70.67002,-33.45047,0.0]],[[-70.67044,-33.44868,0.0],[-70.67027,-33.44865,0.0],[-70.66935,-33.44839,0.0],[-70.66895,-33.44828,0.0],[-70.66835,-33.44812,0.0]],[[-70.66835,-33.44812,0.0],[-70.66722,-33.44782,0.0],[-70.66652,-33.4477,0.0]],[[-70.65564,-33.44483,0.0],[-70.65576,-33.44404,0.0],[-70.65587,-33.44357,0.0],[-70.65609,-33.44246,0.0],[-70.65622,-33.44182,0.0],[-70.65634,-33.44131,0.0],[-70.65657,-33.4402,0.0],[-70.65659,-33.44004,0.0],[-70.65673,-33.43907,0.0],[-70.65691,-33.43795,0.0]]]}},{"type":"Feature","properties":{"FolderPath":"cobertura desde 1oct2017/NOCTURNO -  48"},"geometry":{"type":"MultiLineString","coordinates":[[[-70.66445,-33.45276,0.0],[-70.66508,-33.45289,0.0],[-70.66485,-33.45185,0.0],[-70.66479,-33.45161,0.0]],[[-70.66445,-33.45276,0.0],[-70.66455,-33.45156,0.0]],[[-70.66308,-33.45247,0.0],[-70.66375,-33.45262,0.0],[-70.66445,-33.45276,0.0]],[[-70.66308,-33.45247,0.0],[-70.66322,-33.45126,0.0]],[[-70.66308,-33.45247,0.0],[-70.66168,-33.45218,0.0],[-70.66186,-33.45095,0.0]],[[-70.66568,-33.45181,0.0],[-70.66511,-33.45168,0.0],[-70.66479,-33.45161,0.0]],[[-70.66568,-33.45181,0.0],[-70.66632,-33.45196,0.0],[-70.66637,-33.45076,0.0]],[[-70.66479,-33.45161,0.0],[-70.66455,-33.45156,0.0]],[[-70.66455,-33.45156,0.0],[-70.66459,-33.45132,0.0]],[[-70.66455,-33.45156,0.0],[-70.66322,-33.45126,0.0]],[[-70.66459,-33.45132,0.0],[-70.66479,-33.45161,0.0]],[[-70.66459,-33.45132,0.0],[-70.66461,-33.45105,0.0],[-70.66468,-33.4503,0.0]],[[-70.66322,-33.45126,0.0],[-70.66265,-33.45114,0.0],[-70.66186,-33.45095,0.0]],[[-70.66322,-33.45126,0.0],[-70.66342,-33.45003,0.0]],[[-70.66186,-33.45095,0.0],[-70.66077,-33.45071,0.0]],[[-70.66186,-33.45095,0.0],[-70.66204,-33.44976,0.0]],[[-70.66637,-33.45076,0.0],[-70.66645,-33.44958,0.0]],[[-70.66077,-33.45071,0.0],[-70.65964,-33.45047,0.0],[-70.66003,-33.44933,0.0]],[[-70.66556,-33.45053,0.0],[-70.66637,-33.45076,0.0]],[[-70.66556,-33.45053,0.0],[-70.66551,-33.4511,0.0],[-70.66568,-33.45181,0.0]],[[-70.66468,-33.4503,0.0],[-70.665,-33.45038,0.0],[-70.66556,-33.45053,0.0]],[[-70.66468,-33.4503,0.0],[-70.66471,-33.44915,0.0]],[[-70.66342,-33.45003,0.0],[-70.66468,-33.4503,0.0]],[[-70.66342,-33.45003,0.0],[-70.6638,-33.44717,0.0]],[[-70.66204,-33.44976,0.0],[-70.66342,-33.45003,0.0]],[[-70.66204,-33.44976,0.0],[-70.66224,-33.44855,0.0],[-70.66249,-33.4469,0.0]],[[-70.66645,-33.44958,0.0],[-70.66572,-33.44939,0.0]],[[-70.66645,-33.44958,0.0],[-70.66648,-33.44896,0.0],[-70.66652,-33.4477,0.0],[-70.66635,-33.44767,0.0],[-70.66595,-33.4476,0.0]],[[-70.66101,-33.44954,0.0],[-70.66204,-33.44976,0.0]],[[-70.66101,-33.44954,0.0],[-70.66077,-33.45071,0.0]],[[-70.66101,-33.44954,0.0],[-70.66003,-33.44933,0.0]],[[-70.66572,-33.44939,0.0],[-70.66556,-33.45053,0.0]],[[-70.66572,-33.44939,0.0],[-70.66471,-33.44915,0.0]],[[-70.66471,-33.44915,0.0],[-70.66472,-33.44887,0.0],[-70.66465,-33.44733,0.0]],[[-70.66595,-33.4476,0.0],[-70.66572,-33.44939,0.0]],[[-70.66595,-33.4476,0.0],[-70.6655,-33.44752,0.0],[-70.66465,-33.44733,0.0]],[[-70.66465,-33.44733,0.0],[-70.66416,-33.44724,0.0],[-70.6638,-33.44717,0.0]],[[-70.6638,-33.44717,0.0],[-70.66249,-33.4469,0.0]],[[-70.66249,-33.4469,0.0],[-70.6615,-33.44668,0.0]],[[-70.6615,-33.44668,0.0],[-70.66101,-33.44954,0.0]],[[-70.6615,-33.44668,0.0],[-70.66137,-33.44664,0.0],[-70.6613,-33.44662,0.0],[-70.66068,-33.44649,0.0],[-70.66003,-33.44933,0.0]]]}},{"type":"Feature","properties":{"FolderPath":"cobertura desde 1oct2017/NOCTURNO -  49"},"geometry":{"type":"MultiLineString","coordinates":[[[-70.6626,-33.45595,0.0],[-70.66213,-33.45585,0.0],[-70.66111,-33.45566,0.0]],[[-70.6626,-33.45595,0.0],[-70.66263,-33.45571,0.0],[-70.66267,-33.45544,0.0],[-70.66278,-33.45482,0.0]],[[-70.6626,-33.45595,0.0],[-70.66249,-33.45691,0.0],[-70.66199,-33.45688,0.0],[-70.66098,-33.4568,0.0],[-70.66111,-33.45566,0.0]],[[-70.66111,-33.45566,0.0],[-70.65986,-33.45541,0.0]],[[-70.66111,-33.45566,0.0],[-70.66129,-33.45452,0.0]],[[-70.65986,-33.45541,0.0],[-70.65961,-33.4566,0.0],[-70.6582,-33.45646,0.0],[-70.6578,-33.45642,0.0],[-70.65792,-33.45604,0.0],[-70.65797,-33.45583,0.0],[-70.65812,-33.45507,0.0]],[[-70.65986,-33.45541,0.0],[-70.65812,-33.45507,0.0]],[[-70.66278,-33.45482,0.0],[-70.66283,-33.45424,0.0],[-70.66291,-33.45366,0.0]],[[-70.66129,-33.45452,0.0],[-70.662,-33.45466,0.0],[-70.66224,-33.4547,0.0],[-70.66278,-33.45482,0.0]],[[-70.66129,-33.45452,0.0],[-70.66147,-33.45338,0.0]],[[-70.66008,-33.45428,0.0],[-70.66129,-33.45452,0.0]],[[-70.66008,-33.45428,0.0],[-70.65986,-33.45541,0.0]],[[-70.66008,-33.45428,0.0],[-70.6593,-33.45412,0.0]],[[-70.6593,-33.45412,0.0],[-70.65867,-33.45401,0.0]],[[-70.65867,-33.45401,0.0],[-70.65833,-33.45485,0.0],[-70.65812,-33.45507,0.0]],[[-70.66291,-33.45366,0.0],[-70.66147,-33.45338,0.0]],[[-70.66291,-33.45366,0.0],[-70.66308,-33.45247,0.0]],[[-70.66147,-33.45338,0.0],[-70.66031,-33.45313,0.0]],[[-70.66147,-33.45338,0.0],[-70.66168,-33.45218,0.0],[-70.66053,-33.45196,0.0]],[[-70.66031,-33.45313,0.0],[-70.66008,-33.45428,0.0]],[[-70.66031,-33.45313,0.0],[-70.65963,-33.453,0.0],[-70.65944,-33.45343,0.0],[-70.6593,-33.45412,0.0]],[[-70.65963,-33.45247,0.0],[-70.65989,-33.45183,0.0]],[[-70.66053,-33.45196,0.0],[-70.66031,-33.45313,0.0]],[[-70.65989,-33.45183,0.0],[-70.66053,-33.45196,0.0]],[[-70.65923,-33.45169,0.0],[-70.65989,-33.45183,0.0]],[[-70.65923,-33.45169,0.0],[-70.65912,-33.45205,0.0],[-70.65896,-33.45259,0.0],[-70.65896,-33.45288,0.0],[-70.65883,-33.45339,0.0],[-70.6588,-33.45358,0.0],[-70.65867,-33.45401,0.0]],[[-70.66077,-33.45071,0.0],[-70.66053,-33.45196,0.0]],[[-70.65964,-33.45047,0.0],[-70.65944,-33.451,0.0],[-70.65923,-33.45169,0.0]],[[-70.65353,-33.44779,0.0],[-70.65338,-33.44882,0.0],[-70.65322,-33.44994,0.0],[-70.65303,-33.45088,0.0],[-70.65296,-33.4514,0.0],[-70.65295,-33.45147,0.0],[-70.65294,-33.45158,0.0],[-70.6529,-33.45187,0.0],[-70.65287,-33.45209,0.0],[-70.65284,-33.45228,0.0],[-70.6528,-33.45249,0.0]],[[-70.65232,-33.44761,0.0],[-70.65261,-33.44619,0.0],[-70.65268,-33.44588,0.0],[-70.65274,-33.44563,0.0],[-70.65275,-33.44559,0.0],[-70.65283,-33.44518,0.0],[-70.65287,-33.44496,0.0],[-70.65293,-33.44458,0.0]]]}},{"type":"Feature","properties":{"FolderPath":"cobertura desde 1oct2017/NOCTURNO -  5"},"geometry":{"type":"MultiLineString","coordinates":[[[-70.65422,-33.44451,0.0],[-70.65479,-33.44464,0.0]],[[-70.65297,-33.44425,0.0],[-70.65352,-33.44435,0.0],[-70.65422,-33.44451,0.0]],[[-70.65297,-33.44425,0.0],[-70.65304,-33.44393,0.0],[-70.65308,-33.4437,0.0],[-70.65311,-33.4435,0.0],[-70.65329,-33.44239,0.0],[-70.65331,-33.44229,0.0],[-70.65333,-33.44217,0.0]],[[-70.65035,-33.4437,0.0],[-70.65101,-33.44385,0.0],[-70.65156,-33.44395,0.0],[-70.65162,-33.44396,0.0],[-70.65173,-33.44398,0.0],[-70.65196,-33.44402,0.0],[-70.65297,-33.44425,0.0]],[[-70.65448,-33.44338,0.0],[-70.65517,-33.44347,0.0]],[[-70.65448,-33.44338,0.0],[-70.65435,-33.44395,0.0],[-70.6543,-33.44419,0.0],[-70.65422,-33.44451,0.0]],[[-70.65471,-33.44232,0.0],[-70.65546,-33.44239,0.0]],[[-70.65471,-33.44232,0.0],[-70.65448,-33.44338,0.0]],[[-70.65333,-33.44217,0.0],[-70.65402,-33.44225,0.0],[-70.65471,-33.44232,0.0]],[[-70.65333,-33.44217,0.0],[-70.65351,-33.44104,0.0]],[[-70.65194,-33.44204,0.0],[-70.65333,-33.44217,0.0]],[[-70.65194,-33.44204,0.0],[-70.65205,-33.44134,0.0],[-70.65212,-33.44091,0.0]],[[-70.64977,-33.44186,0.0],[-70.65033,-33.44191,0.0],[-70.65063,-33.44194,0.0],[-70.65081,-33.44195,0.0],[-70.65194,-33.44204,0.0]],[[-70.65622,-33.44182,0.0],[-70.65558,-33.44181,0.0],[-70.65482,-33.44171,0.0]],[[-70.65482,-33.44171,0.0],[-70.65471,-33.44232,0.0]],[[-70.65501,-33.44119,0.0],[-70.65482,-33.44171,0.0]],[[-70.65501,-33.44119,0.0],[-70.65425,-33.44111,0.0],[-70.65351,-33.44104,0.0]],[[-70.65351,-33.44104,0.0],[-70.65212,-33.44091,0.0]],[[-70.65351,-33.44104,0.0],[-70.65359,-33.44047,0.0],[-70.65367,-33.43991,0.0],[-70.65383,-33.43875,0.0]],[[-70.65212,-33.44091,0.0],[-70.65177,-33.44087,0.0],[-70.65104,-33.4408,0.0],[-70.65093,-33.44079,0.0],[-70.65079,-33.44078,0.0],[-70.64994,-33.4407,0.0]],[[-70.65212,-33.44091,0.0],[-70.65222,-33.44033,0.0],[-70.65231,-33.43977,0.0],[-70.65235,-33.43949,0.0],[-70.65247,-33.43865,0.0]],[[-70.65543,-33.43892,0.0],[-70.65533,-33.43943,0.0],[-70.65528,-33.43972,0.0],[-70.65523,-33.44005,0.0],[-70.65501,-33.44119,0.0]],[[-70.65543,-33.43892,0.0],[-70.65459,-33.43884,0.0],[-70.65383,-33.43875,0.0]],[[-70.65383,-33.43875,0.0],[-70.65247,-33.43865,0.0]],[[-70.65383,-33.43875,0.0],[-70.65399,-33.43765,0.0],[-70.65343,-33.43759,0.0],[-70.65263,-33.43751,0.0]],[[-70.65247,-33.43865,0.0],[-70.65229,-33.43863,0.0],[-70.65203,-33.4386,0.0],[-70.65136,-33.43852,0.0],[-70.65109,-33.43849,0.0]],[[-70.65558,-33.43781,0.0],[-70.65543,-33.43892,0.0]]]}},{"type":"Feature","properties":{"FolderPath":"cobertura desde 1oct2017/NOCTURNO -  50"},"geometry":{"type":"MultiLineString","coordinates":[[[-70.67748,-33.45659,0.0],[-70.67747,-33.45549,0.0]],[[-70.67665,-33.45643,0.0],[-70.67691,-33.4554,0.0]],[[-70.67422,-33.45595,0.0],[-70.67447,-33.4549,0.0]],[[-70.67815,-33.45554,0.0],[-70.67823,-33.45674,0.0]],[[-70.67747,-33.45549,0.0],[-70.67815,-33.45554,0.0]],[[-70.67747,-33.45549,0.0],[-70.67743,-33.45444,0.0]],[[-70.67691,-33.4554,0.0],[-70.67747,-33.45549,0.0]],[[-70.67566,-33.45516,0.0],[-70.67629,-33.45526,0.0],[-70.67691,-33.4554,0.0]],[[-70.67566,-33.45516,0.0],[-70.67542,-33.45618,0.0]],[[-70.67447,-33.4549,0.0],[-70.67566,-33.45516,0.0]],[[-70.67447,-33.4549,0.0],[-70.67471,-33.45385,0.0]],[[-70.67808,-33.45456,0.0],[-70.67815,-33.45554,0.0]],[[-70.67808,-33.45456,0.0],[-70.67743,-33.45444,0.0]],[[-70.67743,-33.45444,0.0],[-70.67715,-33.45439,0.0]],[[-70.67715,-33.45439,0.0],[-70.67691,-33.4554,0.0]],[[-70.67715,-33.45439,0.0],[-70.6759,-33.45412,0.0]],[[-70.67715,-33.45439,0.0],[-70.6772,-33.45329,0.0]],[[-70.6759,-33.45412,0.0],[-70.67566,-33.45516,0.0]],[[-70.6759,-33.45412,0.0],[-70.67471,-33.45385,0.0]],[[-70.67471,-33.45385,0.0],[-70.67337,-33.45355,0.0]],[[-70.67471,-33.45385,0.0],[-70.67498,-33.45279,0.0]],[[-70.67337,-33.45355,0.0],[-70.67322,-33.45415,0.0],[-70.67311,-33.45461,0.0],[-70.67447,-33.4549,0.0]],[[-70.678,-33.45348,0.0],[-70.67808,-33.45456,0.0]],[[-70.678,-33.45348,0.0],[-70.67792,-33.45241,0.0],[-70.67785,-33.45136,0.0],[-70.67782,-33.45065,0.0],[-70.67755,-33.45058,0.0],[-70.67748,-33.45057,0.0]],[[-70.6772,-33.45329,0.0],[-70.678,-33.45348,0.0]],[[-70.6772,-33.45329,0.0],[-70.67722,-33.45224,0.0],[-70.67748,-33.4515,0.0],[-70.67718,-33.45138,0.0]],[[-70.67615,-33.45308,0.0],[-70.6772,-33.45329,0.0]],[[-70.67615,-33.45308,0.0],[-70.6759,-33.45412,0.0]],[[-70.67498,-33.45279,0.0],[-70.67615,-33.45308,0.0]],[[-70.67498,-33.45279,0.0],[-70.67511,-33.45224,0.0],[-70.67522,-33.45173,0.0]],[[-70.67361,-33.45248,0.0],[-70.67498,-33.45279,0.0]],[[-70.67361,-33.45248,0.0],[-70.67337,-33.45355,0.0]],[[-70.67361,-33.45248,0.0],[-70.67388,-33.45141,0.0]],[[-70.67522,-33.45173,0.0],[-70.67388,-33.45141,0.0]],[[-70.67522,-33.45173,0.0],[-70.6753,-33.45137,0.0],[-70.67547,-33.45062,0.0],[-70.67562,-33.45008,0.0]],[[-70.67388,-33.45141,0.0],[-70.67414,-33.45026,0.0],[-70.67425,-33.44971,0.0],[-70.67562,-33.45008,0.0]],[[-70.67718,-33.45138,0.0],[-70.67689,-33.45215,0.0]],[[-70.67718,-33.45138,0.0],[-70.67741,-33.4508,0.0],[-70.67748,-33.45057,0.0]],[[-70.67748,-33.45057,0.0],[-70.67717,-33.45048,0.0],[-70.67667,-33.45035,0.0]],[[-70.67667,-33.45035,0.0],[-70.67636,-33.45202,0.0],[-70.67633,-33.45237,0.0],[-70.67625,-33.4527,0.0],[-70.67615,-33.45308,0.0]],[[-70.67667,-33.45035,0.0],[-70.67562,-33.45008,0.0]]]}},{"type":"Feature","properties":{"FolderPath":"cobertura desde 1oct2017/NOCTURNO -  6"},"geometry":{"type":"MultiLineString","coordinates":[[[-70.64765,-33.44305,0.0],[-70.64822,-33.44319,0.0],[-70.64897,-33.44336,0.0],[-70.64937,-33.44346,0.0],[-70.64968,-33.44354,0.0],[-70.65002,-33.44362,0.0],[-70.65035,-33.4437,0.0]],[[-70.64765,-33.44305,0.0],[-70.64713,-33.44294,0.0],[-70.64675,-33.44287,0.0],[-70.64637,-33.44279,0.0],[-70.64621,-33.44282,0.0],[-70.64573,-33.44271,0.0],[-70.64493,-33.44252,0.0]],[[-70.64786,-33.44169,0.0],[-70.64837,-33.44174,0.0],[-70.6488,-33.44178,0.0],[-70.6492,-33.44181,0.0],[-70.64977,-33.44186,0.0],[-70.64985,-33.44128,0.0],[-70.64994,-33.4407,0.0],[-70.64936,-33.44065,0.0],[-70.64923,-33.44064,0.0],[-70.64899,-33.44062,0.0],[-70.64851,-33.44058,0.0],[-70.64821,-33.44055,0.0],[-70.64802,-33.44053,0.0]],[[-70.64786,-33.44169,0.0],[-70.64775,-33.44242,0.0],[-70.64772,-33.4426,0.0],[-70.64765,-33.44305,0.0]],[[-70.64513,-33.44146,0.0],[-70.64643,-33.44157,0.0],[-70.64676,-33.44159,0.0],[-70.64709,-33.44162,0.0],[-70.64735,-33.44164,0.0],[-70.64786,-33.44169,0.0]],[[-70.64802,-33.44053,0.0],[-70.64799,-33.44077,0.0],[-70.64795,-33.44108,0.0],[-70.64793,-33.44125,0.0],[-70.64788,-33.44155,0.0],[-70.64786,-33.44169,0.0]],[[-70.64802,-33.44053,0.0],[-70.64726,-33.44047,0.0],[-70.64705,-33.44045,0.0],[-70.64662,-33.44042,0.0],[-70.64616,-33.44038,0.0],[-70.64528,-33.4403,0.0]],[[-70.64802,-33.44053,0.0],[-70.64804,-33.44035,0.0],[-70.64808,-33.43999,0.0],[-70.64813,-33.43956,0.0],[-70.64815,-33.43935,0.0],[-70.64818,-33.43917,0.0],[-70.64828,-33.43851,0.0],[-70.64833,-33.43822,0.0],[-70.64701,-33.43808,0.0]],[[-70.64684,-33.43921,0.0],[-70.64692,-33.4387,0.0],[-70.64701,-33.43808,0.0]],[[-70.64701,-33.43808,0.0],[-70.6456,-33.43795,0.0]]]}}]}