{"type":"FeatureCollection","name":"AMB_PTO_ARBOLADO_SURPONIENTE_2019","features":[{"type":"Feature","properties":{"OBJECTID":607,"ESPECIE_PR":"ALMEZ","NOM_CIENT_":"CELTIS AUSTRALIS","CALLE":"ALAMEDA LIBERTADOR BERNARDO OHIGGINS","SECTOR":"SUR PONIENTE"},"geometry":{"type":"LineString","coordinates":[[-70.63528,-33.43719],[-70.635475,-33.437174]]}},{"type":"Feature","properties":{"OBJECTID":1575,"ESPECIE_PR":"ALMEZ","NOM_CIENT_":"CELTIS AUSTRALIS","CALLE":"ALAMEDA LIBERTADOR BERNARDO OHIGGINS","SECTOR":"SUR PONIENTE"},"geometry":{"type":"LineString","coordinates":[[-70.660206,-33.446417],[-70.660598,-33.446505]]}},{"type":"Feature","properties":{"OBJECTID":1584,"ESPECIE_PR":"ALMEZ","NOM_CIENT_":"CELTIS AUSTRALIS","CALLE":"ALAMEDA LIBERTADOR BERNARDO OHIGGINS","SECTOR":"SUR PONIENTE"},"geometry":{"type":"LineString","coordinates":[[-70.660598,-33.446505],[-70.660913,-33.446576]]}},{"type":"Feature","properties":{"OBJECTID":1595,"ESPECIE_PR":"ALMEZ","NOM_CIENT_":"CELTIS AUSTRALIS","CALLE":"ALAMEDA LIBERTADOR BERNARDO OHIGGINS","SECTOR":"SUR PONIENTE"},"geometry":{"type":"LineString","coordinates":[[-70.660913,-33.446576],[-70.661572,-33.446729]]}},{"type":"Feature","properties":{"OBJECTID":1612,"ESPECIE_PR":"ALMEZ","NOM_CIENT_":"CELTIS AUSTRALIS","CALLE":"ALAMEDA LIBERTADOR BERNARDO OHIGGINS","SECTOR":"SUR PONIENTE"},"geometry":{"type":"LineString","coordinates":[[-70.661572,-33.446729],[-70.661719,-33.446763],[-70.662381,-33.446906],[-70.662518,-33.446929]]}},{"type":"Feature","properties":{"OBJECTID":1636,"ESPECIE_PR":"ALMEZ","NOM_CIENT_":"CELTIS AUSTRALIS","CALLE":"ALAMEDA LIBERTADOR BERNARDO OHIGGINS","SECTOR":"SUR PONIENTE"},"geometry":{"type":"LineString","coordinates":[[-70.662518,-33.446929],[-70.662596,-33.44694],[-70.663745,-33.447206],[-70.663826,-33.447224]]}},{"type":"Feature","properties":{"OBJECTID":1639,"ESPECIE_PR":"JACARANDA","NOM_CIENT_":"JACARANDA MIMOSIFOLIA","CALLE":"AVENIDA MANUEL RODRIGUEZ SUR","SECTOR":"SUR PONIENTE"},"geometry":{"type":"LineString","coordinates":[[-70.660598,-33.446505],[-70.660587,-33.446598],[-70.660491,-33.447159],[-70.660458,-33.447294]]}},{"type":"Feature","properties":{"OBJECTID":1655,"ESPECIE_PR":"ALMEZ","NOM_CIENT_":"CELTIS AUSTRALIS","CALLE":"ALAMEDA LIBERTADOR BERNARDO OHIGGINS","SECTOR":"SUR PONIENTE"},"geometry":{"type":"LineString","coordinates":[[-70.663826,-33.447224],[-70.663882,-33.447236],[-70.664589,-33.44737],[-70.664808,-33.447417]]}},{"type":"Feature","properties":{"OBJECTID":1679,"ESPECIE_PR":"ALMEZ","NOM_CIENT_":"CELTIS AUSTRALIS","CALLE":"ALAMEDA LIBERTADOR BERNARDO OHIGGINS","SECTOR":"SUR PONIENTE"},"geometry":{"type":"LineString","coordinates":[[-70.664808,-33.447417],[-70.664887,-33.447435],[-70.665954,-33.447636]]}},{"type":"Feature","properties":{"OBJECTID":1687,"ESPECIE_PR":"ALMEZ","NOM_CIENT_":"CELTIS AUSTRALIS","CALLE":"ALAMEDA LIBERTADOR BERNARDO OHIGGINS","SECTOR":"SUR PONIENTE"},"geometry":{"type":"LineString","coordinates":[[-70.665954,-33.447636],[-70.666428,-33.447723]]}},{"type":"Feature","properties":{"OBJECTID":1704,"ESPECIE_PR":"ALMEZ","NOM_CIENT_":"CELTIS AUSTRALIS","CALLE":"ALAMEDA LIBERTADOR BERNARDO OHIGGINS","SECTOR":"SUR PONIENTE"},"geometry":{"type":"LineString","coordinates":[[-70.666428,-33.447723],[-70.667205,-33.447888]]}},{"type":"Feature","properties":{"OBJECTID":1727,"ESPECIE_PR":"ALMEZ","NOM_CIENT_":"CELTIS AUSTRALIS","CALLE":"ALAMEDA LIBERTADOR BERNARDO OHIGGINS","SECTOR":"SUR PONIENTE"},"geometry":{"type":"LineString","coordinates":[[-70.667205,-33.447888],[-70.668339,-33.448163]]}},{"type":"Feature","properties":{"OBJECTID":1744,"ESPECIE_PR":"ALMEZ","NOM_CIENT_":"CELTIS AUSTRALIS","CALLE":"ALAMEDA LIBERTADOR BERNARDO OHIGGINS","SECTOR":"SUR PONIENTE"},"geometry":{"type":"LineString","coordinates":[[-70.668339,-33.448163],[-70.669384,-33.448437]]}},{"type":"Feature","properties":{"OBJECTID":1745,"ESPECIE_PR":"SIN ESPECIE","NOM_CIENT_":"SIN ESPECIE","CALLE":"DOCTOR MOORE","SECTOR":"SUR PONIENTE"},"geometry":{"type":"LineString","coordinates":[[-70.661879,-33.44845],[-70.662243,-33.448533]]}},{"type":"Feature","properties":{"OBJECTID":1746,"ESPECIE_PR":"SOPHORA JAPONICA","NOM_CIENT_":"SOPHORA JAPONICA","CALLE":"VERGARA","SECTOR":"SUR PONIENTE"},"geometry":{"type":"LineString","coordinates":[[-70.662518,-33.446929],[-70.662486,-33.447024],[-70.662477,-33.447051],[-70.662243,-33.448533]]}},{"type":"Feature","properties":{"OBJECTID":1752,"ESPECIE_PR":"JACARANDA","NOM_CIENT_":"JACARANDA MIMOSIFOLIA","CALLE":"AVENIDA MANUEL RODRIGUEZ SUR","SECTOR":"SUR PONIENTE"},"geometry":{"type":"LineString","coordinates":[[-70.660913,-33.446576],[-70.660807,-33.446659],[-70.660766,-33.446713],[-70.660757,-33.446749],[-70.660745,-33.446849],[-70.660702,-33.44712],[-70.660671,-33.447301],[-70.660635,-33.447427],[-70.660568,-33.447672],[-70.660507,-33.447871],[-70.660447,-33.448043],[-70.660252,-33.448578],[-70.660206,-33.448624]]}},{"type":"Feature","properties":{"OBJECTID":1762,"ESPECIE_PR":"SIN ESPECIE","NOM_CIENT_":"SIN ESPECIE","CALLE":"DOCTOR MOORE","SECTOR":"SUR PONIENTE"},"geometry":{"type":"LineString","coordinates":[[-70.662243,-33.448533],[-70.662256,-33.448536],[-70.662778,-33.448662],[-70.662784,-33.44869],[-70.662917,-33.448695]]}},{"type":"Feature","properties":{"OBJECTID":1775,"ESPECIE_PR":"ALMEZ","NOM_CIENT_":"CELTIS AUSTRALIS","CALLE":"ALAMEDA LIBERTADOR BERNARDO OHIGGINS","SECTOR":"SUR PONIENTE"},"geometry":{"type":"LineString","coordinates":[[-70.669384,-33.448437],[-70.670473,-33.448729]]}},{"type":"Feature","properties":{"OBJECTID":1779,"ESPECIE_PR":"ALMEZ","NOM_CIENT_":"CELTIS AUSTRALIS","CALLE":"REPUBLICA","SECTOR":"SUR PONIENTE"},"geometry":{"type":"LineString","coordinates":[[-70.668339,-33.448163],[-70.668368,-33.448266],[-70.668332,-33.448463],[-70.668263,-33.448775]]}},{"type":"Feature","properties":{"OBJECTID":1793,"ESPECIE_PR":"QUILLAY","NOM_CIENT_":"QUILLAJA SAPONARIA","CALLE":"ECHAURREN","SECTOR":"SUR PONIENTE"},"geometry":{"type":"LineString","coordinates":[[-70.666428,-33.447723],[-70.666535,-33.447832],[-70.666474,-33.448947]]}},{"type":"Feature","properties":{"OBJECTID":1800,"ESPECIE_PR":"SIN ESPECIE","NOM_CIENT_":"SIN ESPECIE","CALLE":"VIRGINIA OPAZO","SECTOR":"SUR PONIENTE"},"geometry":{"type":"LineString","coordinates":[[-70.669384,-33.448437],[-70.66919,-33.449035]]}},{"type":"Feature","properties":{"OBJECTID":1808,"ESPECIE_PR":"LIQUIDAMBAR","NOM_CIENT_":"LIQUIDAMBAR STYRACIFLUA","CALLE":"ALMIRANTE LATORRE","SECTOR":"SUR PONIENTE"},"geometry":{"type":"LineString","coordinates":[[-70.664808,-33.447417],[-70.66474,-33.449149]]}},{"type":"Feature","properties":{"OBJECTID":1817,"ESPECIE_PR":"ALMEZ","NOM_CIENT_":"CELTIS AUSTRALIS","CALLE":"SAZIE","SECTOR":"SUR PONIENTE"},"geometry":{"type":"LineString","coordinates":[[-70.659515,-33.449231],[-70.659822,-33.449297]]}},{"type":"Feature","properties":{"OBJECTID":1818,"ESPECIE_PR":"JACARANDA","NOM_CIENT_":"JACARANDA MIMOSIFOLIA","CALLE":"AVENIDA MANUEL RODRIGUEZ SUR","SECTOR":"SUR PONIENTE"},"geometry":{"type":"LineString","coordinates":[[-70.660458,-33.447294],[-70.660356,-33.447639],[-70.660031,-33.448617],[-70.659838,-33.449233],[-70.659822,-33.449297]]}},{"type":"Feature","properties":{"OBJECTID":1822,"ESPECIE_PR":"ALMEZ","NOM_CIENT_":"CELTIS AUSTRALIS","CALLE":"SAZIE","SECTOR":"SUR PONIENTE"},"geometry":{"type":"LineString","coordinates":[[-70.659822,-33.449297],[-70.659899,-33.449313],[-70.660027,-33.44932]]}},{"type":"Feature","properties":{"OBJECTID":1823,"ESPECIE_PR":"JACARANDA","NOM_CIENT_":"JACARANDA MIMOSIFOLIA","CALLE":"AVENIDA MANUEL RODRIGUEZ SUR","SECTOR":"SUR PONIENTE"},"geometry":{"type":"LineString","coordinates":[[-70.660206,-33.448624],[-70.660174,-33.448759],[-70.660144,-33.448904],[-70.660027,-33.44932]]}},{"type":"Feature","properties":{"OBJECTID":1835,"ESPECIE_PR":"SOPHORA JAPONICA","NOM_CIENT_":"SOPHORA JAPONICA","CALLE":"SALVADOR SANFUENTES","SECTOR":"SUR PONIENTE"},"geometry":{"type":"LineString","coordinates":[[-70.66474,-33.449149],[-70.664829,-33.449166],[-70.665679,-33.449371],[-70.665732,-33.449397]]}},{"type":"Feature","properties":{"OBJECTID":1836,"ESPECIE_PR":"QUILLAY","NOM_CIENT_":"QUILLAJA SAPONARIA","CALLE":"ABDON CIFUENTES","SECTOR":"SUR PONIENTE"},"geometry":{"type":"LineString","coordinates":[[-70.665954,-33.447636],[-70.665732,-33.449397]]}},{"type":"Feature","properties":{"OBJECTID":1839,"ESPECIE_PR":"ALMEZ","NOM_CIENT_":"CELTIS AUSTRALIS","CALLE":"ALAMEDA LIBERTADOR BERNARDO OHIGGINS","SECTOR":"SUR PONIENTE"},"geometry":{"type":"LineString","coordinates":[[-70.670473,-33.448729],[-70.672661,-33.44933],[-70.672664,-33.449331]]}},{"type":"Feature","properties":{"OBJECTID":1845,"ESPECIE_PR":"ALMEZ","NOM_CIENT_":"CELTIS AUSTRALIS","CALLE":"SAZIE","SECTOR":"SUR PONIENTE"},"geometry":{"type":"LineString","coordinates":[[-70.660027,-33.44932],[-70.661027,-33.449534]]}},{"type":"Feature","properties":{"OBJECTID":1846,"ESPECIE_PR":"ALMEZ","NOM_CIENT_":"CELTIS AUSTRALIS","CALLE":"EJERCITO","SECTOR":"SUR PONIENTE"},"geometry":{"type":"LineString","coordinates":[[-70.661572,-33.446729],[-70.661485,-33.44712],[-70.661088,-33.449212],[-70.661027,-33.449534]]}},{"type":"Feature","properties":{"OBJECTID":1855,"ESPECIE_PR":"SOPHORA JAPONICA","NOM_CIENT_":"SOPHORA JAPONICA","CALLE":"SALVADOR SANFUENTES","SECTOR":"SUR PONIENTE"},"geometry":{"type":"LineString","coordinates":[[-70.665732,-33.449397],[-70.666323,-33.449542],[-70.666437,-33.449568]]}},{"type":"Feature","properties":{"OBJECTID":1856,"ESPECIE_PR":"QUILLAY","NOM_CIENT_":"QUILLAJA SAPONARIA","CALLE":"ECHAURREN","SECTOR":"SUR PONIENTE"},"geometry":{"type":"LineString","coordinates":[[-70.666474,-33.448947],[-70.666437,-33.449568]]}},{"type":"Feature","properties":{"OBJECTID":1860,"ESPECIE_PR":"SIN ESPECIE","NOM_CIENT_":"SIN ESPECIE","CALLE":"VIRGINIA OPAZO","SECTOR":"SUR PONIENTE"},"geometry":{"type":"LineString","coordinates":[[-70.66919,-33.449035],[-70.669014,-33.449085],[-70.668943,-33.449515],[-70.669069,-33.449627]]}},{"type":"Feature","properties":{"OBJECTID":1861,"ESPECIE_PR":"SIN ESPECIE","NOM_CIENT_":"SIN ESPECIE","CALLE":"VIRGINIA OPAZO","SECTOR":"SUR PONIENTE"},"geometry":{"type":"LineString","coordinates":[[-70.66919,-33.449035],[-70.669303,-33.449106],[-70.669232,-33.449561],[-70.669069,-33.449627]]}},{"type":"Feature","properties":{"OBJECTID":1862,"ESPECIE_PR":"ALMEZ","NOM_CIENT_":"CELTIS AUSTRALIS","CALLE":"SAZIE","SECTOR":"SUR PONIENTE"},"geometry":{"type":"LineString","coordinates":[[-70.661027,-33.449534],[-70.662052,-33.449735]]}},{"type":"Feature","properties":{"OBJECTID":1863,"ESPECIE_PR":"SOPHORA JAPONICA","NOM_CIENT_":"SOPHORA JAPONICA","CALLE":"VERGARA","SECTOR":"SUR PONIENTE"},"geometry":{"type":"LineString","coordinates":[[-70.662243,-33.448533],[-70.66207,-33.449654],[-70.662052,-33.449735]]}},{"type":"Feature","properties":{"OBJECTID":1867,"ESPECIE_PR":"ROBLE AMERICANO","NOM_CIENT_":"QUERCUS RUBRA","CALLE":"AVENIDA ESPANA","SECTOR":"SUR PONIENTE"},"geometry":{"type":"LineString","coordinates":[[-70.670473,-33.448729],[-70.670249,-33.449665]]}},{"type":"Feature","properties":{"OBJECTID":1868,"ESPECIE_PR":"ALMEZ","NOM_CIENT_":"CELTIS AUSTRALIS","CALLE":"ALAMEDA LIBERTADOR BERNARDO OHIGGINS","SECTOR":"SUR PONIENTE"},"geometry":{"type":"LineString","coordinates":[[-70.672664,-33.449331],[-70.673847,-33.44963]]}},{"type":"Feature","properties":{"OBJECTID":1870,"ESPECIE_PR":"SOPHORA JAPONICA","NOM_CIENT_":"SOPHORA JAPONICA","CALLE":"SALVADOR SANFUENTES","SECTOR":"SUR PONIENTE"},"geometry":{"type":"LineString","coordinates":[[-70.666437,-33.449568],[-70.666542,-33.449594],[-70.667104,-33.44973]]}},{"type":"Feature","properties":{"OBJECTID":1874,"ESPECIE_PR":"ALMEZ","NOM_CIENT_":"CELTIS AUSTRALIS","CALLE":"ALAMEDA LIBERTADOR BERNARDO OHIGGINS","SECTOR":"SUR PONIENTE"},"geometry":{"type":"LineString","coordinates":[[-70.673847,-33.44963],[-70.674269,-33.44975]]}},{"type":"Feature","properties":{"OBJECTID":1880,"ESPECIE_PR":"SIN ESPECIE","NOM_CIENT_":"SIN ESPECIE","CALLE":"CABO ARESTEY","SECTOR":"SUR PONIENTE"},"geometry":{"type":"LineString","coordinates":[[-70.670249,-33.449665],[-70.671084,-33.449875]]}},{"type":"Feature","properties":{"OBJECTID":1883,"ESPECIE_PR":"ALMEZ","NOM_CIENT_":"CELTIS AUSTRALIS","CALLE":"SAZIE","SECTOR":"SUR PONIENTE"},"geometry":{"type":"LineString","coordinates":[[-70.662052,-33.449735],[-70.663425,-33.450021]]}},{"type":"Feature","properties":{"OBJECTID":1884,"ESPECIE_PR":"ROBLE DE SANTIAGO","NOM_CIENT_":"NOTHOFAGUS MACROCARPA","CALLE":"GENERAL JOSE MIGUEL CARRERA","SECTOR":"SUR PONIENTE"},"geometry":{"type":"LineString","coordinates":[[-70.663826,-33.447224],[-70.663618,-33.447874],[-70.663604,-33.448046],[-70.663426,-33.449942],[-70.663425,-33.450021]]}},{"type":"Feature","properties":{"OBJECTID":1890,"ESPECIE_PR":"SOPHORA JAPONICA","NOM_CIENT_":"SOPHORA JAPONICA","CALLE":"SALVADOR SANFUENTES","SECTOR":"SUR PONIENTE"},"geometry":{"type":"LineString","coordinates":[[-70.667104,-33.44973],[-70.668024,-33.449973]]}},{"type":"Feature","properties":{"OBJECTID":1891,"ESPECIE_PR":"ALMEZ","NOM_CIENT_":"CELTIS AUSTRALIS","CALLE":"REPUBLICA","SECTOR":"SUR PONIENTE"},"geometry":{"type":"LineString","coordinates":[[-70.668263,-33.448775],[-70.668052,-33.449879],[-70.668024,-33.449973]]}},{"type":"Feature","properties":{"OBJECTID":1902,"ESPECIE_PR":"SOPHORA JAPONICA","NOM_CIENT_":"SOPHORA JAPONICA","CALLE":"SALVADOR SANFUENTES","SECTOR":"SUR PONIENTE"},"geometry":{"type":"LineString","coordinates":[[-70.668024,-33.449973],[-70.668922,-33.450193]]}},{"type":"Feature","properties":{"OBJECTID":1903,"ESPECIE_PR":"SIN ESPECIE","NOM_CIENT_":"SIN ESPECIE","CALLE":"VIRGINIA OPAZO","SECTOR":"SUR PONIENTE"},"geometry":{"type":"LineString","coordinates":[[-70.669069,-33.449627],[-70.668922,-33.450193]]}},{"type":"Feature","properties":{"OBJECTID":1907,"ESPECIE_PR":"ALMEZ","NOM_CIENT_":"CELTIS AUSTRALIS","CALLE":"ALAMEDA LIBERTADOR BERNARDO OHIGGINS","SECTOR":"SUR PONIENTE"},"geometry":{"type":"LineString","coordinates":[[-70.674269,-33.44975],[-70.675582,-33.450129]]}},{"type":"Feature","properties":{"OBJECTID":1909,"ESPECIE_PR":"ALMEZ","NOM_CIENT_":"CELTIS AUSTRALIS","CALLE":"SAZIE","SECTOR":"SUR PONIENTE"},"geometry":{"type":"LineString","coordinates":[[-70.663425,-33.450021],[-70.664564,-33.450242],[-70.664691,-33.450277]]}},{"type":"Feature","properties":{"OBJECTID":1910,"ESPECIE_PR":"LIQUIDAMBAR","NOM_CIENT_":"LIQUIDAMBAR STYRACIFLUA","CALLE":"ALMIRANTE LATORRE","SECTOR":"SUR PONIENTE"},"geometry":{"type":"LineString","coordinates":[[-70.66474,-33.449149],[-70.664691,-33.450277]]}},{"type":"Feature","properties":{"OBJECTID":1918,"ESPECIE_PR":"LIQUIDAMBAR","NOM_CIENT_":"LIQUIDAMBAR STYRACIFLUA","CALLE":"UNION AMERICANA","SECTOR":"SUR PONIENTE"},"geometry":{"type":"LineString","coordinates":[[-70.674269,-33.44975],[-70.674154,-33.450216]]}},{"type":"Feature","properties":{"OBJECTID":1919,"ESPECIE_PR":"ALMEZ","NOM_CIENT_":"CELTIS AUSTRALIS","CALLE":"SAZIE","SECTOR":"SUR PONIENTE"},"geometry":{"type":"LineString","coordinates":[[-70.664691,-33.450277],[-70.665032,-33.450371]]}},{"type":"Feature","properties":{"OBJECTID":1920,"ESPECIE_PR":"JACARANDA","NOM_CIENT_":"JACARANDA MIMOSIFOLIA","CALLE":"AVENIDA MANUEL RODRIGUEZ SUR","SECTOR":"SUR PONIENTE"},"geometry":{"type":"LineString","coordinates":[[-70.660027,-33.44932],[-70.659984,-33.449402],[-70.659724,-33.450325],[-70.659705,-33.450461]]}},{"type":"Feature","properties":{"OBJECTID":1928,"ESPECIE_PR":"ALMEZ","NOM_CIENT_":"CELTIS AUSTRALIS","CALLE":"SAZIE","SECTOR":"SUR PONIENTE"},"geometry":{"type":"LineString","coordinates":[[-70.665032,-33.450371],[-70.665583,-33.450526]]}},{"type":"Feature","properties":{"OBJECTID":1929,"ESPECIE_PR":"QUILLAY","NOM_CIENT_":"QUILLAJA SAPONARIA","CALLE":"ABDON CIFUENTES","SECTOR":"SUR PONIENTE"},"geometry":{"type":"LineString","coordinates":[[-70.665732,-33.449397],[-70.665583,-33.450526]]}},{"type":"Feature","properties":{"OBJECTID":1930,"ESPECIE_PR":"SOPHORA JAPONICA","NOM_CIENT_":"SOPHORA JAPONICA","CALLE":"SALVADOR SANFUENTES","SECTOR":"SUR PONIENTE"},"geometry":{"type":"LineString","coordinates":[[-70.668922,-33.450193],[-70.670052,-33.450475]]}},{"type":"Feature","properties":{"OBJECTID":1931,"ESPECIE_PR":"ROBLE AMERICANO","NOM_CIENT_":"QUERCUS RUBRA","CALLE":"AVENIDA ESPANA","SECTOR":"SUR PONIENTE"},"geometry":{"type":"LineString","coordinates":[[-70.670249,-33.449665],[-70.670052,-33.450475]]}},{"type":"Feature","properties":{"OBJECTID":1936,"ESPECIE_PR":"ALMEZ","NOM_CIENT_":"CELTIS AUSTRALIS","CALLE":"ALAMEDA LIBERTADOR BERNARDO OHIGGINS","SECTOR":"SUR PONIENTE"},"geometry":{"type":"LineString","coordinates":[[-70.675582,-33.450129],[-70.676802,-33.450443]]}},{"type":"Feature","properties":{"OBJECTID":1945,"ESPECIE_PR":"ALMEZ","NOM_CIENT_":"CELTIS AUSTRALIS","CALLE":"GRAJALES","SECTOR":"SUR PONIENTE"},"geometry":{"type":"LineString","coordinates":[[-70.659705,-33.450461],[-70.660798,-33.450706]]}},{"type":"Feature","properties":{"OBJECTID":1946,"ESPECIE_PR":"ALMEZ","NOM_CIENT_":"CELTIS AUSTRALIS","CALLE":"EJERCITO","SECTOR":"SUR PONIENTE"},"geometry":{"type":"LineString","coordinates":[[-70.661027,-33.449534],[-70.660798,-33.450706]]}},{"type":"Feature","properties":{"OBJECTID":1950,"ESPECIE_PR":"JACARANDA","NOM_CIENT_":"JACARANDA MIMOSIFOLIA","CALLE":"AVENIDA MANUEL RODRIGUEZ SUR","SECTOR":"SUR PONIENTE"},"geometry":{"type":"LineString","coordinates":[[-70.659705,-33.450461],[-70.659577,-33.450778]]}},{"type":"Feature","properties":{"OBJECTID":1954,"ESPECIE_PR":"QUILLAY","NOM_CIENT_":"QUILLAJA SAPONARIA","CALLE":"BASCUNAN GUERRERO","SECTOR":"SUR PONIENTE"},"geometry":{"type":"LineString","coordinates":[[-70.675582,-33.450129],[-70.67547,-33.450613]]}},{"type":"Feature","properties":{"OBJECTID":1955,"ESPECIE_PR":"ALMEZ","NOM_CIENT_":"CELTIS AUSTRALIS","CALLE":"SAZIE","SECTOR":"SUR PONIENTE"},"geometry":{"type":"LineString","coordinates":[[-70.665583,-33.450526],[-70.66629,-33.450733],[-70.666377,-33.450759]]}},{"type":"Feature","properties":{"OBJECTID":1956,"ESPECIE_PR":"QUILLAY","NOM_CIENT_":"QUILLAJA SAPONARIA","CALLE":"ECHAURREN","SECTOR":"SUR PONIENTE"},"geometry":{"type":"LineString","coordinates":[[-70.666437,-33.449568],[-70.666377,-33.450759]]}},{"type":"Feature","properties":{"OBJECTID":1959,"ESPECIE_PR":"ALMEZ","NOM_CIENT_":"CELTIS AUSTRALIS","CALLE":"ALAMEDA LIBERTADOR BERNARDO OHIGGINS","SECTOR":"SUR PONIENTE"},"geometry":{"type":"LineString","coordinates":[[-70.676802,-33.450443],[-70.677491,-33.450623]]}},{"type":"Feature","properties":{"OBJECTID":1967,"ESPECIE_PR":"ALMEZ","NOM_CIENT_":"CELTIS AUSTRALIS","CALLE":"ALAMEDA LIBERTADOR BERNARDO OHIGGINS","SECTOR":"SUR PONIENTE"},"geometry":{"type":"LineString","coordinates":[[-70.677491,-33.450623],[-70.6778,-33.450708]]}},{"type":"Feature","properties":{"OBJECTID":1970,"ESPECIE_PR":"ALMEZ","NOM_CIENT_":"CELTIS AUSTRALIS","CALLE":"GRAJALES","SECTOR":"SUR PONIENTE"},"geometry":{"type":"LineString","coordinates":[[-70.660798,-33.450706],[-70.661866,-33.450937]]}},{"type":"Feature","properties":{"OBJECTID":1971,"ESPECIE_PR":"SOPHORA JAPONICA","NOM_CIENT_":"SOPHORA JAPONICA","CALLE":"VERGARA","SECTOR":"SUR PONIENTE"},"geometry":{"type":"LineString","coordinates":[[-70.662052,-33.449735],[-70.661866,-33.450937]]}},{"type":"Feature","properties":{"OBJECTID":1974,"ESPECIE_PR":"ALMEZ","NOM_CIENT_":"CELTIS AUSTRALIS","CALLE":"SAZIE","SECTOR":"SUR PONIENTE"},"geometry":{"type":"LineString","coordinates":[[-70.666377,-33.450759],[-70.667008,-33.450922]]}},{"type":"Feature","properties":{"OBJECTID":1981,"ESPECIE_PR":"LIQUIDAMBAR","NOM_CIENT_":"LIQUIDAMBAR STYRACIFLUA","CALLE":"ALMIRANTE LATORRE","SECTOR":"SUR PONIENTE"},"geometry":{"type":"LineString","coordinates":[[-70.664691,-33.450277],[-70.664701,-33.450358],[-70.664618,-33.451044]]}},{"type":"Feature","properties":{"OBJECTID":1986,"ESPECIE_PR":"ALMEZ","NOM_CIENT_":"CELTIS AUSTRALIS","CALLE":"GRAJALES","SECTOR":"SUR PONIENTE"},"geometry":{"type":"LineString","coordinates":[[-70.661866,-33.450937],[-70.662686,-33.451115]]}},{"type":"Feature","properties":{"OBJECTID":1989,"ESPECIE_PR":"QUILLAY","NOM_CIENT_":"QUILLAJA SAPONARIA","CALLE":"ABDON CIFUENTES","SECTOR":"SUR PONIENTE"},"geometry":{"type":"LineString","coordinates":[[-70.665583,-33.450526],[-70.665506,-33.45109]]}},{"type":"Feature","properties":{"OBJECTID":1991,"ESPECIE_PR":"ALMEZ","NOM_CIENT_":"CELTIS AUSTRALIS","CALLE":"SAZIE","SECTOR":"SUR PONIENTE"},"geometry":{"type":"LineString","coordinates":[[-70.667008,-33.450922],[-70.667802,-33.451137]]}},{"type":"Feature","properties":{"OBJECTID":1992,"ESPECIE_PR":"ALMEZ","NOM_CIENT_":"CELTIS AUSTRALIS","CALLE":"REPUBLICA","SECTOR":"SUR PONIENTE"},"geometry":{"type":"LineString","coordinates":[[-70.668024,-33.449973],[-70.667802,-33.451137]]}},{"type":"Feature","properties":{"OBJECTID":1993,"ESPECIE_PR":"SOPHORA JAPONICA","NOM_CIENT_":"SOPHORA JAPONICA","CALLE":"SALVADOR SANFUENTES","SECTOR":"SUR PONIENTE"},"geometry":{"type":"LineString","coordinates":[[-70.670052,-33.450475],[-70.672547,-33.451082]]}},{"type":"Feature","properties":{"OBJECTID":1994,"ESPECIE_PR":"LIQUIDAMBAR","NOM_CIENT_":"LIQUIDAMBAR STYRACIFLUA","CALLE":"ABATE MOLINA","SECTOR":"SUR PONIENTE"},"geometry":{"type":"LineString","coordinates":[[-70.672664,-33.449331],[-70.672594,-33.449395],[-70.672594,-33.449395],[-70.672593,-33.449449],[-70.672547,-33.451082]]}},{"type":"Feature","properties":{"OBJECTID":2000,"ESPECIE_PR":"ALMEZ","NOM_CIENT_":"CELTIS AUSTRALIS","CALLE":"GRAJALES","SECTOR":"SUR PONIENTE"},"geometry":{"type":"LineString","coordinates":[[-70.662686,-33.451115],[-70.663251,-33.451252]]}},{"type":"Feature","properties":{"OBJECTID":2001,"ESPECIE_PR":"ROBLE DE SANTIAGO","NOM_CIENT_":"NOTHOFAGUS MACROCARPA","CALLE":"GENERAL JOSE MIGUEL CARRERA","SECTOR":"SUR PONIENTE"},"geometry":{"type":"LineString","coordinates":[[-70.663425,-33.450021],[-70.663251,-33.451252]]}},{"type":"Feature","properties":{"OBJECTID":2016,"ESPECIE_PR":"SOPHORA JAPONICA","NOM_CIENT_":"SOPHORA JAPONICA","CALLE":"SALVADOR SANFUENTES","SECTOR":"SUR PONIENTE"},"geometry":{"type":"LineString","coordinates":[[-70.672547,-33.451082],[-70.673401,-33.451287]]}},{"type":"Feature","properties":{"OBJECTID":2017,"ESPECIE_PR":"MANZANO DE FLOR","NOM_CIENT_":"MALUS DOMESTICA","CALLE":"RODULFO PHILLIPI","SECTOR":"SUR PONIENTE"},"geometry":{"type":"LineString","coordinates":[[-70.673847,-33.44963],[-70.673401,-33.451287]]}},{"type":"Feature","properties":{"OBJECTID":2023,"ESPECIE_PR":"SOPHORA JAPONICA","NOM_CIENT_":"SOPHORA JAPONICA","CALLE":"SALVADOR SANFUENTES","SECTOR":"SUR PONIENTE"},"geometry":{"type":"LineString","coordinates":[[-70.673401,-33.451287],[-70.673748,-33.451375],[-70.673873,-33.451407]]}},{"type":"Feature","properties":{"OBJECTID":2024,"ESPECIE_PR":"LIQUIDAMBAR","NOM_CIENT_":"LIQUIDAMBAR STYRACIFLUA","CALLE":"UNION AMERICANA","SECTOR":"SUR PONIENTE"},"geometry":{"type":"LineString","coordinates":[[-70.674154,-33.450216],[-70.673873,-33.451407]]}},{"type":"Feature","properties":{"OBJECTID":2025,"ESPECIE_PR":"SIN ESPECIE","NOM_CIENT_":"SIN ESPECIE","CALLE":"MEIGGS","SECTOR":"SUR PONIENTE"},"geometry":{"type":"LineString","coordinates":[[-70.677491,-33.450623],[-70.677208,-33.451367]]}},{"type":"Feature","properties":{"OBJECTID":2026,"ESPECIE_PR":"JACARANDA","NOM_CIENT_":"JACARANDA MIMOSIFOLIA","CALLE":"AVENIDA MANUEL RODRIGUEZ SUR","SECTOR":"SUR PONIENTE"},"geometry":{"type":"LineString","coordinates":[[-70.659577,-33.450778],[-70.659598,-33.450859],[-70.659376,-33.451611]]}},{"type":"Feature","properties":{"OBJECTID":2027,"ESPECIE_PR":"ALMEZ","NOM_CIENT_":"CELTIS AUSTRALIS","CALLE":"GRAJALES","SECTOR":"SUR PONIENTE"},"geometry":{"type":"LineString","coordinates":[[-70.663251,-33.451252],[-70.664567,-33.451543]]}},{"type":"Feature","properties":{"OBJECTID":2028,"ESPECIE_PR":"LIQUIDAMBAR","NOM_CIENT_":"LIQUIDAMBAR STYRACIFLUA","CALLE":"ALMIRANTE LATORRE","SECTOR":"SUR PONIENTE"},"geometry":{"type":"LineString","coordinates":[[-70.664618,-33.451044],[-70.664567,-33.451543]]}},{"type":"Feature","properties":{"OBJECTID":2029,"ESPECIE_PR":"JACARANDA","NOM_CIENT_":"JACARANDA MIMOSIFOLIA","CALLE":"AVENIDA MANUEL RODRIGUEZ SUR","SECTOR":"SUR PONIENTE"},"geometry":{"type":"LineString","coordinates":[[-70.659822,-33.449297],[-70.659804,-33.449368],[-70.65917,-33.451622]]}},{"type":"Feature","properties":{"OBJECTID":2033,"ESPECIE_PR":"ALMEZ","NOM_CIENT_":"CELTIS AUSTRALIS","CALLE":"GRAJALES","SECTOR":"SUR PONIENTE"},"geometry":{"type":"LineString","coordinates":[[-70.664567,-33.451543],[-70.664866,-33.451619]]}},{"type":"Feature","properties":{"OBJECTID":2037,"ESPECIE_PR":"ALMEZ","NOM_CIENT_":"CELTIS AUSTRALIS","CALLE":"SAZIE","SECTOR":"SUR PONIENTE"},"geometry":{"type":"LineString","coordinates":[[-70.667802,-33.451137],[-70.669797,-33.451579]]}},{"type":"Feature","properties":{"OBJECTID":2038,"ESPECIE_PR":"ROBLE AMERICANO","NOM_CIENT_":"QUERCUS RUBRA","CALLE":"AVENIDA ESPANA","SECTOR":"SUR PONIENTE"},"geometry":{"type":"LineString","coordinates":[[-70.670052,-33.450475],[-70.669797,-33.451579]]}},{"type":"Feature","properties":{"OBJECTID":2046,"ESPECIE_PR":"ALGARROBO CHILENO","NOM_CIENT_":"PROSOPIS CHILENSIS","CALLE":"GORBEA","SECTOR":"SUR PONIENTE"},"geometry":{"type":"LineString","coordinates":[[-70.659376,-33.451611],[-70.6594,-33.451671],[-70.659461,-33.451711],[-70.659554,-33.451732],[-70.659925,-33.451806]]}},{"type":"Feature","properties":{"OBJECTID":2051,"ESPECIE_PR":"ALMEZ","NOM_CIENT_":"CELTIS AUSTRALIS","CALLE":"GRAJALES","SECTOR":"SUR PONIENTE"},"geometry":{"type":"LineString","coordinates":[[-70.664866,-33.451619],[-70.664992,-33.451644],[-70.665691,-33.451801]]}},{"type":"Feature","properties":{"OBJECTID":2052,"ESPECIE_PR":"QUILLAY","NOM_CIENT_":"QUILLAJA SAPONARIA","CALLE":"ABDON CIFUENTES","SECTOR":"SUR PONIENTE"},"geometry":{"type":"LineString","coordinates":[[-70.665712,-33.451102],[-70.665691,-33.451801]]}},{"type":"Feature","properties":{"OBJECTID":2053,"ESPECIE_PR":"SOPHORA JAPONICA","NOM_CIENT_":"SOPHORA JAPONICA","CALLE":"SALVADOR SANFUENTES","SECTOR":"SUR PONIENTE"},"geometry":{"type":"LineString","coordinates":[[-70.673873,-33.451407],[-70.675214,-33.451722]]}},{"type":"Feature","properties":{"OBJECTID":2054,"ESPECIE_PR":"QUILLAY","NOM_CIENT_":"QUILLAJA SAPONARIA","CALLE":"BASCUNAN GUERRERO","SECTOR":"SUR PONIENTE"},"geometry":{"type":"LineString","coordinates":[[-70.67547,-33.450613],[-70.675214,-33.451722]]}},{"type":"Feature","properties":{"OBJECTID":2055,"ESPECIE_PR":"ALGARROBO CHILENO","NOM_CIENT_":"PROSOPIS CHILENSIS","CALLE":"GORBEA","SECTOR":"SUR PONIENTE"},"geometry":{"type":"LineString","coordinates":[[-70.659925,-33.451806],[-70.660564,-33.451937]]}},{"type":"Feature","properties":{"OBJECTID":2056,"ESPECIE_PR":"ALMEZ","NOM_CIENT_":"CELTIS AUSTRALIS","CALLE":"EJERCITO","SECTOR":"SUR PONIENTE"},"geometry":{"type":"LineString","coordinates":[[-70.660798,-33.450706],[-70.660564,-33.451937]]}},{"type":"Feature","properties":{"OBJECTID":2060,"ESPECIE_PR":"ALMEZ","NOM_CIENT_":"CELTIS AUSTRALIS","CALLE":"SAZIE","SECTOR":"SUR PONIENTE"},"geometry":{"type":"LineString","coordinates":[[-70.669797,-33.451579],[-70.67085,-33.451826]]}},{"type":"Feature","properties":{"OBJECTID":2061,"ESPECIE_PR":"JACARANDA","NOM_CIENT_":"JACARANDA MIMOSIFOLIA","CALLE":"AVENIDA MANUEL RODRIGUEZ SUR","SECTOR":"SUR PONIENTE"},"geometry":{"type":"LineString","coordinates":[[-70.65917,-33.451622],[-70.65906,-33.451985]]}},{"type":"Feature","properties":{"OBJECTID":2064,"ESPECIE_PR":"ALMEZ","NOM_CIENT_":"CELTIS AUSTRALIS","CALLE":"GRAJALES","SECTOR":"SUR PONIENTE"},"geometry":{"type":"LineString","coordinates":[[-70.665691,-33.451801],[-70.666222,-33.451916],[-70.666333,-33.45195]]}},{"type":"Feature","properties":{"OBJECTID":2065,"ESPECIE_PR":"QUILLAY","NOM_CIENT_":"QUILLAJA SAPONARIA","CALLE":"ECHAURREN","SECTOR":"SUR PONIENTE"},"geometry":{"type":"LineString","coordinates":[[-70.666377,-33.450759],[-70.666333,-33.45195]]}},{"type":"Feature","properties":{"OBJECTID":2072,"ESPECIE_PR":"ALGARROBO CHILENO","NOM_CIENT_":"PROSOPIS CHILENSIS","CALLE":"GORBEA","SECTOR":"SUR PONIENTE"},"geometry":{"type":"LineString","coordinates":[[-70.660564,-33.451937],[-70.661675,-33.452166]]}},{"type":"Feature","properties":{"OBJECTID":2073,"ESPECIE_PR":"SOPHORA JAPONICA","NOM_CIENT_":"SOPHORA JAPONICA","CALLE":"VERGARA","SECTOR":"SUR PONIENTE"},"geometry":{"type":"LineString","coordinates":[[-70.661866,-33.450937],[-70.661675,-33.452166]]}},{"type":"Feature","properties":{"OBJECTID":2075,"ESPECIE_PR":"SOPHORA JAPONICA","NOM_CIENT_":"SOPHORA JAPONICA","CALLE":"SALVADOR SANFUENTES","SECTOR":"SUR PONIENTE"},"geometry":{"type":"LineString","coordinates":[[-70.675214,-33.451722],[-70.676336,-33.452001]]}},{"type":"Feature","properties":{"OBJECTID":2076,"ESPECIE_PR":"QUILLAY","NOM_CIENT_":"QUILLAJA SAPONARIA","CALLE":"SAN ALFONSO","SECTOR":"SUR PONIENTE"},"geometry":{"type":"LineString","coordinates":[[-70.676802,-33.450443],[-70.676317,-33.451853],[-70.676336,-33.452001]]}},{"type":"Feature","properties":{"OBJECTID":2083,"ESPECIE_PR":"ALMEZ","NOM_CIENT_":"CELTIS AUSTRALIS","CALLE":"GRAJALES","SECTOR":"SUR PONIENTE"},"geometry":{"type":"LineString","coordinates":[[-70.666333,-33.45195],[-70.667578,-33.452228]]}},{"type":"Feature","properties":{"OBJECTID":2084,"ESPECIE_PR":"ALMEZ","NOM_CIENT_":"CELTIS AUSTRALIS","CALLE":"REPUBLICA","SECTOR":"SUR PONIENTE"},"geometry":{"type":"LineString","coordinates":[[-70.667802,-33.451137],[-70.667578,-33.452228]]}},{"type":"Feature","properties":{"OBJECTID":2088,"ESPECIE_PR":"ALMEZ","NOM_CIENT_":"CELTIS AUSTRALIS","CALLE":"SAZIE","SECTOR":"SUR PONIENTE"},"geometry":{"type":"LineString","coordinates":[[-70.67085,-33.451826],[-70.672512,-33.45221]]}},{"type":"Feature","properties":{"OBJECTID":2089,"ESPECIE_PR":"LIQUIDAMBAR","NOM_CIENT_":"LIQUIDAMBAR STYRACIFLUA","CALLE":"ABATE MOLINA","SECTOR":"SUR PONIENTE"},"geometry":{"type":"LineString","coordinates":[[-70.672547,-33.451082],[-70.672512,-33.45221]]}},{"type":"Feature","properties":{"OBJECTID":2090,"ESPECIE_PR":"SOPHORA JAPONICA","NOM_CIENT_":"SOPHORA JAPONICA","CALLE":"SALVADOR SANFUENTES","SECTOR":"SUR PONIENTE"},"geometry":{"type":"LineString","coordinates":[[-70.676336,-33.452001],[-70.676894,-33.452151]]}},{"type":"Feature","properties":{"OBJECTID":2091,"ESPECIE_PR":"SIN ESPECIE","NOM_CIENT_":"SIN ESPECIE","CALLE":"MEIGGS","SECTOR":"SUR PONIENTE"},"geometry":{"type":"LineString","coordinates":[[-70.677208,-33.451367],[-70.676894,-33.452151]]}},{"type":"Feature","properties":{"OBJECTID":2095,"ESPECIE_PR":"ROBLE AMERICANO","NOM_CIENT_":"QUERCUS RUBRA","CALLE":"AVENIDA ESPANA","SECTOR":"SUR PONIENTE"},"geometry":{"type":"LineString","coordinates":[[-70.669797,-33.451579],[-70.669634,-33.452256]]}},{"type":"Feature","properties":{"OBJECTID":2100,"ESPECIE_PR":"JACARANDA","NOM_CIENT_":"JACARANDA MIMOSIFOLIA","CALLE":"AVENIDA MANUEL RODRIGUEZ SUR","SECTOR":"SUR PONIENTE"},"geometry":{"type":"LineString","coordinates":[[-70.659925,-33.451806],[-70.659888,-33.451883],[-70.659803,-33.452308],[-70.659782,-33.452381],[-70.659708,-33.452454]]}},{"type":"Feature","properties":{"OBJECTID":2101,"ESPECIE_PR":"SOPHORA JAPONICA","NOM_CIENT_":"SOPHORA JAPONICA","CALLE":"SALVADOR SANFUENTES","SECTOR":"SUR PONIENTE"},"geometry":{"type":"LineString","coordinates":[[-70.676894,-33.452151],[-70.677203,-33.452223]]}},{"type":"Feature","properties":{"OBJECTID":2105,"ESPECIE_PR":"ALGARROBO CHILENO","NOM_CIENT_":"PROSOPIS CHILENSIS","CALLE":"GORBEA","SECTOR":"SUR PONIENTE"},"geometry":{"type":"LineString","coordinates":[[-70.661675,-33.452166],[-70.663086,-33.452463]]}},{"type":"Feature","properties":{"OBJECTID":2106,"ESPECIE_PR":"ROBLE DE SANTIAGO","NOM_CIENT_":"NOTHOFAGUS MACROCARPA","CALLE":"GENERAL JOSE MIGUEL CARRERA","SECTOR":"SUR PONIENTE"},"geometry":{"type":"LineString","coordinates":[[-70.663251,-33.451252],[-70.663086,-33.452463]]}},{"type":"Feature","properties":{"OBJECTID":2111,"ESPECIE_PR":"ALMEZ","NOM_CIENT_":"CELTIS AUSTRALIS","CALLE":"SANTA ISABEL","SECTOR":"SUR PONIENTE"},"geometry":{"type":"LineString","coordinates":[[-70.658566,-33.452497],[-70.658891,-33.45256]]}},{"type":"Feature","properties":{"OBJECTID":2112,"ESPECIE_PR":"JACARANDA","NOM_CIENT_":"JACARANDA MIMOSIFOLIA","CALLE":"AVENIDA MANUEL RODRIGUEZ SUR","SECTOR":"SUR PONIENTE"},"geometry":{"type":"LineString","coordinates":[[-70.65906,-33.451985],[-70.658921,-33.452464],[-70.658891,-33.45256]]}},{"type":"Feature","properties":{"OBJECTID":2115,"ESPECIE_PR":"ALMEZ","NOM_CIENT_":"CELTIS AUSTRALIS","CALLE":"SANTA ISABEL","SECTOR":"SUR PONIENTE"},"geometry":{"type":"LineString","coordinates":[[-70.658891,-33.45256],[-70.659173,-33.452614]]}},{"type":"Feature","properties":{"OBJECTID":2119,"ESPECIE_PR":"ALMEZ","NOM_CIENT_":"CELTIS AUSTRALIS","CALLE":"SAZIE","SECTOR":"SUR PONIENTE"},"geometry":{"type":"LineString","coordinates":[[-70.672512,-33.45221],[-70.673623,-33.452456]]}},{"type":"Feature","properties":{"OBJECTID":2120,"ESPECIE_PR":"LIQUIDAMBAR","NOM_CIENT_":"LIQUIDAMBAR STYRACIFLUA","CALLE":"UNION AMERICANA","SECTOR":"SUR PONIENTE"},"geometry":{"type":"LineString","coordinates":[[-70.673873,-33.451407],[-70.673757,-33.451892],[-70.673623,-33.452456]]}},{"type":"Feature","properties":{"OBJECTID":2121,"ESPECIE_PR":"SOPHORA JAPONICA","NOM_CIENT_":"SOPHORA JAPONICA","CALLE":"SALVADOR SANFUENTES","SECTOR":"SUR PONIENTE"},"geometry":{"type":"LineString","coordinates":[[-70.677203,-33.452223],[-70.677961,-33.452398]]}},{"type":"Feature","properties":{"OBJECTID":2129,"ESPECIE_PR":"ALMEZ","NOM_CIENT_":"CELTIS AUSTRALIS","CALLE":"GRAJALES","SECTOR":"SUR PONIENTE"},"geometry":{"type":"LineString","coordinates":[[-70.667578,-33.452228],[-70.669543,-33.452665]]}},{"type":"Feature","properties":{"OBJECTID":2130,"ESPECIE_PR":"ROBLE AMERICANO","NOM_CIENT_":"QUERCUS RUBRA","CALLE":"AVENIDA ESPANA","SECTOR":"SUR PONIENTE"},"geometry":{"type":"LineString","coordinates":[[-70.669634,-33.452256],[-70.669543,-33.452665]]}},{"type":"Feature","properties":{"OBJECTID":2132,"ESPECIE_PR":"ALGARROBO CHILENO","NOM_CIENT_":"PROSOPIS CHILENSIS","CALLE":"GORBEA","SECTOR":"SUR PONIENTE"},"geometry":{"type":"LineString","coordinates":[[-70.663086,-33.452463],[-70.664458,-33.45276]]}},{"type":"Feature","properties":{"OBJECTID":2133,"ESPECIE_PR":"LIQUIDAMBAR","NOM_CIENT_":"LIQUIDAMBAR STYRACIFLUA","CALLE":"ALMIRANTE LATORRE","SECTOR":"SUR PONIENTE"},"geometry":{"type":"LineString","coordinates":[[-70.664567,-33.451543],[-70.664458,-33.45276]]}},{"type":"Feature","properties":{"OBJECTID":2139,"ESPECIE_PR":"ALGARROBO CHILENO","NOM_CIENT_":"PROSOPIS CHILENSIS","CALLE":"GORBEA","SECTOR":"SUR PONIENTE"},"geometry":{"type":"LineString","coordinates":[[-70.664458,-33.45276],[-70.665047,-33.452884]]}},{"type":"Feature","properties":{"OBJECTID":2140,"ESPECIE_PR":"ALMEZ","NOM_CIENT_":"CELTIS AUSTRALIS","CALLE":"AVENIDA CLUB HIPICO","SECTOR":"SUR PONIENTE"},"geometry":{"type":"LineString","coordinates":[[-70.664866,-33.451619],[-70.665047,-33.452884]]}},{"type":"Feature","properties":{"OBJECTID":2141,"ESPECIE_PR":"QUILLAY","NOM_CIENT_":"QUILLAJA SAPONARIA","CALLE":"TOESCA","SECTOR":"SUR PONIENTE"},"geometry":{"type":"LineString","coordinates":[[-70.659173,-33.452614],[-70.659252,-33.452674],[-70.659334,-33.452719],[-70.659428,-33.452766],[-70.659489,-33.452821],[-70.659612,-33.452957]]}},{"type":"Feature","properties":{"OBJECTID":2142,"ESPECIE_PR":"ALMEZ","NOM_CIENT_":"CELTIS AUSTRALIS","CALLE":"SAZIE","SECTOR":"SUR PONIENTE"},"geometry":{"type":"LineString","coordinates":[[-70.673623,-33.452456],[-70.673769,-33.45249],[-70.674942,-33.452777]]}},{"type":"Feature","properties":{"OBJECTID":2143,"ESPECIE_PR":"QUILLAY","NOM_CIENT_":"QUILLAJA SAPONARIA","CALLE":"BASCUNAN GUERRERO","SECTOR":"SUR PONIENTE"},"geometry":{"type":"LineString","coordinates":[[-70.675214,-33.451722],[-70.674942,-33.452777]]}},{"type":"Feature","properties":{"OBJECTID":2144,"ESPECIE_PR":"ALMEZ","NOM_CIENT_":"CELTIS AUSTRALIS","CALLE":"GRAJALES","SECTOR":"SUR PONIENTE"},"geometry":{"type":"LineString","coordinates":[[-70.669543,-33.452665],[-70.66962,-33.452682],[-70.670435,-33.45286]]}},{"type":"Feature","properties":{"OBJECTID":2146,"ESPECIE_PR":"JACARANDA","NOM_CIENT_":"JACARANDA MIMOSIFOLIA","CALLE":"AVENIDA MANUEL RODRIGUEZ SUR","SECTOR":"SUR PONIENTE"},"geometry":{"type":"LineString","coordinates":[[-70.658891,-33.45256],[-70.658741,-33.453026]]}},{"type":"Feature","properties":{"OBJECTID":2157,"ESPECIE_PR":"QUILLAY","NOM_CIENT_":"QUILLAJA SAPONARIA","CALLE":"TOESCA","SECTOR":"SUR PONIENTE"},"geometry":{"type":"LineString","coordinates":[[-70.659612,-33.452957],[-70.659643,-33.452989],[-70.659713,-33.453019],[-70.660189,-33.453112],[-70.660322,-33.453124]]}},{"type":"Feature","properties":{"OBJECTID":2158,"ESPECIE_PR":"ALMEZ","NOM_CIENT_":"CELTIS AUSTRALIS","CALLE":"EJERCITO","SECTOR":"SUR PONIENTE"},"geometry":{"type":"LineString","coordinates":[[-70.660564,-33.451937],[-70.660322,-33.453124]]}},{"type":"Feature","properties":{"OBJECTID":2166,"ESPECIE_PR":"ALGARROBO CHILENO","NOM_CIENT_":"PROSOPIS CHILENSIS","CALLE":"GORBEA","SECTOR":"SUR PONIENTE"},"geometry":{"type":"LineString","coordinates":[[-70.665047,-33.452884],[-70.666172,-33.453125],[-70.666261,-33.453142]]}},{"type":"Feature","properties":{"OBJECTID":2167,"ESPECIE_PR":"QUILLAY","NOM_CIENT_":"QUILLAJA SAPONARIA","CALLE":"ECHAURREN","SECTOR":"SUR PONIENTE"},"geometry":{"type":"LineString","coordinates":[[-70.666333,-33.45195],[-70.666261,-33.453142]]}},{"type":"Feature","properties":{"OBJECTID":2174,"ESPECIE_PR":"ALMEZ","NOM_CIENT_":"CELTIS AUSTRALIS","CALLE":"SAZIE","SECTOR":"SUR PONIENTE"},"geometry":{"type":"LineString","coordinates":[[-70.674942,-33.452777],[-70.67617,-33.453064]]}},{"type":"Feature","properties":{"OBJECTID":2175,"ESPECIE_PR":"QUILLAY","NOM_CIENT_":"QUILLAJA SAPONARIA","CALLE":"SAN ALFONSO","SECTOR":"SUR PONIENTE"},"geometry":{"type":"LineString","coordinates":[[-70.676336,-33.452001],[-70.676393,-33.452116],[-70.67617,-33.453064]]}},{"type":"Feature","properties":{"OBJECTID":2187,"ESPECIE_PR":"QUILLAY","NOM_CIENT_":"QUILLAJA SAPONARIA","CALLE":"TOESCA","SECTOR":"SUR PONIENTE"},"geometry":{"type":"LineString","coordinates":[[-70.660322,-33.453124],[-70.661493,-33.453368]]}},{"type":"Feature","properties":{"OBJECTID":2188,"ESPECIE_PR":"SOPHORA JAPONICA","NOM_CIENT_":"SOPHORA JAPONICA","CALLE":"VERGARA","SECTOR":"SUR PONIENTE"},"geometry":{"type":"LineString","coordinates":[[-70.661675,-33.452166],[-70.661666,-33.45222],[-70.661493,-33.453368]]}},{"type":"Feature","properties":{"OBJECTID":2193,"ESPECIE_PR":"ALGARROBO CHILENO","NOM_CIENT_":"PROSOPIS CHILENSIS","CALLE":"GORBEA","SECTOR":"SUR PONIENTE"},"geometry":{"type":"LineString","coordinates":[[-70.666261,-33.453142],[-70.667361,-33.453379]]}},{"type":"Feature","properties":{"OBJECTID":2194,"ESPECIE_PR":"ALMEZ","NOM_CIENT_":"CELTIS AUSTRALIS","CALLE":"REPUBLICA","SECTOR":"SUR PONIENTE"},"geometry":{"type":"LineString","coordinates":[[-70.667578,-33.452228],[-70.667361,-33.453379]]}},{"type":"Feature","properties":{"OBJECTID":2197,"ESPECIE_PR":"ALMEZ","NOM_CIENT_":"CELTIS AUSTRALIS","CALLE":"GRAJALES","SECTOR":"SUR PONIENTE"},"geometry":{"type":"LineString","coordinates":[[-70.670435,-33.45286],[-70.672479,-33.453328]]}},{"type":"Feature","properties":{"OBJECTID":2198,"ESPECIE_PR":"LIQUIDAMBAR","NOM_CIENT_":"LIQUIDAMBAR STYRACIFLUA","CALLE":"ABATE MOLINA","SECTOR":"SUR PONIENTE"},"geometry":{"type":"LineString","coordinates":[[-70.672512,-33.45221],[-70.672479,-33.453328]]}},{"type":"Feature","properties":{"OBJECTID":2199,"ESPECIE_PR":"ALMEZ","NOM_CIENT_":"CELTIS AUSTRALIS","CALLE":"SAZIE","SECTOR":"SUR PONIENTE"},"geometry":{"type":"LineString","coordinates":[[-70.67617,-33.453064],[-70.677193,-33.453287]]}},{"type":"Feature","properties":{"OBJECTID":2200,"ESPECIE_PR":"LIQUIDAMBAR","NOM_CIENT_":"LIQUIDAMBAR STYRACIFLUA","CALLE":"CONFERENCIA","SECTOR":"SUR PONIENTE"},"geometry":{"type":"LineString","coordinates":[[-70.677203,-33.452223],[-70.677262,-33.452308],[-70.677193,-33.453287]]}},{"type":"Feature","properties":{"OBJECTID":2207,"ESPECIE_PR":"JACARANDA","NOM_CIENT_":"JACARANDA MIMOSIFOLIA","CALLE":"AVENIDA MANUEL RODRIGUEZ SUR","SECTOR":"SUR PONIENTE"},"geometry":{"type":"LineString","coordinates":[[-70.658741,-33.453026],[-70.658572,-33.453623]]}},{"type":"Feature","properties":{"OBJECTID":2211,"ESPECIE_PR":"QUILLAY","NOM_CIENT_":"QUILLAJA SAPONARIA","CALLE":"TOESCA","SECTOR":"SUR PONIENTE"},"geometry":{"type":"LineString","coordinates":[[-70.661493,-33.453368],[-70.661565,-33.453376],[-70.662843,-33.453638],[-70.662935,-33.453655]]}},{"type":"Feature","properties":{"OBJECTID":2212,"ESPECIE_PR":"ROBLE DE SANTIAGO","NOM_CIENT_":"NOTHOFAGUS MACROCARPA","CALLE":"GENERAL JOSE MIGUEL CARRERA","SECTOR":"SUR PONIENTE"},"geometry":{"type":"LineString","coordinates":[[-70.663086,-33.452463],[-70.663081,-33.452535],[-70.662935,-33.453655]]}},{"type":"Feature","properties":{"OBJECTID":2213,"ESPECIE_PR":"ALMEZ","NOM_CIENT_":"CELTIS AUSTRALIS","CALLE":"GRAJALES","SECTOR":"SUR PONIENTE"},"geometry":{"type":"LineString","coordinates":[[-70.672479,-33.453328],[-70.673377,-33.453535]]}},{"type":"Feature","properties":{"OBJECTID":2214,"ESPECIE_PR":"LIQUIDAMBAR","NOM_CIENT_":"LIQUIDAMBAR STYRACIFLUA","CALLE":"UNION AMERICANA","SECTOR":"SUR PONIENTE"},"geometry":{"type":"LineString","coordinates":[[-70.673623,-33.452456],[-70.673377,-33.453535]]}},{"type":"Feature","properties":{"OBJECTID":2215,"ESPECIE_PR":"ALMEZ","NOM_CIENT_":"CELTIS AUSTRALIS","CALLE":"SAZIE","SECTOR":"SUR PONIENTE"},"geometry":{"type":"LineString","coordinates":[[-70.677193,-33.453287],[-70.678034,-33.453479]]}},{"type":"Feature","properties":{"OBJECTID":2219,"ESPECIE_PR":"ALGARROBO CHILENO","NOM_CIENT_":"PROSOPIS CHILENSIS","CALLE":"GORBEA","SECTOR":"SUR PONIENTE"},"geometry":{"type":"LineString","coordinates":[[-70.667361,-33.453379],[-70.668624,-33.453644]]}},{"type":"Feature","properties":{"OBJECTID":2231,"ESPECIE_PR":"ALGARROBO CHILENO","NOM_CIENT_":"PROSOPIS CHILENSIS","CALLE":"GORBEA","SECTOR":"SUR PONIENTE"},"geometry":{"type":"LineString","coordinates":[[-70.668624,-33.453644],[-70.669157,-33.453752],[-70.669283,-33.453791]]}},{"type":"Feature","properties":{"OBJECTID":2232,"ESPECIE_PR":"ROBLE AMERICANO","NOM_CIENT_":"QUERCUS RUBRA","CALLE":"AVENIDA ESPANA","SECTOR":"SUR PONIENTE"},"geometry":{"type":"LineString","coordinates":[[-70.669543,-33.452665],[-70.669283,-33.453791]]}},{"type":"Feature","properties":{"OBJECTID":2234,"ESPECIE_PR":"JACARANDA","NOM_CIENT_":"JACARANDA MIMOSIFOLIA","CALLE":"AVENIDA MANUEL RODRIGUEZ SUR","SECTOR":"SUR PONIENTE"},"geometry":{"type":"LineString","coordinates":[[-70.659612,-33.452957],[-70.659685,-33.453043],[-70.659638,-33.453113],[-70.659611,-33.453204],[-70.659563,-33.453295],[-70.659518,-33.453349],[-70.659448,-33.453413],[-70.659433,-33.453421],[-70.659301,-33.453473],[-70.659205,-33.453498],[-70.659088,-33.453517],[-70.658904,-33.453523],[-70.658829,-33.453556],[-70.658761,-33.453717],[-70.658688,-33.453979]]}},{"type":"Feature","properties":{"OBJECTID":2235,"ESPECIE_PR":"QUILLAY","NOM_CIENT_":"QUILLAJA SAPONARIA","CALLE":"TOESCA","SECTOR":"SUR PONIENTE"},"geometry":{"type":"LineString","coordinates":[[-70.662935,-33.453655],[-70.663059,-33.453681],[-70.663998,-33.453866],[-70.664277,-33.453917],[-70.664348,-33.453943]]}},{"type":"Feature","properties":{"OBJECTID":2236,"ESPECIE_PR":"LIQUIDAMBAR","NOM_CIENT_":"LIQUIDAMBAR STYRACIFLUA","CALLE":"ALMIRANTE LATORRE","SECTOR":"SUR PONIENTE"},"geometry":{"type":"LineString","coordinates":[[-70.664458,-33.45276],[-70.664452,-33.452814],[-70.664348,-33.453943]]}},{"type":"Feature","properties":{"OBJECTID":2243,"ESPECIE_PR":"ALMEZ","NOM_CIENT_":"CELTIS AUSTRALIS","CALLE":"GRAJALES","SECTOR":"SUR PONIENTE"},"geometry":{"type":"LineString","coordinates":[[-70.673377,-33.453535],[-70.674707,-33.453828]]}},{"type":"Feature","properties":{"OBJECTID":2244,"ESPECIE_PR":"QUILLAY","NOM_CIENT_":"QUILLAJA SAPONARIA","CALLE":"BASCUNAN GUERRERO","SECTOR":"SUR PONIENTE"},"geometry":{"type":"LineString","coordinates":[[-70.674942,-33.452777],[-70.674707,-33.453828]]}},{"type":"Feature","properties":{"OBJECTID":2248,"ESPECIE_PR":"QUILLAY","NOM_CIENT_":"QUILLAJA SAPONARIA","CALLE":"GAY","SECTOR":"SUR PONIENTE"},"geometry":{"type":"LineString","coordinates":[[-70.658688,-33.453979],[-70.658787,-33.454008],[-70.659313,-33.454114]]}},{"type":"Feature","properties":{"OBJECTID":2251,"ESPECIE_PR":"QUILLAY","NOM_CIENT_":"QUILLAJA SAPONARIA","CALLE":"TOESCA","SECTOR":"SUR PONIENTE"},"geometry":{"type":"LineString","coordinates":[[-70.664348,-33.453943],[-70.665043,-33.454078]]}},{"type":"Feature","properties":{"OBJECTID":2252,"ESPECIE_PR":"ALMEZ","NOM_CIENT_":"CELTIS AUSTRALIS","CALLE":"AVENIDA CLUB HIPICO","SECTOR":"SUR PONIENTE"},"geometry":{"type":"LineString","coordinates":[[-70.665047,-33.452884],[-70.665043,-33.454078]]}},{"type":"Feature","properties":{"OBJECTID":2256,"ESPECIE_PR":"QUILLAY","NOM_CIENT_":"QUILLAJA SAPONARIA","CALLE":"GAY","SECTOR":"SUR PONIENTE"},"geometry":{"type":"LineString","coordinates":[[-70.659313,-33.454114],[-70.660097,-33.454266]]}},{"type":"Feature","properties":{"OBJECTID":2257,"ESPECIE_PR":"ALMEZ","NOM_CIENT_":"CELTIS AUSTRALIS","CALLE":"EJERCITO","SECTOR":"SUR PONIENTE"},"geometry":{"type":"LineString","coordinates":[[-70.660322,-33.453124],[-70.66018,-33.453839],[-70.660097,-33.454266]]}},{"type":"Feature","properties":{"OBJECTID":2258,"ESPECIE_PR":"ROBLE DE SANTIAGO","NOM_CIENT_":"NOTHOFAGUS MACROCARPA","CALLE":"GENERAL JOSE MIGUEL CARRERA","SECTOR":"SUR PONIENTE"},"geometry":{"type":"LineString","coordinates":[[-70.662935,-33.453655],[-70.662873,-33.454231]]}},{"type":"Feature","properties":{"OBJECTID":2264,"ESPECIE_PR":"ALMEZ","NOM_CIENT_":"CELTIS AUSTRALIS","CALLE":"GRAJALES","SECTOR":"SUR PONIENTE"},"geometry":{"type":"LineString","coordinates":[[-70.674707,-33.453828],[-70.675931,-33.454093]]}},{"type":"Feature","properties":{"OBJECTID":2265,"ESPECIE_PR":"QUILLAY","NOM_CIENT_":"QUILLAJA SAPONARIA","CALLE":"SAN ALFONSO","SECTOR":"SUR PONIENTE"},"geometry":{"type":"LineString","coordinates":[[-70.67617,-33.453064],[-70.675931,-33.454093]]}},{"type":"Feature","properties":{"OBJECTID":2271,"ESPECIE_PR":"LIQUIDAMBAR","NOM_CIENT_":"LIQUIDAMBAR STYRACIFLUA","CALLE":"ALMIRANTE LATORRE","SECTOR":"SUR PONIENTE"},"geometry":{"type":"LineString","coordinates":[[-70.664348,-33.453943],[-70.66434,-33.454015],[-70.664305,-33.454313]]}},{"type":"Feature","properties":{"OBJECTID":2278,"ESPECIE_PR":"QUILLAY","NOM_CIENT_":"QUILLAJA SAPONARIA","CALLE":"TOESCA","SECTOR":"SUR PONIENTE"},"geometry":{"type":"LineString","coordinates":[[-70.665043,-33.454078],[-70.666203,-33.454324]]}},{"type":"Feature","properties":{"OBJECTID":2279,"ESPECIE_PR":"QUILLAY","NOM_CIENT_":"QUILLAJA SAPONARIA","CALLE":"ECHAURREN","SECTOR":"SUR PONIENTE"},"geometry":{"type":"LineString","coordinates":[[-70.666261,-33.453142],[-70.666203,-33.454324]]}},{"type":"Feature","properties":{"OBJECTID":2282,"ESPECIE_PR":"ALMEZ","NOM_CIENT_":"CELTIS AUSTRALIS","CALLE":"AVENIDA CLUB HIPICO","SECTOR":"SUR PONIENTE"},"geometry":{"type":"LineString","coordinates":[[-70.665043,-33.454078],[-70.665035,-33.45415],[-70.665035,-33.454362]]}},{"type":"Feature","properties":{"OBJECTID":2288,"ESPECIE_PR":"QUILLAY","NOM_CIENT_":"QUILLAJA SAPONARIA","CALLE":"GAY","SECTOR":"SUR PONIENTE"},"geometry":{"type":"LineString","coordinates":[[-70.660097,-33.454266],[-70.661204,-33.454481],[-70.661306,-33.454504],[-70.661319,-33.454507]]}},{"type":"Feature","properties":{"OBJECTID":2289,"ESPECIE_PR":"SOPHORA JAPONICA","NOM_CIENT_":"SOPHORA JAPONICA","CALLE":"VERGARA","SECTOR":"SUR PONIENTE"},"geometry":{"type":"LineString","coordinates":[[-70.661493,-33.453368],[-70.66148,-33.453458],[-70.661319,-33.454507]]}},{"type":"Feature","properties":{"OBJECTID":2295,"ESPECIE_PR":"SIN ESPECIE","NOM_CIENT_":"SIN ESPECIE","CALLE":"ALMIRANTE HURTADO","SECTOR":"SUR PONIENTE"},"geometry":{"type":"LineString","coordinates":[[-70.662873,-33.454231],[-70.664288,-33.454512]]}},{"type":"Feature","properties":{"OBJECTID":2296,"ESPECIE_PR":"LIQUIDAMBAR","NOM_CIENT_":"LIQUIDAMBAR STYRACIFLUA","CALLE":"ALMIRANTE LATORRE","SECTOR":"SUR PONIENTE"},"geometry":{"type":"LineString","coordinates":[[-70.664305,-33.454313],[-70.664288,-33.454512]]}},{"type":"Feature","properties":{"OBJECTID":2297,"ESPECIE_PR":"ALMEZ","NOM_CIENT_":"CELTIS AUSTRALIS","CALLE":"GRAJALES","SECTOR":"SUR PONIENTE"},"geometry":{"type":"LineString","coordinates":[[-70.675931,-33.454093],[-70.677147,-33.454355]]}},{"type":"Feature","properties":{"OBJECTID":2298,"ESPECIE_PR":"LIQUIDAMBAR","NOM_CIENT_":"LIQUIDAMBAR STYRACIFLUA","CALLE":"CONFERENCIA","SECTOR":"SUR PONIENTE"},"geometry":{"type":"LineString","coordinates":[[-70.677193,-33.453287],[-70.677147,-33.454355]]}},{"type":"Feature","properties":{"OBJECTID":2299,"ESPECIE_PR":"QUILLAY","NOM_CIENT_":"QUILLAJA SAPONARIA","CALLE":"TOESCA","SECTOR":"SUR PONIENTE"},"geometry":{"type":"LineString","coordinates":[[-70.666203,-33.454324],[-70.667091,-33.454501]]}},{"type":"Feature","properties":{"OBJECTID":2300,"ESPECIE_PR":"ALMEZ","NOM_CIENT_":"CELTIS AUSTRALIS","CALLE":"REPUBLICA","SECTOR":"SUR PONIENTE"},"geometry":{"type":"LineString","coordinates":[[-70.667361,-33.453379],[-70.66724,-33.453462],[-70.667054,-33.454412],[-70.667091,-33.454501]]}},{"type":"Feature","properties":{"OBJECTID":2301,"ESPECIE_PR":"ALMEZ","NOM_CIENT_":"CELTIS AUSTRALIS","CALLE":"REPUBLICA","SECTOR":"SUR PONIENTE"},"geometry":{"type":"LineString","coordinates":[[-70.667361,-33.453379],[-70.667337,-33.453479],[-70.667151,-33.454419],[-70.667091,-33.454501]]}},{"type":"Feature","properties":{"OBJECTID":2302,"ESPECIE_PR":"ALGARROBO CHILENO","NOM_CIENT_":"PROSOPIS CHILENSIS","CALLE":"GORBEA","SECTOR":"SUR PONIENTE"},"geometry":{"type":"LineString","coordinates":[[-70.669283,-33.453791],[-70.672424,-33.454463]]}},{"type":"Feature","properties":{"OBJECTID":2303,"ESPECIE_PR":"LIQUIDAMBAR","NOM_CIENT_":"LIQUIDAMBAR STYRACIFLUA","CALLE":"ABATE MOLINA","SECTOR":"SUR PONIENTE"},"geometry":{"type":"LineString","coordinates":[[-70.672479,-33.453328],[-70.672424,-33.454463]]}},{"type":"Feature","properties":{"OBJECTID":2305,"ESPECIE_PR":"ROBLE AMERICANO","NOM_CIENT_":"QUERCUS RUBRA","CALLE":"AVENIDA ESPANA","SECTOR":"SUR PONIENTE"},"geometry":{"type":"LineString","coordinates":[[-70.669283,-33.453791],[-70.669104,-33.454519]]}},{"type":"Feature","properties":{"OBJECTID":2309,"ESPECIE_PR":"ALMEZ","NOM_CIENT_":"CELTIS AUSTRALIS","CALLE":"GRAJALES","SECTOR":"SUR PONIENTE"},"geometry":{"type":"LineString","coordinates":[[-70.677147,-33.454355],[-70.677461,-33.454424]]}},{"type":"Feature","properties":{"OBJECTID":2314,"ESPECIE_PR":"ALGARROBO CHILENO","NOM_CIENT_":"PROSOPIS CHILENSIS","CALLE":"GORBEA","SECTOR":"SUR PONIENTE"},"geometry":{"type":"LineString","coordinates":[[-70.672424,-33.454463],[-70.673006,-33.454575],[-70.673114,-33.4546]]}},{"type":"Feature","properties":{"OBJECTID":2315,"ESPECIE_PR":"LIQUIDAMBAR","NOM_CIENT_":"LIQUIDAMBAR STYRACIFLUA","CALLE":"UNION AMERICANA","SECTOR":"SUR PONIENTE"},"geometry":{"type":"LineString","coordinates":[[-70.673377,-33.453535],[-70.673114,-33.4546]]}},{"type":"Feature","properties":{"OBJECTID":2316,"ESPECIE_PR":"ALMEZ","NOM_CIENT_":"CELTIS AUSTRALIS","CALLE":"GRAJALES","SECTOR":"SUR PONIENTE"},"geometry":{"type":"LineString","coordinates":[[-70.677461,-33.454424],[-70.677539,-33.454441],[-70.67792,-33.454517],[-70.678116,-33.454578]]}},{"type":"Feature","properties":{"OBJECTID":2319,"ESPECIE_PR":"QUILLAY","NOM_CIENT_":"QUILLAJA SAPONARIA","CALLE":"GAY","SECTOR":"SUR PONIENTE"},"geometry":{"type":"LineString","coordinates":[[-70.661319,-33.454507],[-70.662786,-33.454802]]}},{"type":"Feature","properties":{"OBJECTID":2320,"ESPECIE_PR":"ROBLE DE SANTIAGO","NOM_CIENT_":"NOTHOFAGUS MACROCARPA","CALLE":"GENERAL JOSE MIGUEL CARRERA","SECTOR":"SUR PONIENTE"},"geometry":{"type":"LineString","coordinates":[[-70.662873,-33.454231],[-70.662786,-33.454802]]}},{"type":"Feature","properties":{"OBJECTID":2325,"ESPECIE_PR":"QUILLAY","NOM_CIENT_":"QUILLAJA SAPONARIA","CALLE":"TOESCA","SECTOR":"SUR PONIENTE"},"geometry":{"type":"LineString","coordinates":[[-70.667091,-33.454501],[-70.66836,-33.454757]]}},{"type":"Feature","properties":{"OBJECTID":2330,"ESPECIE_PR":"QUILLAY","NOM_CIENT_":"QUILLAJA SAPONARIA","CALLE":"TOESCA","SECTOR":"SUR PONIENTE"},"geometry":{"type":"LineString","coordinates":[[-70.66836,-33.454757],[-70.66902,-33.45489]]}},{"type":"Feature","properties":{"OBJECTID":2331,"ESPECIE_PR":"ROBLE AMERICANO","NOM_CIENT_":"QUERCUS RUBRA","CALLE":"AVENIDA ESPANA","SECTOR":"SUR PONIENTE"},"geometry":{"type":"LineString","coordinates":[[-70.669104,-33.454519],[-70.66902,-33.45489]]}},{"type":"Feature","properties":{"OBJECTID":2336,"ESPECIE_PR":"JACARANDA","NOM_CIENT_":"JACARANDA MIMOSIFOLIA","CALLE":"AVENIDA MANUEL RODRIGUEZ SUR","SECTOR":"SUR PONIENTE"},"geometry":{"type":"LineString","coordinates":[[-70.658688,-33.453979],[-70.658546,-33.454423],[-70.658358,-33.454859],[-70.658311,-33.454951],[-70.658289,-33.455088]]}},{"type":"Feature","properties":{"OBJECTID":2337,"ESPECIE_PR":"ALGARROBO CHILENO","NOM_CIENT_":"PROSOPIS CHILENSIS","CALLE":"GORBEA","SECTOR":"SUR PONIENTE"},"geometry":{"type":"LineString","coordinates":[[-70.673114,-33.4546],[-70.674474,-33.45488]]}},{"type":"Feature","properties":{"OBJECTID":2338,"ESPECIE_PR":"QUILLAY","NOM_CIENT_":"QUILLAJA SAPONARIA","CALLE":"BASCUNAN GUERRERO","SECTOR":"SUR PONIENTE"},"geometry":{"type":"LineString","coordinates":[[-70.674707,-33.453828],[-70.674474,-33.45488]]}},{"type":"Feature","properties":{"OBJECTID":2345,"ESPECIE_PR":"QUILLAY","NOM_CIENT_":"QUILLAJA SAPONARIA","CALLE":"GAY","SECTOR":"SUR PONIENTE"},"geometry":{"type":"LineString","coordinates":[[-70.662786,-33.454802],[-70.664234,-33.45509]]}},{"type":"Feature","properties":{"OBJECTID":2346,"ESPECIE_PR":"LIQUIDAMBAR","NOM_CIENT_":"LIQUIDAMBAR STYRACIFLUA","CALLE":"ALMIRANTE LATORRE","SECTOR":"SUR PONIENTE"},"geometry":{"type":"LineString","coordinates":[[-70.664288,-33.454512],[-70.664234,-33.45509]]}},{"type":"Feature","properties":{"OBJECTID":2362,"ESPECIE_PR":"QUILLAY","NOM_CIENT_":"QUILLAJA SAPONARIA","CALLE":"GAY","SECTOR":"SUR PONIENTE"},"geometry":{"type":"LineString","coordinates":[[-70.664234,-33.45509],[-70.665011,-33.455242]]}},{"type":"Feature","properties":{"OBJECTID":2363,"ESPECIE_PR":"ALMEZ","NOM_CIENT_":"CELTIS AUSTRALIS","CALLE":"AVENIDA CLUB HIPICO","SECTOR":"SUR PONIENTE"},"geometry":{"type":"LineString","coordinates":[[-70.665035,-33.454362],[-70.665011,-33.455242]]}},{"type":"Feature","properties":{"OBJECTID":2366,"ESPECIE_PR":"ALGARROBO CHILENO","NOM_CIENT_":"PROSOPIS CHILENSIS","CALLE":"GORBEA","SECTOR":"SUR PONIENTE"},"geometry":{"type":"LineString","coordinates":[[-70.674474,-33.45488],[-70.675694,-33.455125]]}},{"type":"Feature","properties":{"OBJECTID":2367,"ESPECIE_PR":"QUILLAY","NOM_CIENT_":"QUILLAJA SAPONARIA","CALLE":"SAN ALFONSO","SECTOR":"SUR PONIENTE"},"geometry":{"type":"LineString","coordinates":[[-70.675931,-33.454093],[-70.675694,-33.455125]]}},{"type":"Feature","properties":{"OBJECTID":2373,"ESPECIE_PR":"ALMEZ","NOM_CIENT_":"CELTIS AUSTRALIS","CALLE":"DOMEYKO","SECTOR":"SUR PONIENTE"},"geometry":{"type":"LineString","coordinates":[[-70.658289,-33.455088],[-70.659878,-33.455398]]}},{"type":"Feature","properties":{"OBJECTID":2374,"ESPECIE_PR":"ALMEZ","NOM_CIENT_":"CELTIS AUSTRALIS","CALLE":"EJERCITO","SECTOR":"SUR PONIENTE"},"geometry":{"type":"LineString","coordinates":[[-70.660097,-33.454266],[-70.659878,-33.455398]]}},{"type":"Feature","properties":{"OBJECTID":2378,"ESPECIE_PR":"ROBLE DE SANTIAGO","NOM_CIENT_":"NOTHOFAGUS MACROCARPA","CALLE":"GENERAL JOSE MIGUEL CARRERA","SECTOR":"SUR PONIENTE"},"geometry":{"type":"LineString","coordinates":[[-70.662786,-33.454802],[-70.662699,-33.455444]]}},{"type":"Feature","properties":{"OBJECTID":2389,"ESPECIE_PR":"QUILLAY","NOM_CIENT_":"QUILLAJA SAPONARIA","CALLE":"GAY","SECTOR":"SUR PONIENTE"},"geometry":{"type":"LineString","coordinates":[[-70.665011,-33.455242],[-70.66509,-33.45526],[-70.666021,-33.455452],[-70.666144,-33.455473]]}},{"type":"Feature","properties":{"OBJECTID":2390,"ESPECIE_PR":"QUILLAY","NOM_CIENT_":"QUILLAJA SAPONARIA","CALLE":"ECHAURREN","SECTOR":"SUR PONIENTE"},"geometry":{"type":"LineString","coordinates":[[-70.666203,-33.454324],[-70.666144,-33.455473]]}},{"type":"Feature","properties":{"OBJECTID":2394,"ESPECIE_PR":"ALGARROBO CHILENO","NOM_CIENT_":"PROSOPIS CHILENSIS","CALLE":"GORBEA","SECTOR":"SUR PONIENTE"},"geometry":{"type":"LineString","coordinates":[[-70.675694,-33.455125],[-70.676909,-33.455388],[-70.676909,-33.455388]]}},{"type":"Feature","properties":{"OBJECTID":2395,"ESPECIE_PR":"LIQUIDAMBAR","NOM_CIENT_":"LIQUIDAMBAR STYRACIFLUA","CALLE":"CONFERENCIA","SECTOR":"SUR PONIENTE"},"geometry":{"type":"LineString","coordinates":[[-70.677147,-33.454355],[-70.67692,-33.455343],[-70.676909,-33.455388]]}},{"type":"Feature","properties":{"OBJECTID":2398,"ESPECIE_PR":"ALMEZ","NOM_CIENT_":"CELTIS AUSTRALIS","CALLE":"DOMEYKO","SECTOR":"SUR PONIENTE"},"geometry":{"type":"LineString","coordinates":[[-70.659878,-33.455398],[-70.660708,-33.455561],[-70.661136,-33.455645]]}},{"type":"Feature","properties":{"OBJECTID":2399,"ESPECIE_PR":"SOPHORA JAPONICA","NOM_CIENT_":"SOPHORA JAPONICA","CALLE":"VERGARA","SECTOR":"SUR PONIENTE"},"geometry":{"type":"LineString","coordinates":[[-70.661319,-33.454507],[-70.661151,-33.455555],[-70.661136,-33.455645]]}},{"type":"Feature","properties":{"OBJECTID":2405,"ESPECIE_PR":"LIQUIDAMBAR","NOM_CIENT_":"LIQUIDAMBAR STYRACIFLUA","CALLE":"ALMIRANTE LATORRE","SECTOR":"SUR PONIENTE"},"geometry":{"type":"LineString","coordinates":[[-70.664234,-33.45509],[-70.664221,-33.455153],[-70.66419,-33.455514],[-70.664181,-33.455622]]}},{"type":"Feature","properties":{"OBJECTID":2408,"ESPECIE_PR":"QUILLAY","NOM_CIENT_":"QUILLAJA SAPONARIA","CALLE":"GAY","SECTOR":"SUR PONIENTE"},"geometry":{"type":"LineString","coordinates":[[-70.666144,-33.455473],[-70.666221,-33.455487],[-70.666231,-33.455489],[-70.666863,-33.455628]]}},{"type":"Feature","properties":{"OBJECTID":2409,"ESPECIE_PR":"ALMEZ","NOM_CIENT_":"CELTIS AUSTRALIS","CALLE":"REPUBLICA","SECTOR":"SUR PONIENTE"},"geometry":{"type":"LineString","coordinates":[[-70.667091,-33.454501],[-70.667025,-33.454565],[-70.666848,-33.455478],[-70.666839,-33.455524],[-70.666863,-33.455628]]}},{"type":"Feature","properties":{"OBJECTID":2410,"ESPECIE_PR":"ALMEZ","NOM_CIENT_":"CELTIS AUSTRALIS","CALLE":"REPUBLICA","SECTOR":"SUR PONIENTE"},"geometry":{"type":"LineString","coordinates":[[-70.667091,-33.454501],[-70.667121,-33.454582],[-70.666946,-33.455477],[-70.666935,-33.455531],[-70.666863,-33.455628]]}},{"type":"Feature","properties":{"OBJECTID":2411,"ESPECIE_PR":"QUILLAY","NOM_CIENT_":"QUILLAJA SAPONARIA","CALLE":"TOESCA","SECTOR":"SUR PONIENTE"},"geometry":{"type":"LineString","coordinates":[[-70.66902,-33.45489],[-70.669111,-33.454906],[-70.671633,-33.455414],[-70.672275,-33.455543],[-70.672356,-33.455556]]}},{"type":"Feature","properties":{"OBJECTID":2412,"ESPECIE_PR":"LIQUIDAMBAR","NOM_CIENT_":"LIQUIDAMBAR STYRACIFLUA","CALLE":"ABATE MOLINA","SECTOR":"SUR PONIENTE"},"geometry":{"type":"LineString","coordinates":[[-70.672424,-33.454463],[-70.672431,-33.454538],[-70.672367,-33.455404],[-70.672356,-33.455556]]}},{"type":"Feature","properties":{"OBJECTID":2413,"ESPECIE_PR":"ALGARROBO CHILENO","NOM_CIENT_":"PROSOPIS CHILENSIS","CALLE":"GORBEA","SECTOR":"SUR PONIENTE"},"geometry":{"type":"LineString","coordinates":[[-70.676909,-33.455388],[-70.677383,-33.455472],[-70.677481,-33.455488]]}},{"type":"Feature","properties":{"OBJECTID":2419,"ESPECIE_PR":"ALGARROBO CHILENO","NOM_CIENT_":"PROSOPIS CHILENSIS","CALLE":"GORBEA","SECTOR":"SUR PONIENTE"},"geometry":{"type":"LineString","coordinates":[[-70.677481,-33.455488],[-70.678181,-33.455533]]}},{"type":"Feature","properties":{"OBJECTID":2421,"ESPECIE_PR":"QUILLAY","NOM_CIENT_":"QUILLAJA SAPONARIA","CALLE":"TOESCA","SECTOR":"SUR PONIENTE"},"geometry":{"type":"LineString","coordinates":[[-70.672356,-33.455556],[-70.672444,-33.455569],[-70.67279,-33.455638],[-70.672865,-33.455651]]}},{"type":"Feature","properties":{"OBJECTID":2422,"ESPECIE_PR":"LIQUIDAMBAR","NOM_CIENT_":"LIQUIDAMBAR STYRACIFLUA","CALLE":"UNION AMERICANA","SECTOR":"SUR PONIENTE"},"geometry":{"type":"LineString","coordinates":[[-70.673114,-33.4546],[-70.673103,-33.454664],[-70.672926,-33.455397],[-70.672865,-33.455651]]}},{"type":"Feature","properties":{"OBJECTID":2426,"ESPECIE_PR":"ALMEZ","NOM_CIENT_":"CELTIS AUSTRALIS","CALLE":"DOMEYKO","SECTOR":"SUR PONIENTE"},"geometry":{"type":"LineString","coordinates":[[-70.661136,-33.455645],[-70.662155,-33.455848]]}},{"type":"Feature","properties":{"OBJECTID":2430,"ESPECIE_PR":"ALMEZ","NOM_CIENT_":"CELTIS AUSTRALIS","CALLE":"DOMEYKO","SECTOR":"SUR PONIENTE"},"geometry":{"type":"LineString","coordinates":[[-70.662155,-33.455848],[-70.662635,-33.45595]]}},{"type":"Feature","properties":{"OBJECTID":2431,"ESPECIE_PR":"ROBLE DE SANTIAGO","NOM_CIENT_":"NOTHOFAGUS MACROCARPA","CALLE":"GENERAL JOSE MIGUEL CARRERA","SECTOR":"SUR PONIENTE"},"geometry":{"type":"LineString","coordinates":[[-70.662699,-33.455444],[-70.662688,-33.455534],[-70.662635,-33.45595]]}},{"type":"Feature","properties":{"OBJECTID":2443,"ESPECIE_PR":"QUILLAY","NOM_CIENT_":"QUILLAJA SAPONARIA","CALLE":"GAY","SECTOR":"SUR PONIENTE"},"geometry":{"type":"LineString","coordinates":[[-70.666863,-33.455628],[-70.668779,-33.455994]]}},{"type":"Feature","properties":{"OBJECTID":2444,"ESPECIE_PR":"ROBLE AMERICANO","NOM_CIENT_":"QUERCUS RUBRA","CALLE":"AVENIDA ESPANA","SECTOR":"SUR PONIENTE"},"geometry":{"type":"LineString","coordinates":[[-70.66902,-33.45489],[-70.668897,-33.455451],[-70.668779,-33.455994]]}},{"type":"Feature","properties":{"OBJECTID":2445,"ESPECIE_PR":"QUILLAY","NOM_CIENT_":"QUILLAJA SAPONARIA","CALLE":"TOESCA","SECTOR":"SUR PONIENTE"},"geometry":{"type":"LineString","coordinates":[[-70.672865,-33.455651],[-70.674217,-33.455928]]}},{"type":"Feature","properties":{"OBJECTID":2446,"ESPECIE_PR":"QUILLAY","NOM_CIENT_":"QUILLAJA SAPONARIA","CALLE":"BASCUNAN GUERRERO","SECTOR":"SUR PONIENTE"},"geometry":{"type":"LineString","coordinates":[[-70.674474,-33.45488],[-70.674352,-33.455377],[-70.674217,-33.455928]]}},{"type":"Feature","properties":{"OBJECTID":2460,"ESPECIE_PR":"ALMEZ","NOM_CIENT_":"CELTIS AUSTRALIS","CALLE":"DOMEYKO","SECTOR":"SUR PONIENTE"},"geometry":{"type":"LineString","coordinates":[[-70.662635,-33.45595],[-70.664001,-33.456211],[-70.664115,-33.456237]]}},{"type":"Feature","properties":{"OBJECTID":2461,"ESPECIE_PR":"LIQUIDAMBAR","NOM_CIENT_":"LIQUIDAMBAR STYRACIFLUA","CALLE":"ALMIRANTE LATORRE","SECTOR":"SUR PONIENTE"},"geometry":{"type":"LineString","coordinates":[[-70.664181,-33.455622],[-70.664115,-33.456237]]}},{"type":"Feature","properties":{"OBJECTID":2471,"ESPECIE_PR":"JACARANDA","NOM_CIENT_":"JACARANDA MIMOSIFOLIA","CALLE":"AVENIDA MANUEL RODRIGUEZ SUR","SECTOR":"SUR PONIENTE"},"geometry":{"type":"LineString","coordinates":[[-70.658572,-33.453623],[-70.658491,-33.45385],[-70.658304,-33.454466],[-70.6582,-33.454684],[-70.658048,-33.454947],[-70.657863,-33.45522],[-70.657562,-33.455603],[-70.657434,-33.455767],[-70.657272,-33.455968],[-70.657215,-33.456058],[-70.657082,-33.456382]]}},{"type":"Feature","properties":{"OBJECTID":2474,"ESPECIE_PR":"QUILLAY","NOM_CIENT_":"QUILLAJA SAPONARIA","CALLE":"TOESCA","SECTOR":"SUR PONIENTE"},"geometry":{"type":"LineString","coordinates":[[-70.674217,-33.455928],[-70.675331,-33.456143],[-70.675452,-33.456169]]}},{"type":"Feature","properties":{"OBJECTID":2475,"ESPECIE_PR":"QUILLAY","NOM_CIENT_":"QUILLAJA SAPONARIA","CALLE":"SAN ALFONSO","SECTOR":"SUR PONIENTE"},"geometry":{"type":"LineString","coordinates":[[-70.675694,-33.455125],[-70.67564,-33.45536],[-70.675452,-33.456169]]}},{"type":"Feature","properties":{"OBJECTID":2477,"ESPECIE_PR":"ALMEZ","NOM_CIENT_":"CELTIS AUSTRALIS","CALLE":"AVENIDA ALMIRANTE BLANCO ENCALADA","SECTOR":"SUR PONIENTE"},"geometry":{"type":"LineString","coordinates":[[-70.657082,-33.456382],[-70.657798,-33.45645]]}},{"type":"Feature","properties":{"OBJECTID":2478,"ESPECIE_PR":"JACARANDA","NOM_CIENT_":"JACARANDA MIMOSIFOLIA","CALLE":"AVENIDA MANUEL RODRIGUEZ SUR","SECTOR":"SUR PONIENTE"},"geometry":{"type":"LineString","coordinates":[[-70.658289,-33.455088],[-70.658191,-33.455181],[-70.657798,-33.45645]]}},{"type":"Feature","properties":{"OBJECTID":2481,"ESPECIE_PR":"ALMEZ","NOM_CIENT_":"CELTIS AUSTRALIS","CALLE":"DOMEYKO","SECTOR":"SUR PONIENTE"},"geometry":{"type":"LineString","coordinates":[[-70.664115,-33.456237],[-70.664911,-33.456397],[-70.664994,-33.456405]]}},{"type":"Feature","properties":{"OBJECTID":2482,"ESPECIE_PR":"ALMEZ","NOM_CIENT_":"CELTIS AUSTRALIS","CALLE":"AVENIDA CLUB HIPICO","SECTOR":"SUR PONIENTE"},"geometry":{"type":"LineString","coordinates":[[-70.665011,-33.455242],[-70.66502,-33.455312],[-70.665017,-33.455503],[-70.665,-33.456355],[-70.664994,-33.456405]]}},{"type":"Feature","properties":{"OBJECTID":2492,"ESPECIE_PR":"ALMEZ","NOM_CIENT_":"CELTIS AUSTRALIS","CALLE":"DOMEYKO","SECTOR":"SUR PONIENTE"},"geometry":{"type":"LineString","coordinates":[[-70.664994,-33.456405],[-70.665431,-33.456483]]}},{"type":"Feature","properties":{"OBJECTID":2495,"ESPECIE_PR":"ALMEZ","NOM_CIENT_":"CELTIS AUSTRALIS","CALLE":"AVENIDA ALMIRANTE BLANCO ENCALADA","SECTOR":"SUR PONIENTE"},"geometry":{"type":"LineString","coordinates":[[-70.657798,-33.45645],[-70.659646,-33.456594]]}},{"type":"Feature","properties":{"OBJECTID":2496,"ESPECIE_PR":"ALMEZ","NOM_CIENT_":"CELTIS AUSTRALIS","CALLE":"EJERCITO","SECTOR":"SUR PONIENTE"},"geometry":{"type":"LineString","coordinates":[[-70.659878,-33.455398],[-70.659845,-33.455572],[-70.659667,-33.456492],[-70.659646,-33.456594]]}},{"type":"Feature","properties":{"OBJECTID":2499,"ESPECIE_PR":"ALMEZ","NOM_CIENT_":"CELTIS AUSTRALIS","CALLE":"DOMEYKO","SECTOR":"SUR PONIENTE"},"geometry":{"type":"LineString","coordinates":[[-70.665431,-33.456483],[-70.66577,-33.456543]]}},{"type":"Feature","properties":{"OBJECTID":2500,"ESPECIE_PR":"QUILLAY","NOM_CIENT_":"QUILLAJA SAPONARIA","CALLE":"TOESCA","SECTOR":"SUR PONIENTE"},"geometry":{"type":"LineString","coordinates":[[-70.675452,-33.456169],[-70.675526,-33.456186],[-70.676457,-33.456376],[-70.676672,-33.456417]]}},{"type":"Feature","properties":{"OBJECTID":2501,"ESPECIE_PR":"LIQUIDAMBAR","NOM_CIENT_":"LIQUIDAMBAR STYRACIFLUA","CALLE":"CONFERENCIA","SECTOR":"SUR PONIENTE"},"geometry":{"type":"LineString","coordinates":[[-70.676909,-33.455388],[-70.676672,-33.456417]]}},{"type":"Feature","properties":{"OBJECTID":2503,"ESPECIE_PR":"ALMEZ","NOM_CIENT_":"CELTIS AUSTRALIS","CALLE":"AVENIDA ALMIRANTE BLANCO ENCALADA","SECTOR":"SUR PONIENTE"},"geometry":{"type":"LineString","coordinates":[[-70.659646,-33.456594],[-70.659757,-33.456564],[-70.660411,-33.456634],[-70.660424,-33.45667]]}},{"type":"Feature","properties":{"OBJECTID":2504,"ESPECIE_PR":"ALMEZ","NOM_CIENT_":"CELTIS AUSTRALIS","CALLE":"DOMEYKO","SECTOR":"SUR PONIENTE"},"geometry":{"type":"LineString","coordinates":[[-70.66577,-33.456543],[-70.666029,-33.45659],[-70.666067,-33.456607]]}},{"type":"Feature","properties":{"OBJECTID":2508,"ESPECIE_PR":"ALMEZ","NOM_CIENT_":"CELTIS AUSTRALIS","CALLE":"AVENIDA ALMIRANTE BLANCO ENCALADA","SECTOR":"SUR PONIENTE"},"geometry":{"type":"LineString","coordinates":[[-70.660424,-33.45667],[-70.660507,-33.456656],[-70.660811,-33.456669],[-70.660963,-33.456741]]}},{"type":"Feature","properties":{"OBJECTID":2509,"ESPECIE_PR":"SOPHORA JAPONICA","NOM_CIENT_":"SOPHORA JAPONICA","CALLE":"VERGARA","SECTOR":"SUR PONIENTE"},"geometry":{"type":"LineString","coordinates":[[-70.661136,-33.455645],[-70.660988,-33.456618],[-70.660963,-33.456741]]}},{"type":"Feature","properties":{"OBJECTID":2512,"ESPECIE_PR":"ALMEZ","NOM_CIENT_":"CELTIS AUSTRALIS","CALLE":"REPUBLICA","SECTOR":"SUR PONIENTE"},"geometry":{"type":"LineString","coordinates":[[-70.666863,-33.455628],[-70.666805,-33.455695],[-70.666631,-33.4566],[-70.666658,-33.456684]]}},{"type":"Feature","properties":{"OBJECTID":2513,"ESPECIE_PR":"ALMEZ","NOM_CIENT_":"CELTIS AUSTRALIS","CALLE":"REPUBLICA","SECTOR":"SUR PONIENTE"},"geometry":{"type":"LineString","coordinates":[[-70.666863,-33.455628],[-70.666899,-33.455712],[-70.666729,-33.456625],[-70.666658,-33.456684]]}},{"type":"Feature","properties":{"OBJECTID":2516,"ESPECIE_PR":"ALMEZ","NOM_CIENT_":"CELTIS AUSTRALIS","CALLE":"AVENIDA ALMIRANTE BLANCO ENCALADA","SECTOR":"SUR PONIENTE"},"geometry":{"type":"LineString","coordinates":[[-70.659646,-33.456594],[-70.659722,-33.45674],[-70.66027,-33.456784],[-70.660424,-33.45667]]}},{"type":"Feature","properties":{"OBJECTID":2521,"ESPECIE_PR":"QUILLAY","NOM_CIENT_":"QUILLAJA SAPONARIA","CALLE":"TOESCA","SECTOR":"SUR PONIENTE"},"geometry":{"type":"LineString","coordinates":[[-70.676672,-33.456417],[-70.67677,-33.456437],[-70.677494,-33.456576]]}},{"type":"Feature","properties":{"OBJECTID":2524,"ESPECIE_PR":"ALMEZ","NOM_CIENT_":"CELTIS AUSTRALIS","CALLE":"AVENIDA ALMIRANTE BLANCO ENCALADA","SECTOR":"SUR PONIENTE"},"geometry":{"type":"LineString","coordinates":[[-70.660963,-33.456741],[-70.66106,-33.456694],[-70.662011,-33.456786]]}},{"type":"Feature","properties":{"OBJECTID":2529,"ESPECIE_PR":"QUILLAY","NOM_CIENT_":"QUILLAJA SAPONARIA","CALLE":"GAY","SECTOR":"SUR PONIENTE"},"geometry":{"type":"LineString","coordinates":[[-70.668779,-33.455994],[-70.672275,-33.456695]]}},{"type":"Feature","properties":{"OBJECTID":2530,"ESPECIE_PR":"LIQUIDAMBAR","NOM_CIENT_":"LIQUIDAMBAR STYRACIFLUA","CALLE":"ABATE MOLINA","SECTOR":"SUR PONIENTE"},"geometry":{"type":"LineString","coordinates":[[-70.672356,-33.455556],[-70.672275,-33.456695]]}},{"type":"Feature","properties":{"OBJECTID":2535,"ESPECIE_PR":"QUILLAY","NOM_CIENT_":"QUILLAJA SAPONARIA","CALLE":"GAY","SECTOR":"SUR PONIENTE"},"geometry":{"type":"LineString","coordinates":[[-70.672275,-33.456695],[-70.672598,-33.456763]]}},{"type":"Feature","properties":{"OBJECTID":2536,"ESPECIE_PR":"LIQUIDAMBAR","NOM_CIENT_":"LIQUIDAMBAR STYRACIFLUA","CALLE":"UNION AMERICANA","SECTOR":"SUR PONIENTE"},"geometry":{"type":"LineString","coordinates":[[-70.672865,-33.455651],[-70.672598,-33.456763]]}},{"type":"Feature","properties":{"OBJECTID":2537,"ESPECIE_PR":"ALMEZ","NOM_CIENT_":"CELTIS AUSTRALIS","CALLE":"AVENIDA ALMIRANTE BLANCO ENCALADA","SECTOR":"SUR PONIENTE"},"geometry":{"type":"LineString","coordinates":[[-70.662011,-33.456786],[-70.662438,-33.456828],[-70.662479,-33.456871],[-70.662522,-33.456916]]}},{"type":"Feature","properties":{"OBJECTID":2538,"ESPECIE_PR":"ROBLE DE SANTIAGO","NOM_CIENT_":"NOTHOFAGUS MACROCARPA","CALLE":"GENERAL JOSE MIGUEL CARRERA","SECTOR":"SUR PONIENTE"},"geometry":{"type":"LineString","coordinates":[[-70.662635,-33.45595],[-70.662527,-33.456763],[-70.662523,-33.456875],[-70.662522,-33.456916]]}},{"type":"Feature","properties":{"OBJECTID":2544,"ESPECIE_PR":"QUILLAY","NOM_CIENT_":"QUILLAJA SAPONARIA","CALLE":"TOESCA","SECTOR":"SUR PONIENTE"},"geometry":{"type":"LineString","coordinates":[[-70.677494,-33.456576],[-70.678266,-33.456732]]}},{"type":"Feature","properties":{"OBJECTID":2548,"ESPECIE_PR":"ALMEZ","NOM_CIENT_":"CELTIS AUSTRALIS","CALLE":"AVENIDA ALMIRANTE BLANCO ENCALADA","SECTOR":"SUR PONIENTE"},"geometry":{"type":"LineString","coordinates":[[-70.660963,-33.456741],[-70.661095,-33.456858],[-70.662435,-33.456987],[-70.662522,-33.456916]]}},{"type":"Feature","properties":{"OBJECTID":2554,"ESPECIE_PR":"ALMEZ","NOM_CIENT_":"CELTIS AUSTRALIS","CALLE":"AVENIDA ALMIRANTE BLANCO ENCALADA","SECTOR":"SUR PONIENTE"},"geometry":{"type":"LineString","coordinates":[[-70.662522,-33.456916],[-70.662565,-33.456879],[-70.662601,-33.456847],[-70.663956,-33.456965],[-70.664009,-33.457015],[-70.664036,-33.45704]]}},{"type":"Feature","properties":{"OBJECTID":2555,"ESPECIE_PR":"LIQUIDAMBAR","NOM_CIENT_":"LIQUIDAMBAR STYRACIFLUA","CALLE":"ALMIRANTE LATORRE","SECTOR":"SUR PONIENTE"},"geometry":{"type":"LineString","coordinates":[[-70.664115,-33.456237],[-70.664038,-33.457017],[-70.664036,-33.45704]]}},{"type":"Feature","properties":{"OBJECTID":2558,"ESPECIE_PR":"ALMEZ","NOM_CIENT_":"CELTIS AUSTRALIS","CALLE":"DOMEYKO","SECTOR":"SUR PONIENTE"},"geometry":{"type":"LineString","coordinates":[[-70.666658,-33.456684],[-70.668515,-33.457025]]}},{"type":"Feature","properties":{"OBJECTID":2559,"ESPECIE_PR":"ROBLE AMERICANO","NOM_CIENT_":"QUERCUS RUBRA","CALLE":"AVENIDA ESPANA","SECTOR":"SUR PONIENTE"},"geometry":{"type":"LineString","coordinates":[[-70.668779,-33.455994],[-70.668515,-33.457025]]}},{"type":"Feature","properties":{"OBJECTID":2564,"ESPECIE_PR":"ALMEZ","NOM_CIENT_":"CELTIS AUSTRALIS","CALLE":"AVENIDA ALMIRANTE BLANCO ENCALADA","SECTOR":"SUR PONIENTE"},"geometry":{"type":"LineString","coordinates":[[-70.662522,-33.456916],[-70.662596,-33.456996],[-70.663956,-33.457113],[-70.664036,-33.45704]]}},{"type":"Feature","properties":{"OBJECTID":2566,"ESPECIE_PR":"ALMEZ","NOM_CIENT_":"CELTIS AUSTRALIS","CALLE":"AVENIDA ALMIRANTE BLANCO ENCALADA","SECTOR":"SUR PONIENTE"},"geometry":{"type":"LineString","coordinates":[[-70.664036,-33.45704],[-70.664063,-33.45702],[-70.664126,-33.456974],[-70.664898,-33.457037],[-70.664947,-33.457105],[-70.664957,-33.457118]]}},{"type":"Feature","properties":{"OBJECTID":2567,"ESPECIE_PR":"ALMEZ","NOM_CIENT_":"CELTIS AUSTRALIS","CALLE":"AVENIDA CLUB HIPICO","SECTOR":"SUR PONIENTE"},"geometry":{"type":"LineString","coordinates":[[-70.664994,-33.456405],[-70.664995,-33.456475],[-70.664978,-33.456985],[-70.664959,-33.457107],[-70.664957,-33.457118]]}},{"type":"Feature","properties":{"OBJECTID":2568,"ESPECIE_PR":"ALMEZ","NOM_CIENT_":"CELTIS AUSTRALIS","CALLE":"AVENIDA ALMIRANTE BLANCO ENCALADA","SECTOR":"SUR PONIENTE"},"geometry":{"type":"LineString","coordinates":[[-70.664957,-33.457118],[-70.664976,-33.45711],[-70.665093,-33.457062],[-70.665291,-33.457098]]}},{"type":"Feature","properties":{"OBJECTID":2571,"ESPECIE_PR":"QUILLAY","NOM_CIENT_":"QUILLAJA SAPONARIA","CALLE":"GAY","SECTOR":"SUR PONIENTE"},"geometry":{"type":"LineString","coordinates":[[-70.672598,-33.456763],[-70.673856,-33.457014],[-70.673951,-33.457033]]}},{"type":"Feature","properties":{"OBJECTID":2572,"ESPECIE_PR":"QUILLAY","NOM_CIENT_":"QUILLAJA SAPONARIA","CALLE":"BASCUNAN GUERRERO","SECTOR":"SUR PONIENTE"},"geometry":{"type":"LineString","coordinates":[[-70.674217,-33.455928],[-70.673951,-33.457033]]}},{"type":"Feature","properties":{"OBJECTID":2575,"ESPECIE_PR":"ALMEZ","NOM_CIENT_":"CELTIS AUSTRALIS","CALLE":"AVENIDA ALMIRANTE BLANCO ENCALADA","SECTOR":"SUR PONIENTE"},"geometry":{"type":"LineString","coordinates":[[-70.665291,-33.457098],[-70.665629,-33.457159]]}},{"type":"Feature","properties":{"OBJECTID":2577,"ESPECIE_PR":"ALMEZ","NOM_CIENT_":"CELTIS AUSTRALIS","CALLE":"AVENIDA ALMIRANTE BLANCO ENCALADA","SECTOR":"SUR PONIENTE"},"geometry":{"type":"LineString","coordinates":[[-70.664036,-33.45704],[-70.664084,-33.45713],[-70.664881,-33.4572],[-70.664957,-33.457118]]}},{"type":"Feature","properties":{"OBJECTID":2580,"ESPECIE_PR":"ALMEZ","NOM_CIENT_":"CELTIS AUSTRALIS","CALLE":"AVENIDA ALMIRANTE BLANCO ENCALADA","SECTOR":"SUR PONIENTE"},"geometry":{"type":"LineString","coordinates":[[-70.665629,-33.457159],[-70.666071,-33.457238]]}},{"type":"Feature","properties":{"OBJECTID":2581,"ESPECIE_PR":"QUILLAY","NOM_CIENT_":"QUILLAJA SAPONARIA","CALLE":"ECHAURREN","SECTOR":"SUR PONIENTE"},"geometry":{"type":"LineString","coordinates":[[-70.666067,-33.456607],[-70.666084,-33.456634],[-70.666089,-33.45667],[-70.666071,-33.457238]]}},{"type":"Feature","properties":{"OBJECTID":2591,"ESPECIE_PR":"QUILLAY","NOM_CIENT_":"QUILLAJA SAPONARIA","CALLE":"GAY","SECTOR":"SUR PONIENTE"},"geometry":{"type":"LineString","coordinates":[[-70.673951,-33.457033],[-70.675179,-33.457269]]}},{"type":"Feature","properties":{"OBJECTID":2592,"ESPECIE_PR":"QUILLAY","NOM_CIENT_":"QUILLAJA SAPONARIA","CALLE":"SAN ALFONSO","SECTOR":"SUR PONIENTE"},"geometry":{"type":"LineString","coordinates":[[-70.675452,-33.456169],[-70.675179,-33.457269]]}},{"type":"Feature","properties":{"OBJECTID":2593,"ESPECIE_PR":"ALMEZ","NOM_CIENT_":"CELTIS AUSTRALIS","CALLE":"AVENIDA ALMIRANTE BLANCO ENCALADA","SECTOR":"SUR PONIENTE"},"geometry":{"type":"LineString","coordinates":[[-70.666071,-33.457238],[-70.666431,-33.457297],[-70.666501,-33.457384],[-70.666503,-33.457386]]}},{"type":"Feature","properties":{"OBJECTID":2594,"ESPECIE_PR":"ALMEZ","NOM_CIENT_":"CELTIS AUSTRALIS","CALLE":"REPUBLICA","SECTOR":"SUR PONIENTE"},"geometry":{"type":"LineString","coordinates":[[-70.666658,-33.456684],[-70.666607,-33.456699],[-70.6665,-33.457224],[-70.666503,-33.457384],[-70.666503,-33.457386]]}},{"type":"Feature","properties":{"OBJECTID":2595,"ESPECIE_PR":"ALMEZ","NOM_CIENT_":"CELTIS AUSTRALIS","CALLE":"REPUBLICA","SECTOR":"SUR PONIENTE"},"geometry":{"type":"LineString","coordinates":[[-70.666658,-33.456684],[-70.666708,-33.456734],[-70.666609,-33.457231],[-70.666504,-33.457384],[-70.666503,-33.457386]]}},{"type":"Feature","properties":{"OBJECTID":2601,"ESPECIE_PR":"ALMEZ","NOM_CIENT_":"CELTIS AUSTRALIS","CALLE":"AVENIDA ALMIRANTE BLANCO ENCALADA","SECTOR":"SUR PONIENTE"},"geometry":{"type":"LineString","coordinates":[[-70.664957,-33.457118],[-70.665101,-33.457242],[-70.666401,-33.45745],[-70.666503,-33.457386]]}},{"type":"Feature","properties":{"OBJECTID":2602,"ESPECIE_PR":"ALMEZ","NOM_CIENT_":"CELTIS AUSTRALIS","CALLE":"DOMEYKO","SECTOR":"SUR PONIENTE"},"geometry":{"type":"LineString","coordinates":[[-70.668515,-33.457025],[-70.670293,-33.457343],[-70.670297,-33.457422],[-70.670314,-33.457279],[-70.670459,-33.457304]]}},{"type":"Feature","properties":{"OBJECTID":2613,"ESPECIE_PR":"QUILLAY","NOM_CIENT_":"QUILLAJA SAPONARIA","CALLE":"GAY","SECTOR":"SUR PONIENTE"},"geometry":{"type":"LineString","coordinates":[[-70.675179,-33.457269],[-70.676403,-33.457517]]}},{"type":"Feature","properties":{"OBJECTID":2614,"ESPECIE_PR":"LIQUIDAMBAR","NOM_CIENT_":"LIQUIDAMBAR STYRACIFLUA","CALLE":"CONFERENCIA","SECTOR":"SUR PONIENTE"},"geometry":{"type":"LineString","coordinates":[[-70.676672,-33.456417],[-70.676403,-33.457517]]}},{"type":"Feature","properties":{"OBJECTID":2620,"ESPECIE_PR":"ALMEZ","NOM_CIENT_":"CELTIS AUSTRALIS","CALLE":"AVENIDA ALMIRANTE BLANCO ENCALADA","SECTOR":"SUR PONIENTE"},"geometry":{"type":"LineString","coordinates":[[-70.666503,-33.457386],[-70.666506,-33.457385],[-70.666652,-33.457339],[-70.668088,-33.45759],[-70.668357,-33.457704]]}},{"type":"Feature","properties":{"OBJECTID":2621,"ESPECIE_PR":"ROBLE AMERICANO","NOM_CIENT_":"QUERCUS RUBRA","CALLE":"AVENIDA ESPANA","SECTOR":"SUR PONIENTE"},"geometry":{"type":"LineString","coordinates":[[-70.668515,-33.457025],[-70.668357,-33.457704]]}},{"type":"Feature","properties":{"OBJECTID":2624,"ESPECIE_PR":"ALMEZ","NOM_CIENT_":"CELTIS AUSTRALIS","CALLE":"AVENIDA ALMIRANTE BLANCO ENCALADA","SECTOR":"SUR PONIENTE"},"geometry":{"type":"LineString","coordinates":[[-70.666503,-33.457386],[-70.666599,-33.457484],[-70.668042,-33.457744],[-70.668313,-33.457709],[-70.668357,-33.457704]]}},{"type":"Feature","properties":{"OBJECTID":2640,"ESPECIE_PR":"JACARANDA","NOM_CIENT_":"JACARANDA MIMOSIFOLIA","CALLE":"AVENIDA MANUEL RODRIGUEZ SUR","SECTOR":"SUR PONIENTE"},"geometry":{"type":"LineString","coordinates":[[-70.657082,-33.456382],[-70.657073,-33.456403],[-70.657026,-33.456566],[-70.657012,-33.456674],[-70.656898,-33.457668],[-70.656885,-33.45783],[-70.656893,-33.458063]]}},{"type":"Feature","properties":{"OBJECTID":2641,"ESPECIE_PR":"STERCULEA","NOM_CIENT_":"BRACHYCHITON DISCOLOR","CALLE":"AVENIDA TUPPER","SECTOR":"SUR PONIENTE"},"geometry":{"type":"LineString","coordinates":[[-70.656893,-33.458063],[-70.657726,-33.458125]]}},{"type":"Feature","properties":{"OBJECTID":2649,"ESPECIE_PR":"STERCULEA","NOM_CIENT_":"BRACHYCHITON DISCOLOR","CALLE":"AVENIDA TUPPER","SECTOR":"SUR PONIENTE"},"geometry":{"type":"LineString","coordinates":[[-70.657726,-33.458125],[-70.659409,-33.458239]]}},{"type":"Feature","properties":{"OBJECTID":2650,"ESPECIE_PR":"ALMEZ","NOM_CIENT_":"CELTIS AUSTRALIS","CALLE":"EJERCITO","SECTOR":"SUR PONIENTE"},"geometry":{"type":"LineString","coordinates":[[-70.659646,-33.456594],[-70.659671,-33.456806],[-70.659409,-33.458239]]}},{"type":"Feature","properties":{"OBJECTID":2656,"ESPECIE_PR":"STERCULEA","NOM_CIENT_":"BRACHYCHITON DISCOLOR","CALLE":"AVENIDA TUPPER","SECTOR":"SUR PONIENTE"},"geometry":{"type":"LineString","coordinates":[[-70.659409,-33.458239],[-70.660244,-33.458288]]}},{"type":"Feature","properties":{"OBJECTID":2658,"ESPECIE_PR":"STERCULEA","NOM_CIENT_":"BRACHYCHITON DISCOLOR","CALLE":"AVENIDA TUPPER","SECTOR":"SUR PONIENTE"},"geometry":{"type":"LineString","coordinates":[[-70.660244,-33.458288],[-70.660704,-33.458322]]}},{"type":"Feature","properties":{"OBJECTID":2668,"ESPECIE_PR":"ALMEZ","NOM_CIENT_":"CELTIS AUSTRALIS","CALLE":"AVENIDA ALMIRANTE BLANCO ENCALADA","SECTOR":"SUR PONIENTE"},"geometry":{"type":"LineString","coordinates":[[-70.668357,-33.457704],[-70.668562,-33.457674],[-70.672015,-33.458281],[-70.672148,-33.458383]]}},{"type":"Feature","properties":{"OBJECTID":2669,"ESPECIE_PR":"LIQUIDAMBAR","NOM_CIENT_":"LIQUIDAMBAR STYRACIFLUA","CALLE":"ABATE MOLINA","SECTOR":"SUR PONIENTE"},"geometry":{"type":"LineString","coordinates":[[-70.672275,-33.456695],[-70.672264,-33.456785],[-70.672169,-33.45812],[-70.672148,-33.458383]]}},{"type":"Feature","properties":{"OBJECTID":2670,"ESPECIE_PR":"LIQUIDAMBAR","NOM_CIENT_":"LIQUIDAMBAR STYRACIFLUA","CALLE":"UNION AMERICANA","SECTOR":"SUR PONIENTE"},"geometry":{"type":"LineString","coordinates":[[-70.672598,-33.456763],[-70.672587,-33.456826],[-70.672284,-33.458135],[-70.672148,-33.458383]]}},{"type":"Feature","properties":{"OBJECTID":2679,"ESPECIE_PR":"STERCULEA","NOM_CIENT_":"BRACHYCHITON DISCOLOR","CALLE":"AVENIDA TUPPER","SECTOR":"SUR PONIENTE"},"geometry":{"type":"LineString","coordinates":[[-70.660704,-33.458322],[-70.663693,-33.458515],[-70.66396,-33.458538]]}},{"type":"Feature","properties":{"OBJECTID":2680,"ESPECIE_PR":"ALMEZ","NOM_CIENT_":"CELTIS AUSTRALIS","CALLE":"AVENIDA BEAUCHEF","SECTOR":"SUR PONIENTE"},"geometry":{"type":"LineString","coordinates":[[-70.664036,-33.45704],[-70.663989,-33.457221],[-70.663936,-33.458466],[-70.66396,-33.458538]]}},{"type":"Feature","properties":{"OBJECTID":2687,"ESPECIE_PR":"ALMEZ","NOM_CIENT_":"CELTIS AUSTRALIS","CALLE":"AVENIDA ALMIRANTE BLANCO ENCALADA","SECTOR":"SUR PONIENTE"},"geometry":{"type":"LineString","coordinates":[[-70.668357,-33.457704],[-70.668382,-33.457722],[-70.668518,-33.457819],[-70.671969,-33.458452],[-70.672148,-33.458383]]}},{"type":"Feature","properties":{"OBJECTID":2691,"ESPECIE_PR":"ALMEZ","NOM_CIENT_":"CELTIS AUSTRALIS","CALLE":"AVENIDA ALMIRANTE BLANCO ENCALADA","SECTOR":"SUR PONIENTE"},"geometry":{"type":"LineString","coordinates":[[-70.677626,-33.45841],[-70.678222,-33.458306],[-70.678351,-33.458175]]}},{"type":"Feature","properties":{"OBJECTID":2692,"ESPECIE_PR":"ALMEZ","NOM_CIENT_":"CELTIS AUSTRALIS","CALLE":"AVENIDA ALMIRANTE BLANCO ENCALADA","SECTOR":"SUR PONIENTE"},"geometry":{"type":"LineString","coordinates":[[-70.672148,-33.458383],[-70.672298,-33.458318],[-70.673528,-33.4584],[-70.673624,-33.458468]]}},{"type":"Feature","properties":{"OBJECTID":2693,"ESPECIE_PR":"QUILLAY","NOM_CIENT_":"QUILLAJA SAPONARIA","CALLE":"BASCUNAN GUERRERO","SECTOR":"SUR PONIENTE"},"geometry":{"type":"LineString","coordinates":[[-70.673951,-33.457033],[-70.673624,-33.458468]]}},{"type":"Feature","properties":{"OBJECTID":2695,"ESPECIE_PR":"STERCULEA","NOM_CIENT_":"BRACHYCHITON DISCOLOR","CALLE":"AVENIDA TUPPER","SECTOR":"SUR PONIENTE"},"geometry":{"type":"LineString","coordinates":[[-70.66396,-33.458538],[-70.664989,-33.458624]]}},{"type":"Feature","properties":{"OBJECTID":2696,"ESPECIE_PR":"ALMEZ","NOM_CIENT_":"CELTIS AUSTRALIS","CALLE":"AVENIDA CLUB HIPICO","SECTOR":"SUR PONIENTE"},"geometry":{"type":"LineString","coordinates":[[-70.664957,-33.457118],[-70.664986,-33.457289],[-70.664989,-33.458624]]}},{"type":"Feature","properties":{"OBJECTID":2698,"ESPECIE_PR":"ALMEZ","NOM_CIENT_":"CELTIS AUSTRALIS","CALLE":"AVENIDA ALMIRANTE BLANCO ENCALADA","SECTOR":"SUR PONIENTE"},"geometry":{"type":"LineString","coordinates":[[-70.672148,-33.458383],[-70.672245,-33.458481],[-70.673488,-33.458541],[-70.673624,-33.458468]]}},{"type":"Feature","properties":{"OBJECTID":2699,"ESPECIE_PR":"ALMEZ","NOM_CIENT_":"CELTIS AUSTRALIS","CALLE":"AVENIDA ALMIRANTE BLANCO ENCALADA","SECTOR":"SUR PONIENTE"},"geometry":{"type":"LineString","coordinates":[[-70.673624,-33.458468],[-70.673743,-33.4584],[-70.674806,-33.45847],[-70.67488,-33.458543]]}},{"type":"Feature","properties":{"OBJECTID":2700,"ESPECIE_PR":"QUILLAY","NOM_CIENT_":"QUILLAJA SAPONARIA","CALLE":"SAN ALFONSO","SECTOR":"SUR PONIENTE"},"geometry":{"type":"LineString","coordinates":[[-70.675179,-33.457269],[-70.67488,-33.458543]]}},{"type":"Feature","properties":{"OBJECTID":2701,"ESPECIE_PR":"ALMEZ","NOM_CIENT_":"CELTIS AUSTRALIS","CALLE":"AVENIDA ALMIRANTE BLANCO ENCALADA","SECTOR":"SUR PONIENTE"},"geometry":{"type":"LineString","coordinates":[[-70.676884,-33.458565],[-70.677626,-33.45841]]}},{"type":"Feature","properties":{"OBJECTID":2706,"ESPECIE_PR":"ALMEZ","NOM_CIENT_":"CELTIS AUSTRALIS","CALLE":"AVENIDA ALMIRANTE BLANCO ENCALADA","SECTOR":"SUR PONIENTE"},"geometry":{"type":"LineString","coordinates":[[-70.673624,-33.458468],[-70.673694,-33.458569],[-70.674737,-33.458622],[-70.67488,-33.458543]]}},{"type":"Feature","properties":{"OBJECTID":2707,"ESPECIE_PR":"ALMEZ","NOM_CIENT_":"CELTIS AUSTRALIS","CALLE":"AVENIDA ALMIRANTE BLANCO ENCALADA","SECTOR":"SUR PONIENTE"},"geometry":{"type":"LineString","coordinates":[[-70.67488,-33.458543],[-70.675007,-33.45848],[-70.676062,-33.458547],[-70.676158,-33.458625]]}},{"type":"Feature","properties":{"OBJECTID":2708,"ESPECIE_PR":"LIQUIDAMBAR","NOM_CIENT_":"LIQUIDAMBAR STYRACIFLUA","CALLE":"CONFERENCIA","SECTOR":"SUR PONIENTE"},"geometry":{"type":"LineString","coordinates":[[-70.676403,-33.457517],[-70.676158,-33.458625]]}},{"type":"Feature","properties":{"OBJECTID":2709,"ESPECIE_PR":"ALMEZ","NOM_CIENT_":"CELTIS AUSTRALIS","CALLE":"AVENIDA ALMIRANTE BLANCO ENCALADA","SECTOR":"SUR PONIENTE"},"geometry":{"type":"LineString","coordinates":[[-70.676158,-33.458625],[-70.676255,-33.458551],[-70.678179,-33.458162],[-70.678351,-33.458175]]}},{"type":"Feature","properties":{"OBJECTID":2714,"ESPECIE_PR":"ALMEZ","NOM_CIENT_":"CELTIS AUSTRALIS","CALLE":"AVENIDA ALMIRANTE BLANCO ENCALADA","SECTOR":"SUR PONIENTE"},"geometry":{"type":"LineString","coordinates":[[-70.676158,-33.458625],[-70.676229,-33.458692],[-70.676884,-33.458565]]}},{"type":"Feature","properties":{"OBJECTID":2715,"ESPECIE_PR":"ALMEZ","NOM_CIENT_":"CELTIS AUSTRALIS","CALLE":"AVENIDA ALMIRANTE BLANCO ENCALADA","SECTOR":"SUR PONIENTE"},"geometry":{"type":"LineString","coordinates":[[-70.67488,-33.458543],[-70.674986,-33.458639],[-70.676009,-33.458695],[-70.676158,-33.458625]]}},{"type":"Feature","properties":{"OBJECTID":2724,"ESPECIE_PR":"LIQUIDAMBAR","NOM_CIENT_":"LIQUIDAMBAR STYRACIFLUA","CALLE":"ABATE MOLINA","SECTOR":"SUR PONIENTE"},"geometry":{"type":"LineString","coordinates":[[-70.672148,-33.458383],[-70.672092,-33.45897]]}},{"type":"Feature","properties":{"OBJECTID":2736,"ESPECIE_PR":"JACARANDA","NOM_CIENT_":"JACARANDA MIMOSIFOLIA","CALLE":"AVENIDA MANUEL RODRIGUEZ SUR","SECTOR":"SUR PONIENTE"},"geometry":{"type":"LineString","coordinates":[[-70.657726,-33.458125],[-70.657551,-33.458347],[-70.657585,-33.458675],[-70.657603,-33.458963],[-70.65761,-33.45936]]}},{"type":"Feature","properties":{"OBJECTID":2737,"ESPECIE_PR":"LIQUIDAMBAR","NOM_CIENT_":"LIQUIDAMAR STYRACIFLUA","CALLE":"LINCOLN","SECTOR":"SUR PONIENTE"},"geometry":{"type":"LineString","coordinates":[[-70.672092,-33.45897],[-70.673435,-33.459222]]}},{"type":"Feature","properties":{"OBJECTID":2738,"ESPECIE_PR":"QUILLAY","NOM_CIENT_":"QUILLAJA SAPONARIA","CALLE":"BASCUNAN GUERRERO","SECTOR":"SUR PONIENTE"},"geometry":{"type":"LineString","coordinates":[[-70.673624,-33.458468],[-70.673435,-33.459222]]}},{"type":"Feature","properties":{"OBJECTID":2755,"ESPECIE_PR":"LIQUIDAMBAR","NOM_CIENT_":"LIQUIDAMAR STYRACIFLUA","CALLE":"LINCOLN","SECTOR":"SUR PONIENTE"},"geometry":{"type":"LineString","coordinates":[[-70.673435,-33.459222],[-70.6739,-33.459315],[-70.674661,-33.459467]]}},{"type":"Feature","properties":{"OBJECTID":2756,"ESPECIE_PR":"QUILLAY","NOM_CIENT_":"QUILLAJA SAPONARIA","CALLE":"SAN ALFONSO","SECTOR":"SUR PONIENTE"},"geometry":{"type":"LineString","coordinates":[[-70.67488,-33.458543],[-70.674661,-33.459467]]}},{"type":"Feature","properties":{"OBJECTID":2772,"ESPECIE_PR":"QUILLAY","NOM_CIENT_":"QUILLAJA SAPONARIA","CALLE":"SAN ALFONSO","SECTOR":"SUR PONIENTE"},"geometry":{"type":"LineString","coordinates":[[-70.674661,-33.459467],[-70.67461,-33.459694]]}},{"type":"Feature","properties":{"OBJECTID":2775,"ESPECIE_PR":"LIQUIDAMBAR","NOM_CIENT_":"LIQUIDAMBAR STYRACIFLUA","CALLE":"CONFERENCIA","SECTOR":"SUR PONIENTE"},"geometry":{"type":"LineString","coordinates":[[-70.676158,-33.458625],[-70.675906,-33.459704]]}},{"type":"Feature","properties":{"OBJECTID":2783,"ESPECIE_PR":"LIQUIDAMBAR","NOM_CIENT_":"LIQUIDAMAR STYRACIFLUA","CALLE":"LINCOLN","SECTOR":"SUR PONIENTE"},"geometry":{"type":"LineString","coordinates":[[-70.67461,-33.459694],[-70.675237,-33.459811]]}},{"type":"Feature","properties":{"OBJECTID":2786,"ESPECIE_PR":"LIQUIDAMBAR","NOM_CIENT_":"LIQUIDAMAR STYRACIFLUA","CALLE":"LINCOLN","SECTOR":"SUR PONIENTE"},"geometry":{"type":"LineString","coordinates":[[-70.675906,-33.459704],[-70.676591,-33.459831]]}},{"type":"Feature","properties":{"OBJECTID":2791,"ESPECIE_PR":"LIQUIDAMBAR","NOM_CIENT_":"LIQUIDAMAR STYRACIFLUA","CALLE":"LINCOLN","SECTOR":"SUR PONIENTE"},"geometry":{"type":"LineString","coordinates":[[-70.675237,-33.459811],[-70.675843,-33.459938]]}},{"type":"Feature","properties":{"OBJECTID":2792,"ESPECIE_PR":"LIQUIDAMBAR","NOM_CIENT_":"LIQUIDAMBAR STYRACIFLUA","CALLE":"CONFERENCIA","SECTOR":"SUR PONIENTE"},"geometry":{"type":"LineString","coordinates":[[-70.675906,-33.459704],[-70.675843,-33.459938]]}},{"type":"Feature","properties":{"OBJECTID":2801,"ESPECIE_PR":"LIQUIDAMBAR","NOM_CIENT_":"LIQUIDAMAR STYRACIFLUA","CALLE":"LINCOLN","SECTOR":"SUR PONIENTE"},"geometry":{"type":"LineString","coordinates":[[-70.676591,-33.459831],[-70.67727,-33.459974]]}},{"type":"Feature","properties":{"OBJECTID":2802,"ESPECIE_PR":"LIGUSTRO","NOM_CIENT_":"LIGUSTRUM LUCIDUM","CALLE":"PUERTA DE VERA","SECTOR":"SUR PONIENTE"},"geometry":{"type":"LineString","coordinates":[[-70.677626,-33.45841],[-70.67727,-33.459974]]}},{"type":"Feature","properties":{"OBJECTID":2805,"ESPECIE_PR":"LIQUIDAMBAR","NOM_CIENT_":"LIQUIDAMBAR STYRACIFLUA","CALLE":"ABATE MOLINA","SECTOR":"SUR PONIENTE"},"geometry":{"type":"LineString","coordinates":[[-70.672092,-33.45897],[-70.672062,-33.459199],[-70.671944,-33.460099]]}},{"type":"Feature","properties":{"OBJECTID":2814,"ESPECIE_PR":"ALMEZ","NOM_CIENT_":"CELTIS AUSTRALIS","CALLE":"AVENIDA MANUEL ANTONIO MATTA","SECTOR":"SUR PONIENTE"},"geometry":{"type":"LineString","coordinates":[[-70.656749,-33.460363],[-70.657077,-33.460392]]}},{"type":"Feature","properties":{"OBJECTID":2815,"ESPECIE_PR":"JACARANDA","NOM_CIENT_":"JACARANDA MIMOSIFOLIA","CALLE":"AVENIDA MANUEL RODRIGUEZ SUR","SECTOR":"SUR PONIENTE"},"geometry":{"type":"LineString","coordinates":[[-70.656893,-33.458063],[-70.656938,-33.458515],[-70.656967,-33.458749],[-70.65704,-33.45947],[-70.65708,-33.459848],[-70.657093,-33.460082],[-70.657087,-33.460254],[-70.657085,-33.460278],[-70.657077,-33.460392]]}},{"type":"Feature","properties":{"OBJECTID":2823,"ESPECIE_PR":"LIQUIDAMBAR","NOM_CIENT_":"LIQUIDAMAR STYRACIFLUA","CALLE":"LINCOLN","SECTOR":"SUR PONIENTE"},"geometry":{"type":"LineString","coordinates":[[-70.67727,-33.459974],[-70.678494,-33.46022]]}},{"type":"Feature","properties":{"OBJECTID":2828,"ESPECIE_PR":"LIQUIDAMBAR","NOM_CIENT_":"LIQUIDAMAR STYRACIFLUA","CALLE":"MAQUINISTA ESCOBAR","SECTOR":"SUR PONIENTE"},"geometry":{"type":"LineString","coordinates":[[-70.671944,-33.460099],[-70.673175,-33.460335]]}},{"type":"Feature","properties":{"OBJECTID":2829,"ESPECIE_PR":"QUILLAY","NOM_CIENT_":"QUILLAJA SAPONARIA","CALLE":"BASCUNAN GUERRERO","SECTOR":"SUR PONIENTE"},"geometry":{"type":"LineString","coordinates":[[-70.673435,-33.459222],[-70.673175,-33.460335]]}},{"type":"Feature","properties":{"OBJECTID":2832,"ESPECIE_PR":"ALMEZ","NOM_CIENT_":"CELTIS AUSTRALIS","CALLE":"AVENIDA MANUEL ANTONIO MATTA","SECTOR":"SUR PONIENTE"},"geometry":{"type":"LineString","coordinates":[[-70.656737,-33.460554],[-70.657038,-33.460582]]}},{"type":"Feature","properties":{"OBJECTID":2834,"ESPECIE_PR":"ALMEZ","NOM_CIENT_":"CELTIS AUSTRALIS","CALLE":"AVENIDA MANUEL ANTONIO MATTA","SECTOR":"SUR PONIENTE"},"geometry":{"type":"LineString","coordinates":[[-70.657038,-33.460582],[-70.657137,-33.460602]]}},{"type":"Feature","properties":{"OBJECTID":2836,"ESPECIE_PR":"JACARANDA","NOM_CIENT_":"JACARANDA MIMOSIFOLIA","CALLE":"AVENIDA MANUEL RODRIGUEZ SUR","SECTOR":"SUR PONIENTE"},"geometry":{"type":"LineString","coordinates":[[-70.65761,-33.45936],[-70.657718,-33.459551],[-70.657754,-33.459717],[-70.657783,-33.460085],[-70.657752,-33.460225],[-70.657381,-33.460603]]}},{"type":"Feature","properties":{"OBJECTID":2849,"ESPECIE_PR":"LIQUIDAMBAR","NOM_CIENT_":"LIQUIDAMAR STYRACIFLUA","CALLE":"MAQUINISTA ESCOBAR","SECTOR":"SUR PONIENTE"},"geometry":{"type":"LineString","coordinates":[[-70.673175,-33.460335],[-70.673922,-33.460481],[-70.674414,-33.460571]]}},{"type":"Feature","properties":{"OBJECTID":2850,"ESPECIE_PR":"QUILLAY","NOM_CIENT_":"QUILLAJA SAPONARIA","CALLE":"SAN ALFONSO","SECTOR":"SUR PONIENTE"},"geometry":{"type":"LineString","coordinates":[[-70.67461,-33.459694],[-70.674414,-33.460571]]}},{"type":"Feature","properties":{"OBJECTID":2853,"ESPECIE_PR":"ALMEZ","NOM_CIENT_":"CELTIS AUSTRALIS","CALLE":"AVENIDA MANUEL ANTONIO MATTA","SECTOR":"SUR PONIENTE"},"geometry":{"type":"LineString","coordinates":[[-70.657976,-33.460905],[-70.657766,-33.460819],[-70.657527,-33.46068],[-70.657381,-33.460603]]}},{"type":"Feature","properties":{"OBJECTID":2857,"ESPECIE_PR":"LIQUIDAMBAR","NOM_CIENT_":"LIQUIDAMAR STYRACIFLUA","CALLE":"MAQUINISTA ESCOBAR","SECTOR":"SUR PONIENTE"},"geometry":{"type":"LineString","coordinates":[[-70.674414,-33.460571],[-70.675027,-33.460689]]}},{"type":"Feature","properties":{"OBJECTID":2863,"ESPECIE_PR":"ALMEZ","NOM_CIENT_":"CELTIS AUSTRALIS","CALLE":"AVENIDA BEAUCHEF","SECTOR":"SUR PONIENTE"},"geometry":{"type":"LineString","coordinates":[[-70.66396,-33.458538],[-70.663962,-33.458646],[-70.66385,-33.460948]]}},{"type":"Feature","properties":{"OBJECTID":2864,"ESPECIE_PR":"LIQUIDAMBAR","NOM_CIENT_":"LIQUIDAMAR STYRACIFLUA","CALLE":"MAQUINISTA ESCOBAR","SECTOR":"SUR PONIENTE"},"geometry":{"type":"LineString","coordinates":[[-70.675027,-33.460689],[-70.675646,-33.460807]]}},{"type":"Feature","properties":{"OBJECTID":2865,"ESPECIE_PR":"LIQUIDAMBAR","NOM_CIENT_":"LIQUIDAMBAR STYRACIFLUA","CALLE":"CONFERENCIA","SECTOR":"SUR PONIENTE"},"geometry":{"type":"LineString","coordinates":[[-70.675843,-33.459938],[-70.675646,-33.460807]]}},{"type":"Feature","properties":{"OBJECTID":2869,"ESPECIE_PR":"ALMEZ","NOM_CIENT_":"CELTIS AUSTRALIS","CALLE":"AVENIDA CLUB HIPICO","SECTOR":"SUR PONIENTE"},"geometry":{"type":"LineString","coordinates":[[-70.664989,-33.458624],[-70.664993,-33.458741],[-70.664991,-33.460986]]}},{"type":"Feature","properties":{"OBJECTID":2878,"ESPECIE_PR":"LIQUIDAMBAR","NOM_CIENT_":"LIQUIDAMAR STYRACIFLUA","CALLE":"MAQUINISTA ESCOBAR","SECTOR":"SUR PONIENTE"},"geometry":{"type":"LineString","coordinates":[[-70.675646,-33.460807],[-70.67633,-33.460951]]}},{"type":"Feature","properties":{"OBJECTID":2891,"ESPECIE_PR":"LIQUIDAMBAR","NOM_CIENT_":"LIQUIDAMAR STYRACIFLUA","CALLE":"MAQUINISTA ESCOBAR","SECTOR":"SUR PONIENTE"},"geometry":{"type":"LineString","coordinates":[[-70.67633,-33.460951],[-70.677019,-33.461086]]}},{"type":"Feature","properties":{"OBJECTID":2892,"ESPECIE_PR":"LIGUSTRO","NOM_CIENT_":"LIGUSTRUM LUCIDUM","CALLE":"PUERTA DE VERA","SECTOR":"SUR PONIENTE"},"geometry":{"type":"LineString","coordinates":[[-70.67727,-33.459974],[-70.677019,-33.461086]]}},{"type":"Feature","properties":{"OBJECTID":2897,"ESPECIE_PR":"LIQUIDAMBAR","NOM_CIENT_":"LIQUIDAMBAR STYRACIFLUA","CALLE":"ABATE MOLINA","SECTOR":"SUR PONIENTE"},"geometry":{"type":"LineString","coordinates":[[-70.671944,-33.460099],[-70.6718,-33.461247]]}},{"type":"Feature","properties":{"OBJECTID":2909,"ESPECIE_PR":"QUILLAY","NOM_CIENT_":"QUILLAJA SAPONARIA","CALLE":"TUCAPEL","SECTOR":"SUR PONIENTE"},"geometry":{"type":"LineString","coordinates":[[-70.6718,-33.461247],[-70.672909,-33.461448]]}},{"type":"Feature","properties":{"OBJECTID":2910,"ESPECIE_PR":"QUILLAY","NOM_CIENT_":"QUILLAJA SAPONARIA","CALLE":"BASCUNAN GUERRERO","SECTOR":"SUR PONIENTE"},"geometry":{"type":"LineString","coordinates":[[-70.673175,-33.460335],[-70.672909,-33.461448]]}},{"type":"Feature","properties":{"OBJECTID":2912,"ESPECIE_PR":"LIQUIDAMBAR","NOM_CIENT_":"LIQUIDAMAR STYRACIFLUA","CALLE":"MAQUINISTA ESCOBAR","SECTOR":"SUR PONIENTE"},"geometry":{"type":"LineString","coordinates":[[-70.677019,-33.461086],[-70.678576,-33.461397]]}},{"type":"Feature","properties":{"OBJECTID":2921,"ESPECIE_PR":"QUILLAY","NOM_CIENT_":"QUILLAJA SAPONARIA","CALLE":"TUCAPEL","SECTOR":"SUR PONIENTE"},"geometry":{"type":"LineString","coordinates":[[-70.672909,-33.461448],[-70.673541,-33.461575]]}},{"type":"Feature","properties":{"OBJECTID":2932,"ESPECIE_PR":"QUILLAY","NOM_CIENT_":"QUILLAJA SAPONARIA","CALLE":"TUCAPEL","SECTOR":"SUR PONIENTE"},"geometry":{"type":"LineString","coordinates":[[-70.673541,-33.461575],[-70.673945,-33.461647],[-70.674153,-33.461684]]}},{"type":"Feature","properties":{"OBJECTID":2933,"ESPECIE_PR":"QUILLAY","NOM_CIENT_":"QUILLAJA SAPONARIA","CALLE":"SAN ALFONSO","SECTOR":"SUR PONIENTE"},"geometry":{"type":"LineString","coordinates":[[-70.674414,-33.460571],[-70.674153,-33.461684]]}},{"type":"Feature","properties":{"OBJECTID":2946,"ESPECIE_PR":"QUILLAY","NOM_CIENT_":"QUILLAJA SAPONARIA","CALLE":"TUCAPEL","SECTOR":"SUR PONIENTE"},"geometry":{"type":"LineString","coordinates":[[-70.674153,-33.461684],[-70.67476,-33.461802]]}},{"type":"Feature","properties":{"OBJECTID":2957,"ESPECIE_PR":"QUILLAY","NOM_CIENT_":"QUILLAJA SAPONARIA","CALLE":"TUCAPEL","SECTOR":"SUR PONIENTE"},"geometry":{"type":"LineString","coordinates":[[-70.67476,-33.461802],[-70.675378,-33.461911]]}},{"type":"Feature","properties":{"OBJECTID":2958,"ESPECIE_PR":"LIQUIDAMBAR","NOM_CIENT_":"LIQUIDAMBAR STYRACIFLUA","CALLE":"CONFERENCIA","SECTOR":"SUR PONIENTE"},"geometry":{"type":"LineString","coordinates":[[-70.675646,-33.460807],[-70.675378,-33.461911]]}},{"type":"Feature","properties":{"OBJECTID":2974,"ESPECIE_PR":"QUILLAY","NOM_CIENT_":"QUILLAJA SAPONARIA","CALLE":"TUCAPEL","SECTOR":"SUR PONIENTE"},"geometry":{"type":"LineString","coordinates":[[-70.675378,-33.461911],[-70.676099,-33.462036]]}},{"type":"Feature","properties":{"OBJECTID":2977,"ESPECIE_PR":"ALMEZ","NOM_CIENT_":"CELTIS AUSTRALIS","CALLE":"AVENIDA BEAUCHEF","SECTOR":"SUR PONIENTE"},"geometry":{"type":"LineString","coordinates":[[-70.66385,-33.460948],[-70.66381,-33.462265]]}},{"type":"Feature","properties":{"OBJECTID":2980,"ESPECIE_PR":"ALMEZ","NOM_CIENT_":"CELTIS AUSTRALIS","CALLE":"AVENIDA CLUB HIPICO","SECTOR":"SUR PONIENTE"},"geometry":{"type":"LineString","coordinates":[[-70.664991,-33.460986],[-70.664972,-33.462267]]}},{"type":"Feature","properties":{"OBJECTID":2985,"ESPECIE_PR":"QUILLAY","NOM_CIENT_":"QUILLAJA SAPONARIA","CALLE":"TUCAPEL","SECTOR":"SUR PONIENTE"},"geometry":{"type":"LineString","coordinates":[[-70.676099,-33.462036],[-70.676779,-33.46217]]}},{"type":"Feature","properties":{"OBJECTID":2986,"ESPECIE_PR":"LIGUSTRO","NOM_CIENT_":"LIGUSTRUM LUCIDUM","CALLE":"PUERTA DE VERA","SECTOR":"SUR PONIENTE"},"geometry":{"type":"LineString","coordinates":[[-70.677019,-33.461086],[-70.676779,-33.46217]]}},{"type":"Feature","properties":{"OBJECTID":2991,"ESPECIE_PR":"LIQUIDAMBAR","NOM_CIENT_":"LIQUIDAMBAR STYRACIFLUA","CALLE":"CONFERENCIA","SECTOR":"SUR PONIENTE"},"geometry":{"type":"LineString","coordinates":[[-70.675378,-33.461911],[-70.675296,-33.462231]]}},{"type":"Feature","properties":{"OBJECTID":2996,"ESPECIE_PR":"QUILLAY","NOM_CIENT_":"QUILLAJA SAPONARIA","CALLE":"SAN ALFONSO","SECTOR":"SUR PONIENTE"},"geometry":{"type":"LineString","coordinates":[[-70.674153,-33.461684],[-70.674006,-33.462305]]}},{"type":"Feature","properties":{"OBJECTID":2999,"ESPECIE_PR":"LIQUIDAMBAR","NOM_CIENT_":"LIQUIDAMBAR STYRACIFLUA","CALLE":"ABATE MOLINA","SECTOR":"SUR PONIENTE"},"geometry":{"type":"LineString","coordinates":[[-70.6718,-33.461247],[-70.671658,-33.462324],[-70.67165,-33.462368]]}},{"type":"Feature","properties":{"OBJECTID":3025,"ESPECIE_PR":"QUILLAY","NOM_CIENT_":"QUILLAJA SAPONARIA","CALLE":"BASCUNAN GUERRERO","SECTOR":"SUR PONIENTE"},"geometry":{"type":"LineString","coordinates":[[-70.672909,-33.461448],[-70.672649,-33.462544]]}},{"type":"Feature","properties":{"OBJECTID":3027,"ESPECIE_PR":"LIGUSTRO","NOM_CIENT_":"LIGUSTRUM LUCIDUM","CALLE":"PUERTA DE VERA","SECTOR":"SUR PONIENTE"},"geometry":{"type":"LineString","coordinates":[[-70.676779,-33.46217],[-70.676773,-33.462227],[-70.676657,-33.462492]]}},{"type":"Feature","properties":{"OBJECTID":3028,"ESPECIE_PR":"QUILLAY","NOM_CIENT_":"QUILLAJA SAPONARIA","CALLE":"TUCAPEL","SECTOR":"SUR PONIENTE"},"geometry":{"type":"LineString","coordinates":[[-70.676779,-33.46217],[-70.678666,-33.462472]]}},{"type":"Feature","properties":{"OBJECTID":3036,"ESPECIE_PR":"PEUMO","NOM_CIENT_":"CRYPTOCARYA ALBA","CALLE":"PRIMERO DE MAYO","SECTOR":"SUR PONIENTE"},"geometry":{"type":"LineString","coordinates":[[-70.673541,-33.461575],[-70.673268,-33.462661]]}},{"type":"Feature","properties":{"OBJECTID":3042,"ESPECIE_PR":"LIQUIDAMBAR","NOM_CIENT_":"LIQUIDAMBAR STYRACIFLUA","CALLE":"CONFERENCIA","SECTOR":"SUR PONIENTE"},"geometry":{"type":"LineString","coordinates":[[-70.675296,-33.462231],[-70.675197,-33.462659]]}},{"type":"Feature","properties":{"OBJECTID":3052,"ESPECIE_PR":"QUILLAY","NOM_CIENT_":"QUILLAJA SAPONARIA","CALLE":"SAN ALFONSO","SECTOR":"SUR PONIENTE"},"geometry":{"type":"LineString","coordinates":[[-70.674006,-33.462305],[-70.673961,-33.462497],[-70.673887,-33.462767]]}},{"type":"Feature","properties":{"OBJECTID":3071,"ESPECIE_PR":"LIQUIDAMBAR","NOM_CIENT_":"LIQUIDAMBAR STYRACIFLUA","CALLE":"CONFERENCIA","SECTOR":"SUR PONIENTE"},"geometry":{"type":"LineString","coordinates":[[-70.675197,-33.462659],[-70.675126,-33.463005]]}},{"type":"Feature","properties":{"OBJECTID":3093,"ESPECIE_PR":"LIGUSTRO","NOM_CIENT_":"LIGUSTRUM LUCIDUM","CALLE":"PUERTA DE VERA","SECTOR":"SUR PONIENTE"},"geometry":{"type":"LineString","coordinates":[[-70.676657,-33.462492],[-70.67634,-33.46323]]}},{"type":"Feature","properties":{"OBJECTID":3100,"ESPECIE_PR":"ALMEZ","NOM_CIENT_":"CELTIS AUSTRALIS","CALLE":"AVENIDA BEAUCHEF","SECTOR":"SUR PONIENTE"},"geometry":{"type":"LineString","coordinates":[[-70.66381,-33.462265],[-70.663747,-33.463489]]}},{"type":"Feature","properties":{"OBJECTID":3105,"ESPECIE_PR":"ALMEZ","NOM_CIENT_":"CELTIS AUSTRALIS","CALLE":"AVENIDA CLUB HIPICO","SECTOR":"SUR PONIENTE"},"geometry":{"type":"LineString","coordinates":[[-70.664972,-33.462267],[-70.664956,-33.463507]]}},{"type":"Feature","properties":{"OBJECTID":3113,"ESPECIE_PR":"LIQUIDAMBAR","NOM_CIENT_":"LIQUIDAMBAR STYRACIFLUA","CALLE":"ABATE MOLINA","SECTOR":"SUR PONIENTE"},"geometry":{"type":"LineString","coordinates":[[-70.67165,-33.462368],[-70.671648,-33.462401],[-70.671623,-33.462656],[-70.671537,-33.4635]]}},{"type":"Feature","properties":{"OBJECTID":3122,"ESPECIE_PR":"MAITEN","NOM_CIENT_":"MAYTENUS BOARIA","CALLE":"GUACOLDA","SECTOR":"SUR PONIENTE"},"geometry":{"type":"LineString","coordinates":[[-70.671537,-33.4635],[-70.672378,-33.463655]]}},{"type":"Feature","properties":{"OBJECTID":3123,"ESPECIE_PR":"QUILLAY","NOM_CIENT_":"QUILLAJA SAPONARIA","CALLE":"BASCUNAN GUERRERO","SECTOR":"SUR PONIENTE"},"geometry":{"type":"LineString","coordinates":[[-70.672649,-33.462544],[-70.672378,-33.463655]]}},{"type":"Feature","properties":{"OBJECTID":3138,"ESPECIE_PR":"MAITEN","NOM_CIENT_":"MAYTENUS BOARIA","CALLE":"GUACOLDA","SECTOR":"SUR PONIENTE"},"geometry":{"type":"LineString","coordinates":[[-70.672378,-33.463655],[-70.672477,-33.463669],[-70.673625,-33.46388]]}},{"type":"Feature","properties":{"OBJECTID":3139,"ESPECIE_PR":"QUILLAY","NOM_CIENT_":"QUILLAJA SAPONARIA","CALLE":"SAN ALFONSO","SECTOR":"SUR PONIENTE"},"geometry":{"type":"LineString","coordinates":[[-70.673887,-33.462767],[-70.673625,-33.46388]]}},{"type":"Feature","properties":{"OBJECTID":3152,"ESPECIE_PR":"MAITEN","NOM_CIENT_":"MAYTENUS BOARIA","CALLE":"GUACOLDA","SECTOR":"SUR PONIENTE"},"geometry":{"type":"LineString","coordinates":[[-70.673625,-33.46388],[-70.674863,-33.464101]]}},{"type":"Feature","properties":{"OBJECTID":3153,"ESPECIE_PR":"LIQUIDAMBAR","NOM_CIENT_":"LIQUIDAMBAR STYRACIFLUA","CALLE":"CONFERENCIA","SECTOR":"SUR PONIENTE"},"geometry":{"type":"LineString","coordinates":[[-70.675126,-33.463005],[-70.674863,-33.464101]]}},{"type":"Feature","properties":{"OBJECTID":3156,"ESPECIE_PR":"QUILLAY","NOM_CIENT_":"QUILLAJA SAPONARIA","CALLE":"SAN ALFONSO","SECTOR":"SUR PONIENTE"},"geometry":{"type":"LineString","coordinates":[[-70.673625,-33.46388],[-70.673538,-33.464236]]}},{"type":"Feature","properties":{"OBJECTID":3161,"ESPECIE_PR":"MAITEN","NOM_CIENT_":"MAYTENUS BOARIA","CALLE":"GUACOLDA","SECTOR":"SUR PONIENTE"},"geometry":{"type":"LineString","coordinates":[[-70.674863,-33.464101],[-70.676106,-33.464329]]}},{"type":"Feature","properties":{"OBJECTID":3163,"ESPECIE_PR":"JACARANDA","NOM_CIENT_":"JACARANDA MIMOSIFOLIA","CALLE":"AVENIDA MANUEL RODRIGUEZ SUR","SECTOR":"SUR PONIENTE"},"geometry":{"type":"LineString","coordinates":[[-70.657038,-33.460582],[-70.657054,-33.460691],[-70.656969,-33.461824],[-70.656765,-33.464623]]}},{"type":"Feature","properties":{"OBJECTID":3169,"ESPECIE_PR":"LIQUIDAMBAR","NOM_CIENT_":"LIQUIDAMBAR STYRACIFLUA","CALLE":"CONFERENCIA","SECTOR":"SUR PONIENTE"},"geometry":{"type":"LineString","coordinates":[[-70.674863,-33.464101],[-70.674776,-33.464471]]}},{"type":"Feature","properties":{"OBJECTID":3172,"ESPECIE_PR":"MAITEN","NOM_CIENT_":"MAYTENUS BOARIA","CALLE":"GUACOLDA","SECTOR":"SUR PONIENTE"},"geometry":{"type":"LineString","coordinates":[[-70.676106,-33.464329],[-70.676907,-33.464467]]}},{"type":"Feature","properties":{"OBJECTID":3175,"ESPECIE_PR":"QUILLAY","NOM_CIENT_":"QUILLAJA SAPONARIA","CALLE":"SAN ALFONSO","SECTOR":"SUR PONIENTE"},"geometry":{"type":"LineString","coordinates":[[-70.673538,-33.464236],[-70.67346,-33.464575]]}},{"type":"Feature","properties":{"OBJECTID":3179,"ESPECIE_PR":"LIQUIDAMBAR","NOM_CIENT_":"LIQUIDAMBAR STYRACIFLUA","CALLE":"ABATE MOLINA","SECTOR":"SUR PONIENTE"},"geometry":{"type":"LineString","coordinates":[[-70.671537,-33.4635],[-70.67158,-33.464647]]}},{"type":"Feature","properties":{"OBJECTID":3184,"ESPECIE_PR":"CRESPON","NOM_CIENT_":"LAGERSTROEMIA INDICA","CALLE":"ESPINEIRA","SECTOR":"SUR PONIENTE"},"geometry":{"type":"LineString","coordinates":[[-70.67158,-33.464647],[-70.672136,-33.464751]]}},{"type":"Feature","properties":{"OBJECTID":3185,"ESPECIE_PR":"QUILLAY","NOM_CIENT_":"QUILLAJA SAPONARIA","CALLE":"BASCUNAN GUERRERO","SECTOR":"SUR PONIENTE"},"geometry":{"type":"LineString","coordinates":[[-70.672378,-33.463655],[-70.672136,-33.464751]]}},{"type":"Feature","properties":{"OBJECTID":3190,"ESPECIE_PR":"JACARANDA","NOM_CIENT_":"JACARANDA MIMOSIFOLIA","CALLE":"VIEL","SECTOR":"SUR PONIENTE"},"geometry":{"type":"LineString","coordinates":[[-70.657137,-33.460602],[-70.657223,-33.460678],[-70.657277,-33.460748],[-70.657283,-33.460836],[-70.657273,-33.460953],[-70.657259,-33.461151],[-70.657237,-33.461377],[-70.657217,-33.461669],[-70.657213,-33.46191],[-70.657191,-33.462137],[-70.657041,-33.463546],[-70.657028,-33.463654],[-70.657021,-33.463772],[-70.657018,-33.463871],[-70.657024,-33.463943],[-70.65703,-33.464006],[-70.657265,-33.464724],[-70.657272,-33.464778],[-70.657273,-33.464841],[-70.657249,-33.464896],[-70.65719,-33.464951],[-70.657134,-33.46497],[-70.657059,-33.46498],[-70.656988,-33.464962],[-70.656912,-33.464927],[-70.65687,-33.464883],[-70.656843,-33.464793],[-70.656765,-33.464623]]}},{"type":"Feature","properties":{"OBJECTID":3193,"ESPECIE_PR":"CRESPON","NOM_CIENT_":"LAGERSTROEMIA INDICA","CALLE":"ESPINEIRA","SECTOR":"SUR PONIENTE"},"geometry":{"type":"LineString","coordinates":[[-70.672136,-33.464751],[-70.672425,-33.464796]]}},{"type":"Feature","properties":{"OBJECTID":3198,"ESPECIE_PR":"LIQUIDAMBAR","NOM_CIENT_":"LIQUIDAMBAR STYRACIFLUA","CALLE":"CONFERENCIA","SECTOR":"SUR PONIENTE"},"geometry":{"type":"LineString","coordinates":[[-70.674776,-33.464471],[-70.674708,-33.464802]]}},{"type":"Feature","properties":{"OBJECTID":3199,"ESPECIE_PR":"CRESPON","NOM_CIENT_":"LAGERSTROEMIA INDICA","CALLE":"ESPINEIRA","SECTOR":"SUR PONIENTE"},"geometry":{"type":"LineString","coordinates":[[-70.672425,-33.464796],[-70.672641,-33.464836]]}},{"type":"Feature","properties":{"OBJECTID":3201,"ESPECIE_PR":"CRESPON","NOM_CIENT_":"LAGERSTROEMIA INDICA","CALLE":"ESPINEIRA","SECTOR":"SUR PONIENTE"},"geometry":{"type":"LineString","coordinates":[[-70.672641,-33.464836],[-70.672863,-33.464876]]}},{"type":"Feature","properties":{"OBJECTID":3208,"ESPECIE_PR":"CRESPON","NOM_CIENT_":"LAGERSTROEMIA INDICA","CALLE":"ESPINEIRA","SECTOR":"SUR PONIENTE"},"geometry":{"type":"LineString","coordinates":[[-70.672863,-33.464876],[-70.673084,-33.464914]]}},{"type":"Feature","properties":{"OBJECTID":3219,"ESPECIE_PR":"CRESPON","NOM_CIENT_":"LAGERSTROEMIA INDICA","CALLE":"ESPINEIRA","SECTOR":"SUR PONIENTE"},"geometry":{"type":"LineString","coordinates":[[-70.673084,-33.464914],[-70.673367,-33.464974]]}},{"type":"Feature","properties":{"OBJECTID":3220,"ESPECIE_PR":"QUILLAY","NOM_CIENT_":"QUILLAJA SAPONARIA","CALLE":"SAN ALFONSO","SECTOR":"SUR PONIENTE"},"geometry":{"type":"LineString","coordinates":[[-70.67346,-33.464575],[-70.673367,-33.464974]]}},{"type":"Feature","properties":{"OBJECTID":3228,"ESPECIE_PR":"QUILLAY","NOM_CIENT_":"QUILLAJA SAPONARIA","CALLE":"BASCUNAN GUERRERO","SECTOR":"SUR PONIENTE"},"geometry":{"type":"LineString","coordinates":[[-70.672136,-33.464751],[-70.672042,-33.465158]]}},{"type":"Feature","properties":{"OBJECTID":3231,"ESPECIE_PR":"CRESPON","NOM_CIENT_":"LAGERSTROEMIA INDICA","CALLE":"ESPINEIRA","SECTOR":"SUR PONIENTE"},"geometry":{"type":"LineString","coordinates":[[-70.673367,-33.464974],[-70.674621,-33.465205]]}},{"type":"Feature","properties":{"OBJECTID":3232,"ESPECIE_PR":"LIQUIDAMBAR","NOM_CIENT_":"LIQUIDAMBAR STYRACIFLUA","CALLE":"CONFERENCIA","SECTOR":"SUR PONIENTE"},"geometry":{"type":"LineString","coordinates":[[-70.674708,-33.464802],[-70.674621,-33.465205]]}},{"type":"Feature","properties":{"OBJECTID":3234,"ESPECIE_PR":"ALMEZ","NOM_CIENT_":"CELTIS AUSTRALIS","CALLE":"AVENIDA BEAUCHEF","SECTOR":"SUR PONIENTE"},"geometry":{"type":"LineString","coordinates":[[-70.663747,-33.463489],[-70.663657,-33.46536]]}},{"type":"Feature","properties":{"OBJECTID":3239,"ESPECIE_PR":"QUILLAY","NOM_CIENT_":"QUILLAJA SAPONARIA","CALLE":"SAN ALFONSO","SECTOR":"SUR PONIENTE"},"geometry":{"type":"LineString","coordinates":[[-70.673367,-33.464974],[-70.673279,-33.46538]]}},{"type":"Feature","properties":{"OBJECTID":3243,"ESPECIE_PR":"VILCA","NOM_CIENT_":"ANADENANTHERA COLUBRINA","CALLE":"ANTOFAGASTA","SECTOR":"SUR PONIENTE"},"geometry":{"type":"LineString","coordinates":[[-70.663657,-33.46536],[-70.664951,-33.465541]]}},{"type":"Feature","properties":{"OBJECTID":3244,"ESPECIE_PR":"ALMEZ","NOM_CIENT_":"CELTIS AUSTRALIS","CALLE":"AVENIDA CLUB HIPICO","SECTOR":"SUR PONIENTE"},"geometry":{"type":"LineString","coordinates":[[-70.664956,-33.463507],[-70.664951,-33.465541]]}},{"type":"Feature","properties":{"OBJECTID":3247,"ESPECIE_PR":"CRESPON","NOM_CIENT_":"LAGERSTROEMIA INDICA","CALLE":"ESPINEIRA","SECTOR":"SUR PONIENTE"},"geometry":{"type":"LineString","coordinates":[[-70.674621,-33.465205],[-70.675842,-33.465423]]}},{"type":"Feature","properties":{"OBJECTID":3252,"ESPECIE_PR":"CRESPON","NOM_CIENT_":"LAGERSTROEMIA INDICA","CALLE":"ESPINEIRA","SECTOR":"SUR PONIENTE"},"geometry":{"type":"LineString","coordinates":[[-70.675842,-33.465423],[-70.676249,-33.465492]]}},{"type":"Feature","properties":{"OBJECTID":3255,"ESPECIE_PR":"CRESPON","NOM_CIENT_":"LAGERSTROEMIA INDICA","CALLE":"ESPINEIRA","SECTOR":"SUR PONIENTE"},"geometry":{"type":"LineString","coordinates":[[-70.676249,-33.465492],[-70.676518,-33.465541]]}},{"type":"Feature","properties":{"OBJECTID":3258,"ESPECIE_PR":"CRESPON","NOM_CIENT_":"LAGERSTROEMIA INDICA","CALLE":"ESPINEIRA","SECTOR":"SUR PONIENTE"},"geometry":{"type":"LineString","coordinates":[[-70.676518,-33.465541],[-70.676781,-33.465595]]}},{"type":"Feature","properties":{"OBJECTID":3259,"ESPECIE_PR":"CRESPON","NOM_CIENT_":"LAGERSTROEMIA INDICA","CALLE":"ESPINEIRA","SECTOR":"SUR PONIENTE"},"geometry":{"type":"LineString","coordinates":[[-70.676781,-33.465595],[-70.676874,-33.465612]]}},{"type":"Feature","properties":{"OBJECTID":3264,"ESPECIE_PR":"QUILLAY","NOM_CIENT_":"QUILLAJA SAPONARIA","CALLE":"SAN ALFONSO","SECTOR":"SUR PONIENTE"},"geometry":{"type":"LineString","coordinates":[[-70.673279,-33.46538],[-70.673172,-33.465813]]}},{"type":"Feature","properties":{"OBJECTID":3292,"ESPECIE_PR":"JACARANDA","NOM_CIENT_":"JACARANDA MIMOSIFOLIA","CALLE":"AVENIDA MANUEL RODRIGUEZ SUR","SECTOR":"SUR PONIENTE"},"geometry":{"type":"LineString","coordinates":[[-70.656765,-33.464623],[-70.656659,-33.466417]]}},{"type":"Feature","properties":{"OBJECTID":3296,"ESPECIE_PR":"JACARANDA","NOM_CIENT_":"JACARANDA MIMOSIFOLIA","CALLE":"AVENIDA MANUEL RODRIGUEZ SUR","SECTOR":"SUR PONIENTE"},"geometry":{"type":"LineString","coordinates":[[-70.657381,-33.460603],[-70.657358,-33.460953],[-70.657314,-33.461547],[-70.657288,-33.462],[-70.657179,-33.463004],[-70.657109,-33.463719],[-70.6571,-33.463896],[-70.65711,-33.46397],[-70.657324,-33.464623],[-70.657362,-33.464773],[-70.65736,-33.464858],[-70.657331,-33.464947],[-70.657262,-33.465018],[-70.657064,-33.465205],[-70.656989,-33.465287],[-70.656927,-33.465378],[-70.656879,-33.465478],[-70.656854,-33.465559],[-70.656849,-33.465632],[-70.656812,-33.466441]]}},{"type":"Feature","properties":{"OBJECTID":3301,"ESPECIE_PR":"LIQUIDAMBAR","NOM_CIENT_":"LIQUIDAMBAR STYRACIFLUA","CALLE":"ABATE MOLINA","SECTOR":"SUR PONIENTE"},"geometry":{"type":"LineString","coordinates":[[-70.67158,-33.464647],[-70.671585,-33.466209],[-70.671606,-33.466229],[-70.671674,-33.466289]]}},{"type":"Feature","properties":{"OBJECTID":3302,"ESPECIE_PR":"QUILLAY","NOM_CIENT_":"QUILLAJA SAPONARIA","CALLE":"BASCUNAN GUERRERO","SECTOR":"SUR PONIENTE"},"geometry":{"type":"LineString","coordinates":[[-70.672042,-33.465158],[-70.671784,-33.466225],[-70.671674,-33.466289]]}},{"type":"Feature","properties":{"OBJECTID":3304,"ESPECIE_PR":"ALMEZ","NOM_CIENT_":"CELTIS AUSTRALIS","CALLE":"AVENIDA BEAUCHEF","SECTOR":"SUR PONIENTE"},"geometry":{"type":"LineString","coordinates":[[-70.663657,-33.46536],[-70.663621,-33.466425]]}},{"type":"Feature","properties":{"OBJECTID":3305,"ESPECIE_PR":"QUILLAY","NOM_CIENT_":"QUILLAJA SAPONARIA","CALLE":"RAIMUNDO LARRAIN","SECTOR":"SUR PONIENTE"},"geometry":{"type":"LineString","coordinates":[[-70.663621,-33.466425],[-70.664314,-33.466439]]}},{"type":"Feature","properties":{"OBJECTID":3313,"ESPECIE_PR":"QUILLAY","NOM_CIENT_":"QUILLAJA SAPONARIA","CALLE":"RAIMUNDO LARRAIN","SECTOR":"SUR PONIENTE"},"geometry":{"type":"LineString","coordinates":[[-70.664314,-33.466439],[-70.664933,-33.46647]]}},{"type":"Feature","properties":{"OBJECTID":3314,"ESPECIE_PR":"ALMEZ","NOM_CIENT_":"CELTIS AUSTRALIS","CALLE":"AVENIDA CLUB HIPICO","SECTOR":"SUR PONIENTE"},"geometry":{"type":"LineString","coordinates":[[-70.664951,-33.465541],[-70.664933,-33.46647]]}},{"type":"Feature","properties":{"OBJECTID":3320,"ESPECIE_PR":"VILCA","NOM_CIENT_":"ANADENANTHERA COLUBRINA","CALLE":"ANTOFAGASTA","SECTOR":"SUR PONIENTE"},"geometry":{"type":"LineString","coordinates":[[-70.671719,-33.466432],[-70.673024,-33.466452]]}},{"type":"Feature","properties":{"OBJECTID":3321,"ESPECIE_PR":"QUILLAY","NOM_CIENT_":"QUILLAJA SAPONARIA","CALLE":"SAN ALFONSO","SECTOR":"SUR PONIENTE"},"geometry":{"type":"LineString","coordinates":[[-70.673172,-33.465813],[-70.673029,-33.46637],[-70.673024,-33.466452]]}},{"type":"Feature","properties":{"OBJECTID":3324,"ESPECIE_PR":"VILCA","NOM_CIENT_":"ANADENANTHERA COLUBRINA","CALLE":"ANTOFAGASTA","SECTOR":"SUR PONIENTE"},"geometry":{"type":"LineString","coordinates":[[-70.673024,-33.466452],[-70.673522,-33.46646]]}},{"type":"Feature","properties":{"OBJECTID":3329,"ESPECIE_PR":"VILCA","NOM_CIENT_":"ANADENANTHERA COLUBRINA","CALLE":"ANTOFAGASTA","SECTOR":"SUR PONIENTE"},"geometry":{"type":"LineString","coordinates":[[-70.673522,-33.46646],[-70.674319,-33.466484]]}},{"type":"Feature","properties":{"OBJECTID":3330,"ESPECIE_PR":"LIQUIDAMBAR","NOM_CIENT_":"LIQUIDAMBAR STYRACIFLUA","CALLE":"CONFERENCIA","SECTOR":"SUR PONIENTE"},"geometry":{"type":"LineString","coordinates":[[-70.674621,-33.465205],[-70.674319,-33.466484]]}},{"type":"Feature","properties":{"OBJECTID":3335,"ESPECIE_PR":"VILCA","NOM_CIENT_":"ANADENANTHERA COLUBRINA","CALLE":"ANTOFAGASTA","SECTOR":"SUR PONIENTE"},"geometry":{"type":"LineString","coordinates":[[-70.674319,-33.466484],[-70.675612,-33.466534]]}},{"type":"Feature","properties":{"OBJECTID":3337,"ESPECIE_PR":"VILCA","NOM_CIENT_":"ANADENANTHERA COLUBRINA","CALLE":"ANTOFAGASTA","SECTOR":"SUR PONIENTE"},"geometry":{"type":"LineString","coordinates":[[-70.675612,-33.466534],[-70.676006,-33.466544]]}},{"type":"Feature","properties":{"OBJECTID":3341,"ESPECIE_PR":"VILCA","NOM_CIENT_":"ANADENANTHERA COLUBRINA","CALLE":"ANTOFAGASTA","SECTOR":"SUR PONIENTE"},"geometry":{"type":"LineString","coordinates":[[-70.676006,-33.466544],[-70.676618,-33.466565]]}},{"type":"Feature","properties":{"OBJECTID":3347,"ESPECIE_PR":"VILCA","NOM_CIENT_":"ANADENANTHERA COLUBRINA","CALLE":"ANTOFAGASTA","SECTOR":"SUR PONIENTE"},"geometry":{"type":"LineString","coordinates":[[-70.676618,-33.466565],[-70.677034,-33.466593]]}},{"type":"Feature","properties":{"OBJECTID":3348,"ESPECIE_PR":"PELU","NOM_CIENT_":"SOPHORA CASSIOIDES","CALLE":"ORIENTE","SECTOR":"SUR PONIENTE"},"geometry":{"type":"LineString","coordinates":[[-70.673522,-33.46646],[-70.673522,-33.46666]]}},{"type":"Feature","properties":{"OBJECTID":3350,"ESPECIE_PR":"LIQUIDAMBAR","NOM_CIENT_":"LIQUIDAMBAR STYRACIFLUA","CALLE":"CONFERENCIA","SECTOR":"SUR PONIENTE"},"geometry":{"type":"LineString","coordinates":[[-70.674319,-33.466484],[-70.674322,-33.466664]]}},{"type":"Feature","properties":{"OBJECTID":3355,"ESPECIE_PR":"VILCA","NOM_CIENT_":"ANADENANTHERA COLUBRINA","CALLE":"ANTOFAGASTA","SECTOR":"SUR PONIENTE"},"geometry":{"type":"LineString","coordinates":[[-70.677034,-33.466593],[-70.678999,-33.466649]]}},{"type":"Feature","properties":{"OBJECTID":3366,"ESPECIE_PR":"PELU","NOM_CIENT_":"SOPHORA CASSIOIDES","CALLE":"ORIENTE","SECTOR":"SUR PONIENTE"},"geometry":{"type":"LineString","coordinates":[[-70.673522,-33.46666],[-70.673516,-33.466875]]}},{"type":"Feature","properties":{"OBJECTID":3370,"ESPECIE_PR":"LIQUIDAMBAR","NOM_CIENT_":"LIQUIDAMBAR STYRACIFLUA","CALLE":"CONFERENCIA","SECTOR":"SUR PONIENTE"},"geometry":{"type":"LineString","coordinates":[[-70.674322,-33.466664],[-70.674313,-33.466882]]}},{"type":"Feature","properties":{"OBJECTID":3378,"ESPECIE_PR":"ALMEZ","NOM_CIENT_":"CELTIS AUSTRALIS","CALLE":"AVENIDA BEAUCHEF","SECTOR":"SUR PONIENTE"},"geometry":{"type":"LineString","coordinates":[[-70.663621,-33.466425],[-70.663579,-33.467219]]}},{"type":"Feature","properties":{"OBJECTID":3383,"ESPECIE_PR":"QUILLAY","NOM_CIENT_":"QUILLAJA SAPONARIA","CALLE":"AVENIDA EL MIRADOR","SECTOR":"SUR PONIENTE"},"geometry":{"type":"LineString","coordinates":[[-70.671719,-33.466432],[-70.670978,-33.46715]]}},{"type":"Feature","properties":{"OBJECTID":3384,"ESPECIE_PR":"ALMEZ","NOM_CIENT_":"CELTIS AUSTRALIS","CALLE":"GASPAR DE LA BARRERA","SECTOR":"SUR PONIENTE"},"geometry":{"type":"LineString","coordinates":[[-70.670978,-33.46715],[-70.671712,-33.467143]]}},{"type":"Feature","properties":{"OBJECTID":3385,"ESPECIE_PR":"LIQUIDAMBAR","NOM_CIENT_":"LIQUIDAMBAR STYRACIFLUA","CALLE":"BASCUNAN GUERRERO","SECTOR":"SUR PONIENTE"},"geometry":{"type":"LineString","coordinates":[[-70.671719,-33.466432],[-70.671712,-33.467143]]}},{"type":"Feature","properties":{"OBJECTID":3386,"ESPECIE_PR":"ALMEZ","NOM_CIENT_":"CELTIS AUSTRALIS","CALLE":"GASPAR DE LA BARRERA","SECTOR":"SUR PONIENTE"},"geometry":{"type":"LineString","coordinates":[[-70.671712,-33.467143],[-70.673024,-33.467164]]}},{"type":"Feature","properties":{"OBJECTID":3387,"ESPECIE_PR":"QUILLAY","NOM_CIENT_":"QUILLAJA SAPONARIA","CALLE":"SAN ALFONSO","SECTOR":"SUR PONIENTE"},"geometry":{"type":"LineString","coordinates":[[-70.673024,-33.466452],[-70.673035,-33.466524],[-70.673024,-33.467164]]}},{"type":"Feature","properties":{"OBJECTID":3388,"ESPECIE_PR":"ALMEZ","NOM_CIENT_":"CELTIS AUSTRALIS","CALLE":"GASPAR DE LA BARRERA","SECTOR":"SUR PONIENTE"},"geometry":{"type":"LineString","coordinates":[[-70.673024,-33.467164],[-70.673481,-33.467166]]}},{"type":"Feature","properties":{"OBJECTID":3389,"ESPECIE_PR":"PELU","NOM_CIENT_":"SOPHORA CASSIOIDES","CALLE":"ORIENTE","SECTOR":"SUR PONIENTE"},"geometry":{"type":"LineString","coordinates":[[-70.673516,-33.466875],[-70.673505,-33.467122],[-70.673481,-33.467166]]}},{"type":"Feature","properties":{"OBJECTID":3390,"ESPECIE_PR":"ALMEZ","NOM_CIENT_":"CELTIS AUSTRALIS","CALLE":"GASPAR DE LA BARRERA","SECTOR":"SUR PONIENTE"},"geometry":{"type":"LineString","coordinates":[[-70.673481,-33.467166],[-70.67384,-33.467162]]}},{"type":"Feature","properties":{"OBJECTID":3391,"ESPECIE_PR":"ALMEZ","NOM_CIENT_":"CELTIS AUSTRALIS","CALLE":"GASPAR DE LA BARRERA","SECTOR":"SUR PONIENTE"},"geometry":{"type":"LineString","coordinates":[[-70.67384,-33.467162],[-70.674319,-33.467176]]}},{"type":"Feature","properties":{"OBJECTID":3392,"ESPECIE_PR":"LIQUIDAMBAR","NOM_CIENT_":"LIQUIDAMBAR STYRACIFLUA","CALLE":"CONFERENCIA","SECTOR":"SUR PONIENTE"},"geometry":{"type":"LineString","coordinates":[[-70.674313,-33.466882],[-70.674319,-33.467176]]}},{"type":"Feature","properties":{"OBJECTID":3393,"ESPECIE_PR":"ALMEZ","NOM_CIENT_":"CELTIS AUSTRALIS","CALLE":"GASPAR DE LA BARRERA","SECTOR":"SUR PONIENTE"},"geometry":{"type":"LineString","coordinates":[[-70.674319,-33.467176],[-70.674963,-33.467175]]}},{"type":"Feature","properties":{"OBJECTID":3394,"ESPECIE_PR":"QUILLAY","NOM_CIENT_":"QUILLAJA SAPONARIA","CALLE":"MARSELLA","SECTOR":"SUR PONIENTE"},"geometry":{"type":"LineString","coordinates":[[-70.663579,-33.467219],[-70.66492,-33.467318]]}},{"type":"Feature","properties":{"OBJECTID":3395,"ESPECIE_PR":"ALMEZ","NOM_CIENT_":"CELTIS AUSTRALIS","CALLE":"AVENIDA CLUB HIPICO","SECTOR":"SUR PONIENTE"},"geometry":{"type":"LineString","coordinates":[[-70.664933,-33.46647],[-70.66492,-33.467318]]}},{"type":"Feature","properties":{"OBJECTID":3398,"ESPECIE_PR":"ALMEZ","NOM_CIENT_":"CELTIS AUSTRALIS","CALLE":"GASPAR DE LA BARRERA","SECTOR":"SUR PONIENTE"},"geometry":{"type":"LineString","coordinates":[[-70.674963,-33.467175],[-70.675595,-33.467183]]}},{"type":"Feature","properties":{"OBJECTID":3400,"ESPECIE_PR":"ALMEZ","NOM_CIENT_":"CELTIS AUSTRALIS","CALLE":"GASPAR DE LA BARRERA","SECTOR":"SUR PONIENTE"},"geometry":{"type":"LineString","coordinates":[[-70.675595,-33.467183],[-70.676859,-33.467193]]}},{"type":"Feature","properties":{"OBJECTID":3401,"ESPECIE_PR":"ALMEZ","NOM_CIENT_":"CELTIS AUSTRALIS","CALLE":"GASPAR DE LA BARRERA","SECTOR":"SUR PONIENTE"},"geometry":{"type":"LineString","coordinates":[[-70.676859,-33.467193],[-70.677488,-33.467186]]}},{"type":"Feature","properties":{"OBJECTID":3402,"ESPECIE_PR":"FALSO PIMIENTO","NOM_CIENT_":"SCHINUS MOLLE","CALLE":"CAMINO A MELIPILLA","SECTOR":"SUR PONIENTE"},"geometry":{"type":"LineString","coordinates":[[-70.677034,-33.466593],[-70.677488,-33.467186]]}},{"type":"Feature","properties":{"OBJECTID":3419,"ESPECIE_PR":"JACARANDA","NOM_CIENT_":"JACARANDA MIMOSIFOLIA","CALLE":"AVENIDA MANUEL RODRIGUEZ SUR","SECTOR":"SUR PONIENTE"},"geometry":{"type":"LineString","coordinates":[[-70.656812,-33.466441],[-70.656759,-33.467749]]}},{"type":"Feature","properties":{"OBJECTID":3429,"ESPECIE_PR":"PELU","NOM_CIENT_":"SOPHORA CASSIOIDES","CALLE":"ORIENTE","SECTOR":"SUR PONIENTE"},"geometry":{"type":"LineString","coordinates":[[-70.673481,-33.467166],[-70.673463,-33.467754]]}},{"type":"Feature","properties":{"OBJECTID":3437,"ESPECIE_PR":"LIQUIDAMBAR","NOM_CIENT_":"LIQUIDAMBAR STYRACIFLUA","CALLE":"BASCUNAN GUERRERO","SECTOR":"SUR PONIENTE"},"geometry":{"type":"LineString","coordinates":[[-70.671712,-33.467143],[-70.671696,-33.467266],[-70.67169,-33.467903]]}},{"type":"Feature","properties":{"OBJECTID":3441,"ESPECIE_PR":"QUILLAY","NOM_CIENT_":"QUILLAJA SAPONARIA","CALLE":"SAN ALFONSO","SECTOR":"SUR PONIENTE"},"geometry":{"type":"LineString","coordinates":[[-70.673024,-33.467164],[-70.673016,-33.4679]]}},{"type":"Feature","properties":{"OBJECTID":3451,"ESPECIE_PR":"QUILLAY","NOM_CIENT_":"QUILLAJA SAPONARIA","CALLE":"AVENIDA EL MIRADOR","SECTOR":"SUR PONIENTE"},"geometry":{"type":"LineString","coordinates":[[-70.670978,-33.46715],[-70.670022,-33.468115]]}},{"type":"Feature","properties":{"OBJECTID":3464,"ESPECIE_PR":"QUILLAY","NOM_CIENT_":"QUILLAJA SAPONARIA","CALLE":"MANUEL DE AMAT","SECTOR":"SUR PONIENTE"},"geometry":{"type":"LineString","coordinates":[[-70.670293,-33.468319],[-70.670719,-33.468315]]}},{"type":"Feature","properties":{"OBJECTID":3466,"ESPECIE_PR":"QUILLAY","NOM_CIENT_":"QUILLAJA SAPONARIA","CALLE":"MANUEL DE AMAT","SECTOR":"SUR PONIENTE"},"geometry":{"type":"LineString","coordinates":[[-70.670719,-33.468315],[-70.670902,-33.468314]]}},{"type":"Feature","properties":{"OBJECTID":3472,"ESPECIE_PR":"QUILLAY","NOM_CIENT_":"QUILLAJA SAPONARIA","CALLE":"MANUEL DE AMAT","SECTOR":"SUR PONIENTE"},"geometry":{"type":"LineString","coordinates":[[-70.670902,-33.468314],[-70.671681,-33.468327],[-70.671692,-33.468327]]}},{"type":"Feature","properties":{"OBJECTID":3473,"ESPECIE_PR":"LIQUIDAMBAR","NOM_CIENT_":"LIQUIDAMBAR STYRACIFLUA","CALLE":"BASCUNAN GUERRERO","SECTOR":"SUR PONIENTE"},"geometry":{"type":"LineString","coordinates":[[-70.67169,-33.467903],[-70.671692,-33.468327]]}},{"type":"Feature","properties":{"OBJECTID":3476,"ESPECIE_PR":"QUILLAY","NOM_CIENT_":"QUILLAJA SAPONARIA","CALLE":"MANUEL DE AMAT","SECTOR":"SUR PONIENTE"},"geometry":{"type":"LineString","coordinates":[[-70.671692,-33.468327],[-70.672148,-33.468335]]}},{"type":"Feature","properties":{"OBJECTID":3477,"ESPECIE_PR":"QUILLAY","NOM_CIENT_":"QUILLAJA SAPONARIA","CALLE":"MANUEL DE AMAT","SECTOR":"SUR PONIENTE"},"geometry":{"type":"LineString","coordinates":[[-70.672148,-33.468335],[-70.672538,-33.468343]]}},{"type":"Feature","properties":{"OBJECTID":3478,"ESPECIE_PR":"QUILLAY","NOM_CIENT_":"QUILLAJA SAPONARIA","CALLE":"MANUEL DE AMAT","SECTOR":"SUR PONIENTE"},"geometry":{"type":"LineString","coordinates":[[-70.672538,-33.468343],[-70.673008,-33.46834]]}},{"type":"Feature","properties":{"OBJECTID":3479,"ESPECIE_PR":"QUILLAY","NOM_CIENT_":"QUILLAJA SAPONARIA","CALLE":"SAN ALFONSO","SECTOR":"SUR PONIENTE"},"geometry":{"type":"LineString","coordinates":[[-70.673016,-33.4679],[-70.673008,-33.46834]]}},{"type":"Feature","properties":{"OBJECTID":3480,"ESPECIE_PR":"QUILLAY","NOM_CIENT_":"QUILLAJA SAPONARIA","CALLE":"MANUEL DE AMAT","SECTOR":"SUR PONIENTE"},"geometry":{"type":"LineString","coordinates":[[-70.673008,-33.46834],[-70.673455,-33.46834]]}},{"type":"Feature","properties":{"OBJECTID":3481,"ESPECIE_PR":"PELU","NOM_CIENT_":"SOPHORA CASSIOIDES","CALLE":"ORIENTE","SECTOR":"SUR PONIENTE"},"geometry":{"type":"LineString","coordinates":[[-70.673463,-33.467754],[-70.673455,-33.46834]]}},{"type":"Feature","properties":{"OBJECTID":3482,"ESPECIE_PR":"QUILLAY","NOM_CIENT_":"QUILLAJA SAPONARIA","CALLE":"MANUEL DE AMAT","SECTOR":"SUR PONIENTE"},"geometry":{"type":"LineString","coordinates":[[-70.673455,-33.46834],[-70.673829,-33.468343]]}},{"type":"Feature","properties":{"OBJECTID":3484,"ESPECIE_PR":"QUILLAY","NOM_CIENT_":"QUILLAJA SAPONARIA","CALLE":"MANUEL DE AMAT","SECTOR":"SUR PONIENTE"},"geometry":{"type":"LineString","coordinates":[[-70.673829,-33.468343],[-70.674285,-33.468346]]}},{"type":"Feature","properties":{"OBJECTID":3485,"ESPECIE_PR":"LIQUIDAMBAR","NOM_CIENT_":"LIQUIDAMBAR STYRACIFLUA","CALLE":"CONFERENCIA","SECTOR":"SUR PONIENTE"},"geometry":{"type":"LineString","coordinates":[[-70.674319,-33.467176],[-70.674285,-33.468346]]}},{"type":"Feature","properties":{"OBJECTID":3486,"ESPECIE_PR":"JACARANDA","NOM_CIENT_":"JACARANDA MIMOSIFOLIA","CALLE":"AVENIDA MANUEL RODRIGUEZ SUR","SECTOR":"SUR PONIENTE"},"geometry":{"type":"LineString","coordinates":[[-70.656659,-33.466417],[-70.65657,-33.468584]]}},{"type":"Feature","properties":{"OBJECTID":3487,"ESPECIE_PR":"JACARANDA","NOM_CIENT_":"JACARANDA MIMOSIFOLIA","CALLE":"VIEL","SECTOR":"SUR PONIENTE"},"geometry":{"type":"LineString","coordinates":[[-70.656759,-33.467749],[-70.656812,-33.468103],[-70.656809,-33.468184],[-70.65679,-33.468266],[-70.656765,-33.468338],[-70.656724,-33.468429],[-70.656641,-33.468529],[-70.65657,-33.468584]]}},{"type":"Feature","properties":{"OBJECTID":3488,"ESPECIE_PR":"QUILLAY","NOM_CIENT_":"QUILLAJA SAPONARIA","CALLE":"MANUEL DE AMAT","SECTOR":"SUR PONIENTE"},"geometry":{"type":"LineString","coordinates":[[-70.674285,-33.468346],[-70.674928,-33.468356]]}},{"type":"Feature","properties":{"OBJECTID":3494,"ESPECIE_PR":"QUILLAY","NOM_CIENT_":"QUILLAJA SAPONARIA","CALLE":"MANUEL DE AMAT","SECTOR":"SUR PONIENTE"},"geometry":{"type":"LineString","coordinates":[[-70.674928,-33.468356],[-70.67558,-33.468365]]}},{"type":"Feature","properties":{"OBJECTID":3498,"ESPECIE_PR":"QUILLAY","NOM_CIENT_":"QUILLAJA SAPONARIA","CALLE":"MANUEL DE AMAT","SECTOR":"SUR PONIENTE"},"geometry":{"type":"LineString","coordinates":[[-70.67558,-33.468365],[-70.676859,-33.468379]]}},{"type":"Feature","properties":{"OBJECTID":3499,"ESPECIE_PR":"QUILLAY","NOM_CIENT_":"QUILLAJA SAPONARIA","CALLE":"SANTA MARGARITA","SECTOR":"SUR PONIENTE"},"geometry":{"type":"LineString","coordinates":[[-70.676859,-33.467193],[-70.676859,-33.468379]]}},{"type":"Feature","properties":{"OBJECTID":3500,"ESPECIE_PR":"QUILLAY","NOM_CIENT_":"QUILLAJA SAPONARIA","CALLE":"MANUEL DE AMAT","SECTOR":"SUR PONIENTE"},"geometry":{"type":"LineString","coordinates":[[-70.676859,-33.468379],[-70.678431,-33.46838]]}},{"type":"Feature","properties":{"OBJECTID":3501,"ESPECIE_PR":"FALSO PIMIENTO","NOM_CIENT_":"SCHINUS MOLLE","CALLE":"CAMINO A MELIPILLA","SECTOR":"SUR PONIENTE"},"geometry":{"type":"LineString","coordinates":[[-70.677488,-33.467186],[-70.678431,-33.46838]]}},{"type":"Feature","properties":{"OBJECTID":3537,"ESPECIE_PR":"QUILLAY","NOM_CIENT_":"QUILLAJA SAPONARIA","CALLE":"AVENIDA EL MIRADOR","SECTOR":"SUR PONIENTE"},"geometry":{"type":"LineString","coordinates":[[-70.670022,-33.468115],[-70.66906,-33.469147]]}},{"type":"Feature","properties":{"OBJECTID":3540,"ESPECIE_PR":"ALMEZ","NOM_CIENT_":"CELTIS AUSTRALIS","CALLE":"AVENIDA BEAUCHEF","SECTOR":"SUR PONIENTE"},"geometry":{"type":"LineString","coordinates":[[-70.663579,-33.467219],[-70.663492,-33.469249]]}},{"type":"Feature","properties":{"OBJECTID":3544,"ESPECIE_PR":"ALMEZ","NOM_CIENT_":"CELTIS AUSTRALIS","CALLE":"AVENIDA CLUB HIPICO","SECTOR":"SUR PONIENTE"},"geometry":{"type":"LineString","coordinates":[[-70.66492,-33.467318],[-70.66491,-33.469284]]}},{"type":"Feature","properties":{"OBJECTID":3554,"ESPECIE_PR":"QUILLAY","NOM_CIENT_":"QUILLAJA SAPONARIA","CALLE":"SEPULVEDA LEYTON","SECTOR":"SUR PONIENTE"},"geometry":{"type":"LineString","coordinates":[[-70.66906,-33.469147],[-70.669163,-33.469209],[-70.669417,-33.469373]]}},{"type":"Feature","properties":{"OBJECTID":3557,"ESPECIE_PR":"QUILLAY","NOM_CIENT_":"QUILLAJA SAPONARIA","CALLE":"SEPULVEDA LEYTON","SECTOR":"SUR PONIENTE"},"geometry":{"type":"LineString","coordinates":[[-70.669417,-33.469373],[-70.669472,-33.469385],[-70.669519,-33.469394],[-70.669579,-33.469393],[-70.669833,-33.469398]]}},{"type":"Feature","properties":{"OBJECTID":3560,"ESPECIE_PR":"QUILLAY","NOM_CIENT_":"QUILLAJA SAPONARIA","CALLE":"SEPULVEDA LEYTON","SECTOR":"SUR PONIENTE"},"geometry":{"type":"LineString","coordinates":[[-70.669833,-33.469398],[-70.670271,-33.469402]]}},{"type":"Feature","properties":{"OBJECTID":3561,"ESPECIE_PR":"QUILLAY","NOM_CIENT_":"QUILLAJA SAPONARIA","CALLE":"AVENIDA FRANCISCO PIZARRO","SECTOR":"SUR PONIENTE"},"geometry":{"type":"LineString","coordinates":[[-70.670293,-33.468319],[-70.670271,-33.469402]]}},{"type":"Feature","properties":{"OBJECTID":3562,"ESPECIE_PR":"QUILLAY","NOM_CIENT_":"QUILLAJA SAPONARIA","CALLE":"SEPULVEDA LEYTON","SECTOR":"SUR PONIENTE"},"geometry":{"type":"LineString","coordinates":[[-70.670271,-33.469402],[-70.670729,-33.469399]]}},{"type":"Feature","properties":{"OBJECTID":3563,"ESPECIE_PR":"PELU","NOM_CIENT_":"SOPHORA CASSIOIDES","CALLE":"LA RAZA","SECTOR":"SUR PONIENTE"},"geometry":{"type":"LineString","coordinates":[[-70.670719,-33.468315],[-70.670755,-33.468349],[-70.670729,-33.469399]]}},{"type":"Feature","properties":{"OBJECTID":3564,"ESPECIE_PR":"FALSO PIMIENTO","NOM_CIENT_":"SCHINUS MOLLE","CALLE":"CAMINO A MELIPILLA","SECTOR":"SUR PONIENTE"},"geometry":{"type":"LineString","coordinates":[[-70.678431,-33.46838],[-70.67915,-33.469297]]}},{"type":"Feature","properties":{"OBJECTID":3566,"ESPECIE_PR":"QUILLAY","NOM_CIENT_":"QUILLAJA SAPONARIA","CALLE":"SEPULVEDA LEYTON","SECTOR":"SUR PONIENTE"},"geometry":{"type":"LineString","coordinates":[[-70.670729,-33.469399],[-70.671668,-33.469409],[-70.671688,-33.469409]]}},{"type":"Feature","properties":{"OBJECTID":3567,"ESPECIE_PR":"LIQUIDAMBAR","NOM_CIENT_":"LIQUIDAMBAR STYRACIFLUA","CALLE":"BASCUNAN GUERRERO","SECTOR":"SUR PONIENTE"},"geometry":{"type":"LineString","coordinates":[[-70.671692,-33.468327],[-70.671688,-33.469409]]}},{"type":"Feature","properties":{"OBJECTID":3568,"ESPECIE_PR":"QUILLAY","NOM_CIENT_":"QUILLAJA SAPONARIA","CALLE":"SEPULVEDA LEYTON","SECTOR":"SUR PONIENTE"},"geometry":{"type":"LineString","coordinates":[[-70.671688,-33.469409],[-70.672132,-33.469412]]}},{"type":"Feature","properties":{"OBJECTID":3570,"ESPECIE_PR":"QUILLAY","NOM_CIENT_":"QUILLAJA SAPONARIA","CALLE":"SEPULVEDA LEYTON","SECTOR":"SUR PONIENTE"},"geometry":{"type":"LineString","coordinates":[[-70.672132,-33.469412],[-70.672449,-33.469417],[-70.672527,-33.469416]]}},{"type":"Feature","properties":{"OBJECTID":3571,"ESPECIE_PR":"CRESPON","NOM_CIENT_":"LAGERSTROEMIA INDICA","CALLE":"LONGAVI","SECTOR":"SUR PONIENTE"},"geometry":{"type":"LineString","coordinates":[[-70.672538,-33.468343],[-70.672527,-33.469416]]}},{"type":"Feature","properties":{"OBJECTID":3577,"ESPECIE_PR":"QUILLAY","NOM_CIENT_":"QUILLAJA SAPONARIA","CALLE":"SEPULVEDA LEYTON","SECTOR":"SUR PONIENTE"},"geometry":{"type":"LineString","coordinates":[[-70.672527,-33.469416],[-70.672991,-33.469428]]}},{"type":"Feature","properties":{"OBJECTID":3578,"ESPECIE_PR":"QUILLAY","NOM_CIENT_":"QUILLAJA SAPONARIA","CALLE":"SAN ALFONSO","SECTOR":"SUR PONIENTE"},"geometry":{"type":"LineString","coordinates":[[-70.673008,-33.46834],[-70.672991,-33.469428]]}},{"type":"Feature","properties":{"OBJECTID":3581,"ESPECIE_PR":"QUILLAY","NOM_CIENT_":"QUILLAJA SAPONARIA","CALLE":"SEPULVEDA LEYTON","SECTOR":"SUR PONIENTE"},"geometry":{"type":"LineString","coordinates":[[-70.672991,-33.469428],[-70.674095,-33.469438],[-70.674273,-33.469438]]}},{"type":"Feature","properties":{"OBJECTID":3582,"ESPECIE_PR":"LIQUIDAMBAR","NOM_CIENT_":"LIQUIDAMBAR STYRACIFLUA","CALLE":"CONFERENCIA","SECTOR":"SUR PONIENTE"},"geometry":{"type":"LineString","coordinates":[[-70.674285,-33.468346],[-70.674273,-33.469438]]}},{"type":"Feature","properties":{"OBJECTID":3585,"ESPECIE_PR":"QUILLAY","NOM_CIENT_":"QUILLAJA SAPONARIA","CALLE":"SEPULVEDA LEYTON","SECTOR":"SUR PONIENTE"},"geometry":{"type":"LineString","coordinates":[[-70.674273,-33.469438],[-70.675567,-33.469447]]}},{"type":"Feature","properties":{"OBJECTID":3587,"ESPECIE_PR":"ALMEZ","NOM_CIENT_":"CELTIS AUSTRALIS","CALLE":"AVENIDA BEAUCHEF","SECTOR":"SUR PONIENTE"},"geometry":{"type":"LineString","coordinates":[[-70.663492,-33.469249],[-70.663473,-33.469619]]}},{"type":"Feature","properties":{"OBJECTID":3588,"ESPECIE_PR":"QUILLAY","NOM_CIENT_":"QUILLAJA SAPONARIA","CALLE":"SEPULVEDA LEYTON","SECTOR":"SUR PONIENTE"},"geometry":{"type":"LineString","coordinates":[[-70.675567,-33.469447],[-70.676271,-33.469453]]}},{"type":"Feature","properties":{"OBJECTID":3591,"ESPECIE_PR":"QUILLAY","NOM_CIENT_":"QUILLAJA SAPONARIA","CALLE":"SEPULVEDA LEYTON","SECTOR":"SUR PONIENTE"},"geometry":{"type":"LineString","coordinates":[[-70.676271,-33.469453],[-70.676835,-33.469461]]}},{"type":"Feature","properties":{"OBJECTID":3592,"ESPECIE_PR":"QUILLAY","NOM_CIENT_":"QUILLAJA SAPONARIA","CALLE":"SANTA MARGARITA","SECTOR":"SUR PONIENTE"},"geometry":{"type":"LineString","coordinates":[[-70.676859,-33.468379],[-70.676835,-33.469461]]}},{"type":"Feature","properties":{"OBJECTID":3594,"ESPECIE_PR":"QUILLAY","NOM_CIENT_":"QUILLAJA SAPONARIA","CALLE":"SEPULVEDA LEYTON","SECTOR":"SUR PONIENTE"},"geometry":{"type":"LineString","coordinates":[[-70.676835,-33.469461],[-70.677935,-33.469469],[-70.678112,-33.469485]]}},{"type":"Feature","properties":{"OBJECTID":3596,"ESPECIE_PR":"ALMEZ","NOM_CIENT_":"CELTIS AUSTRALIS","CALLE":"AVENIDA CLUB HIPICO","SECTOR":"SUR PONIENTE"},"geometry":{"type":"LineString","coordinates":[[-70.66491,-33.469284],[-70.664909,-33.469663]]}},{"type":"Feature","properties":{"OBJECTID":3601,"ESPECIE_PR":"QUILLAY","NOM_CIENT_":"QUILLAJA SAPONARIA","CALLE":"SEPULVEDA LEYTON","SECTOR":"SUR PONIENTE"},"geometry":{"type":"LineString","coordinates":[[-70.678112,-33.469485],[-70.678991,-33.469484],[-70.679071,-33.469422],[-70.67915,-33.469297]]}},{"type":"Feature","properties":{"OBJECTID":3623,"ESPECIE_PR":"ALMEZ","NOM_CIENT_":"CELTIS AUSTRALIS","CALLE":"GENERAL RONDIZZONI","SECTOR":"SUR PONIENTE"},"geometry":{"type":"LineString","coordinates":[[-70.656215,-33.469975],[-70.656524,-33.469987]]}},{"type":"Feature","properties":{"OBJECTID":3624,"ESPECIE_PR":"JACARANDA","NOM_CIENT_":"JACARANDA MIMOSIFOLIA","CALLE":"AVENIDA MANUEL RODRIGUEZ SUR","SECTOR":"SUR PONIENTE"},"geometry":{"type":"LineString","coordinates":[[-70.65657,-33.468584],[-70.656524,-33.469987]]}},{"type":"Feature","properties":{"OBJECTID":3628,"ESPECIE_PR":"PELU","NOM_CIENT_":"SOPHORA CASSIOIDES","CALLE":"LA RAZA","SECTOR":"SUR PONIENTE"},"geometry":{"type":"LineString","coordinates":[[-70.670729,-33.469399],[-70.670704,-33.469849]]}},{"type":"Feature","properties":{"OBJECTID":3629,"ESPECIE_PR":"ALMEZ","NOM_CIENT_":"CELTIS AUSTRALIS","CALLE":"GENERAL RONDIZZONI","SECTOR":"SUR PONIENTE"},"geometry":{"type":"LineString","coordinates":[[-70.656524,-33.469987],[-70.657035,-33.470005],[-70.657197,-33.470071]]}},{"type":"Feature","properties":{"OBJECTID":3630,"ESPECIE_PR":"JACARANDA","NOM_CIENT_":"JACARANDA MIMOSIFOLIA","CALLE":"VIEL","SECTOR":"SUR PONIENTE"},"geometry":{"type":"LineString","coordinates":[[-70.65657,-33.468584],[-70.656634,-33.468556],[-70.65669,-33.46852],[-70.65676,-33.468483],[-70.656831,-33.468464],[-70.656895,-33.468463],[-70.656959,-33.468489],[-70.657018,-33.468533],[-70.657047,-33.468605],[-70.657071,-33.468704],[-70.657089,-33.468866],[-70.657109,-33.46919],[-70.657099,-33.469416],[-70.657078,-33.469926],[-70.657197,-33.470071]]}},{"type":"Feature","properties":{"OBJECTID":3631,"ESPECIE_PR":"JACARANDA","NOM_CIENT_":"JACARANDA MIMOSIFOLIA","CALLE":"AVENIDA MANUEL RODRIGUEZ SUR","SECTOR":"SUR PONIENTE"},"geometry":{"type":"LineString","coordinates":[[-70.656759,-33.467749],[-70.656887,-33.468057],[-70.656968,-33.468182],[-70.657049,-33.46828],[-70.65718,-33.468459],[-70.65721,-33.468522],[-70.657241,-33.468629],[-70.657252,-33.468828],[-70.657254,-33.469324],[-70.657197,-33.470071]]}},{"type":"Feature","properties":{"OBJECTID":3636,"ESPECIE_PR":"ALMEZ","NOM_CIENT_":"CELTIS AUSTRALIS","CALLE":"AVENIDA BEAUCHEF","SECTOR":"SUR PONIENTE"},"geometry":{"type":"LineString","coordinates":[[-70.663473,-33.469619],[-70.66346,-33.470007]]}},{"type":"Feature","properties":{"OBJECTID":3639,"ESPECIE_PR":"ALMEZ","NOM_CIENT_":"CELTIS AUSTRALIS","CALLE":"GENERAL RONDIZZONI","SECTOR":"SUR PONIENTE"},"geometry":{"type":"LineString","coordinates":[[-70.656199,-33.470088],[-70.656495,-33.470105],[-70.656511,-33.470105]]}},{"type":"Feature","properties":{"OBJECTID":3640,"ESPECIE_PR":"JACARANDA","NOM_CIENT_":"JACARANDA MIMOSIFOLIA","CALLE":"AVENIDA MANUEL RODRIGUEZ SUR","SECTOR":"SUR PONIENTE"},"geometry":{"type":"LineString","coordinates":[[-70.656524,-33.469987],[-70.656511,-33.470105]]}},{"type":"Feature","properties":{"OBJECTID":3643,"ESPECIE_PR":"ALMEZ","NOM_CIENT_":"CELTIS AUSTRALIS","CALLE":"GENERAL RONDIZZONI","SECTOR":"SUR PONIENTE"},"geometry":{"type":"LineString","coordinates":[[-70.656511,-33.470105],[-70.657111,-33.47012],[-70.657197,-33.470071]]}},{"type":"Feature","properties":{"OBJECTID":3646,"ESPECIE_PR":"ALMEZ","NOM_CIENT_":"CELTIS AUSTRALIS","CALLE":"AVENIDA CLUB HIPICO","SECTOR":"SUR PONIENTE"},"geometry":{"type":"LineString","coordinates":[[-70.664909,-33.469663],[-70.664899,-33.470042]]}},{"type":"Feature","properties":{"OBJECTID":3647,"ESPECIE_PR":"ALMEZ","NOM_CIENT_":"CELTIS AUSTRALIS","CALLE":"GENERAL RONDIZZONI","SECTOR":"SUR PONIENTE"},"geometry":{"type":"LineString","coordinates":[[-70.657197,-33.470071],[-70.65723,-33.470019],[-70.65728,-33.469998],[-70.659482,-33.470124],[-70.659672,-33.470147]]}},{"type":"Feature","properties":{"OBJECTID":3648,"ESPECIE_PR":"ALMEZ","NOM_CIENT_":"CELTIS AUSTRALIS","CALLE":"LUIS COUSINO","SECTOR":"SUR PONIENTE"},"geometry":{"type":"LineString","coordinates":[[-70.659692,-33.469832],[-70.659672,-33.470147]]}},{"type":"Feature","properties":{"OBJECTID":3649,"ESPECIE_PR":"ALMEZ","NOM_CIENT_":"CELTIS AUSTRALIS","CALLE":"GENERAL RONDIZZONI","SECTOR":"SUR PONIENTE"},"geometry":{"type":"LineString","coordinates":[[-70.657197,-33.470071],[-70.657229,-33.470093],[-70.658389,-33.470166]]}},{"type":"Feature","properties":{"OBJECTID":3659,"ESPECIE_PR":"ALMEZ","NOM_CIENT_":"CELTIS AUSTRALIS","CALLE":"GENERAL RONDIZZONI","SECTOR":"SUR PONIENTE"},"geometry":{"type":"LineString","coordinates":[[-70.658389,-33.470166],[-70.659471,-33.470232],[-70.659672,-33.470147]]}},{"type":"Feature","properties":{"OBJECTID":3660,"ESPECIE_PR":"ALMEZ","NOM_CIENT_":"CELTIS AUSTRALIS","CALLE":"GENERAL RONDIZZONI","SECTOR":"SUR PONIENTE"},"geometry":{"type":"LineString","coordinates":[[-70.659672,-33.470147],[-70.66097,-33.470221]]}},{"type":"Feature","properties":{"OBJECTID":3666,"ESPECIE_PR":"ALMEZ","NOM_CIENT_":"CELTIS AUSTRALIS","CALLE":"GENERAL RONDIZZONI","SECTOR":"SUR PONIENTE"},"geometry":{"type":"LineString","coordinates":[[-70.659672,-33.470147],[-70.659869,-33.470263],[-70.660877,-33.470312],[-70.66097,-33.470221]]}},{"type":"Feature","properties":{"OBJECTID":3674,"ESPECIE_PR":"ALMEZ","NOM_CIENT_":"CELTIS AUSTRALIS","CALLE":"GENERAL RONDIZZONI","SECTOR":"SUR PONIENTE"},"geometry":{"type":"LineString","coordinates":[[-70.66097,-33.470221],[-70.661058,-33.470229],[-70.662109,-33.470287],[-70.662208,-33.470344]]}},{"type":"Feature","properties":{"OBJECTID":3676,"ESPECIE_PR":"ALMEZ","NOM_CIENT_":"CELTIS AUSTRALIS","CALLE":"GENERAL RONDIZZONI","SECTOR":"SUR PONIENTE"},"geometry":{"type":"LineString","coordinates":[[-70.662208,-33.470344],[-70.662338,-33.470302],[-70.663079,-33.470337],[-70.663166,-33.47035]]}},{"type":"Feature","properties":{"OBJECTID":3679,"ESPECIE_PR":"ALMEZ","NOM_CIENT_":"CELTIS AUSTRALIS","CALLE":"GENERAL RONDIZZONI","SECTOR":"SUR PONIENTE"},"geometry":{"type":"LineString","coordinates":[[-70.66097,-33.470221],[-70.66106,-33.470328],[-70.662116,-33.470386],[-70.662208,-33.470344]]}},{"type":"Feature","properties":{"OBJECTID":3684,"ESPECIE_PR":"ALMEZ","NOM_CIENT_":"CELTIS AUSTRALIS","CALLE":"AVENIDA BEAUCHEF","SECTOR":"SUR PONIENTE"},"geometry":{"type":"LineString","coordinates":[[-70.66346,-33.470007],[-70.663456,-33.470431]]}},{"type":"Feature","properties":{"OBJECTID":3686,"ESPECIE_PR":"ALMEZ","NOM_CIENT_":"CELTIS AUSTRALIS","CALLE":"GENERAL RONDIZZONI","SECTOR":"SUR PONIENTE"},"geometry":{"type":"LineString","coordinates":[[-70.662208,-33.470344],[-70.662305,-33.470401],[-70.663079,-33.470454],[-70.663456,-33.470431]]}},{"type":"Feature","properties":{"OBJECTID":3690,"ESPECIE_PR":"ALMEZ","NOM_CIENT_":"CELTIS AUSTRALIS","CALLE":"GENERAL RONDIZZONI","SECTOR":"SUR PONIENTE"},"geometry":{"type":"LineString","coordinates":[[-70.663456,-33.470431],[-70.664901,-33.470502]]}},{"type":"Feature","properties":{"OBJECTID":3691,"ESPECIE_PR":"ALMEZ","NOM_CIENT_":"CELTIS AUSTRALIS","CALLE":"AVENIDA CLUB HIPICO","SECTOR":"SUR PONIENTE"},"geometry":{"type":"LineString","coordinates":[[-70.664899,-33.470042],[-70.664901,-33.470502]]}},{"type":"Feature","properties":{"OBJECTID":3700,"ESPECIE_PR":"ALMEZ","NOM_CIENT_":"CELTIS AUSTRALIS","CALLE":"GENERAL RONDIZZONI","SECTOR":"SUR PONIENTE"},"geometry":{"type":"LineString","coordinates":[[-70.66822,-33.470561],[-70.668444,-33.470563]]}},{"type":"Feature","properties":{"OBJECTID":3702,"ESPECIE_PR":"ALMEZ","NOM_CIENT_":"CELTIS AUSTRALIS","CALLE":"GENERAL RONDIZZONI","SECTOR":"SUR PONIENTE"},"geometry":{"type":"LineString","coordinates":[[-70.668444,-33.470563],[-70.668704,-33.470568]]}},{"type":"Feature","properties":{"OBJECTID":3704,"ESPECIE_PR":"ALMEZ","NOM_CIENT_":"CELTIS AUSTRALIS","CALLE":"GENERAL RONDIZZONI","SECTOR":"SUR PONIENTE"},"geometry":{"type":"LineString","coordinates":[[-70.664901,-33.470502],[-70.667469,-33.470548],[-70.667729,-33.470581]]}},{"type":"Feature","properties":{"OBJECTID":3705,"ESPECIE_PR":"QUILLAY","NOM_CIENT_":"QUILLAJA SAPONARIA","CALLE":"AVENIDA EL MIRADOR","SECTOR":"SUR PONIENTE"},"geometry":{"type":"LineString","coordinates":[[-70.66906,-33.469147],[-70.667729,-33.470581]]}},{"type":"Feature","properties":{"OBJECTID":3706,"ESPECIE_PR":"ALMEZ","NOM_CIENT_":"CELTIS AUSTRALIS","CALLE":"GENERAL RONDIZZONI","SECTOR":"SUR PONIENTE"},"geometry":{"type":"LineString","coordinates":[[-70.667729,-33.470581],[-70.667927,-33.470551],[-70.66822,-33.470561]]}},{"type":"Feature","properties":{"OBJECTID":3707,"ESPECIE_PR":"ALMEZ","NOM_CIENT_":"CELTIS AUSTRALIS","CALLE":"GENERAL RONDIZZONI","SECTOR":"SUR PONIENTE"},"geometry":{"type":"LineString","coordinates":[[-70.668704,-33.470568],[-70.66892,-33.470567]]}},{"type":"Feature","properties":{"OBJECTID":3714,"ESPECIE_PR":"ALMEZ","NOM_CIENT_":"CELTIS AUSTRALIS","CALLE":"GENERAL RONDIZZONI","SECTOR":"SUR PONIENTE"},"geometry":{"type":"LineString","coordinates":[[-70.66892,-33.470567],[-70.669114,-33.470592]]}},{"type":"Feature","properties":{"OBJECTID":3716,"ESPECIE_PR":"ALMEZ","NOM_CIENT_":"CELTIS AUSTRALIS","CALLE":"GENERAL RONDIZZONI","SECTOR":"SUR PONIENTE"},"geometry":{"type":"LineString","coordinates":[[-70.669114,-33.470592],[-70.669385,-33.470581]]}},{"type":"Feature","properties":{"OBJECTID":3717,"ESPECIE_PR":"ALMEZ","NOM_CIENT_":"CELTIS AUSTRALIS","CALLE":"GENERAL RONDIZZONI","SECTOR":"SUR PONIENTE"},"geometry":{"type":"LineString","coordinates":[[-70.669385,-33.470581],[-70.669801,-33.47059]]}},{"type":"Feature","properties":{"OBJECTID":3724,"ESPECIE_PR":"ALMEZ","NOM_CIENT_":"CELTIS AUSTRALIS","CALLE":"GENERAL RONDIZZONI","SECTOR":"SUR PONIENTE"},"geometry":{"type":"LineString","coordinates":[[-70.669801,-33.47059],[-70.670347,-33.470594]]}},{"type":"Feature","properties":{"OBJECTID":3725,"ESPECIE_PR":"QUILLAY","NOM_CIENT_":"QUILLAJA SAPONARIA","CALLE":"AVENIDA FRANCISCO PIZARRO","SECTOR":"SUR PONIENTE"},"geometry":{"type":"LineString","coordinates":[[-70.670271,-33.469402],[-70.670231,-33.47054],[-70.670347,-33.470594]]}},{"type":"Feature","properties":{"OBJECTID":3726,"ESPECIE_PR":"ALMEZ","NOM_CIENT_":"CELTIS AUSTRALIS","CALLE":"GENERAL RONDIZZONI","SECTOR":"SUR PONIENTE"},"geometry":{"type":"LineString","coordinates":[[-70.670347,-33.470594],[-70.671663,-33.4706]]}},{"type":"Feature","properties":{"OBJECTID":3727,"ESPECIE_PR":"LIQUIDAMBAR","NOM_CIENT_":"LIQUIDAMBAR STYRACIFLUA","CALLE":"BASCUNAN GUERRERO","SECTOR":"SUR PONIENTE"},"geometry":{"type":"LineString","coordinates":[[-70.671688,-33.469409],[-70.671668,-33.470345],[-70.671663,-33.4706]]}},{"type":"Feature","properties":{"OBJECTID":3728,"ESPECIE_PR":"ALMEZ","NOM_CIENT_":"CELTIS AUSTRALIS","CALLE":"RAMON SUBERCASEAUX","SECTOR":"SUR PONIENTE"},"geometry":{"type":"LineString","coordinates":[[-70.671663,-33.4706],[-70.671666,-33.4706],[-70.672116,-33.470608]]}},{"type":"Feature","properties":{"OBJECTID":3730,"ESPECIE_PR":"ALMEZ","NOM_CIENT_":"CELTIS AUSTRALIS","CALLE":"RAMON SUBERCASEAUX","SECTOR":"SUR PONIENTE"},"geometry":{"type":"LineString","coordinates":[[-70.672116,-33.470608],[-70.672528,-33.470611]]}},{"type":"Feature","properties":{"OBJECTID":3731,"ESPECIE_PR":"CRESPON","NOM_CIENT_":"LAGERSTROEMIA INDICA","CALLE":"LONGAVI","SECTOR":"SUR PONIENTE"},"geometry":{"type":"LineString","coordinates":[[-70.672527,-33.469416],[-70.672528,-33.470611]]}},{"type":"Feature","properties":{"OBJECTID":3732,"ESPECIE_PR":"ALMEZ","NOM_CIENT_":"CELTIS AUSTRALIS","CALLE":"RAMON SUBERCASEAUX","SECTOR":"SUR PONIENTE"},"geometry":{"type":"LineString","coordinates":[[-70.672528,-33.470611],[-70.672963,-33.470619]]}},{"type":"Feature","properties":{"OBJECTID":3733,"ESPECIE_PR":"QUILLAY","NOM_CIENT_":"QUILLAJA SAPONARIA","CALLE":"SAN ALFONSO","SECTOR":"SUR PONIENTE"},"geometry":{"type":"LineString","coordinates":[[-70.672991,-33.469428],[-70.672963,-33.470619]]}},{"type":"Feature","properties":{"OBJECTID":3736,"ESPECIE_PR":"LIQUIDAMBAR","NOM_CIENT_":"LIQUIDAMBAR STYRACIFLUA","CALLE":"CONFERENCIA","SECTOR":"SUR PONIENTE"},"geometry":{"type":"LineString","coordinates":[[-70.674273,-33.469438],[-70.674259,-33.470618]]}},{"type":"Feature","properties":{"OBJECTID":3742,"ESPECIE_PR":"QUILLAY","NOM_CIENT_":"QUILLAJA SAPONARIA","CALLE":"SANTA MARGARITA","SECTOR":"SUR PONIENTE"},"geometry":{"type":"LineString","coordinates":[[-70.676835,-33.469461],[-70.676807,-33.470648]]}},{"type":"Feature","properties":{"OBJECTID":3749,"ESPECIE_PR":"QUILLAY","NOM_CIENT_":"QUILLAJA SAPONARIA","CALLE":"DELIRIO","SECTOR":"SUR PONIENTE"},"geometry":{"type":"LineString","coordinates":[[-70.678112,-33.469485],[-70.678092,-33.470667]]}},{"type":"Feature","properties":{"OBJECTID":3750,"ESPECIE_PR":"ALMEZ","NOM_CIENT_":"CELTIS AUSTRALIS","CALLE":"EXPOSICION","SECTOR":"SUR PONIENTE"},"geometry":{"type":"LineString","coordinates":[[-70.67915,-33.469297],[-70.679077,-33.469547],[-70.679165,-33.470669]]}},{"type":"Feature","properties":{"OBJECTID":3772,"ESPECIE_PR":"QUILLAY","NOM_CIENT_":"QUILLAJA SAPONARIA","CALLE":"FABRICA","SECTOR":"SUR PONIENTE"},"geometry":{"type":"LineString","coordinates":[[-70.657197,-33.470071],[-70.657131,-33.471164]]}},{"type":"Feature","properties":{"OBJECTID":3782,"ESPECIE_PR":"ALMEZ","NOM_CIENT_":"CELTIS AUSTRALIS","CALLE":"AVENIDA CLUB HIPICO","SECTOR":"SUR PONIENTE"},"geometry":{"type":"LineString","coordinates":[[-70.664901,-33.470502],[-70.664875,-33.47117]]}},{"type":"Feature","properties":{"OBJECTID":3789,"ESPECIE_PR":"QUILLAY","NOM_CIENT_":"QUILLAJA SAPONARIA","CALLE":"AVENIDA EL MIRADOR","SECTOR":"SUR PONIENTE"},"geometry":{"type":"LineString","coordinates":[[-70.667729,-33.470581],[-70.667132,-33.471211]]}},{"type":"Feature","properties":{"OBJECTID":3802,"ESPECIE_PR":"QUILLAY","NOM_CIENT_":"QUILLAJA SAPONARIA","CALLE":"PEREZ FREIRE","SECTOR":"SUR PONIENTE"},"geometry":{"type":"LineString","coordinates":[[-70.66097,-33.470221],[-70.660849,-33.471461]]}},{"type":"Feature","properties":{"OBJECTID":3809,"ESPECIE_PR":"JACARANDA","NOM_CIENT_":"JACARANDA MIMOSIFOLIA","CALLE":"AVENIDA MANUEL RODRIGUEZ SUR","SECTOR":"SUR PONIENTE"},"geometry":{"type":"LineString","coordinates":[[-70.656475,-33.471126],[-70.656458,-33.471549]]}},{"type":"Feature","properties":{"OBJECTID":3813,"ESPECIE_PR":"LIQUIDAMBAR","NOM_CIENT_":"LIQUIDAMBAR STYRACIFLUA","CALLE":"GENERAL GANA","SECTOR":"SUR PONIENTE"},"geometry":{"type":"LineString","coordinates":[[-70.656458,-33.471549],[-70.657115,-33.471577]]}},{"type":"Feature","properties":{"OBJECTID":3814,"ESPECIE_PR":"QUILLAY","NOM_CIENT_":"QUILLAJA SAPONARIA","CALLE":"FABRICA","SECTOR":"SUR PONIENTE"},"geometry":{"type":"LineString","coordinates":[[-70.657131,-33.471164],[-70.657115,-33.471577]]}},{"type":"Feature","properties":{"OBJECTID":3815,"ESPECIE_PR":"LIGUSTRO","NOM_CIENT_":"LIGUSTRUM LUCIDUM","CALLE":"GENERAL GONZALEZ BALCARCE","SECTOR":"SUR PONIENTE"},"geometry":{"type":"LineString","coordinates":[[-70.660849,-33.471461],[-70.66097,-33.471474],[-70.662102,-33.471531]]}},{"type":"Feature","properties":{"OBJECTID":3816,"ESPECIE_PR":"LIGUSTRO","NOM_CIENT_":"LIGUSTRUM LUCIDUM","CALLE":"CAPITAN WOOD","SECTOR":"SUR PONIENTE"},"geometry":{"type":"LineString","coordinates":[[-70.662208,-33.470344],[-70.662102,-33.471531]]}},{"type":"Feature","properties":{"OBJECTID":3824,"ESPECIE_PR":"LIQUIDAMBAR","NOM_CIENT_":"LIQUIDAMBAR STYRACIFLUA","CALLE":"GENERAL GANA","SECTOR":"SUR PONIENTE"},"geometry":{"type":"LineString","coordinates":[[-70.657115,-33.471577],[-70.658259,-33.471638]]}},{"type":"Feature","properties":{"OBJECTID":3828,"ESPECIE_PR":"LIGUSTRO","NOM_CIENT_":"LIGUSTRUM LUCIDUM","CALLE":"GENERAL GONZALEZ BALCARCE","SECTOR":"SUR PONIENTE"},"geometry":{"type":"LineString","coordinates":[[-70.662102,-33.471531],[-70.663374,-33.471613]]}},{"type":"Feature","properties":{"OBJECTID":3829,"ESPECIE_PR":"ALMEZ","NOM_CIENT_":"CELTIS AUSTRALIS","CALLE":"AVENIDA BEAUCHEF","SECTOR":"SUR PONIENTE"},"geometry":{"type":"LineString","coordinates":[[-70.663456,-33.470431],[-70.663374,-33.471613]]}},{"type":"Feature","properties":{"OBJECTID":3834,"ESPECIE_PR":"LIQUIDAMBAR","NOM_CIENT_":"LIQUIDAMBAR STYRACIFLUA","CALLE":"GENERAL GANA","SECTOR":"SUR PONIENTE"},"geometry":{"type":"LineString","coordinates":[[-70.658259,-33.471638],[-70.659527,-33.471715]]}},{"type":"Feature","properties":{"OBJECTID":3835,"ESPECIE_PR":"ALMEZ","NOM_CIENT_":"CELTIS AUSTRALIS","CALLE":"LUIS COUSINO","SECTOR":"SUR PONIENTE"},"geometry":{"type":"LineString","coordinates":[[-70.659672,-33.470147],[-70.659527,-33.471715]]}},{"type":"Feature","properties":{"OBJECTID":3847,"ESPECIE_PR":"ALMEZ","NOM_CIENT_":"CELTIS AUSTRALIS","CALLE":"AVENIDA CLUB HIPICO","SECTOR":"SUR PONIENTE"},"geometry":{"type":"LineString","coordinates":[[-70.664875,-33.47117],[-70.664878,-33.471799]]}},{"type":"Feature","properties":{"OBJECTID":3854,"ESPECIE_PR":"STERCULEA","NOM_CIENT_":"BRACHYCHITON DISCOLOR","CALLE":"SAN DIONISIO","SECTOR":"SUR PONIENTE"},"geometry":{"type":"LineString","coordinates":[[-70.664878,-33.471799],[-70.666411,-33.471816],[-70.666577,-33.471868]]}},{"type":"Feature","properties":{"OBJECTID":3855,"ESPECIE_PR":"QUILLAY","NOM_CIENT_":"QUILLAJA SAPONARIA","CALLE":"AVENIDA EL MIRADOR","SECTOR":"SUR PONIENTE"},"geometry":{"type":"LineString","coordinates":[[-70.667132,-33.471211],[-70.666611,-33.471795],[-70.666577,-33.471868]]}},{"type":"Feature","properties":{"OBJECTID":3858,"ESPECIE_PR":"STERCULEA","NOM_CIENT_":"BRACHYCHITON DISCOLOR","CALLE":"SAN DIONISIO","SECTOR":"SUR PONIENTE"},"geometry":{"type":"LineString","coordinates":[[-70.666577,-33.471868],[-70.667366,-33.471883]]}},{"type":"Feature","properties":{"OBJECTID":3861,"ESPECIE_PR":"STERCULEA","NOM_CIENT_":"BRACHYCHITON DISCOLOR","CALLE":"SAN DIONISIO","SECTOR":"SUR PONIENTE"},"geometry":{"type":"LineString","coordinates":[[-70.667366,-33.471883],[-70.667856,-33.471887]]}},{"type":"Feature","properties":{"OBJECTID":3862,"ESPECIE_PR":"STERCULEA","NOM_CIENT_":"BRACHYCHITON DISCOLOR","CALLE":"SAN DIONISIO","SECTOR":"SUR PONIENTE"},"geometry":{"type":"LineString","coordinates":[[-70.667856,-33.471887],[-70.668341,-33.471895]]}},{"type":"Feature","properties":{"OBJECTID":3866,"ESPECIE_PR":"STERCULEA","NOM_CIENT_":"BRACHYCHITON DISCOLOR","CALLE":"SAN DIONISIO","SECTOR":"SUR PONIENTE"},"geometry":{"type":"LineString","coordinates":[[-70.668341,-33.471895],[-70.668849,-33.4719]]}},{"type":"Feature","properties":{"OBJECTID":3867,"ESPECIE_PR":"STERCULEA","NOM_CIENT_":"BRACHYCHITON DISCOLOR","CALLE":"SAN DIONISIO","SECTOR":"SUR PONIENTE"},"geometry":{"type":"LineString","coordinates":[[-70.668849,-33.4719],[-70.669083,-33.471893]]}},{"type":"Feature","properties":{"OBJECTID":3869,"ESPECIE_PR":"STERCULEA","NOM_CIENT_":"BRACHYCHITON DISCOLOR","CALLE":"SAN DIONISIO","SECTOR":"SUR PONIENTE"},"geometry":{"type":"LineString","coordinates":[[-70.669083,-33.471893],[-70.669346,-33.471901]]}},{"type":"Feature","properties":{"OBJECTID":3871,"ESPECIE_PR":"STERCULEA","NOM_CIENT_":"BRACHYCHITON DISCOLOR","CALLE":"SAN DIONISIO","SECTOR":"SUR PONIENTE"},"geometry":{"type":"LineString","coordinates":[[-70.669346,-33.471901],[-70.670326,-33.471899]]}},{"type":"Feature","properties":{"OBJECTID":3872,"ESPECIE_PR":"QUILLAY","NOM_CIENT_":"QUILLAJA SAPONARIA","CALLE":"AVENIDA FRANCISCO PIZARRO","SECTOR":"SUR PONIENTE"},"geometry":{"type":"LineString","coordinates":[[-70.670347,-33.470594],[-70.670326,-33.471899]]}},{"type":"Feature","properties":{"OBJECTID":3873,"ESPECIE_PR":"ALMEZ","NOM_CIENT_":"CELTIS AUSTRALIS","CALLE":"AVENIDA BEAUCHEF","SECTOR":"SUR PONIENTE"},"geometry":{"type":"LineString","coordinates":[[-70.663374,-33.471613],[-70.663344,-33.472011]]}},{"type":"Feature","properties":{"OBJECTID":3877,"ESPECIE_PR":"STERCULEA","NOM_CIENT_":"BRACHYCHITON DISCOLOR","CALLE":"SAN DIONISIO","SECTOR":"SUR PONIENTE"},"geometry":{"type":"LineString","coordinates":[[-70.670326,-33.471899],[-70.671629,-33.471921]]}},{"type":"Feature","properties":{"OBJECTID":3878,"ESPECIE_PR":"LIQUIDAMBAR","NOM_CIENT_":"LIQUIDAMBAR STYRACIFLUA","CALLE":"BASCUNAN GUERRERO","SECTOR":"SUR PONIENTE"},"geometry":{"type":"LineString","coordinates":[[-70.671663,-33.4706],[-70.671656,-33.471214],[-70.671629,-33.471921]]}},{"type":"Feature","properties":{"OBJECTID":3879,"ESPECIE_PR":"STERCULEA","NOM_CIENT_":"BRACHYCHITON DISCOLOR","CALLE":"SAN DIONISIO","SECTOR":"SUR PONIENTE"},"geometry":{"type":"LineString","coordinates":[[-70.671629,-33.471921],[-70.672069,-33.471911]]}},{"type":"Feature","properties":{"OBJECTID":3881,"ESPECIE_PR":"STERCULEA","NOM_CIENT_":"BRACHYCHITON DISCOLOR","CALLE":"SAN DIONISIO","SECTOR":"SUR PONIENTE"},"geometry":{"type":"LineString","coordinates":[[-70.672069,-33.471911],[-70.67247,-33.471918]]}},{"type":"Feature","properties":{"OBJECTID":3882,"ESPECIE_PR":"CRESPON","NOM_CIENT_":"LAGERSTROEMIA INDICA","CALLE":"LONGAVI","SECTOR":"SUR PONIENTE"},"geometry":{"type":"LineString","coordinates":[[-70.672528,-33.470611],[-70.672489,-33.470702],[-70.67247,-33.471918]]}},{"type":"Feature","properties":{"OBJECTID":3883,"ESPECIE_PR":"STERCULEA","NOM_CIENT_":"BRACHYCHITON DISCOLOR","CALLE":"SAN DIONISIO","SECTOR":"SUR PONIENTE"},"geometry":{"type":"LineString","coordinates":[[-70.67247,-33.471918],[-70.672934,-33.47193]]}},{"type":"Feature","properties":{"OBJECTID":3886,"ESPECIE_PR":"STERCULEA","NOM_CIENT_":"BRACHYCHITON DISCOLOR","CALLE":"SAN DIONISIO","SECTOR":"SUR PONIENTE"},"geometry":{"type":"LineString","coordinates":[[-70.663344,-33.472011],[-70.664038,-33.472074]]}},{"type":"Feature","properties":{"OBJECTID":3888,"ESPECIE_PR":"STERCULEA","NOM_CIENT_":"BRACHYCHITON DISCOLOR","CALLE":"SAN DIONISIO","SECTOR":"SUR PONIENTE"},"geometry":{"type":"LineString","coordinates":[[-70.664038,-33.472074],[-70.66488,-33.472116]]}},{"type":"Feature","properties":{"OBJECTID":3889,"ESPECIE_PR":"ALMEZ","NOM_CIENT_":"CELTIS AUSTRALIS","CALLE":"AVENIDA CLUB HIPICO","SECTOR":"SUR PONIENTE"},"geometry":{"type":"LineString","coordinates":[[-70.664878,-33.471799],[-70.66488,-33.472116]]}},{"type":"Feature","properties":{"OBJECTID":3903,"ESPECIE_PR":"JACARANDA","NOM_CIENT_":"JACARANDA MIMOSIFOLIA","CALLE":"AVENIDA MANUEL RODRIGUEZ SUR","SECTOR":"SUR PONIENTE"},"geometry":{"type":"LineString","coordinates":[[-70.656458,-33.471549],[-70.655847,-33.472501]]}},{"type":"Feature","properties":{"OBJECTID":3916,"ESPECIE_PR":"CRESPON","NOM_CIENT_":"LAGERSTROEMIA INDICA","CALLE":"TULIPANES","SECTOR":"SUR PONIENTE"},"geometry":{"type":"LineString","coordinates":[[-70.668849,-33.4719],[-70.668839,-33.472504]]}},{"type":"Feature","properties":{"OBJECTID":3918,"ESPECIE_PR":"CRESPON","NOM_CIENT_":"LAGERSTROEMIA INDICA","CALLE":"FUCSIAS","SECTOR":"SUR PONIENTE"},"geometry":{"type":"LineString","coordinates":[[-70.669346,-33.471901],[-70.669335,-33.472507]]}},{"type":"Feature","properties":{"OBJECTID":3933,"ESPECIE_PR":"MAITEN","NOM_CIENT_":"MAYTENUS BOARIA","CALLE":"LAS AMAPOLAS","SECTOR":"SUR PONIENTE"},"geometry":{"type":"LineString","coordinates":[[-70.667366,-33.471883],[-70.667371,-33.471953],[-70.66736,-33.47238],[-70.667352,-33.472663],[-70.667271,-33.472688]]}},{"type":"Feature","properties":{"OBJECTID":3944,"ESPECIE_PR":"LIQUIDAMBAR","NOM_CIENT_":"LIQUIDAMBAR STYRACIFLUA","CALLE":"BASCUNAN GUERRERO","SECTOR":"SUR PONIENTE"},"geometry":{"type":"LineString","coordinates":[[-70.671629,-33.471921],[-70.671621,-33.472693]]}},{"type":"Feature","properties":{"OBJECTID":3946,"ESPECIE_PR":"CRESPON","NOM_CIENT_":"LAGERSTROEMIA INDICA","CALLE":"TULIPANES","SECTOR":"SUR PONIENTE"},"geometry":{"type":"LineString","coordinates":[[-70.668839,-33.472504],[-70.668837,-33.472733]]}},{"type":"Feature","properties":{"OBJECTID":3956,"ESPECIE_PR":"JACARANDA","NOM_CIENT_":"JACARANDA MIMOSIFOLIA","CALLE":"VIEL","SECTOR":"SUR PONIENTE"},"geometry":{"type":"LineString","coordinates":[[-70.655847,-33.472501],[-70.655881,-33.472508],[-70.655893,-33.472523],[-70.655906,-33.472553],[-70.655877,-33.473]]}},{"type":"Feature","properties":{"OBJECTID":3964,"ESPECIE_PR":"ALMEZ","NOM_CIENT_":"CELTIS AUSTRALIS","CALLE":"AVENIDA PEDRO MONTT","SECTOR":"SUR PONIENTE"},"geometry":{"type":"LineString","coordinates":[[-70.655877,-33.473],[-70.657028,-33.473055]]}},{"type":"Feature","properties":{"OBJECTID":3965,"ESPECIE_PR":"QUILLAY","NOM_CIENT_":"QUILLAJA SAPONARIA","CALLE":"FABRICA","SECTOR":"SUR PONIENTE"},"geometry":{"type":"LineString","coordinates":[[-70.657115,-33.471577],[-70.657028,-33.473055]]}},{"type":"Feature","properties":{"OBJECTID":3970,"ESPECIE_PR":"ALMEZ","NOM_CIENT_":"CELTIS AUSTRALIS","CALLE":"AVENIDA PEDRO MONTT","SECTOR":"SUR PONIENTE"},"geometry":{"type":"LineString","coordinates":[[-70.657028,-33.473055],[-70.658143,-33.473122]]}},{"type":"Feature","properties":{"OBJECTID":3976,"ESPECIE_PR":"ALMEZ","NOM_CIENT_":"CELTIS AUSTRALIS","CALLE":"VIEL","SECTOR":"SUR PONIENTE"},"geometry":{"type":"LineString","coordinates":[[-70.655877,-33.473],[-70.655868,-33.473202]]}},{"type":"Feature","properties":{"OBJECTID":3977,"ESPECIE_PR":"JACARANDA","NOM_CIENT_":"JACARANDA MIMOSIFOLIA","CALLE":"AVENIDA MANUEL RODRIGUEZ SUR","SECTOR":"SUR PONIENTE"},"geometry":{"type":"LineString","coordinates":[[-70.655847,-33.472501],[-70.655368,-33.473212]]}},{"type":"Feature","properties":{"OBJECTID":3978,"ESPECIE_PR":"ALMEZ","NOM_CIENT_":"CELTIS AUSTRALIS","CALLE":"AVENIDA PEDRO MONTT","SECTOR":"SUR PONIENTE"},"geometry":{"type":"LineString","coordinates":[[-70.655368,-33.473212],[-70.655503,-33.47318],[-70.655868,-33.473202]]}},{"type":"Feature","properties":{"OBJECTID":3979,"ESPECIE_PR":"ALMEZ","NOM_CIENT_":"CELTIS AUSTRALIS","CALLE":"AVENIDA PEDRO MONTT","SECTOR":"SUR PONIENTE"},"geometry":{"type":"LineString","coordinates":[[-70.658143,-33.473122],[-70.659408,-33.473201]]}},{"type":"Feature","properties":{"OBJECTID":3980,"ESPECIE_PR":"ALMEZ","NOM_CIENT_":"CELTIS AUSTRALIS","CALLE":"LUIS COUSINO","SECTOR":"SUR PONIENTE"},"geometry":{"type":"LineString","coordinates":[[-70.659527,-33.471715],[-70.659408,-33.473201]]}},{"type":"Feature","properties":{"OBJECTID":3985,"ESPECIE_PR":"ALMEZ","NOM_CIENT_":"CELTIS AUSTRALIS","CALLE":"AVENIDA PEDRO MONTT","SECTOR":"SUR PONIENTE"},"geometry":{"type":"LineString","coordinates":[[-70.655868,-33.473202],[-70.656996,-33.473259]]}},{"type":"Feature","properties":{"OBJECTID":3986,"ESPECIE_PR":"QUILLAY","NOM_CIENT_":"QUILLAJA SAPONARIA","CALLE":"FABRICA","SECTOR":"SUR PONIENTE"},"geometry":{"type":"LineString","coordinates":[[-70.657028,-33.473055],[-70.656996,-33.473259]]}},{"type":"Feature","properties":{"OBJECTID":3991,"ESPECIE_PR":"CRESPON","NOM_CIENT_":"LAGERSTROEMIA INDICA","CALLE":"FUCSIAS","SECTOR":"SUR PONIENTE"},"geometry":{"type":"LineString","coordinates":[[-70.669335,-33.472507],[-70.669321,-33.473139]]}},{"type":"Feature","properties":{"OBJECTID":3993,"ESPECIE_PR":"PEUMO","NOM_CIENT_":"CRYPTOCARYA ALBA","CALLE":"SIRIA","SECTOR":"SUR PONIENTE"},"geometry":{"type":"LineString","coordinates":[[-70.669321,-33.473139],[-70.670316,-33.473152]]}},{"type":"Feature","properties":{"OBJECTID":3994,"ESPECIE_PR":"QUILLAY","NOM_CIENT_":"QUILLAJA SAPONARIA","CALLE":"AVENIDA FRANCISCO PIZARRO","SECTOR":"SUR PONIENTE"},"geometry":{"type":"LineString","coordinates":[[-70.670326,-33.471899],[-70.670316,-33.473152]]}},{"type":"Feature","properties":{"OBJECTID":3995,"ESPECIE_PR":"PEUMO","NOM_CIENT_":"CRYPTOCARYA ALBA","CALLE":"SIRIA","SECTOR":"SUR PONIENTE"},"geometry":{"type":"LineString","coordinates":[[-70.670316,-33.473152],[-70.671604,-33.473153]]}},{"type":"Feature","properties":{"OBJECTID":3996,"ESPECIE_PR":"LIQUIDAMBAR","NOM_CIENT_":"LIQUIDAMBAR STYRACIFLUA","CALLE":"BASCUNAN GUERRERO","SECTOR":"SUR PONIENTE"},"geometry":{"type":"LineString","coordinates":[[-70.671621,-33.472693],[-70.671604,-33.473153]]}},{"type":"Feature","properties":{"OBJECTID":3997,"ESPECIE_PR":"ALMEZ","NOM_CIENT_":"CELTIS AUSTRALIS","CALLE":"AVENIDA PEDRO MONTT","SECTOR":"SUR PONIENTE"},"geometry":{"type":"LineString","coordinates":[[-70.656996,-33.473259],[-70.658114,-33.473337]]}},{"type":"Feature","properties":{"OBJECTID":4000,"ESPECIE_PR":"ALMEZ","NOM_CIENT_":"CELTIS AUSTRALIS","CALLE":"AVENIDA PEDRO MONTT","SECTOR":"SUR PONIENTE"},"geometry":{"type":"LineString","coordinates":[[-70.659408,-33.473201],[-70.661293,-33.473308]]}},{"type":"Feature","properties":{"OBJECTID":4004,"ESPECIE_PR":"CRESPON","NOM_CIENT_":"LAGERSTROEMIA INDICA","CALLE":"TULIPANES","SECTOR":"SUR PONIENTE"},"geometry":{"type":"LineString","coordinates":[[-70.668837,-33.472733],[-70.668826,-33.473233]]}},{"type":"Feature","properties":{"OBJECTID":4005,"ESPECIE_PR":"PEUMO","NOM_CIENT_":"CRYPTOCARYA ALBA","CALLE":"SIRIA","SECTOR":"SUR PONIENTE"},"geometry":{"type":"LineString","coordinates":[[-70.668826,-33.473233],[-70.669046,-33.473132],[-70.669321,-33.473139]]}},{"type":"Feature","properties":{"OBJECTID":4011,"ESPECIE_PR":"ALMEZ","NOM_CIENT_":"CELTIS AUSTRALIS","CALLE":"AVENIDA PEDRO MONTT","SECTOR":"SUR PONIENTE"},"geometry":{"type":"LineString","coordinates":[[-70.658114,-33.473337],[-70.659395,-33.473407]]}},{"type":"Feature","properties":{"OBJECTID":4012,"ESPECIE_PR":"ALMEZ","NOM_CIENT_":"CELTIS AUSTRALIS","CALLE":"LUIS COUSINO","SECTOR":"SUR PONIENTE"},"geometry":{"type":"LineString","coordinates":[[-70.659408,-33.473201],[-70.659395,-33.473407]]}},{"type":"Feature","properties":{"OBJECTID":4014,"ESPECIE_PR":"ALMEZ","NOM_CIENT_":"CELTIS AUSTRALIS","CALLE":"AVENIDA PEDRO MONTT","SECTOR":"SUR PONIENTE"},"geometry":{"type":"LineString","coordinates":[[-70.661293,-33.473308],[-70.663271,-33.473414]]}},{"type":"Feature","properties":{"OBJECTID":4015,"ESPECIE_PR":"ALMEZ","NOM_CIENT_":"CELTIS AUSTRALIS","CALLE":"AVENIDA BEAUCHEF","SECTOR":"SUR PONIENTE"},"geometry":{"type":"LineString","coordinates":[[-70.663344,-33.472011],[-70.663271,-33.473414]]}},{"type":"Feature","properties":{"OBJECTID":4019,"ESPECIE_PR":"ALMEZ","NOM_CIENT_":"CELTIS AUSTRALIS","CALLE":"AVENIDA PEDRO MONTT","SECTOR":"SUR PONIENTE"},"geometry":{"type":"LineString","coordinates":[[-70.663271,-33.473414],[-70.663992,-33.473461]]}},{"type":"Feature","properties":{"OBJECTID":4022,"ESPECIE_PR":"MAITEN","NOM_CIENT_":"MAYTENUS BOARIA","CALLE":"LAS AMAPOLAS","SECTOR":"SUR PONIENTE"},"geometry":{"type":"LineString","coordinates":[[-70.667271,-33.472688],[-70.667267,-33.473429]]}},{"type":"Feature","properties":{"OBJECTID":4023,"ESPECIE_PR":"ALMEZ","NOM_CIENT_":"CELTIS AUSTRALIS","CALLE":"AVENIDA PEDRO MONTT","SECTOR":"SUR PONIENTE"},"geometry":{"type":"LineString","coordinates":[[-70.667267,-33.473429],[-70.667834,-33.473433]]}},{"type":"Feature","properties":{"OBJECTID":4025,"ESPECIE_PR":"ALMEZ","NOM_CIENT_":"CELTIS AUSTRALIS","CALLE":"AVENIDA PEDRO MONTT","SECTOR":"SUR PONIENTE"},"geometry":{"type":"LineString","coordinates":[[-70.659395,-33.473407],[-70.661297,-33.473529]]}},{"type":"Feature","properties":{"OBJECTID":4030,"ESPECIE_PR":"ALMEZ","NOM_CIENT_":"CELTIS AUSTRALIS","CALLE":"AVENIDA PEDRO MONTT","SECTOR":"SUR PONIENTE"},"geometry":{"type":"LineString","coordinates":[[-70.663992,-33.473461],[-70.664857,-33.47351]]}},{"type":"Feature","properties":{"OBJECTID":4031,"ESPECIE_PR":"ALMEZ","NOM_CIENT_":"CELTIS AUSTRALIS","CALLE":"AVENIDA CLUB HIPICO","SECTOR":"SUR PONIENTE"},"geometry":{"type":"LineString","coordinates":[[-70.66488,-33.472116],[-70.664827,-33.473207],[-70.664835,-33.473285],[-70.664834,-33.473398],[-70.664857,-33.47351]]}},{"type":"Feature","properties":{"OBJECTID":4032,"ESPECIE_PR":"QUILLAY","NOM_CIENT_":"QUILLAJA SAPONARIA","CALLE":"AVENIDA EL MIRADOR","SECTOR":"SUR PONIENTE"},"geometry":{"type":"LineString","coordinates":[[-70.666577,-33.471868],[-70.666492,-33.471914],[-70.665083,-33.4734],[-70.664857,-33.47351]]}},{"type":"Feature","properties":{"OBJECTID":4036,"ESPECIE_PR":"PEUMO","NOM_CIENT_":"CRYPTOCARYA ALBA","CALLE":"SIRIA","SECTOR":"SUR PONIENTE"},"geometry":{"type":"LineString","coordinates":[[-70.668326,-33.473496],[-70.668826,-33.473233]]}},{"type":"Feature","properties":{"OBJECTID":4040,"ESPECIE_PR":"ALMEZ","NOM_CIENT_":"CELTIS AUSTRALIS","CALLE":"AVENIDA PEDRO MONTT","SECTOR":"SUR PONIENTE"},"geometry":{"type":"LineString","coordinates":[[-70.667834,-33.473433],[-70.667966,-33.473445],[-70.668075,-33.473467],[-70.668152,-33.473516],[-70.668205,-33.47355]]}},{"type":"Feature","properties":{"OBJECTID":4041,"ESPECIE_PR":"ALMEZ","NOM_CIENT_":"CELTIS AUSTRALIS","CALLE":"AVENIDA PEDRO MONTT","SECTOR":"SUR PONIENTE"},"geometry":{"type":"LineString","coordinates":[[-70.668205,-33.47355],[-70.668326,-33.473496]]}},{"type":"Feature","properties":{"OBJECTID":4043,"ESPECIE_PR":"ALMEZ","NOM_CIENT_":"CELTIS AUSTRALIS","CALLE":"AVENIDA PEDRO MONTT","SECTOR":"SUR PONIENTE"},"geometry":{"type":"LineString","coordinates":[[-70.661297,-33.473529],[-70.663281,-33.473628]]}},{"type":"Feature","properties":{"OBJECTID":4052,"ESPECIE_PR":"ALMEZ","NOM_CIENT_":"CELTIS AUSTRALIS","CALLE":"AVENIDA PEDRO MONTT","SECTOR":"SUR PONIENTE"},"geometry":{"type":"LineString","coordinates":[[-70.664857,-33.47351],[-70.665379,-33.47353],[-70.66547,-33.473555],[-70.665567,-33.473576],[-70.667189,-33.473604],[-70.66725,-33.473654]]}},{"type":"Feature","properties":{"OBJECTID":4053,"ESPECIE_PR":"MAITEN","NOM_CIENT_":"MAYTENUS BOARIA","CALLE":"LAS AMAPOLAS","SECTOR":"SUR PONIENTE"},"geometry":{"type":"LineString","coordinates":[[-70.667267,-33.473429],[-70.66725,-33.473654]]}},{"type":"Feature","properties":{"OBJECTID":4054,"ESPECIE_PR":"ALMEZ","NOM_CIENT_":"CELTIS AUSTRALIS","CALLE":"AVENIDA PEDRO MONTT","SECTOR":"SUR PONIENTE"},"geometry":{"type":"LineString","coordinates":[[-70.663281,-33.473628],[-70.664855,-33.473709]]}},{"type":"Feature","properties":{"OBJECTID":4056,"ESPECIE_PR":"ALMEZ","NOM_CIENT_":"CELTIS AUSTRALIS","CALLE":"AVENIDA PEDRO MONTT","SECTOR":"SUR PONIENTE"},"geometry":{"type":"LineString","coordinates":[[-70.664855,-33.473709],[-70.664916,-33.47373],[-70.665439,-33.473743],[-70.6655,-33.473699],[-70.665569,-33.473681],[-70.665639,-33.473675],[-70.667188,-33.473708],[-70.66725,-33.473654]]}},{"type":"Feature","properties":{"OBJECTID":4061,"ESPECIE_PR":"LIQUIDAMBAR","NOM_CIENT_":"LIQUIDAMBAR STYRACIFLUA","CALLE":"BASCUNAN GUERRERO","SECTOR":"SUR PONIENTE"},"geometry":{"type":"LineString","coordinates":[[-70.671604,-33.473153],[-70.671608,-33.473763]]}},{"type":"Feature","properties":{"OBJECTID":4062,"ESPECIE_PR":"ALMEZ","NOM_CIENT_":"CELTIS AUSTRALIS","CALLE":"PILCOMAYO","SECTOR":"SUR PONIENTE"},"geometry":{"type":"LineString","coordinates":[[-70.671608,-33.473763],[-70.672254,-33.47377]]}},{"type":"Feature","properties":{"OBJECTID":4063,"ESPECIE_PR":"JACARANDA","NOM_CIENT_":"JACARANDA MIMOSIFOLIA","CALLE":"JUAN NEPOMUCENO ESPEJO","SECTOR":"SUR PONIENTE"},"geometry":{"type":"LineString","coordinates":[[-70.672273,-33.472703],[-70.672254,-33.47377]]}},{"type":"Feature","properties":{"OBJECTID":4064,"ESPECIE_PR":"ALMEZ","NOM_CIENT_":"CELTIS AUSTRALIS","CALLE":"PILCOMAYO","SECTOR":"SUR PONIENTE"},"geometry":{"type":"LineString","coordinates":[[-70.672254,-33.47377],[-70.672877,-33.473772]]}},{"type":"Feature","properties":{"OBJECTID":4066,"ESPECIE_PR":"ALMEZ","NOM_CIENT_":"CELTIS AUSTRALIS","CALLE":"AVENIDA PEDRO MONTT","SECTOR":"SUR PONIENTE"},"geometry":{"type":"LineString","coordinates":[[-70.66725,-33.473654],[-70.667263,-33.473875],[-70.667881,-33.473898]]}},{"type":"Feature","properties":{"OBJECTID":4067,"ESPECIE_PR":"ALMEZ","NOM_CIENT_":"CELTIS AUSTRALIS","CALLE":"AVENIDA PEDRO MONTT","SECTOR":"SUR PONIENTE"},"geometry":{"type":"LineString","coordinates":[[-70.667881,-33.473898],[-70.66796,-33.473906],[-70.66801,-33.473896],[-70.668055,-33.473886],[-70.668101,-33.473877],[-70.668139,-33.473858],[-70.668181,-33.473831],[-70.668189,-33.473808]]}},{"type":"Feature","properties":{"OBJECTID":4085,"ESPECIE_PR":"PEUMO","NOM_CIENT_":"CRYPTOCARYA ALBA","CALLE":"SAN AGUSTIN","SECTOR":"SUR PONIENTE"},"geometry":{"type":"LineString","coordinates":[[-70.668189,-33.473808],[-70.668807,-33.474193]]}},{"type":"Feature","properties":{"OBJECTID":4086,"ESPECIE_PR":"CRESPON","NOM_CIENT_":"LAGERSTROEMIA INDICA","CALLE":"TULIPANES","SECTOR":"SUR PONIENTE"},"geometry":{"type":"LineString","coordinates":[[-70.668826,-33.473233],[-70.668807,-33.474193]]}},{"type":"Feature","properties":{"OBJECTID":4107,"ESPECIE_PR":"PEUMO","NOM_CIENT_":"CRYPTOCARYA ALBA","CALLE":"SAN AGUSTIN","SECTOR":"SUR PONIENTE"},"geometry":{"type":"LineString","coordinates":[[-70.668807,-33.474193],[-70.669126,-33.474346]]}},{"type":"Feature","properties":{"OBJECTID":4110,"ESPECIE_PR":"CRESPON","NOM_CIENT_":"LAGERSTROEMIA INDICA","CALLE":"FUCSIAS","SECTOR":"SUR PONIENTE"},"geometry":{"type":"LineString","coordinates":[[-70.669321,-33.473139],[-70.669297,-33.47437]]}},{"type":"Feature","properties":{"OBJECTID":4112,"ESPECIE_PR":"PEUMO","NOM_CIENT_":"CRYPTOCARYA ALBA","CALLE":"SAN AGUSTIN","SECTOR":"SUR PONIENTE"},"geometry":{"type":"LineString","coordinates":[[-70.669126,-33.474346],[-70.669236,-33.474383],[-70.669297,-33.47437]]}},{"type":"Feature","properties":{"OBJECTID":4115,"ESPECIE_PR":"PEUMO","NOM_CIENT_":"CRYPTOCARYA ALBA","CALLE":"SAN AGUSTIN","SECTOR":"SUR PONIENTE"},"geometry":{"type":"LineString","coordinates":[[-70.669297,-33.47437],[-70.670298,-33.474385]]}},{"type":"Feature","properties":{"OBJECTID":4116,"ESPECIE_PR":"QUILLAY","NOM_CIENT_":"QUILLAJA SAPONARIA","CALLE":"AVENIDA FRANCISCO PIZARRO","SECTOR":"SUR PONIENTE"},"geometry":{"type":"LineString","coordinates":[[-70.670316,-33.473152],[-70.670298,-33.474385]]}},{"type":"Feature","properties":{"OBJECTID":4119,"ESPECIE_PR":"PEUMO","NOM_CIENT_":"CRYPTOCARYA ALBA","CALLE":"SAN AGUSTIN","SECTOR":"SUR PONIENTE"},"geometry":{"type":"LineString","coordinates":[[-70.670298,-33.474385],[-70.671585,-33.474393]]}},{"type":"Feature","properties":{"OBJECTID":4120,"ESPECIE_PR":"LIQUIDAMBAR","NOM_CIENT_":"LIQUIDAMBAR STYRACIFLUA","CALLE":"BASCUNAN GUERRERO","SECTOR":"SUR PONIENTE"},"geometry":{"type":"LineString","coordinates":[[-70.671608,-33.473763],[-70.671585,-33.474393]]}},{"type":"Feature","properties":{"OBJECTID":4142,"ESPECIE_PR":"LIQUIDAMBAR","NOM_CIENT_":"LIQUIDAMBAR STYRACIFLUA","CALLE":"BASCUNAN GUERRERO","SECTOR":"SUR PONIENTE"},"geometry":{"type":"LineString","coordinates":[[-70.671585,-33.474393],[-70.671593,-33.474848]]}},{"type":"Feature","properties":{"OBJECTID":4143,"ESPECIE_PR":"JACARANDA","NOM_CIENT_":"JACARANDA MIMOSIFOLIA","CALLE":"JUAN NEPOMUCENO ESPEJO","SECTOR":"SUR PONIENTE"},"geometry":{"type":"LineString","coordinates":[[-70.672254,-33.47377],[-70.672232,-33.474849]]}},{"type":"Feature","properties":{"OBJECTID":4161,"ESPECIE_PR":"JACARANDA","NOM_CIENT_":"JACARANDA MIMOSIFOLIA","CALLE":"VIEL","SECTOR":"SUR PONIENTE"},"geometry":{"type":"LineString","coordinates":[[-70.655368,-33.473212],[-70.655165,-33.473509],[-70.65505,-33.473703],[-70.654977,-33.47382],[-70.654895,-33.473963],[-70.654862,-33.474051],[-70.654829,-33.474156],[-70.654792,-33.47426],[-70.654769,-33.47439],[-70.654733,-33.474565],[-70.654713,-33.47482],[-70.654769,-33.475029],[-70.65478,-33.475137],[-70.654799,-33.47529],[-70.654837,-33.475452],[-70.654838,-33.47546]]}},{"type":"Feature","properties":{"OBJECTID":4169,"ESPECIE_PR":"JACARANDA","NOM_CIENT_":"JACARANDA MIMOSIFOLIA","CALLE":"AVENIDA MANUEL RODRIGUEZ SUR","SECTOR":"SUR PONIENTE"},"geometry":{"type":"LineString","coordinates":[[-70.655368,-33.473212],[-70.655218,-33.473392],[-70.655081,-33.473527],[-70.654934,-33.473629],[-70.654818,-33.473827],[-70.654718,-33.474036],[-70.654628,-33.474296],[-70.654582,-33.474497],[-70.654556,-33.474693],[-70.654573,-33.475041],[-70.654598,-33.475275],[-70.654622,-33.475464],[-70.654669,-33.475628]]}},{"type":"Feature","properties":{"OBJECTID":4170,"ESPECIE_PR":"JACARANDA","NOM_CIENT_":"JACARANDA MIMOSIFOLIA","CALLE":"VIEL","SECTOR":"SUR PONIENTE"},"geometry":{"type":"LineString","coordinates":[[-70.654838,-33.47546],[-70.654842,-33.475506],[-70.654843,-33.475542],[-70.654829,-33.475565],[-70.654805,-33.475586],[-70.65477,-33.475603],[-70.654728,-33.475616],[-70.654669,-33.475628]]}},{"type":"Feature","properties":{"OBJECTID":4186,"ESPECIE_PR":"ALMEZ","NOM_CIENT_":"CELTIS AUSTRALIS","CALLE":"AVENIDA CLUB HIPICO","SECTOR":"SUR PONIENTE"},"geometry":{"type":"LineString","coordinates":[[-70.664855,-33.473709],[-70.664839,-33.475706]]}},{"type":"Feature","properties":{"OBJECTID":4189,"ESPECIE_PR":"QUILLAY","NOM_CIENT_":"QUILLAJA SAPONARIA","CALLE":"FLORENCIA BAHAMONDES","SECTOR":"SUR PONIENTE"},"geometry":{"type":"LineString","coordinates":[[-70.667881,-33.473898],[-70.667819,-33.475765]]}},{"type":"Feature","properties":{"OBJECTID":4192,"ESPECIE_PR":"CRESPON","NOM_CIENT_":"LAGERSTROEMIA INDICA","CALLE":"TULIPANES","SECTOR":"SUR PONIENTE"},"geometry":{"type":"LineString","coordinates":[[-70.668807,-33.474193],[-70.668777,-33.474252],[-70.668703,-33.474334],[-70.668594,-33.474496],[-70.668519,-33.474751],[-70.668513,-33.47579]]}},{"type":"Feature","properties":{"OBJECTID":4194,"ESPECIE_PR":"CRESPON","NOM_CIENT_":"LAGERSTROEMIA INDICA","CALLE":"RETAMOS","SECTOR":"SUR PONIENTE"},"geometry":{"type":"LineString","coordinates":[[-70.669126,-33.474346],[-70.668996,-33.474499],[-70.668916,-33.474721],[-70.66889,-33.475785]]}},{"type":"Feature","properties":{"OBJECTID":4196,"ESPECIE_PR":"CRESPON","NOM_CIENT_":"LAGERSTROEMIA INDICA","CALLE":"FUCSIAS","SECTOR":"SUR PONIENTE"},"geometry":{"type":"LineString","coordinates":[[-70.669297,-33.47437],[-70.669283,-33.475795]]}},{"type":"Feature","properties":{"OBJECTID":4198,"ESPECIE_PR":"QUILLAY","NOM_CIENT_":"QUILLAJA SAPONARIA","CALLE":"AVENIDA FRANCISCO PIZARRO","SECTOR":"SUR PONIENTE"},"geometry":{"type":"LineString","coordinates":[[-70.670298,-33.474385],[-70.670295,-33.475825]]}},{"type":"Feature","properties":{"OBJECTID":4293,"ESPECIE_PR":"MOLLE","NOM_CIENT_":"SCHINUS LATIFOLIUS","CALLE":"CHACABUCO","SECTOR":"SUR PONIENTE"},"geometry":{"type":"LineString","coordinates":[[-70.6778,-33.450708],[-70.677904,-33.450446]]}},{"type":"Feature","properties":{"OBJECTID":4296,"ESPECIE_PR":"ALMEZ","NOM_CIENT_":"CELTIS AUSTRALIS","CALLE":"ALAMEDA LIBERTADOR BERNARDO OHIGGINS","SECTOR":"SUR PONIENTE"},"geometry":{"type":"LineString","coordinates":[[-70.6778,-33.450708],[-70.678951,-33.450927]]}},{"type":"Feature","properties":{"OBJECTID":4298,"ESPECIE_PR":"ALMEZ","NOM_CIENT_":"CELTIS AUSTRALIS","CALLE":"EXPOSICION","SECTOR":"SUR PONIENTE"},"geometry":{"type":"LineString","coordinates":[[-70.6778,-33.450708],[-70.677833,-33.451363]]}},{"type":"Feature","properties":{"OBJECTID":4299,"ESPECIE_PR":"ALMEZ","NOM_CIENT_":"CELTIS AUSTRALIS","CALLE":"EXPOSICION","SECTOR":"SUR PONIENTE"},"geometry":{"type":"LineString","coordinates":[[-70.677833,-33.451363],[-70.677961,-33.452398]]}},{"type":"Feature","properties":{"OBJECTID":4301,"ESPECIE_PR":"ALMEZ","NOM_CIENT_":"CELTIS AUSTRALIS","CALLE":"EXPOSICION","SECTOR":"SUR PONIENTE"},"geometry":{"type":"LineString","coordinates":[[-70.677961,-33.452398],[-70.678034,-33.453479]]}},{"type":"Feature","properties":{"OBJECTID":4303,"ESPECIE_PR":"ALMEZ","NOM_CIENT_":"CELTIS AUSTRALIS","CALLE":"EXPOSICION","SECTOR":"SUR PONIENTE"},"geometry":{"type":"LineString","coordinates":[[-70.678034,-33.453479],[-70.678116,-33.454578]]}},{"type":"Feature","properties":{"OBJECTID":4305,"ESPECIE_PR":"ALMEZ","NOM_CIENT_":"CELTIS AUSTRALIS","CALLE":"EXPOSICION","SECTOR":"SUR PONIENTE"},"geometry":{"type":"LineString","coordinates":[[-70.678116,-33.454578],[-70.678167,-33.455326],[-70.678181,-33.455533]]}},{"type":"Feature","properties":{"OBJECTID":4306,"ESPECIE_PR":"ALMEZ","NOM_CIENT_":"CELTIS AUSTRALIS","CALLE":"EXPOSICION","SECTOR":"SUR PONIENTE"},"geometry":{"type":"LineString","coordinates":[[-70.678181,-33.455533],[-70.678266,-33.456732]]}},{"type":"Feature","properties":{"OBJECTID":4308,"ESPECIE_PR":"ALMEZ","NOM_CIENT_":"CELTIS AUSTRALIS","CALLE":"EXPOSICION","SECTOR":"SUR PONIENTE"},"geometry":{"type":"LineString","coordinates":[[-70.678266,-33.456732],[-70.678351,-33.458175]]}},{"type":"Feature","properties":{"OBJECTID":4310,"ESPECIE_PR":"ALMEZ","NOM_CIENT_":"CELTIS AUSTRALIS","CALLE":"EXPOSICION","SECTOR":"SUR PONIENTE"},"geometry":{"type":"LineString","coordinates":[[-70.678351,-33.458175],[-70.678384,-33.458513],[-70.678416,-33.459284],[-70.678494,-33.46022]]}},{"type":"Feature","properties":{"OBJECTID":4312,"ESPECIE_PR":"ALMEZ","NOM_CIENT_":"CELTIS AUSTRALIS","CALLE":"EXPOSICION","SECTOR":"SUR PONIENTE"},"geometry":{"type":"LineString","coordinates":[[-70.678494,-33.46022],[-70.678576,-33.461397]]}},{"type":"Feature","properties":{"OBJECTID":4313,"ESPECIE_PR":"ALMEZ","NOM_CIENT_":"CELTIS AUSTRALIS","CALLE":"EXPOSICION","SECTOR":"SUR PONIENTE"},"geometry":{"type":"LineString","coordinates":[[-70.678576,-33.461397],[-70.678666,-33.462472]]}},{"type":"Feature","properties":{"OBJECTID":4317,"ESPECIE_PR":"ALMEZ","NOM_CIENT_":"CELTIS AUSTRALIS","CALLE":"EXPOSICION","SECTOR":"SUR PONIENTE"},"geometry":{"type":"LineString","coordinates":[[-70.678666,-33.462472],[-70.67873,-33.463385]]}},{"type":"Feature","properties":{"OBJECTID":4330,"ESPECIE_PR":"ALMEZ","NOM_CIENT_":"CELTIS AUSTRALIS","CALLE":"EXPOSICION","SECTOR":"SUR PONIENTE"},"geometry":{"type":"LineString","coordinates":[[-70.67873,-33.463385],[-70.678863,-33.46493]]}},{"type":"Feature","properties":{"OBJECTID":4354,"ESPECIE_PR":"ALMEZ","NOM_CIENT_":"CELTIS AUSTRALIS","CALLE":"EXPOSICION","SECTOR":"SUR PONIENTE"},"geometry":{"type":"LineString","coordinates":[[-70.678863,-33.46493],[-70.678999,-33.466649]]}},{"type":"Feature","properties":{"OBJECTID":4358,"ESPECIE_PR":"ALMEZ","NOM_CIENT_":"CELTIS AUSTRALIS","CALLE":"EXPOSICION","SECTOR":"SUR PONIENTE"},"geometry":{"type":"LineString","coordinates":[[-70.678999,-33.466649],[-70.67915,-33.469297]]}},{"type":"Feature","properties":{"OBJECTID":4361,"ESPECIE_PR":"ALMEZ","NOM_CIENT_":"CELTIS AUSTRALIS","CALLE":"EXPOSICION","SECTOR":"SUR PONIENTE"},"geometry":{"type":"LineString","coordinates":[[-70.67915,-33.469297],[-70.679949,-33.470509]]}},{"type":"Feature","properties":{"OBJECTID":4362,"ESPECIE_PR":"ALMEZ","NOM_CIENT_":"CELTIS AUSTRALIS","CALLE":"RAMON SUBERCASEAUX","SECTOR":"SUR PONIENTE"},"geometry":{"type":"LineString","coordinates":[[-70.672963,-33.470619],[-70.674117,-33.470618],[-70.674259,-33.470618]]}},{"type":"Feature","properties":{"OBJECTID":4363,"ESPECIE_PR":"ALMEZ","NOM_CIENT_":"CELTIS AUSTRALIS","CALLE":"RAMON SUBERCASEAUX","SECTOR":"SUR PONIENTE"},"geometry":{"type":"LineString","coordinates":[[-70.674259,-33.470618],[-70.675563,-33.470629]]}},{"type":"Feature","properties":{"OBJECTID":4364,"ESPECIE_PR":"ALMEZ","NOM_CIENT_":"CELTIS AUSTRALIS","CALLE":"RAMON SUBERCASEAUX","SECTOR":"SUR PONIENTE"},"geometry":{"type":"LineString","coordinates":[[-70.675563,-33.470629],[-70.676807,-33.470648]]}},{"type":"Feature","properties":{"OBJECTID":4365,"ESPECIE_PR":"ALMEZ","NOM_CIENT_":"CELTIS AUSTRALIS","CALLE":"RAMON SUBERCASEAUX","SECTOR":"SUR PONIENTE"},"geometry":{"type":"LineString","coordinates":[[-70.676807,-33.470648],[-70.67759,-33.470664],[-70.678092,-33.470667]]}},{"type":"Feature","properties":{"OBJECTID":4366,"ESPECIE_PR":"ALMEZ","NOM_CIENT_":"CELTIS AUSTRALIS","CALLE":"RAMON SUBERCASEAUX","SECTOR":"SUR PONIENTE"},"geometry":{"type":"LineString","coordinates":[[-70.678092,-33.470667],[-70.679165,-33.470669]]}},{"type":"Feature","properties":{"OBJECTID":4367,"ESPECIE_PR":"ALMEZ","NOM_CIENT_":"CELTIS AUSTRALIS","CALLE":"RAMON SUBERCASEAUX","SECTOR":"SUR PONIENTE"},"geometry":{"type":"LineString","coordinates":[[-70.679165,-33.470669],[-70.679871,-33.47067],[-70.679935,-33.470593],[-70.679949,-33.470509]]}},{"type":"Feature","properties":{"OBJECTID":4370,"ESPECIE_PR":"QUILLAY","NOM_CIENT_":"QUILLAJA SAPONARIA","CALLE":"SAN ALFONSO","SECTOR":"SUR PONIENTE"},"geometry":{"type":"LineString","coordinates":[[-70.672963,-33.470619],[-70.672934,-33.47193]]}},{"type":"Feature","properties":{"OBJECTID":4372,"ESPECIE_PR":"QUILLAY","NOM_CIENT_":"QUILLAJA SAPONARIA","CALLE":"SAN ALFONSO","SECTOR":"SUR PONIENTE"},"geometry":{"type":"LineString","coordinates":[[-70.672934,-33.47193],[-70.672914,-33.472702]]}},{"type":"Feature","properties":{"OBJECTID":4378,"ESPECIE_PR":"QUILLAY","NOM_CIENT_":"QUILLAJA SAPONARIA","CALLE":"SAN ALFONSO","SECTOR":"SUR PONIENTE"},"geometry":{"type":"LineString","coordinates":[[-70.672914,-33.472702],[-70.672877,-33.473772]]}},{"type":"Feature","properties":{"OBJECTID":4385,"ESPECIE_PR":"QUILLAY","NOM_CIENT_":"QUILLAJA SAPONARIA","CALLE":"SAN ALFONSO","SECTOR":"SUR PONIENTE"},"geometry":{"type":"LineString","coordinates":[[-70.672877,-33.473772],[-70.672857,-33.474854]]}},{"type":"Feature","properties":{"OBJECTID":4394,"ESPECIE_PR":"JACARANDA","NOM_CIENT_":"JACARANDA MIMOSIFOLIA","CALLE":"VIEL","SECTOR":"SUR PONIENTE"},"geometry":{"type":"LineString","coordinates":[[-70.654669,-33.475628],[-70.654524,-33.475657]]}},{"type":"Feature","properties":{"OBJECTID":4398,"ESPECIE_PR":"LIQUIDAMBAR","NOM_CIENT_":"LIQUIDAMBAR STYRACIFLUA","CALLE":"BASCUNAN GUERRERO","SECTOR":"SUR PONIENTE"},"geometry":{"type":"LineString","coordinates":[[-70.671593,-33.474848],[-70.671574,-33.475835]]}},{"type":"Feature","properties":{"OBJECTID":4404,"ESPECIE_PR":"JACARANDA","NOM_CIENT_":"JACARANDA MIMOSIFOLIA","CALLE":"AVENIDA MANUEL RODRIGUEZ SUR","SECTOR":"SUR PONIENTE"},"geometry":{"type":"LineString","coordinates":[[-70.654669,-33.475628],[-70.654697,-33.475725],[-70.654759,-33.475895],[-70.654911,-33.476227],[-70.655019,-33.476449]]}},{"type":"Feature","properties":{"OBJECTID":4410,"ESPECIE_PR":"LIQUIDAMBAR","NOM_CIENT_":"LIQUIDAMBAR STYRACIFLUA","CALLE":"BASCUNAN GUERRERO","SECTOR":"SUR PONIENTE"},"geometry":{"type":"LineString","coordinates":[[-70.671574,-33.475835],[-70.671655,-33.475958],[-70.671627,-33.476428],[-70.671603,-33.47676]]}},{"type":"Feature","properties":{"OBJECTID":4415,"ESPECIE_PR":"LIQUIDAMBAR","NOM_CIENT_":"LIQUIDAMBAR STYRACIFLUA","CALLE":"BASCUNAN GUERRERO","SECTOR":"SUR PONIENTE"},"geometry":{"type":"LineString","coordinates":[[-70.671603,-33.47676],[-70.671566,-33.476877],[-70.671583,-33.478389],[-70.671599,-33.478517]]}},{"type":"Feature","properties":{"OBJECTID":928,"ESPECIE_PR":"SIN ESPECIE","NOM_CIENT_":"SIN ESPECIE","CALLE":null,"SECTOR":"SUR PONIENTE"},"geometry":{"type":"LineString","coordinates":[[-70.64235,-33.440493],[-70.642289,-33.440414]]}},{"type":"Feature","properties":{"OBJECTID":1576,"ESPECIE_PR":"ALMEZ","NOM_CIENT_":"CELTIS AUSTRALIS","CALLE":null,"SECTOR":"SUR PONIENTE"},"geometry":{"type":"LineString","coordinates":[[-70.660598,-33.446505],[-70.660658,-33.445936]]}},{"type":"Feature","properties":{"OBJECTID":1613,"ESPECIE_PR":"SIN ESPECIE","NOM_CIENT_":"SIN ESPECIE","CALLE":null,"SECTOR":"SUR PONIENTE"},"geometry":{"type":"LineString","coordinates":[[-70.662518,-33.446929],[-70.662635,-33.446409]]}},{"type":"Feature","properties":{"OBJECTID":1656,"ESPECIE_PR":"SIN ESPECIE","NOM_CIENT_":"SIN ESPECIE","CALLE":null,"SECTOR":"SUR PONIENTE"},"geometry":{"type":"LineString","coordinates":[[-70.664808,-33.447417],[-70.664683,-33.447307],[-70.664597,-33.446941],[-70.664607,-33.44686]]}},{"type":"Feature","properties":{"OBJECTID":1657,"ESPECIE_PR":"SIN ESPECIE","NOM_CIENT_":"SIN ESPECIE","CALLE":null,"SECTOR":"SUR PONIENTE"},"geometry":{"type":"LineString","coordinates":[[-70.664607,-33.44686],[-70.664713,-33.446967],[-70.664808,-33.447417]]}},{"type":"Feature","properties":{"OBJECTID":1669,"ESPECIE_PR":"SIN ESPECIE","NOM_CIENT_":"SIN ESPECIE","CALLE":null,"SECTOR":"SUR PONIENTE"},"geometry":{"type":"LineString","coordinates":[[-70.666194,-33.447479],[-70.666427,-33.447521]]}},{"type":"Feature","properties":{"OBJECTID":1688,"ESPECIE_PR":"SIN ESPECIE","NOM_CIENT_":"SIN ESPECIE","CALLE":null,"SECTOR":"SUR PONIENTE"},"geometry":{"type":"LineString","coordinates":[[-70.666428,-33.447723],[-70.666438,-33.447672],[-70.666454,-33.44763],[-70.666497,-33.447593],[-70.666529,-33.447551],[-70.666523,-33.447491],[-70.666522,-33.447431],[-70.666515,-33.447353]]}},{"type":"Feature","properties":{"OBJECTID":1705,"ESPECIE_PR":"SIN ESPECIE","NOM_CIENT_":"SIN ESPECIE","CALLE":null,"SECTOR":"SUR PONIENTE"},"geometry":{"type":"LineString","coordinates":[[-70.667205,-33.447888],[-70.667577,-33.447667]]}},{"type":"Feature","properties":{"OBJECTID":1728,"ESPECIE_PR":"SIN ESPECIE","NOM_CIENT_":"SIN ESPECIE","CALLE":null,"SECTOR":"SUR PONIENTE"},"geometry":{"type":"LineString","coordinates":[[-70.668424,-33.447913],[-70.668339,-33.448163]]}},{"type":"Feature","properties":{"OBJECTID":1751,"ESPECIE_PR":"SIN ESPECIE","NOM_CIENT_":"SIN ESPECIE","CALLE":null,"SECTOR":"SUR PONIENTE"},"geometry":{"type":"LineString","coordinates":[[-70.660458,-33.447294],[-70.66052,-33.447447],[-70.660509,-33.44751],[-70.660438,-33.447809],[-70.660389,-33.447963],[-70.660327,-33.448126],[-70.66022,-33.448416],[-70.66019,-33.448534],[-70.660206,-33.448624]]}},{"type":"Feature","properties":{"OBJECTID":1756,"ESPECIE_PR":"SIN ESPECIE","NOM_CIENT_":"SIN ESPECIE","CALLE":null,"SECTOR":"SUR PONIENTE"},"geometry":{"type":"LineString","coordinates":[[-70.666933,-33.448542],[-70.667095,-33.448567]]}},{"type":"Feature","properties":{"OBJECTID":1757,"ESPECIE_PR":"SIN ESPECIE","NOM_CIENT_":"SIN ESPECIE","CALLE":null,"SECTOR":"SUR PONIENTE"},"geometry":{"type":"LineString","coordinates":[[-70.667205,-33.447888],[-70.667095,-33.448567]]}},{"type":"Feature","properties":{"OBJECTID":1759,"ESPECIE_PR":"SIN ESPECIE","NOM_CIENT_":"SIN ESPECIE","CALLE":null,"SECTOR":"SUR PONIENTE"},"geometry":{"type":"LineString","coordinates":[[-70.667095,-33.448567],[-70.667355,-33.448618]]}},{"type":"Feature","properties":{"OBJECTID":1778,"ESPECIE_PR":"SIN ESPECIE","NOM_CIENT_":"SIN ESPECIE","CALLE":null,"SECTOR":"SUR PONIENTE"},"geometry":{"type":"LineString","coordinates":[[-70.667355,-33.448618],[-70.668263,-33.448775]]}},{"type":"Feature","properties":{"OBJECTID":1794,"ESPECIE_PR":"SIN ESPECIE","NOM_CIENT_":"SIN ESPECIE","CALLE":null,"SECTOR":"SUR PONIENTE"},"geometry":{"type":"LineString","coordinates":[[-70.666474,-33.448947],[-70.667133,-33.448977],[-70.667268,-33.448992]]}},{"type":"Feature","properties":{"OBJECTID":1803,"ESPECIE_PR":"SIN ESPECIE","NOM_CIENT_":"SIN ESPECIE","CALLE":null,"SECTOR":"SUR PONIENTE"},"geometry":{"type":"LineString","coordinates":[[-70.667355,-33.448618],[-70.667279,-33.449088]]}},{"type":"Feature","properties":{"OBJECTID":1840,"ESPECIE_PR":"SIN ESPECIE","NOM_CIENT_":"SIN ESPECIE","CALLE":null,"SECTOR":"SUR PONIENTE"},"geometry":{"type":"LineString","coordinates":[[-70.672664,-33.449331],[-70.672816,-33.449293],[-70.673018,-33.449125]]}},{"type":"Feature","properties":{"OBJECTID":1875,"ESPECIE_PR":"SIN ESPECIE","NOM_CIENT_":"SIN ESPECIE","CALLE":null,"SECTOR":"SUR PONIENTE"},"geometry":{"type":"LineString","coordinates":[[-70.674269,-33.44975],[-70.674327,-33.449492]]}},{"type":"Feature","properties":{"OBJECTID":1908,"ESPECIE_PR":"SIN ESPECIE","NOM_CIENT_":"SIN ESPECIE","CALLE":null,"SECTOR":"SUR PONIENTE"},"geometry":{"type":"LineString","coordinates":[[-70.675582,-33.450129],[-70.675637,-33.449832]]}},{"type":"Feature","properties":{"OBJECTID":1911,"ESPECIE_PR":"SIN ESPECIE","NOM_CIENT_":"SIN ESPECIE","CALLE":null,"SECTOR":"SUR PONIENTE"},"geometry":{"type":"LineString","coordinates":[[-70.662859,-33.449904],[-70.662793,-33.450306]]}},{"type":"Feature","properties":{"OBJECTID":1937,"ESPECIE_PR":"SIN ESPECIE","NOM_CIENT_":"SIN ESPECIE","CALLE":null,"SECTOR":"SUR PONIENTE"},"geometry":{"type":"LineString","coordinates":[[-70.676802,-33.450443],[-70.676634,-33.450195],[-70.676682,-33.450105]]}},{"type":"Feature","properties":{"OBJECTID":1953,"ESPECIE_PR":"SIN ESPECIE","NOM_CIENT_":"SIN ESPECIE","CALLE":null,"SECTOR":"SUR PONIENTE"},"geometry":{"type":"LineString","coordinates":[[-70.674154,-33.450216],[-70.67547,-33.450613]]}},{"type":"Feature","properties":{"OBJECTID":1975,"ESPECIE_PR":"SIN ESPECIE","NOM_CIENT_":"SIN ESPECIE","CALLE":null,"SECTOR":"SUR PONIENTE"},"geometry":{"type":"LineString","coordinates":[[-70.667104,-33.44973],[-70.667008,-33.450922]]}},{"type":"Feature","properties":{"OBJECTID":1984,"ESPECIE_PR":"SIN ESPECIE","NOM_CIENT_":"SIN ESPECIE","CALLE":null,"SECTOR":"SUR PONIENTE"},"geometry":{"type":"LineString","coordinates":[[-70.664618,-33.451044],[-70.664978,-33.451058]]}},{"type":"Feature","properties":{"OBJECTID":1985,"ESPECIE_PR":"SIN ESPECIE","NOM_CIENT_":"SIN ESPECIE","CALLE":null,"SECTOR":"SUR PONIENTE"},"geometry":{"type":"LineString","coordinates":[[-70.665032,-33.450371],[-70.664978,-33.451058]]}},{"type":"Feature","properties":{"OBJECTID":1987,"ESPECIE_PR":"SIN ESPECIE","NOM_CIENT_":"SIN ESPECIE","CALLE":null,"SECTOR":"SUR PONIENTE"},"geometry":{"type":"LineString","coordinates":[[-70.662793,-33.450306],[-70.662686,-33.451115]]}},{"type":"Feature","properties":{"OBJECTID":1988,"ESPECIE_PR":"SIN ESPECIE","NOM_CIENT_":"SIN ESPECIE","CALLE":null,"SECTOR":"SUR PONIENTE"},"geometry":{"type":"LineString","coordinates":[[-70.664978,-33.451058],[-70.665506,-33.45109]]}},{"type":"Feature","properties":{"OBJECTID":1990,"ESPECIE_PR":"SIN ESPECIE","NOM_CIENT_":"SIN ESPECIE","CALLE":null,"SECTOR":"SUR PONIENTE"},"geometry":{"type":"LineString","coordinates":[[-70.665506,-33.45109],[-70.665712,-33.451102]]}},{"type":"Feature","properties":{"OBJECTID":2030,"ESPECIE_PR":"SIN ESPECIE","NOM_CIENT_":"SIN ESPECIE","CALLE":null,"SECTOR":"SUR PONIENTE"},"geometry":{"type":"LineString","coordinates":[[-70.659577,-33.450778],[-70.659511,-33.450842],[-70.65932,-33.451485],[-70.659273,-33.451585],[-70.65917,-33.451622]]}},{"type":"Feature","properties":{"OBJECTID":2034,"ESPECIE_PR":"SIN ESPECIE","NOM_CIENT_":"SIN ESPECIE","CALLE":null,"SECTOR":"SUR PONIENTE"},"geometry":{"type":"LineString","coordinates":[[-70.677208,-33.451367],[-70.677488,-33.451453]]}},{"type":"Feature","properties":{"OBJECTID":2035,"ESPECIE_PR":"SIN ESPECIE","NOM_CIENT_":"SIN ESPECIE","CALLE":null,"SECTOR":"SUR PONIENTE"},"geometry":{"type":"LineString","coordinates":[[-70.677488,-33.451453],[-70.677833,-33.451363]]}},{"type":"Feature","properties":{"OBJECTID":2074,"ESPECIE_PR":"SIN ESPECIE","NOM_CIENT_":"SIN ESPECIE","CALLE":null,"SECTOR":"SUR PONIENTE"},"geometry":{"type":"LineString","coordinates":[[-70.67085,-33.451826],[-70.670753,-33.452066]]}},{"type":"Feature","properties":{"OBJECTID":2094,"ESPECIE_PR":"SIN ESPECIE","NOM_CIENT_":"SIN ESPECIE","CALLE":null,"SECTOR":"SUR PONIENTE"},"geometry":{"type":"LineString","coordinates":[[-70.668905,-33.452097],[-70.669634,-33.452256]]}},{"type":"Feature","properties":{"OBJECTID":2099,"ESPECIE_PR":"SIN ESPECIE","NOM_CIENT_":"SIN ESPECIE","CALLE":null,"SECTOR":"SUR PONIENTE"},"geometry":{"type":"LineString","coordinates":[[-70.65906,-33.451985],[-70.659189,-33.451911],[-70.659265,-33.451883],[-70.659341,-33.451864],[-70.659437,-33.451862],[-70.659541,-33.451897],[-70.659606,-33.451932],[-70.659676,-33.451994],[-70.659719,-33.452066],[-70.659736,-33.452147],[-70.65973,-33.452228],[-70.659702,-33.452355],[-70.659708,-33.452454]]}},{"type":"Feature","properties":{"OBJECTID":2102,"ESPECIE_PR":"SIN ESPECIE","NOM_CIENT_":"SIN ESPECIE","CALLE":null,"SECTOR":"SUR PONIENTE"},"geometry":{"type":"LineString","coordinates":[[-70.677488,-33.451453],[-70.677203,-33.452223]]}},{"type":"Feature","properties":{"OBJECTID":2116,"ESPECIE_PR":"SIN ESPECIE","NOM_CIENT_":"SIN ESPECIE","CALLE":null,"SECTOR":"SUR PONIENTE"},"geometry":{"type":"LineString","coordinates":[[-70.659708,-33.452454],[-70.659614,-33.452536],[-70.659481,-33.452592],[-70.659173,-33.452614]]}},{"type":"Feature","properties":{"OBJECTID":2131,"ESPECIE_PR":"SIN ESPECIE","NOM_CIENT_":"SIN ESPECIE","CALLE":null,"SECTOR":"SUR PONIENTE"},"geometry":{"type":"LineString","coordinates":[[-70.670753,-33.452066],[-70.670518,-33.452653]]}},{"type":"Feature","properties":{"OBJECTID":2145,"ESPECIE_PR":"SIN ESPECIE","NOM_CIENT_":"SIN ESPECIE","CALLE":null,"SECTOR":"SUR PONIENTE"},"geometry":{"type":"LineString","coordinates":[[-70.670518,-33.452653],[-70.670435,-33.45286]]}},{"type":"Feature","properties":{"OBJECTID":2186,"ESPECIE_PR":"SIN ESPECIE","NOM_CIENT_":"SIN ESPECIE","CALLE":null,"SECTOR":"SUR PONIENTE"},"geometry":{"type":"LineString","coordinates":[[-70.658741,-33.453026],[-70.658801,-33.45316],[-70.658842,-33.453223],[-70.658904,-33.453294],[-70.658996,-33.453347],[-70.65911,-33.453373],[-70.659249,-33.453371],[-70.659329,-33.453343],[-70.659399,-33.453297],[-70.659473,-33.453215],[-70.659507,-33.453124],[-70.659516,-33.453052],[-70.659523,-33.452976],[-70.659612,-33.452957]]}},{"type":"Feature","properties":{"OBJECTID":2208,"ESPECIE_PR":"SIN ESPECIE","NOM_CIENT_":"SIN ESPECIE","CALLE":null,"SECTOR":"SUR PONIENTE"},"geometry":{"type":"LineString","coordinates":[[-70.668184,-33.45286],[-70.668066,-33.453503]]}},{"type":"Feature","properties":{"OBJECTID":2249,"ESPECIE_PR":"SIN ESPECIE","NOM_CIENT_":"SIN ESPECIE","CALLE":null,"SECTOR":"SUR PONIENTE"},"geometry":{"type":"LineString","coordinates":[[-70.659443,-33.453482],[-70.659313,-33.454114]]}},{"type":"Feature","properties":{"OBJECTID":2281,"ESPECIE_PR":"SIN ESPECIE","NOM_CIENT_":"SIN ESPECIE","CALLE":null,"SECTOR":"SUR PONIENTE"},"geometry":{"type":"LineString","coordinates":[[-70.664305,-33.454313],[-70.665035,-33.454362]]}},{"type":"Feature","properties":{"OBJECTID":2304,"ESPECIE_PR":"SIN ESPECIE","NOM_CIENT_":"SIN ESPECIE","CALLE":null,"SECTOR":"SUR PONIENTE"},"geometry":{"type":"LineString","coordinates":[[-70.668548,-33.454414],[-70.669104,-33.454519]]}},{"type":"Feature","properties":{"OBJECTID":2326,"ESPECIE_PR":"SIN ESPECIE","NOM_CIENT_":"SIN ESPECIE","CALLE":null,"SECTOR":"SUR PONIENTE"},"geometry":{"type":"LineString","coordinates":[[-70.668624,-33.453644],[-70.66836,-33.454757]]}},{"type":"Feature","properties":{"OBJECTID":2327,"ESPECIE_PR":"SIN ESPECIE","NOM_CIENT_":"SIN ESPECIE","CALLE":null,"SECTOR":"SUR PONIENTE"},"geometry":{"type":"LineString","coordinates":[[-70.670079,-33.454135],[-70.670078,-33.454747]]}},{"type":"Feature","properties":{"OBJECTID":2335,"ESPECIE_PR":"SIN ESPECIE","NOM_CIENT_":"SIN ESPECIE","CALLE":null,"SECTOR":"SUR PONIENTE"},"geometry":{"type":"LineString","coordinates":[[-70.658572,-33.453623],[-70.658599,-33.453767],[-70.658579,-33.453975],[-70.658532,-33.454147],[-70.658468,-33.454373],[-70.658425,-33.454482],[-70.658373,-33.454618],[-70.658278,-33.454818],[-70.658289,-33.455088]]}},{"type":"Feature","properties":{"OBJECTID":2404,"ESPECIE_PR":"SIN ESPECIE","NOM_CIENT_":"SIN ESPECIE","CALLE":null,"SECTOR":"SUR PONIENTE"},"geometry":{"type":"LineString","coordinates":[[-70.662699,-33.455444],[-70.664181,-33.455622]]}},{"type":"Feature","properties":{"OBJECTID":2414,"ESPECIE_PR":"LIGUSTRO","NOM_CIENT_":"LIGUSTRUM LUCIDUM","CALLE":"SAN VICENTE","SECTOR":"SUR PONIENTE"},"geometry":{"type":"LineString","coordinates":[[-70.677461,-33.454424],[-70.677478,-33.455335],[-70.677481,-33.455488]]}},{"type":"Feature","properties":{"OBJECTID":2522,"ESPECIE_PR":"LIGUSTRO","NOM_CIENT_":"LIGUSTRUM LUCIDUM","CALLE":"SAN VICENTE","SECTOR":"SUR PONIENTE"},"geometry":{"type":"LineString","coordinates":[[-70.677481,-33.455488],[-70.677494,-33.456576]]}},{"type":"Feature","properties":{"OBJECTID":2525,"ESPECIE_PR":"SIN ESPECIE","NOM_CIENT_":"SIN ESPECIE","CALLE":null,"SECTOR":"SUR PONIENTE"},"geometry":{"type":"LineString","coordinates":[[-70.662155,-33.455848],[-70.662011,-33.456786]]}},{"type":"Feature","properties":{"OBJECTID":2565,"ESPECIE_PR":"SIN ESPECIE","NOM_CIENT_":"SIN ESPECIE","CALLE":null,"SECTOR":"SUR PONIENTE"},"geometry":{"type":"LineString","coordinates":[[-70.665431,-33.456483],[-70.665291,-33.457098]]}},{"type":"Feature","properties":{"OBJECTID":2576,"ESPECIE_PR":"SIN ESPECIE","NOM_CIENT_":"SIN ESPECIE","CALLE":null,"SECTOR":"SUR PONIENTE"},"geometry":{"type":"LineString","coordinates":[[-70.66577,-33.456543],[-70.665629,-33.457159]]}},{"type":"Feature","properties":{"OBJECTID":2657,"ESPECIE_PR":"ALMEZ","NOM_CIENT_":"CELTIS AUSTRALIS","CALLE":null,"SECTOR":"SUR PONIENTE"},"geometry":{"type":"LineString","coordinates":[[-70.660424,-33.45667],[-70.660282,-33.456838],[-70.660264,-33.456901],[-70.660257,-33.456974],[-70.660277,-33.457073],[-70.660297,-33.457154],[-70.6603,-33.457334],[-70.660244,-33.458288]]}},{"type":"Feature","properties":{"OBJECTID":2659,"ESPECIE_PR":"ALMEZ","NOM_CIENT_":"CELTIS AUSTRALIS","CALLE":null,"SECTOR":"SUR PONIENTE"},"geometry":{"type":"LineString","coordinates":[[-70.660963,-33.456741],[-70.661038,-33.456855],[-70.660745,-33.456866],[-70.660606,-33.456934],[-70.660533,-33.457012],[-70.660476,-33.45716],[-70.660427,-33.458054],[-70.660447,-33.458249],[-70.660553,-33.458277],[-70.660704,-33.458322]]}},{"type":"Feature","properties":{"OBJECTID":2787,"ESPECIE_PR":"LIGUSTRO","NOM_CIENT_":"LIGUSTRUM LUCIDUM","CALLE":"SAN VICENTE","SECTOR":"SUR PONIENTE"},"geometry":{"type":"LineString","coordinates":[[-70.676884,-33.458565],[-70.676591,-33.459831]]}},{"type":"Feature","properties":{"OBJECTID":2818,"ESPECIE_PR":"SIN ESPECIE","NOM_CIENT_":"SIN ESPECIE","CALLE":null,"SECTOR":"SUR PONIENTE"},"geometry":{"type":"LineString","coordinates":[[-70.657077,-33.460392],[-70.657176,-33.460408],[-70.657298,-33.460395],[-70.657416,-33.460349],[-70.657478,-33.460293],[-70.657536,-33.46022],[-70.657554,-33.460117],[-70.657549,-33.460006],[-70.65754,-33.45951],[-70.65761,-33.45936]]}},{"type":"Feature","properties":{"OBJECTID":2833,"ESPECIE_PR":"SIN ESPECIE","NOM_CIENT_":"SIN ESPECIE","CALLE":null,"SECTOR":"SUR PONIENTE"},"geometry":{"type":"LineString","coordinates":[[-70.657077,-33.460392],[-70.657038,-33.460582]]}},{"type":"Feature","properties":{"OBJECTID":2835,"ESPECIE_PR":"SIN ESPECIE","NOM_CIENT_":"SIN ESPECIE","CALLE":null,"SECTOR":"SUR PONIENTE"},"geometry":{"type":"LineString","coordinates":[[-70.657137,-33.460602],[-70.657381,-33.460603]]}},{"type":"Feature","properties":{"OBJECTID":2858,"ESPECIE_PR":"CRESPON","NOM_CIENT_":"LAGERSTROEMIA INDICA","CALLE":null,"SECTOR":"SUR PONIENTE"},"geometry":{"type":"LineString","coordinates":[[-70.675237,-33.459811],[-70.675027,-33.460689]]}},{"type":"Feature","properties":{"OBJECTID":2868,"ESPECIE_PR":"QUILLAY","NOM_CIENT_":"QUILLAJA SAPONARIA","CALLE":null,"SECTOR":"SUR PONIENTE"},"geometry":{"type":"LineString","coordinates":[[-70.66385,-33.460948],[-70.664991,-33.460986]]}},{"type":"Feature","properties":{"OBJECTID":2879,"ESPECIE_PR":"LIGUSTRO","NOM_CIENT_":"LIGUSTRUM LUCIDUM","CALLE":"SAN VICENTE","SECTOR":"SUR PONIENTE"},"geometry":{"type":"LineString","coordinates":[[-70.676591,-33.459831],[-70.67633,-33.460951]]}},{"type":"Feature","properties":{"OBJECTID":2947,"ESPECIE_PR":"CRESPON","NOM_CIENT_":"LAGERSTROEMIA INDICA","CALLE":null,"SECTOR":"SUR PONIENTE"},"geometry":{"type":"LineString","coordinates":[[-70.675027,-33.460689],[-70.67476,-33.461802]]}},{"type":"Feature","properties":{"OBJECTID":2975,"ESPECIE_PR":"LIGUSTRO","NOM_CIENT_":"LIGUSTRUM LUCIDUM","CALLE":"SAN VICENTE","SECTOR":"SUR PONIENTE"},"geometry":{"type":"LineString","coordinates":[[-70.67633,-33.460951],[-70.676099,-33.462036]]}},{"type":"Feature","properties":{"OBJECTID":2979,"ESPECIE_PR":"QUILLAY","NOM_CIENT_":"QUILLAJA SAPONARIA","CALLE":null,"SECTOR":"SUR PONIENTE"},"geometry":{"type":"LineString","coordinates":[[-70.66381,-33.462265],[-70.664972,-33.462267]]}},{"type":"Feature","properties":{"OBJECTID":3007,"ESPECIE_PR":"SIN ESPECIE","NOM_CIENT_":"SIN ESPECIE","CALLE":null,"SECTOR":"SUR PONIENTE"},"geometry":{"type":"LineString","coordinates":[[-70.675296,-33.462231],[-70.676028,-33.46237]]}},{"type":"Feature","properties":{"OBJECTID":3012,"ESPECIE_PR":"SIN ESPECIE","NOM_CIENT_":"SIN ESPECIE","CALLE":null,"SECTOR":"SUR PONIENTE"},"geometry":{"type":"LineString","coordinates":[[-70.674006,-33.462305],[-70.674508,-33.462403]]}},{"type":"Feature","properties":{"OBJECTID":3019,"ESPECIE_PR":"SIN ESPECIE","NOM_CIENT_":"SIN ESPECIE","CALLE":null,"SECTOR":"SUR PONIENTE"},"geometry":{"type":"LineString","coordinates":[[-70.676028,-33.46237],[-70.676381,-33.462431]]}},{"type":"Feature","properties":{"OBJECTID":3024,"ESPECIE_PR":"QUILLAY","NOM_CIENT_":"QUILLAJA SAPONARIA","CALLE":"FRAY LUIS DE LA PENA","SECTOR":"SUR PONIENTE"},"geometry":{"type":"LineString","coordinates":[[-70.67165,-33.462368],[-70.672649,-33.462544]]}},{"type":"Feature","properties":{"OBJECTID":3026,"ESPECIE_PR":"SIN ESPECIE","NOM_CIENT_":"SIN ESPECIE","CALLE":null,"SECTOR":"SUR PONIENTE"},"geometry":{"type":"LineString","coordinates":[[-70.676381,-33.462431],[-70.676657,-33.462492]]}},{"type":"Feature","properties":{"OBJECTID":3035,"ESPECIE_PR":"QUILLAY","NOM_CIENT_":"QUILLAJA SAPONARIA","CALLE":null,"SECTOR":"SUR PONIENTE"},"geometry":{"type":"LineString","coordinates":[[-70.672649,-33.462544],[-70.673268,-33.462661]]}},{"type":"Feature","properties":{"OBJECTID":3037,"ESPECIE_PR":"SIN ESPECIE","NOM_CIENT_":"SIN ESPECIE","CALLE":null,"SECTOR":"SUR PONIENTE"},"geometry":{"type":"LineString","coordinates":[[-70.676028,-33.46237],[-70.67597,-33.462626]]}},{"type":"Feature","properties":{"OBJECTID":3045,"ESPECIE_PR":"SIN ESPECIE","NOM_CIENT_":"SIN ESPECIE","CALLE":null,"SECTOR":"SUR PONIENTE"},"geometry":{"type":"LineString","coordinates":[[-70.67597,-33.462626],[-70.676298,-33.462682]]}},{"type":"Feature","properties":{"OBJECTID":3046,"ESPECIE_PR":"SIN ESPECIE","NOM_CIENT_":"SIN ESPECIE","CALLE":null,"SECTOR":"SUR PONIENTE"},"geometry":{"type":"LineString","coordinates":[[-70.676381,-33.462431],[-70.676298,-33.462682]]}},{"type":"Feature","properties":{"OBJECTID":3051,"ESPECIE_PR":"QUILLAY","NOM_CIENT_":"QUILLAJA SAPONARIA","CALLE":null,"SECTOR":"SUR PONIENTE"},"geometry":{"type":"LineString","coordinates":[[-70.673268,-33.462661],[-70.673887,-33.462767]]}},{"type":"Feature","properties":{"OBJECTID":3057,"ESPECIE_PR":"SIN ESPECIE","NOM_CIENT_":"SIN ESPECIE","CALLE":null,"SECTOR":"SUR PONIENTE"},"geometry":{"type":"LineString","coordinates":[[-70.675197,-33.462659],[-70.67596,-33.46282]]}},{"type":"Feature","properties":{"OBJECTID":3058,"ESPECIE_PR":"SIN ESPECIE","NOM_CIENT_":"SIN ESPECIE","CALLE":null,"SECTOR":"SUR PONIENTE"},"geometry":{"type":"LineString","coordinates":[[-70.67597,-33.462626],[-70.67594,-33.462786],[-70.67596,-33.46282]]}},{"type":"Feature","properties":{"OBJECTID":3069,"ESPECIE_PR":"SIN ESPECIE","NOM_CIENT_":"SIN ESPECIE","CALLE":null,"SECTOR":"SUR PONIENTE"},"geometry":{"type":"LineString","coordinates":[[-70.6761,-33.462661],[-70.676027,-33.462946]]}},{"type":"Feature","properties":{"OBJECTID":3070,"ESPECIE_PR":"QUILLAY","NOM_CIENT_":"QUILLAJA SAPONARIA","CALLE":null,"SECTOR":"SUR PONIENTE"},"geometry":{"type":"LineString","coordinates":[[-70.673887,-33.462767],[-70.675126,-33.463005]]}},{"type":"Feature","properties":{"OBJECTID":3083,"ESPECIE_PR":"QUILLAY","NOM_CIENT_":"QUILLAJA SAPONARIA","CALLE":null,"SECTOR":"SUR PONIENTE"},"geometry":{"type":"LineString","coordinates":[[-70.675126,-33.463005],[-70.675864,-33.463132]]}},{"type":"Feature","properties":{"OBJECTID":3084,"ESPECIE_PR":"SIN ESPECIE","NOM_CIENT_":"SIN ESPECIE","CALLE":null,"SECTOR":"SUR PONIENTE"},"geometry":{"type":"LineString","coordinates":[[-70.67596,-33.46282],[-70.675864,-33.463132]]}},{"type":"Feature","properties":{"OBJECTID":3092,"ESPECIE_PR":"QUILLAY","NOM_CIENT_":"QUILLAJA SAPONARIA","CALLE":null,"SECTOR":"SUR PONIENTE"},"geometry":{"type":"LineString","coordinates":[[-70.675864,-33.463132],[-70.67634,-33.46323]]}},{"type":"Feature","properties":{"OBJECTID":3104,"ESPECIE_PR":"QUILLAY","NOM_CIENT_":"QUILLAJA SAPONARIA","CALLE":null,"SECTOR":"SUR PONIENTE"},"geometry":{"type":"LineString","coordinates":[[-70.663747,-33.463489],[-70.664956,-33.463507]]}},{"type":"Feature","properties":{"OBJECTID":3110,"ESPECIE_PR":"QUILLAY","NOM_CIENT_":"QUILLAJA SAPONARIA","CALLE":null,"SECTOR":"SUR PONIENTE"},"geometry":{"type":"LineString","coordinates":[[-70.67634,-33.46323],[-70.676416,-33.463243],[-70.677074,-33.463309],[-70.677741,-33.463366],[-70.678045,-33.463383],[-70.67873,-33.463385]]}},{"type":"Feature","properties":{"OBJECTID":3133,"ESPECIE_PR":"LIGUSTRO","NOM_CIENT_":"LIGUSTRUM LUCIDUM","CALLE":"SAN VICENTE","SECTOR":"SUR PONIENTE"},"geometry":{"type":"LineString","coordinates":[[-70.67634,-33.46323],[-70.676227,-33.46377]]}},{"type":"Feature","properties":{"OBJECTID":3142,"ESPECIE_PR":"SIN ESPECIE","NOM_CIENT_":"SIN ESPECIE","CALLE":null,"SECTOR":"SUR PONIENTE"},"geometry":{"type":"LineString","coordinates":[[-70.676227,-33.46377],[-70.676928,-33.463891]]}},{"type":"Feature","properties":{"OBJECTID":3162,"ESPECIE_PR":"LIGUSTRO","NOM_CIENT_":"LIGUSTRUM LUCIDUM","CALLE":"SAN VICENTE","SECTOR":"SUR PONIENTE"},"geometry":{"type":"LineString","coordinates":[[-70.676227,-33.46377],[-70.676106,-33.464329]]}},{"type":"Feature","properties":{"OBJECTID":3166,"ESPECIE_PR":"SIN ESPECIE","NOM_CIENT_":"SIN ESPECIE","CALLE":null,"SECTOR":"SUR PONIENTE"},"geometry":{"type":"LineString","coordinates":[[-70.673212,-33.464411],[-70.673405,-33.464438]]}},{"type":"Feature","properties":{"OBJECTID":3168,"ESPECIE_PR":"SIN ESPECIE","NOM_CIENT_":"SIN ESPECIE","CALLE":null,"SECTOR":"SUR PONIENTE"},"geometry":{"type":"LineString","coordinates":[[-70.673538,-33.464236],[-70.674776,-33.464471]]}},{"type":"Feature","properties":{"OBJECTID":3194,"ESPECIE_PR":"SIN ESPECIE","NOM_CIENT_":"SIN ESPECIE","CALLE":null,"SECTOR":"SUR PONIENTE"},"geometry":{"type":"LineString","coordinates":[[-70.67253,-33.464327],[-70.672425,-33.464796]]}},{"type":"Feature","properties":{"OBJECTID":3197,"ESPECIE_PR":"SIN ESPECIE","NOM_CIENT_":"SIN ESPECIE","CALLE":null,"SECTOR":"SUR PONIENTE"},"geometry":{"type":"LineString","coordinates":[[-70.67346,-33.464575],[-70.674708,-33.464802]]}},{"type":"Feature","properties":{"OBJECTID":3200,"ESPECIE_PR":"SIN ESPECIE","NOM_CIENT_":"SIN ESPECIE","CALLE":null,"SECTOR":"SUR PONIENTE"},"geometry":{"type":"LineString","coordinates":[[-70.672737,-33.464418],[-70.672641,-33.464836]]}},{"type":"Feature","properties":{"OBJECTID":3202,"ESPECIE_PR":"SIN ESPECIE","NOM_CIENT_":"SIN ESPECIE","CALLE":null,"SECTOR":"SUR PONIENTE"},"geometry":{"type":"LineString","coordinates":[[-70.672962,-33.464477],[-70.672863,-33.464876]]}},{"type":"Feature","properties":{"OBJECTID":3209,"ESPECIE_PR":"SIN ESPECIE","NOM_CIENT_":"SIN ESPECIE","CALLE":null,"SECTOR":"SUR PONIENTE"},"geometry":{"type":"LineString","coordinates":[[-70.673212,-33.464411],[-70.673084,-33.464914]]}},{"type":"Feature","properties":{"OBJECTID":3210,"ESPECIE_PR":"LIGUSTRO","NOM_CIENT_":"LIGUSTRUM LUCIDUM","CALLE":"SAN VICENTE","SECTOR":"SUR PONIENTE"},"geometry":{"type":"LineString","coordinates":[[-70.676106,-33.464329],[-70.675984,-33.464887]]}},{"type":"Feature","properties":{"OBJECTID":3223,"ESPECIE_PR":"CRESPON","NOM_CIENT_":"LAGERSTROEMIA INDICA","CALLE":null,"SECTOR":"SUR PONIENTE"},"geometry":{"type":"LineString","coordinates":[[-70.675984,-33.464887],[-70.676938,-33.465065]]}},{"type":"Feature","properties":{"OBJECTID":3224,"ESPECIE_PR":"CRESPON","NOM_CIENT_":"LAGERSTROEMIA INDICA","CALLE":null,"SECTOR":"SUR PONIENTE"},"geometry":{"type":"LineString","coordinates":[[-70.676938,-33.465065],[-70.678863,-33.46493]]}},{"type":"Feature","properties":{"OBJECTID":3233,"ESPECIE_PR":"SIN ESPECIE","NOM_CIENT_":"SIN ESPECIE","CALLE":null,"SECTOR":"SUR PONIENTE"},"geometry":{"type":"LineString","coordinates":[[-70.672042,-33.465158],[-70.672484,-33.46524]]}},{"type":"Feature","properties":{"OBJECTID":3238,"ESPECIE_PR":"SIN ESPECIE","NOM_CIENT_":"SIN ESPECIE","CALLE":null,"SECTOR":"SUR PONIENTE"},"geometry":{"type":"LineString","coordinates":[[-70.672484,-33.46524],[-70.673279,-33.46538]]}},{"type":"Feature","properties":{"OBJECTID":3248,"ESPECIE_PR":"LIGUSTRO","NOM_CIENT_":"LIGUSTRUM LUCIDUM","CALLE":"SAN VICENTE","SECTOR":"SUR PONIENTE"},"geometry":{"type":"LineString","coordinates":[[-70.675984,-33.464887],[-70.675842,-33.465423]]}},{"type":"Feature","properties":{"OBJECTID":3251,"ESPECIE_PR":"SIN ESPECIE","NOM_CIENT_":"SIN ESPECIE","CALLE":null,"SECTOR":"SUR PONIENTE"},"geometry":{"type":"LineString","coordinates":[[-70.672484,-33.46524],[-70.672418,-33.46554]]}},{"type":"Feature","properties":{"OBJECTID":3263,"ESPECIE_PR":"SIN ESPECIE","NOM_CIENT_":"SIN ESPECIE","CALLE":null,"SECTOR":"SUR PONIENTE"},"geometry":{"type":"LineString","coordinates":[[-70.672602,-33.465709],[-70.673172,-33.465813]]}},{"type":"Feature","properties":{"OBJECTID":3270,"ESPECIE_PR":"SIN ESPECIE","NOM_CIENT_":"SIN ESPECIE","CALLE":null,"SECTOR":"SUR PONIENTE"},"geometry":{"type":"LineString","coordinates":[[-70.676518,-33.465541],[-70.676423,-33.465919]]}},{"type":"Feature","properties":{"OBJECTID":3271,"ESPECIE_PR":"SIN ESPECIE","NOM_CIENT_":"SIN ESPECIE","CALLE":null,"SECTOR":"SUR PONIENTE"},"geometry":{"type":"LineString","coordinates":[[-70.664385,-33.466084],[-70.664108,-33.466082]]}},{"type":"Feature","properties":{"OBJECTID":3272,"ESPECIE_PR":"SIN ESPECIE","NOM_CIENT_":"SIN ESPECIE","CALLE":null,"SECTOR":"SUR PONIENTE"},"geometry":{"type":"LineString","coordinates":[[-70.664395,-33.46593],[-70.664385,-33.466084]]}},{"type":"Feature","properties":{"OBJECTID":3273,"ESPECIE_PR":"SIN ESPECIE","NOM_CIENT_":"SIN ESPECIE","CALLE":null,"SECTOR":"SUR PONIENTE"},"geometry":{"type":"LineString","coordinates":[[-70.676781,-33.465595],[-70.676691,-33.465924]]}},{"type":"Feature","properties":{"OBJECTID":3287,"ESPECIE_PR":"SIN ESPECIE","NOM_CIENT_":"SIN ESPECIE","CALLE":null,"SECTOR":"SUR PONIENTE"},"geometry":{"type":"LineString","coordinates":[[-70.676327,-33.466102],[-70.676637,-33.466124]]}},{"type":"Feature","properties":{"OBJECTID":3288,"ESPECIE_PR":"SIN ESPECIE","NOM_CIENT_":"SIN ESPECIE","CALLE":null,"SECTOR":"SUR PONIENTE"},"geometry":{"type":"LineString","coordinates":[[-70.676657,-33.465961],[-70.676637,-33.466124]]}},{"type":"Feature","properties":{"OBJECTID":3295,"ESPECIE_PR":"SIN ESPECIE","NOM_CIENT_":"SIN ESPECIE","CALLE":null,"SECTOR":"SUR PONIENTE"},"geometry":{"type":"LineString","coordinates":[[-70.656659,-33.466417],[-70.656812,-33.466441]]}},{"type":"Feature","properties":{"OBJECTID":3306,"ESPECIE_PR":"SIN ESPECIE","NOM_CIENT_":"SIN ESPECIE","CALLE":null,"SECTOR":"SUR PONIENTE"},"geometry":{"type":"LineString","coordinates":[[-70.664385,-33.466084],[-70.664379,-33.466158],[-70.664324,-33.466177],[-70.664314,-33.466439]]}},{"type":"Feature","properties":{"OBJECTID":3317,"ESPECIE_PR":"SIN ESPECIE","NOM_CIENT_":"SIN ESPECIE","CALLE":null,"SECTOR":"SUR PONIENTE"},"geometry":{"type":"LineString","coordinates":[[-70.671674,-33.466289],[-70.671697,-33.466307],[-70.671723,-33.466334],[-70.671735,-33.466352],[-70.671744,-33.466388],[-70.671719,-33.466432]]}},{"type":"Feature","properties":{"OBJECTID":3327,"ESPECIE_PR":"QUILLAY","NOM_CIENT_":"QUILLAJA SAPONARIA","CALLE":null,"SECTOR":"SUR PONIENTE"},"geometry":{"type":"LineString","coordinates":[[-70.671674,-33.466289],[-70.671628,-33.466311],[-70.671609,-33.46633],[-70.6716,-33.466348],[-70.671577,-33.466392],[-70.671563,-33.466424],[-70.671564,-33.466456],[-70.671569,-33.466484],[-70.671603,-33.4665],[-70.671719,-33.466432]]}},{"type":"Feature","properties":{"OBJECTID":3328,"ESPECIE_PR":"SIN ESPECIE","NOM_CIENT_":"SIN ESPECIE","CALLE":null,"SECTOR":"SUR PONIENTE"},"geometry":{"type":"LineString","coordinates":[[-70.6762,-33.465581],[-70.676006,-33.466446]]}},{"type":"Feature","properties":{"OBJECTID":3336,"ESPECIE_PR":"LIGUSTRO","NOM_CIENT_":"LIGUSTRUM LUCIDUM","CALLE":null,"SECTOR":"SUR PONIENTE"},"geometry":{"type":"LineString","coordinates":[[-70.675842,-33.465423],[-70.675608,-33.466453],[-70.675612,-33.466534]]}},{"type":"Feature","properties":{"OBJECTID":3338,"ESPECIE_PR":"SIN ESPECIE","NOM_CIENT_":"SIN ESPECIE","CALLE":null,"SECTOR":"SUR PONIENTE"},"geometry":{"type":"LineString","coordinates":[[-70.676249,-33.465492],[-70.676006,-33.466544]]}},{"type":"Feature","properties":{"OBJECTID":3342,"ESPECIE_PR":"SIN ESPECIE","NOM_CIENT_":"SIN ESPECIE","CALLE":null,"SECTOR":"SUR PONIENTE"},"geometry":{"type":"LineString","coordinates":[[-70.676637,-33.466124],[-70.676618,-33.466565]]}},{"type":"Feature","properties":{"OBJECTID":3349,"ESPECIE_PR":"SIN ESPECIE","NOM_CIENT_":"SIN ESPECIE","CALLE":null,"SECTOR":"SUR PONIENTE"},"geometry":{"type":"LineString","coordinates":[[-70.673522,-33.46666],[-70.674322,-33.466664]]}},{"type":"Feature","properties":{"OBJECTID":3369,"ESPECIE_PR":"SIN ESPECIE","NOM_CIENT_":"SIN ESPECIE","CALLE":null,"SECTOR":"SUR PONIENTE"},"geometry":{"type":"LineString","coordinates":[[-70.673516,-33.466875],[-70.674313,-33.466882]]}},{"type":"Feature","properties":{"OBJECTID":3399,"ESPECIE_PR":"LIGUSTRO","NOM_CIENT_":"LIGUSTRUM LUCIDUM","CALLE":"SAN VICENTE","SECTOR":"SUR PONIENTE"},"geometry":{"type":"LineString","coordinates":[[-70.675612,-33.466534],[-70.675595,-33.467183]]}},{"type":"Feature","properties":{"OBJECTID":3430,"ESPECIE_PR":"SIN ESPECIE","NOM_CIENT_":"SIN ESPECIE","CALLE":null,"SECTOR":"SUR PONIENTE"},"geometry":{"type":"LineString","coordinates":[[-70.673463,-33.467754],[-70.673851,-33.467761]]}},{"type":"Feature","properties":{"OBJECTID":3431,"ESPECIE_PR":"SIN ESPECIE","NOM_CIENT_":"SIN ESPECIE","CALLE":null,"SECTOR":"SUR PONIENTE"},"geometry":{"type":"LineString","coordinates":[[-70.67384,-33.467162],[-70.673851,-33.467761]]}},{"type":"Feature","properties":{"OBJECTID":3440,"ESPECIE_PR":"TARA","NOM_CIENT_":"CAESALPINIA SPINOSA","CALLE":null,"SECTOR":"SUR PONIENTE"},"geometry":{"type":"LineString","coordinates":[[-70.67169,-33.467903],[-70.673016,-33.4679]]}},{"type":"Feature","properties":{"OBJECTID":3461,"ESPECIE_PR":"SIN ESPECIE","NOM_CIENT_":"SIN ESPECIE","CALLE":null,"SECTOR":"SUR PONIENTE"},"geometry":{"type":"LineString","coordinates":[[-70.670022,-33.468115],[-70.670293,-33.468319]]}},{"type":"Feature","properties":{"OBJECTID":3465,"ESPECIE_PR":"SIN ESPECIE","NOM_CIENT_":"SIN ESPECIE","CALLE":null,"SECTOR":"SUR PONIENTE"},"geometry":{"type":"LineString","coordinates":[[-70.670701,-33.467645],[-70.670682,-33.468274],[-70.670719,-33.468315]]}},{"type":"Feature","properties":{"OBJECTID":3467,"ESPECIE_PR":"PEUMO","NOM_CIENT_":"CRYPTOCARYA ALBA","CALLE":null,"SECTOR":"SUR PONIENTE"},"geometry":{"type":"LineString","coordinates":[[-70.67091,-33.467375],[-70.670902,-33.468314]]}},{"type":"Feature","properties":{"OBJECTID":3483,"ESPECIE_PR":"SIN ESPECIE","NOM_CIENT_":"SIN ESPECIE","CALLE":null,"SECTOR":"SUR PONIENTE"},"geometry":{"type":"LineString","coordinates":[[-70.673851,-33.467761],[-70.673829,-33.468343]]}},{"type":"Feature","properties":{"OBJECTID":3489,"ESPECIE_PR":"ALMEZ","NOM_CIENT_":"CELTIS AUSTRALIS","CALLE":"LOS CANELOS","SECTOR":"SUR PONIENTE"},"geometry":{"type":"LineString","coordinates":[[-70.674963,-33.467175],[-70.674928,-33.468356]]}},{"type":"Feature","properties":{"OBJECTID":3495,"ESPECIE_PR":"LIGUSTRO","NOM_CIENT_":"LIGUSTRUM LUCIDUM","CALLE":"SAN VICENTE","SECTOR":"SUR PONIENTE"},"geometry":{"type":"LineString","coordinates":[[-70.675595,-33.467183],[-70.67558,-33.468365]]}},{"type":"Feature","properties":{"OBJECTID":3543,"ESPECIE_PR":"SIN ESPECIE","NOM_CIENT_":"SIN ESPECIE","CALLE":null,"SECTOR":"SUR PONIENTE"},"geometry":{"type":"LineString","coordinates":[[-70.663492,-33.469249],[-70.66491,-33.469284]]}},{"type":"Feature","properties":{"OBJECTID":3569,"ESPECIE_PR":"PELU","NOM_CIENT_":"SOPHORA CASSIOIDES","CALLE":null,"SECTOR":"SUR PONIENTE"},"geometry":{"type":"LineString","coordinates":[[-70.672148,-33.468335],[-70.672132,-33.469412]]}},{"type":"Feature","properties":{"OBJECTID":3586,"ESPECIE_PR":"LIGUSTRO","NOM_CIENT_":"LIGUSTRUM LUCIDUM","CALLE":"SAN VICENTE","SECTOR":"SUR PONIENTE"},"geometry":{"type":"LineString","coordinates":[[-70.67558,-33.468365],[-70.675567,-33.469447]]}},{"type":"Feature","properties":{"OBJECTID":3595,"ESPECIE_PR":"SIN ESPECIE","NOM_CIENT_":"SIN ESPECIE","CALLE":null,"SECTOR":"SUR PONIENTE"},"geometry":{"type":"LineString","coordinates":[[-70.663473,-33.469619],[-70.664909,-33.469663]]}},{"type":"Feature","properties":{"OBJECTID":3645,"ESPECIE_PR":"SIN ESPECIE","NOM_CIENT_":"SIN ESPECIE","CALLE":null,"SECTOR":"SUR PONIENTE"},"geometry":{"type":"LineString","coordinates":[[-70.66346,-33.470007],[-70.664899,-33.470042]]}},{"type":"Feature","properties":{"OBJECTID":3663,"ESPECIE_PR":"SIN ESPECIE","NOM_CIENT_":"SIN ESPECIE","CALLE":null,"SECTOR":"SUR PONIENTE"},"geometry":{"type":"LineString","coordinates":[[-70.676271,-33.469453],[-70.676269,-33.470049]]}},{"type":"Feature","properties":{"OBJECTID":3677,"ESPECIE_PR":"ALMEZ","NOM_CIENT_":"CELTIS AUSTRALIS","CALLE":null,"SECTOR":"SUR PONIENTE"},"geometry":{"type":"LineString","coordinates":[[-70.66346,-33.470007],[-70.663408,-33.470161],[-70.663382,-33.470243],[-70.663364,-33.47027],[-70.663351,-33.470279],[-70.663334,-33.470288],[-70.663315,-33.470298],[-70.66329,-33.470316],[-70.663257,-33.470335],[-70.663224,-33.470344],[-70.663166,-33.47035]]}},{"type":"Feature","properties":{"OBJECTID":3683,"ESPECIE_PR":"SIN ESPECIE","NOM_CIENT_":"SIN ESPECIE","CALLE":null,"SECTOR":"SUR PONIENTE"},"geometry":{"type":"LineString","coordinates":[[-70.663166,-33.47035],[-70.663358,-33.470391],[-70.663456,-33.470431]]}},{"type":"Feature","properties":{"OBJECTID":3697,"ESPECIE_PR":"PELU","NOM_CIENT_":"SOPHORA CASSIOIDES","CALLE":null,"SECTOR":"SUR PONIENTE"},"geometry":{"type":"LineString","coordinates":[[-70.668235,-33.470237],[-70.66822,-33.470561]]}},{"type":"Feature","properties":{"OBJECTID":3701,"ESPECIE_PR":"PELU","NOM_CIENT_":"SOPHORA CASSIOIDES","CALLE":null,"SECTOR":"SUR PONIENTE"},"geometry":{"type":"LineString","coordinates":[[-70.668464,-33.470018],[-70.668444,-33.470563]]}},{"type":"Feature","properties":{"OBJECTID":3703,"ESPECIE_PR":"PELU","NOM_CIENT_":"SOPHORA CASSIOIDES","CALLE":null,"SECTOR":"SUR PONIENTE"},"geometry":{"type":"LineString","coordinates":[[-70.668725,-33.469765],[-70.668704,-33.470568]]}},{"type":"Feature","properties":{"OBJECTID":3708,"ESPECIE_PR":"PELU","NOM_CIENT_":"SOPHORA CASSIOIDES","CALLE":null,"SECTOR":"SUR PONIENTE"},"geometry":{"type":"LineString","coordinates":[[-70.668922,-33.46976],[-70.66892,-33.470567]]}},{"type":"Feature","properties":{"OBJECTID":3713,"ESPECIE_PR":"CRESPON","NOM_CIENT_":"LAGERSTROEMIA INDICA","CALLE":null,"SECTOR":"SUR PONIENTE"},"geometry":{"type":"LineString","coordinates":[[-70.669417,-33.469373],[-70.669385,-33.470581]]}},{"type":"Feature","properties":{"OBJECTID":3715,"ESPECIE_PR":"PELU","NOM_CIENT_":"SOPHORA CASSIOIDES","CALLE":null,"SECTOR":"SUR PONIENTE"},"geometry":{"type":"LineString","coordinates":[[-70.669165,-33.469782],[-70.669152,-33.470546],[-70.669114,-33.470592]]}},{"type":"Feature","properties":{"OBJECTID":3718,"ESPECIE_PR":"PELU","NOM_CIENT_":"SOPHORA CASSIOIDES","CALLE":null,"SECTOR":"SUR PONIENTE"},"geometry":{"type":"LineString","coordinates":[[-70.669833,-33.469398],[-70.669801,-33.47059]]}},{"type":"Feature","properties":{"OBJECTID":3729,"ESPECIE_PR":"PELU","NOM_CIENT_":"SOPHORA CASSIOIDES","CALLE":null,"SECTOR":"SUR PONIENTE"},"geometry":{"type":"LineString","coordinates":[[-70.672132,-33.469412],[-70.672116,-33.470608]]}},{"type":"Feature","properties":{"OBJECTID":3737,"ESPECIE_PR":"LIGUSTRO","NOM_CIENT_":"LIGUSTRUM LUCIDUM","CALLE":"SAN VICENTE","SECTOR":"SUR PONIENTE"},"geometry":{"type":"LineString","coordinates":[[-70.675567,-33.469447],[-70.675563,-33.470629]]}},{"type":"Feature","properties":{"OBJECTID":3767,"ESPECIE_PR":"SIN ESPECIE","NOM_CIENT_":"SIN ESPECIE","CALLE":null,"SECTOR":"SUR PONIENTE"},"geometry":{"type":"LineString","coordinates":[[-70.656511,-33.470105],[-70.656486,-33.471056],[-70.656475,-33.471126]]}},{"type":"Feature","properties":{"OBJECTID":3771,"ESPECIE_PR":"SIN ESPECIE","NOM_CIENT_":"SIN ESPECIE","CALLE":null,"SECTOR":"SUR PONIENTE"},"geometry":{"type":"LineString","coordinates":[[-70.656475,-33.471126],[-70.657131,-33.471164]]}},{"type":"Feature","properties":{"OBJECTID":3788,"ESPECIE_PR":"PELU","NOM_CIENT_":"SOPHORA CASSIOIDES","CALLE":null,"SECTOR":"SUR PONIENTE"},"geometry":{"type":"LineString","coordinates":[[-70.664875,-33.47117],[-70.667132,-33.471211]]}},{"type":"Feature","properties":{"OBJECTID":3825,"ESPECIE_PR":"QUILLAY","NOM_CIENT_":"QUILLAJA SAPONARIA","CALLE":null,"SECTOR":"SUR PONIENTE"},"geometry":{"type":"LineString","coordinates":[[-70.658389,-33.470166],[-70.658259,-33.471638]]}},{"type":"Feature","properties":{"OBJECTID":3865,"ESPECIE_PR":"PELU","NOM_CIENT_":"SOPHORA CASSIOIDES","CALLE":null,"SECTOR":"SUR PONIENTE"},"geometry":{"type":"LineString","coordinates":[[-70.669114,-33.470592],[-70.669083,-33.471893]]}},{"type":"Feature","properties":{"OBJECTID":3876,"ESPECIE_PR":"PELU","NOM_CIENT_":"SOPHORA CASSIOIDES","CALLE":null,"SECTOR":"SUR PONIENTE"},"geometry":{"type":"LineString","coordinates":[[-70.672116,-33.470608],[-70.672094,-33.470698],[-70.672069,-33.471911]]}},{"type":"Feature","properties":{"OBJECTID":3908,"ESPECIE_PR":"MAITEN","NOM_CIENT_":"MAYTENUS BOARIA","CALLE":null,"SECTOR":"SUR PONIENTE"},"geometry":{"type":"LineString","coordinates":[[-70.667856,-33.471887],[-70.667849,-33.47248]]}},{"type":"Feature","properties":{"OBJECTID":3912,"ESPECIE_PR":"PEUMO","NOM_CIENT_":"CRYPTOCARYA ALBA","CALLE":null,"SECTOR":"SUR PONIENTE"},"geometry":{"type":"LineString","coordinates":[[-70.667849,-33.47248],[-70.668341,-33.472495]]}},{"type":"Feature","properties":{"OBJECTID":3913,"ESPECIE_PR":"MAITEN","NOM_CIENT_":"MAYTENUS BOARIA","CALLE":null,"SECTOR":"SUR PONIENTE"},"geometry":{"type":"LineString","coordinates":[[-70.668341,-33.471895],[-70.668341,-33.472495]]}},{"type":"Feature","properties":{"OBJECTID":3915,"ESPECIE_PR":"PEUMO","NOM_CIENT_":"CRYPTOCARYA ALBA","CALLE":null,"SECTOR":"SUR PONIENTE"},"geometry":{"type":"LineString","coordinates":[[-70.668341,-33.472495],[-70.668839,-33.472504]]}},{"type":"Feature","properties":{"OBJECTID":3917,"ESPECIE_PR":"PEUMO","NOM_CIENT_":"CRYPTOCARYA ALBA","CALLE":null,"SECTOR":"SUR PONIENTE"},"geometry":{"type":"LineString","coordinates":[[-70.668839,-33.472504],[-70.669335,-33.472507]]}},{"type":"Feature","properties":{"OBJECTID":3932,"ESPECIE_PR":"QUILLAY","NOM_CIENT_":"QUILLAJA SAPONARIA","CALLE":null,"SECTOR":"SUR PONIENTE"},"geometry":{"type":"LineString","coordinates":[[-70.666577,-33.471868],[-70.666767,-33.472008],[-70.667029,-33.472291],[-70.667155,-33.472432],[-70.667235,-33.47257],[-70.667271,-33.472688]]}},{"type":"Feature","properties":{"OBJECTID":3936,"ESPECIE_PR":"PEUMO","NOM_CIENT_":"CRYPTOCARYA ALBA","CALLE":null,"SECTOR":"SUR PONIENTE"},"geometry":{"type":"LineString","coordinates":[[-70.667847,-33.472701],[-70.667271,-33.472688]]}},{"type":"Feature","properties":{"OBJECTID":3937,"ESPECIE_PR":"MAITEN","NOM_CIENT_":"MAYTENUS BOARIA","CALLE":null,"SECTOR":"SUR PONIENTE"},"geometry":{"type":"LineString","coordinates":[[-70.667849,-33.47248],[-70.667847,-33.472701]]}},{"type":"Feature","properties":{"OBJECTID":3938,"ESPECIE_PR":"PEUMO","NOM_CIENT_":"CRYPTOCARYA ALBA","CALLE":null,"SECTOR":"SUR PONIENTE"},"geometry":{"type":"LineString","coordinates":[[-70.668329,-33.472716],[-70.667847,-33.472701]]}},{"type":"Feature","properties":{"OBJECTID":3939,"ESPECIE_PR":"MAITEN","NOM_CIENT_":"MAYTENUS BOARIA","CALLE":null,"SECTOR":"SUR PONIENTE"},"geometry":{"type":"LineString","coordinates":[[-70.668341,-33.472495],[-70.668329,-33.472716]]}},{"type":"Feature","properties":{"OBJECTID":3945,"ESPECIE_PR":"PEUMO","NOM_CIENT_":"CRYPTOCARYA ALBA","CALLE":null,"SECTOR":"SUR PONIENTE"},"geometry":{"type":"LineString","coordinates":[[-70.668837,-33.472733],[-70.668329,-33.472716]]}},{"type":"Feature","properties":{"OBJECTID":3947,"ESPECIE_PR":"QUILLAY","NOM_CIENT_":"QUILLAJA SAPONARIA","CALLE":null,"SECTOR":"SUR PONIENTE"},"geometry":{"type":"LineString","coordinates":[[-70.671621,-33.472693],[-70.672273,-33.472703]]}},{"type":"Feature","properties":{"OBJECTID":3948,"ESPECIE_PR":"QUILLAY","NOM_CIENT_":"QUILLAJA SAPONARIA","CALLE":null,"SECTOR":"SUR PONIENTE"},"geometry":{"type":"LineString","coordinates":[[-70.672273,-33.472703],[-70.672914,-33.472702]]}},{"type":"Feature","properties":{"OBJECTID":3971,"ESPECIE_PR":"QUILLAY","NOM_CIENT_":"QUILLAJA SAPONARIA","CALLE":null,"SECTOR":"SUR PONIENTE"},"geometry":{"type":"LineString","coordinates":[[-70.658259,-33.471638],[-70.658143,-33.473122]]}},{"type":"Feature","properties":{"OBJECTID":3998,"ESPECIE_PR":"ALMEZ","NOM_CIENT_":"CELTIS AUSTRALIS","CALLE":null,"SECTOR":"SUR PONIENTE"},"geometry":{"type":"LineString","coordinates":[[-70.658143,-33.473122],[-70.658114,-33.473337]]}},{"type":"Feature","properties":{"OBJECTID":4020,"ESPECIE_PR":"CRESPON","NOM_CIENT_":"LAGERSTROEMIA INDICA","CALLE":null,"SECTOR":"SUR PONIENTE"},"geometry":{"type":"LineString","coordinates":[[-70.664038,-33.472074],[-70.663992,-33.473461]]}},{"type":"Feature","properties":{"OBJECTID":4024,"ESPECIE_PR":"MAITEN","NOM_CIENT_":"MAYTENUS BOARIA","CALLE":null,"SECTOR":"SUR PONIENTE"},"geometry":{"type":"LineString","coordinates":[[-70.667847,-33.472701],[-70.667834,-33.473433]]}},{"type":"Feature","properties":{"OBJECTID":4026,"ESPECIE_PR":"ALMEZ","NOM_CIENT_":"CELTIS AUSTRALIS","CALLE":null,"SECTOR":"SUR PONIENTE"},"geometry":{"type":"LineString","coordinates":[[-70.661293,-33.473308],[-70.661297,-33.473529]]}},{"type":"Feature","properties":{"OBJECTID":4035,"ESPECIE_PR":"MAITEN","NOM_CIENT_":"MAYTENUS BOARIA","CALLE":null,"SECTOR":"SUR PONIENTE"},"geometry":{"type":"LineString","coordinates":[[-70.668329,-33.472716],[-70.668326,-33.473496]]}},{"type":"Feature","properties":{"OBJECTID":4044,"ESPECIE_PR":"ALMEZ","NOM_CIENT_":"CELTIS AUSTRALIS","CALLE":null,"SECTOR":"SUR PONIENTE"},"geometry":{"type":"LineString","coordinates":[[-70.663271,-33.473414],[-70.663281,-33.473628]]}},{"type":"Feature","properties":{"OBJECTID":4055,"ESPECIE_PR":"ALMEZ","NOM_CIENT_":"CELTIS AUSTRALIS","CALLE":null,"SECTOR":"SUR PONIENTE"},"geometry":{"type":"LineString","coordinates":[[-70.664857,-33.47351],[-70.664855,-33.473709]]}},{"type":"Feature","properties":{"OBJECTID":4060,"ESPECIE_PR":"SIN ESPECIE","NOM_CIENT_":"SIN ESPECIE","CALLE":null,"SECTOR":"SUR PONIENTE"},"geometry":{"type":"LineString","coordinates":[[-70.668205,-33.47355],[-70.668189,-33.473808]]}},{"type":"Feature","properties":{"OBJECTID":4188,"ESPECIE_PR":"QUILLAY","NOM_CIENT_":"QUILLAJA SAPONARIA","CALLE":null,"SECTOR":"SUR PONIENTE"},"geometry":{"type":"LineString","coordinates":[[-70.664839,-33.475706],[-70.667819,-33.475765]]}},{"type":"Feature","properties":{"OBJECTID":4191,"ESPECIE_PR":"QUILLAY","NOM_CIENT_":"QUILLAJA SAPONARIA","CALLE":null,"SECTOR":"SUR PONIENTE"},"geometry":{"type":"LineString","coordinates":[[-70.667819,-33.475765],[-70.668513,-33.47579]]}},{"type":"Feature","properties":{"OBJECTID":4193,"ESPECIE_PR":"QUILLAY","NOM_CIENT_":"QUILLAJA SAPONARIA","CALLE":null,"SECTOR":"SUR PONIENTE"},"geometry":{"type":"LineString","coordinates":[[-70.668513,-33.47579],[-70.66889,-33.475785]]}},{"type":"Feature","properties":{"OBJECTID":4195,"ESPECIE_PR":"QUILLAY","NOM_CIENT_":"QUILLAJA SAPONARIA","CALLE":null,"SECTOR":"SUR PONIENTE"},"geometry":{"type":"LineString","coordinates":[[-70.66889,-33.475785],[-70.669283,-33.475795]]}},{"type":"Feature","properties":{"OBJECTID":4197,"ESPECIE_PR":"QUILLAY","NOM_CIENT_":"QUILLAJA SAPONARIA","CALLE":null,"SECTOR":"SUR PONIENTE"},"geometry":{"type":"LineString","coordinates":[[-70.669283,-33.475795],[-70.670295,-33.475825]]}},{"type":"Feature","properties":{"OBJECTID":4199,"ESPECIE_PR":"QUILLAY","NOM_CIENT_":"QUILLAJA SAPONARIA","CALLE":null,"SECTOR":"SUR PONIENTE"},"geometry":{"type":"LineString","coordinates":[[-70.670295,-33.475825],[-70.671574,-33.475835]]}},{"type":"Feature","properties":{"OBJECTID":4209,"ESPECIE_PR":"ALMEZ","NOM_CIENT_":"CELTIS AUSTRALIS","CALLE":null,"SECTOR":"SUR PONIENTE"},"geometry":{"type":"LineString","coordinates":[[-70.67663,-33.476985],[-70.677895,-33.476914]]}},{"type":"Feature","properties":{"OBJECTID":4210,"ESPECIE_PR":"ALMEZ","NOM_CIENT_":"CELTIS AUSTRALIS","CALLE":null,"SECTOR":"SUR PONIENTE"},"geometry":{"type":"LineString","coordinates":[[-70.673136,-33.476722],[-70.673277,-33.476774],[-70.673637,-33.476787],[-70.674237,-33.476848],[-70.675367,-33.476962],[-70.675685,-33.476994],[-70.675957,-33.476999],[-70.676502,-33.476992],[-70.67663,-33.476985]]}},{"type":"Feature","properties":{"OBJECTID":4211,"ESPECIE_PR":"ALMEZ","NOM_CIENT_":"CELTIS AUSTRALIS","CALLE":null,"SECTOR":"SUR PONIENTE"},"geometry":{"type":"LineString","coordinates":[[-70.674542,-33.478416],[-70.676579,-33.478389]]}},{"type":"Feature","properties":{"OBJECTID":4212,"ESPECIE_PR":"ALMEZ","NOM_CIENT_":"CELTIS AUSTRALIS","CALLE":null,"SECTOR":"SUR PONIENTE"},"geometry":{"type":"LineString","coordinates":[[-70.673217,-33.478434],[-70.674542,-33.478416]]}},{"type":"Feature","properties":{"OBJECTID":4213,"ESPECIE_PR":"ALMEZ","NOM_CIENT_":"CELTIS AUSTRALIS","CALLE":null,"SECTOR":"SUR PONIENTE"},"geometry":{"type":"LineString","coordinates":[[-70.676579,-33.478389],[-70.679088,-33.478365]]}},{"type":"Feature","properties":{"OBJECTID":4214,"ESPECIE_PR":"SIN ESPECIE","NOM_CIENT_":"SIN ESPECIE","CALLE":null,"SECTOR":"SUR PONIENTE"},"geometry":{"type":"LineString","coordinates":[[-70.679088,-33.478365],[-70.679723,-33.478346],[-70.679868,-33.478398]]}},{"type":"Feature","properties":{"OBJECTID":4215,"ESPECIE_PR":"ALMEZ","NOM_CIENT_":"CELTIS AUSTRALIS","CALLE":null,"SECTOR":"SUR PONIENTE"},"geometry":{"type":"LineString","coordinates":[[-70.677895,-33.476914],[-70.679217,-33.476865],[-70.679354,-33.476872],[-70.679453,-33.476898],[-70.679507,-33.476924],[-70.679546,-33.476951],[-70.67961,-33.477022],[-70.679636,-33.477085],[-70.67965,-33.477166],[-70.679669,-33.477481],[-70.679691,-33.47785],[-70.679714,-33.478229],[-70.679727,-33.478274],[-70.679771,-33.478327],[-70.679868,-33.478398]]}},{"type":"Feature","properties":{"OBJECTID":4216,"ESPECIE_PR":"ALMEZ","NOM_CIENT_":"CELTIS AUSTRALIS","CALLE":null,"SECTOR":"SUR PONIENTE"},"geometry":{"type":"LineString","coordinates":[[-70.671599,-33.478517],[-70.671711,-33.478454],[-70.673217,-33.478434]]}},{"type":"Feature","properties":{"OBJECTID":4217,"ESPECIE_PR":"ALMEZ","NOM_CIENT_":"CELTIS AUSTRALIS","CALLE":null,"SECTOR":"SUR PONIENTE"},"geometry":{"type":"LineString","coordinates":[[-70.673217,-33.478434],[-70.67322,-33.478559]]}},{"type":"Feature","properties":{"OBJECTID":4218,"ESPECIE_PR":"SIN ESPECIE","NOM_CIENT_":"SIN ESPECIE","CALLE":null,"SECTOR":"SUR PONIENTE"},"geometry":{"type":"LineString","coordinates":[[-70.674546,-33.478542],[-70.674542,-33.478416]]}},{"type":"Feature","properties":{"OBJECTID":4219,"ESPECIE_PR":"ALMEZ","NOM_CIENT_":"CELTIS AUSTRALIS","CALLE":null,"SECTOR":"SUR PONIENTE"},"geometry":{"type":"LineString","coordinates":[[-70.676578,-33.478521],[-70.676579,-33.478389]]}},{"type":"Feature","properties":{"OBJECTID":4220,"ESPECIE_PR":"SIN ESPECIE","NOM_CIENT_":"SIN ESPECIE","CALLE":null,"SECTOR":"SUR PONIENTE"},"geometry":{"type":"LineString","coordinates":[[-70.679096,-33.47849],[-70.679088,-33.478365]]}},{"type":"Feature","properties":{"OBJECTID":4383,"ESPECIE_PR":"FRESNO DE FLOR","NOM_CIENT_":"FRAXINUS ORNUS","CALLE":null,"SECTOR":"SUR PONIENTE"},"geometry":{"type":"LineString","coordinates":[[-70.671593,-33.474848],[-70.672232,-33.474849]]}},{"type":"Feature","properties":{"OBJECTID":4384,"ESPECIE_PR":"FRESNO DE FLOR","NOM_CIENT_":"FRAXINUS ORNUS","CALLE":null,"SECTOR":"SUR PONIENTE"},"geometry":{"type":"LineString","coordinates":[[-70.672232,-33.474849],[-70.672857,-33.474854]]}},{"type":"Feature","properties":{"OBJECTID":4401,"ESPECIE_PR":"SIN ESPECIE","NOM_CIENT_":"SIN ESPECIE","CALLE":null,"SECTOR":"SUR PONIENTE"},"geometry":{"type":"LineString","coordinates":[[-70.664839,-33.475706],[-70.664811,-33.476013]]}},{"type":"Feature","properties":{"OBJECTID":4405,"ESPECIE_PR":"ALMEZ","NOM_CIENT_":"CELTIS AUSTRALIS","CALLE":null,"SECTOR":"SUR PONIENTE"},"geometry":{"type":"LineString","coordinates":[[-70.664839,-33.475706],[-70.66469,-33.47588],[-70.662685,-33.475813],[-70.661645,-33.475817],[-70.660249,-33.475929],[-70.658953,-33.47605],[-70.657409,-33.476195],[-70.655019,-33.476449]]}},{"type":"Feature","properties":{"OBJECTID":4411,"ESPECIE_PR":"ALMEZ","NOM_CIENT_":"CELTIS AUSTRALIS","CALLE":null,"SECTOR":"SUR PONIENTE"},"geometry":{"type":"LineString","coordinates":[[-70.671603,-33.47676],[-70.673136,-33.476722]]}},{"type":"Feature","properties":{"OBJECTID":4412,"ESPECIE_PR":"ALMEZ","NOM_CIENT_":"CELTIS AUSTRALIS","CALLE":null,"SECTOR":"SUR PONIENTE"},"geometry":{"type":"LineString","coordinates":[[-70.664811,-33.476013],[-70.664889,-33.47609],[-70.665036,-33.476145],[-70.665157,-33.47618],[-70.665681,-33.476362],[-70.665761,-33.476385],[-70.66613,-33.476473],[-70.666415,-33.476521],[-70.667301,-33.476684],[-70.667509,-33.476707],[-70.667836,-33.476735],[-70.66912,-33.476775],[-70.670332,-33.476796],[-70.671603,-33.47676]]}},{"type":"Feature","properties":{"OBJECTID":4413,"ESPECIE_PR":"ALMEZ","NOM_CIENT_":"CELTIS AUSTRALIS","CALLE":null,"SECTOR":"SUR PONIENTE"},"geometry":{"type":"LineString","coordinates":[[-70.673136,-33.476722],[-70.673312,-33.476674],[-70.673493,-33.476672],[-70.673644,-33.47667],[-70.674235,-33.47672],[-70.675543,-33.476852],[-70.675866,-33.476874],[-70.676348,-33.476868],[-70.677662,-33.476802],[-70.679116,-33.476758],[-70.679345,-33.476773],[-70.679438,-33.47679],[-70.679513,-33.476834],[-70.679563,-33.47686],[-70.679608,-33.476896],[-70.679677,-33.476967],[-70.679715,-33.47703],[-70.679736,-33.477119],[-70.67975,-33.477245],[-70.679788,-33.477849],[-70.679795,-33.477957],[-70.679812,-33.478192],[-70.679832,-33.478263],[-70.679858,-33.478308],[-70.679868,-33.478398]]}},{"type":"Feature","properties":{"OBJECTID":4414,"ESPECIE_PR":"ALMEZ","NOM_CIENT_":"CELTIS AUSTRALIS","CALLE":null,"SECTOR":"SUR PONIENTE"},"geometry":{"type":"LineString","coordinates":[[-70.679868,-33.478398],[-70.679915,-33.478348],[-70.680775,-33.478367]]}},{"type":"Feature","properties":{"OBJECTID":4416,"ESPECIE_PR":"ALMEZ","NOM_CIENT_":"CELTIS AUSTRALIS","CALLE":null,"SECTOR":"SUR PONIENTE"},"geometry":{"type":"LineString","coordinates":[[-70.671599,-33.478517],[-70.671696,-33.478573],[-70.671855,-33.478575],[-70.672701,-33.478567],[-70.67322,-33.478559]]}},{"type":"Feature","properties":{"OBJECTID":4417,"ESPECIE_PR":"ALMEZ","NOM_CIENT_":"CELTIS AUSTRALIS","CALLE":null,"SECTOR":"SUR PONIENTE"},"geometry":{"type":"LineString","coordinates":[[-70.67322,-33.478559],[-70.674272,-33.478553],[-70.674546,-33.478542]]}},{"type":"Feature","properties":{"OBJECTID":4418,"ESPECIE_PR":"ALMEZ","NOM_CIENT_":"CELTIS AUSTRALIS","CALLE":null,"SECTOR":"SUR PONIENTE"},"geometry":{"type":"LineString","coordinates":[[-70.676578,-33.478521],[-70.679096,-33.47849]]}},{"type":"Feature","properties":{"OBJECTID":4419,"ESPECIE_PR":"ALMEZ","NOM_CIENT_":"CELTIS AUSTRALIS","CALLE":null,"SECTOR":"SUR PONIENTE"},"geometry":{"type":"LineString","coordinates":[[-70.679096,-33.47849],[-70.679202,-33.478488],[-70.679817,-33.47848],[-70.679868,-33.478398]]}},{"type":"Feature","properties":{"OBJECTID":4420,"ESPECIE_PR":"ALMEZ","NOM_CIENT_":"CELTIS AUSTRALIS","CALLE":null,"SECTOR":"SUR PONIENTE"},"geometry":{"type":"LineString","coordinates":[[-70.674546,-33.478542],[-70.675002,-33.478536],[-70.675645,-33.478528],[-70.676495,-33.478525],[-70.676578,-33.478521]]}}]}