{"type":"FeatureCollection","name":"AMB_PTO_ARBUSTOS_PF","features":[{"type":"Feature","properties":{"OBJECTID_1":1,"OBJECTID":1,"X":-70.6379821479,"Y":-33.4367875435,"COD_MZN":"13101011003003"},"geometry":{"type":"Point","coordinates":[-70.637982,-33.436788,0.0]}},{"type":"Feature","properties":{"OBJECTID_1":2,"OBJECTID":2,"X":-70.6379948675,"Y":-33.4367876118,"COD_MZN":"13101011003003"},"geometry":{"type":"Point","coordinates":[-70.637995,-33.436788,0.0]}},{"type":"Feature","properties":{"OBJECTID_1":3,"OBJECTID":3,"X":-70.6380103215,"Y":-33.4367877936,"COD_MZN":"13101011003003"},"geometry":{"type":"Point","coordinates":[-70.63801,-33.436788,0.0]}},{"type":"Feature","properties":{"OBJECTID_1":4,"OBJECTID":4,"X":-70.6380187201,"Y":-33.4367876826,"COD_MZN":"13101011003003"},"geometry":{"type":"Point","coordinates":[-70.638019,-33.436788,0.0]}},{"type":"Feature","properties":{"OBJECTID_1":5,"OBJECTID":5,"X":-70.6380297685,"Y":-33.4367875367,"COD_MZN":"13101011003003"},"geometry":{"type":"Point","coordinates":[-70.63803,-33.436788,0.0]}},{"type":"Feature","properties":{"OBJECTID_1":6,"OBJECTID":6,"X":-70.6380465856,"Y":-33.4367897972,"COD_MZN":"13101011003003"},"geometry":{"type":"Point","coordinates":[-70.638047,-33.43679,0.0]}},{"type":"Feature","properties":{"OBJECTID_1":7,"OBJECTID":7,"X":-70.6380556702,"Y":-33.4367892092,"COD_MZN":"13101011003003"},"geometry":{"type":"Point","coordinates":[-70.638056,-33.436789,0.0]}},{"type":"Feature","properties":{"OBJECTID_1":8,"OBJECTID":8,"X":-70.6380650375,"Y":-33.4367886165,"COD_MZN":"13101011003003"},"geometry":{"type":"Point","coordinates":[-70.638065,-33.436789,0.0]}},{"type":"Feature","properties":{"OBJECTID_1":9,"OBJECTID":9,"X":-70.6380757216,"Y":-33.4367889443,"COD_MZN":"13101011003003"},"geometry":{"type":"Point","coordinates":[-70.638076,-33.436789,0.0]}},{"type":"Feature","properties":{"OBJECTID_1":10,"OBJECTID":10,"X":-70.6382669186,"Y":-33.4367891633,"COD_MZN":"13101011003003"},"geometry":{"type":"Point","coordinates":[-70.638267,-33.436789,0.0]}},{"type":"Feature","properties":{"OBJECTID_1":11,"OBJECTID":11,"X":-70.6382580561,"Y":-33.4367892046,"COD_MZN":"13101011003003"},"geometry":{"type":"Point","coordinates":[-70.638258,-33.436789,0.0]}},{"type":"Feature","properties":{"OBJECTID_1":12,"OBJECTID":12,"X":-70.638247896,"Y":-33.4367893389,"COD_MZN":"13101011003003"},"geometry":{"type":"Point","coordinates":[-70.638248,-33.436789,0.0]}},{"type":"Feature","properties":{"OBJECTID_1":13,"OBJECTID":13,"X":-70.6382354693,"Y":-33.4367887185,"COD_MZN":"13101011003003"},"geometry":{"type":"Point","coordinates":[-70.638235,-33.436789,0.0]}},{"type":"Feature","properties":{"OBJECTID_1":14,"OBJECTID":14,"X":-70.6382252031,"Y":-33.4367887017,"COD_MZN":"13101011003003"},"geometry":{"type":"Point","coordinates":[-70.638225,-33.436789,0.0]}},{"type":"Feature","properties":{"OBJECTID_1":15,"OBJECTID":15,"X":-70.6382129976,"Y":-33.436788863,"COD_MZN":"13101011003003"},"geometry":{"type":"Point","coordinates":[-70.638213,-33.436789,0.0]}},{"type":"Feature","properties":{"OBJECTID_1":16,"OBJECTID":16,"X":-70.6382878203,"Y":-33.4367862348,"COD_MZN":"13101011003003"},"geometry":{"type":"Point","coordinates":[-70.638288,-33.436786,0.0]}},{"type":"Feature","properties":{"OBJECTID_1":17,"OBJECTID":17,"X":-70.6382984623,"Y":-33.4367857019,"COD_MZN":"13101011003003"},"geometry":{"type":"Point","coordinates":[-70.638298,-33.436786,0.0]}},{"type":"Feature","properties":{"OBJECTID_1":18,"OBJECTID":18,"X":-70.6383104167,"Y":-33.4367858551,"COD_MZN":"13101011003003"},"geometry":{"type":"Point","coordinates":[-70.63831,-33.436786,0.0]}},{"type":"Feature","properties":{"OBJECTID_1":19,"OBJECTID":19,"X":-70.6383202137,"Y":-33.4367855732,"COD_MZN":"13101011003003"},"geometry":{"type":"Point","coordinates":[-70.63832,-33.436786,0.0]}},{"type":"Feature","properties":{"OBJECTID_1":20,"OBJECTID":20,"X":-70.6383304899,"Y":-33.4367854374,"COD_MZN":"13101011003003"},"geometry":{"type":"Point","coordinates":[-70.63833,-33.436785,0.0]}},{"type":"Feature","properties":{"OBJECTID_1":21,"OBJECTID":21,"X":-70.6384100534,"Y":-33.4367872368,"COD_MZN":"13101011003003"},"geometry":{"type":"Point","coordinates":[-70.63841,-33.436787,0.0]}},{"type":"Feature","properties":{"OBJECTID_1":22,"OBJECTID":22,"X":-70.6383970474,"Y":-33.4367879588,"COD_MZN":"13101011003003"},"geometry":{"type":"Point","coordinates":[-70.638397,-33.436788,0.0]}},{"type":"Feature","properties":{"OBJECTID_1":23,"OBJECTID":23,"X":-70.6383882479,"Y":-33.4367879172,"COD_MZN":"13101011003003"},"geometry":{"type":"Point","coordinates":[-70.638388,-33.436788,0.0]}},{"type":"Feature","properties":{"OBJECTID_1":24,"OBJECTID":24,"X":-70.6383783293,"Y":-33.4367885984,"COD_MZN":"13101011003003"},"geometry":{"type":"Point","coordinates":[-70.638378,-33.436789,0.0]}},{"type":"Feature","properties":{"OBJECTID_1":25,"OBJECTID":25,"X":-70.6383699804,"Y":-33.436787925,"COD_MZN":"13101011003003"},"geometry":{"type":"Point","coordinates":[-70.63837,-33.436788,0.0]}},{"type":"Feature","properties":{"OBJECTID_1":26,"OBJECTID":26,"X":-70.6383562178,"Y":-33.4367881069,"COD_MZN":"13101011003003"},"geometry":{"type":"Point","coordinates":[-70.638356,-33.436788,0.0]}},{"type":"Feature","properties":{"OBJECTID_1":27,"OBJECTID":27,"X":-70.6383441414,"Y":-33.4367882665,"COD_MZN":"13101011003003"},"geometry":{"type":"Point","coordinates":[-70.638344,-33.436788,0.0]}},{"type":"Feature","properties":{"OBJECTID_1":28,"OBJECTID":28,"X":-70.6384386386,"Y":-33.4367886158,"COD_MZN":"13101011003003"},"geometry":{"type":"Point","coordinates":[-70.638439,-33.436789,0.0]}},{"type":"Feature","properties":{"OBJECTID_1":29,"OBJECTID":29,"X":-70.638488746,"Y":-33.436788199,"COD_MZN":"13101011003003"},"geometry":{"type":"Point","coordinates":[-70.638489,-33.436788,0.0]}},{"type":"Feature","properties":{"OBJECTID_1":30,"OBJECTID":30,"X":-70.6387715338,"Y":-33.4367915112,"COD_MZN":"13101011003003"},"geometry":{"type":"Point","coordinates":[-70.638772,-33.436792,0.0]}},{"type":"Feature","properties":{"OBJECTID_1":31,"OBJECTID":31,"X":-70.6387824821,"Y":-33.4367908453,"COD_MZN":"13101011003003"},"geometry":{"type":"Point","coordinates":[-70.638782,-33.436791,0.0]}},{"type":"Feature","properties":{"OBJECTID_1":32,"OBJECTID":32,"X":-70.6388114627,"Y":-33.4367886532,"COD_MZN":"13101011003003"},"geometry":{"type":"Point","coordinates":[-70.638811,-33.436789,0.0]}},{"type":"Feature","properties":{"OBJECTID_1":33,"OBJECTID":33,"X":-70.6388254832,"Y":-33.4367878239,"COD_MZN":"13101011003003"},"geometry":{"type":"Point","coordinates":[-70.638825,-33.436788,0.0]}},{"type":"Feature","properties":{"OBJECTID_1":34,"OBJECTID":34,"X":-70.6388396764,"Y":-33.436787373,"COD_MZN":"13101011003003"},"geometry":{"type":"Point","coordinates":[-70.63884,-33.436787,0.0]}},{"type":"Feature","properties":{"OBJECTID_1":35,"OBJECTID":35,"X":-70.6388767346,"Y":-33.4367877904,"COD_MZN":"13101011003003"},"geometry":{"type":"Point","coordinates":[-70.638877,-33.436788,0.0]}},{"type":"Feature","properties":{"OBJECTID_1":36,"OBJECTID":36,"X":-70.6388582049,"Y":-33.4367875204,"COD_MZN":"13101011003003"},"geometry":{"type":"Point","coordinates":[-70.638858,-33.436788,0.0]}},{"type":"Feature","properties":{"OBJECTID_1":37,"OBJECTID":37,"X":-70.6390417258,"Y":-33.4367898958,"COD_MZN":"13101011003003"},"geometry":{"type":"Point","coordinates":[-70.639042,-33.43679,0.0]}},{"type":"Feature","properties":{"OBJECTID_1":38,"OBJECTID":38,"X":-70.6390437202,"Y":-33.4367821814,"COD_MZN":"13101011003003"},"geometry":{"type":"Point","coordinates":[-70.639044,-33.436782,0.0]}},{"type":"Feature","properties":{"OBJECTID_1":39,"OBJECTID":39,"X":-70.6389398796,"Y":-33.4367826134,"COD_MZN":"13101011003003"},"geometry":{"type":"Point","coordinates":[-70.63894,-33.436783,0.0]}},{"type":"Feature","properties":{"OBJECTID_1":40,"OBJECTID":40,"X":-70.6389472617,"Y":-33.43678313,"COD_MZN":"13101011003003"},"geometry":{"type":"Point","coordinates":[-70.638947,-33.436783,0.0]}},{"type":"Feature","properties":{"OBJECTID_1":41,"OBJECTID":41,"X":-70.6389547572,"Y":-33.4367833231,"COD_MZN":"13101011003003"},"geometry":{"type":"Point","coordinates":[-70.638955,-33.436783,0.0]}},{"type":"Feature","properties":{"OBJECTID_1":42,"OBJECTID":42,"X":-70.638962927,"Y":-33.4367830528,"COD_MZN":"13101011003003"},"geometry":{"type":"Point","coordinates":[-70.638963,-33.436783,0.0]}},{"type":"Feature","properties":{"OBJECTID_1":43,"OBJECTID":43,"X":-70.6389707351,"Y":-33.4367825447,"COD_MZN":"13101011003003"},"geometry":{"type":"Point","coordinates":[-70.638971,-33.436783,0.0]}},{"type":"Feature","properties":{"OBJECTID_1":44,"OBJECTID":44,"X":-70.6389777388,"Y":-33.4367828417,"COD_MZN":"13101011003003"},"geometry":{"type":"Point","coordinates":[-70.638978,-33.436783,0.0]}},{"type":"Feature","properties":{"OBJECTID_1":45,"OBJECTID":45,"X":-70.63903628,"Y":-33.4367821228,"COD_MZN":"13101011003003"},"geometry":{"type":"Point","coordinates":[-70.639036,-33.436782,0.0]}},{"type":"Feature","properties":{"OBJECTID_1":46,"OBJECTID":46,"X":-70.6390287576,"Y":-33.4367823278,"COD_MZN":"13101011003003"},"geometry":{"type":"Point","coordinates":[-70.639029,-33.436782,0.0]}},{"type":"Feature","properties":{"OBJECTID_1":47,"OBJECTID":47,"X":-70.6390211857,"Y":-33.4367826479,"COD_MZN":"13101011003003"},"geometry":{"type":"Point","coordinates":[-70.639021,-33.436783,0.0]}},{"type":"Feature","properties":{"OBJECTID_1":48,"OBJECTID":48,"X":-70.6390135259,"Y":-33.4367828123,"COD_MZN":"13101011003003"},"geometry":{"type":"Point","coordinates":[-70.639014,-33.436783,0.0]}},{"type":"Feature","properties":{"OBJECTID_1":49,"OBJECTID":49,"X":-70.6390060914,"Y":-33.436783173,"COD_MZN":"13101011003003"},"geometry":{"type":"Point","coordinates":[-70.639006,-33.436783,0.0]}},{"type":"Feature","properties":{"OBJECTID_1":50,"OBJECTID":50,"X":-70.6389987153,"Y":-33.4367830333,"COD_MZN":"13101011003003"},"geometry":{"type":"Point","coordinates":[-70.638999,-33.436783,0.0]}},{"type":"Feature","properties":{"OBJECTID_1":51,"OBJECTID":51,"X":-70.6389916545,"Y":-33.4367832475,"COD_MZN":"13101011003003"},"geometry":{"type":"Point","coordinates":[-70.638992,-33.436783,0.0]}},{"type":"Feature","properties":{"OBJECTID_1":52,"OBJECTID":52,"X":-70.6389843378,"Y":-33.4367826065,"COD_MZN":"13101011003003"},"geometry":{"type":"Point","coordinates":[-70.638984,-33.436783,0.0]}},{"type":"Feature","properties":{"OBJECTID_1":53,"OBJECTID":53,"X":-70.6390293663,"Y":-33.4363605499,"COD_MZN":"13101011003003"},"geometry":{"type":"Point","coordinates":[-70.639029,-33.436361,0.0]}},{"type":"Feature","properties":{"OBJECTID_1":54,"OBJECTID":54,"X":-70.6386303922,"Y":-33.4355283025,"COD_MZN":"13101011003002"},"geometry":{"type":"Point","coordinates":[-70.63863,-33.435528,0.0]}},{"type":"Feature","properties":{"OBJECTID_1":55,"OBJECTID":55,"X":-70.6386356455,"Y":-33.4355301287,"COD_MZN":"13101011003002"},"geometry":{"type":"Point","coordinates":[-70.638636,-33.43553,0.0]}},{"type":"Feature","properties":{"OBJECTID_1":56,"OBJECTID":56,"X":-70.638617163,"Y":-33.4355313316,"COD_MZN":"13101011003002"},"geometry":{"type":"Point","coordinates":[-70.638617,-33.435531,0.0]}},{"type":"Feature","properties":{"OBJECTID_1":57,"OBJECTID":57,"X":-70.63866149,"Y":-33.4355209429,"COD_MZN":"13101011003002"},"geometry":{"type":"Point","coordinates":[-70.638661,-33.435521,0.0]}},{"type":"Feature","properties":{"OBJECTID_1":58,"OBJECTID":58,"X":-70.6386667443,"Y":-33.4355227691,"COD_MZN":"13101011003002"},"geometry":{"type":"Point","coordinates":[-70.638667,-33.435523,0.0]}},{"type":"Feature","properties":{"OBJECTID_1":59,"OBJECTID":59,"X":-70.6386482619,"Y":-33.435523972,"COD_MZN":"13101011003002"},"geometry":{"type":"Point","coordinates":[-70.638648,-33.435524,0.0]}},{"type":"Feature","properties":{"OBJECTID_1":60,"OBJECTID":60,"X":-70.6386916846,"Y":-33.4355136043,"COD_MZN":"13101011003002"},"geometry":{"type":"Point","coordinates":[-70.638692,-33.435514,0.0]}},{"type":"Feature","properties":{"OBJECTID_1":61,"OBJECTID":61,"X":-70.638696939,"Y":-33.4355154296,"COD_MZN":"13101011003002"},"geometry":{"type":"Point","coordinates":[-70.638697,-33.435515,0.0]}},{"type":"Feature","properties":{"OBJECTID_1":62,"OBJECTID":62,"X":-70.6386784555,"Y":-33.4355166334,"COD_MZN":"13101011003002"},"geometry":{"type":"Point","coordinates":[-70.638678,-33.435517,0.0]}},{"type":"Feature","properties":{"OBJECTID_1":63,"OBJECTID":63,"X":-70.6385984752,"Y":-33.4355362573,"COD_MZN":"13101011003002"},"geometry":{"type":"Point","coordinates":[-70.638598,-33.435536,0.0]}},{"type":"Feature","properties":{"OBJECTID_1":64,"OBJECTID":64,"X":-70.6386037285,"Y":-33.4355380835,"COD_MZN":"13101011003002"},"geometry":{"type":"Point","coordinates":[-70.638604,-33.435538,0.0]}},{"type":"Feature","properties":{"OBJECTID_1":65,"OBJECTID":65,"X":-70.6385852461,"Y":-33.4355392864,"COD_MZN":"13101011003002"},"geometry":{"type":"Point","coordinates":[-70.638585,-33.435539,0.0]}},{"type":"Feature","properties":{"OBJECTID_1":66,"OBJECTID":66,"X":-70.6385672724,"Y":-33.4355435812,"COD_MZN":"13101011003002"},"geometry":{"type":"Point","coordinates":[-70.638567,-33.435544,0.0]}},{"type":"Feature","properties":{"OBJECTID_1":67,"OBJECTID":67,"X":-70.6385725268,"Y":-33.4355454074,"COD_MZN":"13101011003002"},"geometry":{"type":"Point","coordinates":[-70.638573,-33.435545,0.0]}},{"type":"Feature","properties":{"OBJECTID_1":68,"OBJECTID":68,"X":-70.6385540444,"Y":-33.4355466112,"COD_MZN":"13101011003002"},"geometry":{"type":"Point","coordinates":[-70.638554,-33.435547,0.0]}},{"type":"Feature","properties":{"OBJECTID_1":69,"OBJECTID":69,"X":-70.638537256,"Y":-33.435551133,"COD_MZN":"13101011003002"},"geometry":{"type":"Point","coordinates":[-70.638537,-33.435551,0.0]}},{"type":"Feature","properties":{"OBJECTID_1":70,"OBJECTID":70,"X":-70.6385425104,"Y":-33.4355529592,"COD_MZN":"13101011003002"},"geometry":{"type":"Point","coordinates":[-70.638543,-33.435553,0.0]}},{"type":"Feature","properties":{"OBJECTID_1":71,"OBJECTID":71,"X":-70.6385240269,"Y":-33.4355541621,"COD_MZN":"13101011003002"},"geometry":{"type":"Point","coordinates":[-70.638524,-33.435554,0.0]}},{"type":"Feature","properties":{"OBJECTID_1":72,"OBJECTID":72,"X":-70.6385061186,"Y":-33.4355574695,"COD_MZN":"13101011003002"},"geometry":{"type":"Point","coordinates":[-70.638506,-33.435557,0.0]}},{"type":"Feature","properties":{"OBJECTID_1":73,"OBJECTID":73,"X":-70.6385113729,"Y":-33.4355592957,"COD_MZN":"13101011003002"},"geometry":{"type":"Point","coordinates":[-70.638511,-33.435559,0.0]}},{"type":"Feature","properties":{"OBJECTID_1":74,"OBJECTID":74,"X":-70.6384928905,"Y":-33.4355604995,"COD_MZN":"13101011003002"},"geometry":{"type":"Point","coordinates":[-70.638493,-33.43556,0.0]}},{"type":"Feature","properties":{"OBJECTID_1":75,"OBJECTID":75,"X":-70.6384750666,"Y":-33.4355645795,"COD_MZN":"13101011003002"},"geometry":{"type":"Point","coordinates":[-70.638475,-33.435565,0.0]}},{"type":"Feature","properties":{"OBJECTID_1":76,"OBJECTID":76,"X":-70.6384803199,"Y":-33.4355664057,"COD_MZN":"13101011003002"},"geometry":{"type":"Point","coordinates":[-70.63848,-33.435566,0.0]}},{"type":"Feature","properties":{"OBJECTID_1":77,"OBJECTID":77,"X":-70.6384618375,"Y":-33.4355676086,"COD_MZN":"13101011003002"},"geometry":{"type":"Point","coordinates":[-70.638462,-33.435568,0.0]}},{"type":"Feature","properties":{"OBJECTID_1":78,"OBJECTID":78,"X":-70.6384438691,"Y":-33.4355717816,"COD_MZN":"13101011003002"},"geometry":{"type":"Point","coordinates":[-70.638444,-33.435572,0.0]}},{"type":"Feature","properties":{"OBJECTID_1":79,"OBJECTID":79,"X":-70.6384491234,"Y":-33.4355736079,"COD_MZN":"13101011003002"},"geometry":{"type":"Point","coordinates":[-70.638449,-33.435574,0.0]}},{"type":"Feature","properties":{"OBJECTID_1":80,"OBJECTID":80,"X":-70.6384306399,"Y":-33.4355748116,"COD_MZN":"13101011003002"},"geometry":{"type":"Point","coordinates":[-70.638431,-33.435575,0.0]}},{"type":"Feature","properties":{"OBJECTID_1":81,"OBJECTID":81,"X":-70.6384138526,"Y":-33.4355793334,"COD_MZN":"13101011003002"},"geometry":{"type":"Point","coordinates":[-70.638414,-33.435579,0.0]}},{"type":"Feature","properties":{"OBJECTID_1":82,"OBJECTID":82,"X":-70.6384191059,"Y":-33.4355811596,"COD_MZN":"13101011003002"},"geometry":{"type":"Point","coordinates":[-70.638419,-33.435581,0.0]}},{"type":"Feature","properties":{"OBJECTID_1":83,"OBJECTID":83,"X":-70.6384006235,"Y":-33.4355823634,"COD_MZN":"13101011003002"},"geometry":{"type":"Point","coordinates":[-70.638401,-33.435582,0.0]}},{"type":"Feature","properties":{"OBJECTID_1":84,"OBJECTID":84,"X":-70.6383811137,"Y":-33.435586251,"COD_MZN":"13101011003002"},"geometry":{"type":"Point","coordinates":[-70.638381,-33.435586,0.0]}},{"type":"Feature","properties":{"OBJECTID_1":85,"OBJECTID":85,"X":-70.638386367,"Y":-33.4355880773,"COD_MZN":"13101011003002"},"geometry":{"type":"Point","coordinates":[-70.638386,-33.435588,0.0]}},{"type":"Feature","properties":{"OBJECTID_1":86,"OBJECTID":86,"X":-70.6383678845,"Y":-33.435589281,"COD_MZN":"13101011003002"},"geometry":{"type":"Point","coordinates":[-70.638368,-33.435589,0.0]}},{"type":"Feature","properties":{"OBJECTID_1":87,"OBJECTID":87,"X":-70.6383500801,"Y":-33.4355931922,"COD_MZN":"13101011003002"},"geometry":{"type":"Point","coordinates":[-70.63835,-33.435593,0.0]}},{"type":"Feature","properties":{"OBJECTID_1":88,"OBJECTID":88,"X":-70.6383553333,"Y":-33.4355950184,"COD_MZN":"13101011003002"},"geometry":{"type":"Point","coordinates":[-70.638355,-33.435595,0.0]}},{"type":"Feature","properties":{"OBJECTID_1":89,"OBJECTID":89,"X":-70.6383368509,"Y":-33.4355962212,"COD_MZN":"13101011003002"},"geometry":{"type":"Point","coordinates":[-70.638337,-33.435596,0.0]}},{"type":"Feature","properties":{"OBJECTID_1":90,"OBJECTID":90,"X":-70.6383192816,"Y":-33.4356007993,"COD_MZN":"13101011003002"},"geometry":{"type":"Point","coordinates":[-70.638319,-33.435601,0.0]}},{"type":"Feature","properties":{"OBJECTID_1":91,"OBJECTID":91,"X":-70.6383245349,"Y":-33.4356026255,"COD_MZN":"13101011003002"},"geometry":{"type":"Point","coordinates":[-70.638325,-33.435603,0.0]}},{"type":"Feature","properties":{"OBJECTID_1":92,"OBJECTID":92,"X":-70.6383060524,"Y":-33.4356038284,"COD_MZN":"13101011003002"},"geometry":{"type":"Point","coordinates":[-70.638306,-33.435604,0.0]}},{"type":"Feature","properties":{"OBJECTID_1":93,"OBJECTID":93,"X":-70.6382882116,"Y":-33.4356078085,"COD_MZN":"13101011003002"},"geometry":{"type":"Point","coordinates":[-70.638288,-33.435608,0.0]}},{"type":"Feature","properties":{"OBJECTID_1":94,"OBJECTID":94,"X":-70.6382934649,"Y":-33.4356096348,"COD_MZN":"13101011003002"},"geometry":{"type":"Point","coordinates":[-70.638293,-33.43561,0.0]}},{"type":"Feature","properties":{"OBJECTID_1":95,"OBJECTID":95,"X":-70.6382749824,"Y":-33.4356108385,"COD_MZN":"13101011003002"},"geometry":{"type":"Point","coordinates":[-70.638275,-33.435611,0.0]}},{"type":"Feature","properties":{"OBJECTID_1":96,"OBJECTID":96,"X":-70.6382574199,"Y":-33.4356149728,"COD_MZN":"13101011003002"},"geometry":{"type":"Point","coordinates":[-70.638257,-33.435615,0.0]}},{"type":"Feature","properties":{"OBJECTID_1":97,"OBJECTID":97,"X":-70.6382626731,"Y":-33.4356167981,"COD_MZN":"13101011003002"},"geometry":{"type":"Point","coordinates":[-70.638263,-33.435617,0.0]}},{"type":"Feature","properties":{"OBJECTID_1":98,"OBJECTID":98,"X":-70.6382441907,"Y":-33.4356180018,"COD_MZN":"13101011003002"},"geometry":{"type":"Point","coordinates":[-70.638244,-33.435618,0.0]}},{"type":"Feature","properties":{"OBJECTID_1":99,"OBJECTID":99,"X":-70.6382267623,"Y":-33.435623267,"COD_MZN":"13101011003002"},"geometry":{"type":"Point","coordinates":[-70.638227,-33.435623,0.0]}},{"type":"Feature","properties":{"OBJECTID_1":100,"OBJECTID":100,"X":-70.6382320167,"Y":-33.4356250933,"COD_MZN":"13101011003002"},"geometry":{"type":"Point","coordinates":[-70.638232,-33.435625,0.0]}},{"type":"Feature","properties":{"OBJECTID_1":101,"OBJECTID":101,"X":-70.6382135331,"Y":-33.4356262961,"COD_MZN":"13101011003002"},"geometry":{"type":"Point","coordinates":[-70.638214,-33.435626,0.0]}},{"type":"Feature","properties":{"OBJECTID_1":102,"OBJECTID":102,"X":-70.6381956105,"Y":-33.4356298706,"COD_MZN":"13101011003002"},"geometry":{"type":"Point","coordinates":[-70.638196,-33.43563,0.0]}},{"type":"Feature","properties":{"OBJECTID_1":103,"OBJECTID":103,"X":-70.6382008637,"Y":-33.4356316968,"COD_MZN":"13101011003002"},"geometry":{"type":"Point","coordinates":[-70.638201,-33.435632,0.0]}},{"type":"Feature","properties":{"OBJECTID_1":104,"OBJECTID":104,"X":-70.6381823813,"Y":-33.4356328997,"COD_MZN":"13101011003002"},"geometry":{"type":"Point","coordinates":[-70.638182,-33.435633,0.0]}},{"type":"Feature","properties":{"OBJECTID_1":105,"OBJECTID":105,"X":-70.6381641687,"Y":-33.4356370759,"COD_MZN":"13101011003002"},"geometry":{"type":"Point","coordinates":[-70.638164,-33.435637,0.0]}},{"type":"Feature","properties":{"OBJECTID_1":106,"OBJECTID":106,"X":-70.638169422,"Y":-33.4356389021,"COD_MZN":"13101011003002"},"geometry":{"type":"Point","coordinates":[-70.638169,-33.435639,0.0]}},{"type":"Feature","properties":{"OBJECTID_1":107,"OBJECTID":107,"X":-70.6381509395,"Y":-33.4356401058,"COD_MZN":"13101011003002"},"geometry":{"type":"Point","coordinates":[-70.638151,-33.43564,0.0]}},{"type":"Feature","properties":{"OBJECTID_1":108,"OBJECTID":108,"X":-70.6381324995,"Y":-33.4356444816,"COD_MZN":"13101011003002"},"geometry":{"type":"Point","coordinates":[-70.638132,-33.435644,0.0]}},{"type":"Feature","properties":{"OBJECTID_1":109,"OBJECTID":109,"X":-70.6381377528,"Y":-33.4356463079,"COD_MZN":"13101011003002"},"geometry":{"type":"Point","coordinates":[-70.638138,-33.435646,0.0]}},{"type":"Feature","properties":{"OBJECTID_1":110,"OBJECTID":110,"X":-70.6381192703,"Y":-33.4356475116,"COD_MZN":"13101011003002"},"geometry":{"type":"Point","coordinates":[-70.638119,-33.435648,0.0]}},{"type":"Feature","properties":{"OBJECTID_1":111,"OBJECTID":111,"X":-70.6381012584,"Y":-33.4356520053,"COD_MZN":"13101011003002"},"geometry":{"type":"Point","coordinates":[-70.638101,-33.435652,0.0]}},{"type":"Feature","properties":{"OBJECTID_1":112,"OBJECTID":112,"X":-70.6381065117,"Y":-33.4356538315,"COD_MZN":"13101011003002"},"geometry":{"type":"Point","coordinates":[-70.638107,-33.435654,0.0]}},{"type":"Feature","properties":{"OBJECTID_1":113,"OBJECTID":113,"X":-70.6380880292,"Y":-33.4356550353,"COD_MZN":"13101011003002"},"geometry":{"type":"Point","coordinates":[-70.638088,-33.435655,0.0]}},{"type":"Feature","properties":{"OBJECTID_1":114,"OBJECTID":114,"X":-70.6380699591,"Y":-33.4356590049,"COD_MZN":"13101011003002"},"geometry":{"type":"Point","coordinates":[-70.63807,-33.435659,0.0]}},{"type":"Feature","properties":{"OBJECTID_1":115,"OBJECTID":115,"X":-70.6380752124,"Y":-33.4356608311,"COD_MZN":"13101011003002"},"geometry":{"type":"Point","coordinates":[-70.638075,-33.435661,0.0]}},{"type":"Feature","properties":{"OBJECTID_1":116,"OBJECTID":116,"X":-70.6380567299,"Y":-33.4356620339,"COD_MZN":"13101011003002"},"geometry":{"type":"Point","coordinates":[-70.638057,-33.435662,0.0]}},{"type":"Feature","properties":{"OBJECTID_1":117,"OBJECTID":117,"X":-70.6380385383,"Y":-33.4356666977,"COD_MZN":"13101011003002"},"geometry":{"type":"Point","coordinates":[-70.638039,-33.435667,0.0]}},{"type":"Feature","properties":{"OBJECTID_1":118,"OBJECTID":118,"X":-70.6380437916,"Y":-33.435668524,"COD_MZN":"13101011003002"},"geometry":{"type":"Point","coordinates":[-70.638044,-33.435669,0.0]}},{"type":"Feature","properties":{"OBJECTID_1":119,"OBJECTID":119,"X":-70.6380253092,"Y":-33.4356697277,"COD_MZN":"13101011003002"},"geometry":{"type":"Point","coordinates":[-70.638025,-33.43567,0.0]}},{"type":"Feature","properties":{"OBJECTID_1":120,"OBJECTID":120,"X":-70.6380073257,"Y":-33.4356737313,"COD_MZN":"13101011003002"},"geometry":{"type":"Point","coordinates":[-70.638007,-33.435674,0.0]}},{"type":"Feature","properties":{"OBJECTID_1":121,"OBJECTID":121,"X":-70.638012579,"Y":-33.4356755575,"COD_MZN":"13101011003002"},"geometry":{"type":"Point","coordinates":[-70.638013,-33.435676,0.0]}},{"type":"Feature","properties":{"OBJECTID_1":122,"OBJECTID":122,"X":-70.6379940965,"Y":-33.4356767603,"COD_MZN":"13101011003002"},"geometry":{"type":"Point","coordinates":[-70.637994,-33.435677,0.0]}},{"type":"Feature","properties":{"OBJECTID_1":123,"OBJECTID":123,"X":-70.6379761829,"Y":-33.435680993,"COD_MZN":"13101011003002"},"geometry":{"type":"Point","coordinates":[-70.637976,-33.435681,0.0]}},{"type":"Feature","properties":{"OBJECTID_1":124,"OBJECTID":124,"X":-70.6379814362,"Y":-33.4356828192,"COD_MZN":"13101011003002"},"geometry":{"type":"Point","coordinates":[-70.637981,-33.435683,0.0]}},{"type":"Feature","properties":{"OBJECTID_1":125,"OBJECTID":125,"X":-70.6379629537,"Y":-33.435684022,"COD_MZN":"13101011003002"},"geometry":{"type":"Point","coordinates":[-70.637963,-33.435684,0.0]}},{"type":"Feature","properties":{"OBJECTID_1":126,"OBJECTID":126,"X":-70.6379453161,"Y":-33.4356881122,"COD_MZN":"13101011003002"},"geometry":{"type":"Point","coordinates":[-70.637945,-33.435688,0.0]}},{"type":"Feature","properties":{"OBJECTID_1":127,"OBJECTID":127,"X":-70.6379505704,"Y":-33.4356899384,"COD_MZN":"13101011003002"},"geometry":{"type":"Point","coordinates":[-70.637951,-33.43569,0.0]}},{"type":"Feature","properties":{"OBJECTID_1":128,"OBJECTID":128,"X":-70.6379320869,"Y":-33.4356911421,"COD_MZN":"13101011003002"},"geometry":{"type":"Point","coordinates":[-70.637932,-33.435691,0.0]}},{"type":"Feature","properties":{"OBJECTID_1":129,"OBJECTID":129,"X":-70.6379145504,"Y":-33.4356955195,"COD_MZN":"13101011003002"},"geometry":{"type":"Point","coordinates":[-70.637915,-33.435696,0.0]}},{"type":"Feature","properties":{"OBJECTID_1":130,"OBJECTID":130,"X":-70.6379198047,"Y":-33.4356973457,"COD_MZN":"13101011003002"},"geometry":{"type":"Point","coordinates":[-70.63792,-33.435697,0.0]}},{"type":"Feature","properties":{"OBJECTID_1":131,"OBJECTID":131,"X":-70.6379013212,"Y":-33.4356985485,"COD_MZN":"13101011003002"},"geometry":{"type":"Point","coordinates":[-70.637901,-33.435699,0.0]}},{"type":"Feature","properties":{"OBJECTID_1":132,"OBJECTID":132,"X":-70.6378831631,"Y":-33.4357027628,"COD_MZN":"13101011003002"},"geometry":{"type":"Point","coordinates":[-70.637883,-33.435703,0.0]}},{"type":"Feature","properties":{"OBJECTID_1":133,"OBJECTID":133,"X":-70.6378884174,"Y":-33.435704589,"COD_MZN":"13101011003002"},"geometry":{"type":"Point","coordinates":[-70.637888,-33.435705,0.0]}},{"type":"Feature","properties":{"OBJECTID_1":134,"OBJECTID":134,"X":-70.6378699339,"Y":-33.4357057918,"COD_MZN":"13101011003002"},"geometry":{"type":"Point","coordinates":[-70.63787,-33.435706,0.0]}},{"type":"Feature","properties":{"OBJECTID_1":135,"OBJECTID":135,"X":-70.6378520162,"Y":-33.4357102076,"COD_MZN":"13101011003002"},"geometry":{"type":"Point","coordinates":[-70.637852,-33.43571,0.0]}},{"type":"Feature","properties":{"OBJECTID_1":136,"OBJECTID":136,"X":-70.6378572695,"Y":-33.4357120338,"COD_MZN":"13101011003002"},"geometry":{"type":"Point","coordinates":[-70.637857,-33.435712,0.0]}},{"type":"Feature","properties":{"OBJECTID_1":137,"OBJECTID":137,"X":-70.637838787,"Y":-33.4357132375,"COD_MZN":"13101011003002"},"geometry":{"type":"Point","coordinates":[-70.637839,-33.435713,0.0]}},{"type":"Feature","properties":{"OBJECTID_1":138,"OBJECTID":138,"X":-70.6378211126,"Y":-33.4357177745,"COD_MZN":"13101011003002"},"geometry":{"type":"Point","coordinates":[-70.637821,-33.435718,0.0]}},{"type":"Feature","properties":{"OBJECTID_1":139,"OBJECTID":139,"X":-70.6378263659,"Y":-33.4357196007,"COD_MZN":"13101011003002"},"geometry":{"type":"Point","coordinates":[-70.637826,-33.43572,0.0]}},{"type":"Feature","properties":{"OBJECTID_1":140,"OBJECTID":140,"X":-70.6378078834,"Y":-33.4357208035,"COD_MZN":"13101011003002"},"geometry":{"type":"Point","coordinates":[-70.637808,-33.435721,0.0]}},{"type":"Feature","properties":{"OBJECTID_1":141,"OBJECTID":141,"X":-70.6377897633,"Y":-33.4357242913,"COD_MZN":"13101011003002"},"geometry":{"type":"Point","coordinates":[-70.63779,-33.435724,0.0]}},{"type":"Feature","properties":{"OBJECTID_1":142,"OBJECTID":142,"X":-70.6377950176,"Y":-33.4357261175,"COD_MZN":"13101011003002"},"geometry":{"type":"Point","coordinates":[-70.637795,-33.435726,0.0]}},{"type":"Feature","properties":{"OBJECTID_1":143,"OBJECTID":143,"X":-70.6377765351,"Y":-33.4357273203,"COD_MZN":"13101011003002"},"geometry":{"type":"Point","coordinates":[-70.637777,-33.435727,0.0]}},{"type":"Feature","properties":{"OBJECTID_1":144,"OBJECTID":144,"X":-70.6377585833,"Y":-33.4357316923,"COD_MZN":"13101011003002"},"geometry":{"type":"Point","coordinates":[-70.637759,-33.435732,0.0]}},{"type":"Feature","properties":{"OBJECTID_1":145,"OBJECTID":145,"X":-70.6377638366,"Y":-33.4357335185,"COD_MZN":"13101011003002"},"geometry":{"type":"Point","coordinates":[-70.637764,-33.435734,0.0]}},{"type":"Feature","properties":{"OBJECTID_1":146,"OBJECTID":146,"X":-70.6377453541,"Y":-33.4357347213,"COD_MZN":"13101011003002"},"geometry":{"type":"Point","coordinates":[-70.637745,-33.435735,0.0]}},{"type":"Feature","properties":{"OBJECTID_1":147,"OBJECTID":147,"X":-70.6377272072,"Y":-33.4357391311,"COD_MZN":"13101011003002"},"geometry":{"type":"Point","coordinates":[-70.637727,-33.435739,0.0]}},{"type":"Feature","properties":{"OBJECTID_1":148,"OBJECTID":148,"X":-70.6377324604,"Y":-33.4357409573,"COD_MZN":"13101011003002"},"geometry":{"type":"Point","coordinates":[-70.637732,-33.435741,0.0]}},{"type":"Feature","properties":{"OBJECTID_1":149,"OBJECTID":149,"X":-70.637713978,"Y":-33.4357421601,"COD_MZN":"13101011003002"},"geometry":{"type":"Point","coordinates":[-70.637714,-33.435742,0.0]}},{"type":"Feature","properties":{"OBJECTID_1":150,"OBJECTID":150,"X":-70.6376960284,"Y":-33.4357464788,"COD_MZN":"13101011003002"},"geometry":{"type":"Point","coordinates":[-70.637696,-33.435746,0.0]}},{"type":"Feature","properties":{"OBJECTID_1":151,"OBJECTID":151,"X":-70.6377012827,"Y":-33.4357483051,"COD_MZN":"13101011003002"},"geometry":{"type":"Point","coordinates":[-70.637701,-33.435748,0.0]}},{"type":"Feature","properties":{"OBJECTID_1":152,"OBJECTID":152,"X":-70.6376828002,"Y":-33.4357495088,"COD_MZN":"13101011003002"},"geometry":{"type":"Point","coordinates":[-70.637683,-33.43575,0.0]}},{"type":"Feature","properties":{"OBJECTID_1":153,"OBJECTID":153,"X":-70.6376647571,"Y":-33.4357532579,"COD_MZN":"13101011003002"},"geometry":{"type":"Point","coordinates":[-70.637665,-33.435753,0.0]}},{"type":"Feature","properties":{"OBJECTID_1":154,"OBJECTID":154,"X":-70.6376700103,"Y":-33.4357550841,"COD_MZN":"13101011003002"},"geometry":{"type":"Point","coordinates":[-70.63767,-33.435755,0.0]}},{"type":"Feature","properties":{"OBJECTID_1":155,"OBJECTID":155,"X":-70.6376515278,"Y":-33.4357562869,"COD_MZN":"13101011003002"},"geometry":{"type":"Point","coordinates":[-70.637652,-33.435756,0.0]}},{"type":"Feature","properties":{"OBJECTID_1":156,"OBJECTID":156,"X":-70.6376338043,"Y":-33.4357600977,"COD_MZN":"13101011003002"},"geometry":{"type":"Point","coordinates":[-70.637634,-33.43576,0.0]}},{"type":"Feature","properties":{"OBJECTID_1":157,"OBJECTID":157,"X":-70.6376390575,"Y":-33.4357619239,"COD_MZN":"13101011003002"},"geometry":{"type":"Point","coordinates":[-70.637639,-33.435762,0.0]}},{"type":"Feature","properties":{"OBJECTID_1":158,"OBJECTID":158,"X":-70.637620575,"Y":-33.4357631276,"COD_MZN":"13101011003002"},"geometry":{"type":"Point","coordinates":[-70.637621,-33.435763,0.0]}},{"type":"Feature","properties":{"OBJECTID_1":159,"OBJECTID":159,"X":-70.637602798,"Y":-33.4357675279,"COD_MZN":"13101011003002"},"geometry":{"type":"Point","coordinates":[-70.637603,-33.435768,0.0]}},{"type":"Feature","properties":{"OBJECTID_1":160,"OBJECTID":160,"X":-70.6376080512,"Y":-33.4357693542,"COD_MZN":"13101011003002"},"geometry":{"type":"Point","coordinates":[-70.637608,-33.435769,0.0]}},{"type":"Feature","properties":{"OBJECTID_1":161,"OBJECTID":161,"X":-70.6375895687,"Y":-33.4357705569,"COD_MZN":"13101011003002"},"geometry":{"type":"Point","coordinates":[-70.63759,-33.435771,0.0]}},{"type":"Feature","properties":{"OBJECTID_1":162,"OBJECTID":162,"X":-70.6375718259,"Y":-33.435774661,"COD_MZN":"13101011003002"},"geometry":{"type":"Point","coordinates":[-70.637572,-33.435775,0.0]}},{"type":"Feature","properties":{"OBJECTID_1":163,"OBJECTID":163,"X":-70.6375770792,"Y":-33.4357764873,"COD_MZN":"13101011003002"},"geometry":{"type":"Point","coordinates":[-70.637577,-33.435776,0.0]}},{"type":"Feature","properties":{"OBJECTID_1":164,"OBJECTID":164,"X":-70.6375585967,"Y":-33.43577769,"COD_MZN":"13101011003002"},"geometry":{"type":"Point","coordinates":[-70.637559,-33.435778,0.0]}},{"type":"Feature","properties":{"OBJECTID_1":165,"OBJECTID":165,"X":-70.6375409479,"Y":-33.4357824494,"COD_MZN":"13101011003002"},"geometry":{"type":"Point","coordinates":[-70.637541,-33.435782,0.0]}},{"type":"Feature","properties":{"OBJECTID_1":166,"OBJECTID":166,"X":-70.6375462012,"Y":-33.4357842756,"COD_MZN":"13101011003002"},"geometry":{"type":"Point","coordinates":[-70.637546,-33.435784,0.0]}},{"type":"Feature","properties":{"OBJECTID_1":167,"OBJECTID":167,"X":-70.6375277187,"Y":-33.4357854784,"COD_MZN":"13101011003002"},"geometry":{"type":"Point","coordinates":[-70.637528,-33.435785,0.0]}},{"type":"Feature","properties":{"OBJECTID_1":168,"OBJECTID":168,"X":-70.6375097914,"Y":-33.4357893297,"COD_MZN":"13101011003002"},"geometry":{"type":"Point","coordinates":[-70.63751,-33.435789,0.0]}},{"type":"Feature","properties":{"OBJECTID_1":169,"OBJECTID":169,"X":-70.6375150458,"Y":-33.4357911559,"COD_MZN":"13101011003002"},"geometry":{"type":"Point","coordinates":[-70.637515,-33.435791,0.0]}},{"type":"Feature","properties":{"OBJECTID_1":170,"OBJECTID":170,"X":-70.6374965622,"Y":-33.4357923587,"COD_MZN":"13101011003002"},"geometry":{"type":"Point","coordinates":[-70.637497,-33.435792,0.0]}},{"type":"Feature","properties":{"OBJECTID_1":171,"OBJECTID":171,"X":-70.637478541,"Y":-33.4357971635,"COD_MZN":"13101011003002"},"geometry":{"type":"Point","coordinates":[-70.637479,-33.435797,0.0]}},{"type":"Feature","properties":{"OBJECTID_1":172,"OBJECTID":172,"X":-70.6374837943,"Y":-33.4357989898,"COD_MZN":"13101011003002"},"geometry":{"type":"Point","coordinates":[-70.637484,-33.435799,0.0]}},{"type":"Feature","properties":{"OBJECTID_1":173,"OBJECTID":173,"X":-70.6374653118,"Y":-33.4358001934,"COD_MZN":"13101011003002"},"geometry":{"type":"Point","coordinates":[-70.637465,-33.4358,0.0]}},{"type":"Feature","properties":{"OBJECTID_1":174,"OBJECTID":174,"X":-70.6374473936,"Y":-33.4358035495,"COD_MZN":"13101011003002"},"geometry":{"type":"Point","coordinates":[-70.637447,-33.435804,0.0]}},{"type":"Feature","properties":{"OBJECTID_1":175,"OBJECTID":175,"X":-70.6374526468,"Y":-33.4358053749,"COD_MZN":"13101011003002"},"geometry":{"type":"Point","coordinates":[-70.637453,-33.435805,0.0]}},{"type":"Feature","properties":{"OBJECTID_1":176,"OBJECTID":176,"X":-70.6374341643,"Y":-33.4358065785,"COD_MZN":"13101011003002"},"geometry":{"type":"Point","coordinates":[-70.637434,-33.435807,0.0]}},{"type":"Feature","properties":{"OBJECTID_1":177,"OBJECTID":177,"X":-70.6374167058,"Y":-33.4358108745,"COD_MZN":"13101011003002"},"geometry":{"type":"Point","coordinates":[-70.637417,-33.435811,0.0]}},{"type":"Feature","properties":{"OBJECTID_1":178,"OBJECTID":178,"X":-70.6374219602,"Y":-33.4358127007,"COD_MZN":"13101011003002"},"geometry":{"type":"Point","coordinates":[-70.637422,-33.435813,0.0]}},{"type":"Feature","properties":{"OBJECTID_1":179,"OBJECTID":179,"X":-70.6374034766,"Y":-33.4358139035,"COD_MZN":"13101011003002"},"geometry":{"type":"Point","coordinates":[-70.637403,-33.435814,0.0]}},{"type":"Feature","properties":{"OBJECTID_1":180,"OBJECTID":180,"X":-70.63738565,"Y":-33.435818419,"COD_MZN":"13101011003002"},"geometry":{"type":"Point","coordinates":[-70.637386,-33.435818,0.0]}},{"type":"Feature","properties":{"OBJECTID_1":181,"OBJECTID":181,"X":-70.6373909033,"Y":-33.4358202452,"COD_MZN":"13101011003002"},"geometry":{"type":"Point","coordinates":[-70.637391,-33.43582,0.0]}},{"type":"Feature","properties":{"OBJECTID_1":182,"OBJECTID":182,"X":-70.6373724208,"Y":-33.4358214489,"COD_MZN":"13101011003002"},"geometry":{"type":"Point","coordinates":[-70.637372,-33.435821,0.0]}},{"type":"Feature","properties":{"OBJECTID_1":183,"OBJECTID":183,"X":-70.6373548893,"Y":-33.4358255808,"COD_MZN":"13101011003002"},"geometry":{"type":"Point","coordinates":[-70.637355,-33.435826,0.0]}},{"type":"Feature","properties":{"OBJECTID_1":184,"OBJECTID":184,"X":-70.6373601436,"Y":-33.4358274071,"COD_MZN":"13101011003002"},"geometry":{"type":"Point","coordinates":[-70.63736,-33.435827,0.0]}},{"type":"Feature","properties":{"OBJECTID_1":185,"OBJECTID":185,"X":-70.6373416611,"Y":-33.4358286107,"COD_MZN":"13101011003002"},"geometry":{"type":"Point","coordinates":[-70.637342,-33.435829,0.0]}},{"type":"Feature","properties":{"OBJECTID_1":186,"OBJECTID":186,"X":-70.6373239965,"Y":-33.4358328697,"COD_MZN":"13101011003002"},"geometry":{"type":"Point","coordinates":[-70.637324,-33.435833,0.0]}},{"type":"Feature","properties":{"OBJECTID_1":187,"OBJECTID":187,"X":-70.6373292508,"Y":-33.435834696,"COD_MZN":"13101011003002"},"geometry":{"type":"Point","coordinates":[-70.637329,-33.435835,0.0]}},{"type":"Feature","properties":{"OBJECTID_1":188,"OBJECTID":188,"X":-70.6373107672,"Y":-33.4358358996,"COD_MZN":"13101011003002"},"geometry":{"type":"Point","coordinates":[-70.637311,-33.435836,0.0]}},{"type":"Feature","properties":{"OBJECTID_1":189,"OBJECTID":189,"X":-70.6372931988,"Y":-33.4358401853,"COD_MZN":"13101011003002"},"geometry":{"type":"Point","coordinates":[-70.637293,-33.43584,0.0]}},{"type":"Feature","properties":{"OBJECTID_1":190,"OBJECTID":190,"X":-70.6372984521,"Y":-33.4358420116,"COD_MZN":"13101011003002"},"geometry":{"type":"Point","coordinates":[-70.637298,-33.435842,0.0]}},{"type":"Feature","properties":{"OBJECTID_1":191,"OBJECTID":191,"X":-70.6372799696,"Y":-33.4358432143,"COD_MZN":"13101011003002"},"geometry":{"type":"Point","coordinates":[-70.63728,-33.435843,0.0]}},{"type":"Feature","properties":{"OBJECTID_1":192,"OBJECTID":192,"X":-70.6372621721,"Y":-33.4358475057,"COD_MZN":"13101011003002"},"geometry":{"type":"Point","coordinates":[-70.637262,-33.435848,0.0]}},{"type":"Feature","properties":{"OBJECTID_1":193,"OBJECTID":193,"X":-70.6372674254,"Y":-33.435849332,"COD_MZN":"13101011003002"},"geometry":{"type":"Point","coordinates":[-70.637267,-33.435849,0.0]}},{"type":"Feature","properties":{"OBJECTID_1":194,"OBJECTID":194,"X":-70.6372489429,"Y":-33.4358505347,"COD_MZN":"13101011003002"},"geometry":{"type":"Point","coordinates":[-70.637249,-33.435851,0.0]}},{"type":"Feature","properties":{"OBJECTID_1":195,"OBJECTID":195,"X":-70.6372311347,"Y":-33.4358547667,"COD_MZN":"13101011003002"},"geometry":{"type":"Point","coordinates":[-70.637231,-33.435855,0.0]}},{"type":"Feature","properties":{"OBJECTID_1":196,"OBJECTID":196,"X":-70.637236389,"Y":-33.435856593,"COD_MZN":"13101011003002"},"geometry":{"type":"Point","coordinates":[-70.637236,-33.435857,0.0]}},{"type":"Feature","properties":{"OBJECTID_1":197,"OBJECTID":197,"X":-70.6372179054,"Y":-33.4358577957,"COD_MZN":"13101011003002"},"geometry":{"type":"Point","coordinates":[-70.637218,-33.435858,0.0]}},{"type":"Feature","properties":{"OBJECTID_1":198,"OBJECTID":198,"X":-70.6371998989,"Y":-33.4358614929,"COD_MZN":"13101011003002"},"geometry":{"type":"Point","coordinates":[-70.6372,-33.435861,0.0]}},{"type":"Feature","properties":{"OBJECTID_1":199,"OBJECTID":199,"X":-70.6372051521,"Y":-33.4358633192,"COD_MZN":"13101011003002"},"geometry":{"type":"Point","coordinates":[-70.637205,-33.435863,0.0]}},{"type":"Feature","properties":{"OBJECTID_1":200,"OBJECTID":200,"X":-70.6371866696,"Y":-33.4358645219,"COD_MZN":"13101011003002"},"geometry":{"type":"Point","coordinates":[-70.637187,-33.435865,0.0]}},{"type":"Feature","properties":{"OBJECTID_1":201,"OBJECTID":201,"X":-70.6371688126,"Y":-33.4358685625,"COD_MZN":"13101011003002"},"geometry":{"type":"Point","coordinates":[-70.637169,-33.435869,0.0]}},{"type":"Feature","properties":{"OBJECTID_1":202,"OBJECTID":202,"X":-70.6371740669,"Y":-33.4358703887,"COD_MZN":"13101011003002"},"geometry":{"type":"Point","coordinates":[-70.637174,-33.43587,0.0]}},{"type":"Feature","properties":{"OBJECTID_1":203,"OBJECTID":203,"X":-70.6371555844,"Y":-33.4358715914,"COD_MZN":"13101011003002"},"geometry":{"type":"Point","coordinates":[-70.637156,-33.435872,0.0]}},{"type":"Feature","properties":{"OBJECTID_1":204,"OBJECTID":204,"X":-70.6371384513,"Y":-33.4358758046,"COD_MZN":"13101011003002"},"geometry":{"type":"Point","coordinates":[-70.637138,-33.435876,0.0]}},{"type":"Feature","properties":{"OBJECTID_1":205,"OBJECTID":205,"X":-70.6371437057,"Y":-33.4358776309,"COD_MZN":"13101011003002"},"geometry":{"type":"Point","coordinates":[-70.637144,-33.435878,0.0]}},{"type":"Feature","properties":{"OBJECTID_1":206,"OBJECTID":206,"X":-70.637125222,"Y":-33.4358788336,"COD_MZN":"13101011003002"},"geometry":{"type":"Point","coordinates":[-70.637125,-33.435879,0.0]}},{"type":"Feature","properties":{"OBJECTID_1":207,"OBJECTID":207,"X":-70.6371073655,"Y":-33.4358828994,"COD_MZN":"13101011003002"},"geometry":{"type":"Point","coordinates":[-70.637107,-33.435883,0.0]}},{"type":"Feature","properties":{"OBJECTID_1":208,"OBJECTID":208,"X":-70.6371126199,"Y":-33.4358847257,"COD_MZN":"13101011003002"},"geometry":{"type":"Point","coordinates":[-70.637113,-33.435885,0.0]}},{"type":"Feature","properties":{"OBJECTID_1":209,"OBJECTID":209,"X":-70.6370941362,"Y":-33.4358859284,"COD_MZN":"13101011003002"},"geometry":{"type":"Point","coordinates":[-70.637094,-33.435886,0.0]}},{"type":"Feature","properties":{"OBJECTID_1":210,"OBJECTID":210,"X":-70.6370766294,"Y":-33.4358901727,"COD_MZN":"13101011003002"},"geometry":{"type":"Point","coordinates":[-70.637077,-33.43589,0.0]}},{"type":"Feature","properties":{"OBJECTID_1":211,"OBJECTID":211,"X":-70.6370818827,"Y":-33.435891999,"COD_MZN":"13101011003002"},"geometry":{"type":"Point","coordinates":[-70.637082,-33.435892,0.0]}},{"type":"Feature","properties":{"OBJECTID_1":212,"OBJECTID":212,"X":-70.6370634001,"Y":-33.4358932016,"COD_MZN":"13101011003002"},"geometry":{"type":"Point","coordinates":[-70.637063,-33.435893,0.0]}},{"type":"Feature","properties":{"OBJECTID_1":213,"OBJECTID":213,"X":-70.6370454056,"Y":-33.4358976535,"COD_MZN":"13101011003002"},"geometry":{"type":"Point","coordinates":[-70.637045,-33.435898,0.0]}},{"type":"Feature","properties":{"OBJECTID_1":214,"OBJECTID":214,"X":-70.6370506589,"Y":-33.4358994797,"COD_MZN":"13101011003002"},"geometry":{"type":"Point","coordinates":[-70.637051,-33.435899,0.0]}},{"type":"Feature","properties":{"OBJECTID_1":215,"OBJECTID":215,"X":-70.6370321764,"Y":-33.4359006833,"COD_MZN":"13101011003002"},"geometry":{"type":"Point","coordinates":[-70.637032,-33.435901,0.0]}},{"type":"Feature","properties":{"OBJECTID_1":216,"OBJECTID":216,"X":-70.6370140477,"Y":-33.4359044623,"COD_MZN":"13101011003002"},"geometry":{"type":"Point","coordinates":[-70.637014,-33.435904,0.0]}},{"type":"Feature","properties":{"OBJECTID_1":217,"OBJECTID":217,"X":-70.637019302,"Y":-33.4359062886,"COD_MZN":"13101011003002"},"geometry":{"type":"Point","coordinates":[-70.637019,-33.435906,0.0]}},{"type":"Feature","properties":{"OBJECTID_1":218,"OBJECTID":218,"X":-70.6370008184,"Y":-33.4359074913,"COD_MZN":"13101011003002"},"geometry":{"type":"Point","coordinates":[-70.637001,-33.435907,0.0]}},{"type":"Feature","properties":{"OBJECTID_1":219,"OBJECTID":219,"X":-70.6369828947,"Y":-33.4359117609,"COD_MZN":"13101011003002"},"geometry":{"type":"Point","coordinates":[-70.636983,-33.435912,0.0]}},{"type":"Feature","properties":{"OBJECTID_1":220,"OBJECTID":220,"X":-70.636988149,"Y":-33.4359135872,"COD_MZN":"13101011003002"},"geometry":{"type":"Point","coordinates":[-70.636988,-33.435914,0.0]}},{"type":"Feature","properties":{"OBJECTID_1":221,"OBJECTID":221,"X":-70.6369696654,"Y":-33.4359147908,"COD_MZN":"13101011003002"},"geometry":{"type":"Point","coordinates":[-70.63697,-33.435915,0.0]}},{"type":"Feature","properties":{"OBJECTID_1":222,"OBJECTID":222,"X":-70.6369516721,"Y":-33.4359190766,"COD_MZN":"13101011003002"},"geometry":{"type":"Point","coordinates":[-70.636952,-33.435919,0.0]}},{"type":"Feature","properties":{"OBJECTID_1":223,"OBJECTID":223,"X":-70.6369569264,"Y":-33.4359209029,"COD_MZN":"13101011003002"},"geometry":{"type":"Point","coordinates":[-70.636957,-33.435921,0.0]}},{"type":"Feature","properties":{"OBJECTID_1":224,"OBJECTID":224,"X":-70.6369384439,"Y":-33.4359221056,"COD_MZN":"13101011003002"},"geometry":{"type":"Point","coordinates":[-70.636938,-33.435922,0.0]}},{"type":"Feature","properties":{"OBJECTID_1":225,"OBJECTID":225,"X":-70.6369204142,"Y":-33.4359264,"COD_MZN":"13101011003002"},"geometry":{"type":"Point","coordinates":[-70.63692,-33.435926,0.0]}},{"type":"Feature","properties":{"OBJECTID_1":226,"OBJECTID":226,"X":-70.6369256685,"Y":-33.4359282263,"COD_MZN":"13101011003002"},"geometry":{"type":"Point","coordinates":[-70.636926,-33.435928,0.0]}},{"type":"Feature","properties":{"OBJECTID_1":227,"OBJECTID":227,"X":-70.6369071859,"Y":-33.4359294289,"COD_MZN":"13101011003002"},"geometry":{"type":"Point","coordinates":[-70.636907,-33.435929,0.0]}},{"type":"Feature","properties":{"OBJECTID_1":228,"OBJECTID":228,"X":-70.6368903975,"Y":-33.4359339514,"COD_MZN":"13101011003002"},"geometry":{"type":"Point","coordinates":[-70.63689,-33.435934,0.0]}},{"type":"Feature","properties":{"OBJECTID_1":229,"OBJECTID":229,"X":-70.6368956518,"Y":-33.4359357768,"COD_MZN":"13101011003002"},"geometry":{"type":"Point","coordinates":[-70.636896,-33.435936,0.0]}},{"type":"Feature","properties":{"OBJECTID_1":230,"OBJECTID":230,"X":-70.6368771682,"Y":-33.4359369803,"COD_MZN":"13101011003002"},"geometry":{"type":"Point","coordinates":[-70.636877,-33.435937,0.0]}},{"type":"Feature","properties":{"OBJECTID_1":231,"OBJECTID":231,"X":-70.6368603808,"Y":-33.4359415019,"COD_MZN":"13101011003002"},"geometry":{"type":"Point","coordinates":[-70.63686,-33.435942,0.0]}},{"type":"Feature","properties":{"OBJECTID_1":232,"OBJECTID":232,"X":-70.636865634,"Y":-33.4359433282,"COD_MZN":"13101011003002"},"geometry":{"type":"Point","coordinates":[-70.636866,-33.435943,0.0]}},{"type":"Feature","properties":{"OBJECTID_1":233,"OBJECTID":233,"X":-70.6368471515,"Y":-33.4359445317,"COD_MZN":"13101011003002"},"geometry":{"type":"Point","coordinates":[-70.636847,-33.435945,0.0]}},{"type":"Feature","properties":{"OBJECTID_1":234,"OBJECTID":234,"X":-70.6368303759,"Y":-33.4359483082,"COD_MZN":"13101011003002"},"geometry":{"type":"Point","coordinates":[-70.63683,-33.435948,0.0]}},{"type":"Feature","properties":{"OBJECTID_1":235,"OBJECTID":235,"X":-70.6368356291,"Y":-33.4359501345,"COD_MZN":"13101011003002"},"geometry":{"type":"Point","coordinates":[-70.636836,-33.43595,0.0]}},{"type":"Feature","properties":{"OBJECTID_1":236,"OBJECTID":236,"X":-70.6368171466,"Y":-33.435951338,"COD_MZN":"13101011003002"},"geometry":{"type":"Point","coordinates":[-70.636817,-33.435951,0.0]}},{"type":"Feature","properties":{"OBJECTID_1":237,"OBJECTID":237,"X":-70.6368003592,"Y":-33.4359558595,"COD_MZN":"13101011003002"},"geometry":{"type":"Point","coordinates":[-70.6368,-33.435956,0.0]}},{"type":"Feature","properties":{"OBJECTID_1":238,"OBJECTID":238,"X":-70.6368056124,"Y":-33.4359576858,"COD_MZN":"13101011003002"},"geometry":{"type":"Point","coordinates":[-70.636806,-33.435958,0.0]}},{"type":"Feature","properties":{"OBJECTID_1":239,"OBJECTID":239,"X":-70.6367871299,"Y":-33.4359588885,"COD_MZN":"13101011003002"},"geometry":{"type":"Point","coordinates":[-70.636787,-33.435959,0.0]}},{"type":"Feature","properties":{"OBJECTID_1":240,"OBJECTID":240,"X":-70.6367703543,"Y":-33.4359626658,"COD_MZN":"13101011003002"},"geometry":{"type":"Point","coordinates":[-70.63677,-33.435963,0.0]}},{"type":"Feature","properties":{"OBJECTID_1":241,"OBJECTID":241,"X":-70.6367756075,"Y":-33.4359644921,"COD_MZN":"13101011003002"},"geometry":{"type":"Point","coordinates":[-70.636776,-33.435964,0.0]}},{"type":"Feature","properties":{"OBJECTID_1":242,"OBJECTID":242,"X":-70.636757125,"Y":-33.4359656948,"COD_MZN":"13101011003002"},"geometry":{"type":"Point","coordinates":[-70.636757,-33.435966,0.0]}},{"type":"Feature","properties":{"OBJECTID_1":243,"OBJECTID":243,"X":-70.6367401358,"Y":-33.4359686371,"COD_MZN":"13101011003002"},"geometry":{"type":"Point","coordinates":[-70.63674,-33.435969,0.0]}},{"type":"Feature","properties":{"OBJECTID_1":244,"OBJECTID":244,"X":-70.6367453901,"Y":-33.4359704634,"COD_MZN":"13101011003002"},"geometry":{"type":"Point","coordinates":[-70.636745,-33.43597,0.0]}},{"type":"Feature","properties":{"OBJECTID_1":245,"OBJECTID":245,"X":-70.6367269076,"Y":-33.435971667,"COD_MZN":"13101011003002"},"geometry":{"type":"Point","coordinates":[-70.636727,-33.435972,0.0]}},{"type":"Feature","properties":{"OBJECTID_1":246,"OBJECTID":246,"X":-70.636710119,"Y":-33.4359761885,"COD_MZN":"13101011003002"},"geometry":{"type":"Point","coordinates":[-70.63671,-33.435976,0.0]}},{"type":"Feature","properties":{"OBJECTID_1":247,"OBJECTID":247,"X":-70.6367153734,"Y":-33.4359780148,"COD_MZN":"13101011003002"},"geometry":{"type":"Point","coordinates":[-70.636715,-33.435978,0.0]}},{"type":"Feature","properties":{"OBJECTID_1":248,"OBJECTID":248,"X":-70.6366968897,"Y":-33.4359792174,"COD_MZN":"13101011003002"},"geometry":{"type":"Point","coordinates":[-70.636697,-33.435979,0.0]}},{"type":"Feature","properties":{"OBJECTID_1":249,"OBJECTID":249,"X":-70.6366790409,"Y":-33.4359829512,"COD_MZN":"13101011003002"},"geometry":{"type":"Point","coordinates":[-70.636679,-33.435983,0.0]}},{"type":"Feature","properties":{"OBJECTID_1":250,"OBJECTID":250,"X":-70.6366842952,"Y":-33.4359847775,"COD_MZN":"13101011003002"},"geometry":{"type":"Point","coordinates":[-70.636684,-33.435985,0.0]}},{"type":"Feature","properties":{"OBJECTID_1":251,"OBJECTID":251,"X":-70.6366658127,"Y":-33.4359859801,"COD_MZN":"13101011003002"},"geometry":{"type":"Point","coordinates":[-70.636666,-33.435986,0.0]}},{"type":"Feature","properties":{"OBJECTID_1":252,"OBJECTID":252,"X":-70.6366482069,"Y":-33.4359906297,"COD_MZN":"13101011003002"},"geometry":{"type":"Point","coordinates":[-70.636648,-33.435991,0.0]}},{"type":"Feature","properties":{"OBJECTID_1":253,"OBJECTID":253,"X":-70.6366534613,"Y":-33.435992456,"COD_MZN":"13101011003002"},"geometry":{"type":"Point","coordinates":[-70.636653,-33.435992,0.0]}},{"type":"Feature","properties":{"OBJECTID_1":254,"OBJECTID":254,"X":-70.6366349776,"Y":-33.4359936595,"COD_MZN":"13101011003002"},"geometry":{"type":"Point","coordinates":[-70.636635,-33.435994,0.0]}},{"type":"Feature","properties":{"OBJECTID_1":255,"OBJECTID":255,"X":-70.6366174839,"Y":-33.4359977457,"COD_MZN":"13101011003002"},"geometry":{"type":"Point","coordinates":[-70.636617,-33.435998,0.0]}},{"type":"Feature","properties":{"OBJECTID_1":256,"OBJECTID":256,"X":-70.6366227383,"Y":-33.435999572,"COD_MZN":"13101011003002"},"geometry":{"type":"Point","coordinates":[-70.636623,-33.436,0.0]}},{"type":"Feature","properties":{"OBJECTID_1":257,"OBJECTID":257,"X":-70.6366042546,"Y":-33.4360007755,"COD_MZN":"13101011003002"},"geometry":{"type":"Point","coordinates":[-70.636604,-33.436001,0.0]}},{"type":"Feature","properties":{"OBJECTID_1":258,"OBJECTID":258,"X":-70.6365874396,"Y":-33.4360050313,"COD_MZN":"13101011003002"},"geometry":{"type":"Point","coordinates":[-70.636587,-33.436005,0.0]}},{"type":"Feature","properties":{"OBJECTID_1":259,"OBJECTID":259,"X":-70.6365926939,"Y":-33.4360068576,"COD_MZN":"13101011003002"},"geometry":{"type":"Point","coordinates":[-70.636593,-33.436007,0.0]}},{"type":"Feature","properties":{"OBJECTID_1":260,"OBJECTID":260,"X":-70.6365742114,"Y":-33.4360080611,"COD_MZN":"13101011003002"},"geometry":{"type":"Point","coordinates":[-70.636574,-33.436008,0.0]}},{"type":"Feature","properties":{"OBJECTID_1":261,"OBJECTID":261,"X":-70.6365565318,"Y":-33.4360119848,"COD_MZN":"13101011003002"},"geometry":{"type":"Point","coordinates":[-70.636557,-33.436012,0.0]}},{"type":"Feature","properties":{"OBJECTID_1":262,"OBJECTID":262,"X":-70.6365617861,"Y":-33.4360138102,"COD_MZN":"13101011003002"},"geometry":{"type":"Point","coordinates":[-70.636562,-33.436014,0.0]}},{"type":"Feature","properties":{"OBJECTID_1":263,"OBJECTID":263,"X":-70.6365433024,"Y":-33.4360150137,"COD_MZN":"13101011003002"},"geometry":{"type":"Point","coordinates":[-70.636543,-33.436015,0.0]}},{"type":"Feature","properties":{"OBJECTID_1":264,"OBJECTID":264,"X":-70.6365257475,"Y":-33.4360191052,"COD_MZN":"13101011003002"},"geometry":{"type":"Point","coordinates":[-70.636526,-33.436019,0.0]}},{"type":"Feature","properties":{"OBJECTID_1":265,"OBJECTID":265,"X":-70.6365310008,"Y":-33.4360209315,"COD_MZN":"13101011003002"},"geometry":{"type":"Point","coordinates":[-70.636531,-33.436021,0.0]}},{"type":"Feature","properties":{"OBJECTID_1":266,"OBJECTID":266,"X":-70.6365125182,"Y":-33.4360221341,"COD_MZN":"13101011003002"},"geometry":{"type":"Point","coordinates":[-70.636513,-33.436022,0.0]}},{"type":"Feature","properties":{"OBJECTID_1":267,"OBJECTID":267,"X":-70.6364949738,"Y":-33.4360265556,"COD_MZN":"13101011003002"},"geometry":{"type":"Point","coordinates":[-70.636495,-33.436027,0.0]}},{"type":"Feature","properties":{"OBJECTID_1":268,"OBJECTID":268,"X":-70.6365002281,"Y":-33.4360283819,"COD_MZN":"13101011003002"},"geometry":{"type":"Point","coordinates":[-70.6365,-33.436028,0.0]}},{"type":"Feature","properties":{"OBJECTID_1":269,"OBJECTID":269,"X":-70.6364817455,"Y":-33.4360295854,"COD_MZN":"13101011003002"},"geometry":{"type":"Point","coordinates":[-70.636482,-33.43603,0.0]}},{"type":"Feature","properties":{"OBJECTID_1":270,"OBJECTID":270,"X":-70.6364649688,"Y":-33.4360333618,"COD_MZN":"13101011003002"},"geometry":{"type":"Point","coordinates":[-70.636465,-33.436033,0.0]}},{"type":"Feature","properties":{"OBJECTID_1":271,"OBJECTID":271,"X":-70.6364702231,"Y":-33.4360351881,"COD_MZN":"13101011003002"},"geometry":{"type":"Point","coordinates":[-70.63647,-33.436035,0.0]}},{"type":"Feature","properties":{"OBJECTID_1":272,"OBJECTID":272,"X":-70.6364517395,"Y":-33.4360363916,"COD_MZN":"13101011003002"},"geometry":{"type":"Point","coordinates":[-70.636452,-33.436036,0.0]}},{"type":"Feature","properties":{"OBJECTID_1":273,"OBJECTID":273,"X":-70.6364343431,"Y":-33.436040793,"COD_MZN":"13101011003002"},"geometry":{"type":"Point","coordinates":[-70.636434,-33.436041,0.0]}},{"type":"Feature","properties":{"OBJECTID_1":274,"OBJECTID":274,"X":-70.6364395975,"Y":-33.4360426193,"COD_MZN":"13101011003002"},"geometry":{"type":"Point","coordinates":[-70.63644,-33.436043,0.0]}},{"type":"Feature","properties":{"OBJECTID_1":275,"OBJECTID":275,"X":-70.6364211138,"Y":-33.4360438228,"COD_MZN":"13101011003002"},"geometry":{"type":"Point","coordinates":[-70.636421,-33.436044,0.0]}},{"type":"Feature","properties":{"OBJECTID_1":276,"OBJECTID":276,"X":-70.6364031731,"Y":-33.4360468436,"COD_MZN":"13101011003002"},"geometry":{"type":"Point","coordinates":[-70.636403,-33.436047,0.0]}},{"type":"Feature","properties":{"OBJECTID_1":277,"OBJECTID":277,"X":-70.6364084274,"Y":-33.436048669,"COD_MZN":"13101011003002"},"geometry":{"type":"Point","coordinates":[-70.636408,-33.436049,0.0]}},{"type":"Feature","properties":{"OBJECTID_1":278,"OBJECTID":278,"X":-70.6363899448,"Y":-33.4360498724,"COD_MZN":"13101011003002"},"geometry":{"type":"Point","coordinates":[-70.63639,-33.43605,0.0]}},{"type":"Feature","properties":{"OBJECTID_1":279,"OBJECTID":279,"X":-70.6363731563,"Y":-33.4360543939,"COD_MZN":"13101011003002"},"geometry":{"type":"Point","coordinates":[-70.636373,-33.436054,0.0]}},{"type":"Feature","properties":{"OBJECTID_1":280,"OBJECTID":280,"X":-70.6363784106,"Y":-33.4360562202,"COD_MZN":"13101011003002"},"geometry":{"type":"Point","coordinates":[-70.636378,-33.436056,0.0]}},{"type":"Feature","properties":{"OBJECTID_1":281,"OBJECTID":281,"X":-70.6363599269,"Y":-33.4360574237,"COD_MZN":"13101011003002"},"geometry":{"type":"Point","coordinates":[-70.63636,-33.436057,0.0]}},{"type":"Feature","properties":{"OBJECTID_1":282,"OBJECTID":282,"X":-70.6363422045,"Y":-33.4360611278,"COD_MZN":"13101011003002"},"geometry":{"type":"Point","coordinates":[-70.636342,-33.436061,0.0]}},{"type":"Feature","properties":{"OBJECTID_1":283,"OBJECTID":283,"X":-70.6363474577,"Y":-33.4360629533,"COD_MZN":"13101011003002"},"geometry":{"type":"Point","coordinates":[-70.636347,-33.436063,0.0]}},{"type":"Feature","properties":{"OBJECTID_1":284,"OBJECTID":284,"X":-70.6363289751,"Y":-33.4360641567,"COD_MZN":"13101011003002"},"geometry":{"type":"Point","coordinates":[-70.636329,-33.436064,0.0]}},{"type":"Feature","properties":{"OBJECTID_1":285,"OBJECTID":285,"X":-70.6363121866,"Y":-33.4360686782,"COD_MZN":"13101011003002"},"geometry":{"type":"Point","coordinates":[-70.636312,-33.436069,0.0]}},{"type":"Feature","properties":{"OBJECTID_1":286,"OBJECTID":286,"X":-70.6363174409,"Y":-33.4360705045,"COD_MZN":"13101011003002"},"geometry":{"type":"Point","coordinates":[-70.636317,-33.436071,0.0]}},{"type":"Feature","properties":{"OBJECTID_1":287,"OBJECTID":287,"X":-70.6362989583,"Y":-33.436071708,"COD_MZN":"13101011003002"},"geometry":{"type":"Point","coordinates":[-70.636299,-33.436072,0.0]}},{"type":"Feature","properties":{"OBJECTID_1":288,"OBJECTID":288,"X":-70.6362809231,"Y":-33.4360754848,"COD_MZN":"13101011003002"},"geometry":{"type":"Point","coordinates":[-70.636281,-33.436075,0.0]}},{"type":"Feature","properties":{"OBJECTID_1":289,"OBJECTID":289,"X":-70.6362861774,"Y":-33.4360773111,"COD_MZN":"13101011003002"},"geometry":{"type":"Point","coordinates":[-70.636286,-33.436077,0.0]}},{"type":"Feature","properties":{"OBJECTID_1":290,"OBJECTID":290,"X":-70.6362676938,"Y":-33.4360785136,"COD_MZN":"13101011003002"},"geometry":{"type":"Point","coordinates":[-70.636268,-33.436079,0.0]}},{"type":"Feature","properties":{"OBJECTID_1":291,"OBJECTID":291,"X":-70.6362499039,"Y":-33.4360827525,"COD_MZN":"13101011003002"},"geometry":{"type":"Point","coordinates":[-70.63625,-33.436083,0.0]}},{"type":"Feature","properties":{"OBJECTID_1":292,"OBJECTID":292,"X":-70.6362551571,"Y":-33.4360845779,"COD_MZN":"13101011003002"},"geometry":{"type":"Point","coordinates":[-70.636255,-33.436085,0.0]}},{"type":"Feature","properties":{"OBJECTID_1":293,"OBJECTID":293,"X":-70.6362366745,"Y":-33.4360857814,"COD_MZN":"13101011003002"},"geometry":{"type":"Point","coordinates":[-70.636237,-33.436086,0.0]}},{"type":"Feature","properties":{"OBJECTID_1":294,"OBJECTID":294,"X":-70.636219887,"Y":-33.4360903028,"COD_MZN":"13101011003002"},"geometry":{"type":"Point","coordinates":[-70.63622,-33.43609,0.0]}},{"type":"Feature","properties":{"OBJECTID_1":295,"OBJECTID":295,"X":-70.6362251403,"Y":-33.4360921292,"COD_MZN":"13101011003002"},"geometry":{"type":"Point","coordinates":[-70.636225,-33.436092,0.0]}},{"type":"Feature","properties":{"OBJECTID_1":296,"OBJECTID":296,"X":-70.6362066577,"Y":-33.4360933326,"COD_MZN":"13101011003002"},"geometry":{"type":"Point","coordinates":[-70.636207,-33.436093,0.0]}},{"type":"Feature","properties":{"OBJECTID_1":297,"OBJECTID":297,"X":-70.6361888802,"Y":-33.4360976011,"COD_MZN":"13101011003002"},"geometry":{"type":"Point","coordinates":[-70.636189,-33.436098,0.0]}},{"type":"Feature","properties":{"OBJECTID_1":298,"OBJECTID":298,"X":-70.6361941345,"Y":-33.4360994274,"COD_MZN":"13101011003002"},"geometry":{"type":"Point","coordinates":[-70.636194,-33.436099,0.0]}},{"type":"Feature","properties":{"OBJECTID_1":299,"OBJECTID":299,"X":-70.6361756508,"Y":-33.43610063,"COD_MZN":"13101011003002"},"geometry":{"type":"Point","coordinates":[-70.636176,-33.436101,0.0]}},{"type":"Feature","properties":{"OBJECTID_1":300,"OBJECTID":300,"X":-70.6361581662,"Y":-33.4361050849,"COD_MZN":"13101011003002"},"geometry":{"type":"Point","coordinates":[-70.636158,-33.436105,0.0]}},{"type":"Feature","properties":{"OBJECTID_1":301,"OBJECTID":301,"X":-70.6361634205,"Y":-33.4361069112,"COD_MZN":"13101011003002"},"geometry":{"type":"Point","coordinates":[-70.636163,-33.436107,0.0]}},{"type":"Feature","properties":{"OBJECTID_1":302,"OBJECTID":302,"X":-70.6361449379,"Y":-33.4361081137,"COD_MZN":"13101011003002"},"geometry":{"type":"Point","coordinates":[-70.636145,-33.436108,0.0]}},{"type":"Feature","properties":{"OBJECTID_1":303,"OBJECTID":303,"X":-70.6361266469,"Y":-33.4361115566,"COD_MZN":"13101011003002"},"geometry":{"type":"Point","coordinates":[-70.636127,-33.436112,0.0]}},{"type":"Feature","properties":{"OBJECTID_1":304,"OBJECTID":304,"X":-70.6361319001,"Y":-33.4361133829,"COD_MZN":"13101011003002"},"geometry":{"type":"Point","coordinates":[-70.636132,-33.436113,0.0]}},{"type":"Feature","properties":{"OBJECTID_1":305,"OBJECTID":305,"X":-70.6361134175,"Y":-33.4361145863,"COD_MZN":"13101011003002"},"geometry":{"type":"Point","coordinates":[-70.636113,-33.436115,0.0]}},{"type":"Feature","properties":{"OBJECTID_1":306,"OBJECTID":306,"X":-70.6360955599,"Y":-33.4361185402,"COD_MZN":"13101011003002"},"geometry":{"type":"Point","coordinates":[-70.636096,-33.436119,0.0]}},{"type":"Feature","properties":{"OBJECTID_1":307,"OBJECTID":307,"X":-70.6361008131,"Y":-33.4361203665,"COD_MZN":"13101011003002"},"geometry":{"type":"Point","coordinates":[-70.636101,-33.43612,0.0]}},{"type":"Feature","properties":{"OBJECTID_1":308,"OBJECTID":308,"X":-70.6360823305,"Y":-33.436121569,"COD_MZN":"13101011003002"},"geometry":{"type":"Point","coordinates":[-70.636082,-33.436122,0.0]}},{"type":"Feature","properties":{"OBJECTID_1":309,"OBJECTID":309,"X":-70.636065543,"Y":-33.4361260914,"COD_MZN":"13101011003002"},"geometry":{"type":"Point","coordinates":[-70.636066,-33.436126,0.0]}},{"type":"Feature","properties":{"OBJECTID_1":310,"OBJECTID":310,"X":-70.6360707963,"Y":-33.4361279177,"COD_MZN":"13101011003002"},"geometry":{"type":"Point","coordinates":[-70.636071,-33.436128,0.0]}},{"type":"Feature","properties":{"OBJECTID_1":311,"OBJECTID":311,"X":-70.6360523137,"Y":-33.4361291202,"COD_MZN":"13101011003002"},"geometry":{"type":"Point","coordinates":[-70.636052,-33.436129,0.0]}},{"type":"Feature","properties":{"OBJECTID_1":312,"OBJECTID":312,"X":-70.6360343003,"Y":-33.4361336615,"COD_MZN":"13101011003002"},"geometry":{"type":"Point","coordinates":[-70.636034,-33.436134,0.0]}},{"type":"Feature","properties":{"OBJECTID_1":313,"OBJECTID":313,"X":-70.6360395546,"Y":-33.4361354878,"COD_MZN":"13101011003002"},"geometry":{"type":"Point","coordinates":[-70.63604,-33.436135,0.0]}},{"type":"Feature","properties":{"OBJECTID_1":314,"OBJECTID":314,"X":-70.636021072,"Y":-33.4361366903,"COD_MZN":"13101011003002"},"geometry":{"type":"Point","coordinates":[-70.636021,-33.436137,0.0]}},{"type":"Feature","properties":{"OBJECTID_1":315,"OBJECTID":315,"X":-70.6360022217,"Y":-33.4361413967,"COD_MZN":"13101011003002"},"geometry":{"type":"Point","coordinates":[-70.636002,-33.436141,0.0]}},{"type":"Feature","properties":{"OBJECTID_1":316,"OBJECTID":316,"X":-70.636007475,"Y":-33.4361432231,"COD_MZN":"13101011003002"},"geometry":{"type":"Point","coordinates":[-70.636007,-33.436143,0.0]}},{"type":"Feature","properties":{"OBJECTID_1":317,"OBJECTID":317,"X":-70.6359889923,"Y":-33.4361444256,"COD_MZN":"13101011003002"},"geometry":{"type":"Point","coordinates":[-70.635989,-33.436144,0.0]}},{"type":"Feature","properties":{"OBJECTID_1":318,"OBJECTID":318,"X":-70.6359708598,"Y":-33.4361481188,"COD_MZN":"13101011003002"},"geometry":{"type":"Point","coordinates":[-70.635971,-33.436148,0.0]}},{"type":"Feature","properties":{"OBJECTID_1":319,"OBJECTID":319,"X":-70.6359761141,"Y":-33.4361499452,"COD_MZN":"13101011003002"},"geometry":{"type":"Point","coordinates":[-70.635976,-33.43615,0.0]}},{"type":"Feature","properties":{"OBJECTID_1":320,"OBJECTID":320,"X":-70.6359576315,"Y":-33.4361511477,"COD_MZN":"13101011003002"},"geometry":{"type":"Point","coordinates":[-70.635958,-33.436151,0.0]}},{"type":"Feature","properties":{"OBJECTID_1":321,"OBJECTID":321,"X":-70.6359395878,"Y":-33.4361556171,"COD_MZN":"13101011003002"},"geometry":{"type":"Point","coordinates":[-70.63594,-33.436156,0.0]}},{"type":"Feature","properties":{"OBJECTID_1":322,"OBJECTID":322,"X":-70.635944841,"Y":-33.4361574435,"COD_MZN":"13101011003002"},"geometry":{"type":"Point","coordinates":[-70.635945,-33.436157,0.0]}},{"type":"Feature","properties":{"OBJECTID_1":323,"OBJECTID":323,"X":-70.6359263584,"Y":-33.436158646,"COD_MZN":"13101011003002"},"geometry":{"type":"Point","coordinates":[-70.635926,-33.436159,0.0]}},{"type":"Feature","properties":{"OBJECTID_1":324,"OBJECTID":324,"X":-70.6359077727,"Y":-33.4361628971,"COD_MZN":"13101011003002"},"geometry":{"type":"Point","coordinates":[-70.635908,-33.436163,0.0]}},{"type":"Feature","properties":{"OBJECTID_1":325,"OBJECTID":325,"X":-70.635913027,"Y":-33.4361647234,"COD_MZN":"13101011003002"},"geometry":{"type":"Point","coordinates":[-70.635913,-33.436165,0.0]}},{"type":"Feature","properties":{"OBJECTID_1":326,"OBJECTID":326,"X":-70.6358945433,"Y":-33.4361659259,"COD_MZN":"13101011003002"},"geometry":{"type":"Point","coordinates":[-70.635895,-33.436166,0.0]}},{"type":"Feature","properties":{"OBJECTID_1":327,"OBJECTID":327,"X":-70.6358751163,"Y":-33.436169878,"COD_MZN":"13101011003002"},"geometry":{"type":"Point","coordinates":[-70.635875,-33.43617,0.0]}},{"type":"Feature","properties":{"OBJECTID_1":328,"OBJECTID":328,"X":-70.6358803706,"Y":-33.4361717043,"COD_MZN":"13101011003002"},"geometry":{"type":"Point","coordinates":[-70.63588,-33.436172,0.0]}},{"type":"Feature","properties":{"OBJECTID_1":329,"OBJECTID":329,"X":-70.6358618869,"Y":-33.4361729077,"COD_MZN":"13101011003002"},"geometry":{"type":"Point","coordinates":[-70.635862,-33.436173,0.0]}},{"type":"Feature","properties":{"OBJECTID_1":330,"OBJECTID":330,"X":-70.6358432992,"Y":-33.4361769938,"COD_MZN":"13101011003002"},"geometry":{"type":"Point","coordinates":[-70.635843,-33.436177,0.0]}},{"type":"Feature","properties":{"OBJECTID_1":331,"OBJECTID":331,"X":-70.6358485525,"Y":-33.4361788202,"COD_MZN":"13101011003002"},"geometry":{"type":"Point","coordinates":[-70.635849,-33.436179,0.0]}},{"type":"Feature","properties":{"OBJECTID_1":332,"OBJECTID":332,"X":-70.6358300699,"Y":-33.4361800226,"COD_MZN":"13101011003002"},"geometry":{"type":"Point","coordinates":[-70.63583,-33.43618,0.0]}},{"type":"Feature","properties":{"OBJECTID_1":333,"OBJECTID":333,"X":-70.6358113987,"Y":-33.4361848791,"COD_MZN":"13101011003002"},"geometry":{"type":"Point","coordinates":[-70.635811,-33.436185,0.0]}},{"type":"Feature","properties":{"OBJECTID_1":334,"OBJECTID":334,"X":-70.635816652,"Y":-33.4361867055,"COD_MZN":"13101011003002"},"geometry":{"type":"Point","coordinates":[-70.635817,-33.436187,0.0]}},{"type":"Feature","properties":{"OBJECTID_1":335,"OBJECTID":335,"X":-70.6357981694,"Y":-33.4361879079,"COD_MZN":"13101011003002"},"geometry":{"type":"Point","coordinates":[-70.635798,-33.436188,0.0]}},{"type":"Feature","properties":{"OBJECTID_1":336,"OBJECTID":336,"X":-70.6357795896,"Y":-33.4361925296,"COD_MZN":"13101011003002"},"geometry":{"type":"Point","coordinates":[-70.63578,-33.436193,0.0]}},{"type":"Feature","properties":{"OBJECTID_1":337,"OBJECTID":337,"X":-70.6357848439,"Y":-33.436194356,"COD_MZN":"13101011003002"},"geometry":{"type":"Point","coordinates":[-70.635785,-33.436194,0.0]}},{"type":"Feature","properties":{"OBJECTID_1":338,"OBJECTID":338,"X":-70.6357663602,"Y":-33.4361955585,"COD_MZN":"13101011003002"},"geometry":{"type":"Point","coordinates":[-70.635766,-33.436196,0.0]}},{"type":"Feature","properties":{"OBJECTID_1":339,"OBJECTID":339,"X":-70.6357483497,"Y":-33.4361996261,"COD_MZN":"13101011003002"},"geometry":{"type":"Point","coordinates":[-70.635748,-33.4362,0.0]}},{"type":"Feature","properties":{"OBJECTID_1":340,"OBJECTID":340,"X":-70.635753603,"Y":-33.4362014525,"COD_MZN":"13101011003002"},"geometry":{"type":"Point","coordinates":[-70.635754,-33.436201,0.0]}},{"type":"Feature","properties":{"OBJECTID_1":341,"OBJECTID":341,"X":-70.6384614402,"Y":-33.4354754118,"COD_MZN":"13101011003002"},"geometry":{"type":"Point","coordinates":[-70.638461,-33.435475,0.0]}},{"type":"Feature","properties":{"OBJECTID_1":342,"OBJECTID":342,"X":-70.6384666773,"Y":-33.4354754021,"COD_MZN":"13101011003002"},"geometry":{"type":"Point","coordinates":[-70.638467,-33.435475,0.0]}},{"type":"Feature","properties":{"OBJECTID_1":343,"OBJECTID":343,"X":-70.6384482111,"Y":-33.4354784409,"COD_MZN":"13101011003002"},"geometry":{"type":"Point","coordinates":[-70.638448,-33.435478,0.0]}},{"type":"Feature","properties":{"OBJECTID_1":344,"OBJECTID":344,"X":-70.6384321224,"Y":-33.4354814997,"COD_MZN":"13101011003002"},"geometry":{"type":"Point","coordinates":[-70.638432,-33.435481,0.0]}},{"type":"Feature","properties":{"OBJECTID_1":345,"OBJECTID":345,"X":-70.6384373756,"Y":-33.4354833259,"COD_MZN":"13101011003002"},"geometry":{"type":"Point","coordinates":[-70.638437,-33.435483,0.0]}},{"type":"Feature","properties":{"OBJECTID_1":346,"OBJECTID":346,"X":-70.6383916848,"Y":-33.435491083,"COD_MZN":"13101011003002"},"geometry":{"type":"Point","coordinates":[-70.638392,-33.435491,0.0]}},{"type":"Feature","properties":{"OBJECTID_1":347,"OBJECTID":347,"X":-70.6383744012,"Y":-33.4354950648,"COD_MZN":"13101011003002"},"geometry":{"type":"Point","coordinates":[-70.638374,-33.435495,0.0]}},{"type":"Feature","properties":{"OBJECTID_1":348,"OBJECTID":348,"X":-70.6383796545,"Y":-33.435496891,"COD_MZN":"13101011003002"},"geometry":{"type":"Point","coordinates":[-70.63838,-33.435497,0.0]}},{"type":"Feature","properties":{"OBJECTID_1":349,"OBJECTID":349,"X":-70.638361172,"Y":-33.4354980939,"COD_MZN":"13101011003002"},"geometry":{"type":"Point","coordinates":[-70.638361,-33.435498,0.0]}},{"type":"Feature","properties":{"OBJECTID_1":350,"OBJECTID":350,"X":-70.6383445585,"Y":-33.435502414,"COD_MZN":"13101011003002"},"geometry":{"type":"Point","coordinates":[-70.638345,-33.435502,0.0]}},{"type":"Feature","properties":{"OBJECTID_1":351,"OBJECTID":351,"X":-70.6383498128,"Y":-33.4355042402,"COD_MZN":"13101011003002"},"geometry":{"type":"Point","coordinates":[-70.63835,-33.435504,0.0]}},{"type":"Feature","properties":{"OBJECTID_1":352,"OBJECTID":352,"X":-70.6383313293,"Y":-33.435505444,"COD_MZN":"13101011003002"},"geometry":{"type":"Point","coordinates":[-70.638331,-33.435505,0.0]}},{"type":"Feature","properties":{"OBJECTID_1":353,"OBJECTID":353,"X":-70.6383171281,"Y":-33.435508834,"COD_MZN":"13101011003002"},"geometry":{"type":"Point","coordinates":[-70.638317,-33.435509,0.0]}},{"type":"Feature","properties":{"OBJECTID_1":354,"OBJECTID":354,"X":-70.6383223814,"Y":-33.4355106603,"COD_MZN":"13101011003002"},"geometry":{"type":"Point","coordinates":[-70.638322,-33.435511,0.0]}},{"type":"Feature","properties":{"OBJECTID_1":355,"OBJECTID":355,"X":-70.6383038989,"Y":-33.4355118631,"COD_MZN":"13101011003002"},"geometry":{"type":"Point","coordinates":[-70.638304,-33.435512,0.0]}},{"type":"Feature","properties":{"OBJECTID_1":356,"OBJECTID":356,"X":-70.6382752162,"Y":-33.4355182681,"COD_MZN":"13101011003002"},"geometry":{"type":"Point","coordinates":[-70.638275,-33.435518,0.0]}},{"type":"Feature","properties":{"OBJECTID_1":357,"OBJECTID":357,"X":-70.6382804706,"Y":-33.4355200943,"COD_MZN":"13101011003002"},"geometry":{"type":"Point","coordinates":[-70.63828,-33.43552,0.0]}},{"type":"Feature","properties":{"OBJECTID_1":358,"OBJECTID":358,"X":-70.6382619871,"Y":-33.4355212981,"COD_MZN":"13101011003002"},"geometry":{"type":"Point","coordinates":[-70.638262,-33.435521,0.0]}},{"type":"Feature","properties":{"OBJECTID_1":359,"OBJECTID":359,"X":-70.63824664,"Y":-33.4355250703,"COD_MZN":"13101011003002"},"geometry":{"type":"Point","coordinates":[-70.638247,-33.435525,0.0]}},{"type":"Feature","properties":{"OBJECTID_1":360,"OBJECTID":360,"X":-70.6382518943,"Y":-33.4355268965,"COD_MZN":"13101011003002"},"geometry":{"type":"Point","coordinates":[-70.638252,-33.435527,0.0]}},{"type":"Feature","properties":{"OBJECTID_1":361,"OBJECTID":361,"X":-70.6382334108,"Y":-33.4355280994,"COD_MZN":"13101011003002"},"geometry":{"type":"Point","coordinates":[-70.638233,-33.435528,0.0]}},{"type":"Feature","properties":{"OBJECTID_1":362,"OBJECTID":362,"X":-70.6382177731,"Y":-33.435532036,"COD_MZN":"13101011003002"},"geometry":{"type":"Point","coordinates":[-70.638218,-33.435532,0.0]}},{"type":"Feature","properties":{"OBJECTID_1":363,"OBJECTID":363,"X":-70.6382230275,"Y":-33.4355338622,"COD_MZN":"13101011003002"},"geometry":{"type":"Point","coordinates":[-70.638223,-33.435534,0.0]}},{"type":"Feature","properties":{"OBJECTID_1":364,"OBJECTID":364,"X":-70.638204545,"Y":-33.435535065,"COD_MZN":"13101011003002"},"geometry":{"type":"Point","coordinates":[-70.638205,-33.435535,0.0]}},{"type":"Feature","properties":{"OBJECTID_1":365,"OBJECTID":365,"X":-70.6381892083,"Y":-33.4355385891,"COD_MZN":"13101011003002"},"geometry":{"type":"Point","coordinates":[-70.638189,-33.435539,0.0]}},{"type":"Feature","properties":{"OBJECTID_1":366,"OBJECTID":366,"X":-70.6381944626,"Y":-33.4355404153,"COD_MZN":"13101011003002"},"geometry":{"type":"Point","coordinates":[-70.638194,-33.43554,0.0]}},{"type":"Feature","properties":{"OBJECTID_1":367,"OBJECTID":367,"X":-70.6381759791,"Y":-33.4355416182,"COD_MZN":"13101011003002"},"geometry":{"type":"Point","coordinates":[-70.638176,-33.435542,0.0]}},{"type":"Feature","properties":{"OBJECTID_1":368,"OBJECTID":368,"X":-70.6381604292,"Y":-33.4355460451,"COD_MZN":"13101011003002"},"geometry":{"type":"Point","coordinates":[-70.63816,-33.435546,0.0]}},{"type":"Feature","properties":{"OBJECTID_1":369,"OBJECTID":369,"X":-70.6381656824,"Y":-33.4355478704,"COD_MZN":"13101011003002"},"geometry":{"type":"Point","coordinates":[-70.638166,-33.435548,0.0]}},{"type":"Feature","properties":{"OBJECTID_1":370,"OBJECTID":370,"X":-70.6381472,"Y":-33.4355490742,"COD_MZN":"13101011003002"},"geometry":{"type":"Point","coordinates":[-70.638147,-33.435549,0.0]}},{"type":"Feature","properties":{"OBJECTID_1":371,"OBJECTID":371,"X":-70.6381306439,"Y":-33.4355529624,"COD_MZN":"13101011003002"},"geometry":{"type":"Point","coordinates":[-70.638131,-33.435553,0.0]}},{"type":"Feature","properties":{"OBJECTID_1":372,"OBJECTID":372,"X":-70.6381358982,"Y":-33.4355547887,"COD_MZN":"13101011003002"},"geometry":{"type":"Point","coordinates":[-70.638136,-33.435555,0.0]}},{"type":"Feature","properties":{"OBJECTID_1":373,"OBJECTID":373,"X":-70.6381174147,"Y":-33.4355559915,"COD_MZN":"13101011003002"},"geometry":{"type":"Point","coordinates":[-70.638117,-33.435556,0.0]}},{"type":"Feature","properties":{"OBJECTID_1":374,"OBJECTID":374,"X":-70.6381009286,"Y":-33.4355598815,"COD_MZN":"13101011003002"},"geometry":{"type":"Point","coordinates":[-70.638101,-33.43556,0.0]}},{"type":"Feature","properties":{"OBJECTID_1":375,"OBJECTID":375,"X":-70.6381061829,"Y":-33.4355617078,"COD_MZN":"13101011003002"},"geometry":{"type":"Point","coordinates":[-70.638106,-33.435562,0.0]}},{"type":"Feature","properties":{"OBJECTID_1":376,"OBJECTID":376,"X":-70.6380876994,"Y":-33.4355629106,"COD_MZN":"13101011003002"},"geometry":{"type":"Point","coordinates":[-70.638088,-33.435563,0.0]}},{"type":"Feature","properties":{"OBJECTID_1":377,"OBJECTID":377,"X":-70.6380723565,"Y":-33.4355668487,"COD_MZN":"13101011003002"},"geometry":{"type":"Point","coordinates":[-70.638072,-33.435567,0.0]}},{"type":"Feature","properties":{"OBJECTID_1":378,"OBJECTID":378,"X":-70.6380776097,"Y":-33.4355686749,"COD_MZN":"13101011003002"},"geometry":{"type":"Point","coordinates":[-70.638078,-33.435569,0.0]}},{"type":"Feature","properties":{"OBJECTID_1":379,"OBJECTID":379,"X":-70.6380591273,"Y":-33.4355698777,"COD_MZN":"13101011003002"},"geometry":{"type":"Point","coordinates":[-70.638059,-33.43557,0.0]}},{"type":"Feature","properties":{"OBJECTID_1":380,"OBJECTID":380,"X":-70.6380431267,"Y":-33.4355732221,"COD_MZN":"13101011003002"},"geometry":{"type":"Point","coordinates":[-70.638043,-33.435573,0.0]}},{"type":"Feature","properties":{"OBJECTID_1":381,"OBJECTID":381,"X":-70.63804838,"Y":-33.4355750483,"COD_MZN":"13101011003002"},"geometry":{"type":"Point","coordinates":[-70.638048,-33.435575,0.0]}},{"type":"Feature","properties":{"OBJECTID_1":382,"OBJECTID":382,"X":-70.6380298975,"Y":-33.4355762511,"COD_MZN":"13101011003002"},"geometry":{"type":"Point","coordinates":[-70.63803,-33.435576,0.0]}},{"type":"Feature","properties":{"OBJECTID_1":383,"OBJECTID":383,"X":-70.6380150497,"Y":-33.4355795793,"COD_MZN":"13101011003002"},"geometry":{"type":"Point","coordinates":[-70.638015,-33.43558,0.0]}},{"type":"Feature","properties":{"OBJECTID_1":384,"OBJECTID":384,"X":-70.638020303,"Y":-33.4355814056,"COD_MZN":"13101011003002"},"geometry":{"type":"Point","coordinates":[-70.63802,-33.435581,0.0]}},{"type":"Feature","properties":{"OBJECTID_1":385,"OBJECTID":385,"X":-70.6380018205,"Y":-33.4355826084,"COD_MZN":"13101011003002"},"geometry":{"type":"Point","coordinates":[-70.638002,-33.435583,0.0]}},{"type":"Feature","properties":{"OBJECTID_1":386,"OBJECTID":386,"X":-70.6379870986,"Y":-33.4355869666,"COD_MZN":"13101011003002"},"geometry":{"type":"Point","coordinates":[-70.637987,-33.435587,0.0]}},{"type":"Feature","properties":{"OBJECTID_1":387,"OBJECTID":387,"X":-70.6379919867,"Y":-33.4355872195,"COD_MZN":"13101011003002"},"geometry":{"type":"Point","coordinates":[-70.637992,-33.435587,0.0]}},{"type":"Feature","properties":{"OBJECTID_1":388,"OBJECTID":388,"X":-70.6379737142,"Y":-33.4355905515,"COD_MZN":"13101011003002"},"geometry":{"type":"Point","coordinates":[-70.637974,-33.435591,0.0]}},{"type":"Feature","properties":{"OBJECTID_1":389,"OBJECTID":389,"X":-70.6379580574,"Y":-33.4355930715,"COD_MZN":"13101011003002"},"geometry":{"type":"Point","coordinates":[-70.637958,-33.435593,0.0]}},{"type":"Feature","properties":{"OBJECTID_1":390,"OBJECTID":390,"X":-70.6379633118,"Y":-33.4355948977,"COD_MZN":"13101011003002"},"geometry":{"type":"Point","coordinates":[-70.637963,-33.435595,0.0]}},{"type":"Feature","properties":{"OBJECTID_1":391,"OBJECTID":391,"X":-70.6379448282,"Y":-33.4355961005,"COD_MZN":"13101011003002"},"geometry":{"type":"Point","coordinates":[-70.637945,-33.435596,0.0]}},{"type":"Feature","properties":{"OBJECTID_1":392,"OBJECTID":392,"X":-70.6379286861,"Y":-33.4356006101,"COD_MZN":"13101011003002"},"geometry":{"type":"Point","coordinates":[-70.637929,-33.435601,0.0]}},{"type":"Feature","properties":{"OBJECTID_1":393,"OBJECTID":393,"X":-70.6379339393,"Y":-33.4356024363,"COD_MZN":"13101011003002"},"geometry":{"type":"Point","coordinates":[-70.637934,-33.435602,0.0]}},{"type":"Feature","properties":{"OBJECTID_1":394,"OBJECTID":394,"X":-70.6379154569,"Y":-33.4356036391,"COD_MZN":"13101011003002"},"geometry":{"type":"Point","coordinates":[-70.637915,-33.435604,0.0]}},{"type":"Feature","properties":{"OBJECTID_1":395,"OBJECTID":395,"X":-70.6378996901,"Y":-33.4356068334,"COD_MZN":"13101011003002"},"geometry":{"type":"Point","coordinates":[-70.6379,-33.435607,0.0]}},{"type":"Feature","properties":{"OBJECTID_1":396,"OBJECTID":396,"X":-70.6379049445,"Y":-33.4356086596,"COD_MZN":"13101011003002"},"geometry":{"type":"Point","coordinates":[-70.637905,-33.435609,0.0]}},{"type":"Feature","properties":{"OBJECTID_1":397,"OBJECTID":397,"X":-70.637886462,"Y":-33.4356098624,"COD_MZN":"13101011003002"},"geometry":{"type":"Point","coordinates":[-70.637886,-33.43561,0.0]}},{"type":"Feature","properties":{"OBJECTID_1":398,"OBJECTID":398,"X":-70.6378720179,"Y":-33.4356132664,"COD_MZN":"13101011003002"},"geometry":{"type":"Point","coordinates":[-70.637872,-33.435613,0.0]}},{"type":"Feature","properties":{"OBJECTID_1":399,"OBJECTID":399,"X":-70.6378772723,"Y":-33.4356150926,"COD_MZN":"13101011003002"},"geometry":{"type":"Point","coordinates":[-70.637877,-33.435615,0.0]}},{"type":"Feature","properties":{"OBJECTID_1":400,"OBJECTID":400,"X":-70.6378587898,"Y":-33.4356162954,"COD_MZN":"13101011003002"},"geometry":{"type":"Point","coordinates":[-70.637859,-33.435616,0.0]}},{"type":"Feature","properties":{"OBJECTID_1":401,"OBJECTID":401,"X":-70.6378432553,"Y":-33.4356202288,"COD_MZN":"13101011003002"},"geometry":{"type":"Point","coordinates":[-70.637843,-33.43562,0.0]}},{"type":"Feature","properties":{"OBJECTID_1":402,"OBJECTID":402,"X":-70.6378485096,"Y":-33.435622055,"COD_MZN":"13101011003002"},"geometry":{"type":"Point","coordinates":[-70.637849,-33.435622,0.0]}},{"type":"Feature","properties":{"OBJECTID_1":403,"OBJECTID":403,"X":-70.6378300272,"Y":-33.4356232578,"COD_MZN":"13101011003002"},"geometry":{"type":"Point","coordinates":[-70.63783,-33.435623,0.0]}},{"type":"Feature","properties":{"OBJECTID_1":404,"OBJECTID":404,"X":-70.6378150446,"Y":-33.4356269106,"COD_MZN":"13101011003002"},"geometry":{"type":"Point","coordinates":[-70.637815,-33.435627,0.0]}},{"type":"Feature","properties":{"OBJECTID_1":405,"OBJECTID":405,"X":-70.6378202989,"Y":-33.4356287369,"COD_MZN":"13101011003002"},"geometry":{"type":"Point","coordinates":[-70.63782,-33.435629,0.0]}},{"type":"Feature","properties":{"OBJECTID_1":406,"OBJECTID":406,"X":-70.637474533,"Y":-33.4357066891,"COD_MZN":"13101011003002"},"geometry":{"type":"Point","coordinates":[-70.637475,-33.435707,0.0]}},{"type":"Feature","properties":{"OBJECTID_1":407,"OBJECTID":407,"X":-70.6374799922,"Y":-33.4357080284,"COD_MZN":"13101011003002"},"geometry":{"type":"Point","coordinates":[-70.63748,-33.435708,0.0]}},{"type":"Feature","properties":{"OBJECTID_1":408,"OBJECTID":408,"X":-70.6374617723,"Y":-33.4357108978,"COD_MZN":"13101011003002"},"geometry":{"type":"Point","coordinates":[-70.637462,-33.435711,0.0]}},{"type":"Feature","properties":{"OBJECTID_1":409,"OBJECTID":409,"X":-70.637443026,"Y":-33.4357144334,"COD_MZN":"13101011003002"},"geometry":{"type":"Point","coordinates":[-70.637443,-33.435714,0.0]}},{"type":"Feature","properties":{"OBJECTID_1":410,"OBJECTID":410,"X":-70.6374484842,"Y":-33.4357157736,"COD_MZN":"13101011003002"},"geometry":{"type":"Point","coordinates":[-70.637448,-33.435716,0.0]}},{"type":"Feature","properties":{"OBJECTID_1":411,"OBJECTID":411,"X":-70.6374302642,"Y":-33.4357186431,"COD_MZN":"13101011003002"},"geometry":{"type":"Point","coordinates":[-70.63743,-33.435719,0.0]}},{"type":"Feature","properties":{"OBJECTID_1":412,"OBJECTID":412,"X":-70.6374122994,"Y":-33.4357217481,"COD_MZN":"13101011003002"},"geometry":{"type":"Point","coordinates":[-70.637412,-33.435722,0.0]}},{"type":"Feature","properties":{"OBJECTID_1":413,"OBJECTID":413,"X":-70.6374177575,"Y":-33.4357230883,"COD_MZN":"13101011003002"},"geometry":{"type":"Point","coordinates":[-70.637418,-33.435723,0.0]}},{"type":"Feature","properties":{"OBJECTID_1":414,"OBJECTID":414,"X":-70.6373995376,"Y":-33.4357259578,"COD_MZN":"13101011003002"},"geometry":{"type":"Point","coordinates":[-70.6374,-33.435726,0.0]}},{"type":"Feature","properties":{"OBJECTID_1":415,"OBJECTID":415,"X":-70.6373806803,"Y":-33.4357289673,"COD_MZN":"13101011003002"},"geometry":{"type":"Point","coordinates":[-70.637381,-33.435729,0.0]}},{"type":"Feature","properties":{"OBJECTID_1":416,"OBJECTID":416,"X":-70.6373861395,"Y":-33.4357303075,"COD_MZN":"13101011003002"},"geometry":{"type":"Point","coordinates":[-70.637386,-33.43573,0.0]}},{"type":"Feature","properties":{"OBJECTID_1":417,"OBJECTID":417,"X":-70.6373679196,"Y":-33.4357331769,"COD_MZN":"13101011003002"},"geometry":{"type":"Point","coordinates":[-70.637368,-33.435733,0.0]}},{"type":"Feature","properties":{"OBJECTID_1":418,"OBJECTID":418,"X":-70.6373488277,"Y":-33.4357361246,"COD_MZN":"13101011003002"},"geometry":{"type":"Point","coordinates":[-70.637349,-33.435736,0.0]}},{"type":"Feature","properties":{"OBJECTID_1":419,"OBJECTID":419,"X":-70.6373542859,"Y":-33.4357374648,"COD_MZN":"13101011003002"},"geometry":{"type":"Point","coordinates":[-70.637354,-33.435737,0.0]}},{"type":"Feature","properties":{"OBJECTID_1":420,"OBJECTID":420,"X":-70.637336066,"Y":-33.4357403342,"COD_MZN":"13101011003002"},"geometry":{"type":"Point","coordinates":[-70.637336,-33.43574,0.0]}},{"type":"Feature","properties":{"OBJECTID_1":421,"OBJECTID":421,"X":-70.6373188817,"Y":-33.4357431954,"COD_MZN":"13101011003002"},"geometry":{"type":"Point","coordinates":[-70.637319,-33.435743,0.0]}},{"type":"Feature","properties":{"OBJECTID_1":422,"OBJECTID":422,"X":-70.6373243399,"Y":-33.4357445346,"COD_MZN":"13101011003002"},"geometry":{"type":"Point","coordinates":[-70.637324,-33.435745,0.0]}},{"type":"Feature","properties":{"OBJECTID_1":423,"OBJECTID":423,"X":-70.63730612,"Y":-33.435747405,"COD_MZN":"13101011003002"},"geometry":{"type":"Point","coordinates":[-70.637306,-33.435747,0.0]}},{"type":"Feature","properties":{"OBJECTID_1":424,"OBJECTID":424,"X":-70.6372884261,"Y":-33.4357509114,"COD_MZN":"13101011003002"},"geometry":{"type":"Point","coordinates":[-70.637288,-33.435751,0.0]}},{"type":"Feature","properties":{"OBJECTID_1":425,"OBJECTID":425,"X":-70.6372938843,"Y":-33.4357522515,"COD_MZN":"13101011003002"},"geometry":{"type":"Point","coordinates":[-70.637294,-33.435752,0.0]}},{"type":"Feature","properties":{"OBJECTID_1":426,"OBJECTID":426,"X":-70.6372756644,"Y":-33.435755121,"COD_MZN":"13101011003002"},"geometry":{"type":"Point","coordinates":[-70.637276,-33.435755,0.0]}},{"type":"Feature","properties":{"OBJECTID_1":427,"OBJECTID":427,"X":-70.6372586242,"Y":-33.4357575212,"COD_MZN":"13101011003002"},"geometry":{"type":"Point","coordinates":[-70.637259,-33.435758,0.0]}},{"type":"Feature","properties":{"OBJECTID_1":428,"OBJECTID":428,"X":-70.6372640824,"Y":-33.4357588614,"COD_MZN":"13101011003002"},"geometry":{"type":"Point","coordinates":[-70.637264,-33.435759,0.0]}},{"type":"Feature","properties":{"OBJECTID_1":429,"OBJECTID":429,"X":-70.6372458624,"Y":-33.4357617308,"COD_MZN":"13101011003002"},"geometry":{"type":"Point","coordinates":[-70.637246,-33.435762,0.0]}},{"type":"Feature","properties":{"OBJECTID_1":430,"OBJECTID":430,"X":-70.6372282968,"Y":-33.4357642768,"COD_MZN":"13101011003002"},"geometry":{"type":"Point","coordinates":[-70.637228,-33.435764,0.0]}},{"type":"Feature","properties":{"OBJECTID_1":431,"OBJECTID":431,"X":-70.637233755,"Y":-33.435765617,"COD_MZN":"13101011003002"},"geometry":{"type":"Point","coordinates":[-70.637234,-33.435766,0.0]}},{"type":"Feature","properties":{"OBJECTID_1":432,"OBJECTID":432,"X":-70.6372155361,"Y":-33.4357684864,"COD_MZN":"13101011003002"},"geometry":{"type":"Point","coordinates":[-70.637216,-33.435768,0.0]}},{"type":"Feature","properties":{"OBJECTID_1":433,"OBJECTID":433,"X":-70.6371978301,"Y":-33.4357718009,"COD_MZN":"13101011003002"},"geometry":{"type":"Point","coordinates":[-70.637198,-33.435772,0.0]}},{"type":"Feature","properties":{"OBJECTID_1":434,"OBJECTID":434,"X":-70.6372032883,"Y":-33.4357731402,"COD_MZN":"13101011003002"},"geometry":{"type":"Point","coordinates":[-70.637203,-33.435773,0.0]}},{"type":"Feature","properties":{"OBJECTID_1":435,"OBJECTID":435,"X":-70.6371850683,"Y":-33.4357760105,"COD_MZN":"13101011003002"},"geometry":{"type":"Point","coordinates":[-70.637185,-33.435776,0.0]}},{"type":"Feature","properties":{"OBJECTID_1":436,"OBJECTID":436,"X":-70.6371672016,"Y":-33.4357791331,"COD_MZN":"13101011003002"},"geometry":{"type":"Point","coordinates":[-70.637167,-33.435779,0.0]}},{"type":"Feature","properties":{"OBJECTID_1":437,"OBJECTID":437,"X":-70.6371726598,"Y":-33.4357804733,"COD_MZN":"13101011003002"},"geometry":{"type":"Point","coordinates":[-70.637173,-33.43578,0.0]}},{"type":"Feature","properties":{"OBJECTID_1":438,"OBJECTID":438,"X":-70.6371544399,"Y":-33.4357833427,"COD_MZN":"13101011003002"},"geometry":{"type":"Point","coordinates":[-70.637154,-33.435783,0.0]}},{"type":"Feature","properties":{"OBJECTID_1":439,"OBJECTID":439,"X":-70.6371364835,"Y":-33.4357861564,"COD_MZN":"13101011003002"},"geometry":{"type":"Point","coordinates":[-70.637136,-33.435786,0.0]}},{"type":"Feature","properties":{"OBJECTID_1":440,"OBJECTID":440,"X":-70.6371419416,"Y":-33.4357874966,"COD_MZN":"13101011003002"},"geometry":{"type":"Point","coordinates":[-70.637142,-33.435787,0.0]}},{"type":"Feature","properties":{"OBJECTID_1":441,"OBJECTID":441,"X":-70.6371237217,"Y":-33.435790366,"COD_MZN":"13101011003002"},"geometry":{"type":"Point","coordinates":[-70.637124,-33.43579,0.0]}},{"type":"Feature","properties":{"OBJECTID_1":442,"OBJECTID":442,"X":-70.6371057936,"Y":-33.4357934245,"COD_MZN":"13101011003002"},"geometry":{"type":"Point","coordinates":[-70.637106,-33.435793,0.0]}},{"type":"Feature","properties":{"OBJECTID_1":443,"OBJECTID":443,"X":-70.6371112517,"Y":-33.4357947638,"COD_MZN":"13101011003002"},"geometry":{"type":"Point","coordinates":[-70.637111,-33.435795,0.0]}},{"type":"Feature","properties":{"OBJECTID_1":444,"OBJECTID":444,"X":-70.6370930318,"Y":-33.4357976332,"COD_MZN":"13101011003002"},"geometry":{"type":"Point","coordinates":[-70.637093,-33.435798,0.0]}},{"type":"Feature","properties":{"OBJECTID_1":445,"OBJECTID":445,"X":-70.6370750138,"Y":-33.435800949,"COD_MZN":"13101011003002"},"geometry":{"type":"Point","coordinates":[-70.637075,-33.435801,0.0]}},{"type":"Feature","properties":{"OBJECTID_1":446,"OBJECTID":446,"X":-70.637080472,"Y":-33.4358022892,"COD_MZN":"13101011003002"},"geometry":{"type":"Point","coordinates":[-70.63708,-33.435802,0.0]}},{"type":"Feature","properties":{"OBJECTID_1":447,"OBJECTID":447,"X":-70.637062252,"Y":-33.4358051586,"COD_MZN":"13101011003002"},"geometry":{"type":"Point","coordinates":[-70.637062,-33.435805,0.0]}},{"type":"Feature","properties":{"OBJECTID_1":448,"OBJECTID":448,"X":-70.6370421885,"Y":-33.4358089497,"COD_MZN":"13101011003002"},"geometry":{"type":"Point","coordinates":[-70.637042,-33.435809,0.0]}},{"type":"Feature","properties":{"OBJECTID_1":449,"OBJECTID":449,"X":-70.6370476467,"Y":-33.4358102899,"COD_MZN":"13101011003002"},"geometry":{"type":"Point","coordinates":[-70.637048,-33.43581,0.0]}},{"type":"Feature","properties":{"OBJECTID_1":450,"OBJECTID":450,"X":-70.6370294267,"Y":-33.4358131593,"COD_MZN":"13101011003002"},"geometry":{"type":"Point","coordinates":[-70.637029,-33.435813,0.0]}},{"type":"Feature","properties":{"OBJECTID_1":451,"OBJECTID":451,"X":-70.6366824578,"Y":-33.4358919675,"COD_MZN":"13101011003002"},"geometry":{"type":"Point","coordinates":[-70.636682,-33.435892,0.0]}},{"type":"Feature","properties":{"OBJECTID_1":452,"OBJECTID":452,"X":-70.6366879159,"Y":-33.4358933068,"COD_MZN":"13101011003002"},"geometry":{"type":"Point","coordinates":[-70.636688,-33.435893,0.0]}},{"type":"Feature","properties":{"OBJECTID_1":453,"OBJECTID":453,"X":-70.6366696959,"Y":-33.4358961761,"COD_MZN":"13101011003002"},"geometry":{"type":"Point","coordinates":[-70.63667,-33.435896,0.0]}},{"type":"Feature","properties":{"OBJECTID_1":454,"OBJECTID":454,"X":-70.6366521503,"Y":-33.4358993306,"COD_MZN":"13101011003002"},"geometry":{"type":"Point","coordinates":[-70.636652,-33.435899,0.0]}},{"type":"Feature","properties":{"OBJECTID_1":455,"OBJECTID":455,"X":-70.6366576085,"Y":-33.4359006699,"COD_MZN":"13101011003002"},"geometry":{"type":"Point","coordinates":[-70.636658,-33.435901,0.0]}},{"type":"Feature","properties":{"OBJECTID_1":456,"OBJECTID":456,"X":-70.6366393885,"Y":-33.4359035392,"COD_MZN":"13101011003002"},"geometry":{"type":"Point","coordinates":[-70.636639,-33.435904,0.0]}},{"type":"Feature","properties":{"OBJECTID_1":457,"OBJECTID":457,"X":-70.6366224108,"Y":-33.4359061162,"COD_MZN":"13101011003002"},"geometry":{"type":"Point","coordinates":[-70.636622,-33.435906,0.0]}},{"type":"Feature","properties":{"OBJECTID_1":458,"OBJECTID":458,"X":-70.6366278689,"Y":-33.4359074564,"COD_MZN":"13101011003002"},"geometry":{"type":"Point","coordinates":[-70.636628,-33.435907,0.0]}},{"type":"Feature","properties":{"OBJECTID_1":459,"OBJECTID":459,"X":-70.6366096489,"Y":-33.4359103257,"COD_MZN":"13101011003002"},"geometry":{"type":"Point","coordinates":[-70.63661,-33.43591,0.0]}},{"type":"Feature","properties":{"OBJECTID_1":460,"OBJECTID":460,"X":-70.6365923071,"Y":-33.4359129923,"COD_MZN":"13101011003002"},"geometry":{"type":"Point","coordinates":[-70.636592,-33.435913,0.0]}},{"type":"Feature","properties":{"OBJECTID_1":461,"OBJECTID":461,"X":-70.6365977653,"Y":-33.4359143325,"COD_MZN":"13101011003002"},"geometry":{"type":"Point","coordinates":[-70.636598,-33.435914,0.0]}},{"type":"Feature","properties":{"OBJECTID_1":462,"OBJECTID":462,"X":-70.6365795453,"Y":-33.4359172018,"COD_MZN":"13101011003002"},"geometry":{"type":"Point","coordinates":[-70.63658,-33.435917,0.0]}},{"type":"Feature","properties":{"OBJECTID_1":463,"OBJECTID":463,"X":-70.636562817,"Y":-33.4359204609,"COD_MZN":"13101011003002"},"geometry":{"type":"Point","coordinates":[-70.636563,-33.43592,0.0]}},{"type":"Feature","properties":{"OBJECTID_1":464,"OBJECTID":464,"X":-70.6365682752,"Y":-33.4359218011,"COD_MZN":"13101011003002"},"geometry":{"type":"Point","coordinates":[-70.636568,-33.435922,0.0]}},{"type":"Feature","properties":{"OBJECTID_1":465,"OBJECTID":465,"X":-70.6365500562,"Y":-33.4359246704,"COD_MZN":"13101011003002"},"geometry":{"type":"Point","coordinates":[-70.63655,-33.435925,0.0]}},{"type":"Feature","properties":{"OBJECTID_1":466,"OBJECTID":466,"X":-70.636532636,"Y":-33.4359272857,"COD_MZN":"13101011003002"},"geometry":{"type":"Point","coordinates":[-70.636533,-33.435927,0.0]}},{"type":"Feature","properties":{"OBJECTID_1":467,"OBJECTID":467,"X":-70.6365380953,"Y":-33.4359286259,"COD_MZN":"13101011003002"},"geometry":{"type":"Point","coordinates":[-70.636538,-33.435929,0.0]}},{"type":"Feature","properties":{"OBJECTID_1":468,"OBJECTID":468,"X":-70.6365198753,"Y":-33.4359314952,"COD_MZN":"13101011003002"},"geometry":{"type":"Point","coordinates":[-70.63652,-33.435931,0.0]}},{"type":"Feature","properties":{"OBJECTID_1":469,"OBJECTID":469,"X":-70.6365028965,"Y":-33.4359337322,"COD_MZN":"13101011003002"},"geometry":{"type":"Point","coordinates":[-70.636503,-33.435934,0.0]}},{"type":"Feature","properties":{"OBJECTID_1":470,"OBJECTID":470,"X":-70.6365083547,"Y":-33.4359350724,"COD_MZN":"13101011003002"},"geometry":{"type":"Point","coordinates":[-70.636508,-33.435935,0.0]}},{"type":"Feature","properties":{"OBJECTID_1":471,"OBJECTID":471,"X":-70.6364901347,"Y":-33.4359379417,"COD_MZN":"13101011003002"},"geometry":{"type":"Point","coordinates":[-70.63649,-33.435938,0.0]}},{"type":"Feature","properties":{"OBJECTID_1":472,"OBJECTID":472,"X":-70.636472368,"Y":-33.4359409538,"COD_MZN":"13101011003002"},"geometry":{"type":"Point","coordinates":[-70.636472,-33.435941,0.0]}},{"type":"Feature","properties":{"OBJECTID_1":473,"OBJECTID":473,"X":-70.6364778262,"Y":-33.4359422941,"COD_MZN":"13101011003002"},"geometry":{"type":"Point","coordinates":[-70.636478,-33.435942,0.0]}},{"type":"Feature","properties":{"OBJECTID_1":474,"OBJECTID":474,"X":-70.6364596062,"Y":-33.4359451634,"COD_MZN":"13101011003002"},"geometry":{"type":"Point","coordinates":[-70.63646,-33.435945,0.0]}},{"type":"Feature","properties":{"OBJECTID_1":475,"OBJECTID":475,"X":-70.6364414599,"Y":-33.43594835,"COD_MZN":"13101011003002"},"geometry":{"type":"Point","coordinates":[-70.636441,-33.435948,0.0]}},{"type":"Feature","properties":{"OBJECTID_1":476,"OBJECTID":476,"X":-70.6364469181,"Y":-33.4359496894,"COD_MZN":"13101011003002"},"geometry":{"type":"Point","coordinates":[-70.636447,-33.43595,0.0]}},{"type":"Feature","properties":{"OBJECTID_1":477,"OBJECTID":477,"X":-70.6364286981,"Y":-33.4359525587,"COD_MZN":"13101011003002"},"geometry":{"type":"Point","coordinates":[-70.636429,-33.435953,0.0]}},{"type":"Feature","properties":{"OBJECTID_1":478,"OBJECTID":478,"X":-70.6364108165,"Y":-33.4359554668,"COD_MZN":"13101011003002"},"geometry":{"type":"Point","coordinates":[-70.636411,-33.435955,0.0]}},{"type":"Feature","properties":{"OBJECTID_1":479,"OBJECTID":479,"X":-70.6364162747,"Y":-33.435956807,"COD_MZN":"13101011003002"},"geometry":{"type":"Point","coordinates":[-70.636416,-33.435957,0.0]}},{"type":"Feature","properties":{"OBJECTID_1":480,"OBJECTID":480,"X":-70.6363980547,"Y":-33.4359596763,"COD_MZN":"13101011003002"},"geometry":{"type":"Point","coordinates":[-70.636398,-33.43596,0.0]}},{"type":"Feature","properties":{"OBJECTID_1":481,"OBJECTID":481,"X":-70.6363805035,"Y":-33.43596225,"COD_MZN":"13101011003002"},"geometry":{"type":"Point","coordinates":[-70.636381,-33.435962,0.0]}},{"type":"Feature","properties":{"OBJECTID_1":482,"OBJECTID":482,"X":-70.6363859617,"Y":-33.4359635893,"COD_MZN":"13101011003002"},"geometry":{"type":"Point","coordinates":[-70.636386,-33.435964,0.0]}},{"type":"Feature","properties":{"OBJECTID_1":483,"OBJECTID":483,"X":-70.6363677417,"Y":-33.4359664595,"COD_MZN":"13101011003002"},"geometry":{"type":"Point","coordinates":[-70.636368,-33.435966,0.0]}},{"type":"Feature","properties":{"OBJECTID_1":484,"OBJECTID":484,"X":-70.6363502918,"Y":-33.4359696162,"COD_MZN":"13101011003002"},"geometry":{"type":"Point","coordinates":[-70.63635,-33.43597,0.0]}},{"type":"Feature","properties":{"OBJECTID_1":485,"OBJECTID":485,"X":-70.63635575,"Y":-33.4359709565,"COD_MZN":"13101011003002"},"geometry":{"type":"Point","coordinates":[-70.636356,-33.435971,0.0]}},{"type":"Feature","properties":{"OBJECTID_1":486,"OBJECTID":486,"X":-70.63633753,"Y":-33.4359738258,"COD_MZN":"13101011003002"},"geometry":{"type":"Point","coordinates":[-70.636338,-33.435974,0.0]}},{"type":"Feature","properties":{"OBJECTID_1":487,"OBJECTID":487,"X":-70.6363204452,"Y":-33.4359762607,"COD_MZN":"13101011003002"},"geometry":{"type":"Point","coordinates":[-70.63632,-33.435976,0.0]}},{"type":"Feature","properties":{"OBJECTID_1":488,"OBJECTID":488,"X":-70.6363259034,"Y":-33.4359776,"COD_MZN":"13101011003002"},"geometry":{"type":"Point","coordinates":[-70.636326,-33.435978,0.0]}},{"type":"Feature","properties":{"OBJECTID_1":489,"OBJECTID":489,"X":-70.6363076844,"Y":-33.4359804702,"COD_MZN":"13101011003002"},"geometry":{"type":"Point","coordinates":[-70.636308,-33.43598,0.0]}},{"type":"Feature","properties":{"OBJECTID_1":490,"OBJECTID":490,"X":-70.6362903117,"Y":-33.4359834952,"COD_MZN":"13101011003002"},"geometry":{"type":"Point","coordinates":[-70.63629,-33.435983,0.0]}},{"type":"Feature","properties":{"OBJECTID_1":491,"OBJECTID":491,"X":-70.6362957699,"Y":-33.4359848345,"COD_MZN":"13101011003002"},"geometry":{"type":"Point","coordinates":[-70.636296,-33.435985,0.0]}},{"type":"Feature","properties":{"OBJECTID_1":492,"OBJECTID":492,"X":-70.6362775498,"Y":-33.4359877047,"COD_MZN":"13101011003002"},"geometry":{"type":"Point","coordinates":[-70.636278,-33.435988,0.0]}},{"type":"Feature","properties":{"OBJECTID_1":493,"OBJECTID":493,"X":-70.6362597014,"Y":-33.4359910037,"COD_MZN":"13101011003002"},"geometry":{"type":"Point","coordinates":[-70.63626,-33.435991,0.0]}},{"type":"Feature","properties":{"OBJECTID_1":494,"OBJECTID":494,"X":-70.6362651596,"Y":-33.435992344,"COD_MZN":"13101011003002"},"geometry":{"type":"Point","coordinates":[-70.636265,-33.435992,0.0]}},{"type":"Feature","properties":{"OBJECTID_1":495,"OBJECTID":495,"X":-70.6362469396,"Y":-33.4359952132,"COD_MZN":"13101011003002"},"geometry":{"type":"Point","coordinates":[-70.636247,-33.435995,0.0]}},{"type":"Feature","properties":{"OBJECTID_1":496,"OBJECTID":496,"X":-70.636229625,"Y":-33.4359981815,"COD_MZN":"13101011003002"},"geometry":{"type":"Point","coordinates":[-70.63623,-33.435998,0.0]}},{"type":"Feature","properties":{"OBJECTID_1":497,"OBJECTID":497,"X":-70.6362350831,"Y":-33.4359995208,"COD_MZN":"13101011003002"},"geometry":{"type":"Point","coordinates":[-70.636235,-33.436,0.0]}},{"type":"Feature","properties":{"OBJECTID_1":498,"OBJECTID":498,"X":-70.6362168631,"Y":-33.4360023901,"COD_MZN":"13101011003002"},"geometry":{"type":"Point","coordinates":[-70.636217,-33.436002,0.0]}},{"type":"Feature","properties":{"OBJECTID_1":499,"OBJECTID":499,"X":-70.6361986091,"Y":-33.4360051714,"COD_MZN":"13101011003002"},"geometry":{"type":"Point","coordinates":[-70.636199,-33.436005,0.0]}},{"type":"Feature","properties":{"OBJECTID_1":500,"OBJECTID":500,"X":-70.6362040673,"Y":-33.4360065108,"COD_MZN":"13101011003002"},"geometry":{"type":"Point","coordinates":[-70.636204,-33.436007,0.0]}},{"type":"Feature","properties":{"OBJECTID_1":501,"OBJECTID":501,"X":-70.6361858483,"Y":-33.43600938,"COD_MZN":"13101011003002"},"geometry":{"type":"Point","coordinates":[-70.636186,-33.436009,0.0]}},{"type":"Feature","properties":{"OBJECTID_1":502,"OBJECTID":502,"X":-70.6361687744,"Y":-33.4360119383,"COD_MZN":"13101011003002"},"geometry":{"type":"Point","coordinates":[-70.636169,-33.436012,0.0]}},{"type":"Feature","properties":{"OBJECTID_1":503,"OBJECTID":503,"X":-70.6361742326,"Y":-33.4360132786,"COD_MZN":"13101011003002"},"geometry":{"type":"Point","coordinates":[-70.636174,-33.436013,0.0]}},{"type":"Feature","properties":{"OBJECTID_1":504,"OBJECTID":504,"X":-70.6361560137,"Y":-33.4360161478,"COD_MZN":"13101011003002"},"geometry":{"type":"Point","coordinates":[-70.636156,-33.436016,0.0]}},{"type":"Feature","properties":{"OBJECTID_1":505,"OBJECTID":505,"X":-70.6361389443,"Y":-33.4360191733,"COD_MZN":"13101011003002"},"geometry":{"type":"Point","coordinates":[-70.636139,-33.436019,0.0]}},{"type":"Feature","properties":{"OBJECTID_1":506,"OBJECTID":506,"X":-70.6361444024,"Y":-33.4360205135,"COD_MZN":"13101011003002"},"geometry":{"type":"Point","coordinates":[-70.636144,-33.436021,0.0]}},{"type":"Feature","properties":{"OBJECTID_1":507,"OBJECTID":507,"X":-70.6361261824,"Y":-33.4360233828,"COD_MZN":"13101011003002"},"geometry":{"type":"Point","coordinates":[-70.636126,-33.436023,0.0]}},{"type":"Feature","properties":{"OBJECTID_1":508,"OBJECTID":508,"X":-70.6361082444,"Y":-33.4360260914,"COD_MZN":"13101011003002"},"geometry":{"type":"Point","coordinates":[-70.636108,-33.436026,0.0]}},{"type":"Feature","properties":{"OBJECTID_1":509,"OBJECTID":509,"X":-70.6361137025,"Y":-33.4360274316,"COD_MZN":"13101011003002"},"geometry":{"type":"Point","coordinates":[-70.636114,-33.436027,0.0]}},{"type":"Feature","properties":{"OBJECTID_1":510,"OBJECTID":510,"X":-70.6360954825,"Y":-33.4360303009,"COD_MZN":"13101011003002"},"geometry":{"type":"Point","coordinates":[-70.636095,-33.43603,0.0]}},{"type":"Feature","properties":{"OBJECTID_1":511,"OBJECTID":511,"X":-70.6360781766,"Y":-33.4360329317,"COD_MZN":"13101011003002"},"geometry":{"type":"Point","coordinates":[-70.636078,-33.436033,0.0]}},{"type":"Feature","properties":{"OBJECTID_1":512,"OBJECTID":512,"X":-70.6360836347,"Y":-33.4360342719,"COD_MZN":"13101011003002"},"geometry":{"type":"Point","coordinates":[-70.636084,-33.436034,0.0]}},{"type":"Feature","properties":{"OBJECTID_1":513,"OBJECTID":513,"X":-70.6360654147,"Y":-33.4360371412,"COD_MZN":"13101011003002"},"geometry":{"type":"Point","coordinates":[-70.636065,-33.436037,0.0]}},{"type":"Feature","properties":{"OBJECTID_1":514,"OBJECTID":514,"X":-70.6360474845,"Y":-33.4360404368,"COD_MZN":"13101011003002"},"geometry":{"type":"Point","coordinates":[-70.636047,-33.43604,0.0]}},{"type":"Feature","properties":{"OBJECTID_1":515,"OBJECTID":515,"X":-70.6360529426,"Y":-33.4360417761,"COD_MZN":"13101011003002"},"geometry":{"type":"Point","coordinates":[-70.636053,-33.436042,0.0]}},{"type":"Feature","properties":{"OBJECTID_1":516,"OBJECTID":516,"X":-70.6360347226,"Y":-33.4360446463,"COD_MZN":"13101011003002"},"geometry":{"type":"Point","coordinates":[-70.636035,-33.436045,0.0]}},{"type":"Feature","properties":{"OBJECTID_1":517,"OBJECTID":517,"X":-70.6360175661,"Y":-33.4360472174,"COD_MZN":"13101011003002"},"geometry":{"type":"Point","coordinates":[-70.636018,-33.436047,0.0]}},{"type":"Feature","properties":{"OBJECTID_1":518,"OBJECTID":518,"X":-70.6360230243,"Y":-33.4360485567,"COD_MZN":"13101011003002"},"geometry":{"type":"Point","coordinates":[-70.636023,-33.436049,0.0]}},{"type":"Feature","properties":{"OBJECTID_1":519,"OBJECTID":519,"X":-70.6360048043,"Y":-33.4360514269,"COD_MZN":"13101011003002"},"geometry":{"type":"Point","coordinates":[-70.636005,-33.436051,0.0]}},{"type":"Feature","properties":{"OBJECTID_1":520,"OBJECTID":520,"X":-70.6359873547,"Y":-33.4360547143,"COD_MZN":"13101011003002"},"geometry":{"type":"Point","coordinates":[-70.635987,-33.436055,0.0]}},{"type":"Feature","properties":{"OBJECTID_1":521,"OBJECTID":521,"X":-70.6359928128,"Y":-33.4360560546,"COD_MZN":"13101011003002"},"geometry":{"type":"Point","coordinates":[-70.635993,-33.436056,0.0]}},{"type":"Feature","properties":{"OBJECTID_1":522,"OBJECTID":522,"X":-70.6384454137,"Y":-33.4364722352,"COD_MZN":"13101011003003"},"geometry":{"type":"Point","coordinates":[-70.638445,-33.436472,0.0]}},{"type":"Feature","properties":{"OBJECTID_1":523,"OBJECTID":523,"X":-70.6384466177,"Y":-33.4364666478,"COD_MZN":"13101011003003"},"geometry":{"type":"Point","coordinates":[-70.638447,-33.436467,0.0]}},{"type":"Feature","properties":{"OBJECTID_1":524,"OBJECTID":524,"X":-70.6384686948,"Y":-33.4364815645,"COD_MZN":"13101011003003"},"geometry":{"type":"Point","coordinates":[-70.638469,-33.436482,0.0]}},{"type":"Feature","properties":{"OBJECTID_1":525,"OBJECTID":525,"X":-70.6384646875,"Y":-33.4364625402,"COD_MZN":"13101011003003"},"geometry":{"type":"Point","coordinates":[-70.638465,-33.436463,0.0]}},{"type":"Feature","properties":{"OBJECTID_1":526,"OBJECTID":526,"X":-70.638435042,"Y":-33.436402982,"COD_MZN":"13101011003003"},"geometry":{"type":"Point","coordinates":[-70.638435,-33.436403,0.0]}},{"type":"Feature","properties":{"OBJECTID_1":527,"OBJECTID":527,"X":-70.6384307893,"Y":-33.4363979086,"COD_MZN":"13101011003003"},"geometry":{"type":"Point","coordinates":[-70.638431,-33.436398,0.0]}},{"type":"Feature","properties":{"OBJECTID_1":528,"OBJECTID":528,"X":-70.6384219324,"Y":-33.4363986452,"COD_MZN":"13101011003003"},"geometry":{"type":"Point","coordinates":[-70.638422,-33.436399,0.0]}},{"type":"Feature","properties":{"OBJECTID_1":529,"OBJECTID":529,"X":-70.6396026154,"Y":-33.4367815592,"COD_MZN":"13101011001006"},"geometry":{"type":"Point","coordinates":[-70.639603,-33.436782,0.0]}},{"type":"Feature","properties":{"OBJECTID_1":530,"OBJECTID":530,"X":-70.6395998961,"Y":-33.4367889316,"COD_MZN":"13101011001006"},"geometry":{"type":"Point","coordinates":[-70.6396,-33.436789,0.0]}},{"type":"Feature","properties":{"OBJECTID_1":531,"OBJECTID":531,"X":-70.6396110522,"Y":-33.4367890212,"COD_MZN":"13101011001006"},"geometry":{"type":"Point","coordinates":[-70.639611,-33.436789,0.0]}},{"type":"Feature","properties":{"OBJECTID_1":532,"OBJECTID":532,"X":-70.6396148239,"Y":-33.4367816178,"COD_MZN":"13101011001006"},"geometry":{"type":"Point","coordinates":[-70.639615,-33.436782,0.0]}},{"type":"Feature","properties":{"OBJECTID_1":533,"OBJECTID":533,"X":-70.6396221423,"Y":-33.4367891532,"COD_MZN":"13101011001006"},"geometry":{"type":"Point","coordinates":[-70.639622,-33.436789,0.0]}},{"type":"Feature","properties":{"OBJECTID_1":534,"OBJECTID":534,"X":-70.6396254387,"Y":-33.4367815803,"COD_MZN":"13101011001006"},"geometry":{"type":"Point","coordinates":[-70.639625,-33.436782,0.0]}},{"type":"Feature","properties":{"OBJECTID_1":535,"OBJECTID":535,"X":-70.6395875129,"Y":-33.4367890809,"COD_MZN":"13101011001006"},"geometry":{"type":"Point","coordinates":[-70.639588,-33.436789,0.0]}},{"type":"Feature","properties":{"OBJECTID_1":536,"OBJECTID":536,"X":-70.6395916143,"Y":-33.4367817615,"COD_MZN":"13101011001006"},"geometry":{"type":"Point","coordinates":[-70.639592,-33.436782,0.0]}},{"type":"Feature","properties":{"OBJECTID_1":537,"OBJECTID":537,"X":-70.6397281601,"Y":-33.4367804356,"COD_MZN":"13101011001006"},"geometry":{"type":"Point","coordinates":[-70.639728,-33.43678,0.0]}},{"type":"Feature","properties":{"OBJECTID_1":538,"OBJECTID":538,"X":-70.6397254409,"Y":-33.4367878079,"COD_MZN":"13101011001006"},"geometry":{"type":"Point","coordinates":[-70.639725,-33.436788,0.0]}},{"type":"Feature","properties":{"OBJECTID_1":539,"OBJECTID":539,"X":-70.6397365959,"Y":-33.4367878976,"COD_MZN":"13101011001006"},"geometry":{"type":"Point","coordinates":[-70.639737,-33.436788,0.0]}},{"type":"Feature","properties":{"OBJECTID_1":540,"OBJECTID":540,"X":-70.6397403687,"Y":-33.4367804933,"COD_MZN":"13101011001006"},"geometry":{"type":"Point","coordinates":[-70.63974,-33.43678,0.0]}},{"type":"Feature","properties":{"OBJECTID_1":541,"OBJECTID":541,"X":-70.6397476871,"Y":-33.4367880286,"COD_MZN":"13101011001006"},"geometry":{"type":"Point","coordinates":[-70.639748,-33.436788,0.0]}},{"type":"Feature","properties":{"OBJECTID_1":542,"OBJECTID":542,"X":-70.6397509835,"Y":-33.4367804566,"COD_MZN":"13101011001006"},"geometry":{"type":"Point","coordinates":[-70.639751,-33.43678,0.0]}},{"type":"Feature","properties":{"OBJECTID_1":543,"OBJECTID":543,"X":-70.6397130577,"Y":-33.4367879563,"COD_MZN":"13101011001006"},"geometry":{"type":"Point","coordinates":[-70.639713,-33.436788,0.0]}},{"type":"Feature","properties":{"OBJECTID_1":544,"OBJECTID":544,"X":-70.6397171591,"Y":-33.4367806379,"COD_MZN":"13101011001006"},"geometry":{"type":"Point","coordinates":[-70.639717,-33.436781,0.0]}},{"type":"Feature","properties":{"OBJECTID_1":545,"OBJECTID":545,"X":-70.6398447948,"Y":-33.4367803666,"COD_MZN":"13101011001006"},"geometry":{"type":"Point","coordinates":[-70.639845,-33.43678,0.0]}},{"type":"Feature","properties":{"OBJECTID_1":546,"OBJECTID":546,"X":-70.6398420755,"Y":-33.436787739,"COD_MZN":"13101011001006"},"geometry":{"type":"Point","coordinates":[-70.639842,-33.436788,0.0]}},{"type":"Feature","properties":{"OBJECTID_1":547,"OBJECTID":547,"X":-70.6398532305,"Y":-33.4367878286,"COD_MZN":"13101011001006"},"geometry":{"type":"Point","coordinates":[-70.639853,-33.436788,0.0]}},{"type":"Feature","properties":{"OBJECTID_1":548,"OBJECTID":548,"X":-70.6398570033,"Y":-33.4367804252,"COD_MZN":"13101011001006"},"geometry":{"type":"Point","coordinates":[-70.639857,-33.43678,0.0]}},{"type":"Feature","properties":{"OBJECTID_1":549,"OBJECTID":549,"X":-70.6398643218,"Y":-33.4367879597,"COD_MZN":"13101011001006"},"geometry":{"type":"Point","coordinates":[-70.639864,-33.436788,0.0]}},{"type":"Feature","properties":{"OBJECTID_1":550,"OBJECTID":550,"X":-70.6398676181,"Y":-33.4367803876,"COD_MZN":"13101011001006"},"geometry":{"type":"Point","coordinates":[-70.639868,-33.43678,0.0]}},{"type":"Feature","properties":{"OBJECTID_1":551,"OBJECTID":551,"X":-70.6398296923,"Y":-33.4367878874,"COD_MZN":"13101011001006"},"geometry":{"type":"Point","coordinates":[-70.63983,-33.436788,0.0]}},{"type":"Feature","properties":{"OBJECTID_1":552,"OBJECTID":552,"X":-70.6398337937,"Y":-33.4367805689,"COD_MZN":"13101011001006"},"geometry":{"type":"Point","coordinates":[-70.639834,-33.436781,0.0]}},{"type":"Feature","properties":{"OBJECTID_1":553,"OBJECTID":553,"X":-70.6399699897,"Y":-33.4367804287,"COD_MZN":"13101011001006"},"geometry":{"type":"Point","coordinates":[-70.63997,-33.43678,0.0]}},{"type":"Feature","properties":{"OBJECTID_1":554,"OBJECTID":554,"X":-70.6399672704,"Y":-33.4367878011,"COD_MZN":"13101011001006"},"geometry":{"type":"Point","coordinates":[-70.639967,-33.436788,0.0]}},{"type":"Feature","properties":{"OBJECTID_1":555,"OBJECTID":555,"X":-70.6399548872,"Y":-33.4367879495,"COD_MZN":"13101011001006"},"geometry":{"type":"Point","coordinates":[-70.639955,-33.436788,0.0]}},{"type":"Feature","properties":{"OBJECTID_1":556,"OBJECTID":556,"X":-70.6399589886,"Y":-33.4367806311,"COD_MZN":"13101011001006"},"geometry":{"type":"Point","coordinates":[-70.639959,-33.436781,0.0]}},{"type":"Feature","properties":{"OBJECTID_1":557,"OBJECTID":557,"X":-70.6401580665,"Y":-33.4367778634,"COD_MZN":"13101011001006"},"geometry":{"type":"Point","coordinates":[-70.640158,-33.436778,0.0]}},{"type":"Feature","properties":{"OBJECTID_1":558,"OBJECTID":558,"X":-70.6401553473,"Y":-33.4367852357,"COD_MZN":"13101011001006"},"geometry":{"type":"Point","coordinates":[-70.640155,-33.436785,0.0]}},{"type":"Feature","properties":{"OBJECTID_1":559,"OBJECTID":559,"X":-70.6401665023,"Y":-33.4367853245,"COD_MZN":"13101011001006"},"geometry":{"type":"Point","coordinates":[-70.640167,-33.436785,0.0]}},{"type":"Feature","properties":{"OBJECTID_1":560,"OBJECTID":560,"X":-70.6401702751,"Y":-33.436777921,"COD_MZN":"13101011001006"},"geometry":{"type":"Point","coordinates":[-70.64017,-33.436778,0.0]}},{"type":"Feature","properties":{"OBJECTID_1":561,"OBJECTID":561,"X":-70.6401775935,"Y":-33.4367854564,"COD_MZN":"13101011001006"},"geometry":{"type":"Point","coordinates":[-70.640178,-33.436785,0.0]}},{"type":"Feature","properties":{"OBJECTID_1":562,"OBJECTID":562,"X":-70.6401808898,"Y":-33.4367778834,"COD_MZN":"13101011001006"},"geometry":{"type":"Point","coordinates":[-70.640181,-33.436778,0.0]}},{"type":"Feature","properties":{"OBJECTID_1":563,"OBJECTID":563,"X":-70.6401429641,"Y":-33.4367853842,"COD_MZN":"13101011001006"},"geometry":{"type":"Point","coordinates":[-70.640143,-33.436785,0.0]}},{"type":"Feature","properties":{"OBJECTID_1":564,"OBJECTID":564,"X":-70.6401470655,"Y":-33.4367780657,"COD_MZN":"13101011001006"},"geometry":{"type":"Point","coordinates":[-70.640147,-33.436778,0.0]}},{"type":"Feature","properties":{"OBJECTID_1":565,"OBJECTID":565,"X":-70.6402045177,"Y":-33.4367780191,"COD_MZN":"13101011001006"},"geometry":{"type":"Point","coordinates":[-70.640205,-33.436778,0.0]}},{"type":"Feature","properties":{"OBJECTID_1":566,"OBJECTID":566,"X":-70.6402017985,"Y":-33.4367853914,"COD_MZN":"13101011001006"},"geometry":{"type":"Point","coordinates":[-70.640202,-33.436785,0.0]}},{"type":"Feature","properties":{"OBJECTID_1":567,"OBJECTID":567,"X":-70.6402129535,"Y":-33.436785481,"COD_MZN":"13101011001006"},"geometry":{"type":"Point","coordinates":[-70.640213,-33.436785,0.0]}},{"type":"Feature","properties":{"OBJECTID_1":568,"OBJECTID":568,"X":-70.6402167263,"Y":-33.4367780767,"COD_MZN":"13101011001006"},"geometry":{"type":"Point","coordinates":[-70.640217,-33.436778,0.0]}},{"type":"Feature","properties":{"OBJECTID_1":569,"OBJECTID":569,"X":-70.6402240447,"Y":-33.4367856121,"COD_MZN":"13101011001006"},"geometry":{"type":"Point","coordinates":[-70.640224,-33.436786,0.0]}},{"type":"Feature","properties":{"OBJECTID_1":570,"OBJECTID":570,"X":-70.6402273411,"Y":-33.43677804,"COD_MZN":"13101011001006"},"geometry":{"type":"Point","coordinates":[-70.640227,-33.436778,0.0]}},{"type":"Feature","properties":{"OBJECTID_1":571,"OBJECTID":571,"X":-70.6401894153,"Y":-33.4367855399,"COD_MZN":"13101011001006"},"geometry":{"type":"Point","coordinates":[-70.640189,-33.436786,0.0]}},{"type":"Feature","properties":{"OBJECTID_1":572,"OBJECTID":572,"X":-70.6401935167,"Y":-33.4367782214,"COD_MZN":"13101011001006"},"geometry":{"type":"Point","coordinates":[-70.640194,-33.436778,0.0]}},{"type":"Feature","properties":{"OBJECTID_1":573,"OBJECTID":573,"X":-70.640376282,"Y":-33.4367780013,"COD_MZN":"13101011001006"},"geometry":{"type":"Point","coordinates":[-70.640376,-33.436778,0.0]}},{"type":"Feature","properties":{"OBJECTID_1":574,"OBJECTID":574,"X":-70.6403735628,"Y":-33.4367853746,"COD_MZN":"13101011001006"},"geometry":{"type":"Point","coordinates":[-70.640374,-33.436785,0.0]}},{"type":"Feature","properties":{"OBJECTID_1":575,"OBJECTID":575,"X":-70.6403847178,"Y":-33.4367854633,"COD_MZN":"13101011001006"},"geometry":{"type":"Point","coordinates":[-70.640385,-33.436785,0.0]}},{"type":"Feature","properties":{"OBJECTID_1":576,"OBJECTID":576,"X":-70.6403884895,"Y":-33.4367780599,"COD_MZN":"13101011001006"},"geometry":{"type":"Point","coordinates":[-70.640388,-33.436778,0.0]}},{"type":"Feature","properties":{"OBJECTID_1":577,"OBJECTID":577,"X":-70.6403991054,"Y":-33.4367780222,"COD_MZN":"13101011001006"},"geometry":{"type":"Point","coordinates":[-70.640399,-33.436778,0.0]}},{"type":"Feature","properties":{"OBJECTID_1":578,"OBJECTID":578,"X":-70.6403611796,"Y":-33.4367855231,"COD_MZN":"13101011001006"},"geometry":{"type":"Point","coordinates":[-70.640361,-33.436786,0.0]}},{"type":"Feature","properties":{"OBJECTID_1":579,"OBJECTID":579,"X":-70.6403652799,"Y":-33.4367782037,"COD_MZN":"13101011001006"},"geometry":{"type":"Point","coordinates":[-70.640365,-33.436778,0.0]}},{"type":"Feature","properties":{"OBJECTID_1":580,"OBJECTID":580,"X":-70.6401364573,"Y":-33.4367780564,"COD_MZN":"13101011001006"},"geometry":{"type":"Point","coordinates":[-70.640136,-33.436778,0.0]}},{"type":"Feature","properties":{"OBJECTID_1":581,"OBJECTID":581,"X":-70.6400739106,"Y":-33.4367865511,"COD_MZN":"13101011001006"},"geometry":{"type":"Point","coordinates":[-70.640074,-33.436787,0.0]}},{"type":"Feature","properties":{"OBJECTID_1":582,"OBJECTID":582,"X":-70.6400653037,"Y":-33.4367778234,"COD_MZN":"13101011001006"},"geometry":{"type":"Point","coordinates":[-70.640065,-33.436778,0.0]}},{"type":"Feature","properties":{"OBJECTID_1":583,"OBJECTID":583,"X":-70.6399473483,"Y":-33.4367805325,"COD_MZN":"13101011001006"},"geometry":{"type":"Point","coordinates":[-70.639947,-33.436781,0.0]}},{"type":"Feature","properties":{"OBJECTID_1":584,"OBJECTID":584,"X":-70.6399446291,"Y":-33.4367879049,"COD_MZN":"13101011001006"},"geometry":{"type":"Point","coordinates":[-70.639945,-33.436788,0.0]}},{"type":"Feature","properties":{"OBJECTID_1":585,"OBJECTID":585,"X":-70.6399322459,"Y":-33.4367880533,"COD_MZN":"13101011001006"},"geometry":{"type":"Point","coordinates":[-70.639932,-33.436788,0.0]}},{"type":"Feature","properties":{"OBJECTID_1":586,"OBJECTID":586,"X":-70.6399363473,"Y":-33.4367807348,"COD_MZN":"13101011001006"},"geometry":{"type":"Point","coordinates":[-70.639936,-33.436781,0.0]}},{"type":"Feature","properties":{"OBJECTID_1":587,"OBJECTID":587,"X":-70.6404215088,"Y":-33.4367774516,"COD_MZN":"13101011001006"},"geometry":{"type":"Point","coordinates":[-70.640422,-33.436777,0.0]}},{"type":"Feature","properties":{"OBJECTID_1":588,"OBJECTID":588,"X":-70.6404187896,"Y":-33.436784824,"COD_MZN":"13101011001006"},"geometry":{"type":"Point","coordinates":[-70.640419,-33.436785,0.0]}},{"type":"Feature","properties":{"OBJECTID_1":589,"OBJECTID":589,"X":-70.6404299446,"Y":-33.4367849136,"COD_MZN":"13101011001006"},"geometry":{"type":"Point","coordinates":[-70.64043,-33.436785,0.0]}},{"type":"Feature","properties":{"OBJECTID_1":590,"OBJECTID":590,"X":-70.6404337173,"Y":-33.4367775093,"COD_MZN":"13101011001006"},"geometry":{"type":"Point","coordinates":[-70.640434,-33.436778,0.0]}},{"type":"Feature","properties":{"OBJECTID_1":591,"OBJECTID":591,"X":-70.6404410358,"Y":-33.4367850446,"COD_MZN":"13101011001006"},"geometry":{"type":"Point","coordinates":[-70.640441,-33.436785,0.0]}},{"type":"Feature","properties":{"OBJECTID_1":592,"OBJECTID":592,"X":-70.6404443321,"Y":-33.4367774725,"COD_MZN":"13101011001006"},"geometry":{"type":"Point","coordinates":[-70.640444,-33.436777,0.0]}},{"type":"Feature","properties":{"OBJECTID_1":593,"OBJECTID":593,"X":-70.6404064064,"Y":-33.4367849725,"COD_MZN":"13101011001006"},"geometry":{"type":"Point","coordinates":[-70.640406,-33.436785,0.0]}},{"type":"Feature","properties":{"OBJECTID_1":594,"OBJECTID":594,"X":-70.6404105077,"Y":-33.436777654,"COD_MZN":"13101011001006"},"geometry":{"type":"Point","coordinates":[-70.640411,-33.436778,0.0]}},{"type":"Feature","properties":{"OBJECTID_1":595,"OBJECTID":595,"X":-70.6404674243,"Y":-33.4367774908,"COD_MZN":"13101011001006"},"geometry":{"type":"Point","coordinates":[-70.640467,-33.436777,0.0]}},{"type":"Feature","properties":{"OBJECTID_1":596,"OBJECTID":596,"X":-70.6404647051,"Y":-33.4367848631,"COD_MZN":"13101011001006"},"geometry":{"type":"Point","coordinates":[-70.640465,-33.436785,0.0]}},{"type":"Feature","properties":{"OBJECTID_1":597,"OBJECTID":597,"X":-70.6404758601,"Y":-33.4367849518,"COD_MZN":"13101011001006"},"geometry":{"type":"Point","coordinates":[-70.640476,-33.436785,0.0]}},{"type":"Feature","properties":{"OBJECTID_1":598,"OBJECTID":598,"X":-70.6404796328,"Y":-33.4367775484,"COD_MZN":"13101011001006"},"geometry":{"type":"Point","coordinates":[-70.64048,-33.436778,0.0]}},{"type":"Feature","properties":{"OBJECTID_1":599,"OBJECTID":599,"X":-70.6404869513,"Y":-33.4367850837,"COD_MZN":"13101011001006"},"geometry":{"type":"Point","coordinates":[-70.640487,-33.436785,0.0]}},{"type":"Feature","properties":{"OBJECTID_1":600,"OBJECTID":600,"X":-70.6404902476,"Y":-33.4367775107,"COD_MZN":"13101011001006"},"geometry":{"type":"Point","coordinates":[-70.64049,-33.436778,0.0]}},{"type":"Feature","properties":{"OBJECTID_1":601,"OBJECTID":601,"X":-70.6404523219,"Y":-33.4367850116,"COD_MZN":"13101011001006"},"geometry":{"type":"Point","coordinates":[-70.640452,-33.436785,0.0]}},{"type":"Feature","properties":{"OBJECTID_1":602,"OBJECTID":602,"X":-70.6404564232,"Y":-33.4367776922,"COD_MZN":"13101011001006"},"geometry":{"type":"Point","coordinates":[-70.640456,-33.436778,0.0]}},{"type":"Feature","properties":{"OBJECTID_1":603,"OBJECTID":603,"X":-70.640512866,"Y":-33.4367774478,"COD_MZN":"13101011001006"},"geometry":{"type":"Point","coordinates":[-70.640513,-33.436777,0.0]}},{"type":"Feature","properties":{"OBJECTID_1":604,"OBJECTID":604,"X":-70.6405101468,"Y":-33.4367848201,"COD_MZN":"13101011001006"},"geometry":{"type":"Point","coordinates":[-70.64051,-33.436785,0.0]}},{"type":"Feature","properties":{"OBJECTID_1":605,"OBJECTID":605,"X":-70.6404977636,"Y":-33.4367849686,"COD_MZN":"13101011001006"},"geometry":{"type":"Point","coordinates":[-70.640498,-33.436785,0.0]}},{"type":"Feature","properties":{"OBJECTID_1":606,"OBJECTID":606,"X":-70.640501865,"Y":-33.4367776501,"COD_MZN":"13101011001006"},"geometry":{"type":"Point","coordinates":[-70.640502,-33.436778,0.0]}},{"type":"Feature","properties":{"OBJECTID_1":607,"OBJECTID":607,"X":-70.6402366366,"Y":-33.4367856908,"COD_MZN":"13101011001006"},"geometry":{"type":"Point","coordinates":[-70.640237,-33.436786,0.0]}},{"type":"Feature","properties":{"OBJECTID_1":608,"OBJECTID":608,"X":-70.6402399329,"Y":-33.4367781178,"COD_MZN":"13101011001006"},"geometry":{"type":"Point","coordinates":[-70.64024,-33.436778,0.0]}},{"type":"Feature","properties":{"OBJECTID_1":609,"OBJECTID":609,"X":-70.6402489395,"Y":-33.4367860186,"COD_MZN":"13101011001006"},"geometry":{"type":"Point","coordinates":[-70.640249,-33.436786,0.0]}},{"type":"Feature","properties":{"OBJECTID_1":610,"OBJECTID":610,"X":-70.6402522358,"Y":-33.4367784466,"COD_MZN":"13101011001006"},"geometry":{"type":"Point","coordinates":[-70.640252,-33.436778,0.0]}},{"type":"Feature","properties":{"OBJECTID_1":611,"OBJECTID":611,"X":-70.6417453382,"Y":-33.4352188537,"COD_MZN":"13101011001006"},"geometry":{"type":"Point","coordinates":[-70.641745,-33.435219,0.0]}},{"type":"Feature","properties":{"OBJECTID_1":612,"OBJECTID":612,"X":-70.6417442013,"Y":-33.4352269654,"COD_MZN":"13101011001006"},"geometry":{"type":"Point","coordinates":[-70.641744,-33.435227,0.0]}},{"type":"Feature","properties":{"OBJECTID_1":613,"OBJECTID":613,"X":-70.6417474358,"Y":-33.4352333661,"COD_MZN":"13101011001006"},"geometry":{"type":"Point","coordinates":[-70.641747,-33.435233,0.0]}},{"type":"Feature","properties":{"OBJECTID_1":614,"OBJECTID":614,"X":-70.6417522943,"Y":-33.4352406129,"COD_MZN":"13101011001006"},"geometry":{"type":"Point","coordinates":[-70.641752,-33.435241,0.0]}},{"type":"Feature","properties":{"OBJECTID_1":615,"OBJECTID":615,"X":-70.6420276944,"Y":-33.4351523105,"COD_MZN":"13101011001006"},"geometry":{"type":"Point","coordinates":[-70.642028,-33.435152,0.0]}},{"type":"Feature","properties":{"OBJECTID_1":616,"OBJECTID":616,"X":-70.6421530358,"Y":-33.4351464589,"COD_MZN":"13101011001006"},"geometry":{"type":"Point","coordinates":[-70.642153,-33.435146,0.0]}},{"type":"Feature","properties":{"OBJECTID_1":617,"OBJECTID":617,"X":-70.6421497058,"Y":-33.4351387563,"COD_MZN":"13101011001006"},"geometry":{"type":"Point","coordinates":[-70.64215,-33.435139,0.0]}},{"type":"Feature","properties":{"OBJECTID_1":618,"OBJECTID":618,"X":-70.6421596382,"Y":-33.4351407025,"COD_MZN":"13101011001006"},"geometry":{"type":"Point","coordinates":[-70.64216,-33.435141,0.0]}},{"type":"Feature","properties":{"OBJECTID_1":619,"OBJECTID":619,"X":-70.6421702249,"Y":-33.4351415841,"COD_MZN":"13101011001006"},"geometry":{"type":"Point","coordinates":[-70.64217,-33.435142,0.0]}},{"type":"Feature","properties":{"OBJECTID_1":620,"OBJECTID":620,"X":-70.6421683961,"Y":-33.4351338643,"COD_MZN":"13101011001006"},"geometry":{"type":"Point","coordinates":[-70.642168,-33.435134,0.0]}},{"type":"Feature","properties":{"OBJECTID_1":621,"OBJECTID":621,"X":-70.6421207067,"Y":-33.4351389654,"COD_MZN":"13101011001006"},"geometry":{"type":"Point","coordinates":[-70.642121,-33.435139,0.0]}},{"type":"Feature","properties":{"OBJECTID_1":622,"OBJECTID":622,"X":-70.6421458693,"Y":-33.4351248378,"COD_MZN":"13101011001006"},"geometry":{"type":"Point","coordinates":[-70.642146,-33.435125,0.0]}},{"type":"Feature","properties":{"OBJECTID_1":623,"OBJECTID":623,"X":-70.6421545526,"Y":-33.4351218036,"COD_MZN":"13101011001006"},"geometry":{"type":"Point","coordinates":[-70.642155,-33.435122,0.0]}},{"type":"Feature","properties":{"OBJECTID_1":624,"OBJECTID":624,"X":-70.6421641954,"Y":-33.4351225948,"COD_MZN":"13101011001006"},"geometry":{"type":"Point","coordinates":[-70.642164,-33.435123,0.0]}},{"type":"Feature","properties":{"OBJECTID_1":625,"OBJECTID":625,"X":-70.6421608494,"Y":-33.4351298032,"COD_MZN":"13101011001006"},"geometry":{"type":"Point","coordinates":[-70.642161,-33.43513,0.0]}},{"type":"Feature","properties":{"OBJECTID_1":626,"OBJECTID":626,"X":-70.6428271567,"Y":-33.4354668476,"COD_MZN":"13101011001006"},"geometry":{"type":"Point","coordinates":[-70.642827,-33.435467,0.0]}},{"type":"Feature","properties":{"OBJECTID_1":627,"OBJECTID":627,"X":-70.6428219719,"Y":-33.4354669461,"COD_MZN":"13101011001006"},"geometry":{"type":"Point","coordinates":[-70.642822,-33.435467,0.0]}},{"type":"Feature","properties":{"OBJECTID_1":628,"OBJECTID":628,"X":-70.6428162275,"Y":-33.4354696546,"COD_MZN":"13101011001006"},"geometry":{"type":"Point","coordinates":[-70.642816,-33.43547,0.0]}},{"type":"Feature","properties":{"OBJECTID_1":629,"OBJECTID":629,"X":-70.6428110427,"Y":-33.4354697522,"COD_MZN":"13101011001006"},"geometry":{"type":"Point","coordinates":[-70.642811,-33.43547,0.0]}},{"type":"Feature","properties":{"OBJECTID_1":630,"OBJECTID":630,"X":-70.6428052513,"Y":-33.4354721349,"COD_MZN":"13101011001006"},"geometry":{"type":"Point","coordinates":[-70.642805,-33.435472,0.0]}},{"type":"Feature","properties":{"OBJECTID_1":631,"OBJECTID":631,"X":-70.6428000665,"Y":-33.4354722324,"COD_MZN":"13101011001006"},"geometry":{"type":"Point","coordinates":[-70.6428,-33.435472,0.0]}},{"type":"Feature","properties":{"OBJECTID_1":632,"OBJECTID":632,"X":-70.642794033,"Y":-33.4354747247,"COD_MZN":"13101011001006"},"geometry":{"type":"Point","coordinates":[-70.642794,-33.435475,0.0]}},{"type":"Feature","properties":{"OBJECTID_1":633,"OBJECTID":633,"X":-70.6427888482,"Y":-33.4354748223,"COD_MZN":"13101011001006"},"geometry":{"type":"Point","coordinates":[-70.642789,-33.435475,0.0]}},{"type":"Feature","properties":{"OBJECTID_1":634,"OBJECTID":634,"X":-70.6427828427,"Y":-33.4354778337,"COD_MZN":"13101011001006"},"geometry":{"type":"Point","coordinates":[-70.642783,-33.435478,0.0]}},{"type":"Feature","properties":{"OBJECTID_1":635,"OBJECTID":635,"X":-70.6427776579,"Y":-33.4354779313,"COD_MZN":"13101011001006"},"geometry":{"type":"Point","coordinates":[-70.642778,-33.435478,0.0]}},{"type":"Feature","properties":{"OBJECTID_1":636,"OBJECTID":636,"X":-70.6428575486,"Y":-33.4355197547,"COD_MZN":"13101011001006"},"geometry":{"type":"Point","coordinates":[-70.642858,-33.43552,0.0]}},{"type":"Feature","properties":{"OBJECTID_1":637,"OBJECTID":637,"X":-70.6422881375,"Y":-33.4353659357,"COD_MZN":"13101011001006"},"geometry":{"type":"Point","coordinates":[-70.642288,-33.435366,0.0]}},{"type":"Feature","properties":{"OBJECTID_1":638,"OBJECTID":638,"X":-70.6422940947,"Y":-33.4353656719,"COD_MZN":"13101011001006"},"geometry":{"type":"Point","coordinates":[-70.642294,-33.435366,0.0]}},{"type":"Feature","properties":{"OBJECTID_1":639,"OBJECTID":639,"X":-70.6428027565,"Y":-33.4355377966,"COD_MZN":"13101011001006"},"geometry":{"type":"Point","coordinates":[-70.642803,-33.435538,0.0]}},{"type":"Feature","properties":{"OBJECTID_1":640,"OBJECTID":640,"X":-70.6428071425,"Y":-33.4355352062,"COD_MZN":"13101011001006"},"geometry":{"type":"Point","coordinates":[-70.642807,-33.435535,0.0]}},{"type":"Feature","properties":{"OBJECTID_1":641,"OBJECTID":641,"X":-70.6422991847,"Y":-33.4353632237,"COD_MZN":"13101011001006"},"geometry":{"type":"Point","coordinates":[-70.642299,-33.435363,0.0]}},{"type":"Feature","properties":{"OBJECTID_1":642,"OBJECTID":642,"X":-70.6423051419,"Y":-33.4353629599,"COD_MZN":"13101011001006"},"geometry":{"type":"Point","coordinates":[-70.642305,-33.435363,0.0]}},{"type":"Feature","properties":{"OBJECTID_1":643,"OBJECTID":643,"X":-70.6428138037,"Y":-33.4355350846,"COD_MZN":"13101011001006"},"geometry":{"type":"Point","coordinates":[-70.642814,-33.435535,0.0]}},{"type":"Feature","properties":{"OBJECTID_1":644,"OBJECTID":644,"X":-70.6428189857,"Y":-33.4355348978,"COD_MZN":"13101011001006"},"geometry":{"type":"Point","coordinates":[-70.642819,-33.435535,0.0]}},{"type":"Feature","properties":{"OBJECTID_1":645,"OBJECTID":645,"X":-70.6423106437,"Y":-33.4353604494,"COD_MZN":"13101011001006"},"geometry":{"type":"Point","coordinates":[-70.642311,-33.43536,0.0]}},{"type":"Feature","properties":{"OBJECTID_1":646,"OBJECTID":646,"X":-70.642316601,"Y":-33.4353601865,"COD_MZN":"13101011001006"},"geometry":{"type":"Point","coordinates":[-70.642317,-33.43536,0.0]}},{"type":"Feature","properties":{"OBJECTID_1":647,"OBJECTID":647,"X":-70.6428252627,"Y":-33.4355323102,"COD_MZN":"13101011001006"},"geometry":{"type":"Point","coordinates":[-70.642825,-33.435532,0.0]}},{"type":"Feature","properties":{"OBJECTID_1":648,"OBJECTID":648,"X":-70.6428304437,"Y":-33.4355321234,"COD_MZN":"13101011001006"},"geometry":{"type":"Point","coordinates":[-70.64283,-33.435532,0.0]}},{"type":"Feature","properties":{"OBJECTID_1":649,"OBJECTID":649,"X":-70.6423217208,"Y":-33.4353577802,"COD_MZN":"13101011001006"},"geometry":{"type":"Point","coordinates":[-70.642322,-33.435358,0.0]}},{"type":"Feature","properties":{"OBJECTID_1":650,"OBJECTID":650,"X":-70.642327678,"Y":-33.4353575165,"COD_MZN":"13101011001006"},"geometry":{"type":"Point","coordinates":[-70.642328,-33.435358,0.0]}},{"type":"Feature","properties":{"OBJECTID_1":651,"OBJECTID":651,"X":-70.6428363397,"Y":-33.435529641,"COD_MZN":"13101011001006"},"geometry":{"type":"Point","coordinates":[-70.642836,-33.43553,0.0]}},{"type":"Feature","properties":{"OBJECTID_1":652,"OBJECTID":652,"X":-70.6428448486,"Y":-33.4355292235,"COD_MZN":"13101011001006"},"geometry":{"type":"Point","coordinates":[-70.642845,-33.435529,0.0]}},{"type":"Feature","properties":{"OBJECTID_1":653,"OBJECTID":653,"X":-70.6423332671,"Y":-33.4353554151,"COD_MZN":"13101011001006"},"geometry":{"type":"Point","coordinates":[-70.642333,-33.435355,0.0]}},{"type":"Feature","properties":{"OBJECTID_1":654,"OBJECTID":654,"X":-70.6428478861,"Y":-33.4355272759,"COD_MZN":"13101011001006"},"geometry":{"type":"Point","coordinates":[-70.642848,-33.435527,0.0]}},{"type":"Feature","properties":{"OBJECTID_1":655,"OBJECTID":655,"X":-70.6428359576,"Y":-33.4354665082,"COD_MZN":"13101011001006"},"geometry":{"type":"Point","coordinates":[-70.642836,-33.435467,0.0]}},{"type":"Feature","properties":{"OBJECTID_1":656,"OBJECTID":656,"X":-70.6428307728,"Y":-33.4354666067,"COD_MZN":"13101011001006"},"geometry":{"type":"Point","coordinates":[-70.642831,-33.435467,0.0]}},{"type":"Feature","properties":{"OBJECTID_1":657,"OBJECTID":657,"X":-70.6422257584,"Y":-33.4355095952,"COD_MZN":"13101011001006"},"geometry":{"type":"Point","coordinates":[-70.642226,-33.43551,0.0]}},{"type":"Feature","properties":{"OBJECTID_1":658,"OBJECTID":658,"X":-70.6422284498,"Y":-33.4355152537,"COD_MZN":"13101011001006"},"geometry":{"type":"Point","coordinates":[-70.642228,-33.435515,0.0]}},{"type":"Feature","properties":{"OBJECTID_1":659,"OBJECTID":659,"X":-70.6427724375,"Y":-33.4354893806,"COD_MZN":"13101011001006"},"geometry":{"type":"Point","coordinates":[-70.642772,-33.435489,0.0]}},{"type":"Feature","properties":{"OBJECTID_1":660,"OBJECTID":660,"X":-70.6422289573,"Y":-33.4355199257,"COD_MZN":"13101011001006"},"geometry":{"type":"Point","coordinates":[-70.642229,-33.43552,0.0]}},{"type":"Feature","properties":{"OBJECTID_1":661,"OBJECTID":661,"X":-70.6422316486,"Y":-33.4355255833,"COD_MZN":"13101011001006"},"geometry":{"type":"Point","coordinates":[-70.642232,-33.435526,0.0]}},{"type":"Feature","properties":{"OBJECTID_1":662,"OBJECTID":662,"X":-70.6427756375,"Y":-33.435499711,"COD_MZN":"13101011001006"},"geometry":{"type":"Point","coordinates":[-70.642776,-33.4355,0.0]}},{"type":"Feature","properties":{"OBJECTID_1":663,"OBJECTID":663,"X":-70.6422325323,"Y":-33.4355309257,"COD_MZN":"13101011001006"},"geometry":{"type":"Point","coordinates":[-70.642233,-33.435531,0.0]}},{"type":"Feature","properties":{"OBJECTID_1":664,"OBJECTID":664,"X":-70.6422352236,"Y":-33.4355365833,"COD_MZN":"13101011001006"},"geometry":{"type":"Point","coordinates":[-70.642235,-33.435537,0.0]}},{"type":"Feature","properties":{"OBJECTID_1":665,"OBJECTID":665,"X":-70.6427792115,"Y":-33.4355107111,"COD_MZN":"13101011001006"},"geometry":{"type":"Point","coordinates":[-70.642779,-33.435511,0.0]}},{"type":"Feature","properties":{"OBJECTID_1":666,"OBJECTID":666,"X":-70.6422362355,"Y":-33.4355419899,"COD_MZN":"13101011001006"},"geometry":{"type":"Point","coordinates":[-70.642236,-33.435542,0.0]}},{"type":"Feature","properties":{"OBJECTID_1":667,"OBJECTID":667,"X":-70.6422389268,"Y":-33.4355476475,"COD_MZN":"13101011001006"},"geometry":{"type":"Point","coordinates":[-70.642239,-33.435548,0.0]}},{"type":"Feature","properties":{"OBJECTID_1":668,"OBJECTID":668,"X":-70.6427829158,"Y":-33.4355217752,"COD_MZN":"13101011001006"},"geometry":{"type":"Point","coordinates":[-70.642783,-33.435522,0.0]}},{"type":"Feature","properties":{"OBJECTID_1":669,"OBJECTID":669,"X":-70.6422393696,"Y":-33.4355527081,"COD_MZN":"13101011001006"},"geometry":{"type":"Point","coordinates":[-70.642239,-33.435553,0.0]}},{"type":"Feature","properties":{"OBJECTID_1":670,"OBJECTID":670,"X":-70.6422447122,"Y":-33.435556646,"COD_MZN":"13101011001006"},"geometry":{"type":"Point","coordinates":[-70.642245,-33.435557,0.0]}},{"type":"Feature","properties":{"OBJECTID_1":671,"OBJECTID":671,"X":-70.6427860489,"Y":-33.4355324934,"COD_MZN":"13101011001006"},"geometry":{"type":"Point","coordinates":[-70.642786,-33.435532,0.0]}},{"type":"Feature","properties":{"OBJECTID_1":672,"OBJECTID":672,"X":-70.6428487091,"Y":-33.4354746136,"COD_MZN":"13101011001006"},"geometry":{"type":"Point","coordinates":[-70.642849,-33.435475,0.0]}},{"type":"Feature","properties":{"OBJECTID_1":673,"OBJECTID":673,"X":-70.6428519946,"Y":-33.4354853117,"COD_MZN":"13101011001006"},"geometry":{"type":"Point","coordinates":[-70.642852,-33.435485,0.0]}},{"type":"Feature","properties":{"OBJECTID_1":674,"OBJECTID":674,"X":-70.6428559392,"Y":-33.4354953716,"COD_MZN":"13101011001006"},"geometry":{"type":"Point","coordinates":[-70.642856,-33.435495,0.0]}},{"type":"Feature","properties":{"OBJECTID_1":675,"OBJECTID":675,"X":-70.642858793,"Y":-33.435505538,"COD_MZN":"13101011001006"},"geometry":{"type":"Point","coordinates":[-70.642859,-33.435506,0.0]}},{"type":"Feature","properties":{"OBJECTID_1":676,"OBJECTID":676,"X":-70.6428527052,"Y":-33.4355077776,"COD_MZN":"13101011001006"},"geometry":{"type":"Point","coordinates":[-70.642853,-33.435508,0.0]}},{"type":"Feature","properties":{"OBJECTID_1":677,"OBJECTID":677,"X":-70.6428493757,"Y":-33.4354980531,"COD_MZN":"13101011001006"},"geometry":{"type":"Point","coordinates":[-70.642849,-33.435498,0.0]}},{"type":"Feature","properties":{"OBJECTID_1":678,"OBJECTID":678,"X":-70.6428459557,"Y":-33.4354875804,"COD_MZN":"13101011001006"},"geometry":{"type":"Point","coordinates":[-70.642846,-33.435488,0.0]}},{"type":"Feature","properties":{"OBJECTID_1":679,"OBJECTID":679,"X":-70.6428423437,"Y":-33.4354769588,"COD_MZN":"13101011001006"},"geometry":{"type":"Point","coordinates":[-70.642842,-33.435477,0.0]}},{"type":"Feature","properties":{"OBJECTID_1":680,"OBJECTID":680,"X":-70.6428421837,"Y":-33.4354684729,"COD_MZN":"13101011001006"},"geometry":{"type":"Point","coordinates":[-70.642842,-33.435468,0.0]}},{"type":"Feature","properties":{"OBJECTID_1":681,"OBJECTID":681,"X":-70.6428488774,"Y":-33.4354811478,"COD_MZN":"13101011001006"},"geometry":{"type":"Point","coordinates":[-70.642849,-33.435481,0.0]}},{"type":"Feature","properties":{"OBJECTID_1":682,"OBJECTID":682,"X":-70.6428532664,"Y":-33.4354915535,"COD_MZN":"13101011001006"},"geometry":{"type":"Point","coordinates":[-70.642853,-33.435492,0.0]}},{"type":"Feature","properties":{"OBJECTID_1":683,"OBJECTID":683,"X":-70.6428565693,"Y":-33.4355016977,"COD_MZN":"13101011001006"},"geometry":{"type":"Point","coordinates":[-70.642857,-33.435502,0.0]}},{"type":"Feature","properties":{"OBJECTID_1":684,"OBJECTID":684,"X":-70.6428601898,"Y":-33.4355133942,"COD_MZN":"13101011001006"},"geometry":{"type":"Point","coordinates":[-70.64286,-33.435513,0.0]}},{"type":"Feature","properties":{"OBJECTID_1":685,"OBJECTID":685,"X":-70.6428537528,"Y":-33.4355255216,"COD_MZN":"13101011001006"},"geometry":{"type":"Point","coordinates":[-70.642854,-33.435526,0.0]}},{"type":"Feature","properties":{"OBJECTID_1":686,"OBJECTID":686,"X":-70.6427970116,"Y":-33.4355373975,"COD_MZN":"13101011001006"},"geometry":{"type":"Point","coordinates":[-70.642797,-33.435537,0.0]}},{"type":"Feature","properties":{"OBJECTID_1":687,"OBJECTID":687,"X":-70.6427856358,"Y":-33.4355266677,"COD_MZN":"13101011001006"},"geometry":{"type":"Point","coordinates":[-70.642786,-33.435527,0.0]}},{"type":"Feature","properties":{"OBJECTID_1":688,"OBJECTID":688,"X":-70.6427821894,"Y":-33.4355154197,"COD_MZN":"13101011001006"},"geometry":{"type":"Point","coordinates":[-70.642782,-33.435515,0.0]}},{"type":"Feature","properties":{"OBJECTID_1":689,"OBJECTID":689,"X":-70.6427780548,"Y":-33.4355044668,"COD_MZN":"13101011001006"},"geometry":{"type":"Point","coordinates":[-70.642778,-33.435504,0.0]}},{"type":"Feature","properties":{"OBJECTID_1":690,"OBJECTID":690,"X":-70.6427743665,"Y":-33.4354947128,"COD_MZN":"13101011001006"},"geometry":{"type":"Point","coordinates":[-70.642774,-33.435495,0.0]}},{"type":"Feature","properties":{"OBJECTID_1":691,"OBJECTID":691,"X":-70.6427741261,"Y":-33.4354819587,"COD_MZN":"13101011001006"},"geometry":{"type":"Point","coordinates":[-70.642774,-33.435482,0.0]}},{"type":"Feature","properties":{"OBJECTID_1":692,"OBJECTID":692,"X":-70.6427926223,"Y":-33.4355363861,"COD_MZN":"13101011001006"},"geometry":{"type":"Point","coordinates":[-70.642793,-33.435536,0.0]}},{"type":"Feature","properties":{"OBJECTID_1":693,"OBJECTID":693,"X":-70.6391368121,"Y":-33.435832965,"COD_MZN":"13101011001006"},"geometry":{"type":"Point","coordinates":[-70.639137,-33.435833,0.0]}},{"type":"Feature","properties":{"OBJECTID_1":694,"OBJECTID":694,"X":-70.6391679554,"Y":-33.4359249609,"COD_MZN":"13101011001006"},"geometry":{"type":"Point","coordinates":[-70.639168,-33.435925,0.0]}},{"type":"Feature","properties":{"OBJECTID_1":695,"OBJECTID":695,"X":-70.6391656258,"Y":-33.4359188539,"COD_MZN":"13101011001006"},"geometry":{"type":"Point","coordinates":[-70.639166,-33.435919,0.0]}},{"type":"Feature","properties":{"OBJECTID_1":696,"OBJECTID":696,"X":-70.6391628937,"Y":-33.4359124473,"COD_MZN":"13101011001006"},"geometry":{"type":"Point","coordinates":[-70.639163,-33.435912,0.0]}},{"type":"Feature","properties":{"OBJECTID_1":697,"OBJECTID":697,"X":-70.6391607752,"Y":-33.4359060724,"COD_MZN":"13101011001006"},"geometry":{"type":"Point","coordinates":[-70.639161,-33.435906,0.0]}},{"type":"Feature","properties":{"OBJECTID_1":698,"OBJECTID":698,"X":-70.6391585463,"Y":-33.435898852,"COD_MZN":"13101011001006"},"geometry":{"type":"Point","coordinates":[-70.639159,-33.435899,0.0]}},{"type":"Feature","properties":{"OBJECTID_1":699,"OBJECTID":699,"X":-70.6391394166,"Y":-33.4358399594,"COD_MZN":"13101011001006"},"geometry":{"type":"Point","coordinates":[-70.639139,-33.43584,0.0]}},{"type":"Feature","properties":{"OBJECTID_1":700,"OBJECTID":700,"X":-70.6391416884,"Y":-33.4358470574,"COD_MZN":"13101011001006"},"geometry":{"type":"Point","coordinates":[-70.639142,-33.435847,0.0]}},{"type":"Feature","properties":{"OBJECTID_1":701,"OBJECTID":701,"X":-70.6391442906,"Y":-33.4358541042,"COD_MZN":"13101011001006"},"geometry":{"type":"Point","coordinates":[-70.639144,-33.435854,0.0]}},{"type":"Feature","properties":{"OBJECTID_1":702,"OBJECTID":702,"X":-70.6391462932,"Y":-33.4358615322,"COD_MZN":"13101011001006"},"geometry":{"type":"Point","coordinates":[-70.639146,-33.435862,0.0]}},{"type":"Feature","properties":{"OBJECTID_1":703,"OBJECTID":703,"X":-70.6391496183,"Y":-33.4358687516,"COD_MZN":"13101011001006"},"geometry":{"type":"Point","coordinates":[-70.63915,-33.435869,0.0]}},{"type":"Feature","properties":{"OBJECTID_1":704,"OBJECTID":704,"X":-70.6391512284,"Y":-33.4358759549,"COD_MZN":"13101011001006"},"geometry":{"type":"Point","coordinates":[-70.639151,-33.435876,0.0]}},{"type":"Feature","properties":{"OBJECTID_1":705,"OBJECTID":705,"X":-70.6391535614,"Y":-33.4358833307,"COD_MZN":"13101011001006"},"geometry":{"type":"Point","coordinates":[-70.639154,-33.435883,0.0]}},{"type":"Feature","properties":{"OBJECTID_1":706,"OBJECTID":706,"X":-70.6391564939,"Y":-33.4358903253,"COD_MZN":"13101011001006"},"geometry":{"type":"Point","coordinates":[-70.639156,-33.43589,0.0]}},{"type":"Feature","properties":{"OBJECTID_1":707,"OBJECTID":707,"X":-70.6420227384,"Y":-33.4351588982,"COD_MZN":"13101011001006"},"geometry":{"type":"Point","coordinates":[-70.642023,-33.435159,0.0]}},{"type":"Feature","properties":{"OBJECTID_1":708,"OBJECTID":708,"X":-70.6420152258,"Y":-33.4351550504,"COD_MZN":"13101011001006"},"geometry":{"type":"Point","coordinates":[-70.642015,-33.435155,0.0]}},{"type":"Feature","properties":{"OBJECTID_1":709,"OBJECTID":709,"X":-70.6420028246,"Y":-33.4351634763,"COD_MZN":"13101011001006"},"geometry":{"type":"Point","coordinates":[-70.642003,-33.435163,0.0]}},{"type":"Feature","properties":{"OBJECTID_1":710,"OBJECTID":710,"X":-70.6420220158,"Y":-33.4351665607,"COD_MZN":"13101011001006"},"geometry":{"type":"Point","coordinates":[-70.642022,-33.435167,0.0]}},{"type":"Feature","properties":{"OBJECTID_1":711,"OBJECTID":711,"X":-70.6420157309,"Y":-33.4351716418,"COD_MZN":"13101011001006"},"geometry":{"type":"Point","coordinates":[-70.642016,-33.435172,0.0]}},{"type":"Feature","properties":{"OBJECTID_1":712,"OBJECTID":712,"X":-70.642004297,"Y":-33.4351763745,"COD_MZN":"13101011001006"},"geometry":{"type":"Point","coordinates":[-70.642004,-33.435176,0.0]}},{"type":"Feature","properties":{"OBJECTID_1":713,"OBJECTID":713,"X":-70.642013275,"Y":-33.4351790495,"COD_MZN":"13101011001006"},"geometry":{"type":"Point","coordinates":[-70.642013,-33.435179,0.0]}},{"type":"Feature","properties":{"OBJECTID_1":714,"OBJECTID":714,"X":-70.6420253905,"Y":-33.4351772081,"COD_MZN":"13101011001006"},"geometry":{"type":"Point","coordinates":[-70.642025,-33.435177,0.0]}},{"type":"Feature","properties":{"OBJECTID_1":715,"OBJECTID":715,"X":-70.6420069917,"Y":-33.4351690232,"COD_MZN":"13101011001006"},"geometry":{"type":"Point","coordinates":[-70.642007,-33.435169,0.0]}},{"type":"Feature","properties":{"OBJECTID_1":716,"OBJECTID":716,"X":-70.6422867207,"Y":-33.4346690128,"COD_MZN":"13101011001005"},"geometry":{"type":"Point","coordinates":[-70.642287,-33.434669,0.0]}},{"type":"Feature","properties":{"OBJECTID_1":717,"OBJECTID":717,"X":-70.642291974,"Y":-33.4346708389,"COD_MZN":"13101011001005"},"geometry":{"type":"Point","coordinates":[-70.642292,-33.434671,0.0]}},{"type":"Feature","properties":{"OBJECTID_1":718,"OBJECTID":718,"X":-70.6423033105,"Y":-33.434665964,"COD_MZN":"13101011001005"},"geometry":{"type":"Point","coordinates":[-70.642303,-33.434666,0.0]}},{"type":"Feature","properties":{"OBJECTID_1":719,"OBJECTID":719,"X":-70.6421134983,"Y":-33.4347100477,"COD_MZN":"13101011001005"},"geometry":{"type":"Point","coordinates":[-70.642113,-33.43471,0.0]}},{"type":"Feature","properties":{"OBJECTID_1":720,"OBJECTID":720,"X":-70.6421187516,"Y":-33.4347118738,"COD_MZN":"13101011001005"},"geometry":{"type":"Point","coordinates":[-70.642119,-33.434712,0.0]}},{"type":"Feature","properties":{"OBJECTID_1":721,"OBJECTID":721,"X":-70.6420813176,"Y":-33.4347165297,"COD_MZN":"13101011001005"},"geometry":{"type":"Point","coordinates":[-70.642081,-33.434717,0.0]}},{"type":"Feature","properties":{"OBJECTID_1":722,"OBJECTID":722,"X":-70.6420865708,"Y":-33.4347183558,"COD_MZN":"13101011001005"},"geometry":{"type":"Point","coordinates":[-70.642087,-33.434718,0.0]}},{"type":"Feature","properties":{"OBJECTID_1":723,"OBJECTID":723,"X":-70.6420979074,"Y":-33.4347134801,"COD_MZN":"13101011001005"},"geometry":{"type":"Point","coordinates":[-70.642098,-33.434713,0.0]}},{"type":"Feature","properties":{"OBJECTID_1":724,"OBJECTID":724,"X":-70.6419212831,"Y":-33.4347543136,"COD_MZN":"13101011001005"},"geometry":{"type":"Point","coordinates":[-70.641921,-33.434754,0.0]}},{"type":"Feature","properties":{"OBJECTID_1":725,"OBJECTID":725,"X":-70.6419265364,"Y":-33.4347561397,"COD_MZN":"13101011001005"},"geometry":{"type":"Point","coordinates":[-70.641927,-33.434756,0.0]}},{"type":"Feature","properties":{"OBJECTID_1":726,"OBJECTID":726,"X":-70.6419378729,"Y":-33.434751264,"COD_MZN":"13101011001005"},"geometry":{"type":"Point","coordinates":[-70.641938,-33.434751,0.0]}},{"type":"Feature","properties":{"OBJECTID_1":727,"OBJECTID":727,"X":-70.6417888265,"Y":-33.4347855474,"COD_MZN":"13101011001005"},"geometry":{"type":"Point","coordinates":[-70.641789,-33.434786,0.0]}},{"type":"Feature","properties":{"OBJECTID_1":728,"OBJECTID":728,"X":-70.6417940798,"Y":-33.4347873735,"COD_MZN":"13101011001005"},"geometry":{"type":"Point","coordinates":[-70.641794,-33.434787,0.0]}},{"type":"Feature","properties":{"OBJECTID_1":729,"OBJECTID":729,"X":-70.6418054164,"Y":-33.4347824987,"COD_MZN":"13101011001005"},"geometry":{"type":"Point","coordinates":[-70.641805,-33.434782,0.0]}},{"type":"Feature","properties":{"OBJECTID_1":730,"OBJECTID":730,"X":-70.6417589256,"Y":-33.4347926349,"COD_MZN":"13101011001005"},"geometry":{"type":"Point","coordinates":[-70.641759,-33.434793,0.0]}},{"type":"Feature","properties":{"OBJECTID_1":731,"OBJECTID":731,"X":-70.64176418,"Y":-33.43479446,"COD_MZN":"13101011001005"},"geometry":{"type":"Point","coordinates":[-70.641764,-33.434794,0.0]}},{"type":"Feature","properties":{"OBJECTID_1":732,"OBJECTID":732,"X":-70.6417755166,"Y":-33.4347895853,"COD_MZN":"13101011001005"},"geometry":{"type":"Point","coordinates":[-70.641776,-33.43479,0.0]}},{"type":"Feature","properties":{"OBJECTID_1":733,"OBJECTID":733,"X":-70.6417286501,"Y":-33.4347997066,"COD_MZN":"13101011001005"},"geometry":{"type":"Point","coordinates":[-70.641729,-33.4348,0.0]}},{"type":"Feature","properties":{"OBJECTID_1":734,"OBJECTID":734,"X":-70.6417339034,"Y":-33.4348015327,"COD_MZN":"13101011001005"},"geometry":{"type":"Point","coordinates":[-70.641734,-33.434802,0.0]}},{"type":"Feature","properties":{"OBJECTID_1":735,"OBJECTID":735,"X":-70.6416985708,"Y":-33.4348066314,"COD_MZN":"13101011001005"},"geometry":{"type":"Point","coordinates":[-70.641699,-33.434807,0.0]}},{"type":"Feature","properties":{"OBJECTID_1":736,"OBJECTID":736,"X":-70.6417038252,"Y":-33.4348084574,"COD_MZN":"13101011001005"},"geometry":{"type":"Point","coordinates":[-70.641704,-33.434808,0.0]}},{"type":"Feature","properties":{"OBJECTID_1":737,"OBJECTID":737,"X":-70.6417151618,"Y":-33.4348035827,"COD_MZN":"13101011001005"},"geometry":{"type":"Point","coordinates":[-70.641715,-33.434804,0.0]}},{"type":"Feature","properties":{"OBJECTID_1":738,"OBJECTID":738,"X":-70.6414915583,"Y":-33.434854854,"COD_MZN":"13101011001005"},"geometry":{"type":"Point","coordinates":[-70.641492,-33.434855,0.0]}},{"type":"Feature","properties":{"OBJECTID_1":739,"OBJECTID":739,"X":-70.6414968115,"Y":-33.4348566801,"COD_MZN":"13101011001005"},"geometry":{"type":"Point","coordinates":[-70.641497,-33.434857,0.0]}},{"type":"Feature","properties":{"OBJECTID_1":740,"OBJECTID":740,"X":-70.6415081481,"Y":-33.4348518044,"COD_MZN":"13101011001005"},"geometry":{"type":"Point","coordinates":[-70.641508,-33.434852,0.0]}},{"type":"Feature","properties":{"OBJECTID_1":741,"OBJECTID":741,"X":-70.6414612548,"Y":-33.4348615878,"COD_MZN":"13101011001005"},"geometry":{"type":"Point","coordinates":[-70.641461,-33.434862,0.0]}},{"type":"Feature","properties":{"OBJECTID_1":742,"OBJECTID":742,"X":-70.6414665092,"Y":-33.4348634139,"COD_MZN":"13101011001005"},"geometry":{"type":"Point","coordinates":[-70.641467,-33.434863,0.0]}},{"type":"Feature","properties":{"OBJECTID_1":743,"OBJECTID":743,"X":-70.6414778458,"Y":-33.4348585391,"COD_MZN":"13101011001005"},"geometry":{"type":"Point","coordinates":[-70.641478,-33.434859,0.0]}},{"type":"Feature","properties":{"OBJECTID_1":744,"OBJECTID":744,"X":-70.6414305125,"Y":-33.4348686052,"COD_MZN":"13101011001005"},"geometry":{"type":"Point","coordinates":[-70.641431,-33.434869,0.0]}},{"type":"Feature","properties":{"OBJECTID_1":745,"OBJECTID":745,"X":-70.6414357668,"Y":-33.4348704313,"COD_MZN":"13101011001005"},"geometry":{"type":"Point","coordinates":[-70.641436,-33.43487,0.0]}},{"type":"Feature","properties":{"OBJECTID_1":746,"OBJECTID":746,"X":-70.6414471034,"Y":-33.4348655556,"COD_MZN":"13101011001005"},"geometry":{"type":"Point","coordinates":[-70.641447,-33.434866,0.0]}},{"type":"Feature","properties":{"OBJECTID_1":747,"OBJECTID":747,"X":-70.6414007434,"Y":-33.4348758388,"COD_MZN":"13101011001005"},"geometry":{"type":"Point","coordinates":[-70.641401,-33.434876,0.0]}},{"type":"Feature","properties":{"OBJECTID_1":748,"OBJECTID":748,"X":-70.6414059966,"Y":-33.4348776649,"COD_MZN":"13101011001005"},"geometry":{"type":"Point","coordinates":[-70.641406,-33.434878,0.0]}},{"type":"Feature","properties":{"OBJECTID_1":749,"OBJECTID":749,"X":-70.6414173333,"Y":-33.4348727901,"COD_MZN":"13101011001005"},"geometry":{"type":"Point","coordinates":[-70.641417,-33.434873,0.0]}},{"type":"Feature","properties":{"OBJECTID_1":750,"OBJECTID":750,"X":-70.6413739679,"Y":-33.4348824564,"COD_MZN":"13101011001005"},"geometry":{"type":"Point","coordinates":[-70.641374,-33.434882,0.0]}},{"type":"Feature","properties":{"OBJECTID_1":751,"OBJECTID":751,"X":-70.6413792212,"Y":-33.4348842825,"COD_MZN":"13101011001005"},"geometry":{"type":"Point","coordinates":[-70.641379,-33.434884,0.0]}},{"type":"Feature","properties":{"OBJECTID_1":752,"OBJECTID":752,"X":-70.6413905578,"Y":-33.4348794077,"COD_MZN":"13101011001005"},"geometry":{"type":"Point","coordinates":[-70.641391,-33.434879,0.0]}},{"type":"Feature","properties":{"OBJECTID_1":753,"OBJECTID":753,"X":-70.6412858428,"Y":-33.4349022845,"COD_MZN":"13101011001005"},"geometry":{"type":"Point","coordinates":[-70.641286,-33.434902,0.0]}},{"type":"Feature","properties":{"OBJECTID_1":754,"OBJECTID":754,"X":-70.6412910971,"Y":-33.4349041106,"COD_MZN":"13101011001005"},"geometry":{"type":"Point","coordinates":[-70.641291,-33.434904,0.0]}},{"type":"Feature","properties":{"OBJECTID_1":755,"OBJECTID":755,"X":-70.6413024338,"Y":-33.4348992358,"COD_MZN":"13101011001005"},"geometry":{"type":"Point","coordinates":[-70.641302,-33.434899,0.0]}},{"type":"Feature","properties":{"OBJECTID_1":756,"OBJECTID":756,"X":-70.6412549696,"Y":-33.4349098951,"COD_MZN":"13101011001005"},"geometry":{"type":"Point","coordinates":[-70.641255,-33.43491,0.0]}},{"type":"Feature","properties":{"OBJECTID_1":757,"OBJECTID":757,"X":-70.6412602229,"Y":-33.4349117212,"COD_MZN":"13101011001005"},"geometry":{"type":"Point","coordinates":[-70.64126,-33.434912,0.0]}},{"type":"Feature","properties":{"OBJECTID_1":758,"OBJECTID":758,"X":-70.6412715595,"Y":-33.4349068465,"COD_MZN":"13101011001005"},"geometry":{"type":"Point","coordinates":[-70.641272,-33.434907,0.0]}},{"type":"Feature","properties":{"OBJECTID_1":759,"OBJECTID":759,"X":-70.6412230812,"Y":-33.4349168862,"COD_MZN":"13101011001005"},"geometry":{"type":"Point","coordinates":[-70.641223,-33.434917,0.0]}},{"type":"Feature","properties":{"OBJECTID_1":760,"OBJECTID":760,"X":-70.6412283356,"Y":-33.4349187122,"COD_MZN":"13101011001005"},"geometry":{"type":"Point","coordinates":[-70.641228,-33.434919,0.0]}},{"type":"Feature","properties":{"OBJECTID_1":761,"OBJECTID":761,"X":-70.6412396722,"Y":-33.4349138375,"COD_MZN":"13101011001005"},"geometry":{"type":"Point","coordinates":[-70.64124,-33.434914,0.0]}},{"type":"Feature","properties":{"OBJECTID_1":762,"OBJECTID":762,"X":-70.6411936462,"Y":-33.4349232973,"COD_MZN":"13101011001005"},"geometry":{"type":"Point","coordinates":[-70.641194,-33.434923,0.0]}},{"type":"Feature","properties":{"OBJECTID_1":763,"OBJECTID":763,"X":-70.6411989005,"Y":-33.4349251234,"COD_MZN":"13101011001005"},"geometry":{"type":"Point","coordinates":[-70.641199,-33.434925,0.0]}},{"type":"Feature","properties":{"OBJECTID_1":764,"OBJECTID":764,"X":-70.6412102371,"Y":-33.4349202486,"COD_MZN":"13101011001005"},"geometry":{"type":"Point","coordinates":[-70.64121,-33.43492,0.0]}},{"type":"Feature","properties":{"OBJECTID_1":765,"OBJECTID":765,"X":-70.6411628297,"Y":-33.4349311813,"COD_MZN":"13101011001005"},"geometry":{"type":"Point","coordinates":[-70.641163,-33.434931,0.0]}},{"type":"Feature","properties":{"OBJECTID_1":766,"OBJECTID":766,"X":-70.641168083,"Y":-33.4349330074,"COD_MZN":"13101011001005"},"geometry":{"type":"Point","coordinates":[-70.641168,-33.434933,0.0]}},{"type":"Feature","properties":{"OBJECTID_1":767,"OBJECTID":767,"X":-70.6411794197,"Y":-33.4349281318,"COD_MZN":"13101011001005"},"geometry":{"type":"Point","coordinates":[-70.641179,-33.434928,0.0]}},{"type":"Feature","properties":{"OBJECTID_1":768,"OBJECTID":768,"X":-70.6411316685,"Y":-33.4349385198,"COD_MZN":"13101011001005"},"geometry":{"type":"Point","coordinates":[-70.641132,-33.434939,0.0]}},{"type":"Feature","properties":{"OBJECTID_1":769,"OBJECTID":769,"X":-70.6411369218,"Y":-33.4349403459,"COD_MZN":"13101011001005"},"geometry":{"type":"Point","coordinates":[-70.641137,-33.43494,0.0]}},{"type":"Feature","properties":{"OBJECTID_1":770,"OBJECTID":770,"X":-70.6411482585,"Y":-33.4349354712,"COD_MZN":"13101011001005"},"geometry":{"type":"Point","coordinates":[-70.641148,-33.434935,0.0]}},{"type":"Feature","properties":{"OBJECTID_1":771,"OBJECTID":771,"X":-70.6410978718,"Y":-33.4349462449,"COD_MZN":"13101011001005"},"geometry":{"type":"Point","coordinates":[-70.641098,-33.434946,0.0]}},{"type":"Feature","properties":{"OBJECTID_1":772,"OBJECTID":772,"X":-70.6411031251,"Y":-33.434948071,"COD_MZN":"13101011001005"},"geometry":{"type":"Point","coordinates":[-70.641103,-33.434948,0.0]}},{"type":"Feature","properties":{"OBJECTID_1":773,"OBJECTID":773,"X":-70.6411144618,"Y":-33.4349431963,"COD_MZN":"13101011001005"},"geometry":{"type":"Point","coordinates":[-70.641114,-33.434943,0.0]}},{"type":"Feature","properties":{"OBJECTID_1":774,"OBJECTID":774,"X":-70.6410680325,"Y":-33.4349532367,"COD_MZN":"13101011001005"},"geometry":{"type":"Point","coordinates":[-70.641068,-33.434953,0.0]}},{"type":"Feature","properties":{"OBJECTID_1":775,"OBJECTID":775,"X":-70.6410732868,"Y":-33.4349550628,"COD_MZN":"13101011001005"},"geometry":{"type":"Point","coordinates":[-70.641073,-33.434955,0.0]}},{"type":"Feature","properties":{"OBJECTID_1":776,"OBJECTID":776,"X":-70.6410846235,"Y":-33.4349501881,"COD_MZN":"13101011001005"},"geometry":{"type":"Point","coordinates":[-70.641085,-33.43495,0.0]}},{"type":"Feature","properties":{"OBJECTID_1":777,"OBJECTID":777,"X":-70.640976198,"Y":-33.4349747532,"COD_MZN":"13101011001005"},"geometry":{"type":"Point","coordinates":[-70.640976,-33.434975,0.0]}},{"type":"Feature","properties":{"OBJECTID_1":778,"OBJECTID":778,"X":-70.6409814513,"Y":-33.4349765793,"COD_MZN":"13101011001005"},"geometry":{"type":"Point","coordinates":[-70.640981,-33.434977,0.0]}},{"type":"Feature","properties":{"OBJECTID_1":779,"OBJECTID":779,"X":-70.640992788,"Y":-33.4349717046,"COD_MZN":"13101011001005"},"geometry":{"type":"Point","coordinates":[-70.640993,-33.434972,0.0]}},{"type":"Feature","properties":{"OBJECTID_1":780,"OBJECTID":780,"X":-70.6409475679,"Y":-33.4349812997,"COD_MZN":"13101011001005"},"geometry":{"type":"Point","coordinates":[-70.640948,-33.434981,0.0]}},{"type":"Feature","properties":{"OBJECTID_1":781,"OBJECTID":781,"X":-70.6409528211,"Y":-33.4349831258,"COD_MZN":"13101011001005"},"geometry":{"type":"Point","coordinates":[-70.640953,-33.434983,0.0]}},{"type":"Feature","properties":{"OBJECTID_1":782,"OBJECTID":782,"X":-70.6409641578,"Y":-33.4349782502,"COD_MZN":"13101011001005"},"geometry":{"type":"Point","coordinates":[-70.640964,-33.434978,0.0]}},{"type":"Feature","properties":{"OBJECTID_1":783,"OBJECTID":783,"X":-70.6409187963,"Y":-33.4349883332,"COD_MZN":"13101011001005"},"geometry":{"type":"Point","coordinates":[-70.640919,-33.434988,0.0]}},{"type":"Feature","properties":{"OBJECTID_1":784,"OBJECTID":784,"X":-70.6409240496,"Y":-33.4349901594,"COD_MZN":"13101011001005"},"geometry":{"type":"Point","coordinates":[-70.640924,-33.43499,0.0]}},{"type":"Feature","properties":{"OBJECTID_1":785,"OBJECTID":785,"X":-70.6409353862,"Y":-33.4349852846,"COD_MZN":"13101011001005"},"geometry":{"type":"Point","coordinates":[-70.640935,-33.434985,0.0]}},{"type":"Feature","properties":{"OBJECTID_1":786,"OBJECTID":786,"X":-70.6408872455,"Y":-33.4349961205,"COD_MZN":"13101011001005"},"geometry":{"type":"Point","coordinates":[-70.640887,-33.434996,0.0]}},{"type":"Feature","properties":{"OBJECTID_1":787,"OBJECTID":787,"X":-70.6408924999,"Y":-33.4349979466,"COD_MZN":"13101011001005"},"geometry":{"type":"Point","coordinates":[-70.640892,-33.434998,0.0]}},{"type":"Feature","properties":{"OBJECTID_1":788,"OBJECTID":788,"X":-70.6409038365,"Y":-33.434993071,"COD_MZN":"13101011001005"},"geometry":{"type":"Point","coordinates":[-70.640904,-33.434993,0.0]}},{"type":"Feature","properties":{"OBJECTID_1":789,"OBJECTID":789,"X":-70.6408568356,"Y":-33.4350025183,"COD_MZN":"13101011001005"},"geometry":{"type":"Point","coordinates":[-70.640857,-33.435003,0.0]}},{"type":"Feature","properties":{"OBJECTID_1":790,"OBJECTID":790,"X":-70.6408620889,"Y":-33.4350043444,"COD_MZN":"13101011001005"},"geometry":{"type":"Point","coordinates":[-70.640862,-33.435004,0.0]}},{"type":"Feature","properties":{"OBJECTID_1":791,"OBJECTID":791,"X":-70.6408734255,"Y":-33.4349994688,"COD_MZN":"13101011001005"},"geometry":{"type":"Point","coordinates":[-70.640873,-33.434999,0.0]}},{"type":"Feature","properties":{"OBJECTID_1":792,"OBJECTID":792,"X":-70.6408280062,"Y":-33.4350096798,"COD_MZN":"13101011001005"},"geometry":{"type":"Point","coordinates":[-70.640828,-33.43501,0.0]}},{"type":"Feature","properties":{"OBJECTID_1":793,"OBJECTID":793,"X":-70.6408332595,"Y":-33.4350115059,"COD_MZN":"13101011001005"},"geometry":{"type":"Point","coordinates":[-70.640833,-33.435012,0.0]}},{"type":"Feature","properties":{"OBJECTID_1":794,"OBJECTID":794,"X":-70.6408445961,"Y":-33.4350066303,"COD_MZN":"13101011001005"},"geometry":{"type":"Point","coordinates":[-70.640845,-33.435007,0.0]}},{"type":"Feature","properties":{"OBJECTID_1":795,"OBJECTID":795,"X":-70.6407975017,"Y":-33.4350159679,"COD_MZN":"13101011001005"},"geometry":{"type":"Point","coordinates":[-70.640798,-33.435016,0.0]}},{"type":"Feature","properties":{"OBJECTID_1":796,"OBJECTID":796,"X":-70.6408027561,"Y":-33.435017794,"COD_MZN":"13101011001005"},"geometry":{"type":"Point","coordinates":[-70.640803,-33.435018,0.0]}},{"type":"Feature","properties":{"OBJECTID_1":797,"OBJECTID":797,"X":-70.6408140928,"Y":-33.4350129193,"COD_MZN":"13101011001005"},"geometry":{"type":"Point","coordinates":[-70.640814,-33.435013,0.0]}},{"type":"Feature","properties":{"OBJECTID_1":798,"OBJECTID":798,"X":-70.640730667,"Y":-33.4350314484,"COD_MZN":"13101011001005"},"geometry":{"type":"Point","coordinates":[-70.640731,-33.435031,0.0]}},{"type":"Feature","properties":{"OBJECTID_1":799,"OBJECTID":799,"X":-70.6407359203,"Y":-33.4350332745,"COD_MZN":"13101011001005"},"geometry":{"type":"Point","coordinates":[-70.640736,-33.435033,0.0]}},{"type":"Feature","properties":{"OBJECTID_1":800,"OBJECTID":800,"X":-70.640747257,"Y":-33.4350283998,"COD_MZN":"13101011001005"},"geometry":{"type":"Point","coordinates":[-70.640747,-33.435028,0.0]}},{"type":"Feature","properties":{"OBJECTID_1":801,"OBJECTID":801,"X":-70.6407018112,"Y":-33.4350389204,"COD_MZN":"13101011001005"},"geometry":{"type":"Point","coordinates":[-70.640702,-33.435039,0.0]}},{"type":"Feature","properties":{"OBJECTID_1":802,"OBJECTID":802,"X":-70.6407070655,"Y":-33.4350407465,"COD_MZN":"13101011001005"},"geometry":{"type":"Point","coordinates":[-70.640707,-33.435041,0.0]}},{"type":"Feature","properties":{"OBJECTID_1":803,"OBJECTID":803,"X":-70.6407184022,"Y":-33.4350358718,"COD_MZN":"13101011001005"},"geometry":{"type":"Point","coordinates":[-70.640718,-33.435036,0.0]}},{"type":"Feature","properties":{"OBJECTID_1":804,"OBJECTID":804,"X":-70.6406716533,"Y":-33.4350459091,"COD_MZN":"13101011001005"},"geometry":{"type":"Point","coordinates":[-70.640672,-33.435046,0.0]}},{"type":"Feature","properties":{"OBJECTID_1":805,"OBJECTID":805,"X":-70.6406769066,"Y":-33.4350477352,"COD_MZN":"13101011001005"},"geometry":{"type":"Point","coordinates":[-70.640677,-33.435048,0.0]}},{"type":"Feature","properties":{"OBJECTID_1":806,"OBJECTID":806,"X":-70.6406882433,"Y":-33.4350428596,"COD_MZN":"13101011001005"},"geometry":{"type":"Point","coordinates":[-70.640688,-33.435043,0.0]}},{"type":"Feature","properties":{"OBJECTID_1":807,"OBJECTID":807,"X":-70.6406133836,"Y":-33.4350591515,"COD_MZN":"13101011001005"},"geometry":{"type":"Point","coordinates":[-70.640613,-33.435059,0.0]}},{"type":"Feature","properties":{"OBJECTID_1":808,"OBJECTID":808,"X":-70.6406186368,"Y":-33.4350609776,"COD_MZN":"13101011001005"},"geometry":{"type":"Point","coordinates":[-70.640619,-33.435061,0.0]}},{"type":"Feature","properties":{"OBJECTID_1":809,"OBJECTID":809,"X":-70.6406299735,"Y":-33.4350561029,"COD_MZN":"13101011001005"},"geometry":{"type":"Point","coordinates":[-70.64063,-33.435056,0.0]}},{"type":"Feature","properties":{"OBJECTID_1":810,"OBJECTID":810,"X":-70.6405847786,"Y":-33.4350660087,"COD_MZN":"13101011001005"},"geometry":{"type":"Point","coordinates":[-70.640585,-33.435066,0.0]}},{"type":"Feature","properties":{"OBJECTID_1":811,"OBJECTID":811,"X":-70.6405900318,"Y":-33.4350678349,"COD_MZN":"13101011001005"},"geometry":{"type":"Point","coordinates":[-70.64059,-33.435068,0.0]}},{"type":"Feature","properties":{"OBJECTID_1":812,"OBJECTID":812,"X":-70.6406013685,"Y":-33.4350629602,"COD_MZN":"13101011001005"},"geometry":{"type":"Point","coordinates":[-70.640601,-33.435063,0.0]}},{"type":"Feature","properties":{"OBJECTID_1":813,"OBJECTID":813,"X":-70.6404864927,"Y":-33.4350892019,"COD_MZN":"13101011001005"},"geometry":{"type":"Point","coordinates":[-70.640486,-33.435089,0.0]}},{"type":"Feature","properties":{"OBJECTID_1":814,"OBJECTID":814,"X":-70.640491747,"Y":-33.4350910281,"COD_MZN":"13101011001005"},"geometry":{"type":"Point","coordinates":[-70.640492,-33.435091,0.0]}},{"type":"Feature","properties":{"OBJECTID_1":815,"OBJECTID":815,"X":-70.6405030837,"Y":-33.4350861534,"COD_MZN":"13101011001005"},"geometry":{"type":"Point","coordinates":[-70.640503,-33.435086,0.0]}},{"type":"Feature","properties":{"OBJECTID_1":816,"OBJECTID":816,"X":-70.6404559509,"Y":-33.4350964274,"COD_MZN":"13101011001005"},"geometry":{"type":"Point","coordinates":[-70.640456,-33.435096,0.0]}},{"type":"Feature","properties":{"OBJECTID_1":817,"OBJECTID":817,"X":-70.6404612042,"Y":-33.4350982536,"COD_MZN":"13101011001005"},"geometry":{"type":"Point","coordinates":[-70.640461,-33.435098,0.0]}},{"type":"Feature","properties":{"OBJECTID_1":818,"OBJECTID":818,"X":-70.6404725409,"Y":-33.435093378,"COD_MZN":"13101011001005"},"geometry":{"type":"Point","coordinates":[-70.640473,-33.435093,0.0]}},{"type":"Feature","properties":{"OBJECTID_1":819,"OBJECTID":819,"X":-70.640258443,"Y":-33.4351422371,"COD_MZN":"13101011001005"},"geometry":{"type":"Point","coordinates":[-70.640258,-33.435142,0.0]}},{"type":"Feature","properties":{"OBJECTID_1":820,"OBJECTID":820,"X":-70.6402636974,"Y":-33.4351440632,"COD_MZN":"13101011001005"},"geometry":{"type":"Point","coordinates":[-70.640264,-33.435144,0.0]}},{"type":"Feature","properties":{"OBJECTID_1":821,"OBJECTID":821,"X":-70.6402750341,"Y":-33.4351391885,"COD_MZN":"13101011001005"},"geometry":{"type":"Point","coordinates":[-70.640275,-33.435139,0.0]}},{"type":"Feature","properties":{"OBJECTID_1":822,"OBJECTID":822,"X":-70.6402280721,"Y":-33.4351488218,"COD_MZN":"13101011001005"},"geometry":{"type":"Point","coordinates":[-70.640228,-33.435149,0.0]}},{"type":"Feature","properties":{"OBJECTID_1":823,"OBJECTID":823,"X":-70.6402333253,"Y":-33.4351506479,"COD_MZN":"13101011001005"},"geometry":{"type":"Point","coordinates":[-70.640233,-33.435151,0.0]}},{"type":"Feature","properties":{"OBJECTID_1":824,"OBJECTID":824,"X":-70.640244662,"Y":-33.4351457724,"COD_MZN":"13101011001005"},"geometry":{"type":"Point","coordinates":[-70.640245,-33.435146,0.0]}},{"type":"Feature","properties":{"OBJECTID_1":825,"OBJECTID":825,"X":-70.6399393985,"Y":-33.4352165744,"COD_MZN":"13101011001005"},"geometry":{"type":"Point","coordinates":[-70.639939,-33.435217,0.0]}},{"type":"Feature","properties":{"OBJECTID_1":826,"OBJECTID":826,"X":-70.6399446517,"Y":-33.4352184005,"COD_MZN":"13101011001005"},"geometry":{"type":"Point","coordinates":[-70.639945,-33.435218,0.0]}},{"type":"Feature","properties":{"OBJECTID_1":827,"OBJECTID":827,"X":-70.6399559885,"Y":-33.435213525,"COD_MZN":"13101011001005"},"geometry":{"type":"Point","coordinates":[-70.639956,-33.435214,0.0]}},{"type":"Feature","properties":{"OBJECTID_1":828,"OBJECTID":828,"X":-70.6399102908,"Y":-33.4351394373,"COD_MZN":"13101011001005"},"geometry":{"type":"Point","coordinates":[-70.63991,-33.435139,0.0]}},{"type":"Feature","properties":{"OBJECTID_1":829,"OBJECTID":829,"X":-70.6399155441,"Y":-33.4351412635,"COD_MZN":"13101011001005"},"geometry":{"type":"Point","coordinates":[-70.639916,-33.435141,0.0]}},{"type":"Feature","properties":{"OBJECTID_1":830,"OBJECTID":830,"X":-70.6399268808,"Y":-33.4351363879,"COD_MZN":"13101011001005"},"geometry":{"type":"Point","coordinates":[-70.639927,-33.435136,0.0]}},{"type":"Feature","properties":{"OBJECTID_1":831,"OBJECTID":831,"X":-70.6398595544,"Y":-33.4351508446,"COD_MZN":"13101011001005"},"geometry":{"type":"Point","coordinates":[-70.63986,-33.435151,0.0]}},{"type":"Feature","properties":{"OBJECTID_1":832,"OBJECTID":832,"X":-70.6398648076,"Y":-33.4351526708,"COD_MZN":"13101011001005"},"geometry":{"type":"Point","coordinates":[-70.639865,-33.435153,0.0]}},{"type":"Feature","properties":{"OBJECTID_1":833,"OBJECTID":833,"X":-70.6398761444,"Y":-33.4351477961,"COD_MZN":"13101011001005"},"geometry":{"type":"Point","coordinates":[-70.639876,-33.435148,0.0]}},{"type":"Feature","properties":{"OBJECTID_1":834,"OBJECTID":834,"X":-70.6397362762,"Y":-33.4351789003,"COD_MZN":"13101011001005"},"geometry":{"type":"Point","coordinates":[-70.639736,-33.435179,0.0]}},{"type":"Feature","properties":{"OBJECTID_1":835,"OBJECTID":835,"X":-70.6397415305,"Y":-33.4351807265,"COD_MZN":"13101011001005"},"geometry":{"type":"Point","coordinates":[-70.639742,-33.435181,0.0]}},{"type":"Feature","properties":{"OBJECTID_1":836,"OBJECTID":836,"X":-70.6397528673,"Y":-33.4351758519,"COD_MZN":"13101011001005"},"geometry":{"type":"Point","coordinates":[-70.639753,-33.435176,0.0]}},{"type":"Feature","properties":{"OBJECTID_1":837,"OBJECTID":837,"X":-70.6396263276,"Y":-33.4352041274,"COD_MZN":"13101011001005"},"geometry":{"type":"Point","coordinates":[-70.639626,-33.435204,0.0]}},{"type":"Feature","properties":{"OBJECTID_1":838,"OBJECTID":838,"X":-70.6396315808,"Y":-33.4352059536,"COD_MZN":"13101011001005"},"geometry":{"type":"Point","coordinates":[-70.639632,-33.435206,0.0]}},{"type":"Feature","properties":{"OBJECTID_1":839,"OBJECTID":839,"X":-70.6396429176,"Y":-33.435201079,"COD_MZN":"13101011001005"},"geometry":{"type":"Point","coordinates":[-70.639643,-33.435201,0.0]}},{"type":"Feature","properties":{"OBJECTID_1":840,"OBJECTID":840,"X":-70.6417510276,"Y":-33.4347104738,"COD_MZN":"13101011001005"},"geometry":{"type":"Point","coordinates":[-70.641751,-33.43471,0.0]}},{"type":"Feature","properties":{"OBJECTID_1":841,"OBJECTID":841,"X":-70.6417553957,"Y":-33.4347097306,"COD_MZN":"13101011001005"},"geometry":{"type":"Point","coordinates":[-70.641755,-33.43471,0.0]}},{"type":"Feature","properties":{"OBJECTID_1":842,"OBJECTID":842,"X":-70.6417676175,"Y":-33.4347074251,"COD_MZN":"13101011001005"},"geometry":{"type":"Point","coordinates":[-70.641768,-33.434707,0.0]}},{"type":"Feature","properties":{"OBJECTID_1":843,"OBJECTID":843,"X":-70.6418532469,"Y":-33.4346870264,"COD_MZN":"13101011001005"},"geometry":{"type":"Point","coordinates":[-70.641853,-33.434687,0.0]}},{"type":"Feature","properties":{"OBJECTID_1":844,"OBJECTID":844,"X":-70.6418572563,"Y":-33.4346861481,"COD_MZN":"13101011001005"},"geometry":{"type":"Point","coordinates":[-70.641857,-33.434686,0.0]}},{"type":"Feature","properties":{"OBJECTID_1":845,"OBJECTID":845,"X":-70.6418698378,"Y":-33.4346839768,"COD_MZN":"13101011001005"},"geometry":{"type":"Point","coordinates":[-70.64187,-33.434684,0.0]}},{"type":"Feature","properties":{"OBJECTID_1":846,"OBJECTID":846,"X":-70.6420280514,"Y":-33.4346466653,"COD_MZN":"13101011001005"},"geometry":{"type":"Point","coordinates":[-70.642028,-33.434647,0.0]}},{"type":"Feature","properties":{"OBJECTID_1":847,"OBJECTID":847,"X":-70.6420319683,"Y":-33.4346454978,"COD_MZN":"13101011001005"},"geometry":{"type":"Point","coordinates":[-70.642032,-33.434645,0.0]}},{"type":"Feature","properties":{"OBJECTID_1":848,"OBJECTID":848,"X":-70.6420446412,"Y":-33.4346436165,"COD_MZN":"13101011001005"},"geometry":{"type":"Point","coordinates":[-70.642045,-33.434644,0.0]}},{"type":"Feature","properties":{"OBJECTID_1":849,"OBJECTID":849,"X":-70.6419954755,"Y":-33.4346543798,"COD_MZN":"13101011001005"},"geometry":{"type":"Point","coordinates":[-70.641995,-33.434654,0.0]}},{"type":"Feature","properties":{"OBJECTID_1":850,"OBJECTID":850,"X":-70.6419874687,"Y":-33.4346563815,"COD_MZN":"13101011001005"},"geometry":{"type":"Point","coordinates":[-70.641987,-33.434656,0.0]}},{"type":"Feature","properties":{"OBJECTID_1":851,"OBJECTID":851,"X":-70.6420117263,"Y":-33.4346503472,"COD_MZN":"13101011001005"},"geometry":{"type":"Point","coordinates":[-70.642012,-33.43465,0.0]}},{"type":"Feature","properties":{"OBJECTID_1":852,"OBJECTID":852,"X":-70.6422575836,"Y":-33.434676616,"COD_MZN":"13101011001005"},"geometry":{"type":"Point","coordinates":[-70.642258,-33.434677,0.0]}},{"type":"Feature","properties":{"OBJECTID_1":853,"OBJECTID":853,"X":-70.642262838,"Y":-33.4346784421,"COD_MZN":"13101011001005"},"geometry":{"type":"Point","coordinates":[-70.642263,-33.434678,0.0]}},{"type":"Feature","properties":{"OBJECTID_1":854,"OBJECTID":854,"X":-70.6422741745,"Y":-33.4346735673,"COD_MZN":"13101011001005"},"geometry":{"type":"Point","coordinates":[-70.642274,-33.434674,0.0]}},{"type":"Feature","properties":{"OBJECTID_1":855,"OBJECTID":855,"X":-70.6422280382,"Y":-33.4346832128,"COD_MZN":"13101011001005"},"geometry":{"type":"Point","coordinates":[-70.642228,-33.434683,0.0]}},{"type":"Feature","properties":{"OBJECTID_1":856,"OBJECTID":856,"X":-70.6422332926,"Y":-33.4346850389,"COD_MZN":"13101011001005"},"geometry":{"type":"Point","coordinates":[-70.642233,-33.434685,0.0]}},{"type":"Feature","properties":{"OBJECTID_1":857,"OBJECTID":857,"X":-70.6422446291,"Y":-33.4346801641,"COD_MZN":"13101011001005"},"geometry":{"type":"Point","coordinates":[-70.642245,-33.43468,0.0]}},{"type":"Feature","properties":{"OBJECTID_1":858,"OBJECTID":858,"X":-70.6421994917,"Y":-33.4346901914,"COD_MZN":"13101011001005"},"geometry":{"type":"Point","coordinates":[-70.642199,-33.43469,0.0]}},{"type":"Feature","properties":{"OBJECTID_1":859,"OBJECTID":859,"X":-70.642204746,"Y":-33.4346920175,"COD_MZN":"13101011001005"},"geometry":{"type":"Point","coordinates":[-70.642205,-33.434692,0.0]}},{"type":"Feature","properties":{"OBJECTID_1":860,"OBJECTID":860,"X":-70.6422160826,"Y":-33.4346871417,"COD_MZN":"13101011001005"},"geometry":{"type":"Point","coordinates":[-70.642216,-33.434687,0.0]}},{"type":"Feature","properties":{"OBJECTID_1":861,"OBJECTID":861,"X":-70.6421724021,"Y":-33.434696229,"COD_MZN":"13101011001005"},"geometry":{"type":"Point","coordinates":[-70.642172,-33.434696,0.0]}},{"type":"Feature","properties":{"OBJECTID_1":862,"OBJECTID":862,"X":-70.6421776554,"Y":-33.4346980551,"COD_MZN":"13101011001005"},"geometry":{"type":"Point","coordinates":[-70.642178,-33.434698,0.0]}},{"type":"Feature","properties":{"OBJECTID_1":863,"OBJECTID":863,"X":-70.6421889919,"Y":-33.4346931793,"COD_MZN":"13101011001005"},"geometry":{"type":"Point","coordinates":[-70.642189,-33.434693,0.0]}},{"type":"Feature","properties":{"OBJECTID_1":864,"OBJECTID":864,"X":-70.6421438775,"Y":-33.4347028889,"COD_MZN":"13101011001005"},"geometry":{"type":"Point","coordinates":[-70.642144,-33.434703,0.0]}},{"type":"Feature","properties":{"OBJECTID_1":865,"OBJECTID":865,"X":-70.6421491308,"Y":-33.434704715,"COD_MZN":"13101011001005"},"geometry":{"type":"Point","coordinates":[-70.642149,-33.434705,0.0]}},{"type":"Feature","properties":{"OBJECTID_1":866,"OBJECTID":866,"X":-70.6421604673,"Y":-33.4346998402,"COD_MZN":"13101011001005"},"geometry":{"type":"Point","coordinates":[-70.64216,-33.4347,0.0]}},{"type":"Feature","properties":{"OBJECTID_1":867,"OBJECTID":867,"X":-70.6423148238,"Y":-33.4346625352,"COD_MZN":"13101011001005"},"geometry":{"type":"Point","coordinates":[-70.642315,-33.434663,0.0]}},{"type":"Feature","properties":{"OBJECTID_1":868,"OBJECTID":868,"X":-70.6423200782,"Y":-33.4346643612,"COD_MZN":"13101011001005"},"geometry":{"type":"Point","coordinates":[-70.64232,-33.434664,0.0]}},{"type":"Feature","properties":{"OBJECTID_1":869,"OBJECTID":869,"X":-70.6423314147,"Y":-33.4346594864,"COD_MZN":"13101011001005"},"geometry":{"type":"Point","coordinates":[-70.642331,-33.434659,0.0]}},{"type":"Feature","properties":{"OBJECTID_1":870,"OBJECTID":870,"X":-70.6423433054,"Y":-33.4346561599,"COD_MZN":"13101011001005"},"geometry":{"type":"Point","coordinates":[-70.642343,-33.434656,0.0]}},{"type":"Feature","properties":{"OBJECTID_1":871,"OBJECTID":871,"X":-70.6423485586,"Y":-33.434657985,"COD_MZN":"13101011001005"},"geometry":{"type":"Point","coordinates":[-70.642349,-33.434658,0.0]}},{"type":"Feature","properties":{"OBJECTID_1":872,"OBJECTID":872,"X":-70.6423598952,"Y":-33.4346531102,"COD_MZN":"13101011001005"},"geometry":{"type":"Point","coordinates":[-70.64236,-33.434653,0.0]}},{"type":"Feature","properties":{"OBJECTID_1":873,"OBJECTID":873,"X":-70.6423711622,"Y":-33.4346497982,"COD_MZN":"13101011001005"},"geometry":{"type":"Point","coordinates":[-70.642371,-33.43465,0.0]}},{"type":"Feature","properties":{"OBJECTID_1":874,"OBJECTID":874,"X":-70.6423764165,"Y":-33.4346516243,"COD_MZN":"13101011001005"},"geometry":{"type":"Point","coordinates":[-70.642376,-33.434652,0.0]}},{"type":"Feature","properties":{"OBJECTID_1":875,"OBJECTID":875,"X":-70.6423877531,"Y":-33.4346467486,"COD_MZN":"13101011001005"},"geometry":{"type":"Point","coordinates":[-70.642388,-33.434647,0.0]}},{"type":"Feature","properties":{"OBJECTID_1":876,"OBJECTID":876,"X":-70.6423992496,"Y":-33.4346431711,"COD_MZN":"13101011001005"},"geometry":{"type":"Point","coordinates":[-70.642399,-33.434643,0.0]}},{"type":"Feature","properties":{"OBJECTID_1":877,"OBJECTID":877,"X":-70.6424045028,"Y":-33.4346449972,"COD_MZN":"13101011001005"},"geometry":{"type":"Point","coordinates":[-70.642405,-33.434645,0.0]}},{"type":"Feature","properties":{"OBJECTID_1":878,"OBJECTID":878,"X":-70.6424158394,"Y":-33.4346401223,"COD_MZN":"13101011001005"},"geometry":{"type":"Point","coordinates":[-70.642416,-33.43464,0.0]}},{"type":"Feature","properties":{"OBJECTID_1":879,"OBJECTID":879,"X":-70.6424278669,"Y":-33.4346359553,"COD_MZN":"13101011001005"},"geometry":{"type":"Point","coordinates":[-70.642428,-33.434636,0.0]}},{"type":"Feature","properties":{"OBJECTID_1":880,"OBJECTID":880,"X":-70.6424331212,"Y":-33.4346377813,"COD_MZN":"13101011001005"},"geometry":{"type":"Point","coordinates":[-70.642433,-33.434638,0.0]}},{"type":"Feature","properties":{"OBJECTID_1":881,"OBJECTID":881,"X":-70.6424444578,"Y":-33.4346329065,"COD_MZN":"13101011001005"},"geometry":{"type":"Point","coordinates":[-70.642444,-33.434633,0.0]}},{"type":"Feature","properties":{"OBJECTID_1":882,"OBJECTID":882,"X":-70.642456045,"Y":-33.4346295795,"COD_MZN":"13101011001005"},"geometry":{"type":"Point","coordinates":[-70.642456,-33.43463,0.0]}},{"type":"Feature","properties":{"OBJECTID_1":883,"OBJECTID":883,"X":-70.6424612983,"Y":-33.4346314055,"COD_MZN":"13101011001005"},"geometry":{"type":"Point","coordinates":[-70.642461,-33.434631,0.0]}},{"type":"Feature","properties":{"OBJECTID_1":884,"OBJECTID":884,"X":-70.6424726348,"Y":-33.4346265307,"COD_MZN":"13101011001005"},"geometry":{"type":"Point","coordinates":[-70.642473,-33.434627,0.0]}},{"type":"Feature","properties":{"OBJECTID_1":885,"OBJECTID":885,"X":-70.6424841346,"Y":-33.4346229523,"COD_MZN":"13101011001005"},"geometry":{"type":"Point","coordinates":[-70.642484,-33.434623,0.0]}},{"type":"Feature","properties":{"OBJECTID_1":886,"OBJECTID":886,"X":-70.6424893878,"Y":-33.4346247775,"COD_MZN":"13101011001005"},"geometry":{"type":"Point","coordinates":[-70.642489,-33.434625,0.0]}},{"type":"Feature","properties":{"OBJECTID_1":887,"OBJECTID":887,"X":-70.6425007243,"Y":-33.4346199026,"COD_MZN":"13101011001005"},"geometry":{"type":"Point","coordinates":[-70.642501,-33.43462,0.0]}},{"type":"Feature","properties":{"OBJECTID_1":888,"OBJECTID":888,"X":-70.6420531631,"Y":-33.4347239359,"COD_MZN":"13101011001005"},"geometry":{"type":"Point","coordinates":[-70.642053,-33.434724,0.0]}},{"type":"Feature","properties":{"OBJECTID_1":889,"OBJECTID":889,"X":-70.6420584163,"Y":-33.434725762,"COD_MZN":"13101011001005"},"geometry":{"type":"Point","coordinates":[-70.642058,-33.434726,0.0]}},{"type":"Feature","properties":{"OBJECTID_1":890,"OBJECTID":890,"X":-70.6420697529,"Y":-33.4347208872,"COD_MZN":"13101011001005"},"geometry":{"type":"Point","coordinates":[-70.64207,-33.434721,0.0]}},{"type":"Feature","properties":{"OBJECTID_1":891,"OBJECTID":891,"X":-70.6420240776,"Y":-33.4347306294,"COD_MZN":"13101011001005"},"geometry":{"type":"Point","coordinates":[-70.642024,-33.434731,0.0]}},{"type":"Feature","properties":{"OBJECTID_1":892,"OBJECTID":892,"X":-70.642029332,"Y":-33.4347324555,"COD_MZN":"13101011001005"},"geometry":{"type":"Point","coordinates":[-70.642029,-33.434732,0.0]}},{"type":"Feature","properties":{"OBJECTID_1":893,"OBJECTID":893,"X":-70.6420406686,"Y":-33.4347275806,"COD_MZN":"13101011001005"},"geometry":{"type":"Point","coordinates":[-70.642041,-33.434728,0.0]}},{"type":"Feature","properties":{"OBJECTID_1":894,"OBJECTID":894,"X":-70.6419948829,"Y":-33.4347372314,"COD_MZN":"13101011001005"},"geometry":{"type":"Point","coordinates":[-70.641995,-33.434737,0.0]}},{"type":"Feature","properties":{"OBJECTID_1":895,"OBJECTID":895,"X":-70.6420001373,"Y":-33.4347390575,"COD_MZN":"13101011001005"},"geometry":{"type":"Point","coordinates":[-70.642,-33.434739,0.0]}},{"type":"Feature","properties":{"OBJECTID_1":896,"OBJECTID":896,"X":-70.6420114727,"Y":-33.4347341818,"COD_MZN":"13101011001005"},"geometry":{"type":"Point","coordinates":[-70.642011,-33.434734,0.0]}},{"type":"Feature","properties":{"OBJECTID_1":897,"OBJECTID":897,"X":-70.6419653003,"Y":-33.4347439116,"COD_MZN":"13101011001005"},"geometry":{"type":"Point","coordinates":[-70.641965,-33.434744,0.0]}},{"type":"Feature","properties":{"OBJECTID_1":898,"OBJECTID":898,"X":-70.6419705546,"Y":-33.4347457377,"COD_MZN":"13101011001005"},"geometry":{"type":"Point","coordinates":[-70.641971,-33.434746,0.0]}},{"type":"Feature","properties":{"OBJECTID_1":899,"OBJECTID":899,"X":-70.6419818912,"Y":-33.434740862,"COD_MZN":"13101011001005"},"geometry":{"type":"Point","coordinates":[-70.641982,-33.434741,0.0]}},{"type":"Feature","properties":{"OBJECTID_1":900,"OBJECTID":900,"X":-70.6418911087,"Y":-33.4347615526,"COD_MZN":"13101011001005"},"geometry":{"type":"Point","coordinates":[-70.641891,-33.434762,0.0]}},{"type":"Feature","properties":{"OBJECTID_1":901,"OBJECTID":901,"X":-70.641896363,"Y":-33.4347633787,"COD_MZN":"13101011001005"},"geometry":{"type":"Point","coordinates":[-70.641896,-33.434763,0.0]}},{"type":"Feature","properties":{"OBJECTID_1":902,"OBJECTID":902,"X":-70.6419076996,"Y":-33.4347585039,"COD_MZN":"13101011001005"},"geometry":{"type":"Point","coordinates":[-70.641908,-33.434759,0.0]}},{"type":"Feature","properties":{"OBJECTID_1":903,"OBJECTID":903,"X":-70.6418608452,"Y":-33.4347690932,"COD_MZN":"13101011001005"},"geometry":{"type":"Point","coordinates":[-70.641861,-33.434769,0.0]}},{"type":"Feature","properties":{"OBJECTID_1":904,"OBJECTID":904,"X":-70.6418660996,"Y":-33.4347709192,"COD_MZN":"13101011001005"},"geometry":{"type":"Point","coordinates":[-70.641866,-33.434771,0.0]}},{"type":"Feature","properties":{"OBJECTID_1":905,"OBJECTID":905,"X":-70.6418774362,"Y":-33.4347660444,"COD_MZN":"13101011001005"},"geometry":{"type":"Point","coordinates":[-70.641877,-33.434766,0.0]}},{"type":"Feature","properties":{"OBJECTID_1":906,"OBJECTID":906,"X":-70.6418261739,"Y":-33.4347769157,"COD_MZN":"13101011001005"},"geometry":{"type":"Point","coordinates":[-70.641826,-33.434777,0.0]}},{"type":"Feature","properties":{"OBJECTID_1":907,"OBJECTID":907,"X":-70.6418314271,"Y":-33.4347787418,"COD_MZN":"13101011001005"},"geometry":{"type":"Point","coordinates":[-70.641831,-33.434779,0.0]}},{"type":"Feature","properties":{"OBJECTID_1":908,"OBJECTID":908,"X":-70.6418427637,"Y":-33.434773867,"COD_MZN":"13101011001005"},"geometry":{"type":"Point","coordinates":[-70.641843,-33.434774,0.0]}},{"type":"Feature","properties":{"OBJECTID_1":909,"OBJECTID":909,"X":-70.6419537178,"Y":-33.4347478942,"COD_MZN":"13101011001005"},"geometry":{"type":"Point","coordinates":[-70.641954,-33.434748,0.0]}},{"type":"Feature","properties":{"OBJECTID_1":910,"OBJECTID":910,"X":-70.6416690283,"Y":-33.4348136167,"COD_MZN":"13101011001005"},"geometry":{"type":"Point","coordinates":[-70.641669,-33.434814,0.0]}},{"type":"Feature","properties":{"OBJECTID_1":911,"OBJECTID":911,"X":-70.6416742816,"Y":-33.4348154428,"COD_MZN":"13101011001005"},"geometry":{"type":"Point","coordinates":[-70.641674,-33.434815,0.0]}},{"type":"Feature","properties":{"OBJECTID_1":912,"OBJECTID":912,"X":-70.6416856182,"Y":-33.4348105671,"COD_MZN":"13101011001005"},"geometry":{"type":"Point","coordinates":[-70.641686,-33.434811,0.0]}},{"type":"Feature","properties":{"OBJECTID_1":913,"OBJECTID":913,"X":-70.6416398833,"Y":-33.4348205192,"COD_MZN":"13101011001005"},"geometry":{"type":"Point","coordinates":[-70.64164,-33.434821,0.0]}},{"type":"Feature","properties":{"OBJECTID_1":914,"OBJECTID":914,"X":-70.6416451376,"Y":-33.4348223452,"COD_MZN":"13101011001005"},"geometry":{"type":"Point","coordinates":[-70.641645,-33.434822,0.0]}},{"type":"Feature","properties":{"OBJECTID_1":915,"OBJECTID":915,"X":-70.6416564742,"Y":-33.4348174705,"COD_MZN":"13101011001005"},"geometry":{"type":"Point","coordinates":[-70.641656,-33.434817,0.0]}},{"type":"Feature","properties":{"OBJECTID_1":916,"OBJECTID":916,"X":-70.6416111906,"Y":-33.4348276808,"COD_MZN":"13101011001005"},"geometry":{"type":"Point","coordinates":[-70.641611,-33.434828,0.0]}},{"type":"Feature","properties":{"OBJECTID_1":917,"OBJECTID":917,"X":-70.6416164439,"Y":-33.4348295069,"COD_MZN":"13101011001005"},"geometry":{"type":"Point","coordinates":[-70.641616,-33.43483,0.0]}},{"type":"Feature","properties":{"OBJECTID_1":918,"OBJECTID":918,"X":-70.6416277805,"Y":-33.4348246321,"COD_MZN":"13101011001005"},"geometry":{"type":"Point","coordinates":[-70.641628,-33.434825,0.0]}},{"type":"Feature","properties":{"OBJECTID_1":919,"OBJECTID":919,"X":-70.6415979617,"Y":-33.4348307111,"COD_MZN":"13101011001005"},"geometry":{"type":"Point","coordinates":[-70.641598,-33.434831,0.0]}},{"type":"Feature","properties":{"OBJECTID_1":920,"OBJECTID":920,"X":-70.6415519112,"Y":-33.434840928,"COD_MZN":"13101011001005"},"geometry":{"type":"Point","coordinates":[-70.641552,-33.434841,0.0]}},{"type":"Feature","properties":{"OBJECTID_1":921,"OBJECTID":921,"X":-70.6415571656,"Y":-33.4348427541,"COD_MZN":"13101011001005"},"geometry":{"type":"Point","coordinates":[-70.641557,-33.434843,0.0]}},{"type":"Feature","properties":{"OBJECTID_1":922,"OBJECTID":922,"X":-70.6415685011,"Y":-33.4348378784,"COD_MZN":"13101011001005"},"geometry":{"type":"Point","coordinates":[-70.641569,-33.434838,0.0]}},{"type":"Feature","properties":{"OBJECTID_1":923,"OBJECTID":923,"X":-70.6415210116,"Y":-33.4348482135,"COD_MZN":"13101011001005"},"geometry":{"type":"Point","coordinates":[-70.641521,-33.434848,0.0]}},{"type":"Feature","properties":{"OBJECTID_1":924,"OBJECTID":924,"X":-70.6415262648,"Y":-33.4348500396,"COD_MZN":"13101011001005"},"geometry":{"type":"Point","coordinates":[-70.641526,-33.43485,0.0]}},{"type":"Feature","properties":{"OBJECTID_1":925,"OBJECTID":925,"X":-70.6415376014,"Y":-33.4348451639,"COD_MZN":"13101011001005"},"geometry":{"type":"Point","coordinates":[-70.641538,-33.434845,0.0]}},{"type":"Feature","properties":{"OBJECTID_1":926,"OBJECTID":926,"X":-70.6413441269,"Y":-33.4348894744,"COD_MZN":"13101011001005"},"geometry":{"type":"Point","coordinates":[-70.641344,-33.434889,0.0]}},{"type":"Feature","properties":{"OBJECTID_1":927,"OBJECTID":927,"X":-70.6413493802,"Y":-33.4348913006,"COD_MZN":"13101011001005"},"geometry":{"type":"Point","coordinates":[-70.641349,-33.434891,0.0]}},{"type":"Feature","properties":{"OBJECTID_1":928,"OBJECTID":928,"X":-70.6413607168,"Y":-33.4348864258,"COD_MZN":"13101011001005"},"geometry":{"type":"Point","coordinates":[-70.641361,-33.434886,0.0]}},{"type":"Feature","properties":{"OBJECTID_1":929,"OBJECTID":929,"X":-70.6413145745,"Y":-33.4348959936,"COD_MZN":"13101011001005"},"geometry":{"type":"Point","coordinates":[-70.641315,-33.434896,0.0]}},{"type":"Feature","properties":{"OBJECTID_1":930,"OBJECTID":930,"X":-70.6413198278,"Y":-33.4348978197,"COD_MZN":"13101011001005"},"geometry":{"type":"Point","coordinates":[-70.64132,-33.434898,0.0]}},{"type":"Feature","properties":{"OBJECTID_1":931,"OBJECTID":931,"X":-70.6413311644,"Y":-33.434892944,"COD_MZN":"13101011001005"},"geometry":{"type":"Point","coordinates":[-70.641331,-33.434893,0.0]}},{"type":"Feature","properties":{"OBJECTID_1":932,"OBJECTID":932,"X":-70.6410402005,"Y":-33.4349600712,"COD_MZN":"13101011001005"},"geometry":{"type":"Point","coordinates":[-70.64104,-33.43496,0.0]}},{"type":"Feature","properties":{"OBJECTID_1":933,"OBJECTID":933,"X":-70.6410454538,"Y":-33.4349618973,"COD_MZN":"13101011001005"},"geometry":{"type":"Point","coordinates":[-70.641045,-33.434962,0.0]}},{"type":"Feature","properties":{"OBJECTID_1":934,"OBJECTID":934,"X":-70.6410567904,"Y":-33.4349570226,"COD_MZN":"13101011001005"},"geometry":{"type":"Point","coordinates":[-70.641057,-33.434957,0.0]}},{"type":"Feature","properties":{"OBJECTID_1":935,"OBJECTID":935,"X":-70.6410085617,"Y":-33.4349674673,"COD_MZN":"13101011001005"},"geometry":{"type":"Point","coordinates":[-70.641009,-33.434967,0.0]}},{"type":"Feature","properties":{"OBJECTID_1":936,"OBJECTID":936,"X":-70.6410138161,"Y":-33.4349692934,"COD_MZN":"13101011001005"},"geometry":{"type":"Point","coordinates":[-70.641014,-33.434969,0.0]}},{"type":"Feature","properties":{"OBJECTID_1":937,"OBJECTID":937,"X":-70.6410251527,"Y":-33.4349644187,"COD_MZN":"13101011001005"},"geometry":{"type":"Point","coordinates":[-70.641025,-33.434964,0.0]}},{"type":"Feature","properties":{"OBJECTID_1":938,"OBJECTID":938,"X":-70.6407643292,"Y":-33.4350245134,"COD_MZN":"13101011001005"},"geometry":{"type":"Point","coordinates":[-70.640764,-33.435025,0.0]}},{"type":"Feature","properties":{"OBJECTID_1":939,"OBJECTID":939,"X":-70.6407695825,"Y":-33.4350263395,"COD_MZN":"13101011001005"},"geometry":{"type":"Point","coordinates":[-70.64077,-33.435026,0.0]}},{"type":"Feature","properties":{"OBJECTID_1":940,"OBJECTID":940,"X":-70.6407809191,"Y":-33.4350214648,"COD_MZN":"13101011001005"},"geometry":{"type":"Point","coordinates":[-70.640781,-33.435021,0.0]}},{"type":"Feature","properties":{"OBJECTID_1":941,"OBJECTID":941,"X":-70.6406425676,"Y":-33.4350529422,"COD_MZN":"13101011001005"},"geometry":{"type":"Point","coordinates":[-70.640643,-33.435053,0.0]}},{"type":"Feature","properties":{"OBJECTID_1":942,"OBJECTID":942,"X":-70.6406478209,"Y":-33.4350547684,"COD_MZN":"13101011001005"},"geometry":{"type":"Point","coordinates":[-70.640648,-33.435055,0.0]}},{"type":"Feature","properties":{"OBJECTID_1":943,"OBJECTID":943,"X":-70.6406591576,"Y":-33.4350498928,"COD_MZN":"13101011001005"},"geometry":{"type":"Point","coordinates":[-70.640659,-33.43505,0.0]}},{"type":"Feature","properties":{"OBJECTID_1":944,"OBJECTID":944,"X":-70.6405533052,"Y":-33.4350735117,"COD_MZN":"13101011001005"},"geometry":{"type":"Point","coordinates":[-70.640553,-33.435074,0.0]}},{"type":"Feature","properties":{"OBJECTID_1":945,"OBJECTID":945,"X":-70.6405585595,"Y":-33.4350753378,"COD_MZN":"13101011001005"},"geometry":{"type":"Point","coordinates":[-70.640559,-33.435075,0.0]}},{"type":"Feature","properties":{"OBJECTID_1":946,"OBJECTID":946,"X":-70.6405698962,"Y":-33.4350704632,"COD_MZN":"13101011001005"},"geometry":{"type":"Point","coordinates":[-70.64057,-33.43507,0.0]}},{"type":"Feature","properties":{"OBJECTID_1":947,"OBJECTID":947,"X":-70.6405195214,"Y":-33.4350807287,"COD_MZN":"13101011001005"},"geometry":{"type":"Point","coordinates":[-70.64052,-33.435081,0.0]}},{"type":"Feature","properties":{"OBJECTID_1":948,"OBJECTID":948,"X":-70.6405247757,"Y":-33.4350825549,"COD_MZN":"13101011001005"},"geometry":{"type":"Point","coordinates":[-70.640525,-33.435083,0.0]}},{"type":"Feature","properties":{"OBJECTID_1":949,"OBJECTID":949,"X":-70.6405361124,"Y":-33.4350776802,"COD_MZN":"13101011001005"},"geometry":{"type":"Point","coordinates":[-70.640536,-33.435078,0.0]}},{"type":"Feature","properties":{"OBJECTID_1":950,"OBJECTID":950,"X":-70.6404244871,"Y":-33.4351036408,"COD_MZN":"13101011001005"},"geometry":{"type":"Point","coordinates":[-70.640424,-33.435104,0.0]}},{"type":"Feature","properties":{"OBJECTID_1":951,"OBJECTID":951,"X":-70.6404297404,"Y":-33.4351054669,"COD_MZN":"13101011001005"},"geometry":{"type":"Point","coordinates":[-70.64043,-33.435105,0.0]}},{"type":"Feature","properties":{"OBJECTID_1":952,"OBJECTID":952,"X":-70.6404410771,"Y":-33.4351005923,"COD_MZN":"13101011001005"},"geometry":{"type":"Point","coordinates":[-70.640441,-33.435101,0.0]}},{"type":"Feature","properties":{"OBJECTID_1":953,"OBJECTID":953,"X":-70.6403926803,"Y":-33.4351109723,"COD_MZN":"13101011001005"},"geometry":{"type":"Point","coordinates":[-70.640393,-33.435111,0.0]}},{"type":"Feature","properties":{"OBJECTID_1":954,"OBJECTID":954,"X":-70.6403979347,"Y":-33.4351127984,"COD_MZN":"13101011001005"},"geometry":{"type":"Point","coordinates":[-70.640398,-33.435113,0.0]}},{"type":"Feature","properties":{"OBJECTID_1":955,"OBJECTID":955,"X":-70.6404092714,"Y":-33.4351079238,"COD_MZN":"13101011001005"},"geometry":{"type":"Point","coordinates":[-70.640409,-33.435108,0.0]}},{"type":"Feature","properties":{"OBJECTID_1":956,"OBJECTID":956,"X":-70.6403616115,"Y":-33.4351179117,"COD_MZN":"13101011001005"},"geometry":{"type":"Point","coordinates":[-70.640362,-33.435118,0.0]}},{"type":"Feature","properties":{"OBJECTID_1":957,"OBJECTID":957,"X":-70.6403668648,"Y":-33.4351197378,"COD_MZN":"13101011001005"},"geometry":{"type":"Point","coordinates":[-70.640367,-33.43512,0.0]}},{"type":"Feature","properties":{"OBJECTID_1":958,"OBJECTID":958,"X":-70.6403782015,"Y":-33.4351148632,"COD_MZN":"13101011001005"},"geometry":{"type":"Point","coordinates":[-70.640378,-33.435115,0.0]}},{"type":"Feature","properties":{"OBJECTID_1":959,"OBJECTID":959,"X":-70.6403317314,"Y":-33.4351248028,"COD_MZN":"13101011001005"},"geometry":{"type":"Point","coordinates":[-70.640332,-33.435125,0.0]}},{"type":"Feature","properties":{"OBJECTID_1":960,"OBJECTID":960,"X":-70.6403369847,"Y":-33.435126629,"COD_MZN":"13101011001005"},"geometry":{"type":"Point","coordinates":[-70.640337,-33.435127,0.0]}},{"type":"Feature","properties":{"OBJECTID_1":961,"OBJECTID":961,"X":-70.6403483214,"Y":-33.4351217543,"COD_MZN":"13101011001005"},"geometry":{"type":"Point","coordinates":[-70.640348,-33.435122,0.0]}},{"type":"Feature","properties":{"OBJECTID_1":962,"OBJECTID":962,"X":-70.6402964916,"Y":-33.4351334685,"COD_MZN":"13101011001005"},"geometry":{"type":"Point","coordinates":[-70.640296,-33.435133,0.0]}},{"type":"Feature","properties":{"OBJECTID_1":963,"OBJECTID":963,"X":-70.6403017448,"Y":-33.4351352946,"COD_MZN":"13101011001005"},"geometry":{"type":"Point","coordinates":[-70.640302,-33.435135,0.0]}},{"type":"Feature","properties":{"OBJECTID_1":964,"OBJECTID":964,"X":-70.6403130815,"Y":-33.43513042,"COD_MZN":"13101011001005"},"geometry":{"type":"Point","coordinates":[-70.640313,-33.43513,0.0]}},{"type":"Feature","properties":{"OBJECTID_1":965,"OBJECTID":965,"X":-70.6401945325,"Y":-33.4351573584,"COD_MZN":"13101011001005"},"geometry":{"type":"Point","coordinates":[-70.640195,-33.435157,0.0]}},{"type":"Feature","properties":{"OBJECTID_1":966,"OBJECTID":966,"X":-70.6401997857,"Y":-33.4351591846,"COD_MZN":"13101011001005"},"geometry":{"type":"Point","coordinates":[-70.6402,-33.435159,0.0]}},{"type":"Feature","properties":{"OBJECTID_1":967,"OBJECTID":967,"X":-70.6402111225,"Y":-33.43515431,"COD_MZN":"13101011001005"},"geometry":{"type":"Point","coordinates":[-70.640211,-33.435154,0.0]}},{"type":"Feature","properties":{"OBJECTID_1":968,"OBJECTID":968,"X":-70.6401595925,"Y":-33.4351652147,"COD_MZN":"13101011001005"},"geometry":{"type":"Point","coordinates":[-70.64016,-33.435165,0.0]}},{"type":"Feature","properties":{"OBJECTID_1":969,"OBJECTID":969,"X":-70.6401648458,"Y":-33.4351670409,"COD_MZN":"13101011001005"},"geometry":{"type":"Point","coordinates":[-70.640165,-33.435167,0.0]}},{"type":"Feature","properties":{"OBJECTID_1":970,"OBJECTID":970,"X":-70.6401761825,"Y":-33.4351621662,"COD_MZN":"13101011001005"},"geometry":{"type":"Point","coordinates":[-70.640176,-33.435162,0.0]}},{"type":"Feature","properties":{"OBJECTID_1":971,"OBJECTID":971,"X":-70.64012591,"Y":-33.4351734169,"COD_MZN":"13101011001005"},"geometry":{"type":"Point","coordinates":[-70.640126,-33.435173,0.0]}},{"type":"Feature","properties":{"OBJECTID_1":972,"OBJECTID":972,"X":-70.6401311633,"Y":-33.4351752431,"COD_MZN":"13101011001005"},"geometry":{"type":"Point","coordinates":[-70.640131,-33.435175,0.0]}},{"type":"Feature","properties":{"OBJECTID_1":973,"OBJECTID":973,"X":-70.6401425,"Y":-33.4351703684,"COD_MZN":"13101011001005"},"geometry":{"type":"Point","coordinates":[-70.640142,-33.43517,0.0]}},{"type":"Feature","properties":{"OBJECTID_1":974,"OBJECTID":974,"X":-70.640093005,"Y":-33.435180927,"COD_MZN":"13101011001005"},"geometry":{"type":"Point","coordinates":[-70.640093,-33.435181,0.0]}},{"type":"Feature","properties":{"OBJECTID_1":975,"OBJECTID":975,"X":-70.6400982583,"Y":-33.4351827523,"COD_MZN":"13101011001005"},"geometry":{"type":"Point","coordinates":[-70.640098,-33.435183,0.0]}},{"type":"Feature","properties":{"OBJECTID_1":976,"OBJECTID":976,"X":-70.640109595,"Y":-33.4351778776,"COD_MZN":"13101011001005"},"geometry":{"type":"Point","coordinates":[-70.64011,-33.435178,0.0]}},{"type":"Feature","properties":{"OBJECTID_1":977,"OBJECTID":977,"X":-70.640061052,"Y":-33.4351883253,"COD_MZN":"13101011001005"},"geometry":{"type":"Point","coordinates":[-70.640061,-33.435188,0.0]}},{"type":"Feature","properties":{"OBJECTID_1":978,"OBJECTID":978,"X":-70.6400663064,"Y":-33.4351901514,"COD_MZN":"13101011001005"},"geometry":{"type":"Point","coordinates":[-70.640066,-33.43519,0.0]}},{"type":"Feature","properties":{"OBJECTID_1":979,"OBJECTID":979,"X":-70.6400776431,"Y":-33.4351852768,"COD_MZN":"13101011001005"},"geometry":{"type":"Point","coordinates":[-70.640078,-33.435185,0.0]}},{"type":"Feature","properties":{"OBJECTID_1":980,"OBJECTID":980,"X":-70.6400273138,"Y":-33.4351958527,"COD_MZN":"13101011001005"},"geometry":{"type":"Point","coordinates":[-70.640027,-33.435196,0.0]}},{"type":"Feature","properties":{"OBJECTID_1":981,"OBJECTID":981,"X":-70.6400325681,"Y":-33.4351976789,"COD_MZN":"13101011001005"},"geometry":{"type":"Point","coordinates":[-70.640033,-33.435198,0.0]}},{"type":"Feature","properties":{"OBJECTID_1":982,"OBJECTID":982,"X":-70.6400439049,"Y":-33.4351928042,"COD_MZN":"13101011001005"},"geometry":{"type":"Point","coordinates":[-70.640044,-33.435193,0.0]}},{"type":"Feature","properties":{"OBJECTID_1":983,"OBJECTID":983,"X":-70.6399954985,"Y":-33.4352035405,"COD_MZN":"13101011001005"},"geometry":{"type":"Point","coordinates":[-70.639995,-33.435204,0.0]}},{"type":"Feature","properties":{"OBJECTID_1":984,"OBJECTID":984,"X":-70.6400007518,"Y":-33.4352053666,"COD_MZN":"13101011001005"},"geometry":{"type":"Point","coordinates":[-70.640001,-33.435205,0.0]}},{"type":"Feature","properties":{"OBJECTID_1":985,"OBJECTID":985,"X":-70.6400120885,"Y":-33.435200492,"COD_MZN":"13101011001005"},"geometry":{"type":"Point","coordinates":[-70.640012,-33.4352,0.0]}},{"type":"Feature","properties":{"OBJECTID_1":986,"OBJECTID":986,"X":-70.6399651479,"Y":-33.435210408,"COD_MZN":"13101011001005"},"geometry":{"type":"Point","coordinates":[-70.639965,-33.43521,0.0]}},{"type":"Feature","properties":{"OBJECTID_1":987,"OBJECTID":987,"X":-70.6399704022,"Y":-33.4352122341,"COD_MZN":"13101011001005"},"geometry":{"type":"Point","coordinates":[-70.63997,-33.435212,0.0]}},{"type":"Feature","properties":{"OBJECTID_1":988,"OBJECTID":988,"X":-70.639981739,"Y":-33.4352073595,"COD_MZN":"13101011001005"},"geometry":{"type":"Point","coordinates":[-70.639982,-33.435207,0.0]}},{"type":"Feature","properties":{"OBJECTID_1":989,"OBJECTID":989,"X":-70.6399096076,"Y":-33.4352237529,"COD_MZN":"13101011001005"},"geometry":{"type":"Point","coordinates":[-70.63991,-33.435224,0.0]}},{"type":"Feature","properties":{"OBJECTID_1":990,"OBJECTID":990,"X":-70.6399148609,"Y":-33.435225579,"COD_MZN":"13101011001005"},"geometry":{"type":"Point","coordinates":[-70.639915,-33.435226,0.0]}},{"type":"Feature","properties":{"OBJECTID_1":991,"OBJECTID":991,"X":-70.6399261976,"Y":-33.4352207044,"COD_MZN":"13101011001005"},"geometry":{"type":"Point","coordinates":[-70.639926,-33.435221,0.0]}},{"type":"Feature","properties":{"OBJECTID_1":992,"OBJECTID":992,"X":-70.6396665161,"Y":-33.4352791493,"COD_MZN":"13101011001005"},"geometry":{"type":"Point","coordinates":[-70.639667,-33.435279,0.0]}},{"type":"Feature","properties":{"OBJECTID_1":993,"OBJECTID":993,"X":-70.6396717694,"Y":-33.4352809755,"COD_MZN":"13101011001005"},"geometry":{"type":"Point","coordinates":[-70.639672,-33.435281,0.0]}},{"type":"Feature","properties":{"OBJECTID_1":994,"OBJECTID":994,"X":-70.6396831061,"Y":-33.4352761009,"COD_MZN":"13101011001005"},"geometry":{"type":"Point","coordinates":[-70.639683,-33.435276,0.0]}},{"type":"Feature","properties":{"OBJECTID_1":995,"OBJECTID":995,"X":-70.6396348409,"Y":-33.435287369,"COD_MZN":"13101011001005"},"geometry":{"type":"Point","coordinates":[-70.639635,-33.435287,0.0]}},{"type":"Feature","properties":{"OBJECTID_1":996,"OBJECTID":996,"X":-70.6396400953,"Y":-33.4352891952,"COD_MZN":"13101011001005"},"geometry":{"type":"Point","coordinates":[-70.63964,-33.435289,0.0]}},{"type":"Feature","properties":{"OBJECTID_1":997,"OBJECTID":997,"X":-70.639651432,"Y":-33.4352843197,"COD_MZN":"13101011001005"},"geometry":{"type":"Point","coordinates":[-70.639651,-33.435284,0.0]}},{"type":"Feature","properties":{"OBJECTID_1":998,"OBJECTID":998,"X":-70.6396019852,"Y":-33.4352944707,"COD_MZN":"13101011001005"},"geometry":{"type":"Point","coordinates":[-70.639602,-33.435294,0.0]}},{"type":"Feature","properties":{"OBJECTID_1":999,"OBJECTID":999,"X":-70.6396072395,"Y":-33.4352962969,"COD_MZN":"13101011001005"},"geometry":{"type":"Point","coordinates":[-70.639607,-33.435296,0.0]}},{"type":"Feature","properties":{"OBJECTID_1":1000,"OBJECTID":1000,"X":-70.6396185763,"Y":-33.4352914223,"COD_MZN":"13101011001005"},"geometry":{"type":"Point","coordinates":[-70.639619,-33.435291,0.0]}},{"type":"Feature","properties":{"OBJECTID_1":1001,"OBJECTID":1001,"X":-70.6395757788,"Y":-33.4352999604,"COD_MZN":"13101011001005"},"geometry":{"type":"Point","coordinates":[-70.639576,-33.4353,0.0]}},{"type":"Feature","properties":{"OBJECTID_1":1002,"OBJECTID":1002,"X":-70.6395810331,"Y":-33.4353017865,"COD_MZN":"13101011001005"},"geometry":{"type":"Point","coordinates":[-70.639581,-33.435302,0.0]}},{"type":"Feature","properties":{"OBJECTID_1":1003,"OBJECTID":1003,"X":-70.6395923688,"Y":-33.435296912,"COD_MZN":"13101011001005"},"geometry":{"type":"Point","coordinates":[-70.639592,-33.435297,0.0]}},{"type":"Feature","properties":{"OBJECTID_1":1004,"OBJECTID":1004,"X":-70.6395409087,"Y":-33.4353082214,"COD_MZN":"13101011001005"},"geometry":{"type":"Point","coordinates":[-70.639541,-33.435308,0.0]}},{"type":"Feature","properties":{"OBJECTID_1":1005,"OBJECTID":1005,"X":-70.639546162,"Y":-33.4353100476,"COD_MZN":"13101011001005"},"geometry":{"type":"Point","coordinates":[-70.639546,-33.43531,0.0]}},{"type":"Feature","properties":{"OBJECTID_1":1006,"OBJECTID":1006,"X":-70.6395574987,"Y":-33.435305173,"COD_MZN":"13101011001005"},"geometry":{"type":"Point","coordinates":[-70.639557,-33.435305,0.0]}},{"type":"Feature","properties":{"OBJECTID_1":1007,"OBJECTID":1007,"X":-70.6395097045,"Y":-33.4353150613,"COD_MZN":"13101011001005"},"geometry":{"type":"Point","coordinates":[-70.63951,-33.435315,0.0]}},{"type":"Feature","properties":{"OBJECTID_1":1008,"OBJECTID":1008,"X":-70.6395149577,"Y":-33.4353168875,"COD_MZN":"13101011001005"},"geometry":{"type":"Point","coordinates":[-70.639515,-33.435317,0.0]}},{"type":"Feature","properties":{"OBJECTID_1":1009,"OBJECTID":1009,"X":-70.6395262945,"Y":-33.435312012,"COD_MZN":"13101011001005"},"geometry":{"type":"Point","coordinates":[-70.639526,-33.435312,0.0]}},{"type":"Feature","properties":{"OBJECTID_1":1010,"OBJECTID":1010,"X":-70.6394778774,"Y":-33.4353225832,"COD_MZN":"13101011001005"},"geometry":{"type":"Point","coordinates":[-70.639478,-33.435323,0.0]}},{"type":"Feature","properties":{"OBJECTID_1":1011,"OBJECTID":1011,"X":-70.6394831307,"Y":-33.4353244093,"COD_MZN":"13101011001005"},"geometry":{"type":"Point","coordinates":[-70.639483,-33.435324,0.0]}},{"type":"Feature","properties":{"OBJECTID_1":1012,"OBJECTID":1012,"X":-70.6394944675,"Y":-33.4353195348,"COD_MZN":"13101011001005"},"geometry":{"type":"Point","coordinates":[-70.639494,-33.43532,0.0]}},{"type":"Feature","properties":{"OBJECTID_1":1013,"OBJECTID":1013,"X":-70.6394468077,"Y":-33.4353297694,"COD_MZN":"13101011001005"},"geometry":{"type":"Point","coordinates":[-70.639447,-33.43533,0.0]}},{"type":"Feature","properties":{"OBJECTID_1":1014,"OBJECTID":1014,"X":-70.639452062,"Y":-33.4353315956,"COD_MZN":"13101011001005"},"geometry":{"type":"Point","coordinates":[-70.639452,-33.435332,0.0]}},{"type":"Feature","properties":{"OBJECTID_1":1015,"OBJECTID":1015,"X":-70.6394633988,"Y":-33.435326721,"COD_MZN":"13101011001005"},"geometry":{"type":"Point","coordinates":[-70.639463,-33.435327,0.0]}},{"type":"Feature","properties":{"OBJECTID_1":1016,"OBJECTID":1016,"X":-70.6394153935,"Y":-33.435337054,"COD_MZN":"13101011001005"},"geometry":{"type":"Point","coordinates":[-70.639415,-33.435337,0.0]}},{"type":"Feature","properties":{"OBJECTID_1":1017,"OBJECTID":1017,"X":-70.6394206478,"Y":-33.4353388802,"COD_MZN":"13101011001005"},"geometry":{"type":"Point","coordinates":[-70.639421,-33.435339,0.0]}},{"type":"Feature","properties":{"OBJECTID_1":1018,"OBJECTID":1018,"X":-70.6394319846,"Y":-33.4353340047,"COD_MZN":"13101011001005"},"geometry":{"type":"Point","coordinates":[-70.639432,-33.435334,0.0]}},{"type":"Feature","properties":{"OBJECTID_1":1019,"OBJECTID":1019,"X":-70.6393837786,"Y":-33.4353442493,"COD_MZN":"13101011001005"},"geometry":{"type":"Point","coordinates":[-70.639384,-33.435344,0.0]}},{"type":"Feature","properties":{"OBJECTID_1":1020,"OBJECTID":1020,"X":-70.6393890319,"Y":-33.4353460754,"COD_MZN":"13101011001005"},"geometry":{"type":"Point","coordinates":[-70.639389,-33.435346,0.0]}},{"type":"Feature","properties":{"OBJECTID_1":1021,"OBJECTID":1021,"X":-70.6394003687,"Y":-33.4353412,"COD_MZN":"13101011001005"},"geometry":{"type":"Point","coordinates":[-70.6394,-33.435341,0.0]}},{"type":"Feature","properties":{"OBJECTID_1":1022,"OBJECTID":1022,"X":-70.6393526396,"Y":-33.435351413,"COD_MZN":"13101011001005"},"geometry":{"type":"Point","coordinates":[-70.639353,-33.435351,0.0]}},{"type":"Feature","properties":{"OBJECTID_1":1023,"OBJECTID":1023,"X":-70.639357894,"Y":-33.4353532391,"COD_MZN":"13101011001005"},"geometry":{"type":"Point","coordinates":[-70.639358,-33.435353,0.0]}},{"type":"Feature","properties":{"OBJECTID_1":1024,"OBJECTID":1024,"X":-70.6393692308,"Y":-33.4353483646,"COD_MZN":"13101011001005"},"geometry":{"type":"Point","coordinates":[-70.639369,-33.435348,0.0]}},{"type":"Feature","properties":{"OBJECTID_1":1025,"OBJECTID":1025,"X":-70.639321572,"Y":-33.4353584828,"COD_MZN":"13101011001005"},"geometry":{"type":"Point","coordinates":[-70.639322,-33.435358,0.0]}},{"type":"Feature","properties":{"OBJECTID_1":1026,"OBJECTID":1026,"X":-70.6393268253,"Y":-33.435360309,"COD_MZN":"13101011001005"},"geometry":{"type":"Point","coordinates":[-70.639327,-33.43536,0.0]}},{"type":"Feature","properties":{"OBJECTID_1":1027,"OBJECTID":1027,"X":-70.6393381621,"Y":-33.4353554344,"COD_MZN":"13101011001005"},"geometry":{"type":"Point","coordinates":[-70.639338,-33.435355,0.0]}},{"type":"Feature","properties":{"OBJECTID_1":1028,"OBJECTID":1028,"X":-70.6392897362,"Y":-33.4353655394,"COD_MZN":"13101011001005"},"geometry":{"type":"Point","coordinates":[-70.63929,-33.435366,0.0]}},{"type":"Feature","properties":{"OBJECTID_1":1029,"OBJECTID":1029,"X":-70.6392949905,"Y":-33.4353673656,"COD_MZN":"13101011001005"},"geometry":{"type":"Point","coordinates":[-70.639295,-33.435367,0.0]}},{"type":"Feature","properties":{"OBJECTID_1":1030,"OBJECTID":1030,"X":-70.6393063273,"Y":-33.435362491,"COD_MZN":"13101011001005"},"geometry":{"type":"Point","coordinates":[-70.639306,-33.435362,0.0]}},{"type":"Feature","properties":{"OBJECTID_1":1031,"OBJECTID":1031,"X":-70.6392587008,"Y":-33.4353728388,"COD_MZN":"13101011001005"},"geometry":{"type":"Point","coordinates":[-70.639259,-33.435373,0.0]}},{"type":"Feature","properties":{"OBJECTID_1":1032,"OBJECTID":1032,"X":-70.6392639552,"Y":-33.4353746649,"COD_MZN":"13101011001005"},"geometry":{"type":"Point","coordinates":[-70.639264,-33.435375,0.0]}},{"type":"Feature","properties":{"OBJECTID_1":1033,"OBJECTID":1033,"X":-70.639275292,"Y":-33.4353697895,"COD_MZN":"13101011001005"},"geometry":{"type":"Point","coordinates":[-70.639275,-33.43537,0.0]}},{"type":"Feature","properties":{"OBJECTID_1":1034,"OBJECTID":1034,"X":-70.6392261439,"Y":-33.4353803873,"COD_MZN":"13101011001005"},"geometry":{"type":"Point","coordinates":[-70.639226,-33.43538,0.0]}},{"type":"Feature","properties":{"OBJECTID_1":1035,"OBJECTID":1035,"X":-70.6392313982,"Y":-33.4353822135,"COD_MZN":"13101011001005"},"geometry":{"type":"Point","coordinates":[-70.639231,-33.435382,0.0]}},{"type":"Feature","properties":{"OBJECTID_1":1036,"OBJECTID":1036,"X":-70.639242735,"Y":-33.435377338,"COD_MZN":"13101011001005"},"geometry":{"type":"Point","coordinates":[-70.639243,-33.435377,0.0]}},{"type":"Feature","properties":{"OBJECTID_1":1037,"OBJECTID":1037,"X":-70.639195279,"Y":-33.4353873147,"COD_MZN":"13101011001005"},"geometry":{"type":"Point","coordinates":[-70.639195,-33.435387,0.0]}},{"type":"Feature","properties":{"OBJECTID_1":1038,"OBJECTID":1038,"X":-70.6392005333,"Y":-33.4353891409,"COD_MZN":"13101011001005"},"geometry":{"type":"Point","coordinates":[-70.639201,-33.435389,0.0]}},{"type":"Feature","properties":{"OBJECTID_1":1039,"OBJECTID":1039,"X":-70.6392118701,"Y":-33.4353842654,"COD_MZN":"13101011001005"},"geometry":{"type":"Point","coordinates":[-70.639212,-33.435384,0.0]}},{"type":"Feature","properties":{"OBJECTID_1":1040,"OBJECTID":1040,"X":-70.6391649657,"Y":-33.4353940021,"COD_MZN":"13101011001005"},"geometry":{"type":"Point","coordinates":[-70.639165,-33.435394,0.0]}},{"type":"Feature","properties":{"OBJECTID_1":1041,"OBJECTID":1041,"X":-70.6391702201,"Y":-33.4353958283,"COD_MZN":"13101011001005"},"geometry":{"type":"Point","coordinates":[-70.63917,-33.435396,0.0]}},{"type":"Feature","properties":{"OBJECTID_1":1042,"OBJECTID":1042,"X":-70.6391815569,"Y":-33.4353909528,"COD_MZN":"13101011001005"},"geometry":{"type":"Point","coordinates":[-70.639182,-33.435391,0.0]}},{"type":"Feature","properties":{"OBJECTID_1":1043,"OBJECTID":1043,"X":-70.6467826862,"Y":-33.4342702912,"COD_MZN":"13101011002005"},"geometry":{"type":"Point","coordinates":[-70.646783,-33.43427,0.0]}},{"type":"Feature","properties":{"OBJECTID_1":1044,"OBJECTID":1044,"X":-70.6467723256,"Y":-33.4341959162,"COD_MZN":"13101011002005"},"geometry":{"type":"Point","coordinates":[-70.646772,-33.434196,0.0]}},{"type":"Feature","properties":{"OBJECTID_1":1045,"OBJECTID":1045,"X":-70.6467676136,"Y":-33.4342098769,"COD_MZN":"13101011002005"},"geometry":{"type":"Point","coordinates":[-70.646768,-33.43421,0.0]}},{"type":"Feature","properties":{"OBJECTID_1":1046,"OBJECTID":1046,"X":-70.6461904824,"Y":-33.4345152941,"COD_MZN":"13101011002005"},"geometry":{"type":"Point","coordinates":[-70.64619,-33.434515,0.0]}},{"type":"Feature","properties":{"OBJECTID_1":1047,"OBJECTID":1047,"X":-70.646253921,"Y":-33.4345379652,"COD_MZN":"13101011002005"},"geometry":{"type":"Point","coordinates":[-70.646254,-33.434538,0.0]}},{"type":"Feature","properties":{"OBJECTID_1":1048,"OBJECTID":1048,"X":-70.6462265505,"Y":-33.4345207989,"COD_MZN":"13101011002005"},"geometry":{"type":"Point","coordinates":[-70.646227,-33.434521,0.0]}},{"type":"Feature","properties":{"OBJECTID_1":1049,"OBJECTID":1049,"X":-70.6462307925,"Y":-33.4345296689,"COD_MZN":"13101011002005"},"geometry":{"type":"Point","coordinates":[-70.646231,-33.43453,0.0]}},{"type":"Feature","properties":{"OBJECTID_1":1050,"OBJECTID":1050,"X":-70.6462092601,"Y":-33.4345280907,"COD_MZN":"13101011002005"},"geometry":{"type":"Point","coordinates":[-70.646209,-33.434528,0.0]}},{"type":"Feature","properties":{"OBJECTID_1":1051,"OBJECTID":1051,"X":-70.6461986182,"Y":-33.4345011041,"COD_MZN":"13101011002005"},"geometry":{"type":"Point","coordinates":[-70.646199,-33.434501,0.0]}},{"type":"Feature","properties":{"OBJECTID_1":1052,"OBJECTID":1052,"X":-70.6461875378,"Y":-33.4345072853,"COD_MZN":"13101011002005"},"geometry":{"type":"Point","coordinates":[-70.646188,-33.434507,0.0]}},{"type":"Feature","properties":{"OBJECTID_1":1053,"OBJECTID":1053,"X":-70.6461640109,"Y":-33.4345337065,"COD_MZN":"13101011002005"},"geometry":{"type":"Point","coordinates":[-70.646164,-33.434534,0.0]}},{"type":"Feature","properties":{"OBJECTID_1":1054,"OBJECTID":1054,"X":-70.646200079,"Y":-33.4345392112,"COD_MZN":"13101011002005"},"geometry":{"type":"Point","coordinates":[-70.6462,-33.434539,0.0]}},{"type":"Feature","properties":{"OBJECTID_1":1055,"OBJECTID":1055,"X":-70.6462043209,"Y":-33.4345480812,"COD_MZN":"13101011002005"},"geometry":{"type":"Point","coordinates":[-70.646204,-33.434548,0.0]}},{"type":"Feature","properties":{"OBJECTID_1":1056,"OBJECTID":1056,"X":-70.6461827886,"Y":-33.434546503,"COD_MZN":"13101011002005"},"geometry":{"type":"Point","coordinates":[-70.646183,-33.434547,0.0]}},{"type":"Feature","properties":{"OBJECTID_1":1057,"OBJECTID":1057,"X":-70.6461721467,"Y":-33.4345195164,"COD_MZN":"13101011002005"},"geometry":{"type":"Point","coordinates":[-70.646172,-33.43452,0.0]}},{"type":"Feature","properties":{"OBJECTID_1":1058,"OBJECTID":1058,"X":-70.6462125479,"Y":-33.4345736885,"COD_MZN":"13101011002005"},"geometry":{"type":"Point","coordinates":[-70.646213,-33.434574,0.0]}},{"type":"Feature","properties":{"OBJECTID_1":1059,"OBJECTID":1059,"X":-70.6462420172,"Y":-33.4345597202,"COD_MZN":"13101011002005"},"geometry":{"type":"Point","coordinates":[-70.646242,-33.43456,0.0]}},{"type":"Feature","properties":{"OBJECTID_1":1060,"OBJECTID":1060,"X":-70.6461851888,"Y":-33.4345857728,"COD_MZN":"13101011002005"},"geometry":{"type":"Point","coordinates":[-70.646185,-33.434586,0.0]}},{"type":"Feature","properties":{"OBJECTID_1":1061,"OBJECTID":1061,"X":-70.6461909169,"Y":-33.4345702466,"COD_MZN":"13101011002005"},"geometry":{"type":"Point","coordinates":[-70.646191,-33.43457,0.0]}},{"type":"Feature","properties":{"OBJECTID_1":1062,"OBJECTID":1062,"X":-70.6461629617,"Y":-33.4345723538,"COD_MZN":"13101011002005"},"geometry":{"type":"Point","coordinates":[-70.646163,-33.434572,0.0]}},{"type":"Feature","properties":{"OBJECTID_1":1063,"OBJECTID":1063,"X":-70.6461629709,"Y":-33.4345856538,"COD_MZN":"13101011002005"},"geometry":{"type":"Point","coordinates":[-70.646163,-33.434586,0.0]}},{"type":"Feature","properties":{"OBJECTID_1":1064,"OBJECTID":1064,"X":-70.64615708,"Y":-33.4346009278,"COD_MZN":"13101011002005"},"geometry":{"type":"Point","coordinates":[-70.646157,-33.434601,0.0]}},{"type":"Feature","properties":{"OBJECTID_1":1065,"OBJECTID":1065,"X":-70.6461357058,"Y":-33.4346006065,"COD_MZN":"13101011002005"},"geometry":{"type":"Point","coordinates":[-70.646136,-33.434601,0.0]}},{"type":"Feature","properties":{"OBJECTID_1":1066,"OBJECTID":1066,"X":-70.6461456612,"Y":-33.4345710765,"COD_MZN":"13101011002005"},"geometry":{"type":"Point","coordinates":[-70.646146,-33.434571,0.0]}},{"type":"Feature","properties":{"OBJECTID_1":1067,"OBJECTID":1067,"X":-70.6461333423,"Y":-33.4345917566,"COD_MZN":"13101011002005"},"geometry":{"type":"Point","coordinates":[-70.646133,-33.434592,0.0]}},{"type":"Feature","properties":{"OBJECTID_1":1068,"OBJECTID":1068,"X":-70.6461448172,"Y":-33.4346056088,"COD_MZN":"13101011002005"},"geometry":{"type":"Point","coordinates":[-70.646145,-33.434606,0.0]}},{"type":"Feature","properties":{"OBJECTID_1":1069,"OBJECTID":1069,"X":-70.6460391463,"Y":-33.4343607181,"COD_MZN":"13101011002005"},"geometry":{"type":"Point","coordinates":[-70.646039,-33.434361,0.0]}},{"type":"Feature","properties":{"OBJECTID_1":1070,"OBJECTID":1070,"X":-70.6460150552,"Y":-33.4343667753,"COD_MZN":"13101011002005"},"geometry":{"type":"Point","coordinates":[-70.646015,-33.434367,0.0]}},{"type":"Feature","properties":{"OBJECTID_1":1071,"OBJECTID":1071,"X":-70.6459906458,"Y":-33.4343728368,"COD_MZN":"13101011002005"},"geometry":{"type":"Point","coordinates":[-70.645991,-33.434373,0.0]}},{"type":"Feature","properties":{"OBJECTID_1":1072,"OBJECTID":1072,"X":-70.6459508664,"Y":-33.4343829711,"COD_MZN":"13101011002005"},"geometry":{"type":"Point","coordinates":[-70.645951,-33.434383,0.0]}},{"type":"Feature","properties":{"OBJECTID_1":1073,"OBJECTID":1073,"X":-70.6458795464,"Y":-33.4344019039,"COD_MZN":"13101011002005"},"geometry":{"type":"Point","coordinates":[-70.64588,-33.434402,0.0]}},{"type":"Feature","properties":{"OBJECTID_1":1074,"OBJECTID":1074,"X":-70.645855744,"Y":-33.4344067885,"COD_MZN":"13101011002005"},"geometry":{"type":"Point","coordinates":[-70.645856,-33.434407,0.0]}},{"type":"Feature","properties":{"OBJECTID_1":1075,"OBJECTID":1075,"X":-70.6458335626,"Y":-33.4344125922,"COD_MZN":"13101011002005"},"geometry":{"type":"Point","coordinates":[-70.645834,-33.434413,0.0]}},{"type":"Feature","properties":{"OBJECTID_1":1076,"OBJECTID":1076,"X":-70.6458115673,"Y":-33.4344198183,"COD_MZN":"13101011002005"},"geometry":{"type":"Point","coordinates":[-70.645812,-33.43442,0.0]}},{"type":"Feature","properties":{"OBJECTID_1":1077,"OBJECTID":1077,"X":-70.6457838912,"Y":-33.4344251917,"COD_MZN":"13101011002005"},"geometry":{"type":"Point","coordinates":[-70.645784,-33.434425,0.0]}},{"type":"Feature","properties":{"OBJECTID_1":1078,"OBJECTID":1078,"X":-70.6456544767,"Y":-33.4338834916,"COD_MZN":"13101011002004"},"geometry":{"type":"Point","coordinates":[-70.645654,-33.433883,0.0]}},{"type":"Feature","properties":{"OBJECTID_1":1079,"OBJECTID":1079,"X":-70.6455957651,"Y":-33.4338984295,"COD_MZN":"13101011002004"},"geometry":{"type":"Point","coordinates":[-70.645596,-33.433898,0.0]}},{"type":"Feature","properties":{"OBJECTID_1":1080,"OBJECTID":1080,"X":-70.6456595354,"Y":-33.4338842974,"COD_MZN":"13101011002004"},"geometry":{"type":"Point","coordinates":[-70.64566,-33.433884,0.0]}},{"type":"Feature","properties":{"OBJECTID_1":1081,"OBJECTID":1081,"X":-70.6456106158,"Y":-33.433894892,"COD_MZN":"13101011002004"},"geometry":{"type":"Point","coordinates":[-70.645611,-33.433895,0.0]}},{"type":"Feature","properties":{"OBJECTID_1":1082,"OBJECTID":1082,"X":-70.6456184009,"Y":-33.4338932339,"COD_MZN":"13101011002004"},"geometry":{"type":"Point","coordinates":[-70.645618,-33.433893,0.0]}},{"type":"Feature","properties":{"OBJECTID_1":1083,"OBJECTID":1083,"X":-70.6456421143,"Y":-33.4338873991,"COD_MZN":"13101011002004"},"geometry":{"type":"Point","coordinates":[-70.645642,-33.433887,0.0]}},{"type":"Feature","properties":{"OBJECTID_1":1084,"OBJECTID":1084,"X":-70.6457309703,"Y":-33.4338653732,"COD_MZN":"13101011002004"},"geometry":{"type":"Point","coordinates":[-70.645731,-33.433865,0.0]}},{"type":"Feature","properties":{"OBJECTID_1":1085,"OBJECTID":1085,"X":-70.6456722576,"Y":-33.4338803111,"COD_MZN":"13101011002004"},"geometry":{"type":"Point","coordinates":[-70.645672,-33.43388,0.0]}},{"type":"Feature","properties":{"OBJECTID_1":1086,"OBJECTID":1086,"X":-70.645736029,"Y":-33.433866179,"COD_MZN":"13101011002004"},"geometry":{"type":"Point","coordinates":[-70.645736,-33.433866,0.0]}},{"type":"Feature","properties":{"OBJECTID_1":1087,"OBJECTID":1087,"X":-70.6456871095,"Y":-33.4338767736,"COD_MZN":"13101011002004"},"geometry":{"type":"Point","coordinates":[-70.645687,-33.433877,0.0]}},{"type":"Feature","properties":{"OBJECTID_1":1088,"OBJECTID":1088,"X":-70.6456948935,"Y":-33.4338751156,"COD_MZN":"13101011002004"},"geometry":{"type":"Point","coordinates":[-70.645695,-33.433875,0.0]}},{"type":"Feature","properties":{"OBJECTID_1":1089,"OBJECTID":1089,"X":-70.6457186068,"Y":-33.4338692807,"COD_MZN":"13101011002004"},"geometry":{"type":"Point","coordinates":[-70.645719,-33.433869,0.0]}},{"type":"Feature","properties":{"OBJECTID_1":1090,"OBJECTID":1090,"X":-70.6458064604,"Y":-33.4338476612,"COD_MZN":"13101011002004"},"geometry":{"type":"Point","coordinates":[-70.645806,-33.433848,0.0]}},{"type":"Feature","properties":{"OBJECTID_1":1091,"OBJECTID":1091,"X":-70.6457477478,"Y":-33.4338625992,"COD_MZN":"13101011002004"},"geometry":{"type":"Point","coordinates":[-70.645748,-33.433863,0.0]}},{"type":"Feature","properties":{"OBJECTID_1":1092,"OBJECTID":1092,"X":-70.6458115181,"Y":-33.433848467,"COD_MZN":"13101011002004"},"geometry":{"type":"Point","coordinates":[-70.645812,-33.433848,0.0]}},{"type":"Feature","properties":{"OBJECTID_1":1093,"OBJECTID":1093,"X":-70.6457625986,"Y":-33.4338590617,"COD_MZN":"13101011002004"},"geometry":{"type":"Point","coordinates":[-70.645763,-33.433859,0.0]}},{"type":"Feature","properties":{"OBJECTID_1":1094,"OBJECTID":1094,"X":-70.6457703837,"Y":-33.4338574036,"COD_MZN":"13101011002004"},"geometry":{"type":"Point","coordinates":[-70.64577,-33.433857,0.0]}},{"type":"Feature","properties":{"OBJECTID_1":1095,"OBJECTID":1095,"X":-70.645794097,"Y":-33.4338515688,"COD_MZN":"13101011002004"},"geometry":{"type":"Point","coordinates":[-70.645794,-33.433852,0.0]}},{"type":"Feature","properties":{"OBJECTID_1":1096,"OBJECTID":1096,"X":-70.6458824011,"Y":-33.4338295969,"COD_MZN":"13101011002004"},"geometry":{"type":"Point","coordinates":[-70.645882,-33.43383,0.0]}},{"type":"Feature","properties":{"OBJECTID_1":1097,"OBJECTID":1097,"X":-70.6458236885,"Y":-33.4338445341,"COD_MZN":"13101011002004"},"geometry":{"type":"Point","coordinates":[-70.645824,-33.433845,0.0]}},{"type":"Feature","properties":{"OBJECTID_1":1098,"OBJECTID":1098,"X":-70.6458874598,"Y":-33.4338304028,"COD_MZN":"13101011002004"},"geometry":{"type":"Point","coordinates":[-70.645887,-33.43383,0.0]}},{"type":"Feature","properties":{"OBJECTID_1":1099,"OBJECTID":1099,"X":-70.6458385403,"Y":-33.4338409966,"COD_MZN":"13101011002004"},"geometry":{"type":"Point","coordinates":[-70.645839,-33.433841,0.0]}},{"type":"Feature","properties":{"OBJECTID_1":1100,"OBJECTID":1100,"X":-70.6458445521,"Y":-33.4338415778,"COD_MZN":"13101011002004"},"geometry":{"type":"Point","coordinates":[-70.645845,-33.433842,0.0]}},{"type":"Feature","properties":{"OBJECTID_1":1101,"OBJECTID":1101,"X":-70.6458700377,"Y":-33.4338335045,"COD_MZN":"13101011002004"},"geometry":{"type":"Point","coordinates":[-70.64587,-33.433834,0.0]}},{"type":"Feature","properties":{"OBJECTID_1":1102,"OBJECTID":1102,"X":-70.6461810667,"Y":-33.4337602253,"COD_MZN":"13101011002004"},"geometry":{"type":"Point","coordinates":[-70.646181,-33.43376,0.0]}},{"type":"Feature","properties":{"OBJECTID_1":1103,"OBJECTID":1103,"X":-70.6461861254,"Y":-33.4337610311,"COD_MZN":"13101011002004"},"geometry":{"type":"Point","coordinates":[-70.646186,-33.433761,0.0]}},{"type":"Feature","properties":{"OBJECTID_1":1104,"OBJECTID":1104,"X":-70.6461687033,"Y":-33.4337641329,"COD_MZN":"13101011002004"},"geometry":{"type":"Point","coordinates":[-70.646169,-33.433764,0.0]}},{"type":"Feature","properties":{"OBJECTID_1":1105,"OBJECTID":1105,"X":-70.6462562346,"Y":-33.4337424281,"COD_MZN":"13101011002004"},"geometry":{"type":"Point","coordinates":[-70.646256,-33.433742,0.0]}},{"type":"Feature","properties":{"OBJECTID_1":1106,"OBJECTID":1106,"X":-70.6461975221,"Y":-33.4337573663,"COD_MZN":"13101011002004"},"geometry":{"type":"Point","coordinates":[-70.646198,-33.433757,0.0]}},{"type":"Feature","properties":{"OBJECTID_1":1107,"OBJECTID":1107,"X":-70.6462612933,"Y":-33.4337432339,"COD_MZN":"13101011002004"},"geometry":{"type":"Point","coordinates":[-70.646261,-33.433743,0.0]}},{"type":"Feature","properties":{"OBJECTID_1":1108,"OBJECTID":1108,"X":-70.6462123739,"Y":-33.4337538287,"COD_MZN":"13101011002004"},"geometry":{"type":"Point","coordinates":[-70.646212,-33.433754,0.0]}},{"type":"Feature","properties":{"OBJECTID_1":1109,"OBJECTID":1109,"X":-70.6462201579,"Y":-33.4337521706,"COD_MZN":"13101011002004"},"geometry":{"type":"Point","coordinates":[-70.64622,-33.433752,0.0]}},{"type":"Feature","properties":{"OBJECTID_1":1110,"OBJECTID":1110,"X":-70.6462438712,"Y":-33.4337463357,"COD_MZN":"13101011002004"},"geometry":{"type":"Point","coordinates":[-70.646244,-33.433746,0.0]}},{"type":"Feature","properties":{"OBJECTID_1":1111,"OBJECTID":1111,"X":-70.6462723679,"Y":-33.4337394858,"COD_MZN":"13101011002004"},"geometry":{"type":"Point","coordinates":[-70.646272,-33.433739,0.0]}},{"type":"Feature","properties":{"OBJECTID_1":1112,"OBJECTID":1112,"X":-70.6462872186,"Y":-33.4337359492,"COD_MZN":"13101011002004"},"geometry":{"type":"Point","coordinates":[-70.646287,-33.433736,0.0]}},{"type":"Feature","properties":{"OBJECTID_1":1113,"OBJECTID":1113,"X":-70.6462950036,"Y":-33.4337342902,"COD_MZN":"13101011002004"},"geometry":{"type":"Point","coordinates":[-70.646295,-33.433734,0.0]}},{"type":"Feature","properties":{"OBJECTID_1":1114,"OBJECTID":1114,"X":-70.6463773962,"Y":-33.4337141541,"COD_MZN":"13101011002004"},"geometry":{"type":"Point","coordinates":[-70.646377,-33.433714,0.0]}},{"type":"Feature","properties":{"OBJECTID_1":1115,"OBJECTID":1115,"X":-70.6463186838,"Y":-33.4337290915,"COD_MZN":"13101011002004"},"geometry":{"type":"Point","coordinates":[-70.646319,-33.433729,0.0]}},{"type":"Feature","properties":{"OBJECTID_1":1116,"OBJECTID":1116,"X":-70.6463824549,"Y":-33.4337149599,"COD_MZN":"13101011002004"},"geometry":{"type":"Point","coordinates":[-70.646382,-33.433715,0.0]}},{"type":"Feature","properties":{"OBJECTID_1":1117,"OBJECTID":1117,"X":-70.6463335356,"Y":-33.4337255548,"COD_MZN":"13101011002004"},"geometry":{"type":"Point","coordinates":[-70.646334,-33.433726,0.0]}},{"type":"Feature","properties":{"OBJECTID_1":1118,"OBJECTID":1118,"X":-70.6463413195,"Y":-33.4337238958,"COD_MZN":"13101011002004"},"geometry":{"type":"Point","coordinates":[-70.646341,-33.433724,0.0]}},{"type":"Feature","properties":{"OBJECTID_1":1119,"OBJECTID":1119,"X":-70.6463650328,"Y":-33.4337180618,"COD_MZN":"13101011002004"},"geometry":{"type":"Point","coordinates":[-70.646365,-33.433718,0.0]}},{"type":"Feature","properties":{"OBJECTID_1":1120,"OBJECTID":1120,"X":-70.6464538884,"Y":-33.4336960353,"COD_MZN":"13101011002004"},"geometry":{"type":"Point","coordinates":[-70.646454,-33.433696,0.0]}},{"type":"Feature","properties":{"OBJECTID_1":1121,"OBJECTID":1121,"X":-70.646395176,"Y":-33.4337109736,"COD_MZN":"13101011002004"},"geometry":{"type":"Point","coordinates":[-70.646395,-33.433711,0.0]}},{"type":"Feature","properties":{"OBJECTID_1":1122,"OBJECTID":1122,"X":-70.6464589471,"Y":-33.4336968411,"COD_MZN":"13101011002004"},"geometry":{"type":"Point","coordinates":[-70.646459,-33.433697,0.0]}},{"type":"Feature","properties":{"OBJECTID_1":1123,"OBJECTID":1123,"X":-70.6464100278,"Y":-33.433707436,"COD_MZN":"13101011002004"},"geometry":{"type":"Point","coordinates":[-70.64641,-33.433707,0.0]}},{"type":"Feature","properties":{"OBJECTID_1":1124,"OBJECTID":1124,"X":-70.6464178118,"Y":-33.4337057779,"COD_MZN":"13101011002004"},"geometry":{"type":"Point","coordinates":[-70.646418,-33.433706,0.0]}},{"type":"Feature","properties":{"OBJECTID_1":1125,"OBJECTID":1125,"X":-70.646441525,"Y":-33.4336999429,"COD_MZN":"13101011002004"},"geometry":{"type":"Point","coordinates":[-70.646442,-33.4337,0.0]}},{"type":"Feature","properties":{"OBJECTID_1":1126,"OBJECTID":1126,"X":-70.6465293775,"Y":-33.4336782805,"COD_MZN":"13101011002004"},"geometry":{"type":"Point","coordinates":[-70.646529,-33.433678,0.0]}},{"type":"Feature","properties":{"OBJECTID_1":1127,"OBJECTID":1127,"X":-70.6464706662,"Y":-33.4336932188,"COD_MZN":"13101011002004"},"geometry":{"type":"Point","coordinates":[-70.646471,-33.433693,0.0]}},{"type":"Feature","properties":{"OBJECTID_1":1128,"OBJECTID":1128,"X":-70.6465344362,"Y":-33.4336790863,"COD_MZN":"13101011002004"},"geometry":{"type":"Point","coordinates":[-70.646534,-33.433679,0.0]}},{"type":"Feature","properties":{"OBJECTID_1":1129,"OBJECTID":1129,"X":-70.6464855169,"Y":-33.4336896813,"COD_MZN":"13101011002004"},"geometry":{"type":"Point","coordinates":[-70.646486,-33.43369,0.0]}},{"type":"Feature","properties":{"OBJECTID_1":1130,"OBJECTID":1130,"X":-70.6464933019,"Y":-33.4336880231,"COD_MZN":"13101011002004"},"geometry":{"type":"Point","coordinates":[-70.646493,-33.433688,0.0]}},{"type":"Feature","properties":{"OBJECTID_1":1131,"OBJECTID":1131,"X":-70.6465170152,"Y":-33.4336821882,"COD_MZN":"13101011002004"},"geometry":{"type":"Point","coordinates":[-70.646517,-33.433682,0.0]}},{"type":"Feature","properties":{"OBJECTID_1":1132,"OBJECTID":1132,"X":-70.6466057995,"Y":-33.4336609498,"COD_MZN":"13101011002004"},"geometry":{"type":"Point","coordinates":[-70.646606,-33.433661,0.0]}},{"type":"Feature","properties":{"OBJECTID_1":1133,"OBJECTID":1133,"X":-70.6465471584,"Y":-33.4336750999,"COD_MZN":"13101011002004"},"geometry":{"type":"Point","coordinates":[-70.646547,-33.433675,0.0]}},{"type":"Feature","properties":{"OBJECTID_1":1134,"OBJECTID":1134,"X":-70.6466108583,"Y":-33.4336617556,"COD_MZN":"13101011002004"},"geometry":{"type":"Point","coordinates":[-70.646611,-33.433662,0.0]}},{"type":"Feature","properties":{"OBJECTID_1":1135,"OBJECTID":1135,"X":-70.646561939,"Y":-33.4336723506,"COD_MZN":"13101011002004"},"geometry":{"type":"Point","coordinates":[-70.646562,-33.433672,0.0]}},{"type":"Feature","properties":{"OBJECTID_1":1136,"OBJECTID":1136,"X":-70.646569724,"Y":-33.4336706925,"COD_MZN":"13101011002004"},"geometry":{"type":"Point","coordinates":[-70.64657,-33.433671,0.0]}},{"type":"Feature","properties":{"OBJECTID_1":1137,"OBJECTID":1137,"X":-70.6465934362,"Y":-33.4336648575,"COD_MZN":"13101011002004"},"geometry":{"type":"Point","coordinates":[-70.646593,-33.433665,0.0]}},{"type":"Feature","properties":{"OBJECTID_1":1138,"OBJECTID":1138,"X":-70.6466815099,"Y":-33.4336432416,"COD_MZN":"13101011002004"},"geometry":{"type":"Point","coordinates":[-70.646682,-33.433643,0.0]}},{"type":"Feature","properties":{"OBJECTID_1":1139,"OBJECTID":1139,"X":-70.6466226482,"Y":-33.4336573875,"COD_MZN":"13101011002004"},"geometry":{"type":"Point","coordinates":[-70.646623,-33.433657,0.0]}},{"type":"Feature","properties":{"OBJECTID_1":1140,"OBJECTID":1140,"X":-70.6466865686,"Y":-33.4336440474,"COD_MZN":"13101011002004"},"geometry":{"type":"Point","coordinates":[-70.646687,-33.433644,0.0]}},{"type":"Feature","properties":{"OBJECTID_1":1141,"OBJECTID":1141,"X":-70.6466374989,"Y":-33.4336538499,"COD_MZN":"13101011002004"},"geometry":{"type":"Point","coordinates":[-70.646637,-33.433654,0.0]}},{"type":"Feature","properties":{"OBJECTID_1":1142,"OBJECTID":1142,"X":-70.6466454344,"Y":-33.4336529843,"COD_MZN":"13101011002004"},"geometry":{"type":"Point","coordinates":[-70.646645,-33.433653,0.0]}},{"type":"Feature","properties":{"OBJECTID_1":1143,"OBJECTID":1143,"X":-70.6466691466,"Y":-33.4336471493,"COD_MZN":"13101011002004"},"geometry":{"type":"Point","coordinates":[-70.646669,-33.433647,0.0]}},{"type":"Feature","properties":{"OBJECTID_1":1144,"OBJECTID":1144,"X":-70.6467577436,"Y":-33.4336255066,"COD_MZN":"13101011002004"},"geometry":{"type":"Point","coordinates":[-70.646758,-33.433626,0.0]}},{"type":"Feature","properties":{"OBJECTID_1":1145,"OBJECTID":1145,"X":-70.646698739,"Y":-33.4336401144,"COD_MZN":"13101011002004"},"geometry":{"type":"Point","coordinates":[-70.646699,-33.43364,0.0]}},{"type":"Feature","properties":{"OBJECTID_1":1146,"OBJECTID":1146,"X":-70.6467628023,"Y":-33.4336263124,"COD_MZN":"13101011002004"},"geometry":{"type":"Point","coordinates":[-70.646763,-33.433626,0.0]}},{"type":"Feature","properties":{"OBJECTID_1":1147,"OBJECTID":1147,"X":-70.6467135907,"Y":-33.4336365768,"COD_MZN":"13101011002004"},"geometry":{"type":"Point","coordinates":[-70.646714,-33.433637,0.0]}},{"type":"Feature","properties":{"OBJECTID_1":1148,"OBJECTID":1148,"X":-70.6467213747,"Y":-33.4336349186,"COD_MZN":"13101011002004"},"geometry":{"type":"Point","coordinates":[-70.646721,-33.433635,0.0]}},{"type":"Feature","properties":{"OBJECTID_1":1149,"OBJECTID":1149,"X":-70.6467453803,"Y":-33.4336294143,"COD_MZN":"13101011002004"},"geometry":{"type":"Point","coordinates":[-70.646745,-33.433629,0.0]}},{"type":"Feature","properties":{"OBJECTID_1":1150,"OBJECTID":1150,"X":-70.6468330453,"Y":-33.4336075188,"COD_MZN":"13101011002004"},"geometry":{"type":"Point","coordinates":[-70.646833,-33.433608,0.0]}},{"type":"Feature","properties":{"OBJECTID_1":1151,"OBJECTID":1151,"X":-70.646774333,"Y":-33.4336224573,"COD_MZN":"13101011002004"},"geometry":{"type":"Point","coordinates":[-70.646774,-33.433622,0.0]}},{"type":"Feature","properties":{"OBJECTID_1":1152,"OBJECTID":1152,"X":-70.646838104,"Y":-33.4336083246,"COD_MZN":"13101011002004"},"geometry":{"type":"Point","coordinates":[-70.646838,-33.433608,0.0]}},{"type":"Feature","properties":{"OBJECTID_1":1153,"OBJECTID":1153,"X":-70.6467891848,"Y":-33.4336189197,"COD_MZN":"13101011002004"},"geometry":{"type":"Point","coordinates":[-70.646789,-33.433619,0.0]}},{"type":"Feature","properties":{"OBJECTID_1":1154,"OBJECTID":1154,"X":-70.6467969687,"Y":-33.4336172615,"COD_MZN":"13101011002004"},"geometry":{"type":"Point","coordinates":[-70.646797,-33.433617,0.0]}},{"type":"Feature","properties":{"OBJECTID_1":1155,"OBJECTID":1155,"X":-70.646820682,"Y":-33.4336114265,"COD_MZN":"13101011002004"},"geometry":{"type":"Point","coordinates":[-70.646821,-33.433611,0.0]}},{"type":"Feature","properties":{"OBJECTID_1":1156,"OBJECTID":1156,"X":-70.6469079198,"Y":-33.4335902653,"COD_MZN":"13101011002004"},"geometry":{"type":"Point","coordinates":[-70.646908,-33.43359,0.0]}},{"type":"Feature","properties":{"OBJECTID_1":1157,"OBJECTID":1157,"X":-70.6468491222,"Y":-33.433604671,"COD_MZN":"13101011002004"},"geometry":{"type":"Point","coordinates":[-70.646849,-33.433605,0.0]}},{"type":"Feature","properties":{"OBJECTID_1":1158,"OBJECTID":1158,"X":-70.6469129785,"Y":-33.4335910711,"COD_MZN":"13101011002004"},"geometry":{"type":"Point","coordinates":[-70.646913,-33.433591,0.0]}},{"type":"Feature","properties":{"OBJECTID_1":1159,"OBJECTID":1159,"X":-70.6468640593,"Y":-33.4336016662,"COD_MZN":"13101011002004"},"geometry":{"type":"Point","coordinates":[-70.646864,-33.433602,0.0]}},{"type":"Feature","properties":{"OBJECTID_1":1160,"OBJECTID":1160,"X":-70.6468718433,"Y":-33.433600008,"COD_MZN":"13101011002004"},"geometry":{"type":"Point","coordinates":[-70.646872,-33.4336,0.0]}},{"type":"Feature","properties":{"OBJECTID_1":1161,"OBJECTID":1161,"X":-70.6468955565,"Y":-33.433594173,"COD_MZN":"13101011002004"},"geometry":{"type":"Point","coordinates":[-70.646896,-33.433594,0.0]}},{"type":"Feature","properties":{"OBJECTID_1":1162,"OBJECTID":1162,"X":-70.6469819305,"Y":-33.4335728942,"COD_MZN":"13101011002004"},"geometry":{"type":"Point","coordinates":[-70.646982,-33.433573,0.0]}},{"type":"Feature","properties":{"OBJECTID_1":1163,"OBJECTID":1163,"X":-70.6469242297,"Y":-33.43358728,"COD_MZN":"13101011002004"},"geometry":{"type":"Point","coordinates":[-70.646924,-33.433587,0.0]}},{"type":"Feature","properties":{"OBJECTID_1":1164,"OBJECTID":1164,"X":-70.6469869893,"Y":-33.4335737009,"COD_MZN":"13101011002004"},"geometry":{"type":"Point","coordinates":[-70.646987,-33.433574,0.0]}},{"type":"Feature","properties":{"OBJECTID_1":1165,"OBJECTID":1165,"X":-70.6469380701,"Y":-33.4335842951,"COD_MZN":"13101011002004"},"geometry":{"type":"Point","coordinates":[-70.646938,-33.433584,0.0]}},{"type":"Feature","properties":{"OBJECTID_1":1166,"OBJECTID":1166,"X":-70.646945854,"Y":-33.433582637,"COD_MZN":"13101011002004"},"geometry":{"type":"Point","coordinates":[-70.646946,-33.433583,0.0]}},{"type":"Feature","properties":{"OBJECTID_1":1167,"OBJECTID":1167,"X":-70.6469695672,"Y":-33.4335768019,"COD_MZN":"13101011002004"},"geometry":{"type":"Point","coordinates":[-70.64697,-33.433577,0.0]}},{"type":"Feature","properties":{"OBJECTID_1":1168,"OBJECTID":1168,"X":-70.6470586394,"Y":-33.4335549273,"COD_MZN":"13101011002004"},"geometry":{"type":"Point","coordinates":[-70.647059,-33.433555,0.0]}},{"type":"Feature","properties":{"OBJECTID_1":1169,"OBJECTID":1169,"X":-70.6469985407,"Y":-33.4335699176,"COD_MZN":"13101011002004"},"geometry":{"type":"Point","coordinates":[-70.646999,-33.43357,0.0]}},{"type":"Feature","properties":{"OBJECTID_1":1170,"OBJECTID":1170,"X":-70.6470636981,"Y":-33.433555733,"COD_MZN":"13101011002004"},"geometry":{"type":"Point","coordinates":[-70.647064,-33.433556,0.0]}},{"type":"Feature","properties":{"OBJECTID_1":1171,"OBJECTID":1171,"X":-70.6470147008,"Y":-33.4335663491,"COD_MZN":"13101011002004"},"geometry":{"type":"Point","coordinates":[-70.647015,-33.433566,0.0]}},{"type":"Feature","properties":{"OBJECTID_1":1172,"OBJECTID":1172,"X":-70.6470224848,"Y":-33.43356469,"COD_MZN":"13101011002004"},"geometry":{"type":"Point","coordinates":[-70.647022,-33.433565,0.0]}},{"type":"Feature","properties":{"OBJECTID_1":1173,"OBJECTID":1173,"X":-70.6470462761,"Y":-33.433558835,"COD_MZN":"13101011002004"},"geometry":{"type":"Point","coordinates":[-70.647046,-33.433559,0.0]}},{"type":"Feature","properties":{"OBJECTID_1":1174,"OBJECTID":1174,"X":-70.6471338992,"Y":-33.4335378002,"COD_MZN":"13101011002004"},"geometry":{"type":"Point","coordinates":[-70.647134,-33.433538,0.0]}},{"type":"Feature","properties":{"OBJECTID_1":1175,"OBJECTID":1175,"X":-70.6470750958,"Y":-33.4335520672,"COD_MZN":"13101011002004"},"geometry":{"type":"Point","coordinates":[-70.647075,-33.433552,0.0]}},{"type":"Feature","properties":{"OBJECTID_1":1176,"OBJECTID":1176,"X":-70.6471389579,"Y":-33.4335386059,"COD_MZN":"13101011002004"},"geometry":{"type":"Point","coordinates":[-70.647139,-33.433539,0.0]}},{"type":"Feature","properties":{"OBJECTID_1":1177,"OBJECTID":1177,"X":-70.6470899475,"Y":-33.4335485305,"COD_MZN":"13101011002004"},"geometry":{"type":"Point","coordinates":[-70.64709,-33.433549,0.0]}},{"type":"Feature","properties":{"OBJECTID_1":1178,"OBJECTID":1178,"X":-70.6470975768,"Y":-33.4335468257,"COD_MZN":"13101011002004"},"geometry":{"type":"Point","coordinates":[-70.647098,-33.433547,0.0]}},{"type":"Feature","properties":{"OBJECTID_1":1179,"OBJECTID":1179,"X":-70.64712129,"Y":-33.4335409915,"COD_MZN":"13101011002004"},"geometry":{"type":"Point","coordinates":[-70.647121,-33.433541,0.0]}},{"type":"Feature","properties":{"OBJECTID_1":1180,"OBJECTID":1180,"X":-70.6471500324,"Y":-33.4335348578,"COD_MZN":"13101011002004"},"geometry":{"type":"Point","coordinates":[-70.64715,-33.433535,0.0]}},{"type":"Feature","properties":{"OBJECTID_1":1181,"OBJECTID":1181,"X":-70.647164883,"Y":-33.4335313202,"COD_MZN":"13101011002004"},"geometry":{"type":"Point","coordinates":[-70.647165,-33.433531,0.0]}},{"type":"Feature","properties":{"OBJECTID_1":1182,"OBJECTID":1182,"X":-70.6471726681,"Y":-33.433529662,"COD_MZN":"13101011002004"},"geometry":{"type":"Point","coordinates":[-70.647173,-33.43353,0.0]}},{"type":"Feature","properties":{"OBJECTID_1":1183,"OBJECTID":1183,"X":-70.6472550602,"Y":-33.4335095254,"COD_MZN":"13101011002004"},"geometry":{"type":"Point","coordinates":[-70.647255,-33.43351,0.0]}},{"type":"Feature","properties":{"OBJECTID_1":1184,"OBJECTID":1184,"X":-70.6471963481,"Y":-33.4335244631,"COD_MZN":"13101011002004"},"geometry":{"type":"Point","coordinates":[-70.647196,-33.433524,0.0]}},{"type":"Feature","properties":{"OBJECTID_1":1185,"OBJECTID":1185,"X":-70.6472601189,"Y":-33.4335103311,"COD_MZN":"13101011002004"},"geometry":{"type":"Point","coordinates":[-70.64726,-33.43351,0.0]}},{"type":"Feature","properties":{"OBJECTID_1":1186,"OBJECTID":1186,"X":-70.6472111998,"Y":-33.4335209264,"COD_MZN":"13101011002004"},"geometry":{"type":"Point","coordinates":[-70.647211,-33.433521,0.0]}},{"type":"Feature","properties":{"OBJECTID_1":1187,"OBJECTID":1187,"X":-70.6472189837,"Y":-33.4335192673,"COD_MZN":"13101011002004"},"geometry":{"type":"Point","coordinates":[-70.647219,-33.433519,0.0]}},{"type":"Feature","properties":{"OBJECTID_1":1188,"OBJECTID":1188,"X":-70.6472426969,"Y":-33.4335134331,"COD_MZN":"13101011002004"},"geometry":{"type":"Point","coordinates":[-70.647243,-33.433513,0.0]}},{"type":"Feature","properties":{"OBJECTID_1":1189,"OBJECTID":1189,"X":-70.6473308738,"Y":-33.4334906909,"COD_MZN":"13101011002004"},"geometry":{"type":"Point","coordinates":[-70.647331,-33.433491,0.0]}},{"type":"Feature","properties":{"OBJECTID_1":1190,"OBJECTID":1190,"X":-70.647272841,"Y":-33.4335063447,"COD_MZN":"13101011002004"},"geometry":{"type":"Point","coordinates":[-70.647273,-33.433506,0.0]}},{"type":"Feature","properties":{"OBJECTID_1":1191,"OBJECTID":1191,"X":-70.647336203,"Y":-33.4334904442,"COD_MZN":"13101011002004"},"geometry":{"type":"Point","coordinates":[-70.647336,-33.43349,0.0]}},{"type":"Feature","properties":{"OBJECTID_1":1192,"OBJECTID":1192,"X":-70.6472876916,"Y":-33.433502807,"COD_MZN":"13101011002004"},"geometry":{"type":"Point","coordinates":[-70.647288,-33.433503,0.0]}},{"type":"Feature","properties":{"OBJECTID_1":1193,"OBJECTID":1193,"X":-70.6472954767,"Y":-33.4335011489,"COD_MZN":"13101011002004"},"geometry":{"type":"Point","coordinates":[-70.647295,-33.433501,0.0]}},{"type":"Feature","properties":{"OBJECTID_1":1194,"OBJECTID":1194,"X":-70.6473191994,"Y":-33.4334953109,"COD_MZN":"13101011002004"},"geometry":{"type":"Point","coordinates":[-70.647319,-33.433495,0.0]}},{"type":"Feature","properties":{"OBJECTID_1":1195,"OBJECTID":1195,"X":-70.6474058216,"Y":-33.433466685,"COD_MZN":"13101011002004"},"geometry":{"type":"Point","coordinates":[-70.647406,-33.433467,0.0]}},{"type":"Feature","properties":{"OBJECTID_1":1196,"OBJECTID":1196,"X":-70.6473474972,"Y":-33.4334873352,"COD_MZN":"13101011002004"},"geometry":{"type":"Point","coordinates":[-70.647347,-33.433487,0.0]}},{"type":"Feature","properties":{"OBJECTID_1":1197,"OBJECTID":1197,"X":-70.6474108803,"Y":-33.4334674907,"COD_MZN":"13101011002004"},"geometry":{"type":"Point","coordinates":[-70.647411,-33.433467,0.0]}},{"type":"Feature","properties":{"OBJECTID_1":1198,"OBJECTID":1198,"X":-70.6473611301,"Y":-33.4334817405,"COD_MZN":"13101011002004"},"geometry":{"type":"Point","coordinates":[-70.647361,-33.433482,0.0]}},{"type":"Feature","properties":{"OBJECTID_1":1199,"OBJECTID":1199,"X":-70.6473690144,"Y":-33.4334791313,"COD_MZN":"13101011002004"},"geometry":{"type":"Point","coordinates":[-70.647369,-33.433479,0.0]}},{"type":"Feature","properties":{"OBJECTID_1":1200,"OBJECTID":1200,"X":-70.6473934583,"Y":-33.4334705927,"COD_MZN":"13101011002004"},"geometry":{"type":"Point","coordinates":[-70.647393,-33.433471,0.0]}},{"type":"Feature","properties":{"OBJECTID_1":1201,"OBJECTID":1201,"X":-70.6474823145,"Y":-33.4334485655,"COD_MZN":"13101011002004"},"geometry":{"type":"Point","coordinates":[-70.647482,-33.433449,0.0]}},{"type":"Feature","properties":{"OBJECTID_1":1202,"OBJECTID":1202,"X":-70.6474236024,"Y":-33.4334635034,"COD_MZN":"13101011002004"},"geometry":{"type":"Point","coordinates":[-70.647424,-33.433464,0.0]}},{"type":"Feature","properties":{"OBJECTID_1":1203,"OBJECTID":1203,"X":-70.6474873721,"Y":-33.4334493713,"COD_MZN":"13101011002004"},"geometry":{"type":"Point","coordinates":[-70.647487,-33.433449,0.0]}},{"type":"Feature","properties":{"OBJECTID_1":1204,"OBJECTID":1204,"X":-70.647438453,"Y":-33.4334599666,"COD_MZN":"13101011002004"},"geometry":{"type":"Point","coordinates":[-70.647438,-33.43346,0.0]}},{"type":"Feature","properties":{"OBJECTID_1":1205,"OBJECTID":1205,"X":-70.6474462381,"Y":-33.4334583075,"COD_MZN":"13101011002004"},"geometry":{"type":"Point","coordinates":[-70.647446,-33.433458,0.0]}},{"type":"Feature","properties":{"OBJECTID_1":1206,"OBJECTID":1206,"X":-70.6474699512,"Y":-33.4334524733,"COD_MZN":"13101011002004"},"geometry":{"type":"Point","coordinates":[-70.64747,-33.433452,0.0]}},{"type":"Feature","properties":{"OBJECTID_1":1207,"OBJECTID":1207,"X":-70.6475578028,"Y":-33.4334308525,"COD_MZN":"13101011002004"},"geometry":{"type":"Point","coordinates":[-70.647558,-33.433431,0.0]}},{"type":"Feature","properties":{"OBJECTID_1":1208,"OBJECTID":1208,"X":-70.6474990908,"Y":-33.4334457904,"COD_MZN":"13101011002004"},"geometry":{"type":"Point","coordinates":[-70.647499,-33.433446,0.0]}},{"type":"Feature","properties":{"OBJECTID_1":1209,"OBJECTID":1209,"X":-70.6475628615,"Y":-33.4334316583,"COD_MZN":"13101011002004"},"geometry":{"type":"Point","coordinates":[-70.647563,-33.433432,0.0]}},{"type":"Feature","properties":{"OBJECTID_1":1210,"OBJECTID":1210,"X":-70.6475139425,"Y":-33.4334422536,"COD_MZN":"13101011002004"},"geometry":{"type":"Point","coordinates":[-70.647514,-33.433442,0.0]}},{"type":"Feature","properties":{"OBJECTID_1":1211,"OBJECTID":1211,"X":-70.6475217264,"Y":-33.4334405946,"COD_MZN":"13101011002004"},"geometry":{"type":"Point","coordinates":[-70.647522,-33.433441,0.0]}},{"type":"Feature","properties":{"OBJECTID_1":1212,"OBJECTID":1212,"X":-70.6475454395,"Y":-33.4334347603,"COD_MZN":"13101011002004"},"geometry":{"type":"Point","coordinates":[-70.647545,-33.433435,0.0]}},{"type":"Feature","properties":{"OBJECTID_1":1213,"OBJECTID":1213,"X":-70.6476333475,"Y":-33.4334132217,"COD_MZN":"13101011002004"},"geometry":{"type":"Point","coordinates":[-70.647633,-33.433413,0.0]}},{"type":"Feature","properties":{"OBJECTID_1":1214,"OBJECTID":1214,"X":-70.6475750318,"Y":-33.4334277251,"COD_MZN":"13101011002004"},"geometry":{"type":"Point","coordinates":[-70.647575,-33.433428,0.0]}},{"type":"Feature","properties":{"OBJECTID_1":1215,"OBJECTID":1215,"X":-70.6476386019,"Y":-33.4334150476,"COD_MZN":"13101011002004"},"geometry":{"type":"Point","coordinates":[-70.647639,-33.433415,0.0]}},{"type":"Feature","properties":{"OBJECTID_1":1216,"OBJECTID":1216,"X":-70.6475898834,"Y":-33.4334241874,"COD_MZN":"13101011002004"},"geometry":{"type":"Point","coordinates":[-70.64759,-33.433424,0.0]}},{"type":"Feature","properties":{"OBJECTID_1":1217,"OBJECTID":1217,"X":-70.6475976674,"Y":-33.4334225292,"COD_MZN":"13101011002004"},"geometry":{"type":"Point","coordinates":[-70.647598,-33.433423,0.0]}},{"type":"Feature","properties":{"OBJECTID_1":1218,"OBJECTID":1218,"X":-70.6476209843,"Y":-33.4334171295,"COD_MZN":"13101011002004"},"geometry":{"type":"Point","coordinates":[-70.647621,-33.433417,0.0]}},{"type":"Feature","properties":{"OBJECTID_1":1219,"OBJECTID":1219,"X":-70.647649938,"Y":-33.4334101722,"COD_MZN":"13101011002004"},"geometry":{"type":"Point","coordinates":[-70.64765,-33.43341,0.0]}},{"type":"Feature","properties":{"OBJECTID_1":1220,"OBJECTID":1220,"X":-70.6457804813,"Y":-33.4349337711,"COD_MZN":"13101011001007"},"geometry":{"type":"Point","coordinates":[-70.64578,-33.434934,0.0]}},{"type":"Feature","properties":{"OBJECTID_1":1221,"OBJECTID":1221,"X":-70.6455170648,"Y":-33.4350623453,"COD_MZN":"13101011001007"},"geometry":{"type":"Point","coordinates":[-70.645517,-33.435062,0.0]}},{"type":"Feature","properties":{"OBJECTID_1":1222,"OBJECTID":1222,"X":-70.6454925877,"Y":-33.4350634637,"COD_MZN":"13101011001007"},"geometry":{"type":"Point","coordinates":[-70.645493,-33.435063,0.0]}},{"type":"Feature","properties":{"OBJECTID_1":1223,"OBJECTID":1223,"X":-70.645455369,"Y":-33.4350794068,"COD_MZN":"13101011001007"},"geometry":{"type":"Point","coordinates":[-70.645455,-33.435079,0.0]}},{"type":"Feature","properties":{"OBJECTID_1":1224,"OBJECTID":1224,"X":-70.6450964523,"Y":-33.4352471143,"COD_MZN":"13101011001007"},"geometry":{"type":"Point","coordinates":[-70.645096,-33.435247,0.0]}},{"type":"Feature","properties":{"OBJECTID_1":1225,"OBJECTID":1225,"X":-70.644933797,"Y":-33.4353393243,"COD_MZN":"13101011001007"},"geometry":{"type":"Point","coordinates":[-70.644934,-33.435339,0.0]}},{"type":"Feature","properties":{"OBJECTID_1":1226,"OBJECTID":1226,"X":-70.6421507573,"Y":-33.4351306809,"COD_MZN":"13101011001006"},"geometry":{"type":"Point","coordinates":[-70.642151,-33.435131,0.0]}},{"type":"Feature","properties":{"OBJECTID_1":1227,"OBJECTID":1227,"X":-70.642135269,"Y":-33.4351280309,"COD_MZN":"13101011001006"},"geometry":{"type":"Point","coordinates":[-70.642135,-33.435128,0.0]}},{"type":"Feature","properties":{"OBJECTID_1":1228,"OBJECTID":1228,"X":-70.6421409835,"Y":-33.4351333292,"COD_MZN":"13101011001006"},"geometry":{"type":"Point","coordinates":[-70.642141,-33.435133,0.0]}},{"type":"Feature","properties":{"OBJECTID_1":1229,"OBJECTID":1229,"X":-70.6421416366,"Y":-33.4351467559,"COD_MZN":"13101011001006"},"geometry":{"type":"Point","coordinates":[-70.642142,-33.435147,0.0]}},{"type":"Feature","properties":{"OBJECTID_1":1230,"OBJECTID":1230,"X":-70.6421358947,"Y":-33.4351399465,"COD_MZN":"13101011001006"},"geometry":{"type":"Point","coordinates":[-70.642136,-33.43514,0.0]}},{"type":"Feature","properties":{"OBJECTID_1":1231,"OBJECTID":1231,"X":-70.6421248846,"Y":-33.435130184,"COD_MZN":"13101011001006"},"geometry":{"type":"Point","coordinates":[-70.642125,-33.43513,0.0]}},{"type":"Feature","properties":{"OBJECTID_1":1232,"OBJECTID":1232,"X":-70.6421301844,"Y":-33.4351348159,"COD_MZN":"13101011001006"},"geometry":{"type":"Point","coordinates":[-70.64213,-33.435135,0.0]}},{"type":"Feature","properties":{"OBJECTID_1":1233,"OBJECTID":1233,"X":-70.6421281444,"Y":-33.4351435753,"COD_MZN":"13101011001006"},"geometry":{"type":"Point","coordinates":[-70.642128,-33.435144,0.0]}},{"type":"Feature","properties":{"OBJECTID_1":1234,"OBJECTID":1234,"X":-70.6421326735,"Y":-33.4351498976,"COD_MZN":"13101011001006"},"geometry":{"type":"Point","coordinates":[-70.642133,-33.43515,0.0]}},{"type":"Feature","properties":{"OBJECTID_1":1235,"OBJECTID":1235,"X":-70.642123304,"Y":-33.4351527082,"COD_MZN":"13101011001006"},"geometry":{"type":"Point","coordinates":[-70.642123,-33.435153,0.0]}},{"type":"Feature","properties":{"OBJECTID_1":1236,"OBJECTID":1236,"X":-70.642116942,"Y":-33.4351448997,"COD_MZN":"13101011001006"},"geometry":{"type":"Point","coordinates":[-70.642117,-33.435145,0.0]}},{"type":"Feature","properties":{"OBJECTID_1":1237,"OBJECTID":1237,"X":-70.6421150888,"Y":-33.4351316574,"COD_MZN":"13101011001006"},"geometry":{"type":"Point","coordinates":[-70.642115,-33.435132,0.0]}},{"type":"Feature","properties":{"OBJECTID_1":1238,"OBJECTID":1238,"X":-70.6421131375,"Y":-33.4351555718,"COD_MZN":"13101011001006"},"geometry":{"type":"Point","coordinates":[-70.642113,-33.435156,0.0]}},{"type":"Feature","properties":{"OBJECTID_1":1239,"OBJECTID":1239,"X":-70.6421062623,"Y":-33.4351478765,"COD_MZN":"13101011001006"},"geometry":{"type":"Point","coordinates":[-70.642106,-33.435148,0.0]}},{"type":"Feature","properties":{"OBJECTID_1":1240,"OBJECTID":1240,"X":-70.6420932379,"Y":-33.4351370421,"COD_MZN":"13101011001006"},"geometry":{"type":"Point","coordinates":[-70.642093,-33.435137,0.0]}},{"type":"Feature","properties":{"OBJECTID_1":1241,"OBJECTID":1241,"X":-70.6420962777,"Y":-33.4351453249,"COD_MZN":"13101011001006"},"geometry":{"type":"Point","coordinates":[-70.642096,-33.435145,0.0]}},{"type":"Feature","properties":{"OBJECTID_1":1242,"OBJECTID":1242,"X":-70.6421009613,"Y":-33.4351557331,"COD_MZN":"13101011001006"},"geometry":{"type":"Point","coordinates":[-70.642101,-33.435156,0.0]}},{"type":"Feature","properties":{"OBJECTID_1":1243,"OBJECTID":1243,"X":-70.6420923859,"Y":-33.4351598733,"COD_MZN":"13101011001006"},"geometry":{"type":"Point","coordinates":[-70.642092,-33.43516,0.0]}},{"type":"Feature","properties":{"OBJECTID_1":1244,"OBJECTID":1244,"X":-70.642090637,"Y":-33.435152111,"COD_MZN":"13101011001006"},"geometry":{"type":"Point","coordinates":[-70.642091,-33.435152,0.0]}},{"type":"Feature","properties":{"OBJECTID_1":1245,"OBJECTID":1245,"X":-70.6420863143,"Y":-33.4351438452,"COD_MZN":"13101011001006"},"geometry":{"type":"Point","coordinates":[-70.642086,-33.435144,0.0]}},{"type":"Feature","properties":{"OBJECTID_1":1246,"OBJECTID":1246,"X":-70.6420756747,"Y":-33.4351404961,"COD_MZN":"13101011001006"},"geometry":{"type":"Point","coordinates":[-70.642076,-33.43514,0.0]}},{"type":"Feature","properties":{"OBJECTID_1":1247,"OBJECTID":1247,"X":-70.6420803734,"Y":-33.4351517094,"COD_MZN":"13101011001006"},"geometry":{"type":"Point","coordinates":[-70.64208,-33.435152,0.0]}},{"type":"Feature","properties":{"OBJECTID_1":1248,"OBJECTID":1248,"X":-70.6420827976,"Y":-33.4351613431,"COD_MZN":"13101011001006"},"geometry":{"type":"Point","coordinates":[-70.642083,-33.435161,0.0]}},{"type":"Feature","properties":{"OBJECTID_1":1249,"OBJECTID":1249,"X":-70.6420732558,"Y":-33.4351652274,"COD_MZN":"13101011001006"},"geometry":{"type":"Point","coordinates":[-70.642073,-33.435165,0.0]}},{"type":"Feature","properties":{"OBJECTID_1":1250,"OBJECTID":1250,"X":-70.6420734498,"Y":-33.4351585134,"COD_MZN":"13101011001006"},"geometry":{"type":"Point","coordinates":[-70.642073,-33.435159,0.0]}},{"type":"Feature","properties":{"OBJECTID_1":1251,"OBJECTID":1251,"X":-70.6420716402,"Y":-33.4351475297,"COD_MZN":"13101011001006"},"geometry":{"type":"Point","coordinates":[-70.642072,-33.435148,0.0]}},{"type":"Feature","properties":{"OBJECTID_1":1252,"OBJECTID":1252,"X":-70.6420635743,"Y":-33.4351446839,"COD_MZN":"13101011001006"},"geometry":{"type":"Point","coordinates":[-70.642064,-33.435145,0.0]}},{"type":"Feature","properties":{"OBJECTID_1":1253,"OBJECTID":1253,"X":-70.6420647379,"Y":-33.4351554074,"COD_MZN":"13101011001006"},"geometry":{"type":"Point","coordinates":[-70.642065,-33.435155,0.0]}},{"type":"Feature","properties":{"OBJECTID_1":1254,"OBJECTID":1254,"X":-70.6420649048,"Y":-33.4351642648,"COD_MZN":"13101011001006"},"geometry":{"type":"Point","coordinates":[-70.642065,-33.435164,0.0]}},{"type":"Feature","properties":{"OBJECTID_1":1255,"OBJECTID":1255,"X":-70.642056655,"Y":-33.4351686695,"COD_MZN":"13101011001006"},"geometry":{"type":"Point","coordinates":[-70.642057,-33.435169,0.0]}},{"type":"Feature","properties":{"OBJECTID_1":1256,"OBJECTID":1256,"X":-70.6420542601,"Y":-33.4351606469,"COD_MZN":"13101011001006"},"geometry":{"type":"Point","coordinates":[-70.642054,-33.435161,0.0]}},{"type":"Feature","properties":{"OBJECTID_1":1257,"OBJECTID":1257,"X":-70.6420523848,"Y":-33.435146174,"COD_MZN":"13101011001006"},"geometry":{"type":"Point","coordinates":[-70.642052,-33.435146,0.0]}},{"type":"Feature","properties":{"OBJECTID_1":1258,"OBJECTID":1258,"X":-70.6420553841,"Y":-33.4351523091,"COD_MZN":"13101011001006"},"geometry":{"type":"Point","coordinates":[-70.642055,-33.435152,0.0]}},{"type":"Feature","properties":{"OBJECTID_1":1259,"OBJECTID":1259,"X":-70.6420367543,"Y":-33.4351501398,"COD_MZN":"13101011001006"},"geometry":{"type":"Point","coordinates":[-70.642037,-33.43515,0.0]}},{"type":"Feature","properties":{"OBJECTID_1":1260,"OBJECTID":1260,"X":-70.6420441288,"Y":-33.4351503109,"COD_MZN":"13101011001006"},"geometry":{"type":"Point","coordinates":[-70.642044,-33.43515,0.0]}},{"type":"Feature","properties":{"OBJECTID_1":1261,"OBJECTID":1261,"X":-70.6420398053,"Y":-33.435158959,"COD_MZN":"13101011001006"},"geometry":{"type":"Point","coordinates":[-70.64204,-33.435159,0.0]}},{"type":"Feature","properties":{"OBJECTID_1":1262,"OBJECTID":1262,"X":-70.6420465034,"Y":-33.4351572596,"COD_MZN":"13101011001006"},"geometry":{"type":"Point","coordinates":[-70.642047,-33.435157,0.0]}},{"type":"Feature","properties":{"OBJECTID_1":1263,"OBJECTID":1263,"X":-70.6420306234,"Y":-33.4351649866,"COD_MZN":"13101011001006"},"geometry":{"type":"Point","coordinates":[-70.642031,-33.435165,0.0]}},{"type":"Feature","properties":{"OBJECTID_1":1264,"OBJECTID":1264,"X":-70.64203105,"Y":-33.4351706192,"COD_MZN":"13101011001006"},"geometry":{"type":"Point","coordinates":[-70.642031,-33.435171,0.0]}},{"type":"Feature","properties":{"OBJECTID_1":1265,"OBJECTID":1265,"X":-70.6420397478,"Y":-33.43517292,"COD_MZN":"13101011001006"},"geometry":{"type":"Point","coordinates":[-70.64204,-33.435173,0.0]}},{"type":"Feature","properties":{"OBJECTID_1":1266,"OBJECTID":1266,"X":-70.6420479268,"Y":-33.4351647575,"COD_MZN":"13101011001006"},"geometry":{"type":"Point","coordinates":[-70.642048,-33.435165,0.0]}},{"type":"Feature","properties":{"OBJECTID_1":1267,"OBJECTID":1267,"X":-70.6420392908,"Y":-33.4351656772,"COD_MZN":"13101011001006"},"geometry":{"type":"Point","coordinates":[-70.642039,-33.435166,0.0]}},{"type":"Feature","properties":{"OBJECTID_1":1268,"OBJECTID":1268,"X":-70.6420490399,"Y":-33.435172797,"COD_MZN":"13101011001006"},"geometry":{"type":"Point","coordinates":[-70.642049,-33.435173,0.0]}},{"type":"Feature","properties":{"OBJECTID_1":1269,"OBJECTID":1269,"X":-70.6420126345,"Y":-33.4351628089,"COD_MZN":"13101011001006"},"geometry":{"type":"Point","coordinates":[-70.642013,-33.435163,0.0]}},{"type":"Feature","properties":{"OBJECTID_1":1270,"OBJECTID":1270,"X":-70.6420054885,"Y":-33.4351578028,"COD_MZN":"13101011001006"},"geometry":{"type":"Point","coordinates":[-70.642005,-33.435158,0.0]}},{"type":"Feature","properties":{"OBJECTID_1":1271,"OBJECTID":1271,"X":-70.6419142654,"Y":-33.4351797384,"COD_MZN":"13101011001006"},"geometry":{"type":"Point","coordinates":[-70.641914,-33.43518,0.0]}},{"type":"Feature","properties":{"OBJECTID_1":1272,"OBJECTID":1272,"X":-70.6419202011,"Y":-33.4351874741,"COD_MZN":"13101011001006"},"geometry":{"type":"Point","coordinates":[-70.64192,-33.435187,0.0]}},{"type":"Feature","properties":{"OBJECTID_1":1273,"OBJECTID":1273,"X":-70.641922947,"Y":-33.4351965994,"COD_MZN":"13101011001006"},"geometry":{"type":"Point","coordinates":[-70.641923,-33.435197,0.0]}},{"type":"Feature","properties":{"OBJECTID_1":1274,"OBJECTID":1274,"X":-70.6419162891,"Y":-33.4352018073,"COD_MZN":"13101011001006"},"geometry":{"type":"Point","coordinates":[-70.641916,-33.435202,0.0]}},{"type":"Feature","properties":{"OBJECTID_1":1275,"OBJECTID":1275,"X":-70.6419119356,"Y":-33.4351927033,"COD_MZN":"13101011001006"},"geometry":{"type":"Point","coordinates":[-70.641912,-33.435193,0.0]}},{"type":"Feature","properties":{"OBJECTID_1":1276,"OBJECTID":1276,"X":-70.6419059998,"Y":-33.4351849675,"COD_MZN":"13101011001006"},"geometry":{"type":"Point","coordinates":[-70.641906,-33.435185,0.0]}},{"type":"Feature","properties":{"OBJECTID_1":1277,"OBJECTID":1277,"X":-70.6418959897,"Y":-33.4351829447,"COD_MZN":"13101011001006"},"geometry":{"type":"Point","coordinates":[-70.641896,-33.435183,0.0]}},{"type":"Feature","properties":{"OBJECTID_1":1278,"OBJECTID":1278,"X":-70.6419016344,"Y":-33.4351923004,"COD_MZN":"13101011001006"},"geometry":{"type":"Point","coordinates":[-70.641902,-33.435192,0.0]}},{"type":"Feature","properties":{"OBJECTID_1":1279,"OBJECTID":1279,"X":-70.6419056613,"Y":-33.4352011391,"COD_MZN":"13101011001006"},"geometry":{"type":"Point","coordinates":[-70.641906,-33.435201,0.0]}},{"type":"Feature","properties":{"OBJECTID_1":1280,"OBJECTID":1280,"X":-70.6418970742,"Y":-33.4352063725,"COD_MZN":"13101011001006"},"geometry":{"type":"Point","coordinates":[-70.641897,-33.435206,0.0]}},{"type":"Feature","properties":{"OBJECTID_1":1281,"OBJECTID":1281,"X":-70.6418956308,"Y":-33.4351980389,"COD_MZN":"13101011001006"},"geometry":{"type":"Point","coordinates":[-70.641896,-33.435198,0.0]}},{"type":"Feature","properties":{"OBJECTID_1":1282,"OBJECTID":1282,"X":-70.6418855528,"Y":-33.4352094893,"COD_MZN":"13101011001006"},"geometry":{"type":"Point","coordinates":[-70.641886,-33.435209,0.0]}},{"type":"Feature","properties":{"OBJECTID_1":1283,"OBJECTID":1283,"X":-70.6418786626,"Y":-33.4352023055,"COD_MZN":"13101011001006"},"geometry":{"type":"Point","coordinates":[-70.641879,-33.435202,0.0]}},{"type":"Feature","properties":{"OBJECTID_1":1284,"OBJECTID":1284,"X":-70.6418733445,"Y":-33.4351932143,"COD_MZN":"13101011001006"},"geometry":{"type":"Point","coordinates":[-70.641873,-33.435193,0.0]}},{"type":"Feature","properties":{"OBJECTID_1":1285,"OBJECTID":1285,"X":-70.6418822023,"Y":-33.4351852827,"COD_MZN":"13101011001006"},"geometry":{"type":"Point","coordinates":[-70.641882,-33.435185,0.0]}},{"type":"Feature","properties":{"OBJECTID_1":1286,"OBJECTID":1286,"X":-70.6418674595,"Y":-33.4351881725,"COD_MZN":"13101011001006"},"geometry":{"type":"Point","coordinates":[-70.641867,-33.435188,0.0]}},{"type":"Feature","properties":{"OBJECTID_1":1287,"OBJECTID":1287,"X":-70.6418595002,"Y":-33.4351925896,"COD_MZN":"13101011001006"},"geometry":{"type":"Point","coordinates":[-70.64186,-33.435193,0.0]}},{"type":"Feature","properties":{"OBJECTID_1":1288,"OBJECTID":1288,"X":-70.6418720605,"Y":-33.435210476,"COD_MZN":"13101011001006"},"geometry":{"type":"Point","coordinates":[-70.641872,-33.43521,0.0]}},{"type":"Feature","properties":{"OBJECTID_1":1289,"OBJECTID":1289,"X":-70.641863153,"Y":-33.4352157137,"COD_MZN":"13101011001006"},"geometry":{"type":"Point","coordinates":[-70.641863,-33.435216,0.0]}},{"type":"Feature","properties":{"OBJECTID_1":1290,"OBJECTID":1290,"X":-70.6418565883,"Y":-33.4352087952,"COD_MZN":"13101011001006"},"geometry":{"type":"Point","coordinates":[-70.641857,-33.435209,0.0]}},{"type":"Feature","properties":{"OBJECTID_1":1291,"OBJECTID":1291,"X":-70.6418528771,"Y":-33.4352166578,"COD_MZN":"13101011001006"},"geometry":{"type":"Point","coordinates":[-70.641853,-33.435217,0.0]}},{"type":"Feature","properties":{"OBJECTID_1":1292,"OBJECTID":1292,"X":-70.6418472679,"Y":-33.4352091874,"COD_MZN":"13101011001006"},"geometry":{"type":"Point","coordinates":[-70.641847,-33.435209,0.0]}},{"type":"Feature","properties":{"OBJECTID_1":1293,"OBJECTID":1293,"X":-70.6418509741,"Y":-33.4352010552,"COD_MZN":"13101011001006"},"geometry":{"type":"Point","coordinates":[-70.641851,-33.435201,0.0]}},{"type":"Feature","properties":{"OBJECTID_1":1294,"OBJECTID":1294,"X":-70.6418463346,"Y":-33.4351938416,"COD_MZN":"13101011001006"},"geometry":{"type":"Point","coordinates":[-70.641846,-33.435194,0.0]}},{"type":"Feature","properties":{"OBJECTID_1":1295,"OBJECTID":1295,"X":-70.6418380448,"Y":-33.4351977237,"COD_MZN":"13101011001006"},"geometry":{"type":"Point","coordinates":[-70.641838,-33.435198,0.0]}},{"type":"Feature","properties":{"OBJECTID_1":1296,"OBJECTID":1296,"X":-70.6418384982,"Y":-33.4352047231,"COD_MZN":"13101011001006"},"geometry":{"type":"Point","coordinates":[-70.641838,-33.435205,0.0]}},{"type":"Feature","properties":{"OBJECTID_1":1297,"OBJECTID":1297,"X":-70.6418376275,"Y":-33.4352128583,"COD_MZN":"13101011001006"},"geometry":{"type":"Point","coordinates":[-70.641838,-33.435213,0.0]}},{"type":"Feature","properties":{"OBJECTID_1":1298,"OBJECTID":1298,"X":-70.6418441708,"Y":-33.4352187003,"COD_MZN":"13101011001006"},"geometry":{"type":"Point","coordinates":[-70.641844,-33.435219,0.0]}},{"type":"Feature","properties":{"OBJECTID_1":1299,"OBJECTID":1299,"X":-70.6418326291,"Y":-33.4352207388,"COD_MZN":"13101011001006"},"geometry":{"type":"Point","coordinates":[-70.641833,-33.435221,0.0]}},{"type":"Feature","properties":{"OBJECTID_1":1300,"OBJECTID":1300,"X":-70.6418263667,"Y":-33.4352127387,"COD_MZN":"13101011001006"},"geometry":{"type":"Point","coordinates":[-70.641826,-33.435213,0.0]}},{"type":"Feature","properties":{"OBJECTID_1":1301,"OBJECTID":1301,"X":-70.6418307779,"Y":-33.4352078302,"COD_MZN":"13101011001006"},"geometry":{"type":"Point","coordinates":[-70.641831,-33.435208,0.0]}},{"type":"Feature","properties":{"OBJECTID_1":1302,"OBJECTID":1302,"X":-70.6418283789,"Y":-33.4352000477,"COD_MZN":"13101011001006"},"geometry":{"type":"Point","coordinates":[-70.641828,-33.4352,0.0]}},{"type":"Feature","properties":{"OBJECTID_1":1303,"OBJECTID":1303,"X":-70.6418114158,"Y":-33.435204583,"COD_MZN":"13101011001006"},"geometry":{"type":"Point","coordinates":[-70.641811,-33.435205,0.0]}},{"type":"Feature","properties":{"OBJECTID_1":1304,"OBJECTID":1304,"X":-70.64182136,"Y":-33.4352031049,"COD_MZN":"13101011001006"},"geometry":{"type":"Point","coordinates":[-70.641821,-33.435203,0.0]}},{"type":"Feature","properties":{"OBJECTID_1":1305,"OBJECTID":1305,"X":-70.6418157439,"Y":-33.43521234,"COD_MZN":"13101011001006"},"geometry":{"type":"Point","coordinates":[-70.641816,-33.435212,0.0]}},{"type":"Feature","properties":{"OBJECTID_1":1306,"OBJECTID":1306,"X":-70.6418223836,"Y":-33.4352232995,"COD_MZN":"13101011001006"},"geometry":{"type":"Point","coordinates":[-70.641822,-33.435223,0.0]}},{"type":"Feature","properties":{"OBJECTID_1":1307,"OBJECTID":1307,"X":-70.6418102181,"Y":-33.4352264249,"COD_MZN":"13101011001006"},"geometry":{"type":"Point","coordinates":[-70.64181,-33.435226,0.0]}},{"type":"Feature","properties":{"OBJECTID_1":1308,"OBJECTID":1308,"X":-70.6418136088,"Y":-33.4352185657,"COD_MZN":"13101011001006"},"geometry":{"type":"Point","coordinates":[-70.641814,-33.435219,0.0]}},{"type":"Feature","properties":{"OBJECTID_1":1309,"OBJECTID":1309,"X":-70.6418029353,"Y":-33.4352154739,"COD_MZN":"13101011001006"},"geometry":{"type":"Point","coordinates":[-70.641803,-33.435215,0.0]}},{"type":"Feature","properties":{"OBJECTID_1":1310,"OBJECTID":1310,"X":-70.6418014766,"Y":-33.4352063316,"COD_MZN":"13101011001006"},"geometry":{"type":"Point","coordinates":[-70.641801,-33.435206,0.0]}},{"type":"Feature","properties":{"OBJECTID_1":1311,"OBJECTID":1311,"X":-70.6417873768,"Y":-33.435209213,"COD_MZN":"13101011001006"},"geometry":{"type":"Point","coordinates":[-70.641787,-33.435209,0.0]}},{"type":"Feature","properties":{"OBJECTID_1":1312,"OBJECTID":1312,"X":-70.6417945541,"Y":-33.4352145072,"COD_MZN":"13101011001006"},"geometry":{"type":"Point","coordinates":[-70.641795,-33.435215,0.0]}},{"type":"Feature","properties":{"OBJECTID_1":1313,"OBJECTID":1313,"X":-70.6417934394,"Y":-33.4352236828,"COD_MZN":"13101011001006"},"geometry":{"type":"Point","coordinates":[-70.641793,-33.435224,0.0]}},{"type":"Feature","properties":{"OBJECTID_1":1314,"OBJECTID":1314,"X":-70.6418014646,"Y":-33.4352227685,"COD_MZN":"13101011001006"},"geometry":{"type":"Point","coordinates":[-70.641801,-33.435223,0.0]}},{"type":"Feature","properties":{"OBJECTID_1":1315,"OBJECTID":1315,"X":-70.6417948586,"Y":-33.4352306703,"COD_MZN":"13101011001006"},"geometry":{"type":"Point","coordinates":[-70.641795,-33.435231,0.0]}},{"type":"Feature","properties":{"OBJECTID_1":1316,"OBJECTID":1316,"X":-70.6417801461,"Y":-33.4352351758,"COD_MZN":"13101011001006"},"geometry":{"type":"Point","coordinates":[-70.64178,-33.435235,0.0]}},{"type":"Feature","properties":{"OBJECTID_1":1317,"OBJECTID":1317,"X":-70.6417861497,"Y":-33.4352294383,"COD_MZN":"13101011001006"},"geometry":{"type":"Point","coordinates":[-70.641786,-33.435229,0.0]}},{"type":"Feature","properties":{"OBJECTID_1":1318,"OBJECTID":1318,"X":-70.6417739233,"Y":-33.4352293305,"COD_MZN":"13101011001006"},"geometry":{"type":"Point","coordinates":[-70.641774,-33.435229,0.0]}},{"type":"Feature","properties":{"OBJECTID_1":1319,"OBJECTID":1319,"X":-70.6417699076,"Y":-33.4352210309,"COD_MZN":"13101011001006"},"geometry":{"type":"Point","coordinates":[-70.64177,-33.435221,0.0]}},{"type":"Feature","properties":{"OBJECTID_1":1320,"OBJECTID":1320,"X":-70.6417697554,"Y":-33.435212949,"COD_MZN":"13101011001006"},"geometry":{"type":"Point","coordinates":[-70.64177,-33.435213,0.0]}},{"type":"Feature","properties":{"OBJECTID_1":1321,"OBJECTID":1321,"X":-70.6417790555,"Y":-33.4352114785,"COD_MZN":"13101011001006"},"geometry":{"type":"Point","coordinates":[-70.641779,-33.435211,0.0]}},{"type":"Feature","properties":{"OBJECTID_1":1322,"OBJECTID":1322,"X":-70.6417571986,"Y":-33.4352163754,"COD_MZN":"13101011001006"},"geometry":{"type":"Point","coordinates":[-70.641757,-33.435216,0.0]}},{"type":"Feature","properties":{"OBJECTID_1":1323,"OBJECTID":1323,"X":-70.6417538129,"Y":-33.4352245042,"COD_MZN":"13101011001006"},"geometry":{"type":"Point","coordinates":[-70.641754,-33.435225,0.0]}},{"type":"Feature","properties":{"OBJECTID_1":1324,"OBJECTID":1324,"X":-70.6417628331,"Y":-33.4352251928,"COD_MZN":"13101011001006"},"geometry":{"type":"Point","coordinates":[-70.641763,-33.435225,0.0]}},{"type":"Feature","properties":{"OBJECTID_1":1325,"OBJECTID":1325,"X":-70.6417568651,"Y":-33.4352328165,"COD_MZN":"13101011001006"},"geometry":{"type":"Point","coordinates":[-70.641757,-33.435233,0.0]}},{"type":"Feature","properties":{"OBJECTID_1":1326,"OBJECTID":1326,"X":-70.6417668702,"Y":-33.4352345697,"COD_MZN":"13101011001006"},"geometry":{"type":"Point","coordinates":[-70.641767,-33.435235,0.0]}},{"type":"Feature","properties":{"OBJECTID_1":1327,"OBJECTID":1327,"X":-70.6417602083,"Y":-33.435239508,"COD_MZN":"13101011001006"},"geometry":{"type":"Point","coordinates":[-70.64176,-33.43524,0.0]}},{"type":"Feature","properties":{"OBJECTID_1":1328,"OBJECTID":1328,"X":-70.6441819247,"Y":-33.4356652998,"COD_MZN":"13101011001008"},"geometry":{"type":"Point","coordinates":[-70.644182,-33.435665,0.0]}},{"type":"Feature","properties":{"OBJECTID_1":1329,"OBJECTID":1329,"X":-70.6441107875,"Y":-33.4356963912,"COD_MZN":"13101011001008"},"geometry":{"type":"Point","coordinates":[-70.644111,-33.435696,0.0]}},{"type":"Feature","properties":{"OBJECTID_1":1330,"OBJECTID":1330,"X":-70.644286482,"Y":-33.4354298809,"COD_MZN":"13101011001004"},"geometry":{"type":"Point","coordinates":[-70.644286,-33.43543,0.0]}},{"type":"Feature","properties":{"OBJECTID_1":1331,"OBJECTID":1331,"X":-70.6441776876,"Y":-33.4348841073,"COD_MZN":"13101011001004"},"geometry":{"type":"Point","coordinates":[-70.644178,-33.434884,0.0]}},{"type":"Feature","properties":{"OBJECTID_1":1332,"OBJECTID":1332,"X":-70.6441639947,"Y":-33.4348836368,"COD_MZN":"13101011001004"},"geometry":{"type":"Point","coordinates":[-70.644164,-33.434884,0.0]}},{"type":"Feature","properties":{"OBJECTID_1":1333,"OBJECTID":1333,"X":-70.6441497137,"Y":-33.4348834619,"COD_MZN":"13101011001004"},"geometry":{"type":"Point","coordinates":[-70.64415,-33.434883,0.0]}},{"type":"Feature","properties":{"OBJECTID_1":1334,"OBJECTID":1334,"X":-70.6441365943,"Y":-33.4348834564,"COD_MZN":"13101011001004"},"geometry":{"type":"Point","coordinates":[-70.644137,-33.434883,0.0]}},{"type":"Feature","properties":{"OBJECTID_1":1335,"OBJECTID":1335,"X":-70.644122658,"Y":-33.4348829639,"COD_MZN":"13101011001004"},"geometry":{"type":"Point","coordinates":[-70.644123,-33.434883,0.0]}},{"type":"Feature","properties":{"OBJECTID_1":1336,"OBJECTID":1336,"X":-70.6441090168,"Y":-33.4348827813,"COD_MZN":"13101011001004"},"geometry":{"type":"Point","coordinates":[-70.644109,-33.434883,0.0]}},{"type":"Feature","properties":{"OBJECTID_1":1337,"OBJECTID":1337,"X":-70.6440938511,"Y":-33.4348830365,"COD_MZN":"13101011001004"},"geometry":{"type":"Point","coordinates":[-70.644094,-33.434883,0.0]}},{"type":"Feature","properties":{"OBJECTID_1":1338,"OBJECTID":1338,"X":-70.644079511,"Y":-33.4348837218,"COD_MZN":"13101011001004"},"geometry":{"type":"Point","coordinates":[-70.64408,-33.434884,0.0]}},{"type":"Feature","properties":{"OBJECTID_1":1339,"OBJECTID":1339,"X":-70.6440630253,"Y":-33.4348837934,"COD_MZN":"13101011001004"},"geometry":{"type":"Point","coordinates":[-70.644063,-33.434884,0.0]}},{"type":"Feature","properties":{"OBJECTID_1":1340,"OBJECTID":1340,"X":-70.6440529436,"Y":-33.4348820242,"COD_MZN":"13101011001004"},"geometry":{"type":"Point","coordinates":[-70.644053,-33.434882,0.0]}},{"type":"Feature","properties":{"OBJECTID_1":1341,"OBJECTID":1341,"X":-70.6440364115,"Y":-33.4348807797,"COD_MZN":"13101011001004"},"geometry":{"type":"Point","coordinates":[-70.644036,-33.434881,0.0]}},{"type":"Feature","properties":{"OBJECTID_1":1342,"OBJECTID":1342,"X":-70.6440191429,"Y":-33.4348809717,"COD_MZN":"13101011001004"},"geometry":{"type":"Point","coordinates":[-70.644019,-33.434881,0.0]}},{"type":"Feature","properties":{"OBJECTID_1":1343,"OBJECTID":1343,"X":-70.6440111818,"Y":-33.4348797453,"COD_MZN":"13101011001004"},"geometry":{"type":"Point","coordinates":[-70.644011,-33.43488,0.0]}},{"type":"Feature","properties":{"OBJECTID_1":1344,"OBJECTID":1344,"X":-70.6439946121,"Y":-33.4348790695,"COD_MZN":"13101011001004"},"geometry":{"type":"Point","coordinates":[-70.643995,-33.434879,0.0]}},{"type":"Feature","properties":{"OBJECTID_1":1345,"OBJECTID":1345,"X":-70.6439796145,"Y":-33.4348809962,"COD_MZN":"13101011001004"},"geometry":{"type":"Point","coordinates":[-70.64398,-33.434881,0.0]}},{"type":"Feature","properties":{"OBJECTID_1":1346,"OBJECTID":1346,"X":-70.6439697933,"Y":-33.4348827741,"COD_MZN":"13101011001004"},"geometry":{"type":"Point","coordinates":[-70.64397,-33.434883,0.0]}},{"type":"Feature","properties":{"OBJECTID_1":1347,"OBJECTID":1347,"X":-70.6439641529,"Y":-33.4348926472,"COD_MZN":"13101011001004"},"geometry":{"type":"Point","coordinates":[-70.643964,-33.434893,0.0]}},{"type":"Feature","properties":{"OBJECTID_1":1348,"OBJECTID":1348,"X":-70.6439650339,"Y":-33.4349012651,"COD_MZN":"13101011001004"},"geometry":{"type":"Point","coordinates":[-70.643965,-33.434901,0.0]}},{"type":"Feature","properties":{"OBJECTID_1":1349,"OBJECTID":1349,"X":-70.6439653868,"Y":-33.4349107377,"COD_MZN":"13101011001004"},"geometry":{"type":"Point","coordinates":[-70.643965,-33.434911,0.0]}},{"type":"Feature","properties":{"OBJECTID_1":1350,"OBJECTID":1350,"X":-70.643965645,"Y":-33.434921972,"COD_MZN":"13101011001004"},"geometry":{"type":"Point","coordinates":[-70.643966,-33.434922,0.0]}},{"type":"Feature","properties":{"OBJECTID_1":1351,"OBJECTID":1351,"X":-70.6439666929,"Y":-33.4349336223,"COD_MZN":"13101011001004"},"geometry":{"type":"Point","coordinates":[-70.643967,-33.434934,0.0]}},{"type":"Feature","properties":{"OBJECTID_1":1352,"OBJECTID":1352,"X":-70.6439660287,"Y":-33.4349420317,"COD_MZN":"13101011001004"},"geometry":{"type":"Point","coordinates":[-70.643966,-33.434942,0.0]}},{"type":"Feature","properties":{"OBJECTID_1":1353,"OBJECTID":1353,"X":-70.6439664719,"Y":-33.4349542952,"COD_MZN":"13101011001004"},"geometry":{"type":"Point","coordinates":[-70.643966,-33.434954,0.0]}},{"type":"Feature","properties":{"OBJECTID_1":1354,"OBJECTID":1354,"X":-70.64396557,"Y":-33.4349638494,"COD_MZN":"13101011001004"},"geometry":{"type":"Point","coordinates":[-70.643966,-33.434964,0.0]}},{"type":"Feature","properties":{"OBJECTID_1":1355,"OBJECTID":1355,"X":-70.6439653065,"Y":-33.4349733698,"COD_MZN":"13101011001004"},"geometry":{"type":"Point","coordinates":[-70.643965,-33.434973,0.0]}},{"type":"Feature","properties":{"OBJECTID_1":1356,"OBJECTID":1356,"X":-70.643965455,"Y":-33.434984555,"COD_MZN":"13101011001004"},"geometry":{"type":"Point","coordinates":[-70.643965,-33.434985,0.0]}},{"type":"Feature","properties":{"OBJECTID_1":1357,"OBJECTID":1357,"X":-70.6439637102,"Y":-33.4349927569,"COD_MZN":"13101011001004"},"geometry":{"type":"Point","coordinates":[-70.643964,-33.434993,0.0]}},{"type":"Feature","properties":{"OBJECTID_1":1358,"OBJECTID":1358,"X":-70.6447886998,"Y":-33.4340945519,"COD_MZN":"13101011001002"},"geometry":{"type":"Point","coordinates":[-70.644789,-33.434095,0.0]}},{"type":"Feature","properties":{"OBJECTID_1":1359,"OBJECTID":1359,"X":-70.6447939542,"Y":-33.4340963778,"COD_MZN":"13101011001002"},"geometry":{"type":"Point","coordinates":[-70.644794,-33.434096,0.0]}},{"type":"Feature","properties":{"OBJECTID_1":1360,"OBJECTID":1360,"X":-70.6448052905,"Y":-33.4340915028,"COD_MZN":"13101011001002"},"geometry":{"type":"Point","coordinates":[-70.644805,-33.434092,0.0]}},{"type":"Feature","properties":{"OBJECTID_1":1361,"OBJECTID":1361,"X":-70.6447595643,"Y":-33.4341021566,"COD_MZN":"13101011001002"},"geometry":{"type":"Point","coordinates":[-70.64476,-33.434102,0.0]}},{"type":"Feature","properties":{"OBJECTID_1":1362,"OBJECTID":1362,"X":-70.6447648176,"Y":-33.4341039825,"COD_MZN":"13101011001002"},"geometry":{"type":"Point","coordinates":[-70.644765,-33.434104,0.0]}},{"type":"Feature","properties":{"OBJECTID_1":1363,"OBJECTID":1363,"X":-70.6447761539,"Y":-33.4340991066,"COD_MZN":"13101011001002"},"geometry":{"type":"Point","coordinates":[-70.644776,-33.434099,0.0]}},{"type":"Feature","properties":{"OBJECTID_1":1364,"OBJECTID":1364,"X":-70.6447300192,"Y":-33.4341087531,"COD_MZN":"13101011001002"},"geometry":{"type":"Point","coordinates":[-70.64473,-33.434109,0.0]}},{"type":"Feature","properties":{"OBJECTID_1":1365,"OBJECTID":1365,"X":-70.6447352725,"Y":-33.434110579,"COD_MZN":"13101011001002"},"geometry":{"type":"Point","coordinates":[-70.644735,-33.434111,0.0]}},{"type":"Feature","properties":{"OBJECTID_1":1366,"OBJECTID":1366,"X":-70.6447466089,"Y":-33.434105704,"COD_MZN":"13101011001002"},"geometry":{"type":"Point","coordinates":[-70.644747,-33.434106,0.0]}},{"type":"Feature","properties":{"OBJECTID_1":1367,"OBJECTID":1367,"X":-70.6447014731,"Y":-33.4341157322,"COD_MZN":"13101011001002"},"geometry":{"type":"Point","coordinates":[-70.644701,-33.434116,0.0]}},{"type":"Feature","properties":{"OBJECTID_1":1368,"OBJECTID":1368,"X":-70.6447067264,"Y":-33.4341175582,"COD_MZN":"13101011001002"},"geometry":{"type":"Point","coordinates":[-70.644707,-33.434118,0.0]}},{"type":"Feature","properties":{"OBJECTID_1":1369,"OBJECTID":1369,"X":-70.6447180627,"Y":-33.4341126822,"COD_MZN":"13101011001002"},"geometry":{"type":"Point","coordinates":[-70.644718,-33.434113,0.0]}},{"type":"Feature","properties":{"OBJECTID_1":1370,"OBJECTID":1370,"X":-70.6446743828,"Y":-33.4341217703,"COD_MZN":"13101011001002"},"geometry":{"type":"Point","coordinates":[-70.644674,-33.434122,0.0]}},{"type":"Feature","properties":{"OBJECTID_1":1371,"OBJECTID":1371,"X":-70.6446796372,"Y":-33.4341235963,"COD_MZN":"13101011001002"},"geometry":{"type":"Point","coordinates":[-70.64468,-33.434124,0.0]}},{"type":"Feature","properties":{"OBJECTID_1":1372,"OBJECTID":1372,"X":-70.6446909735,"Y":-33.4341187212,"COD_MZN":"13101011001002"},"geometry":{"type":"Point","coordinates":[-70.644691,-33.434119,0.0]}},{"type":"Feature","properties":{"OBJECTID_1":1373,"OBJECTID":1373,"X":-70.6446458587,"Y":-33.4341284317,"COD_MZN":"13101011001002"},"geometry":{"type":"Point","coordinates":[-70.644646,-33.434128,0.0]}},{"type":"Feature","properties":{"OBJECTID_1":1374,"OBJECTID":1374,"X":-70.644651113,"Y":-33.4341302568,"COD_MZN":"13101011001002"},"geometry":{"type":"Point","coordinates":[-70.644651,-33.43413,0.0]}},{"type":"Feature","properties":{"OBJECTID_1":1375,"OBJECTID":1375,"X":-70.6446624494,"Y":-33.4341253817,"COD_MZN":"13101011001002"},"geometry":{"type":"Point","coordinates":[-70.644662,-33.434125,0.0]}},{"type":"Feature","properties":{"OBJECTID_1":1376,"OBJECTID":1376,"X":-70.6448168037,"Y":-33.4340880746,"COD_MZN":"13101011001002"},"geometry":{"type":"Point","coordinates":[-70.644817,-33.434088,0.0]}},{"type":"Feature","properties":{"OBJECTID_1":1377,"OBJECTID":1377,"X":-70.644822057,"Y":-33.4340899006,"COD_MZN":"13101011001002"},"geometry":{"type":"Point","coordinates":[-70.644822,-33.43409,0.0]}},{"type":"Feature","properties":{"OBJECTID_1":1378,"OBJECTID":1378,"X":-70.6448333933,"Y":-33.4340850246,"COD_MZN":"13101011001002"},"geometry":{"type":"Point","coordinates":[-70.644833,-33.434085,0.0]}},{"type":"Feature","properties":{"OBJECTID_1":1379,"OBJECTID":1379,"X":-70.6448452837,"Y":-33.4340816978,"COD_MZN":"13101011001002"},"geometry":{"type":"Point","coordinates":[-70.644845,-33.434082,0.0]}},{"type":"Feature","properties":{"OBJECTID_1":1380,"OBJECTID":1380,"X":-70.644850538,"Y":-33.4340835238,"COD_MZN":"13101011001002"},"geometry":{"type":"Point","coordinates":[-70.644851,-33.434084,0.0]}},{"type":"Feature","properties":{"OBJECTID_1":1381,"OBJECTID":1381,"X":-70.6448618743,"Y":-33.4340786478,"COD_MZN":"13101011001002"},"geometry":{"type":"Point","coordinates":[-70.644862,-33.434079,0.0]}},{"type":"Feature","properties":{"OBJECTID_1":1382,"OBJECTID":1382,"X":-70.6448731412,"Y":-33.4340753356,"COD_MZN":"13101011001002"},"geometry":{"type":"Point","coordinates":[-70.644873,-33.434075,0.0]}},{"type":"Feature","properties":{"OBJECTID_1":1383,"OBJECTID":1383,"X":-70.6448783945,"Y":-33.4340771616,"COD_MZN":"13101011001002"},"geometry":{"type":"Point","coordinates":[-70.644878,-33.434077,0.0]}},{"type":"Feature","properties":{"OBJECTID_1":1384,"OBJECTID":1384,"X":-70.6450191559,"Y":-33.4340420032,"COD_MZN":"13101011001002"},"geometry":{"type":"Point","coordinates":[-70.645019,-33.434042,0.0]}},{"type":"Feature","properties":{"OBJECTID_1":1385,"OBJECTID":1385,"X":-70.6449012271,"Y":-33.434068708,"COD_MZN":"13101011001002"},"geometry":{"type":"Point","coordinates":[-70.644901,-33.434069,0.0]}},{"type":"Feature","properties":{"OBJECTID_1":1386,"OBJECTID":1386,"X":-70.6449064815,"Y":-33.4340705339,"COD_MZN":"13101011001002"},"geometry":{"type":"Point","coordinates":[-70.644906,-33.434071,0.0]}},{"type":"Feature","properties":{"OBJECTID_1":1387,"OBJECTID":1387,"X":-70.6449178178,"Y":-33.4340656589,"COD_MZN":"13101011001002"},"geometry":{"type":"Point","coordinates":[-70.644918,-33.434066,0.0]}},{"type":"Feature","properties":{"OBJECTID_1":1388,"OBJECTID":1388,"X":-70.6449298451,"Y":-33.4340614916,"COD_MZN":"13101011001002"},"geometry":{"type":"Point","coordinates":[-70.64493,-33.434061,0.0]}},{"type":"Feature","properties":{"OBJECTID_1":1389,"OBJECTID":1389,"X":-70.6449350984,"Y":-33.4340633175,"COD_MZN":"13101011001002"},"geometry":{"type":"Point","coordinates":[-70.644935,-33.434063,0.0]}},{"type":"Feature","properties":{"OBJECTID_1":1390,"OBJECTID":1390,"X":-70.6449464347,"Y":-33.4340584425,"COD_MZN":"13101011001002"},"geometry":{"type":"Point","coordinates":[-70.644946,-33.434058,0.0]}},{"type":"Feature","properties":{"OBJECTID_1":1391,"OBJECTID":1391,"X":-70.6449580228,"Y":-33.4340551152,"COD_MZN":"13101011001002"},"geometry":{"type":"Point","coordinates":[-70.644958,-33.434055,0.0]}},{"type":"Feature","properties":{"OBJECTID_1":1392,"OBJECTID":1392,"X":-70.6449632761,"Y":-33.4340569411,"COD_MZN":"13101011001002"},"geometry":{"type":"Point","coordinates":[-70.644963,-33.434057,0.0]}},{"type":"Feature","properties":{"OBJECTID_1":1393,"OBJECTID":1393,"X":-70.6449746124,"Y":-33.4340520661,"COD_MZN":"13101011001002"},"geometry":{"type":"Point","coordinates":[-70.644975,-33.434052,0.0]}},{"type":"Feature","properties":{"OBJECTID_1":1394,"OBJECTID":1394,"X":-70.6449861109,"Y":-33.4340484875,"COD_MZN":"13101011001002"},"geometry":{"type":"Point","coordinates":[-70.644986,-33.434048,0.0]}},{"type":"Feature","properties":{"OBJECTID_1":1395,"OBJECTID":1395,"X":-70.6449913653,"Y":-33.4340503134,"COD_MZN":"13101011001002"},"geometry":{"type":"Point","coordinates":[-70.644991,-33.43405,0.0]}},{"type":"Feature","properties":{"OBJECTID_1":1396,"OBJECTID":1396,"X":-70.6450027015,"Y":-33.4340454374,"COD_MZN":"13101011001002"},"geometry":{"type":"Point","coordinates":[-70.645003,-33.434045,0.0]}},{"type":"Feature","properties":{"OBJECTID_1":1397,"OBJECTID":1397,"X":-70.645149462,"Y":-33.4340124142,"COD_MZN":"13101011001002"},"geometry":{"type":"Point","coordinates":[-70.645149,-33.434012,0.0]}},{"type":"Feature","properties":{"OBJECTID_1":1398,"OBJECTID":1398,"X":-70.6450308871,"Y":-33.4340385063,"COD_MZN":"13101011001002"},"geometry":{"type":"Point","coordinates":[-70.645031,-33.434039,0.0]}},{"type":"Feature","properties":{"OBJECTID_1":1399,"OBJECTID":1399,"X":-70.6450361404,"Y":-33.4340403323,"COD_MZN":"13101011001002"},"geometry":{"type":"Point","coordinates":[-70.645036,-33.43404,0.0]}},{"type":"Feature","properties":{"OBJECTID_1":1400,"OBJECTID":1400,"X":-70.6450474767,"Y":-33.4340354572,"COD_MZN":"13101011001002"},"geometry":{"type":"Point","coordinates":[-70.645047,-33.434035,0.0]}},{"type":"Feature","properties":{"OBJECTID_1":1401,"OBJECTID":1401,"X":-70.645059504,"Y":-33.4340312899,"COD_MZN":"13101011001002"},"geometry":{"type":"Point","coordinates":[-70.64506,-33.434031,0.0]}},{"type":"Feature","properties":{"OBJECTID_1":1402,"OBJECTID":1402,"X":-70.6450647584,"Y":-33.4340331158,"COD_MZN":"13101011001002"},"geometry":{"type":"Point","coordinates":[-70.645065,-33.434033,0.0]}},{"type":"Feature","properties":{"OBJECTID_1":1403,"OBJECTID":1403,"X":-70.6450760947,"Y":-33.4340282407,"COD_MZN":"13101011001002"},"geometry":{"type":"Point","coordinates":[-70.645076,-33.434028,0.0]}},{"type":"Feature","properties":{"OBJECTID_1":1404,"OBJECTID":1404,"X":-70.6450886652,"Y":-33.4340250483,"COD_MZN":"13101011001002"},"geometry":{"type":"Point","coordinates":[-70.645089,-33.434025,0.0]}},{"type":"Feature","properties":{"OBJECTID_1":1405,"OBJECTID":1405,"X":-70.645092935,"Y":-33.4340267394,"COD_MZN":"13101011001002"},"geometry":{"type":"Point","coordinates":[-70.645093,-33.434027,0.0]}},{"type":"Feature","properties":{"OBJECTID_1":1406,"OBJECTID":1406,"X":-70.6451049185,"Y":-33.4340224762,"COD_MZN":"13101011001002"},"geometry":{"type":"Point","coordinates":[-70.645105,-33.434022,0.0]}},{"type":"Feature","properties":{"OBJECTID_1":1407,"OBJECTID":1407,"X":-70.645116417,"Y":-33.4340188976,"COD_MZN":"13101011001002"},"geometry":{"type":"Point","coordinates":[-70.645116,-33.434019,0.0]}},{"type":"Feature","properties":{"OBJECTID_1":1408,"OBJECTID":1408,"X":-70.6451216714,"Y":-33.4340207235,"COD_MZN":"13101011001002"},"geometry":{"type":"Point","coordinates":[-70.645122,-33.434021,0.0]}},{"type":"Feature","properties":{"OBJECTID_1":1409,"OBJECTID":1409,"X":-70.6451330076,"Y":-33.4340158485,"COD_MZN":"13101011001002"},"geometry":{"type":"Point","coordinates":[-70.645133,-33.434016,0.0]}},{"type":"Feature","properties":{"OBJECTID_1":1410,"OBJECTID":1410,"X":-70.6452141459,"Y":-33.4339982387,"COD_MZN":"13101011001002"},"geometry":{"type":"Point","coordinates":[-70.645214,-33.433998,0.0]}},{"type":"Feature","properties":{"OBJECTID_1":1411,"OBJECTID":1411,"X":-70.6451696025,"Y":-33.4340083007,"COD_MZN":"13101011001002"},"geometry":{"type":"Point","coordinates":[-70.64517,-33.434008,0.0]}},{"type":"Feature","properties":{"OBJECTID_1":1412,"OBJECTID":1412,"X":-70.6451811009,"Y":-33.4340047221,"COD_MZN":"13101011001002"},"geometry":{"type":"Point","coordinates":[-70.645181,-33.434005,0.0]}},{"type":"Feature","properties":{"OBJECTID_1":1413,"OBJECTID":1413,"X":-70.6451863542,"Y":-33.434006548,"COD_MZN":"13101011001002"},"geometry":{"type":"Point","coordinates":[-70.645186,-33.434007,0.0]}},{"type":"Feature","properties":{"OBJECTID_1":1414,"OBJECTID":1414,"X":-70.6451976905,"Y":-33.4340016729,"COD_MZN":"13101011001002"},"geometry":{"type":"Point","coordinates":[-70.645198,-33.434002,0.0]}},{"type":"Feature","properties":{"OBJECTID_1":1415,"OBJECTID":1415,"X":-70.6451577812,"Y":-33.4340119828,"COD_MZN":"13101011001002"},"geometry":{"type":"Point","coordinates":[-70.645158,-33.434012,0.0]}},{"type":"Feature","properties":{"OBJECTID_1":1416,"OBJECTID":1416,"X":-70.6445376908,"Y":-33.4341532003,"COD_MZN":"13101011001002"},"geometry":{"type":"Point","coordinates":[-70.644538,-33.434153,0.0]}},{"type":"Feature","properties":{"OBJECTID_1":1417,"OBJECTID":1417,"X":-70.6445429441,"Y":-33.4341550263,"COD_MZN":"13101011001002"},"geometry":{"type":"Point","coordinates":[-70.644543,-33.434155,0.0]}},{"type":"Feature","properties":{"OBJECTID_1":1418,"OBJECTID":1418,"X":-70.6445542805,"Y":-33.4341501512,"COD_MZN":"13101011001002"},"geometry":{"type":"Point","coordinates":[-70.644554,-33.43415,0.0]}},{"type":"Feature","properties":{"OBJECTID_1":1419,"OBJECTID":1419,"X":-70.6445085541,"Y":-33.4341608041,"COD_MZN":"13101011001002"},"geometry":{"type":"Point","coordinates":[-70.644509,-33.434161,0.0]}},{"type":"Feature","properties":{"OBJECTID_1":1420,"OBJECTID":1420,"X":-70.6445138085,"Y":-33.43416263,"COD_MZN":"13101011001002"},"geometry":{"type":"Point","coordinates":[-70.644514,-33.434163,0.0]}},{"type":"Feature","properties":{"OBJECTID_1":1421,"OBJECTID":1421,"X":-70.6445251448,"Y":-33.434157755,"COD_MZN":"13101011001002"},"geometry":{"type":"Point","coordinates":[-70.644525,-33.434158,0.0]}},{"type":"Feature","properties":{"OBJECTID_1":1422,"OBJECTID":1422,"X":-70.6444790091,"Y":-33.4341674014,"COD_MZN":"13101011001002"},"geometry":{"type":"Point","coordinates":[-70.644479,-33.434167,0.0]}},{"type":"Feature","properties":{"OBJECTID_1":1423,"OBJECTID":1423,"X":-70.6444842634,"Y":-33.4341692274,"COD_MZN":"13101011001002"},"geometry":{"type":"Point","coordinates":[-70.644484,-33.434169,0.0]}},{"type":"Feature","properties":{"OBJECTID_1":1424,"OBJECTID":1424,"X":-70.6444955998,"Y":-33.4341643523,"COD_MZN":"13101011001002"},"geometry":{"type":"Point","coordinates":[-70.644496,-33.434164,0.0]}},{"type":"Feature","properties":{"OBJECTID_1":1425,"OBJECTID":1425,"X":-70.6444504629,"Y":-33.4341743805,"COD_MZN":"13101011001002"},"geometry":{"type":"Point","coordinates":[-70.64445,-33.434174,0.0]}},{"type":"Feature","properties":{"OBJECTID_1":1426,"OBJECTID":1426,"X":-70.6444557162,"Y":-33.4341762064,"COD_MZN":"13101011001002"},"geometry":{"type":"Point","coordinates":[-70.644456,-33.434176,0.0]}},{"type":"Feature","properties":{"OBJECTID_1":1427,"OBJECTID":1427,"X":-70.6444670525,"Y":-33.4341713305,"COD_MZN":"13101011001002"},"geometry":{"type":"Point","coordinates":[-70.644467,-33.434171,0.0]}},{"type":"Feature","properties":{"OBJECTID_1":1428,"OBJECTID":1428,"X":-70.6444233736,"Y":-33.4341804185,"COD_MZN":"13101011001002"},"geometry":{"type":"Point","coordinates":[-70.644423,-33.43418,0.0]}},{"type":"Feature","properties":{"OBJECTID_1":1429,"OBJECTID":1429,"X":-70.6444286269,"Y":-33.4341822445,"COD_MZN":"13101011001002"},"geometry":{"type":"Point","coordinates":[-70.644429,-33.434182,0.0]}},{"type":"Feature","properties":{"OBJECTID_1":1430,"OBJECTID":1430,"X":-70.6444399633,"Y":-33.4341773686,"COD_MZN":"13101011001002"},"geometry":{"type":"Point","coordinates":[-70.64444,-33.434177,0.0]}},{"type":"Feature","properties":{"OBJECTID_1":1431,"OBJECTID":1431,"X":-70.6443948494,"Y":-33.434187079,"COD_MZN":"13101011001002"},"geometry":{"type":"Point","coordinates":[-70.644395,-33.434187,0.0]}},{"type":"Feature","properties":{"OBJECTID_1":1432,"OBJECTID":1432,"X":-70.6444001027,"Y":-33.4341889049,"COD_MZN":"13101011001002"},"geometry":{"type":"Point","coordinates":[-70.6444,-33.434189,0.0]}},{"type":"Feature","properties":{"OBJECTID_1":1433,"OBJECTID":1433,"X":-70.6444114391,"Y":-33.4341840299,"COD_MZN":"13101011001002"},"geometry":{"type":"Point","coordinates":[-70.644411,-33.434184,0.0]}},{"type":"Feature","properties":{"OBJECTID_1":1434,"OBJECTID":1434,"X":-70.6445657936,"Y":-33.4341467222,"COD_MZN":"13101011001002"},"geometry":{"type":"Point","coordinates":[-70.644566,-33.434147,0.0]}},{"type":"Feature","properties":{"OBJECTID_1":1435,"OBJECTID":1435,"X":-70.6445710469,"Y":-33.4341485482,"COD_MZN":"13101011001002"},"geometry":{"type":"Point","coordinates":[-70.644571,-33.434149,0.0]}},{"type":"Feature","properties":{"OBJECTID_1":1436,"OBJECTID":1436,"X":-70.6445823832,"Y":-33.4341436731,"COD_MZN":"13101011001002"},"geometry":{"type":"Point","coordinates":[-70.644582,-33.434144,0.0]}},{"type":"Feature","properties":{"OBJECTID_1":1437,"OBJECTID":1437,"X":-70.6445942747,"Y":-33.4341403464,"COD_MZN":"13101011001002"},"geometry":{"type":"Point","coordinates":[-70.644594,-33.43414,0.0]}},{"type":"Feature","properties":{"OBJECTID_1":1438,"OBJECTID":1438,"X":-70.644599528,"Y":-33.4341421723,"COD_MZN":"13101011001002"},"geometry":{"type":"Point","coordinates":[-70.6446,-33.434142,0.0]}},{"type":"Feature","properties":{"OBJECTID_1":1439,"OBJECTID":1439,"X":-70.6446108644,"Y":-33.4341372964,"COD_MZN":"13101011001002"},"geometry":{"type":"Point","coordinates":[-70.644611,-33.434137,0.0]}},{"type":"Feature","properties":{"OBJECTID_1":1440,"OBJECTID":1440,"X":-70.6446221312,"Y":-33.4341339843,"COD_MZN":"13101011001002"},"geometry":{"type":"Point","coordinates":[-70.644622,-33.434134,0.0]}},{"type":"Feature","properties":{"OBJECTID_1":1441,"OBJECTID":1441,"X":-70.6446273845,"Y":-33.4341358102,"COD_MZN":"13101011001002"},"geometry":{"type":"Point","coordinates":[-70.644627,-33.434136,0.0]}},{"type":"Feature","properties":{"OBJECTID_1":1442,"OBJECTID":1442,"X":-70.6442862761,"Y":-33.4342116823,"COD_MZN":"13101011001002"},"geometry":{"type":"Point","coordinates":[-70.644286,-33.434212,0.0]}},{"type":"Feature","properties":{"OBJECTID_1":1443,"OBJECTID":1443,"X":-70.6442915304,"Y":-33.4342135082,"COD_MZN":"13101011001002"},"geometry":{"type":"Point","coordinates":[-70.644292,-33.434214,0.0]}},{"type":"Feature","properties":{"OBJECTID_1":1444,"OBJECTID":1444,"X":-70.6443028668,"Y":-33.4342086332,"COD_MZN":"13101011001002"},"geometry":{"type":"Point","coordinates":[-70.644303,-33.434209,0.0]}},{"type":"Feature","properties":{"OBJECTID_1":1445,"OBJECTID":1445,"X":-70.6442571404,"Y":-33.434219286,"COD_MZN":"13101011001002"},"geometry":{"type":"Point","coordinates":[-70.644257,-33.434219,0.0]}},{"type":"Feature","properties":{"OBJECTID_1":1446,"OBJECTID":1446,"X":-70.6442623937,"Y":-33.4342211119,"COD_MZN":"13101011001002"},"geometry":{"type":"Point","coordinates":[-70.644262,-33.434221,0.0]}},{"type":"Feature","properties":{"OBJECTID_1":1447,"OBJECTID":1447,"X":-70.64427373,"Y":-33.4342162369,"COD_MZN":"13101011001002"},"geometry":{"type":"Point","coordinates":[-70.644274,-33.434216,0.0]}},{"type":"Feature","properties":{"OBJECTID_1":1448,"OBJECTID":1448,"X":-70.6442275953,"Y":-33.4342258832,"COD_MZN":"13101011001002"},"geometry":{"type":"Point","coordinates":[-70.644228,-33.434226,0.0]}},{"type":"Feature","properties":{"OBJECTID_1":1449,"OBJECTID":1449,"X":-70.6442328486,"Y":-33.4342277092,"COD_MZN":"13101011001002"},"geometry":{"type":"Point","coordinates":[-70.644233,-33.434228,0.0]}},{"type":"Feature","properties":{"OBJECTID_1":1450,"OBJECTID":1450,"X":-70.6442441849,"Y":-33.4342228342,"COD_MZN":"13101011001002"},"geometry":{"type":"Point","coordinates":[-70.644244,-33.434223,0.0]}},{"type":"Feature","properties":{"OBJECTID_1":1451,"OBJECTID":1451,"X":-70.6441990491,"Y":-33.4342328613,"COD_MZN":"13101011001002"},"geometry":{"type":"Point","coordinates":[-70.644199,-33.434233,0.0]}},{"type":"Feature","properties":{"OBJECTID_1":1452,"OBJECTID":1452,"X":-70.6442043024,"Y":-33.4342346873,"COD_MZN":"13101011001002"},"geometry":{"type":"Point","coordinates":[-70.644204,-33.434235,0.0]}},{"type":"Feature","properties":{"OBJECTID_1":1453,"OBJECTID":1453,"X":-70.6442156387,"Y":-33.4342298123,"COD_MZN":"13101011001002"},"geometry":{"type":"Point","coordinates":[-70.644216,-33.43423,0.0]}},{"type":"Feature","properties":{"OBJECTID_1":1454,"OBJECTID":1454,"X":-70.6441719587,"Y":-33.4342389003,"COD_MZN":"13101011001002"},"geometry":{"type":"Point","coordinates":[-70.644172,-33.434239,0.0]}},{"type":"Feature","properties":{"OBJECTID_1":1455,"OBJECTID":1455,"X":-70.6441772131,"Y":-33.4342407262,"COD_MZN":"13101011001002"},"geometry":{"type":"Point","coordinates":[-70.644177,-33.434241,0.0]}},{"type":"Feature","properties":{"OBJECTID_1":1456,"OBJECTID":1456,"X":-70.6441885494,"Y":-33.4342358503,"COD_MZN":"13101011001002"},"geometry":{"type":"Point","coordinates":[-70.644189,-33.434236,0.0]}},{"type":"Feature","properties":{"OBJECTID_1":1457,"OBJECTID":1457,"X":-70.6441434345,"Y":-33.4342455606,"COD_MZN":"13101011001002"},"geometry":{"type":"Point","coordinates":[-70.644143,-33.434246,0.0]}},{"type":"Feature","properties":{"OBJECTID_1":1458,"OBJECTID":1458,"X":-70.6441486888,"Y":-33.4342473866,"COD_MZN":"13101011001002"},"geometry":{"type":"Point","coordinates":[-70.644149,-33.434247,0.0]}},{"type":"Feature","properties":{"OBJECTID_1":1459,"OBJECTID":1459,"X":-70.6441600252,"Y":-33.4342425116,"COD_MZN":"13101011001002"},"geometry":{"type":"Point","coordinates":[-70.64416,-33.434243,0.0]}},{"type":"Feature","properties":{"OBJECTID_1":1460,"OBJECTID":1460,"X":-70.6443143799,"Y":-33.4342052042,"COD_MZN":"13101011001002"},"geometry":{"type":"Point","coordinates":[-70.644314,-33.434205,0.0]}},{"type":"Feature","properties":{"OBJECTID_1":1461,"OBJECTID":1461,"X":-70.6443196332,"Y":-33.4342070302,"COD_MZN":"13101011001002"},"geometry":{"type":"Point","coordinates":[-70.64432,-33.434207,0.0]}},{"type":"Feature","properties":{"OBJECTID_1":1462,"OBJECTID":1462,"X":-70.6443309696,"Y":-33.4342021552,"COD_MZN":"13101011001002"},"geometry":{"type":"Point","coordinates":[-70.644331,-33.434202,0.0]}},{"type":"Feature","properties":{"OBJECTID_1":1463,"OBJECTID":1463,"X":-70.64434286,"Y":-33.4341988276,"COD_MZN":"13101011001002"},"geometry":{"type":"Point","coordinates":[-70.644343,-33.434199,0.0]}},{"type":"Feature","properties":{"OBJECTID_1":1464,"OBJECTID":1464,"X":-70.6443481144,"Y":-33.4342006535,"COD_MZN":"13101011001002"},"geometry":{"type":"Point","coordinates":[-70.644348,-33.434201,0.0]}},{"type":"Feature","properties":{"OBJECTID_1":1465,"OBJECTID":1465,"X":-70.6443594508,"Y":-33.4341957785,"COD_MZN":"13101011001002"},"geometry":{"type":"Point","coordinates":[-70.644359,-33.434196,0.0]}},{"type":"Feature","properties":{"OBJECTID_1":1466,"OBJECTID":1466,"X":-70.6443707176,"Y":-33.4341924664,"COD_MZN":"13101011001002"},"geometry":{"type":"Point","coordinates":[-70.644371,-33.434192,0.0]}},{"type":"Feature","properties":{"OBJECTID_1":1467,"OBJECTID":1467,"X":-70.6443759709,"Y":-33.4341942923,"COD_MZN":"13101011001002"},"geometry":{"type":"Point","coordinates":[-70.644376,-33.434194,0.0]}},{"type":"Feature","properties":{"OBJECTID_1":1468,"OBJECTID":1468,"X":-70.6440359784,"Y":-33.434270387,"COD_MZN":"13101011001002"},"geometry":{"type":"Point","coordinates":[-70.644036,-33.43427,0.0]}},{"type":"Feature","properties":{"OBJECTID_1":1469,"OBJECTID":1469,"X":-70.6440412328,"Y":-33.434272213,"COD_MZN":"13101011001002"},"geometry":{"type":"Point","coordinates":[-70.644041,-33.434272,0.0]}},{"type":"Feature","properties":{"OBJECTID_1":1470,"OBJECTID":1470,"X":-70.6440525691,"Y":-33.434267338,"COD_MZN":"13101011001002"},"geometry":{"type":"Point","coordinates":[-70.644053,-33.434267,0.0]}},{"type":"Feature","properties":{"OBJECTID_1":1471,"OBJECTID":1471,"X":-70.6440068427,"Y":-33.4342779915,"COD_MZN":"13101011001002"},"geometry":{"type":"Point","coordinates":[-70.644007,-33.434278,0.0]}},{"type":"Feature","properties":{"OBJECTID_1":1472,"OBJECTID":1472,"X":-70.6440120971,"Y":-33.4342798175,"COD_MZN":"13101011001002"},"geometry":{"type":"Point","coordinates":[-70.644012,-33.43428,0.0]}},{"type":"Feature","properties":{"OBJECTID_1":1473,"OBJECTID":1473,"X":-70.6440234334,"Y":-33.4342749416,"COD_MZN":"13101011001002"},"geometry":{"type":"Point","coordinates":[-70.644023,-33.434275,0.0]}},{"type":"Feature","properties":{"OBJECTID_1":1474,"OBJECTID":1474,"X":-70.6439772975,"Y":-33.4342845887,"COD_MZN":"13101011001002"},"geometry":{"type":"Point","coordinates":[-70.643977,-33.434285,0.0]}},{"type":"Feature","properties":{"OBJECTID_1":1475,"OBJECTID":1475,"X":-70.6439825519,"Y":-33.4342864138,"COD_MZN":"13101011001002"},"geometry":{"type":"Point","coordinates":[-70.643983,-33.434286,0.0]}},{"type":"Feature","properties":{"OBJECTID_1":1476,"OBJECTID":1476,"X":-70.6439938883,"Y":-33.4342815388,"COD_MZN":"13101011001002"},"geometry":{"type":"Point","coordinates":[-70.643994,-33.434282,0.0]}},{"type":"Feature","properties":{"OBJECTID_1":1477,"OBJECTID":1477,"X":-70.6439487513,"Y":-33.4342915668,"COD_MZN":"13101011001002"},"geometry":{"type":"Point","coordinates":[-70.643949,-33.434292,0.0]}},{"type":"Feature","properties":{"OBJECTID_1":1478,"OBJECTID":1478,"X":-70.6439540046,"Y":-33.4342933928,"COD_MZN":"13101011001002"},"geometry":{"type":"Point","coordinates":[-70.643954,-33.434293,0.0]}},{"type":"Feature","properties":{"OBJECTID_1":1479,"OBJECTID":1479,"X":-70.643965341,"Y":-33.4342885178,"COD_MZN":"13101011001002"},"geometry":{"type":"Point","coordinates":[-70.643965,-33.434289,0.0]}},{"type":"Feature","properties":{"OBJECTID_1":1480,"OBJECTID":1480,"X":-70.6439216609,"Y":-33.4342976048,"COD_MZN":"13101011001002"},"geometry":{"type":"Point","coordinates":[-70.643922,-33.434298,0.0]}},{"type":"Feature","properties":{"OBJECTID_1":1481,"OBJECTID":1481,"X":-70.6439269152,"Y":-33.4342994308,"COD_MZN":"13101011001002"},"geometry":{"type":"Point","coordinates":[-70.643927,-33.434299,0.0]}},{"type":"Feature","properties":{"OBJECTID_1":1482,"OBJECTID":1482,"X":-70.6439382516,"Y":-33.4342945558,"COD_MZN":"13101011001002"},"geometry":{"type":"Point","coordinates":[-70.643938,-33.434295,0.0]}},{"type":"Feature","properties":{"OBJECTID_1":1483,"OBJECTID":1483,"X":-70.6438931366,"Y":-33.434304266,"COD_MZN":"13101011001002"},"geometry":{"type":"Point","coordinates":[-70.643893,-33.434304,0.0]}},{"type":"Feature","properties":{"OBJECTID_1":1484,"OBJECTID":1484,"X":-70.643898391,"Y":-33.434306092,"COD_MZN":"13101011001002"},"geometry":{"type":"Point","coordinates":[-70.643898,-33.434306,0.0]}},{"type":"Feature","properties":{"OBJECTID_1":1485,"OBJECTID":1485,"X":-70.6439097273,"Y":-33.4343012161,"COD_MZN":"13101011001002"},"geometry":{"type":"Point","coordinates":[-70.64391,-33.434301,0.0]}},{"type":"Feature","properties":{"OBJECTID_1":1486,"OBJECTID":1486,"X":-70.6440640823,"Y":-33.4342639099,"COD_MZN":"13101011001002"},"geometry":{"type":"Point","coordinates":[-70.644064,-33.434264,0.0]}},{"type":"Feature","properties":{"OBJECTID_1":1487,"OBJECTID":1487,"X":-70.6440693356,"Y":-33.4342657359,"COD_MZN":"13101011001002"},"geometry":{"type":"Point","coordinates":[-70.644069,-33.434266,0.0]}},{"type":"Feature","properties":{"OBJECTID_1":1488,"OBJECTID":1488,"X":-70.644080672,"Y":-33.43426086,"COD_MZN":"13101011001002"},"geometry":{"type":"Point","coordinates":[-70.644081,-33.434261,0.0]}},{"type":"Feature","properties":{"OBJECTID_1":1489,"OBJECTID":1489,"X":-70.6440925635,"Y":-33.4342575333,"COD_MZN":"13101011001002"},"geometry":{"type":"Point","coordinates":[-70.644093,-33.434258,0.0]}},{"type":"Feature","properties":{"OBJECTID_1":1490,"OBJECTID":1490,"X":-70.6440978168,"Y":-33.4342593593,"COD_MZN":"13101011001002"},"geometry":{"type":"Point","coordinates":[-70.644098,-33.434259,0.0]}},{"type":"Feature","properties":{"OBJECTID_1":1491,"OBJECTID":1491,"X":-70.6441091532,"Y":-33.4342544843,"COD_MZN":"13101011001002"},"geometry":{"type":"Point","coordinates":[-70.644109,-33.434254,0.0]}},{"type":"Feature","properties":{"OBJECTID_1":1492,"OBJECTID":1492,"X":-70.6441204201,"Y":-33.4342511713,"COD_MZN":"13101011001002"},"geometry":{"type":"Point","coordinates":[-70.64412,-33.434251,0.0]}},{"type":"Feature","properties":{"OBJECTID_1":1493,"OBJECTID":1493,"X":-70.6441256734,"Y":-33.4342529972,"COD_MZN":"13101011001002"},"geometry":{"type":"Point","coordinates":[-70.644126,-33.434253,0.0]}},{"type":"Feature","properties":{"OBJECTID_1":1494,"OBJECTID":1494,"X":-70.6432888972,"Y":-33.4344443798,"COD_MZN":"13101011001002"},"geometry":{"type":"Point","coordinates":[-70.643289,-33.434444,0.0]}},{"type":"Feature","properties":{"OBJECTID_1":1495,"OBJECTID":1495,"X":-70.6432941505,"Y":-33.4344462058,"COD_MZN":"13101011001002"},"geometry":{"type":"Point","coordinates":[-70.643294,-33.434446,0.0]}},{"type":"Feature","properties":{"OBJECTID_1":1496,"OBJECTID":1496,"X":-70.643305487,"Y":-33.4344413309,"COD_MZN":"13101011001002"},"geometry":{"type":"Point","coordinates":[-70.643305,-33.434441,0.0]}},{"type":"Feature","properties":{"OBJECTID_1":1497,"OBJECTID":1497,"X":-70.6432597603,"Y":-33.4344519841,"COD_MZN":"13101011001002"},"geometry":{"type":"Point","coordinates":[-70.64326,-33.434452,0.0]}},{"type":"Feature","properties":{"OBJECTID_1":1498,"OBJECTID":1498,"X":-70.6432650147,"Y":-33.4344538092,"COD_MZN":"13101011001002"},"geometry":{"type":"Point","coordinates":[-70.643265,-33.434454,0.0]}},{"type":"Feature","properties":{"OBJECTID_1":1499,"OBJECTID":1499,"X":-70.6432763511,"Y":-33.4344489343,"COD_MZN":"13101011001002"},"geometry":{"type":"Point","coordinates":[-70.643276,-33.434449,0.0]}},{"type":"Feature","properties":{"OBJECTID_1":1500,"OBJECTID":1500,"X":-70.643230215,"Y":-33.4344585803,"COD_MZN":"13101011001002"},"geometry":{"type":"Point","coordinates":[-70.64323,-33.434459,0.0]}},{"type":"Feature","properties":{"OBJECTID_1":1501,"OBJECTID":1501,"X":-70.6432354694,"Y":-33.4344604063,"COD_MZN":"13101011001002"},"geometry":{"type":"Point","coordinates":[-70.643235,-33.43446,0.0]}},{"type":"Feature","properties":{"OBJECTID_1":1502,"OBJECTID":1502,"X":-70.6432468058,"Y":-33.4344555314,"COD_MZN":"13101011001002"},"geometry":{"type":"Point","coordinates":[-70.643247,-33.434456,0.0]}},{"type":"Feature","properties":{"OBJECTID_1":1503,"OBJECTID":1503,"X":-70.6432016687,"Y":-33.4344655591,"COD_MZN":"13101011001002"},"geometry":{"type":"Point","coordinates":[-70.643202,-33.434466,0.0]}},{"type":"Feature","properties":{"OBJECTID_1":1504,"OBJECTID":1504,"X":-70.643206923,"Y":-33.4344673851,"COD_MZN":"13101011001002"},"geometry":{"type":"Point","coordinates":[-70.643207,-33.434467,0.0]}},{"type":"Feature","properties":{"OBJECTID_1":1505,"OBJECTID":1505,"X":-70.6432182595,"Y":-33.4344625093,"COD_MZN":"13101011001002"},"geometry":{"type":"Point","coordinates":[-70.643218,-33.434463,0.0]}},{"type":"Feature","properties":{"OBJECTID_1":1506,"OBJECTID":1506,"X":-70.6431745792,"Y":-33.4344715969,"COD_MZN":"13101011001002"},"geometry":{"type":"Point","coordinates":[-70.643175,-33.434472,0.0]}},{"type":"Feature","properties":{"OBJECTID_1":1507,"OBJECTID":1507,"X":-70.6431798325,"Y":-33.4344734229,"COD_MZN":"13101011001002"},"geometry":{"type":"Point","coordinates":[-70.64318,-33.434473,0.0]}},{"type":"Feature","properties":{"OBJECTID_1":1508,"OBJECTID":1508,"X":-70.643191169,"Y":-33.434468548,"COD_MZN":"13101011001002"},"geometry":{"type":"Point","coordinates":[-70.643191,-33.434469,0.0]}},{"type":"Feature","properties":{"OBJECTID_1":1509,"OBJECTID":1509,"X":-70.6431460548,"Y":-33.434478257,"COD_MZN":"13101011001002"},"geometry":{"type":"Point","coordinates":[-70.643146,-33.434478,0.0]}},{"type":"Feature","properties":{"OBJECTID_1":1510,"OBJECTID":1510,"X":-70.6431513081,"Y":-33.434480083,"COD_MZN":"13101011001002"},"geometry":{"type":"Point","coordinates":[-70.643151,-33.43448,0.0]}},{"type":"Feature","properties":{"OBJECTID_1":1511,"OBJECTID":1511,"X":-70.6431626446,"Y":-33.4344752081,"COD_MZN":"13101011001002"},"geometry":{"type":"Point","coordinates":[-70.643163,-33.434475,0.0]}},{"type":"Feature","properties":{"OBJECTID_1":1512,"OBJECTID":1512,"X":-70.6433170002,"Y":-33.4344379028,"COD_MZN":"13101011001002"},"geometry":{"type":"Point","coordinates":[-70.643317,-33.434438,0.0]}},{"type":"Feature","properties":{"OBJECTID_1":1513,"OBJECTID":1513,"X":-70.6433222546,"Y":-33.4344397288,"COD_MZN":"13101011001002"},"geometry":{"type":"Point","coordinates":[-70.643322,-33.43444,0.0]}},{"type":"Feature","properties":{"OBJECTID_1":1514,"OBJECTID":1514,"X":-70.643333591,"Y":-33.434434853,"COD_MZN":"13101011001002"},"geometry":{"type":"Point","coordinates":[-70.643334,-33.434435,0.0]}},{"type":"Feature","properties":{"OBJECTID_1":1515,"OBJECTID":1515,"X":-70.6433454815,"Y":-33.4344315264,"COD_MZN":"13101011001002"},"geometry":{"type":"Point","coordinates":[-70.643345,-33.434432,0.0]}},{"type":"Feature","properties":{"OBJECTID_1":1516,"OBJECTID":1516,"X":-70.6433507348,"Y":-33.4344333524,"COD_MZN":"13101011001002"},"geometry":{"type":"Point","coordinates":[-70.643351,-33.434433,0.0]}},{"type":"Feature","properties":{"OBJECTID_1":1517,"OBJECTID":1517,"X":-70.6433620712,"Y":-33.4344284766,"COD_MZN":"13101011001002"},"geometry":{"type":"Point","coordinates":[-70.643362,-33.434428,0.0]}},{"type":"Feature","properties":{"OBJECTID_1":1518,"OBJECTID":1518,"X":-70.6433733382,"Y":-33.4344251645,"COD_MZN":"13101011001002"},"geometry":{"type":"Point","coordinates":[-70.643373,-33.434425,0.0]}},{"type":"Feature","properties":{"OBJECTID_1":1519,"OBJECTID":1519,"X":-70.6433785926,"Y":-33.4344269905,"COD_MZN":"13101011001002"},"geometry":{"type":"Point","coordinates":[-70.643379,-33.434427,0.0]}},{"type":"Feature","properties":{"OBJECTID_1":1520,"OBJECTID":1520,"X":-70.6435314349,"Y":-33.434386849,"COD_MZN":"13101011001002"},"geometry":{"type":"Point","coordinates":[-70.643531,-33.434387,0.0]}},{"type":"Feature","properties":{"OBJECTID_1":1521,"OBJECTID":1521,"X":-70.6435366882,"Y":-33.434388675,"COD_MZN":"13101011001002"},"geometry":{"type":"Point","coordinates":[-70.643537,-33.434389,0.0]}},{"type":"Feature","properties":{"OBJECTID_1":1522,"OBJECTID":1522,"X":-70.6435480247,"Y":-33.4343838,"COD_MZN":"13101011001002"},"geometry":{"type":"Point","coordinates":[-70.643548,-33.434384,0.0]}},{"type":"Feature","properties":{"OBJECTID_1":1523,"OBJECTID":1523,"X":-70.6435022981,"Y":-33.4343944525,"COD_MZN":"13101011001002"},"geometry":{"type":"Point","coordinates":[-70.643502,-33.434394,0.0]}},{"type":"Feature","properties":{"OBJECTID_1":1524,"OBJECTID":1524,"X":-70.6435075524,"Y":-33.4343962785,"COD_MZN":"13101011001002"},"geometry":{"type":"Point","coordinates":[-70.643508,-33.434396,0.0]}},{"type":"Feature","properties":{"OBJECTID_1":1525,"OBJECTID":1525,"X":-70.6435188889,"Y":-33.4343914035,"COD_MZN":"13101011001002"},"geometry":{"type":"Point","coordinates":[-70.643519,-33.434391,0.0]}},{"type":"Feature","properties":{"OBJECTID_1":1526,"OBJECTID":1526,"X":-70.6434727539,"Y":-33.4344010496,"COD_MZN":"13101011001002"},"geometry":{"type":"Point","coordinates":[-70.643473,-33.434401,0.0]}},{"type":"Feature","properties":{"OBJECTID_1":1527,"OBJECTID":1527,"X":-70.6434780072,"Y":-33.4344028756,"COD_MZN":"13101011001002"},"geometry":{"type":"Point","coordinates":[-70.643478,-33.434403,0.0]}},{"type":"Feature","properties":{"OBJECTID_1":1528,"OBJECTID":1528,"X":-70.6434893436,"Y":-33.4343980006,"COD_MZN":"13101011001002"},"geometry":{"type":"Point","coordinates":[-70.643489,-33.434398,0.0]}},{"type":"Feature","properties":{"OBJECTID_1":1529,"OBJECTID":1529,"X":-70.6434442065,"Y":-33.4344080284,"COD_MZN":"13101011001002"},"geometry":{"type":"Point","coordinates":[-70.643444,-33.434408,0.0]}},{"type":"Feature","properties":{"OBJECTID_1":1530,"OBJECTID":1530,"X":-70.6434494609,"Y":-33.4344098544,"COD_MZN":"13101011001002"},"geometry":{"type":"Point","coordinates":[-70.643449,-33.43441,0.0]}},{"type":"Feature","properties":{"OBJECTID_1":1531,"OBJECTID":1531,"X":-70.6434607973,"Y":-33.4344049786,"COD_MZN":"13101011001002"},"geometry":{"type":"Point","coordinates":[-70.643461,-33.434405,0.0]}},{"type":"Feature","properties":{"OBJECTID_1":1532,"OBJECTID":1532,"X":-70.6434171171,"Y":-33.4344140663,"COD_MZN":"13101011001002"},"geometry":{"type":"Point","coordinates":[-70.643417,-33.434414,0.0]}},{"type":"Feature","properties":{"OBJECTID_1":1533,"OBJECTID":1533,"X":-70.6434223704,"Y":-33.4344158923,"COD_MZN":"13101011001002"},"geometry":{"type":"Point","coordinates":[-70.643422,-33.434416,0.0]}},{"type":"Feature","properties":{"OBJECTID_1":1534,"OBJECTID":1534,"X":-70.6434337068,"Y":-33.4344110165,"COD_MZN":"13101011001002"},"geometry":{"type":"Point","coordinates":[-70.643434,-33.434411,0.0]}},{"type":"Feature","properties":{"OBJECTID_1":1535,"OBJECTID":1535,"X":-70.6433885927,"Y":-33.4344207265,"COD_MZN":"13101011001002"},"geometry":{"type":"Point","coordinates":[-70.643389,-33.434421,0.0]}},{"type":"Feature","properties":{"OBJECTID_1":1536,"OBJECTID":1536,"X":-70.643393846,"Y":-33.4344225525,"COD_MZN":"13101011001002"},"geometry":{"type":"Point","coordinates":[-70.643394,-33.434423,0.0]}},{"type":"Feature","properties":{"OBJECTID_1":1537,"OBJECTID":1537,"X":-70.6434051825,"Y":-33.4344176776,"COD_MZN":"13101011001002"},"geometry":{"type":"Point","coordinates":[-70.643405,-33.434418,0.0]}},{"type":"Feature","properties":{"OBJECTID_1":1538,"OBJECTID":1538,"X":-70.6435595379,"Y":-33.4343803711,"COD_MZN":"13101011001002"},"geometry":{"type":"Point","coordinates":[-70.64356,-33.43438,0.0]}},{"type":"Feature","properties":{"OBJECTID_1":1539,"OBJECTID":1539,"X":-70.6435647922,"Y":-33.4343821971,"COD_MZN":"13101011001002"},"geometry":{"type":"Point","coordinates":[-70.643565,-33.434382,0.0]}},{"type":"Feature","properties":{"OBJECTID_1":1540,"OBJECTID":1540,"X":-70.6435761287,"Y":-33.4343773221,"COD_MZN":"13101011001002"},"geometry":{"type":"Point","coordinates":[-70.643576,-33.434377,0.0]}},{"type":"Feature","properties":{"OBJECTID_1":1541,"OBJECTID":1541,"X":-70.6435880192,"Y":-33.4343739955,"COD_MZN":"13101011001002"},"geometry":{"type":"Point","coordinates":[-70.643588,-33.434374,0.0]}},{"type":"Feature","properties":{"OBJECTID_1":1542,"OBJECTID":1542,"X":-70.6435932735,"Y":-33.4343758206,"COD_MZN":"13101011001002"},"geometry":{"type":"Point","coordinates":[-70.643593,-33.434376,0.0]}},{"type":"Feature","properties":{"OBJECTID_1":1543,"OBJECTID":1543,"X":-70.6436046099,"Y":-33.4343709456,"COD_MZN":"13101011001002"},"geometry":{"type":"Point","coordinates":[-70.643605,-33.434371,0.0]}},{"type":"Feature","properties":{"OBJECTID_1":1544,"OBJECTID":1544,"X":-70.6436158758,"Y":-33.4343676336,"COD_MZN":"13101011001002"},"geometry":{"type":"Point","coordinates":[-70.643616,-33.434368,0.0]}},{"type":"Feature","properties":{"OBJECTID_1":1545,"OBJECTID":1545,"X":-70.6436211302,"Y":-33.4343694596,"COD_MZN":"13101011001002"},"geometry":{"type":"Point","coordinates":[-70.643621,-33.434369,0.0]}},{"type":"Feature","properties":{"OBJECTID_1":1546,"OBJECTID":1546,"X":-70.6437759623,"Y":-33.4343296647,"COD_MZN":"13101011001002"},"geometry":{"type":"Point","coordinates":[-70.643776,-33.43433,0.0]}},{"type":"Feature","properties":{"OBJECTID_1":1547,"OBJECTID":1547,"X":-70.6437812166,"Y":-33.4343314897,"COD_MZN":"13101011001002"},"geometry":{"type":"Point","coordinates":[-70.643781,-33.434331,0.0]}},{"type":"Feature","properties":{"OBJECTID_1":1548,"OBJECTID":1548,"X":-70.643793265,"Y":-33.434327692,"COD_MZN":"13101011001002"},"geometry":{"type":"Point","coordinates":[-70.643793,-33.434328,0.0]}},{"type":"Feature","properties":{"OBJECTID_1":1549,"OBJECTID":1549,"X":-70.6437471002,"Y":-33.4343379211,"COD_MZN":"13101011001002"},"geometry":{"type":"Point","coordinates":[-70.643747,-33.434338,0.0]}},{"type":"Feature","properties":{"OBJECTID_1":1550,"OBJECTID":1550,"X":-70.6437523535,"Y":-33.4343397471,"COD_MZN":"13101011001002"},"geometry":{"type":"Point","coordinates":[-70.643752,-33.43434,0.0]}},{"type":"Feature","properties":{"OBJECTID_1":1551,"OBJECTID":1551,"X":-70.6437636899,"Y":-33.4343348722,"COD_MZN":"13101011001002"},"geometry":{"type":"Point","coordinates":[-70.643764,-33.434335,0.0]}},{"type":"Feature","properties":{"OBJECTID_1":1552,"OBJECTID":1552,"X":-70.6437172813,"Y":-33.4343438654,"COD_MZN":"13101011001002"},"geometry":{"type":"Point","coordinates":[-70.643717,-33.434344,0.0]}},{"type":"Feature","properties":{"OBJECTID_1":1553,"OBJECTID":1553,"X":-70.6437225357,"Y":-33.4343456905,"COD_MZN":"13101011001002"},"geometry":{"type":"Point","coordinates":[-70.643723,-33.434346,0.0]}},{"type":"Feature","properties":{"OBJECTID_1":1554,"OBJECTID":1554,"X":-70.6437341447,"Y":-33.4343414684,"COD_MZN":"13101011001002"},"geometry":{"type":"Point","coordinates":[-70.643734,-33.434341,0.0]}},{"type":"Feature","properties":{"OBJECTID_1":1555,"OBJECTID":1555,"X":-70.643688735,"Y":-33.4343508434,"COD_MZN":"13101011001002"},"geometry":{"type":"Point","coordinates":[-70.643689,-33.434351,0.0]}},{"type":"Feature","properties":{"OBJECTID_1":1556,"OBJECTID":1556,"X":-70.6436939883,"Y":-33.4343526694,"COD_MZN":"13101011001002"},"geometry":{"type":"Point","coordinates":[-70.643694,-33.434353,0.0]}},{"type":"Feature","properties":{"OBJECTID_1":1557,"OBJECTID":1557,"X":-70.6437053248,"Y":-33.4343477944,"COD_MZN":"13101011001002"},"geometry":{"type":"Point","coordinates":[-70.643705,-33.434348,0.0]}},{"type":"Feature","properties":{"OBJECTID_1":1558,"OBJECTID":1558,"X":-70.6436616446,"Y":-33.4343568813,"COD_MZN":"13101011001002"},"geometry":{"type":"Point","coordinates":[-70.643662,-33.434357,0.0]}},{"type":"Feature","properties":{"OBJECTID_1":1559,"OBJECTID":1559,"X":-70.643666899,"Y":-33.4343587073,"COD_MZN":"13101011001002"},"geometry":{"type":"Point","coordinates":[-70.643667,-33.434359,0.0]}},{"type":"Feature","properties":{"OBJECTID_1":1560,"OBJECTID":1560,"X":-70.6436782354,"Y":-33.4343538323,"COD_MZN":"13101011001002"},"geometry":{"type":"Point","coordinates":[-70.643678,-33.434354,0.0]}},{"type":"Feature","properties":{"OBJECTID_1":1561,"OBJECTID":1561,"X":-70.6436331203,"Y":-33.4343635425,"COD_MZN":"13101011001002"},"geometry":{"type":"Point","coordinates":[-70.643633,-33.434364,0.0]}},{"type":"Feature","properties":{"OBJECTID_1":1562,"OBJECTID":1562,"X":-70.6436383746,"Y":-33.4343653684,"COD_MZN":"13101011001002"},"geometry":{"type":"Point","coordinates":[-70.643638,-33.434365,0.0]}},{"type":"Feature","properties":{"OBJECTID_1":1563,"OBJECTID":1563,"X":-70.643649711,"Y":-33.4343604926,"COD_MZN":"13101011001002"},"geometry":{"type":"Point","coordinates":[-70.64365,-33.43436,0.0]}},{"type":"Feature","properties":{"OBJECTID_1":1564,"OBJECTID":1564,"X":-70.6438047782,"Y":-33.434324264,"COD_MZN":"13101011001002"},"geometry":{"type":"Point","coordinates":[-70.643805,-33.434324,0.0]}},{"type":"Feature","properties":{"OBJECTID_1":1565,"OBJECTID":1565,"X":-70.6438100315,"Y":-33.43432609,"COD_MZN":"13101011001002"},"geometry":{"type":"Point","coordinates":[-70.64381,-33.434326,0.0]}},{"type":"Feature","properties":{"OBJECTID_1":1566,"OBJECTID":1566,"X":-70.6438213679,"Y":-33.4343212141,"COD_MZN":"13101011001002"},"geometry":{"type":"Point","coordinates":[-70.643821,-33.434321,0.0]}},{"type":"Feature","properties":{"OBJECTID_1":1567,"OBJECTID":1567,"X":-70.643833169,"Y":-33.4343178832,"COD_MZN":"13101011001002"},"geometry":{"type":"Point","coordinates":[-70.643833,-33.434318,0.0]}},{"type":"Feature","properties":{"OBJECTID_1":1568,"OBJECTID":1568,"X":-70.6438384223,"Y":-33.4343197092,"COD_MZN":"13101011001002"},"geometry":{"type":"Point","coordinates":[-70.643838,-33.43432,0.0]}},{"type":"Feature","properties":{"OBJECTID_1":1569,"OBJECTID":1569,"X":-70.6438497587,"Y":-33.4343148342,"COD_MZN":"13101011001002"},"geometry":{"type":"Point","coordinates":[-70.64385,-33.434315,0.0]}},{"type":"Feature","properties":{"OBJECTID_1":1570,"OBJECTID":1570,"X":-70.6438612198,"Y":-33.4343111552,"COD_MZN":"13101011001002"},"geometry":{"type":"Point","coordinates":[-70.643861,-33.434311,0.0]}},{"type":"Feature","properties":{"OBJECTID_1":1571,"OBJECTID":1571,"X":-70.6438664742,"Y":-33.4343129812,"COD_MZN":"13101011001002"},"geometry":{"type":"Point","coordinates":[-70.643866,-33.434313,0.0]}},{"type":"Feature","properties":{"OBJECTID_1":1572,"OBJECTID":1572,"X":-70.6438781839,"Y":-33.4343088516,"COD_MZN":"13101011001002"},"geometry":{"type":"Point","coordinates":[-70.643878,-33.434309,0.0]}},{"type":"Feature","properties":{"OBJECTID_1":1573,"OBJECTID":1573,"X":-70.6386425954,"Y":-33.4355240253,"COD_MZN":"13101011003002"},"geometry":{"type":"Point","coordinates":[-70.638643,-33.435524,0.0]}},{"type":"Feature","properties":{"OBJECTID_1":1574,"OBJECTID":1574,"X":-70.6386227792,"Y":-33.4355322629,"COD_MZN":"13101011003002"},"geometry":{"type":"Point","coordinates":[-70.638623,-33.435532,0.0]}},{"type":"Feature","properties":{"OBJECTID_1":1575,"OBJECTID":1575,"X":-70.6386736943,"Y":-33.4355166657,"COD_MZN":"13101011003002"},"geometry":{"type":"Point","coordinates":[-70.638674,-33.435517,0.0]}},{"type":"Feature","properties":{"OBJECTID_1":1576,"OBJECTID":1576,"X":-70.6386538781,"Y":-33.4355249042,"COD_MZN":"13101011003002"},"geometry":{"type":"Point","coordinates":[-70.638654,-33.435525,0.0]}},{"type":"Feature","properties":{"OBJECTID_1":1577,"OBJECTID":1577,"X":-70.6387038889,"Y":-33.435509327,"COD_MZN":"13101011003002"},"geometry":{"type":"Point","coordinates":[-70.638704,-33.435509,0.0]}},{"type":"Feature","properties":{"OBJECTID_1":1578,"OBJECTID":1578,"X":-70.6386840727,"Y":-33.4355175647,"COD_MZN":"13101011003002"},"geometry":{"type":"Point","coordinates":[-70.638684,-33.435518,0.0]}},{"type":"Feature","properties":{"OBJECTID_1":1579,"OBJECTID":1579,"X":-70.6386106785,"Y":-33.43553198,"COD_MZN":"13101011003002"},"geometry":{"type":"Point","coordinates":[-70.638611,-33.435532,0.0]}},{"type":"Feature","properties":{"OBJECTID_1":1580,"OBJECTID":1580,"X":-70.6385908633,"Y":-33.4355402186,"COD_MZN":"13101011003002"},"geometry":{"type":"Point","coordinates":[-70.638591,-33.43554,0.0]}},{"type":"Feature","properties":{"OBJECTID_1":1581,"OBJECTID":1581,"X":-70.6385794768,"Y":-33.4355393049,"COD_MZN":"13101011003002"},"geometry":{"type":"Point","coordinates":[-70.638579,-33.435539,0.0]}},{"type":"Feature","properties":{"OBJECTID_1":1582,"OBJECTID":1582,"X":-70.6385596605,"Y":-33.4355475425,"COD_MZN":"13101011003002"},"geometry":{"type":"Point","coordinates":[-70.63856,-33.435548,0.0]}},{"type":"Feature","properties":{"OBJECTID_1":1583,"OBJECTID":1583,"X":-70.6385494603,"Y":-33.4355468558,"COD_MZN":"13101011003002"},"geometry":{"type":"Point","coordinates":[-70.638549,-33.435547,0.0]}},{"type":"Feature","properties":{"OBJECTID_1":1584,"OBJECTID":1584,"X":-70.6385296441,"Y":-33.4355550934,"COD_MZN":"13101011003002"},"geometry":{"type":"Point","coordinates":[-70.63853,-33.435555,0.0]}},{"type":"Feature","properties":{"OBJECTID_1":1585,"OBJECTID":1585,"X":-70.6385183229,"Y":-33.4355531932,"COD_MZN":"13101011003002"},"geometry":{"type":"Point","coordinates":[-70.638518,-33.435553,0.0]}},{"type":"Feature","properties":{"OBJECTID_1":1586,"OBJECTID":1586,"X":-70.6384985066,"Y":-33.4355614308,"COD_MZN":"13101011003002"},"geometry":{"type":"Point","coordinates":[-70.638499,-33.435561,0.0]}},{"type":"Feature","properties":{"OBJECTID_1":1587,"OBJECTID":1587,"X":-70.6384872699,"Y":-33.4355603023,"COD_MZN":"13101011003002"},"geometry":{"type":"Point","coordinates":[-70.638487,-33.43556,0.0]}},{"type":"Feature","properties":{"OBJECTID_1":1588,"OBJECTID":1588,"X":-70.6384674536,"Y":-33.4355685399,"COD_MZN":"13101011003002"},"geometry":{"type":"Point","coordinates":[-70.638467,-33.435569,0.0]}},{"type":"Feature","properties":{"OBJECTID_1":1589,"OBJECTID":1589,"X":-70.6384560734,"Y":-33.4355675053,"COD_MZN":"13101011003002"},"geometry":{"type":"Point","coordinates":[-70.638456,-33.435568,0.0]}},{"type":"Feature","properties":{"OBJECTID_1":1590,"OBJECTID":1590,"X":-70.6384362571,"Y":-33.435575743,"COD_MZN":"13101011003002"},"geometry":{"type":"Point","coordinates":[-70.638436,-33.435576,0.0]}},{"type":"Feature","properties":{"OBJECTID_1":1591,"OBJECTID":1591,"X":-70.6384260569,"Y":-33.4355750562,"COD_MZN":"13101011003002"},"geometry":{"type":"Point","coordinates":[-70.638426,-33.435575,0.0]}},{"type":"Feature","properties":{"OBJECTID_1":1592,"OBJECTID":1592,"X":-70.6384062407,"Y":-33.4355832947,"COD_MZN":"13101011003002"},"geometry":{"type":"Point","coordinates":[-70.638406,-33.435583,0.0]}},{"type":"Feature","properties":{"OBJECTID_1":1593,"OBJECTID":1593,"X":-70.638393317,"Y":-33.4355819748,"COD_MZN":"13101011003002"},"geometry":{"type":"Point","coordinates":[-70.638393,-33.435582,0.0]}},{"type":"Feature","properties":{"OBJECTID_1":1594,"OBJECTID":1594,"X":-70.6383735017,"Y":-33.4355902124,"COD_MZN":"13101011003002"},"geometry":{"type":"Point","coordinates":[-70.638374,-33.43559,0.0]}},{"type":"Feature","properties":{"OBJECTID_1":1595,"OBJECTID":1595,"X":-70.6383622833,"Y":-33.435588915,"COD_MZN":"13101011003002"},"geometry":{"type":"Point","coordinates":[-70.638362,-33.435589,0.0]}},{"type":"Feature","properties":{"OBJECTID_1":1596,"OBJECTID":1596,"X":-70.638342467,"Y":-33.4355971526,"COD_MZN":"13101011003002"},"geometry":{"type":"Point","coordinates":[-70.638342,-33.435597,0.0]}},{"type":"Feature","properties":{"OBJECTID_1":1597,"OBJECTID":1597,"X":-70.6383314849,"Y":-33.4355965221,"COD_MZN":"13101011003002"},"geometry":{"type":"Point","coordinates":[-70.638331,-33.435597,0.0]}},{"type":"Feature","properties":{"OBJECTID_1":1598,"OBJECTID":1598,"X":-70.6383116696,"Y":-33.4356047597,"COD_MZN":"13101011003002"},"geometry":{"type":"Point","coordinates":[-70.638312,-33.435605,0.0]}},{"type":"Feature","properties":{"OBJECTID_1":1599,"OBJECTID":1599,"X":-70.6383004149,"Y":-33.4356035322,"COD_MZN":"13101011003002"},"geometry":{"type":"Point","coordinates":[-70.6383,-33.435604,0.0]}},{"type":"Feature","properties":{"OBJECTID_1":1600,"OBJECTID":1600,"X":-70.6382805997,"Y":-33.4356117698,"COD_MZN":"13101011003002"},"geometry":{"type":"Point","coordinates":[-70.638281,-33.435612,0.0]}},{"type":"Feature","properties":{"OBJECTID_1":1601,"OBJECTID":1601,"X":-70.6382696242,"Y":-33.4356106956,"COD_MZN":"13101011003002"},"geometry":{"type":"Point","coordinates":[-70.63827,-33.435611,0.0]}},{"type":"Feature","properties":{"OBJECTID_1":1602,"OBJECTID":1602,"X":-70.6382498079,"Y":-33.4356189332,"COD_MZN":"13101011003002"},"geometry":{"type":"Point","coordinates":[-70.63825,-33.435619,0.0]}},{"type":"Feature","properties":{"OBJECTID_1":1603,"OBJECTID":1603,"X":-70.6382389667,"Y":-33.4356189898,"COD_MZN":"13101011003002"},"geometry":{"type":"Point","coordinates":[-70.638239,-33.435619,0.0]}},{"type":"Feature","properties":{"OBJECTID_1":1604,"OBJECTID":1604,"X":-70.6382191503,"Y":-33.4356272274,"COD_MZN":"13101011003002"},"geometry":{"type":"Point","coordinates":[-70.638219,-33.435627,0.0]}},{"type":"Feature","properties":{"OBJECTID_1":1605,"OBJECTID":1605,"X":-70.6382078137,"Y":-33.4356255934,"COD_MZN":"13101011003002"},"geometry":{"type":"Point","coordinates":[-70.638208,-33.435626,0.0]}},{"type":"Feature","properties":{"OBJECTID_1":1606,"OBJECTID":1606,"X":-70.6381879985,"Y":-33.435633831,"COD_MZN":"13101011003002"},"geometry":{"type":"Point","coordinates":[-70.638188,-33.435634,0.0]}},{"type":"Feature","properties":{"OBJECTID_1":1607,"OBJECTID":1607,"X":-70.6381763731,"Y":-33.4356327996,"COD_MZN":"13101011003002"},"geometry":{"type":"Point","coordinates":[-70.638176,-33.435633,0.0]}},{"type":"Feature","properties":{"OBJECTID_1":1608,"OBJECTID":1608,"X":-70.6381565568,"Y":-33.4356410372,"COD_MZN":"13101011003002"},"geometry":{"type":"Point","coordinates":[-70.638157,-33.435641,0.0]}},{"type":"Feature","properties":{"OBJECTID_1":1609,"OBJECTID":1609,"X":-70.6381447028,"Y":-33.4356402054,"COD_MZN":"13101011003002"},"geometry":{"type":"Point","coordinates":[-70.638145,-33.43564,0.0]}},{"type":"Feature","properties":{"OBJECTID_1":1610,"OBJECTID":1610,"X":-70.6381248875,"Y":-33.4356484429,"COD_MZN":"13101011003002"},"geometry":{"type":"Point","coordinates":[-70.638125,-33.435648,0.0]}},{"type":"Feature","properties":{"OBJECTID_1":1611,"OBJECTID":1611,"X":-70.6381134617,"Y":-33.435647729,"COD_MZN":"13101011003002"},"geometry":{"type":"Point","coordinates":[-70.638113,-33.435648,0.0]}},{"type":"Feature","properties":{"OBJECTID_1":1612,"OBJECTID":1612,"X":-70.6380936465,"Y":-33.4356559666,"COD_MZN":"13101011003002"},"geometry":{"type":"Point","coordinates":[-70.638094,-33.435656,0.0]}},{"type":"Feature","properties":{"OBJECTID_1":1613,"OBJECTID":1613,"X":-70.6380821624,"Y":-33.4356547277,"COD_MZN":"13101011003002"},"geometry":{"type":"Point","coordinates":[-70.638082,-33.435655,0.0]}},{"type":"Feature","properties":{"OBJECTID_1":1614,"OBJECTID":1614,"X":-70.6380623471,"Y":-33.4356629653,"COD_MZN":"13101011003002"},"geometry":{"type":"Point","coordinates":[-70.638062,-33.435663,0.0]}},{"type":"Feature","properties":{"OBJECTID_1":1615,"OBJECTID":1615,"X":-70.6380507416,"Y":-33.4356624206,"COD_MZN":"13101011003002"},"geometry":{"type":"Point","coordinates":[-70.638051,-33.435662,0.0]}},{"type":"Feature","properties":{"OBJECTID_1":1616,"OBJECTID":1616,"X":-70.6380309264,"Y":-33.435670659,"COD_MZN":"13101011003002"},"geometry":{"type":"Point","coordinates":[-70.638031,-33.435671,0.0]}},{"type":"Feature","properties":{"OBJECTID_1":1617,"OBJECTID":1617,"X":-70.638019529,"Y":-33.4356694541,"COD_MZN":"13101011003002"},"geometry":{"type":"Point","coordinates":[-70.63802,-33.435669,0.0]}},{"type":"Feature","properties":{"OBJECTID_1":1618,"OBJECTID":1618,"X":-70.6379997137,"Y":-33.4356776926,"COD_MZN":"13101011003002"},"geometry":{"type":"Point","coordinates":[-70.638,-33.435678,0.0]}},{"type":"Feature","properties":{"OBJECTID_1":1619,"OBJECTID":1619,"X":-70.6379883862,"Y":-33.4356767158,"COD_MZN":"13101011003002"},"geometry":{"type":"Point","coordinates":[-70.637988,-33.435677,0.0]}},{"type":"Feature","properties":{"OBJECTID_1":1620,"OBJECTID":1620,"X":-70.6379685709,"Y":-33.4356849534,"COD_MZN":"13101011003002"},"geometry":{"type":"Point","coordinates":[-70.637969,-33.435685,0.0]}},{"type":"Feature","properties":{"OBJECTID_1":1621,"OBJECTID":1621,"X":-70.6379575205,"Y":-33.4356838359,"COD_MZN":"13101011003002"},"geometry":{"type":"Point","coordinates":[-70.637958,-33.435684,0.0]}},{"type":"Feature","properties":{"OBJECTID_1":1622,"OBJECTID":1622,"X":-70.6379377041,"Y":-33.4356920735,"COD_MZN":"13101011003002"},"geometry":{"type":"Point","coordinates":[-70.637938,-33.435692,0.0]}},{"type":"Feature","properties":{"OBJECTID_1":1623,"OBJECTID":1623,"X":-70.6379267547,"Y":-33.4356912423,"COD_MZN":"13101011003002"},"geometry":{"type":"Point","coordinates":[-70.637927,-33.435691,0.0]}},{"type":"Feature","properties":{"OBJECTID_1":1624,"OBJECTID":1624,"X":-70.6379069384,"Y":-33.4356994799,"COD_MZN":"13101011003002"},"geometry":{"type":"Point","coordinates":[-70.637907,-33.435699,0.0]}},{"type":"Feature","properties":{"OBJECTID_1":1625,"OBJECTID":1625,"X":-70.6378953675,"Y":-33.4356984856,"COD_MZN":"13101011003002"},"geometry":{"type":"Point","coordinates":[-70.637895,-33.435698,0.0]}},{"type":"Feature","properties":{"OBJECTID_1":1626,"OBJECTID":1626,"X":-70.6378755511,"Y":-33.4357067231,"COD_MZN":"13101011003002"},"geometry":{"type":"Point","coordinates":[-70.637876,-33.435707,0.0]}},{"type":"Feature","properties":{"OBJECTID_1":1627,"OBJECTID":1627,"X":-70.6378642195,"Y":-33.4357059313,"COD_MZN":"13101011003002"},"geometry":{"type":"Point","coordinates":[-70.637864,-33.435706,0.0]}},{"type":"Feature","properties":{"OBJECTID_1":1628,"OBJECTID":1628,"X":-70.6378444042,"Y":-33.4357141688,"COD_MZN":"13101011003002"},"geometry":{"type":"Point","coordinates":[-70.637844,-33.435714,0.0]}},{"type":"Feature","properties":{"OBJECTID_1":1629,"OBJECTID":1629,"X":-70.6378333159,"Y":-33.4357134973,"COD_MZN":"13101011003002"},"geometry":{"type":"Point","coordinates":[-70.637833,-33.435713,0.0]}},{"type":"Feature","properties":{"OBJECTID_1":1630,"OBJECTID":1630,"X":-70.6378134995,"Y":-33.4357217349,"COD_MZN":"13101011003002"},"geometry":{"type":"Point","coordinates":[-70.637813,-33.435722,0.0]}},{"type":"Feature","properties":{"OBJECTID_1":1631,"OBJECTID":1631,"X":-70.6378019676,"Y":-33.4357200141,"COD_MZN":"13101011003002"},"geometry":{"type":"Point","coordinates":[-70.637802,-33.43572,0.0]}},{"type":"Feature","properties":{"OBJECTID_1":1632,"OBJECTID":1632,"X":-70.6377821513,"Y":-33.4357282516,"COD_MZN":"13101011003002"},"geometry":{"type":"Point","coordinates":[-70.637782,-33.435728,0.0]}},{"type":"Feature","properties":{"OBJECTID_1":1633,"OBJECTID":1633,"X":-70.6377707877,"Y":-33.4357274151,"COD_MZN":"13101011003002"},"geometry":{"type":"Point","coordinates":[-70.637771,-33.435727,0.0]}},{"type":"Feature","properties":{"OBJECTID_1":1634,"OBJECTID":1634,"X":-70.6377509713,"Y":-33.4357356527,"COD_MZN":"13101011003002"},"geometry":{"type":"Point","coordinates":[-70.637751,-33.435736,0.0]}},{"type":"Feature","properties":{"OBJECTID_1":1635,"OBJECTID":1635,"X":-70.6377394105,"Y":-33.4357348539,"COD_MZN":"13101011003002"},"geometry":{"type":"Point","coordinates":[-70.637739,-33.435735,0.0]}},{"type":"Feature","properties":{"OBJECTID_1":1636,"OBJECTID":1636,"X":-70.6377195952,"Y":-33.4357430914,"COD_MZN":"13101011003002"},"geometry":{"type":"Point","coordinates":[-70.63772,-33.435743,0.0]}},{"type":"Feature","properties":{"OBJECTID_1":1637,"OBJECTID":1637,"X":-70.6377082327,"Y":-33.4357422026,"COD_MZN":"13101011003002"},"geometry":{"type":"Point","coordinates":[-70.637708,-33.435742,0.0]}},{"type":"Feature","properties":{"OBJECTID_1":1638,"OBJECTID":1638,"X":-70.6376884163,"Y":-33.4357504401,"COD_MZN":"13101011003002"},"geometry":{"type":"Point","coordinates":[-70.637688,-33.43575,0.0]}},{"type":"Feature","properties":{"OBJECTID_1":1639,"OBJECTID":1639,"X":-70.6376769604,"Y":-33.4357489808,"COD_MZN":"13101011003002"},"geometry":{"type":"Point","coordinates":[-70.637677,-33.435749,0.0]}},{"type":"Feature","properties":{"OBJECTID_1":1640,"OBJECTID":1640,"X":-70.6376571451,"Y":-33.4357572183,"COD_MZN":"13101011003002"},"geometry":{"type":"Point","coordinates":[-70.637657,-33.435757,0.0]}},{"type":"Feature","properties":{"OBJECTID_1":1641,"OBJECTID":1641,"X":-70.6376460076,"Y":-33.4357558214,"COD_MZN":"13101011003002"},"geometry":{"type":"Point","coordinates":[-70.637646,-33.435756,0.0]}},{"type":"Feature","properties":{"OBJECTID_1":1642,"OBJECTID":1642,"X":-70.6376261922,"Y":-33.4357640589,"COD_MZN":"13101011003002"},"geometry":{"type":"Point","coordinates":[-70.637626,-33.435764,0.0]}},{"type":"Feature","properties":{"OBJECTID_1":1643,"OBJECTID":1643,"X":-70.6376150024,"Y":-33.4357632508,"COD_MZN":"13101011003002"},"geometry":{"type":"Point","coordinates":[-70.637615,-33.435763,0.0]}},{"type":"Feature","properties":{"OBJECTID_1":1644,"OBJECTID":1644,"X":-70.637595186,"Y":-33.4357714883,"COD_MZN":"13101011003002"},"geometry":{"type":"Point","coordinates":[-70.637595,-33.435771,0.0]}},{"type":"Feature","properties":{"OBJECTID_1":1645,"OBJECTID":1645,"X":-70.6375840292,"Y":-33.4357703839,"COD_MZN":"13101011003002"},"geometry":{"type":"Point","coordinates":[-70.637584,-33.43577,0.0]}},{"type":"Feature","properties":{"OBJECTID_1":1646,"OBJECTID":1646,"X":-70.6375642139,"Y":-33.4357786214,"COD_MZN":"13101011003002"},"geometry":{"type":"Point","coordinates":[-70.637564,-33.435779,0.0]}},{"type":"Feature","properties":{"OBJECTID_1":1647,"OBJECTID":1647,"X":-70.6375531512,"Y":-33.4357781723,"COD_MZN":"13101011003002"},"geometry":{"type":"Point","coordinates":[-70.637553,-33.435778,0.0]}},{"type":"Feature","properties":{"OBJECTID_1":1648,"OBJECTID":1648,"X":-70.6375333348,"Y":-33.4357864107,"COD_MZN":"13101011003002"},"geometry":{"type":"Point","coordinates":[-70.637533,-33.435786,0.0]}},{"type":"Feature","properties":{"OBJECTID_1":1649,"OBJECTID":1649,"X":-70.6375219958,"Y":-33.4357850525,"COD_MZN":"13101011003002"},"geometry":{"type":"Point","coordinates":[-70.637522,-33.435785,0.0]}},{"type":"Feature","properties":{"OBJECTID_1":1650,"OBJECTID":1650,"X":-70.6375021794,"Y":-33.43579329,"COD_MZN":"13101011003002"},"geometry":{"type":"Point","coordinates":[-70.637502,-33.435793,0.0]}},{"type":"Feature","properties":{"OBJECTID_1":1651,"OBJECTID":1651,"X":-70.6374907444,"Y":-33.4357928873,"COD_MZN":"13101011003002"},"geometry":{"type":"Point","coordinates":[-70.637491,-33.435793,0.0]}},{"type":"Feature","properties":{"OBJECTID_1":1652,"OBJECTID":1652,"X":-70.637470929,"Y":-33.4358011248,"COD_MZN":"13101011003002"},"geometry":{"type":"Point","coordinates":[-70.637471,-33.435801,0.0]}},{"type":"Feature","properties":{"OBJECTID_1":1653,"OBJECTID":1653,"X":-70.6374595969,"Y":-33.4357992724,"COD_MZN":"13101011003002"},"geometry":{"type":"Point","coordinates":[-70.63746,-33.435799,0.0]}},{"type":"Feature","properties":{"OBJECTID_1":1654,"OBJECTID":1654,"X":-70.6374397815,"Y":-33.4358075098,"COD_MZN":"13101011003002"},"geometry":{"type":"Point","coordinates":[-70.63744,-33.435808,0.0]}},{"type":"Feature","properties":{"OBJECTID_1":1655,"OBJECTID":1655,"X":-70.6374289102,"Y":-33.4358065974,"COD_MZN":"13101011003002"},"geometry":{"type":"Point","coordinates":[-70.637429,-33.435807,0.0]}},{"type":"Feature","properties":{"OBJECTID_1":1656,"OBJECTID":1656,"X":-70.6374090938,"Y":-33.4358148348,"COD_MZN":"13101011003002"},"geometry":{"type":"Point","coordinates":[-70.637409,-33.435815,0.0]}},{"type":"Feature","properties":{"OBJECTID_1":1657,"OBJECTID":1657,"X":-70.6373978534,"Y":-33.4358141428,"COD_MZN":"13101011003002"},"geometry":{"type":"Point","coordinates":[-70.637398,-33.435814,0.0]}},{"type":"Feature","properties":{"OBJECTID_1":1658,"OBJECTID":1658,"X":-70.6373780369,"Y":-33.4358223802,"COD_MZN":"13101011003002"},"geometry":{"type":"Point","coordinates":[-70.637378,-33.435822,0.0]}},{"type":"Feature","properties":{"OBJECTID_1":1659,"OBJECTID":1659,"X":-70.6373670937,"Y":-33.4358213046,"COD_MZN":"13101011003002"},"geometry":{"type":"Point","coordinates":[-70.637367,-33.435821,0.0]}},{"type":"Feature","properties":{"OBJECTID_1":1660,"OBJECTID":1660,"X":-70.6373472773,"Y":-33.435829542,"COD_MZN":"13101011003002"},"geometry":{"type":"Point","coordinates":[-70.637347,-33.43583,0.0]}},{"type":"Feature","properties":{"OBJECTID_1":1661,"OBJECTID":1661,"X":-70.6373362009,"Y":-33.4358285935,"COD_MZN":"13101011003002"},"geometry":{"type":"Point","coordinates":[-70.637336,-33.435829,0.0]}},{"type":"Feature","properties":{"OBJECTID_1":1662,"OBJECTID":1662,"X":-70.6373163844,"Y":-33.4358368309,"COD_MZN":"13101011003002"},"geometry":{"type":"Point","coordinates":[-70.637316,-33.435837,0.0]}},{"type":"Feature","properties":{"OBJECTID_1":1663,"OBJECTID":1663,"X":-70.6373054022,"Y":-33.4358359082,"COD_MZN":"13101011003002"},"geometry":{"type":"Point","coordinates":[-70.637305,-33.435836,0.0]}},{"type":"Feature","properties":{"OBJECTID_1":1664,"OBJECTID":1664,"X":-70.6372855868,"Y":-33.4358441456,"COD_MZN":"13101011003002"},"geometry":{"type":"Point","coordinates":[-70.637286,-33.435844,0.0]}},{"type":"Feature","properties":{"OBJECTID_1":1665,"OBJECTID":1665,"X":-70.6372743755,"Y":-33.4358432286,"COD_MZN":"13101011003002"},"geometry":{"type":"Point","coordinates":[-70.637274,-33.435843,0.0]}},{"type":"Feature","properties":{"OBJECTID_1":1666,"OBJECTID":1666,"X":-70.6372545601,"Y":-33.4358514661,"COD_MZN":"13101011003002"},"geometry":{"type":"Point","coordinates":[-70.637255,-33.435851,0.0]}},{"type":"Feature","properties":{"OBJECTID_1":1667,"OBJECTID":1667,"X":-70.6372433391,"Y":-33.4358504896,"COD_MZN":"13101011003002"},"geometry":{"type":"Point","coordinates":[-70.637243,-33.43585,0.0]}},{"type":"Feature","properties":{"OBJECTID_1":1668,"OBJECTID":1668,"X":-70.6372235226,"Y":-33.4358587271,"COD_MZN":"13101011003002"},"geometry":{"type":"Point","coordinates":[-70.637224,-33.435859,0.0]}},{"type":"Feature","properties":{"OBJECTID_1":1669,"OBJECTID":1669,"X":-70.6372121022,"Y":-33.4358572158,"COD_MZN":"13101011003002"},"geometry":{"type":"Point","coordinates":[-70.637212,-33.435857,0.0]}},{"type":"Feature","properties":{"OBJECTID_1":1670,"OBJECTID":1670,"X":-70.6371922868,"Y":-33.4358654532,"COD_MZN":"13101011003002"},"geometry":{"type":"Point","coordinates":[-70.637192,-33.435865,0.0]}},{"type":"Feature","properties":{"OBJECTID_1":1671,"OBJECTID":1671,"X":-70.637181017,"Y":-33.4358642854,"COD_MZN":"13101011003002"},"geometry":{"type":"Point","coordinates":[-70.637181,-33.435864,0.0]}},{"type":"Feature","properties":{"OBJECTID_1":1672,"OBJECTID":1672,"X":-70.6371612006,"Y":-33.4358725228,"COD_MZN":"13101011003002"},"geometry":{"type":"Point","coordinates":[-70.637161,-33.435873,0.0]}},{"type":"Feature","properties":{"OBJECTID_1":1673,"OBJECTID":1673,"X":-70.6371506558,"Y":-33.4358715275,"COD_MZN":"13101011003002"},"geometry":{"type":"Point","coordinates":[-70.637151,-33.435872,0.0]}},{"type":"Feature","properties":{"OBJECTID_1":1674,"OBJECTID":1674,"X":-70.6371308393,"Y":-33.435879765,"COD_MZN":"13101011003002"},"geometry":{"type":"Point","coordinates":[-70.637131,-33.43588,0.0]}},{"type":"Feature","properties":{"OBJECTID_1":1675,"OBJECTID":1675,"X":-70.6371195699,"Y":-33.4358786223,"COD_MZN":"13101011003002"},"geometry":{"type":"Point","coordinates":[-70.63712,-33.435879,0.0]}},{"type":"Feature","properties":{"OBJECTID_1":1676,"OBJECTID":1676,"X":-70.6370997535,"Y":-33.4358868598,"COD_MZN":"13101011003002"},"geometry":{"type":"Point","coordinates":[-70.6371,-33.435887,0.0]}},{"type":"Feature","properties":{"OBJECTID_1":1677,"OBJECTID":1677,"X":-70.6370888328,"Y":-33.4358858956,"COD_MZN":"13101011003002"},"geometry":{"type":"Point","coordinates":[-70.637089,-33.435886,0.0]}},{"type":"Feature","properties":{"OBJECTID_1":1678,"OBJECTID":1678,"X":-70.6370690174,"Y":-33.435894133,"COD_MZN":"13101011003002"},"geometry":{"type":"Point","coordinates":[-70.637069,-33.435894,0.0]}},{"type":"Feature","properties":{"OBJECTID_1":1679,"OBJECTID":1679,"X":-70.637057609,"Y":-33.4358933773,"COD_MZN":"13101011003002"},"geometry":{"type":"Point","coordinates":[-70.637058,-33.435893,0.0]}},{"type":"Feature","properties":{"OBJECTID_1":1680,"OBJECTID":1680,"X":-70.6370377936,"Y":-33.4359016147,"COD_MZN":"13101011003002"},"geometry":{"type":"Point","coordinates":[-70.637038,-33.435902,0.0]}},{"type":"Feature","properties":{"OBJECTID_1":1681,"OBJECTID":1681,"X":-70.6370262521,"Y":-33.4359001853,"COD_MZN":"13101011003002"},"geometry":{"type":"Point","coordinates":[-70.637026,-33.4359,0.0]}},{"type":"Feature","properties":{"OBJECTID_1":1682,"OBJECTID":1682,"X":-70.6370064356,"Y":-33.4359084227,"COD_MZN":"13101011003002"},"geometry":{"type":"Point","coordinates":[-70.637006,-33.435908,0.0]}},{"type":"Feature","properties":{"OBJECTID_1":1683,"OBJECTID":1683,"X":-70.6369950992,"Y":-33.4359074847,"COD_MZN":"13101011003002"},"geometry":{"type":"Point","coordinates":[-70.636995,-33.435907,0.0]}},{"type":"Feature","properties":{"OBJECTID_1":1684,"OBJECTID":1684,"X":-70.6369752827,"Y":-33.4359157221,"COD_MZN":"13101011003002"},"geometry":{"type":"Point","coordinates":[-70.636975,-33.435916,0.0]}},{"type":"Feature","properties":{"OBJECTID_1":1685,"OBJECTID":1685,"X":-70.6369638766,"Y":-33.4359147996,"COD_MZN":"13101011003002"},"geometry":{"type":"Point","coordinates":[-70.636964,-33.435915,0.0]}},{"type":"Feature","properties":{"OBJECTID_1":1686,"OBJECTID":1686,"X":-70.63694406,"Y":-33.4359230369,"COD_MZN":"13101011003002"},"geometry":{"type":"Point","coordinates":[-70.636944,-33.435923,0.0]}},{"type":"Feature","properties":{"OBJECTID_1":1687,"OBJECTID":1687,"X":-70.6369326186,"Y":-33.4359221229,"COD_MZN":"13101011003002"},"geometry":{"type":"Point","coordinates":[-70.636933,-33.435922,0.0]}},{"type":"Feature","properties":{"OBJECTID_1":1688,"OBJECTID":1688,"X":-70.6369128021,"Y":-33.4359303603,"COD_MZN":"13101011003002"},"geometry":{"type":"Point","coordinates":[-70.636913,-33.43593,0.0]}},{"type":"Feature","properties":{"OBJECTID_1":1689,"OBJECTID":1689,"X":-70.6369026019,"Y":-33.4359296743,"COD_MZN":"13101011003002"},"geometry":{"type":"Point","coordinates":[-70.636903,-33.43593,0.0]}},{"type":"Feature","properties":{"OBJECTID_1":1690,"OBJECTID":1690,"X":-70.6368827854,"Y":-33.4359379117,"COD_MZN":"13101011003002"},"geometry":{"type":"Point","coordinates":[-70.636883,-33.435938,0.0]}},{"type":"Feature","properties":{"OBJECTID_1":1691,"OBJECTID":1691,"X":-70.6368725852,"Y":-33.4359372257,"COD_MZN":"13101011003002"},"geometry":{"type":"Point","coordinates":[-70.636873,-33.435937,0.0]}},{"type":"Feature","properties":{"OBJECTID_1":1692,"OBJECTID":1692,"X":-70.6368527687,"Y":-33.4359454631,"COD_MZN":"13101011003002"},"geometry":{"type":"Point","coordinates":[-70.636853,-33.435945,0.0]}},{"type":"Feature","properties":{"OBJECTID_1":1693,"OBJECTID":1693,"X":-70.6368425793,"Y":-33.435944032,"COD_MZN":"13101011003002"},"geometry":{"type":"Point","coordinates":[-70.636843,-33.435944,0.0]}},{"type":"Feature","properties":{"OBJECTID_1":1694,"OBJECTID":1694,"X":-70.6368227638,"Y":-33.4359522694,"COD_MZN":"13101011003002"},"geometry":{"type":"Point","coordinates":[-70.636823,-33.435952,0.0]}},{"type":"Feature","properties":{"OBJECTID_1":1695,"OBJECTID":1695,"X":-70.6368125625,"Y":-33.4359515825,"COD_MZN":"13101011003002"},"geometry":{"type":"Point","coordinates":[-70.636813,-33.435952,0.0]}},{"type":"Feature","properties":{"OBJECTID_1":1696,"OBJECTID":1696,"X":-70.6367927471,"Y":-33.4359598199,"COD_MZN":"13101011003002"},"geometry":{"type":"Point","coordinates":[-70.636793,-33.43596,0.0]}},{"type":"Feature","properties":{"OBJECTID_1":1697,"OBJECTID":1697,"X":-70.6367825577,"Y":-33.4359583888,"COD_MZN":"13101011003002"},"geometry":{"type":"Point","coordinates":[-70.636783,-33.435958,0.0]}},{"type":"Feature","properties":{"OBJECTID_1":1698,"OBJECTID":1698,"X":-70.6367627411,"Y":-33.4359666262,"COD_MZN":"13101011003002"},"geometry":{"type":"Point","coordinates":[-70.636763,-33.435967,0.0]}},{"type":"Feature","properties":{"OBJECTID_1":1699,"OBJECTID":1699,"X":-70.6367523403,"Y":-33.435964361,"COD_MZN":"13101011003002"},"geometry":{"type":"Point","coordinates":[-70.636752,-33.435964,0.0]}},{"type":"Feature","properties":{"OBJECTID_1":1700,"OBJECTID":1700,"X":-70.6367325237,"Y":-33.4359725984,"COD_MZN":"13101011003002"},"geometry":{"type":"Point","coordinates":[-70.636733,-33.435973,0.0]}},{"type":"Feature","properties":{"OBJECTID_1":1701,"OBJECTID":1701,"X":-70.6367223235,"Y":-33.4359719114,"COD_MZN":"13101011003002"},"geometry":{"type":"Point","coordinates":[-70.636722,-33.435972,0.0]}},{"type":"Feature","properties":{"OBJECTID_1":1702,"OBJECTID":1702,"X":-70.636702507,"Y":-33.4359801488,"COD_MZN":"13101011003002"},"geometry":{"type":"Point","coordinates":[-70.636703,-33.43598,0.0]}},{"type":"Feature","properties":{"OBJECTID_1":1703,"OBJECTID":1703,"X":-70.6366912454,"Y":-33.4359786742,"COD_MZN":"13101011003002"},"geometry":{"type":"Point","coordinates":[-70.636691,-33.435979,0.0]}},{"type":"Feature","properties":{"OBJECTID_1":1704,"OBJECTID":1704,"X":-70.6366714288,"Y":-33.4359869124,"COD_MZN":"13101011003002"},"geometry":{"type":"Point","coordinates":[-70.636671,-33.435987,0.0]}},{"type":"Feature","properties":{"OBJECTID_1":1705,"OBJECTID":1705,"X":-70.6366604114,"Y":-33.4359863535,"COD_MZN":"13101011003002"},"geometry":{"type":"Point","coordinates":[-70.63666,-33.435986,0.0]}},{"type":"Feature","properties":{"OBJECTID_1":1706,"OBJECTID":1706,"X":-70.6366405949,"Y":-33.4359945909,"COD_MZN":"13101011003002"},"geometry":{"type":"Point","coordinates":[-70.636641,-33.435995,0.0]}},{"type":"Feature","properties":{"OBJECTID_1":1707,"OBJECTID":1707,"X":-70.6366296884,"Y":-33.4359934696,"COD_MZN":"13101011003002"},"geometry":{"type":"Point","coordinates":[-70.63663,-33.435993,0.0]}},{"type":"Feature","properties":{"OBJECTID_1":1708,"OBJECTID":1708,"X":-70.6366098719,"Y":-33.4360017069,"COD_MZN":"13101011003002"},"geometry":{"type":"Point","coordinates":[-70.63661,-33.436002,0.0]}},{"type":"Feature","properties":{"OBJECTID_1":1709,"OBJECTID":1709,"X":-70.6365996441,"Y":-33.4360007552,"COD_MZN":"13101011003002"},"geometry":{"type":"Point","coordinates":[-70.6366,-33.436001,0.0]}},{"type":"Feature","properties":{"OBJECTID_1":1710,"OBJECTID":1710,"X":-70.6365798275,"Y":-33.4360089925,"COD_MZN":"13101011003002"},"geometry":{"type":"Point","coordinates":[-70.63658,-33.436009,0.0]}},{"type":"Feature","properties":{"OBJECTID_1":1711,"OBJECTID":1711,"X":-70.6365687362,"Y":-33.4360077077,"COD_MZN":"13101011003002"},"geometry":{"type":"Point","coordinates":[-70.636569,-33.436008,0.0]}},{"type":"Feature","properties":{"OBJECTID_1":1712,"OBJECTID":1712,"X":-70.6365489197,"Y":-33.4360159451,"COD_MZN":"13101011003002"},"geometry":{"type":"Point","coordinates":[-70.636549,-33.436016,0.0]}},{"type":"Feature","properties":{"OBJECTID_1":1713,"OBJECTID":1713,"X":-70.6365379509,"Y":-33.4360148282,"COD_MZN":"13101011003002"},"geometry":{"type":"Point","coordinates":[-70.636538,-33.436015,0.0]}},{"type":"Feature","properties":{"OBJECTID_1":1714,"OBJECTID":1714,"X":-70.6365181354,"Y":-33.4360230655,"COD_MZN":"13101011003002"},"geometry":{"type":"Point","coordinates":[-70.636518,-33.436023,0.0]}},{"type":"Feature","properties":{"OBJECTID_1":1715,"OBJECTID":1715,"X":-70.6365071783,"Y":-33.4360222794,"COD_MZN":"13101011003002"},"geometry":{"type":"Point","coordinates":[-70.636507,-33.436022,0.0]}},{"type":"Feature","properties":{"OBJECTID_1":1716,"OBJECTID":1716,"X":-70.6364873617,"Y":-33.4360305168,"COD_MZN":"13101011003002"},"geometry":{"type":"Point","coordinates":[-70.636487,-33.436031,0.0]}},{"type":"Feature","properties":{"OBJECTID_1":1717,"OBJECTID":1717,"X":-70.6364771733,"Y":-33.4360290857,"COD_MZN":"13101011003002"},"geometry":{"type":"Point","coordinates":[-70.636477,-33.436029,0.0]}},{"type":"Feature","properties":{"OBJECTID_1":1718,"OBJECTID":1718,"X":-70.6364573567,"Y":-33.436037323,"COD_MZN":"13101011003002"},"geometry":{"type":"Point","coordinates":[-70.636457,-33.436037,0.0]}},{"type":"Feature","properties":{"OBJECTID_1":1719,"OBJECTID":1719,"X":-70.6364465476,"Y":-33.4360365169,"COD_MZN":"13101011003002"},"geometry":{"type":"Point","coordinates":[-70.636447,-33.436037,0.0]}},{"type":"Feature","properties":{"OBJECTID_1":1720,"OBJECTID":1720,"X":-70.636426731,"Y":-33.4360447542,"COD_MZN":"13101011003002"},"geometry":{"type":"Point","coordinates":[-70.636427,-33.436045,0.0]}},{"type":"Feature","properties":{"OBJECTID_1":1721,"OBJECTID":1721,"X":-70.6364153776,"Y":-33.4360425665,"COD_MZN":"13101011003002"},"geometry":{"type":"Point","coordinates":[-70.636415,-33.436043,0.0]}},{"type":"Feature","properties":{"OBJECTID_1":1722,"OBJECTID":1722,"X":-70.636395561,"Y":-33.4360508039,"COD_MZN":"13101011003002"},"geometry":{"type":"Point","coordinates":[-70.636396,-33.436051,0.0]}},{"type":"Feature","properties":{"OBJECTID_1":1723,"OBJECTID":1723,"X":-70.6363853608,"Y":-33.4360501178,"COD_MZN":"13101011003002"},"geometry":{"type":"Point","coordinates":[-70.636385,-33.43605,0.0]}},{"type":"Feature","properties":{"OBJECTID_1":1724,"OBJECTID":1724,"X":-70.6363655442,"Y":-33.4360583551,"COD_MZN":"13101011003002"},"geometry":{"type":"Point","coordinates":[-70.636366,-33.436058,0.0]}},{"type":"Feature","properties":{"OBJECTID_1":1725,"OBJECTID":1725,"X":-70.6363544079,"Y":-33.4360568508,"COD_MZN":"13101011003002"},"geometry":{"type":"Point","coordinates":[-70.636354,-33.436057,0.0]}},{"type":"Feature","properties":{"OBJECTID_1":1726,"OBJECTID":1726,"X":-70.6363345923,"Y":-33.4360650881,"COD_MZN":"13101011003002"},"geometry":{"type":"Point","coordinates":[-70.636335,-33.436065,0.0]}},{"type":"Feature","properties":{"OBJECTID_1":1727,"OBJECTID":1727,"X":-70.6363243911,"Y":-33.4360644021,"COD_MZN":"13101011003002"},"geometry":{"type":"Point","coordinates":[-70.636324,-33.436064,0.0]}},{"type":"Feature","properties":{"OBJECTID_1":1728,"OBJECTID":1728,"X":-70.6363045745,"Y":-33.4360726394,"COD_MZN":"13101011003002"},"geometry":{"type":"Point","coordinates":[-70.636305,-33.436073,0.0]}},{"type":"Feature","properties":{"OBJECTID_1":1729,"OBJECTID":1729,"X":-70.6362931276,"Y":-33.4360712077,"COD_MZN":"13101011003002"},"geometry":{"type":"Point","coordinates":[-70.636293,-33.436071,0.0]}},{"type":"Feature","properties":{"OBJECTID_1":1730,"OBJECTID":1730,"X":-70.636273311,"Y":-33.436079445,"COD_MZN":"13101011003002"},"geometry":{"type":"Point","coordinates":[-70.636273,-33.436079,0.0]}},{"type":"Feature","properties":{"OBJECTID_1":1731,"OBJECTID":1731,"X":-70.6362621073,"Y":-33.4360784755,"COD_MZN":"13101011003002"},"geometry":{"type":"Point","coordinates":[-70.636262,-33.436078,0.0]}},{"type":"Feature","properties":{"OBJECTID_1":1732,"OBJECTID":1732,"X":-70.6362422918,"Y":-33.4360867128,"COD_MZN":"13101011003002"},"geometry":{"type":"Point","coordinates":[-70.636242,-33.436087,0.0]}},{"type":"Feature","properties":{"OBJECTID_1":1733,"OBJECTID":1733,"X":-70.6362320905,"Y":-33.4360860268,"COD_MZN":"13101011003002"},"geometry":{"type":"Point","coordinates":[-70.636232,-33.436086,0.0]}},{"type":"Feature","properties":{"OBJECTID_1":1734,"OBJECTID":1734,"X":-70.6362122739,"Y":-33.436094264,"COD_MZN":"13101011003002"},"geometry":{"type":"Point","coordinates":[-70.636212,-33.436094,0.0]}},{"type":"Feature","properties":{"OBJECTID_1":1735,"OBJECTID":1735,"X":-70.6362010847,"Y":-33.4360933241,"COD_MZN":"13101011003002"},"geometry":{"type":"Point","coordinates":[-70.636201,-33.436093,0.0]}},{"type":"Feature","properties":{"OBJECTID_1":1736,"OBJECTID":1736,"X":-70.6361812681,"Y":-33.4361015614,"COD_MZN":"13101011003002"},"geometry":{"type":"Point","coordinates":[-70.636181,-33.436102,0.0]}},{"type":"Feature","properties":{"OBJECTID_1":1737,"OBJECTID":1737,"X":-70.6361703707,"Y":-33.4361008079,"COD_MZN":"13101011003002"},"geometry":{"type":"Point","coordinates":[-70.63617,-33.436101,0.0]}},{"type":"Feature","properties":{"OBJECTID_1":1738,"OBJECTID":1738,"X":-70.636150554,"Y":-33.4361090451,"COD_MZN":"13101011003002"},"geometry":{"type":"Point","coordinates":[-70.636151,-33.436109,0.0]}},{"type":"Feature","properties":{"OBJECTID_1":1739,"OBJECTID":1739,"X":-70.6361388503,"Y":-33.4361072805,"COD_MZN":"13101011003002"},"geometry":{"type":"Point","coordinates":[-70.636139,-33.436107,0.0]}},{"type":"Feature","properties":{"OBJECTID_1":1740,"OBJECTID":1740,"X":-70.6361190347,"Y":-33.4361155177,"COD_MZN":"13101011003002"},"geometry":{"type":"Point","coordinates":[-70.636119,-33.436116,0.0]}},{"type":"Feature","properties":{"OBJECTID_1":1741,"OBJECTID":1741,"X":-70.6361077633,"Y":-33.4361142632,"COD_MZN":"13101011003002"},"geometry":{"type":"Point","coordinates":[-70.636108,-33.436114,0.0]}},{"type":"Feature","properties":{"OBJECTID_1":1742,"OBJECTID":1742,"X":-70.6360879477,"Y":-33.4361225005,"COD_MZN":"13101011003002"},"geometry":{"type":"Point","coordinates":[-70.636088,-33.436123,0.0]}},{"type":"Feature","properties":{"OBJECTID_1":1743,"OBJECTID":1743,"X":-70.6360777465,"Y":-33.4361218144,"COD_MZN":"13101011003002"},"geometry":{"type":"Point","coordinates":[-70.636078,-33.436122,0.0]}},{"type":"Feature","properties":{"OBJECTID_1":1744,"OBJECTID":1744,"X":-70.6360579298,"Y":-33.4361300517,"COD_MZN":"13101011003002"},"geometry":{"type":"Point","coordinates":[-70.636058,-33.43613,0.0]}},{"type":"Feature","properties":{"OBJECTID_1":1745,"OBJECTID":1745,"X":-70.6360465048,"Y":-33.4361293845,"COD_MZN":"13101011003002"},"geometry":{"type":"Point","coordinates":[-70.636047,-33.436129,0.0]}},{"type":"Feature","properties":{"OBJECTID_1":1746,"OBJECTID":1746,"X":-70.6360266882,"Y":-33.4361376217,"COD_MZN":"13101011003002"},"geometry":{"type":"Point","coordinates":[-70.636027,-33.436138,0.0]}},{"type":"Feature","properties":{"OBJECTID_1":1747,"OBJECTID":1747,"X":-70.6360144251,"Y":-33.4361371198,"COD_MZN":"13101011003002"},"geometry":{"type":"Point","coordinates":[-70.636014,-33.436137,0.0]}},{"type":"Feature","properties":{"OBJECTID_1":1748,"OBJECTID":1748,"X":-70.6359946096,"Y":-33.436145357,"COD_MZN":"13101011003002"},"geometry":{"type":"Point","coordinates":[-70.635995,-33.436145,0.0]}},{"type":"Feature","properties":{"OBJECTID_1":1749,"OBJECTID":1749,"X":-70.6359830643,"Y":-33.4361438419,"COD_MZN":"13101011003002"},"geometry":{"type":"Point","coordinates":[-70.635983,-33.436144,0.0]}},{"type":"Feature","properties":{"OBJECTID_1":1750,"OBJECTID":1750,"X":-70.6359632477,"Y":-33.4361520791,"COD_MZN":"13101011003002"},"geometry":{"type":"Point","coordinates":[-70.635963,-33.436152,0.0]}},{"type":"Feature","properties":{"OBJECTID_1":1751,"OBJECTID":1751,"X":-70.6359517923,"Y":-33.4361513402,"COD_MZN":"13101011003002"},"geometry":{"type":"Point","coordinates":[-70.635952,-33.436151,0.0]}},{"type":"Feature","properties":{"OBJECTID_1":1752,"OBJECTID":1752,"X":-70.6359319756,"Y":-33.4361595774,"COD_MZN":"13101011003002"},"geometry":{"type":"Point","coordinates":[-70.635932,-33.43616,0.0]}},{"type":"Feature","properties":{"OBJECTID_1":1753,"OBJECTID":1753,"X":-70.6359199772,"Y":-33.4361586201,"COD_MZN":"13101011003002"},"geometry":{"type":"Point","coordinates":[-70.63592,-33.436159,0.0]}},{"type":"Feature","properties":{"OBJECTID_1":1754,"OBJECTID":1754,"X":-70.6359001606,"Y":-33.4361668574,"COD_MZN":"13101011003002"},"geometry":{"type":"Point","coordinates":[-70.6359,-33.436167,0.0]}},{"type":"Feature","properties":{"OBJECTID_1":1755,"OBJECTID":1755,"X":-70.6358873208,"Y":-33.4361656019,"COD_MZN":"13101011003002"},"geometry":{"type":"Point","coordinates":[-70.635887,-33.436166,0.0]}},{"type":"Feature","properties":{"OBJECTID_1":1756,"OBJECTID":1756,"X":-70.6358675042,"Y":-33.4361738391,"COD_MZN":"13101011003002"},"geometry":{"type":"Point","coordinates":[-70.635868,-33.436174,0.0]}},{"type":"Feature","properties":{"OBJECTID_1":1757,"OBJECTID":1757,"X":-70.6358555027,"Y":-33.4361727169,"COD_MZN":"13101011003002"},"geometry":{"type":"Point","coordinates":[-70.635856,-33.436173,0.0]}},{"type":"Feature","properties":{"OBJECTID_1":1758,"OBJECTID":1758,"X":-70.6358356871,"Y":-33.4361809541,"COD_MZN":"13101011003002"},"geometry":{"type":"Point","coordinates":[-70.635836,-33.436181,0.0]}},{"type":"Feature","properties":{"OBJECTID_1":1759,"OBJECTID":1759,"X":-70.6358236022,"Y":-33.4361806022,"COD_MZN":"13101011003002"},"geometry":{"type":"Point","coordinates":[-70.635824,-33.436181,0.0]}},{"type":"Feature","properties":{"OBJECTID_1":1760,"OBJECTID":1760,"X":-70.6358037866,"Y":-33.4361888394,"COD_MZN":"13101011003002"},"geometry":{"type":"Point","coordinates":[-70.635804,-33.436189,0.0]}},{"type":"Feature","properties":{"OBJECTID_1":1761,"OBJECTID":1761,"X":-70.6357917941,"Y":-33.4361882527,"COD_MZN":"13101011003002"},"geometry":{"type":"Point","coordinates":[-70.635792,-33.436188,0.0]}},{"type":"Feature","properties":{"OBJECTID_1":1762,"OBJECTID":1762,"X":-70.6357719774,"Y":-33.4361964899,"COD_MZN":"13101011003002"},"geometry":{"type":"Point","coordinates":[-70.635772,-33.436196,0.0]}},{"type":"Feature","properties":{"OBJECTID_1":1763,"OBJECTID":1763,"X":-70.6357605543,"Y":-33.4361953501,"COD_MZN":"13101011003002"},"geometry":{"type":"Point","coordinates":[-70.635761,-33.436195,0.0]}},{"type":"Feature","properties":{"OBJECTID_1":1764,"OBJECTID":1764,"X":-70.6357407376,"Y":-33.4362035873,"COD_MZN":"13101011003002"},"geometry":{"type":"Point","coordinates":[-70.635741,-33.436204,0.0]}},{"type":"Feature","properties":{"OBJECTID_1":1765,"OBJECTID":1765,"X":-70.6384538283,"Y":-33.4354793722,"COD_MZN":"13101011003002"},"geometry":{"type":"Point","coordinates":[-70.638454,-33.435479,0.0]}},{"type":"Feature","properties":{"OBJECTID_1":1766,"OBJECTID":1766,"X":-70.6384436282,"Y":-33.4354768611,"COD_MZN":"13101011003002"},"geometry":{"type":"Point","coordinates":[-70.638444,-33.435477,0.0]}},{"type":"Feature","properties":{"OBJECTID_1":1767,"OBJECTID":1767,"X":-70.6384245093,"Y":-33.4354854601,"COD_MZN":"13101011003002"},"geometry":{"type":"Point","coordinates":[-70.638425,-33.435485,0.0]}},{"type":"Feature","properties":{"OBJECTID_1":1768,"OBJECTID":1768,"X":-70.6383866044,"Y":-33.4354907876,"COD_MZN":"13101011003002"},"geometry":{"type":"Point","coordinates":[-70.638387,-33.435491,0.0]}},{"type":"Feature","properties":{"OBJECTID_1":1769,"OBJECTID":1769,"X":-70.6383667892,"Y":-33.4354990252,"COD_MZN":"13101011003002"},"geometry":{"type":"Point","coordinates":[-70.638367,-33.435499,0.0]}},{"type":"Feature","properties":{"OBJECTID_1":1770,"OBJECTID":1770,"X":-70.6383567628,"Y":-33.4354981377,"COD_MZN":"13101011003002"},"geometry":{"type":"Point","coordinates":[-70.638357,-33.435498,0.0]}},{"type":"Feature","properties":{"OBJECTID_1":1771,"OBJECTID":1771,"X":-70.6383369465,"Y":-33.4355063753,"COD_MZN":"13101011003002"},"geometry":{"type":"Point","coordinates":[-70.638337,-33.435506,0.0]}},{"type":"Feature","properties":{"OBJECTID_1":1772,"OBJECTID":1772,"X":-70.6383293313,"Y":-33.4355045568,"COD_MZN":"13101011003002"},"geometry":{"type":"Point","coordinates":[-70.638329,-33.435505,0.0]}},{"type":"Feature","properties":{"OBJECTID_1":1773,"OBJECTID":1773,"X":-70.6383095161,"Y":-33.4355127944,"COD_MZN":"13101011003002"},"geometry":{"type":"Point","coordinates":[-70.63831,-33.435513,0.0]}},{"type":"Feature","properties":{"OBJECTID_1":1774,"OBJECTID":1774,"X":-70.6382874206,"Y":-33.4355139918,"COD_MZN":"13101011003002"},"geometry":{"type":"Point","coordinates":[-70.638287,-33.435514,0.0]}},{"type":"Feature","properties":{"OBJECTID_1":1775,"OBJECTID":1775,"X":-70.6382676043,"Y":-33.4355222294,"COD_MZN":"13101011003002"},"geometry":{"type":"Point","coordinates":[-70.638268,-33.435522,0.0]}},{"type":"Feature","properties":{"OBJECTID_1":1776,"OBJECTID":1776,"X":-70.6382588443,"Y":-33.4355207931,"COD_MZN":"13101011003002"},"geometry":{"type":"Point","coordinates":[-70.638259,-33.435521,0.0]}},{"type":"Feature","properties":{"OBJECTID_1":1777,"OBJECTID":1777,"X":-70.638239028,"Y":-33.4355290307,"COD_MZN":"13101011003002"},"geometry":{"type":"Point","coordinates":[-70.638239,-33.435529,0.0]}},{"type":"Feature","properties":{"OBJECTID_1":1778,"OBJECTID":1778,"X":-70.6382299774,"Y":-33.4355277588,"COD_MZN":"13101011003002"},"geometry":{"type":"Point","coordinates":[-70.63823,-33.435528,0.0]}},{"type":"Feature","properties":{"OBJECTID_1":1779,"OBJECTID":1779,"X":-70.6382101611,"Y":-33.4355359964,"COD_MZN":"13101011003002"},"geometry":{"type":"Point","coordinates":[-70.63821,-33.435536,0.0]}},{"type":"Feature","properties":{"OBJECTID_1":1780,"OBJECTID":1780,"X":-70.6382014126,"Y":-33.4355343119,"COD_MZN":"13101011003002"},"geometry":{"type":"Point","coordinates":[-70.638201,-33.435534,0.0]}},{"type":"Feature","properties":{"OBJECTID_1":1781,"OBJECTID":1781,"X":-70.6381815963,"Y":-33.4355425495,"COD_MZN":"13101011003002"},"geometry":{"type":"Point","coordinates":[-70.638182,-33.435543,0.0]}},{"type":"Feature","properties":{"OBJECTID_1":1782,"OBJECTID":1782,"X":-70.6381726324,"Y":-33.4355417679,"COD_MZN":"13101011003002"},"geometry":{"type":"Point","coordinates":[-70.638173,-33.435542,0.0]}},{"type":"Feature","properties":{"OBJECTID_1":1783,"OBJECTID":1783,"X":-70.6381528161,"Y":-33.4355500055,"COD_MZN":"13101011003002"},"geometry":{"type":"Point","coordinates":[-70.638153,-33.43555,0.0]}},{"type":"Feature","properties":{"OBJECTID_1":1784,"OBJECTID":1784,"X":-70.6381428482,"Y":-33.4355486852,"COD_MZN":"13101011003002"},"geometry":{"type":"Point","coordinates":[-70.638143,-33.435549,0.0]}},{"type":"Feature","properties":{"OBJECTID_1":1785,"OBJECTID":1785,"X":-70.6381230319,"Y":-33.4355569228,"COD_MZN":"13101011003002"},"geometry":{"type":"Point","coordinates":[-70.638123,-33.435557,0.0]}},{"type":"Feature","properties":{"OBJECTID_1":1786,"OBJECTID":1786,"X":-70.6381131329,"Y":-33.4355556044,"COD_MZN":"13101011003002"},"geometry":{"type":"Point","coordinates":[-70.638113,-33.435556,0.0]}},{"type":"Feature","properties":{"OBJECTID_1":1787,"OBJECTID":1787,"X":-70.6380933166,"Y":-33.4355638419,"COD_MZN":"13101011003002"},"geometry":{"type":"Point","coordinates":[-70.638093,-33.435564,0.0]}},{"type":"Feature","properties":{"OBJECTID_1":1788,"OBJECTID":1788,"X":-70.6380845597,"Y":-33.4355625715,"COD_MZN":"13101011003002"},"geometry":{"type":"Point","coordinates":[-70.638085,-33.435563,0.0]}},{"type":"Feature","properties":{"OBJECTID_1":1789,"OBJECTID":1789,"X":-70.6380647434,"Y":-33.4355708091,"COD_MZN":"13101011003002"},"geometry":{"type":"Point","coordinates":[-70.638065,-33.435571,0.0]}},{"type":"Feature","properties":{"OBJECTID_1":1790,"OBJECTID":1790,"X":-70.63805533,"Y":-33.4355689449,"COD_MZN":"13101011003002"},"geometry":{"type":"Point","coordinates":[-70.638055,-33.435569,0.0]}},{"type":"Feature","properties":{"OBJECTID_1":1791,"OBJECTID":1791,"X":-70.6380355137,"Y":-33.4355771825,"COD_MZN":"13101011003002"},"geometry":{"type":"Point","coordinates":[-70.638036,-33.435577,0.0]}},{"type":"Feature","properties":{"OBJECTID_1":1792,"OBJECTID":1792,"X":-70.638027253,"Y":-33.4355753022,"COD_MZN":"13101011003002"},"geometry":{"type":"Point","coordinates":[-70.638027,-33.435575,0.0]}},{"type":"Feature","properties":{"OBJECTID_1":1793,"OBJECTID":1793,"X":-70.6380074378,"Y":-33.4355835397,"COD_MZN":"13101011003002"},"geometry":{"type":"Point","coordinates":[-70.638007,-33.435584,0.0]}},{"type":"Feature","properties":{"OBJECTID_1":1794,"OBJECTID":1794,"X":-70.6379989367,"Y":-33.4355811161,"COD_MZN":"13101011003002"},"geometry":{"type":"Point","coordinates":[-70.637999,-33.435581,0.0]}},{"type":"Feature","properties":{"OBJECTID_1":1795,"OBJECTID":1795,"X":-70.6379798474,"Y":-33.4355915211,"COD_MZN":"13101011003002"},"geometry":{"type":"Point","coordinates":[-70.63798,-33.435592,0.0]}},{"type":"Feature","properties":{"OBJECTID_1":1796,"OBJECTID":1796,"X":-70.6379702618,"Y":-33.4355887943,"COD_MZN":"13101011003002"},"geometry":{"type":"Point","coordinates":[-70.63797,-33.435589,0.0]}},{"type":"Feature","properties":{"OBJECTID_1":1797,"OBJECTID":1797,"X":-70.6379504454,"Y":-33.4355970319,"COD_MZN":"13101011003002"},"geometry":{"type":"Point","coordinates":[-70.63795,-33.435597,0.0]}},{"type":"Feature","properties":{"OBJECTID_1":1798,"OBJECTID":1798,"X":-70.6379408894,"Y":-33.4355963329,"COD_MZN":"13101011003002"},"geometry":{"type":"Point","coordinates":[-70.637941,-33.435596,0.0]}},{"type":"Feature","properties":{"OBJECTID_1":1799,"OBJECTID":1799,"X":-70.6379210741,"Y":-33.4356045705,"COD_MZN":"13101011003002"},"geometry":{"type":"Point","coordinates":[-70.637921,-33.435605,0.0]}},{"type":"Feature","properties":{"OBJECTID_1":1800,"OBJECTID":1800,"X":-70.6379118945,"Y":-33.4356025562,"COD_MZN":"13101011003002"},"geometry":{"type":"Point","coordinates":[-70.637912,-33.435603,0.0]}},{"type":"Feature","properties":{"OBJECTID_1":1801,"OBJECTID":1801,"X":-70.6378920781,"Y":-33.4356107937,"COD_MZN":"13101011003002"},"geometry":{"type":"Point","coordinates":[-70.637892,-33.435611,0.0]}},{"type":"Feature","properties":{"OBJECTID_1":1802,"OBJECTID":1802,"X":-70.6378842223,"Y":-33.4356089892,"COD_MZN":"13101011003002"},"geometry":{"type":"Point","coordinates":[-70.637884,-33.435609,0.0]}},{"type":"Feature","properties":{"OBJECTID_1":1803,"OBJECTID":1803,"X":-70.6378644059,"Y":-33.4356172268,"COD_MZN":"13101011003002"},"geometry":{"type":"Point","coordinates":[-70.637864,-33.435617,0.0]}},{"type":"Feature","properties":{"OBJECTID_1":1804,"OBJECTID":1804,"X":-70.6378554597,"Y":-33.4356159516,"COD_MZN":"13101011003002"},"geometry":{"type":"Point","coordinates":[-70.637855,-33.435616,0.0]}},{"type":"Feature","properties":{"OBJECTID_1":1805,"OBJECTID":1805,"X":-70.6378356433,"Y":-33.4356241892,"COD_MZN":"13101011003002"},"geometry":{"type":"Point","coordinates":[-70.637836,-33.435624,0.0]}},{"type":"Feature","properties":{"OBJECTID_1":1806,"OBJECTID":1806,"X":-70.6378272489,"Y":-33.4356226335,"COD_MZN":"13101011003002"},"geometry":{"type":"Point","coordinates":[-70.637827,-33.435623,0.0]}},{"type":"Feature","properties":{"OBJECTID_1":1807,"OBJECTID":1807,"X":-70.6378074326,"Y":-33.435630871,"COD_MZN":"13101011003002"},"geometry":{"type":"Point","coordinates":[-70.637807,-33.435631,0.0]}},{"type":"Feature","properties":{"OBJECTID_1":1808,"OBJECTID":1808,"X":-70.6374674756,"Y":-33.4357113158,"COD_MZN":"13101011003002"},"geometry":{"type":"Point","coordinates":[-70.637467,-33.435711,0.0]}},{"type":"Feature","properties":{"OBJECTID_1":1809,"OBJECTID":1809,"X":-70.6374546077,"Y":-33.4357090769,"COD_MZN":"13101011003002"},"geometry":{"type":"Point","coordinates":[-70.637455,-33.435709,0.0]}},{"type":"Feature","properties":{"OBJECTID_1":1810,"OBJECTID":1810,"X":-70.6374359686,"Y":-33.4357190601,"COD_MZN":"13101011003002"},"geometry":{"type":"Point","coordinates":[-70.637436,-33.435719,0.0]}},{"type":"Feature","properties":{"OBJECTID_1":1811,"OBJECTID":1811,"X":-70.6374238811,"Y":-33.4357163916,"COD_MZN":"13101011003002"},"geometry":{"type":"Point","coordinates":[-70.637424,-33.435716,0.0]}},{"type":"Feature","properties":{"OBJECTID_1":1812,"OBJECTID":1812,"X":-70.637405242,"Y":-33.4357263748,"COD_MZN":"13101011003002"},"geometry":{"type":"Point","coordinates":[-70.637405,-33.435726,0.0]}},{"type":"Feature","properties":{"OBJECTID_1":1813,"OBJECTID":1813,"X":-70.6373922621,"Y":-33.4357236108,"COD_MZN":"13101011003002"},"geometry":{"type":"Point","coordinates":[-70.637392,-33.435724,0.0]}},{"type":"Feature","properties":{"OBJECTID_1":1814,"OBJECTID":1814,"X":-70.6373736229,"Y":-33.435733594,"COD_MZN":"13101011003002"},"geometry":{"type":"Point","coordinates":[-70.637374,-33.435734,0.0]}},{"type":"Feature","properties":{"OBJECTID_1":1815,"OBJECTID":1815,"X":-70.6373604095,"Y":-33.4357307681,"COD_MZN":"13101011003002"},"geometry":{"type":"Point","coordinates":[-70.63736,-33.435731,0.0]}},{"type":"Feature","properties":{"OBJECTID_1":1816,"OBJECTID":1816,"X":-70.6373417703,"Y":-33.4357407513,"COD_MZN":"13101011003002"},"geometry":{"type":"Point","coordinates":[-70.637342,-33.435741,0.0]}},{"type":"Feature","properties":{"OBJECTID_1":1817,"OBJECTID":1817,"X":-70.6373304635,"Y":-33.435737838,"COD_MZN":"13101011003002"},"geometry":{"type":"Point","coordinates":[-70.63733,-33.435738,0.0]}},{"type":"Feature","properties":{"OBJECTID_1":1818,"OBJECTID":1818,"X":-70.6373118243,"Y":-33.435747822,"COD_MZN":"13101011003002"},"geometry":{"type":"Point","coordinates":[-70.637312,-33.435748,0.0]}},{"type":"Feature","properties":{"OBJECTID_1":1819,"OBJECTID":1819,"X":-70.6373000079,"Y":-33.4357455549,"COD_MZN":"13101011003002"},"geometry":{"type":"Point","coordinates":[-70.6373,-33.435746,0.0]}},{"type":"Feature","properties":{"OBJECTID_1":1820,"OBJECTID":1820,"X":-70.6372813687,"Y":-33.435755538,"COD_MZN":"13101011003002"},"geometry":{"type":"Point","coordinates":[-70.637281,-33.435756,0.0]}},{"type":"Feature","properties":{"OBJECTID_1":1821,"OBJECTID":1821,"X":-70.637270206,"Y":-33.4357521647,"COD_MZN":"13101011003002"},"geometry":{"type":"Point","coordinates":[-70.63727,-33.435752,0.0]}},{"type":"Feature","properties":{"OBJECTID_1":1822,"OBJECTID":1822,"X":-70.6372515668,"Y":-33.4357621488,"COD_MZN":"13101011003002"},"geometry":{"type":"Point","coordinates":[-70.637252,-33.435762,0.0]}},{"type":"Feature","properties":{"OBJECTID_1":1823,"OBJECTID":1823,"X":-70.6372398786,"Y":-33.4357589204,"COD_MZN":"13101011003002"},"geometry":{"type":"Point","coordinates":[-70.63724,-33.435759,0.0]}},{"type":"Feature","properties":{"OBJECTID_1":1824,"OBJECTID":1824,"X":-70.6372212394,"Y":-33.4357689035,"COD_MZN":"13101011003002"},"geometry":{"type":"Point","coordinates":[-70.637221,-33.435769,0.0]}},{"type":"Feature","properties":{"OBJECTID_1":1825,"OBJECTID":1825,"X":-70.6372094119,"Y":-33.4357664435,"COD_MZN":"13101011003002"},"geometry":{"type":"Point","coordinates":[-70.637209,-33.435766,0.0]}},{"type":"Feature","properties":{"OBJECTID_1":1826,"OBJECTID":1826,"X":-70.6371907727,"Y":-33.4357764276,"COD_MZN":"13101011003002"},"geometry":{"type":"Point","coordinates":[-70.637191,-33.435776,0.0]}},{"type":"Feature","properties":{"OBJECTID_1":1827,"OBJECTID":1827,"X":-70.6371787834,"Y":-33.4357737767,"COD_MZN":"13101011003002"},"geometry":{"type":"Point","coordinates":[-70.637179,-33.435774,0.0]}},{"type":"Feature","properties":{"OBJECTID_1":1828,"OBJECTID":1828,"X":-70.6371601442,"Y":-33.4357837598,"COD_MZN":"13101011003002"},"geometry":{"type":"Point","coordinates":[-70.63716,-33.435784,0.0]}},{"type":"Feature","properties":{"OBJECTID_1":1829,"OBJECTID":1829,"X":-70.6371480652,"Y":-33.4357807999,"COD_MZN":"13101011003002"},"geometry":{"type":"Point","coordinates":[-70.637148,-33.435781,0.0]}},{"type":"Feature","properties":{"OBJECTID_1":1830,"OBJECTID":1830,"X":-70.6371294261,"Y":-33.4357907839,"COD_MZN":"13101011003002"},"geometry":{"type":"Point","coordinates":[-70.637129,-33.435791,0.0]}},{"type":"Feature","properties":{"OBJECTID_1":1831,"OBJECTID":1831,"X":-70.6371173742,"Y":-33.4357880671,"COD_MZN":"13101011003002"},"geometry":{"type":"Point","coordinates":[-70.637117,-33.435788,0.0]}},{"type":"Feature","properties":{"OBJECTID_1":1832,"OBJECTID":1832,"X":-70.6370987361,"Y":-33.4357980512,"COD_MZN":"13101011003002"},"geometry":{"type":"Point","coordinates":[-70.637099,-33.435798,0.0]}},{"type":"Feature","properties":{"OBJECTID_1":1833,"OBJECTID":1833,"X":-70.6370865945,"Y":-33.4357955926,"COD_MZN":"13101011003002"},"geometry":{"type":"Point","coordinates":[-70.637087,-33.435796,0.0]}},{"type":"Feature","properties":{"OBJECTID_1":1834,"OBJECTID":1834,"X":-70.6370679553,"Y":-33.4358055757,"COD_MZN":"13101011003002"},"geometry":{"type":"Point","coordinates":[-70.637068,-33.435806,0.0]}},{"type":"Feature","properties":{"OBJECTID_1":1835,"OBJECTID":1835,"X":-70.6370537692,"Y":-33.4358035932,"COD_MZN":"13101011003002"},"geometry":{"type":"Point","coordinates":[-70.637054,-33.435804,0.0]}},{"type":"Feature","properties":{"OBJECTID_1":1836,"OBJECTID":1836,"X":-70.6370351311,"Y":-33.4358135772,"COD_MZN":"13101011003002"},"geometry":{"type":"Point","coordinates":[-70.637035,-33.435814,0.0]}},{"type":"Feature","properties":{"OBJECTID_1":1837,"OBJECTID":1837,"X":-70.6366940396,"Y":-33.4358866102,"COD_MZN":"13101011003002"},"geometry":{"type":"Point","coordinates":[-70.636694,-33.435887,0.0]}},{"type":"Feature","properties":{"OBJECTID_1":1838,"OBJECTID":1838,"X":-70.6366754003,"Y":-33.4358965941,"COD_MZN":"13101011003002"},"geometry":{"type":"Point","coordinates":[-70.636675,-33.435897,0.0]}},{"type":"Feature","properties":{"OBJECTID_1":1839,"OBJECTID":1839,"X":-70.6366637322,"Y":-33.4358939732,"COD_MZN":"13101011003002"},"geometry":{"type":"Point","coordinates":[-70.636664,-33.435894,0.0]}},{"type":"Feature","properties":{"OBJECTID_1":1840,"OBJECTID":1840,"X":-70.6366450929,"Y":-33.4359039572,"COD_MZN":"13101011003002"},"geometry":{"type":"Point","coordinates":[-70.636645,-33.435904,0.0]}},{"type":"Feature","properties":{"OBJECTID_1":1841,"OBJECTID":1841,"X":-70.6366339926,"Y":-33.4359007598,"COD_MZN":"13101011003002"},"geometry":{"type":"Point","coordinates":[-70.636634,-33.435901,0.0]}},{"type":"Feature","properties":{"OBJECTID_1":1842,"OBJECTID":1842,"X":-70.6366153533,"Y":-33.4359107428,"COD_MZN":"13101011003002"},"geometry":{"type":"Point","coordinates":[-70.636615,-33.435911,0.0]}},{"type":"Feature","properties":{"OBJECTID_1":1843,"OBJECTID":1843,"X":-70.636603889,"Y":-33.4359076359,"COD_MZN":"13101011003002"},"geometry":{"type":"Point","coordinates":[-70.636604,-33.435908,0.0]}},{"type":"Feature","properties":{"OBJECTID_1":1844,"OBJECTID":1844,"X":-70.6365852497,"Y":-33.4359176189,"COD_MZN":"13101011003002"},"geometry":{"type":"Point","coordinates":[-70.636585,-33.435918,0.0]}},{"type":"Feature","properties":{"OBJECTID_1":1845,"OBJECTID":1845,"X":-70.6365743988,"Y":-33.4359151045,"COD_MZN":"13101011003002"},"geometry":{"type":"Point","coordinates":[-70.636574,-33.435915,0.0]}},{"type":"Feature","properties":{"OBJECTID_1":1846,"OBJECTID":1846,"X":-70.6365557595,"Y":-33.4359250875,"COD_MZN":"13101011003002"},"geometry":{"type":"Point","coordinates":[-70.636556,-33.435925,0.0]}},{"type":"Feature","properties":{"OBJECTID_1":1847,"OBJECTID":1847,"X":-70.6365442179,"Y":-33.4359219293,"COD_MZN":"13101011003002"},"geometry":{"type":"Point","coordinates":[-70.636544,-33.435922,0.0]}},{"type":"Feature","properties":{"OBJECTID_1":1848,"OBJECTID":1848,"X":-70.6365255786,"Y":-33.4359319132,"COD_MZN":"13101011003002"},"geometry":{"type":"Point","coordinates":[-70.636526,-33.435932,0.0]}},{"type":"Feature","properties":{"OBJECTID_1":1849,"OBJECTID":1849,"X":-70.6365144773,"Y":-33.4359283758,"COD_MZN":"13101011003002"},"geometry":{"type":"Point","coordinates":[-70.636514,-33.435928,0.0]}},{"type":"Feature","properties":{"OBJECTID_1":1850,"OBJECTID":1850,"X":-70.636495839,"Y":-33.4359383588,"COD_MZN":"13101011003002"},"geometry":{"type":"Point","coordinates":[-70.636496,-33.435938,0.0]}},{"type":"Feature","properties":{"OBJECTID_1":1851,"OBJECTID":1851,"X":-70.6364839499,"Y":-33.4359355974,"COD_MZN":"13101011003002"},"geometry":{"type":"Point","coordinates":[-70.636484,-33.435936,0.0]}},{"type":"Feature","properties":{"OBJECTID_1":1852,"OBJECTID":1852,"X":-70.6364653106,"Y":-33.4359455805,"COD_MZN":"13101011003002"},"geometry":{"type":"Point","coordinates":[-70.636465,-33.435946,0.0]}},{"type":"Feature","properties":{"OBJECTID_1":1853,"OBJECTID":1853,"X":-70.6364530418,"Y":-33.4359429927,"COD_MZN":"13101011003002"},"geometry":{"type":"Point","coordinates":[-70.636453,-33.435943,0.0]}},{"type":"Feature","properties":{"OBJECTID_1":1854,"OBJECTID":1854,"X":-70.6364344024,"Y":-33.4359529767,"COD_MZN":"13101011003002"},"geometry":{"type":"Point","coordinates":[-70.636434,-33.435953,0.0]}},{"type":"Feature","properties":{"OBJECTID_1":1855,"OBJECTID":1855,"X":-70.6364223984,"Y":-33.4359501104,"COD_MZN":"13101011003002"},"geometry":{"type":"Point","coordinates":[-70.636422,-33.43595,0.0]}},{"type":"Feature","properties":{"OBJECTID_1":1856,"OBJECTID":1856,"X":-70.636403759,"Y":-33.4359600934,"COD_MZN":"13101011003002"},"geometry":{"type":"Point","coordinates":[-70.636404,-33.43596,0.0]}},{"type":"Feature","properties":{"OBJECTID_1":1857,"OBJECTID":1857,"X":-70.6363920854,"Y":-33.4359568927,"COD_MZN":"13101011003002"},"geometry":{"type":"Point","coordinates":[-70.636392,-33.435957,0.0]}},{"type":"Feature","properties":{"OBJECTID_1":1858,"OBJECTID":1858,"X":-70.6363734461,"Y":-33.4359668766,"COD_MZN":"13101011003002"},"geometry":{"type":"Point","coordinates":[-70.636373,-33.435967,0.0]}},{"type":"Feature","properties":{"OBJECTID_1":1859,"OBJECTID":1859,"X":-70.6363618737,"Y":-33.4359642598,"COD_MZN":"13101011003002"},"geometry":{"type":"Point","coordinates":[-70.636362,-33.435964,0.0]}},{"type":"Feature","properties":{"OBJECTID_1":1860,"OBJECTID":1860,"X":-70.6363432344,"Y":-33.4359742429,"COD_MZN":"13101011003002"},"geometry":{"type":"Point","coordinates":[-70.636343,-33.435974,0.0]}},{"type":"Feature","properties":{"OBJECTID_1":1861,"OBJECTID":1861,"X":-70.6363320271,"Y":-33.4359709034,"COD_MZN":"13101011003002"},"geometry":{"type":"Point","coordinates":[-70.636332,-33.435971,0.0]}},{"type":"Feature","properties":{"OBJECTID_1":1862,"OBJECTID":1862,"X":-70.6363133877,"Y":-33.4359808873,"COD_MZN":"13101011003002"},"geometry":{"type":"Point","coordinates":[-70.636313,-33.435981,0.0]}},{"type":"Feature","properties":{"OBJECTID_1":1863,"OBJECTID":1863,"X":-70.6363018935,"Y":-33.4359781379,"COD_MZN":"13101011003002"},"geometry":{"type":"Point","coordinates":[-70.636302,-33.435978,0.0]}},{"type":"Feature","properties":{"OBJECTID_1":1864,"OBJECTID":1864,"X":-70.6362832542,"Y":-33.4359881218,"COD_MZN":"13101011003002"},"geometry":{"type":"Point","coordinates":[-70.636283,-33.435988,0.0]}},{"type":"Feature","properties":{"OBJECTID_1":1865,"OBJECTID":1865,"X":-70.6362712833,"Y":-33.4359856473,"COD_MZN":"13101011003002"},"geometry":{"type":"Point","coordinates":[-70.636271,-33.435986,0.0]}},{"type":"Feature","properties":{"OBJECTID_1":1866,"OBJECTID":1866,"X":-70.636252644,"Y":-33.4359956304,"COD_MZN":"13101011003002"},"geometry":{"type":"Point","coordinates":[-70.636253,-33.435996,0.0]}},{"type":"Feature","properties":{"OBJECTID_1":1867,"OBJECTID":1867,"X":-70.6362412068,"Y":-33.4359928242,"COD_MZN":"13101011003002"},"geometry":{"type":"Point","coordinates":[-70.636241,-33.435993,0.0]}},{"type":"Feature","properties":{"OBJECTID_1":1868,"OBJECTID":1868,"X":-70.6362225675,"Y":-33.4360028081,"COD_MZN":"13101011003002"},"geometry":{"type":"Point","coordinates":[-70.636223,-33.436003,0.0]}},{"type":"Feature","properties":{"OBJECTID_1":1869,"OBJECTID":1869,"X":-70.636210191,"Y":-33.4359998141,"COD_MZN":"13101011003002"},"geometry":{"type":"Point","coordinates":[-70.63621,-33.436,0.0]}},{"type":"Feature","properties":{"OBJECTID_1":1870,"OBJECTID":1870,"X":-70.6361915516,"Y":-33.436009798,"COD_MZN":"13101011003002"},"geometry":{"type":"Point","coordinates":[-70.636192,-33.43601,0.0]}},{"type":"Feature","properties":{"OBJECTID_1":1871,"OBJECTID":1871,"X":-70.6361803563,"Y":-33.436006582,"COD_MZN":"13101011003002"},"geometry":{"type":"Point","coordinates":[-70.63618,-33.436007,0.0]}},{"type":"Feature","properties":{"OBJECTID_1":1872,"OBJECTID":1872,"X":-70.636161717,"Y":-33.436016565,"COD_MZN":"13101011003002"},"geometry":{"type":"Point","coordinates":[-70.636162,-33.436017,0.0]}},{"type":"Feature","properties":{"OBJECTID_1":1873,"OBJECTID":1873,"X":-70.6361505261,"Y":-33.4360138169,"COD_MZN":"13101011003002"},"geometry":{"type":"Point","coordinates":[-70.636151,-33.436014,0.0]}},{"type":"Feature","properties":{"OBJECTID_1":1874,"OBJECTID":1874,"X":-70.6361318868,"Y":-33.4360237999,"COD_MZN":"13101011003002"},"geometry":{"type":"Point","coordinates":[-70.636132,-33.436024,0.0]}},{"type":"Feature","properties":{"OBJECTID_1":1875,"OBJECTID":1875,"X":-70.6361198263,"Y":-33.436020735,"COD_MZN":"13101011003002"},"geometry":{"type":"Point","coordinates":[-70.63612,-33.436021,0.0]}},{"type":"Feature","properties":{"OBJECTID_1":1876,"OBJECTID":1876,"X":-70.6361011869,"Y":-33.436030718,"COD_MZN":"13101011003002"},"geometry":{"type":"Point","coordinates":[-70.636101,-33.436031,0.0]}},{"type":"Feature","properties":{"OBJECTID_1":1877,"OBJECTID":1877,"X":-70.6360897585,"Y":-33.4360275753,"COD_MZN":"13101011003002"},"geometry":{"type":"Point","coordinates":[-70.63609,-33.436028,0.0]}},{"type":"Feature","properties":{"OBJECTID_1":1878,"OBJECTID":1878,"X":-70.6360711191,"Y":-33.4360375592,"COD_MZN":"13101011003002"},"geometry":{"type":"Point","coordinates":[-70.636071,-33.436038,0.0]}},{"type":"Feature","properties":{"OBJECTID_1":1879,"OBJECTID":1879,"X":-70.6360590663,"Y":-33.4360350795,"COD_MZN":"13101011003002"},"geometry":{"type":"Point","coordinates":[-70.636059,-33.436035,0.0]}},{"type":"Feature","properties":{"OBJECTID_1":1880,"OBJECTID":1880,"X":-70.636040427,"Y":-33.4360450634,"COD_MZN":"13101011003002"},"geometry":{"type":"Point","coordinates":[-70.63604,-33.436045,0.0]}},{"type":"Feature","properties":{"OBJECTID_1":1881,"OBJECTID":1881,"X":-70.636029148,"Y":-33.4360418601,"COD_MZN":"13101011003002"},"geometry":{"type":"Point","coordinates":[-70.636029,-33.436042,0.0]}},{"type":"Feature","properties":{"OBJECTID_1":1882,"OBJECTID":1882,"X":-70.6360105086,"Y":-33.436051844,"COD_MZN":"13101011003002"},"geometry":{"type":"Point","coordinates":[-70.636011,-33.436052,0.0]}},{"type":"Feature","properties":{"OBJECTID_1":1883,"OBJECTID":1883,"X":-70.6359989366,"Y":-33.4360493579,"COD_MZN":"13101011003002"},"geometry":{"type":"Point","coordinates":[-70.635999,-33.436049,0.0]}},{"type":"Feature","properties":{"OBJECTID_1":1884,"OBJECTID":1884,"X":-70.6359802972,"Y":-33.4360593409,"COD_MZN":"13101011003002"},"geometry":{"type":"Point","coordinates":[-70.63598,-33.436059,0.0]}},{"type":"Feature","properties":{"OBJECTID_1":1885,"OBJECTID":1885,"X":-70.638445696,"Y":-33.436458245,"COD_MZN":"13101011003003"},"geometry":{"type":"Point","coordinates":[-70.638446,-33.436458,0.0]}},{"type":"Feature","properties":{"OBJECTID_1":1886,"OBJECTID":1886,"X":-70.6384372724,"Y":-33.4364691007,"COD_MZN":"13101011003003"},"geometry":{"type":"Point","coordinates":[-70.638437,-33.436469,0.0]}},{"type":"Feature","properties":{"OBJECTID_1":1887,"OBJECTID":1887,"X":-70.6384756448,"Y":-33.4364754611,"COD_MZN":"13101011003003"},"geometry":{"type":"Point","coordinates":[-70.638476,-33.436475,0.0]}},{"type":"Feature","properties":{"OBJECTID_1":1888,"OBJECTID":1888,"X":-70.638470996,"Y":-33.436469115,"COD_MZN":"13101011003003"},"geometry":{"type":"Point","coordinates":[-70.638471,-33.436469,0.0]}},{"type":"Feature","properties":{"OBJECTID_1":1889,"OBJECTID":1889,"X":-70.6384254377,"Y":-33.4364055032,"COD_MZN":"13101011003003"},"geometry":{"type":"Point","coordinates":[-70.638425,-33.436406,0.0]}},{"type":"Feature","properties":{"OBJECTID_1":1890,"OBJECTID":1890,"X":-70.6384298666,"Y":-33.4363895058,"COD_MZN":"13101011003003"},"geometry":{"type":"Point","coordinates":[-70.63843,-33.43639,0.0]}},{"type":"Feature","properties":{"OBJECTID_1":1891,"OBJECTID":1891,"X":-70.6384210107,"Y":-33.4363902424,"COD_MZN":"13101011003003"},"geometry":{"type":"Point","coordinates":[-70.638421,-33.43639,0.0]}},{"type":"Feature","properties":{"OBJECTID_1":1892,"OBJECTID":1892,"X":-70.640001376,"Y":-33.4367880994,"COD_MZN":"13101011001006"},"geometry":{"type":"Point","coordinates":[-70.640001,-33.436788,0.0]}},{"type":"Feature","properties":{"OBJECTID_1":1893,"OBJECTID":1893,"X":-70.6400046723,"Y":-33.4367805273,"COD_MZN":"13101011001006"},"geometry":{"type":"Point","coordinates":[-70.640005,-33.436781,0.0]}},{"type":"Feature","properties":{"OBJECTID_1":1894,"OBJECTID":1894,"X":-70.6422989236,"Y":-33.4346647352,"COD_MZN":"13101011001005"},"geometry":{"type":"Point","coordinates":[-70.642299,-33.434665,0.0]}},{"type":"Feature","properties":{"OBJECTID_1":1895,"OBJECTID":1895,"X":-70.6423089277,"Y":-33.4346668952,"COD_MZN":"13101011001005"},"geometry":{"type":"Point","coordinates":[-70.642309,-33.434667,0.0]}},{"type":"Feature","properties":{"OBJECTID_1":1896,"OBJECTID":1896,"X":-70.6421257012,"Y":-33.4347057702,"COD_MZN":"13101011001005"},"geometry":{"type":"Point","coordinates":[-70.642126,-33.434706,0.0]}},{"type":"Feature","properties":{"OBJECTID_1":1897,"OBJECTID":1897,"X":-70.6421357053,"Y":-33.4347079292,"COD_MZN":"13101011001005"},"geometry":{"type":"Point","coordinates":[-70.642136,-33.434708,0.0]}},{"type":"Feature","properties":{"OBJECTID_1":1898,"OBJECTID":1898,"X":-70.6420935205,"Y":-33.4347122522,"COD_MZN":"13101011001005"},"geometry":{"type":"Point","coordinates":[-70.642094,-33.434712,0.0]}},{"type":"Feature","properties":{"OBJECTID_1":1899,"OBJECTID":1899,"X":-70.6421035246,"Y":-33.4347144112,"COD_MZN":"13101011001005"},"geometry":{"type":"Point","coordinates":[-70.642104,-33.434714,0.0]}},{"type":"Feature","properties":{"OBJECTID_1":1900,"OBJECTID":1900,"X":-70.6419334861,"Y":-33.4347500361,"COD_MZN":"13101011001005"},"geometry":{"type":"Point","coordinates":[-70.641933,-33.43475,0.0]}},{"type":"Feature","properties":{"OBJECTID_1":1901,"OBJECTID":1901,"X":-70.6419434902,"Y":-33.434752196,"COD_MZN":"13101011001005"},"geometry":{"type":"Point","coordinates":[-70.641943,-33.434752,0.0]}},{"type":"Feature","properties":{"OBJECTID_1":1902,"OBJECTID":1902,"X":-70.6418010305,"Y":-33.4347812699,"COD_MZN":"13101011001005"},"geometry":{"type":"Point","coordinates":[-70.641801,-33.434781,0.0]}},{"type":"Feature","properties":{"OBJECTID_1":1903,"OBJECTID":1903,"X":-70.6418110336,"Y":-33.4347834299,"COD_MZN":"13101011001005"},"geometry":{"type":"Point","coordinates":[-70.641811,-33.434783,0.0]}},{"type":"Feature","properties":{"OBJECTID_1":1904,"OBJECTID":1904,"X":-70.6417711297,"Y":-33.4347883573,"COD_MZN":"13101011001005"},"geometry":{"type":"Point","coordinates":[-70.641771,-33.434788,0.0]}},{"type":"Feature","properties":{"OBJECTID_1":1905,"OBJECTID":1905,"X":-70.6417811327,"Y":-33.4347905164,"COD_MZN":"13101011001005"},"geometry":{"type":"Point","coordinates":[-70.641781,-33.434791,0.0]}},{"type":"Feature","properties":{"OBJECTID_1":1906,"OBJECTID":1906,"X":-70.6417508572,"Y":-33.4347975881,"COD_MZN":"13101011001005"},"geometry":{"type":"Point","coordinates":[-70.641751,-33.434798,0.0]}},{"type":"Feature","properties":{"OBJECTID_1":1907,"OBJECTID":1907,"X":-70.6417107749,"Y":-33.4348023547,"COD_MZN":"13101011001005"},"geometry":{"type":"Point","coordinates":[-70.641711,-33.434802,0.0]}},{"type":"Feature","properties":{"OBJECTID_1":1908,"OBJECTID":1908,"X":-70.6417207779,"Y":-33.4348045138,"COD_MZN":"13101011001005"},"geometry":{"type":"Point","coordinates":[-70.641721,-33.434805,0.0]}},{"type":"Feature","properties":{"OBJECTID_1":1909,"OBJECTID":1909,"X":-70.6415037612,"Y":-33.4348505765,"COD_MZN":"13101011001005"},"geometry":{"type":"Point","coordinates":[-70.641504,-33.434851,0.0]}},{"type":"Feature","properties":{"OBJECTID_1":1910,"OBJECTID":1910,"X":-70.6415137653,"Y":-33.4348527356,"COD_MZN":"13101011001005"},"geometry":{"type":"Point","coordinates":[-70.641514,-33.434853,0.0]}},{"type":"Feature","properties":{"OBJECTID_1":1911,"OBJECTID":1911,"X":-70.6414734589,"Y":-33.4348573112,"COD_MZN":"13101011001005"},"geometry":{"type":"Point","coordinates":[-70.641473,-33.434857,0.0]}},{"type":"Feature","properties":{"OBJECTID_1":1912,"OBJECTID":1912,"X":-70.641483463,"Y":-33.4348594703,"COD_MZN":"13101011001005"},"geometry":{"type":"Point","coordinates":[-70.641483,-33.434859,0.0]}},{"type":"Feature","properties":{"OBJECTID_1":1913,"OBJECTID":1913,"X":-70.6414427165,"Y":-33.4348643277,"COD_MZN":"13101011001005"},"geometry":{"type":"Point","coordinates":[-70.641443,-33.434864,0.0]}},{"type":"Feature","properties":{"OBJECTID_1":1914,"OBJECTID":1914,"X":-70.6414527196,"Y":-33.4348664868,"COD_MZN":"13101011001005"},"geometry":{"type":"Point","coordinates":[-70.641453,-33.434866,0.0]}},{"type":"Feature","properties":{"OBJECTID_1":1915,"OBJECTID":1915,"X":-70.6414129463,"Y":-33.4348715613,"COD_MZN":"13101011001005"},"geometry":{"type":"Point","coordinates":[-70.641413,-33.434872,0.0]}},{"type":"Feature","properties":{"OBJECTID_1":1916,"OBJECTID":1916,"X":-70.6414229505,"Y":-33.4348737213,"COD_MZN":"13101011001005"},"geometry":{"type":"Point","coordinates":[-70.641423,-33.434874,0.0]}},{"type":"Feature","properties":{"OBJECTID_1":1917,"OBJECTID":1917,"X":-70.6413861709,"Y":-33.4348781798,"COD_MZN":"13101011001005"},"geometry":{"type":"Point","coordinates":[-70.641386,-33.434878,0.0]}},{"type":"Feature","properties":{"OBJECTID_1":1918,"OBJECTID":1918,"X":-70.641396175,"Y":-33.4348803389,"COD_MZN":"13101011001005"},"geometry":{"type":"Point","coordinates":[-70.641396,-33.43488,0.0]}},{"type":"Feature","properties":{"OBJECTID_1":1919,"OBJECTID":1919,"X":-70.6412980469,"Y":-33.4348980079,"COD_MZN":"13101011001005"},"geometry":{"type":"Point","coordinates":[-70.641298,-33.434898,0.0]}},{"type":"Feature","properties":{"OBJECTID_1":1920,"OBJECTID":1920,"X":-70.641308051,"Y":-33.434900167,"COD_MZN":"13101011001005"},"geometry":{"type":"Point","coordinates":[-70.641308,-33.4349,0.0]}},{"type":"Feature","properties":{"OBJECTID_1":1921,"OBJECTID":1921,"X":-70.6412671726,"Y":-33.4349056177,"COD_MZN":"13101011001005"},"geometry":{"type":"Point","coordinates":[-70.641267,-33.434906,0.0]}},{"type":"Feature","properties":{"OBJECTID_1":1922,"OBJECTID":1922,"X":-70.6412771767,"Y":-33.4349077777,"COD_MZN":"13101011001005"},"geometry":{"type":"Point","coordinates":[-70.641277,-33.434908,0.0]}},{"type":"Feature","properties":{"OBJECTID_1":1923,"OBJECTID":1923,"X":-70.6412352853,"Y":-33.4349126096,"COD_MZN":"13101011001005"},"geometry":{"type":"Point","coordinates":[-70.641235,-33.434913,0.0]}},{"type":"Feature","properties":{"OBJECTID_1":1924,"OBJECTID":1924,"X":-70.6412452883,"Y":-33.4349147687,"COD_MZN":"13101011001005"},"geometry":{"type":"Point","coordinates":[-70.641245,-33.434915,0.0]}},{"type":"Feature","properties":{"OBJECTID_1":1925,"OBJECTID":1925,"X":-70.6412058502,"Y":-33.4349190198,"COD_MZN":"13101011001005"},"geometry":{"type":"Point","coordinates":[-70.641206,-33.434919,0.0]}},{"type":"Feature","properties":{"OBJECTID_1":1926,"OBJECTID":1926,"X":-70.6412158533,"Y":-33.4349211798,"COD_MZN":"13101011001005"},"geometry":{"type":"Point","coordinates":[-70.641216,-33.434921,0.0]}},{"type":"Feature","properties":{"OBJECTID_1":1927,"OBJECTID":1927,"X":-70.6411750328,"Y":-33.4349269039,"COD_MZN":"13101011001005"},"geometry":{"type":"Point","coordinates":[-70.641175,-33.434927,0.0]}},{"type":"Feature","properties":{"OBJECTID_1":1928,"OBJECTID":1928,"X":-70.6411850368,"Y":-33.434929063,"COD_MZN":"13101011001005"},"geometry":{"type":"Point","coordinates":[-70.641185,-33.434929,0.0]}},{"type":"Feature","properties":{"OBJECTID_1":1929,"OBJECTID":1929,"X":-70.6411438716,"Y":-33.4349342423,"COD_MZN":"13101011001005"},"geometry":{"type":"Point","coordinates":[-70.641144,-33.434934,0.0]}},{"type":"Feature","properties":{"OBJECTID_1":1930,"OBJECTID":1930,"X":-70.6411538757,"Y":-33.4349364024,"COD_MZN":"13101011001005"},"geometry":{"type":"Point","coordinates":[-70.641154,-33.434936,0.0]}},{"type":"Feature","properties":{"OBJECTID_1":1931,"OBJECTID":1931,"X":-70.6411100759,"Y":-33.4349419674,"COD_MZN":"13101011001005"},"geometry":{"type":"Point","coordinates":[-70.64111,-33.434942,0.0]}},{"type":"Feature","properties":{"OBJECTID_1":1932,"OBJECTID":1932,"X":-70.6411200789,"Y":-33.4349441275,"COD_MZN":"13101011001005"},"geometry":{"type":"Point","coordinates":[-70.64112,-33.434944,0.0]}},{"type":"Feature","properties":{"OBJECTID_1":1933,"OBJECTID":1933,"X":-70.6410802366,"Y":-33.4349489601,"COD_MZN":"13101011001005"},"geometry":{"type":"Point","coordinates":[-70.64108,-33.434949,0.0]}},{"type":"Feature","properties":{"OBJECTID_1":1934,"OBJECTID":1934,"X":-70.6410902396,"Y":-33.4349511193,"COD_MZN":"13101011001005"},"geometry":{"type":"Point","coordinates":[-70.64109,-33.434951,0.0]}},{"type":"Feature","properties":{"OBJECTID_1":1935,"OBJECTID":1935,"X":-70.6409884011,"Y":-33.4349704766,"COD_MZN":"13101011001005"},"geometry":{"type":"Point","coordinates":[-70.640988,-33.43497,0.0]}},{"type":"Feature","properties":{"OBJECTID_1":1936,"OBJECTID":1936,"X":-70.6409984051,"Y":-33.4349726358,"COD_MZN":"13101011001005"},"geometry":{"type":"Point","coordinates":[-70.640998,-33.434973,0.0]}},{"type":"Feature","properties":{"OBJECTID_1":1937,"OBJECTID":1937,"X":-70.6409597709,"Y":-33.4349770222,"COD_MZN":"13101011001005"},"geometry":{"type":"Point","coordinates":[-70.64096,-33.434977,0.0]}},{"type":"Feature","properties":{"OBJECTID_1":1938,"OBJECTID":1938,"X":-70.640969775,"Y":-33.4349791814,"COD_MZN":"13101011001005"},"geometry":{"type":"Point","coordinates":[-70.64097,-33.434979,0.0]}},{"type":"Feature","properties":{"OBJECTID_1":1939,"OBJECTID":1939,"X":-70.6409310004,"Y":-33.4349840567,"COD_MZN":"13101011001005"},"geometry":{"type":"Point","coordinates":[-70.640931,-33.434984,0.0]}},{"type":"Feature","properties":{"OBJECTID_1":1940,"OBJECTID":1940,"X":-70.6409410034,"Y":-33.4349862158,"COD_MZN":"13101011001005"},"geometry":{"type":"Point","coordinates":[-70.640941,-33.434986,0.0]}},{"type":"Feature","properties":{"OBJECTID_1":1941,"OBJECTID":1941,"X":-70.6408994496,"Y":-33.4349918431,"COD_MZN":"13101011001005"},"geometry":{"type":"Point","coordinates":[-70.640899,-33.434992,0.0]}},{"type":"Feature","properties":{"OBJECTID_1":1942,"OBJECTID":1942,"X":-70.6409094526,"Y":-33.4349940022,"COD_MZN":"13101011001005"},"geometry":{"type":"Point","coordinates":[-70.640909,-33.434994,0.0]}},{"type":"Feature","properties":{"OBJECTID_1":1943,"OBJECTID":1943,"X":-70.6408690386,"Y":-33.4349982409,"COD_MZN":"13101011001005"},"geometry":{"type":"Point","coordinates":[-70.640869,-33.434998,0.0]}},{"type":"Feature","properties":{"OBJECTID_1":1944,"OBJECTID":1944,"X":-70.6408790427,"Y":-33.4350004,"COD_MZN":"13101011001005"},"geometry":{"type":"Point","coordinates":[-70.640879,-33.435,0.0]}},{"type":"Feature","properties":{"OBJECTID_1":1945,"OBJECTID":1945,"X":-70.6408402103,"Y":-33.4350054023,"COD_MZN":"13101011001005"},"geometry":{"type":"Point","coordinates":[-70.64084,-33.435005,0.0]}},{"type":"Feature","properties":{"OBJECTID_1":1946,"OBJECTID":1946,"X":-70.6408502133,"Y":-33.4350075615,"COD_MZN":"13101011001005"},"geometry":{"type":"Point","coordinates":[-70.64085,-33.435008,0.0]}},{"type":"Feature","properties":{"OBJECTID_1":1947,"OBJECTID":1947,"X":-70.6408097059,"Y":-33.4350116913,"COD_MZN":"13101011001005"},"geometry":{"type":"Point","coordinates":[-70.64081,-33.435012,0.0]}},{"type":"Feature","properties":{"OBJECTID_1":1948,"OBJECTID":1948,"X":-70.6408197089,"Y":-33.4350138505,"COD_MZN":"13101011001005"},"geometry":{"type":"Point","coordinates":[-70.64082,-33.435014,0.0]}},{"type":"Feature","properties":{"OBJECTID_1":1949,"OBJECTID":1949,"X":-70.6407428712,"Y":-33.4350271718,"COD_MZN":"13101011001005"},"geometry":{"type":"Point","coordinates":[-70.640743,-33.435027,0.0]}},{"type":"Feature","properties":{"OBJECTID_1":1950,"OBJECTID":1950,"X":-70.6407528742,"Y":-33.435029331,"COD_MZN":"13101011001005"},"geometry":{"type":"Point","coordinates":[-70.640753,-33.435029,0.0]}},{"type":"Feature","properties":{"OBJECTID_1":1951,"OBJECTID":1951,"X":-70.6407140153,"Y":-33.4350346438,"COD_MZN":"13101011001005"},"geometry":{"type":"Point","coordinates":[-70.640714,-33.435035,0.0]}},{"type":"Feature","properties":{"OBJECTID_1":1952,"OBJECTID":1952,"X":-70.6407240183,"Y":-33.435036803,"COD_MZN":"13101011001005"},"geometry":{"type":"Point","coordinates":[-70.640724,-33.435037,0.0]}},{"type":"Feature","properties":{"OBJECTID_1":1953,"OBJECTID":1953,"X":-70.6406838574,"Y":-33.4350416317,"COD_MZN":"13101011001005"},"geometry":{"type":"Point","coordinates":[-70.640684,-33.435042,0.0]}},{"type":"Feature","properties":{"OBJECTID_1":1954,"OBJECTID":1954,"X":-70.6406938605,"Y":-33.4350437917,"COD_MZN":"13101011001005"},"geometry":{"type":"Point","coordinates":[-70.640694,-33.435044,0.0]}},{"type":"Feature","properties":{"OBJECTID_1":1955,"OBJECTID":1955,"X":-70.6406255877,"Y":-33.4350548741,"COD_MZN":"13101011001005"},"geometry":{"type":"Point","coordinates":[-70.640626,-33.435055,0.0]}},{"type":"Feature","properties":{"OBJECTID_1":1956,"OBJECTID":1956,"X":-70.6406355907,"Y":-33.4350570342,"COD_MZN":"13101011001005"},"geometry":{"type":"Point","coordinates":[-70.640636,-33.435057,0.0]}},{"type":"Feature","properties":{"OBJECTID_1":1957,"OBJECTID":1957,"X":-70.6405969816,"Y":-33.4350617313,"COD_MZN":"13101011001005"},"geometry":{"type":"Point","coordinates":[-70.640597,-33.435062,0.0]}},{"type":"Feature","properties":{"OBJECTID_1":1958,"OBJECTID":1958,"X":-70.6406069857,"Y":-33.4350638914,"COD_MZN":"13101011001005"},"geometry":{"type":"Point","coordinates":[-70.640607,-33.435064,0.0]}},{"type":"Feature","properties":{"OBJECTID_1":1959,"OBJECTID":1959,"X":-70.6404986968,"Y":-33.4350849245,"COD_MZN":"13101011001005"},"geometry":{"type":"Point","coordinates":[-70.640499,-33.435085,0.0]}},{"type":"Feature","properties":{"OBJECTID_1":1960,"OBJECTID":1960,"X":-70.6405086998,"Y":-33.4350870846,"COD_MZN":"13101011001005"},"geometry":{"type":"Point","coordinates":[-70.640509,-33.435087,0.0]}},{"type":"Feature","properties":{"OBJECTID_1":1961,"OBJECTID":1961,"X":-70.640468154,"Y":-33.43509215,"COD_MZN":"13101011001005"},"geometry":{"type":"Point","coordinates":[-70.640468,-33.435092,0.0]}},{"type":"Feature","properties":{"OBJECTID_1":1962,"OBJECTID":1962,"X":-70.6404781581,"Y":-33.4350943092,"COD_MZN":"13101011001005"},"geometry":{"type":"Point","coordinates":[-70.640478,-33.435094,0.0]}},{"type":"Feature","properties":{"OBJECTID_1":1963,"OBJECTID":1963,"X":-70.6402706472,"Y":-33.4351379606,"COD_MZN":"13101011001005"},"geometry":{"type":"Point","coordinates":[-70.640271,-33.435138,0.0]}},{"type":"Feature","properties":{"OBJECTID_1":1964,"OBJECTID":1964,"X":-70.6402806502,"Y":-33.4351401198,"COD_MZN":"13101011001005"},"geometry":{"type":"Point","coordinates":[-70.640281,-33.43514,0.0]}},{"type":"Feature","properties":{"OBJECTID_1":1965,"OBJECTID":1965,"X":-70.6402402762,"Y":-33.4351445444,"COD_MZN":"13101011001005"},"geometry":{"type":"Point","coordinates":[-70.64024,-33.435145,0.0]}},{"type":"Feature","properties":{"OBJECTID_1":1966,"OBJECTID":1966,"X":-70.6402502792,"Y":-33.4351467045,"COD_MZN":"13101011001005"},"geometry":{"type":"Point","coordinates":[-70.64025,-33.435147,0.0]}},{"type":"Feature","properties":{"OBJECTID_1":1967,"OBJECTID":1967,"X":-70.6399516016,"Y":-33.435212297,"COD_MZN":"13101011001005"},"geometry":{"type":"Point","coordinates":[-70.639952,-33.435212,0.0]}},{"type":"Feature","properties":{"OBJECTID_1":1968,"OBJECTID":1968,"X":-70.6399616057,"Y":-33.4352144563,"COD_MZN":"13101011001005"},"geometry":{"type":"Point","coordinates":[-70.639962,-33.435214,0.0]}},{"type":"Feature","properties":{"OBJECTID_1":1969,"OBJECTID":1969,"X":-70.6399224939,"Y":-33.43513516,"COD_MZN":"13101011001005"},"geometry":{"type":"Point","coordinates":[-70.639922,-33.435135,0.0]}},{"type":"Feature","properties":{"OBJECTID_1":1970,"OBJECTID":1970,"X":-70.639932498,"Y":-33.4351373201,"COD_MZN":"13101011001005"},"geometry":{"type":"Point","coordinates":[-70.639932,-33.435137,0.0]}},{"type":"Feature","properties":{"OBJECTID_1":1971,"OBJECTID":1971,"X":-70.6398717575,"Y":-33.4351465673,"COD_MZN":"13101011001005"},"geometry":{"type":"Point","coordinates":[-70.639872,-33.435147,0.0]}},{"type":"Feature","properties":{"OBJECTID_1":1972,"OBJECTID":1972,"X":-70.6398817616,"Y":-33.4351487274,"COD_MZN":"13101011001005"},"geometry":{"type":"Point","coordinates":[-70.639882,-33.435149,0.0]}},{"type":"Feature","properties":{"OBJECTID_1":1973,"OBJECTID":1973,"X":-70.6397484804,"Y":-33.4351746239,"COD_MZN":"13101011001005"},"geometry":{"type":"Point","coordinates":[-70.639748,-33.435175,0.0]}},{"type":"Feature","properties":{"OBJECTID_1":1974,"OBJECTID":1974,"X":-70.6397584845,"Y":-33.4351767831,"COD_MZN":"13101011001005"},"geometry":{"type":"Point","coordinates":[-70.639758,-33.435177,0.0]}},{"type":"Feature","properties":{"OBJECTID_1":1975,"OBJECTID":1975,"X":-70.6396385307,"Y":-33.4351998501,"COD_MZN":"13101011001005"},"geometry":{"type":"Point","coordinates":[-70.639639,-33.4352,0.0]}},{"type":"Feature","properties":{"OBJECTID_1":1976,"OBJECTID":1976,"X":-70.6396485348,"Y":-33.4352020102,"COD_MZN":"13101011001005"},"geometry":{"type":"Point","coordinates":[-70.639649,-33.435202,0.0]}},{"type":"Feature","properties":{"OBJECTID_1":1977,"OBJECTID":1977,"X":-70.6417632306,"Y":-33.4347061963,"COD_MZN":"13101011001005"},"geometry":{"type":"Point","coordinates":[-70.641763,-33.434706,0.0]}},{"type":"Feature","properties":{"OBJECTID_1":1978,"OBJECTID":1978,"X":-70.6417732347,"Y":-33.4347083563,"COD_MZN":"13101011001005"},"geometry":{"type":"Point","coordinates":[-70.641773,-33.434708,0.0]}},{"type":"Feature","properties":{"OBJECTID_1":1979,"OBJECTID":1979,"X":-70.6418654509,"Y":-33.4346827489,"COD_MZN":"13101011001005"},"geometry":{"type":"Point","coordinates":[-70.641865,-33.434683,0.0]}},{"type":"Feature","properties":{"OBJECTID_1":1980,"OBJECTID":1980,"X":-70.641875455,"Y":-33.4346849079,"COD_MZN":"13101011001005"},"geometry":{"type":"Point","coordinates":[-70.641875,-33.434685,0.0]}},{"type":"Feature","properties":{"OBJECTID_1":1981,"OBJECTID":1981,"X":-70.6420402543,"Y":-33.4346423886,"COD_MZN":"13101011001005"},"geometry":{"type":"Point","coordinates":[-70.64204,-33.434642,0.0]}},{"type":"Feature","properties":{"OBJECTID_1":1982,"OBJECTID":1982,"X":-70.6420502333,"Y":-33.4346432169,"COD_MZN":"13101011001005"},"geometry":{"type":"Point","coordinates":[-70.64205,-33.434643,0.0]}},{"type":"Feature","properties":{"OBJECTID_1":1983,"OBJECTID":1983,"X":-70.6420046631,"Y":-33.4346504804,"COD_MZN":"13101011001005"},"geometry":{"type":"Point","coordinates":[-70.642005,-33.43465,0.0]}},{"type":"Feature","properties":{"OBJECTID_1":1984,"OBJECTID":1984,"X":-70.6420181841,"Y":-33.4346503392,"COD_MZN":"13101011001005"},"geometry":{"type":"Point","coordinates":[-70.642018,-33.43465,0.0]}},{"type":"Feature","properties":{"OBJECTID_1":1985,"OBJECTID":1985,"X":-70.6422697876,"Y":-33.4346723394,"COD_MZN":"13101011001005"},"geometry":{"type":"Point","coordinates":[-70.64227,-33.434672,0.0]}},{"type":"Feature","properties":{"OBJECTID_1":1986,"OBJECTID":1986,"X":-70.6422797906,"Y":-33.4346744984,"COD_MZN":"13101011001005"},"geometry":{"type":"Point","coordinates":[-70.64228,-33.434674,0.0]}},{"type":"Feature","properties":{"OBJECTID_1":1987,"OBJECTID":1987,"X":-70.6422402422,"Y":-33.4346789353,"COD_MZN":"13101011001005"},"geometry":{"type":"Point","coordinates":[-70.64224,-33.434679,0.0]}},{"type":"Feature","properties":{"OBJECTID_1":1988,"OBJECTID":1988,"X":-70.6422502463,"Y":-33.4346810952,"COD_MZN":"13101011001005"},"geometry":{"type":"Point","coordinates":[-70.64225,-33.434681,0.0]}},{"type":"Feature","properties":{"OBJECTID_1":1989,"OBJECTID":1989,"X":-70.6422116957,"Y":-33.4346859138,"COD_MZN":"13101011001005"},"geometry":{"type":"Point","coordinates":[-70.642212,-33.434686,0.0]}},{"type":"Feature","properties":{"OBJECTID_1":1990,"OBJECTID":1990,"X":-70.6422216987,"Y":-33.4346880729,"COD_MZN":"13101011001005"},"geometry":{"type":"Point","coordinates":[-70.642222,-33.434688,0.0]}},{"type":"Feature","properties":{"OBJECTID_1":1991,"OBJECTID":1991,"X":-70.642184605,"Y":-33.4346919514,"COD_MZN":"13101011001005"},"geometry":{"type":"Point","coordinates":[-70.642185,-33.434692,0.0]}},{"type":"Feature","properties":{"OBJECTID_1":1992,"OBJECTID":1992,"X":-70.6421946091,"Y":-33.4346941105,"COD_MZN":"13101011001005"},"geometry":{"type":"Point","coordinates":[-70.642195,-33.434694,0.0]}},{"type":"Feature","properties":{"OBJECTID_1":1993,"OBJECTID":1993,"X":-70.6421560804,"Y":-33.4346986123,"COD_MZN":"13101011001005"},"geometry":{"type":"Point","coordinates":[-70.642156,-33.434699,0.0]}},{"type":"Feature","properties":{"OBJECTID_1":1994,"OBJECTID":1994,"X":-70.6421660845,"Y":-33.4347007713,"COD_MZN":"13101011001005"},"geometry":{"type":"Point","coordinates":[-70.642166,-33.434701,0.0]}},{"type":"Feature","properties":{"OBJECTID_1":1995,"OBJECTID":1995,"X":-70.6423270278,"Y":-33.4346582585,"COD_MZN":"13101011001005"},"geometry":{"type":"Point","coordinates":[-70.642327,-33.434658,0.0]}},{"type":"Feature","properties":{"OBJECTID_1":1996,"OBJECTID":1996,"X":-70.6423370309,"Y":-33.4346604175,"COD_MZN":"13101011001005"},"geometry":{"type":"Point","coordinates":[-70.642337,-33.43466,0.0]}},{"type":"Feature","properties":{"OBJECTID_1":1997,"OBJECTID":1997,"X":-70.6423555083,"Y":-33.4346518823,"COD_MZN":"13101011001005"},"geometry":{"type":"Point","coordinates":[-70.642356,-33.434652,0.0]}},{"type":"Feature","properties":{"OBJECTID_1":1998,"OBJECTID":1998,"X":-70.6423655123,"Y":-33.4346540413,"COD_MZN":"13101011001005"},"geometry":{"type":"Point","coordinates":[-70.642366,-33.434654,0.0]}},{"type":"Feature","properties":{"OBJECTID_1":1999,"OBJECTID":1999,"X":-70.6423833662,"Y":-33.4346455207,"COD_MZN":"13101011001005"},"geometry":{"type":"Point","coordinates":[-70.642383,-33.434646,0.0]}},{"type":"Feature","properties":{"OBJECTID_1":2000,"OBJECTID":2000,"X":-70.6423933692,"Y":-33.4346476797,"COD_MZN":"13101011001005"},"geometry":{"type":"Point","coordinates":[-70.642393,-33.434648,0.0]}},{"type":"Feature","properties":{"OBJECTID_1":2001,"OBJECTID":2001,"X":-70.6424114525,"Y":-33.4346388935,"COD_MZN":"13101011001005"},"geometry":{"type":"Point","coordinates":[-70.642411,-33.434639,0.0]}},{"type":"Feature","properties":{"OBJECTID_1":2002,"OBJECTID":2002,"X":-70.6424214566,"Y":-33.4346410535,"COD_MZN":"13101011001005"},"geometry":{"type":"Point","coordinates":[-70.642421,-33.434641,0.0]}},{"type":"Feature","properties":{"OBJECTID_1":2003,"OBJECTID":2003,"X":-70.6424400708,"Y":-33.4346316777,"COD_MZN":"13101011001005"},"geometry":{"type":"Point","coordinates":[-70.64244,-33.434632,0.0]}},{"type":"Feature","properties":{"OBJECTID_1":2004,"OBJECTID":2004,"X":-70.642450075,"Y":-33.4346338376,"COD_MZN":"13101011001005"},"geometry":{"type":"Point","coordinates":[-70.64245,-33.434634,0.0]}},{"type":"Feature","properties":{"OBJECTID_1":2005,"OBJECTID":2005,"X":-70.642468249,"Y":-33.4346253019,"COD_MZN":"13101011001005"},"geometry":{"type":"Point","coordinates":[-70.642468,-33.434625,0.0]}},{"type":"Feature","properties":{"OBJECTID_1":2006,"OBJECTID":2006,"X":-70.642478252,"Y":-33.4346274618,"COD_MZN":"13101011001005"},"geometry":{"type":"Point","coordinates":[-70.642478,-33.434627,0.0]}},{"type":"Feature","properties":{"OBJECTID_1":2007,"OBJECTID":2007,"X":-70.6424963374,"Y":-33.4346186747,"COD_MZN":"13101011001005"},"geometry":{"type":"Point","coordinates":[-70.642496,-33.434619,0.0]}},{"type":"Feature","properties":{"OBJECTID_1":2008,"OBJECTID":2008,"X":-70.6425063415,"Y":-33.4346208337,"COD_MZN":"13101011001005"},"geometry":{"type":"Point","coordinates":[-70.642506,-33.434621,0.0]}},{"type":"Feature","properties":{"OBJECTID_1":2009,"OBJECTID":2009,"X":-70.642065366,"Y":-33.4347196584,"COD_MZN":"13101011001005"},"geometry":{"type":"Point","coordinates":[-70.642065,-33.43472,0.0]}},{"type":"Feature","properties":{"OBJECTID_1":2010,"OBJECTID":2010,"X":-70.6420753701,"Y":-33.4347218183,"COD_MZN":"13101011001005"},"geometry":{"type":"Point","coordinates":[-70.642075,-33.434722,0.0]}},{"type":"Feature","properties":{"OBJECTID_1":2011,"OBJECTID":2011,"X":-70.6420362817,"Y":-33.4347263527,"COD_MZN":"13101011001005"},"geometry":{"type":"Point","coordinates":[-70.642036,-33.434726,0.0]}},{"type":"Feature","properties":{"OBJECTID_1":2012,"OBJECTID":2012,"X":-70.6420462847,"Y":-33.4347285118,"COD_MZN":"13101011001005"},"geometry":{"type":"Point","coordinates":[-70.642046,-33.434729,0.0]}},{"type":"Feature","properties":{"OBJECTID_1":2013,"OBJECTID":2013,"X":-70.6420070869,"Y":-33.4347329539,"COD_MZN":"13101011001005"},"geometry":{"type":"Point","coordinates":[-70.642007,-33.434733,0.0]}},{"type":"Feature","properties":{"OBJECTID_1":2014,"OBJECTID":2014,"X":-70.6420170899,"Y":-33.4347351129,"COD_MZN":"13101011001005"},"geometry":{"type":"Point","coordinates":[-70.642017,-33.434735,0.0]}},{"type":"Feature","properties":{"OBJECTID_1":2015,"OBJECTID":2015,"X":-70.6419775043,"Y":-33.4347396341,"COD_MZN":"13101011001005"},"geometry":{"type":"Point","coordinates":[-70.641978,-33.43474,0.0]}},{"type":"Feature","properties":{"OBJECTID_1":2016,"OBJECTID":2016,"X":-70.6419875084,"Y":-33.4347417931,"COD_MZN":"13101011001005"},"geometry":{"type":"Point","coordinates":[-70.641988,-33.434742,0.0]}},{"type":"Feature","properties":{"OBJECTID_1":2017,"OBJECTID":2017,"X":-70.6419033127,"Y":-33.4347572751,"COD_MZN":"13101011001005"},"geometry":{"type":"Point","coordinates":[-70.641903,-33.434757,0.0]}},{"type":"Feature","properties":{"OBJECTID_1":2018,"OBJECTID":2018,"X":-70.6419133157,"Y":-33.4347594351,"COD_MZN":"13101011001005"},"geometry":{"type":"Point","coordinates":[-70.641913,-33.434759,0.0]}},{"type":"Feature","properties":{"OBJECTID_1":2019,"OBJECTID":2019,"X":-70.6418730493,"Y":-33.4347648165,"COD_MZN":"13101011001005"},"geometry":{"type":"Point","coordinates":[-70.641873,-33.434765,0.0]}},{"type":"Feature","properties":{"OBJECTID_1":2020,"OBJECTID":2020,"X":-70.6418830523,"Y":-33.4347669756,"COD_MZN":"13101011001005"},"geometry":{"type":"Point","coordinates":[-70.641883,-33.434767,0.0]}},{"type":"Feature","properties":{"OBJECTID_1":2021,"OBJECTID":2021,"X":-70.6418383768,"Y":-33.4347726391,"COD_MZN":"13101011001005"},"geometry":{"type":"Point","coordinates":[-70.641838,-33.434773,0.0]}},{"type":"Feature","properties":{"OBJECTID_1":2022,"OBJECTID":2022,"X":-70.6418483809,"Y":-33.4347747981,"COD_MZN":"13101011001005"},"geometry":{"type":"Point","coordinates":[-70.641848,-33.434775,0.0]}},{"type":"Feature","properties":{"OBJECTID_1":2023,"OBJECTID":2023,"X":-70.6419593339,"Y":-33.4347488253,"COD_MZN":"13101011001005"},"geometry":{"type":"Point","coordinates":[-70.641959,-33.434749,0.0]}},{"type":"Feature","properties":{"OBJECTID_1":2024,"OBJECTID":2024,"X":-70.6416812313,"Y":-33.4348093392,"COD_MZN":"13101011001005"},"geometry":{"type":"Point","coordinates":[-70.641681,-33.434809,0.0]}},{"type":"Feature","properties":{"OBJECTID_1":2025,"OBJECTID":2025,"X":-70.6416912354,"Y":-33.4348114983,"COD_MZN":"13101011001005"},"geometry":{"type":"Point","coordinates":[-70.641691,-33.434811,0.0]}},{"type":"Feature","properties":{"OBJECTID_1":2026,"OBJECTID":2026,"X":-70.6416520873,"Y":-33.4348162426,"COD_MZN":"13101011001005"},"geometry":{"type":"Point","coordinates":[-70.641652,-33.434816,0.0]}},{"type":"Feature","properties":{"OBJECTID_1":2027,"OBJECTID":2027,"X":-70.6416620904,"Y":-33.4348184017,"COD_MZN":"13101011001005"},"geometry":{"type":"Point","coordinates":[-70.641662,-33.434818,0.0]}},{"type":"Feature","properties":{"OBJECTID_1":2028,"OBJECTID":2028,"X":-70.6416233936,"Y":-33.4348234042,"COD_MZN":"13101011001005"},"geometry":{"type":"Point","coordinates":[-70.641623,-33.434823,0.0]}},{"type":"Feature","properties":{"OBJECTID_1":2029,"OBJECTID":2029,"X":-70.6416333977,"Y":-33.4348255633,"COD_MZN":"13101011001005"},"geometry":{"type":"Point","coordinates":[-70.641633,-33.434826,0.0]}},{"type":"Feature","properties":{"OBJECTID_1":2030,"OBJECTID":2030,"X":-70.6416035789,"Y":-33.4348316423,"COD_MZN":"13101011001005"},"geometry":{"type":"Point","coordinates":[-70.641604,-33.434832,0.0]}},{"type":"Feature","properties":{"OBJECTID_1":2031,"OBJECTID":2031,"X":-70.6415641153,"Y":-33.4348366505,"COD_MZN":"13101011001005"},"geometry":{"type":"Point","coordinates":[-70.641564,-33.434837,0.0]}},{"type":"Feature","properties":{"OBJECTID_1":2032,"OBJECTID":2032,"X":-70.6415741183,"Y":-33.4348388096,"COD_MZN":"13101011001005"},"geometry":{"type":"Point","coordinates":[-70.641574,-33.434839,0.0]}},{"type":"Feature","properties":{"OBJECTID_1":2033,"OBJECTID":2033,"X":-70.6415332156,"Y":-33.434843936,"COD_MZN":"13101011001005"},"geometry":{"type":"Point","coordinates":[-70.641533,-33.434844,0.0]}},{"type":"Feature","properties":{"OBJECTID_1":2034,"OBJECTID":2034,"X":-70.6415432186,"Y":-33.4348460951,"COD_MZN":"13101011001005"},"geometry":{"type":"Point","coordinates":[-70.641543,-33.434846,0.0]}},{"type":"Feature","properties":{"OBJECTID_1":2035,"OBJECTID":2035,"X":-70.6413563299,"Y":-33.434885197,"COD_MZN":"13101011001005"},"geometry":{"type":"Point","coordinates":[-70.641356,-33.434885,0.0]}},{"type":"Feature","properties":{"OBJECTID_1":2036,"OBJECTID":2036,"X":-70.641366334,"Y":-33.434887357,"COD_MZN":"13101011001005"},"geometry":{"type":"Point","coordinates":[-70.641366,-33.434887,0.0]}},{"type":"Feature","properties":{"OBJECTID_1":2037,"OBJECTID":2037,"X":-70.6413267775,"Y":-33.4348917161,"COD_MZN":"13101011001005"},"geometry":{"type":"Point","coordinates":[-70.641327,-33.434892,0.0]}},{"type":"Feature","properties":{"OBJECTID_1":2038,"OBJECTID":2038,"X":-70.6413367816,"Y":-33.4348938752,"COD_MZN":"13101011001005"},"geometry":{"type":"Point","coordinates":[-70.641337,-33.434894,0.0]}},{"type":"Feature","properties":{"OBJECTID_1":2039,"OBJECTID":2039,"X":-70.6410524035,"Y":-33.4349557946,"COD_MZN":"13101011001005"},"geometry":{"type":"Point","coordinates":[-70.641052,-33.434956,0.0]}},{"type":"Feature","properties":{"OBJECTID_1":2040,"OBJECTID":2040,"X":-70.6410624076,"Y":-33.4349579538,"COD_MZN":"13101011001005"},"geometry":{"type":"Point","coordinates":[-70.641062,-33.434958,0.0]}},{"type":"Feature","properties":{"OBJECTID_1":2041,"OBJECTID":2041,"X":-70.6410207658,"Y":-33.4349631908,"COD_MZN":"13101011001005"},"geometry":{"type":"Point","coordinates":[-70.641021,-33.434963,0.0]}},{"type":"Feature","properties":{"OBJECTID_1":2042,"OBJECTID":2042,"X":-70.6410307699,"Y":-33.4349653499,"COD_MZN":"13101011001005"},"geometry":{"type":"Point","coordinates":[-70.641031,-33.434965,0.0]}},{"type":"Feature","properties":{"OBJECTID_1":2043,"OBJECTID":2043,"X":-70.6407765322,"Y":-33.4350202369,"COD_MZN":"13101011001005"},"geometry":{"type":"Point","coordinates":[-70.640777,-33.43502,0.0]}},{"type":"Feature","properties":{"OBJECTID_1":2044,"OBJECTID":2044,"X":-70.6407865363,"Y":-33.435022396,"COD_MZN":"13101011001005"},"geometry":{"type":"Point","coordinates":[-70.640787,-33.435022,0.0]}},{"type":"Feature","properties":{"OBJECTID_1":2045,"OBJECTID":2045,"X":-70.6406547717,"Y":-33.4350486648,"COD_MZN":"13101011001005"},"geometry":{"type":"Point","coordinates":[-70.640655,-33.435049,0.0]}},{"type":"Feature","properties":{"OBJECTID_1":2046,"OBJECTID":2046,"X":-70.6406647748,"Y":-33.435050824,"COD_MZN":"13101011001005"},"geometry":{"type":"Point","coordinates":[-70.640665,-33.435051,0.0]}},{"type":"Feature","properties":{"OBJECTID_1":2047,"OBJECTID":2047,"X":-70.6405655093,"Y":-33.4350692352,"COD_MZN":"13101011001005"},"geometry":{"type":"Point","coordinates":[-70.640566,-33.435069,0.0]}},{"type":"Feature","properties":{"OBJECTID_1":2048,"OBJECTID":2048,"X":-70.6405755124,"Y":-33.4350713944,"COD_MZN":"13101011001005"},"geometry":{"type":"Point","coordinates":[-70.640576,-33.435071,0.0]}},{"type":"Feature","properties":{"OBJECTID_1":2049,"OBJECTID":2049,"X":-70.6405317255,"Y":-33.4350764522,"COD_MZN":"13101011001005"},"geometry":{"type":"Point","coordinates":[-70.640532,-33.435076,0.0]}},{"type":"Feature","properties":{"OBJECTID_1":2050,"OBJECTID":2050,"X":-70.6405417286,"Y":-33.4350786114,"COD_MZN":"13101011001005"},"geometry":{"type":"Point","coordinates":[-70.640542,-33.435079,0.0]}},{"type":"Feature","properties":{"OBJECTID_1":2051,"OBJECTID":2051,"X":-70.6404366913,"Y":-33.4350993634,"COD_MZN":"13101011001005"},"geometry":{"type":"Point","coordinates":[-70.640437,-33.435099,0.0]}},{"type":"Feature","properties":{"OBJECTID_1":2052,"OBJECTID":2052,"X":-70.6404466943,"Y":-33.4351015235,"COD_MZN":"13101011001005"},"geometry":{"type":"Point","coordinates":[-70.640447,-33.435102,0.0]}},{"type":"Feature","properties":{"OBJECTID_1":2053,"OBJECTID":2053,"X":-70.6404048845,"Y":-33.4351066958,"COD_MZN":"13101011001005"},"geometry":{"type":"Point","coordinates":[-70.640405,-33.435107,0.0]}},{"type":"Feature","properties":{"OBJECTID_1":2054,"OBJECTID":2054,"X":-70.6404148875,"Y":-33.435108855,"COD_MZN":"13101011001005"},"geometry":{"type":"Point","coordinates":[-70.640415,-33.435109,0.0]}},{"type":"Feature","properties":{"OBJECTID_1":2055,"OBJECTID":2055,"X":-70.6403738146,"Y":-33.4351136352,"COD_MZN":"13101011001005"},"geometry":{"type":"Point","coordinates":[-70.640374,-33.435114,0.0]}},{"type":"Feature","properties":{"OBJECTID_1":2056,"OBJECTID":2056,"X":-70.6403838187,"Y":-33.4351157944,"COD_MZN":"13101011001005"},"geometry":{"type":"Point","coordinates":[-70.640384,-33.435116,0.0]}},{"type":"Feature","properties":{"OBJECTID_1":2057,"OBJECTID":2057,"X":-70.6403439345,"Y":-33.4351205264,"COD_MZN":"13101011001005"},"geometry":{"type":"Point","coordinates":[-70.640344,-33.435121,0.0]}},{"type":"Feature","properties":{"OBJECTID_1":2058,"OBJECTID":2058,"X":-70.6403539386,"Y":-33.4351226856,"COD_MZN":"13101011001005"},"geometry":{"type":"Point","coordinates":[-70.640354,-33.435123,0.0]}},{"type":"Feature","properties":{"OBJECTID_1":2059,"OBJECTID":2059,"X":-70.6403086946,"Y":-33.4351291911,"COD_MZN":"13101011001005"},"geometry":{"type":"Point","coordinates":[-70.640309,-33.435129,0.0]}},{"type":"Feature","properties":{"OBJECTID_1":2060,"OBJECTID":2060,"X":-70.6403186987,"Y":-33.4351313512,"COD_MZN":"13101011001005"},"geometry":{"type":"Point","coordinates":[-70.640319,-33.435131,0.0]}},{"type":"Feature","properties":{"OBJECTID_1":2061,"OBJECTID":2061,"X":-70.6402067356,"Y":-33.435153082,"COD_MZN":"13101011001005"},"geometry":{"type":"Point","coordinates":[-70.640207,-33.435153,0.0]}},{"type":"Feature","properties":{"OBJECTID_1":2062,"OBJECTID":2062,"X":-70.6402167397,"Y":-33.4351552412,"COD_MZN":"13101011001005"},"geometry":{"type":"Point","coordinates":[-70.640217,-33.435155,0.0]}},{"type":"Feature","properties":{"OBJECTID_1":2063,"OBJECTID":2063,"X":-70.6401717956,"Y":-33.4351609383,"COD_MZN":"13101011001005"},"geometry":{"type":"Point","coordinates":[-70.640172,-33.435161,0.0]}},{"type":"Feature","properties":{"OBJECTID_1":2064,"OBJECTID":2064,"X":-70.6401817997,"Y":-33.4351630975,"COD_MZN":"13101011001005"},"geometry":{"type":"Point","coordinates":[-70.640182,-33.435163,0.0]}},{"type":"Feature","properties":{"OBJECTID_1":2065,"OBJECTID":2065,"X":-70.6401381142,"Y":-33.4351691404,"COD_MZN":"13101011001005"},"geometry":{"type":"Point","coordinates":[-70.640138,-33.435169,0.0]}},{"type":"Feature","properties":{"OBJECTID_1":2066,"OBJECTID":2066,"X":-70.6401481172,"Y":-33.4351712997,"COD_MZN":"13101011001005"},"geometry":{"type":"Point","coordinates":[-70.640148,-33.435171,0.0]}},{"type":"Feature","properties":{"OBJECTID_1":2067,"OBJECTID":2067,"X":-70.6401052081,"Y":-33.4351766496,"COD_MZN":"13101011001005"},"geometry":{"type":"Point","coordinates":[-70.640105,-33.435177,0.0]}},{"type":"Feature","properties":{"OBJECTID_1":2068,"OBJECTID":2068,"X":-70.6401152122,"Y":-33.4351788089,"COD_MZN":"13101011001005"},"geometry":{"type":"Point","coordinates":[-70.640115,-33.435179,0.0]}},{"type":"Feature","properties":{"OBJECTID_1":2069,"OBJECTID":2069,"X":-70.6400732562,"Y":-33.4351840488,"COD_MZN":"13101011001005"},"geometry":{"type":"Point","coordinates":[-70.640073,-33.435184,0.0]}},{"type":"Feature","properties":{"OBJECTID_1":2070,"OBJECTID":2070,"X":-70.6400832603,"Y":-33.435186208,"COD_MZN":"13101011001005"},"geometry":{"type":"Point","coordinates":[-70.640083,-33.435186,0.0]}},{"type":"Feature","properties":{"OBJECTID_1":2071,"OBJECTID":2071,"X":-70.640039518,"Y":-33.4351915753,"COD_MZN":"13101011001005"},"geometry":{"type":"Point","coordinates":[-70.64004,-33.435192,0.0]}},{"type":"Feature","properties":{"OBJECTID_1":2072,"OBJECTID":2072,"X":-70.6400495221,"Y":-33.4351937355,"COD_MZN":"13101011001005"},"geometry":{"type":"Point","coordinates":[-70.64005,-33.435194,0.0]}},{"type":"Feature","properties":{"OBJECTID_1":2073,"OBJECTID":2073,"X":-70.6400077016,"Y":-33.4351992631,"COD_MZN":"13101011001005"},"geometry":{"type":"Point","coordinates":[-70.640008,-33.435199,0.0]}},{"type":"Feature","properties":{"OBJECTID_1":2074,"OBJECTID":2074,"X":-70.6400177057,"Y":-33.4352014232,"COD_MZN":"13101011001005"},"geometry":{"type":"Point","coordinates":[-70.640018,-33.435201,0.0]}},{"type":"Feature","properties":{"OBJECTID_1":2075,"OBJECTID":2075,"X":-70.6399773521,"Y":-33.4352061315,"COD_MZN":"13101011001005"},"geometry":{"type":"Point","coordinates":[-70.639977,-33.435206,0.0]}},{"type":"Feature","properties":{"OBJECTID_1":2076,"OBJECTID":2076,"X":-70.6399873562,"Y":-33.4352082908,"COD_MZN":"13101011001005"},"geometry":{"type":"Point","coordinates":[-70.639987,-33.435208,0.0]}},{"type":"Feature","properties":{"OBJECTID_1":2077,"OBJECTID":2077,"X":-70.6399218107,"Y":-33.4352194764,"COD_MZN":"13101011001005"},"geometry":{"type":"Point","coordinates":[-70.639922,-33.435219,0.0]}},{"type":"Feature","properties":{"OBJECTID_1":2078,"OBJECTID":2078,"X":-70.6399318148,"Y":-33.4352216356,"COD_MZN":"13101011001005"},"geometry":{"type":"Point","coordinates":[-70.639932,-33.435222,0.0]}},{"type":"Feature","properties":{"OBJECTID_1":2079,"OBJECTID":2079,"X":-70.6396787192,"Y":-33.4352748729,"COD_MZN":"13101011001005"},"geometry":{"type":"Point","coordinates":[-70.639679,-33.435275,0.0]}},{"type":"Feature","properties":{"OBJECTID_1":2080,"OBJECTID":2080,"X":-70.6396887233,"Y":-33.4352770322,"COD_MZN":"13101011001005"},"geometry":{"type":"Point","coordinates":[-70.639689,-33.435277,0.0]}},{"type":"Feature","properties":{"OBJECTID_1":2081,"OBJECTID":2081,"X":-70.6396470451,"Y":-33.4352830917,"COD_MZN":"13101011001005"},"geometry":{"type":"Point","coordinates":[-70.639647,-33.435283,0.0]}},{"type":"Feature","properties":{"OBJECTID_1":2082,"OBJECTID":2082,"X":-70.6396570492,"Y":-33.4352852509,"COD_MZN":"13101011001005"},"geometry":{"type":"Point","coordinates":[-70.639657,-33.435285,0.0]}},{"type":"Feature","properties":{"OBJECTID_1":2083,"OBJECTID":2083,"X":-70.6396141894,"Y":-33.4352901943,"COD_MZN":"13101011001005"},"geometry":{"type":"Point","coordinates":[-70.639614,-33.43529,0.0]}},{"type":"Feature","properties":{"OBJECTID_1":2084,"OBJECTID":2084,"X":-70.6396241925,"Y":-33.4352923536,"COD_MZN":"13101011001005"},"geometry":{"type":"Point","coordinates":[-70.639624,-33.435292,0.0]}},{"type":"Feature","properties":{"OBJECTID_1":2085,"OBJECTID":2085,"X":-70.639587983,"Y":-33.4352956831,"COD_MZN":"13101011001005"},"geometry":{"type":"Point","coordinates":[-70.639588,-33.435296,0.0]}},{"type":"Feature","properties":{"OBJECTID_1":2086,"OBJECTID":2086,"X":-70.639597986,"Y":-33.4352978432,"COD_MZN":"13101011001005"},"geometry":{"type":"Point","coordinates":[-70.639598,-33.435298,0.0]}},{"type":"Feature","properties":{"OBJECTID_1":2087,"OBJECTID":2087,"X":-70.6395531118,"Y":-33.435303945,"COD_MZN":"13101011001005"},"geometry":{"type":"Point","coordinates":[-70.639553,-33.435304,0.0]}},{"type":"Feature","properties":{"OBJECTID_1":2088,"OBJECTID":2088,"X":-70.6395631159,"Y":-33.4353061042,"COD_MZN":"13101011001005"},"geometry":{"type":"Point","coordinates":[-70.639563,-33.435306,0.0]}},{"type":"Feature","properties":{"OBJECTID_1":2089,"OBJECTID":2089,"X":-70.6395219076,"Y":-33.435310784,"COD_MZN":"13101011001005"},"geometry":{"type":"Point","coordinates":[-70.639522,-33.435311,0.0]}},{"type":"Feature","properties":{"OBJECTID_1":2090,"OBJECTID":2090,"X":-70.6395319117,"Y":-33.4353129433,"COD_MZN":"13101011001005"},"geometry":{"type":"Point","coordinates":[-70.639532,-33.435313,0.0]}},{"type":"Feature","properties":{"OBJECTID_1":2091,"OBJECTID":2091,"X":-70.6394900816,"Y":-33.4353183068,"COD_MZN":"13101011001005"},"geometry":{"type":"Point","coordinates":[-70.63949,-33.435318,0.0]}},{"type":"Feature","properties":{"OBJECTID_1":2092,"OBJECTID":2092,"X":-70.6395000847,"Y":-33.435320466,"COD_MZN":"13101011001005"},"geometry":{"type":"Point","coordinates":[-70.6395,-33.43532,0.0]}},{"type":"Feature","properties":{"OBJECTID_1":2093,"OBJECTID":2093,"X":-70.6394590119,"Y":-33.435325493,"COD_MZN":"13101011001005"},"geometry":{"type":"Point","coordinates":[-70.639459,-33.435325,0.0]}},{"type":"Feature","properties":{"OBJECTID_1":2094,"OBJECTID":2094,"X":-70.639469015,"Y":-33.4353276523,"COD_MZN":"13101011001005"},"geometry":{"type":"Point","coordinates":[-70.639469,-33.435328,0.0]}},{"type":"Feature","properties":{"OBJECTID_1":2095,"OBJECTID":2095,"X":-70.6394275977,"Y":-33.4353327767,"COD_MZN":"13101011001005"},"geometry":{"type":"Point","coordinates":[-70.639428,-33.435333,0.0]}},{"type":"Feature","properties":{"OBJECTID_1":2096,"OBJECTID":2096,"X":-70.6394376018,"Y":-33.4353349369,"COD_MZN":"13101011001005"},"geometry":{"type":"Point","coordinates":[-70.639438,-33.435335,0.0]}},{"type":"Feature","properties":{"OBJECTID_1":2097,"OBJECTID":2097,"X":-70.6393959818,"Y":-33.435339972,"COD_MZN":"13101011001005"},"geometry":{"type":"Point","coordinates":[-70.639396,-33.43534,0.0]}},{"type":"Feature","properties":{"OBJECTID_1":2098,"OBJECTID":2098,"X":-70.6394059859,"Y":-33.4353421312,"COD_MZN":"13101011001005"},"geometry":{"type":"Point","coordinates":[-70.639406,-33.435342,0.0]}},{"type":"Feature","properties":{"OBJECTID_1":2099,"OBJECTID":2099,"X":-70.6393648439,"Y":-33.4353471357,"COD_MZN":"13101011001005"},"geometry":{"type":"Point","coordinates":[-70.639365,-33.435347,0.0]}},{"type":"Feature","properties":{"OBJECTID_1":2100,"OBJECTID":2100,"X":-70.6393748469,"Y":-33.4353492958,"COD_MZN":"13101011001005"},"geometry":{"type":"Point","coordinates":[-70.639375,-33.435349,0.0]}},{"type":"Feature","properties":{"OBJECTID_1":2101,"OBJECTID":2101,"X":-70.6393337763,"Y":-33.4353542055,"COD_MZN":"13101011001005"},"geometry":{"type":"Point","coordinates":[-70.639334,-33.435354,0.0]}},{"type":"Feature","properties":{"OBJECTID_1":2102,"OBJECTID":2102,"X":-70.6393437793,"Y":-33.4353563657,"COD_MZN":"13101011001005"},"geometry":{"type":"Point","coordinates":[-70.639344,-33.435356,0.0]}},{"type":"Feature","properties":{"OBJECTID_1":2103,"OBJECTID":2103,"X":-70.6393019404,"Y":-33.435361263,"COD_MZN":"13101011001005"},"geometry":{"type":"Point","coordinates":[-70.639302,-33.435361,0.0]}},{"type":"Feature","properties":{"OBJECTID_1":2104,"OBJECTID":2104,"X":-70.6393119445,"Y":-33.4353634223,"COD_MZN":"13101011001005"},"geometry":{"type":"Point","coordinates":[-70.639312,-33.435363,0.0]}},{"type":"Feature","properties":{"OBJECTID_1":2105,"OBJECTID":2105,"X":-70.6392709051,"Y":-33.4353685615,"COD_MZN":"13101011001005"},"geometry":{"type":"Point","coordinates":[-70.639271,-33.435369,0.0]}},{"type":"Feature","properties":{"OBJECTID_1":2106,"OBJECTID":2106,"X":-70.6392809081,"Y":-33.4353707208,"COD_MZN":"13101011001005"},"geometry":{"type":"Point","coordinates":[-70.639281,-33.435371,0.0]}},{"type":"Feature","properties":{"OBJECTID_1":2107,"OBJECTID":2107,"X":-70.6392383481,"Y":-33.43537611,"COD_MZN":"13101011001005"},"geometry":{"type":"Point","coordinates":[-70.639238,-33.435376,0.0]}},{"type":"Feature","properties":{"OBJECTID_1":2108,"OBJECTID":2108,"X":-70.6392483522,"Y":-33.4353782693,"COD_MZN":"13101011001005"},"geometry":{"type":"Point","coordinates":[-70.639248,-33.435378,0.0]}},{"type":"Feature","properties":{"OBJECTID_1":2109,"OBJECTID":2109,"X":-70.6392074832,"Y":-33.4353830374,"COD_MZN":"13101011001005"},"geometry":{"type":"Point","coordinates":[-70.639207,-33.435383,0.0]}},{"type":"Feature","properties":{"OBJECTID_1":2110,"OBJECTID":2110,"X":-70.6392174874,"Y":-33.4353851967,"COD_MZN":"13101011001005"},"geometry":{"type":"Point","coordinates":[-70.639217,-33.435385,0.0]}},{"type":"Feature","properties":{"OBJECTID_1":2111,"OBJECTID":2111,"X":-70.63917717,"Y":-33.4353897248,"COD_MZN":"13101011001005"},"geometry":{"type":"Point","coordinates":[-70.639177,-33.43539,0.0]}},{"type":"Feature","properties":{"OBJECTID_1":2112,"OBJECTID":2112,"X":-70.639187173,"Y":-33.4353918841,"COD_MZN":"13101011001005"},"geometry":{"type":"Point","coordinates":[-70.639187,-33.435392,0.0]}},{"type":"Feature","properties":{"OBJECTID_1":2113,"OBJECTID":2113,"X":-70.6462055678,"Y":-33.4345222922,"COD_MZN":"13101011002005"},"geometry":{"type":"Point","coordinates":[-70.646206,-33.434522,0.0]}},{"type":"Feature","properties":{"OBJECTID_1":2114,"OBJECTID":2114,"X":-70.6461910766,"Y":-33.4345239735,"COD_MZN":"13101011002005"},"geometry":{"type":"Point","coordinates":[-70.646191,-33.434524,0.0]}},{"type":"Feature","properties":{"OBJECTID_1":2115,"OBJECTID":2115,"X":-70.6462494531,"Y":-33.4345519262,"COD_MZN":"13101011002005"},"geometry":{"type":"Point","coordinates":[-70.646249,-33.434552,0.0]}},{"type":"Feature","properties":{"OBJECTID_1":2116,"OBJECTID":2116,"X":-70.6462404433,"Y":-33.4345443298,"COD_MZN":"13101011002005"},"geometry":{"type":"Point","coordinates":[-70.64624,-33.434544,0.0]}},{"type":"Feature","properties":{"OBJECTID_1":2117,"OBJECTID":2117,"X":-70.6462097818,"Y":-33.4345174422,"COD_MZN":"13101011002005"},"geometry":{"type":"Point","coordinates":[-70.64621,-33.434517,0.0]}},{"type":"Feature","properties":{"OBJECTID_1":2118,"OBJECTID":2118,"X":-70.6462232059,"Y":-33.4345125699,"COD_MZN":"13101011002005"},"geometry":{"type":"Point","coordinates":[-70.646223,-33.434513,0.0]}},{"type":"Feature","properties":{"OBJECTID_1":2119,"OBJECTID":2119,"X":-70.6462458778,"Y":-33.434536667,"COD_MZN":"13101011002005"},"geometry":{"type":"Point","coordinates":[-70.646246,-33.434537,0.0]}},{"type":"Feature","properties":{"OBJECTID_1":2120,"OBJECTID":2120,"X":-70.6462313866,"Y":-33.4345383483,"COD_MZN":"13101011002005"},"geometry":{"type":"Point","coordinates":[-70.646231,-33.434538,0.0]}},{"type":"Feature","properties":{"OBJECTID_1":2121,"OBJECTID":2121,"X":-70.6462243454,"Y":-33.4345350888,"COD_MZN":"13101011002005"},"geometry":{"type":"Point","coordinates":[-70.646224,-33.434535,0.0]}},{"type":"Feature","properties":{"OBJECTID_1":2122,"OBJECTID":2122,"X":-70.6462098554,"Y":-33.434536771,"COD_MZN":"13101011002005"},"geometry":{"type":"Point","coordinates":[-70.64621,-33.434537,0.0]}},{"type":"Feature","properties":{"OBJECTID_1":2123,"OBJECTID":2123,"X":-70.6462137024,"Y":-33.4345081022,"COD_MZN":"13101011002005"},"geometry":{"type":"Point","coordinates":[-70.646214,-33.434508,0.0]}},{"type":"Feature","properties":{"OBJECTID_1":2124,"OBJECTID":2124,"X":-70.6461992124,"Y":-33.4345097844,"COD_MZN":"13101011002005"},"geometry":{"type":"Point","coordinates":[-70.646199,-33.43451,0.0]}},{"type":"Feature","properties":{"OBJECTID_1":2125,"OBJECTID":2125,"X":-70.6461707691,"Y":-33.4345039286,"COD_MZN":"13101011002005"},"geometry":{"type":"Point","coordinates":[-70.646171,-33.434504,0.0]}},{"type":"Feature","properties":{"OBJECTID_1":2126,"OBJECTID":2126,"X":-70.6461841943,"Y":-33.4344990554,"COD_MZN":"13101011002005"},"geometry":{"type":"Point","coordinates":[-70.646184,-33.434499,0.0]}},{"type":"Feature","properties":{"OBJECTID_1":2127,"OBJECTID":2127,"X":-70.6461958578,"Y":-33.4344939072,"COD_MZN":"13101011002005"},"geometry":{"type":"Point","coordinates":[-70.646196,-33.434494,0.0]}},{"type":"Feature","properties":{"OBJECTID_1":2128,"OBJECTID":2128,"X":-70.6462692357,"Y":-33.4345440684,"COD_MZN":"13101011002005"},"geometry":{"type":"Point","coordinates":[-70.646269,-33.434544,0.0]}},{"type":"Feature","properties":{"OBJECTID_1":2129,"OBJECTID":2129,"X":-70.6462515306,"Y":-33.4345286035,"COD_MZN":"13101011002005"},"geometry":{"type":"Point","coordinates":[-70.646252,-33.434529,0.0]}},{"type":"Feature","properties":{"OBJECTID_1":2130,"OBJECTID":2130,"X":-70.6462404449,"Y":-33.4345223189,"COD_MZN":"13101011002005"},"geometry":{"type":"Point","coordinates":[-70.64624,-33.434522,0.0]}},{"type":"Feature","properties":{"OBJECTID_1":2131,"OBJECTID":2131,"X":-70.6461790962,"Y":-33.4345407046,"COD_MZN":"13101011002005"},"geometry":{"type":"Point","coordinates":[-70.646179,-33.434541,0.0]}},{"type":"Feature","properties":{"OBJECTID_1":2132,"OBJECTID":2132,"X":-70.6461646051,"Y":-33.4345423859,"COD_MZN":"13101011002005"},"geometry":{"type":"Point","coordinates":[-70.646165,-33.434542,0.0]}},{"type":"Feature","properties":{"OBJECTID_1":2133,"OBJECTID":2133,"X":-70.6462139718,"Y":-33.4345627421,"COD_MZN":"13101011002005"},"geometry":{"type":"Point","coordinates":[-70.646214,-33.434563,0.0]}},{"type":"Feature","properties":{"OBJECTID_1":2134,"OBJECTID":2134,"X":-70.6461833103,"Y":-33.4345358554,"COD_MZN":"13101011002005"},"geometry":{"type":"Point","coordinates":[-70.646183,-33.434536,0.0]}},{"type":"Feature","properties":{"OBJECTID_1":2135,"OBJECTID":2135,"X":-70.6461967344,"Y":-33.4345309823,"COD_MZN":"13101011002005"},"geometry":{"type":"Point","coordinates":[-70.646197,-33.434531,0.0]}},{"type":"Feature","properties":{"OBJECTID_1":2136,"OBJECTID":2136,"X":-70.6462137029,"Y":-33.4345569893,"COD_MZN":"13101011002005"},"geometry":{"type":"Point","coordinates":[-70.646214,-33.434557,0.0]}},{"type":"Feature","properties":{"OBJECTID_1":2137,"OBJECTID":2137,"X":-70.6462049151,"Y":-33.4345567606,"COD_MZN":"13101011002005"},"geometry":{"type":"Point","coordinates":[-70.646205,-33.434557,0.0]}},{"type":"Feature","properties":{"OBJECTID_1":2138,"OBJECTID":2138,"X":-70.6461978739,"Y":-33.434553502,"COD_MZN":"13101011002005"},"geometry":{"type":"Point","coordinates":[-70.646198,-33.434554,0.0]}},{"type":"Feature","properties":{"OBJECTID_1":2139,"OBJECTID":2139,"X":-70.6461505448,"Y":-33.4345595341,"COD_MZN":"13101011002005"},"geometry":{"type":"Point","coordinates":[-70.646151,-33.43456,0.0]}},{"type":"Feature","properties":{"OBJECTID_1":2140,"OBJECTID":2140,"X":-70.6461872309,"Y":-33.4345265154,"COD_MZN":"13101011002005"},"geometry":{"type":"Point","coordinates":[-70.646187,-33.434527,0.0]}},{"type":"Feature","properties":{"OBJECTID_1":2141,"OBJECTID":2141,"X":-70.6461727408,"Y":-33.4345281967,"COD_MZN":"13101011002005"},"geometry":{"type":"Point","coordinates":[-70.646173,-33.434528,0.0]}},{"type":"Feature","properties":{"OBJECTID_1":2142,"OBJECTID":2142,"X":-70.6461721122,"Y":-33.4345500428,"COD_MZN":"13101011002005"},"geometry":{"type":"Point","coordinates":[-70.646172,-33.43455,0.0]}},{"type":"Feature","properties":{"OBJECTID_1":2143,"OBJECTID":2143,"X":-70.646225059,"Y":-33.4345470159,"COD_MZN":"13101011002005"},"geometry":{"type":"Point","coordinates":[-70.646225,-33.434547,0.0]}},{"type":"Feature","properties":{"OBJECTID_1":2144,"OBJECTID":2144,"X":-70.6462150415,"Y":-33.4345443207,"COD_MZN":"13101011002005"},"geometry":{"type":"Point","coordinates":[-70.646215,-33.434544,0.0]}},{"type":"Feature","properties":{"OBJECTID_1":2145,"OBJECTID":2145,"X":-70.6462377312,"Y":-33.434553357,"COD_MZN":"13101011002005"},"geometry":{"type":"Point","coordinates":[-70.646238,-33.434553,0.0]}},{"type":"Feature","properties":{"OBJECTID_1":2146,"OBJECTID":2146,"X":-70.6462154737,"Y":-33.4345669202,"COD_MZN":"13101011002005"},"geometry":{"type":"Point","coordinates":[-70.646215,-33.434567,0.0]}},{"type":"Feature","properties":{"OBJECTID_1":2147,"OBJECTID":2147,"X":-70.6462288989,"Y":-33.4345620471,"COD_MZN":"13101011002005"},"geometry":{"type":"Point","coordinates":[-70.646229,-33.434562,0.0]}},{"type":"Feature","properties":{"OBJECTID_1":2148,"OBJECTID":2148,"X":-70.6462556186,"Y":-33.4345541557,"COD_MZN":"13101011002005"},"geometry":{"type":"Point","coordinates":[-70.646256,-33.434554,0.0]}},{"type":"Feature","properties":{"OBJECTID_1":2149,"OBJECTID":2149,"X":-70.646172849,"Y":-33.4345576174,"COD_MZN":"13101011002005"},"geometry":{"type":"Point","coordinates":[-70.646173,-33.434558,0.0]}},{"type":"Feature","properties":{"OBJECTID_1":2150,"OBJECTID":2150,"X":-70.6461872234,"Y":-33.4345644482,"COD_MZN":"13101011002005"},"geometry":{"type":"Point","coordinates":[-70.646187,-33.434564,0.0]}},{"type":"Feature","properties":{"OBJECTID_1":2151,"OBJECTID":2151,"X":-70.6461727323,"Y":-33.4345661295,"COD_MZN":"13101011002005"},"geometry":{"type":"Point","coordinates":[-70.646173,-33.434566,0.0]}},{"type":"Feature","properties":{"OBJECTID_1":2152,"OBJECTID":2152,"X":-70.6461914375,"Y":-33.434559599,"COD_MZN":"13101011002005"},"geometry":{"type":"Point","coordinates":[-70.646191,-33.43456,0.0]}},{"type":"Feature","properties":{"OBJECTID_1":2153,"OBJECTID":2153,"X":-70.6461921292,"Y":-33.4345789079,"COD_MZN":"13101011002005"},"geometry":{"type":"Point","coordinates":[-70.646192,-33.434579,0.0]}},{"type":"Feature","properties":{"OBJECTID_1":2154,"OBJECTID":2154,"X":-70.6462060011,"Y":-33.4345772456,"COD_MZN":"13101011002005"},"geometry":{"type":"Point","coordinates":[-70.646206,-33.434577,0.0]}},{"type":"Feature","properties":{"OBJECTID_1":2155,"OBJECTID":2155,"X":-70.6461625763,"Y":-33.4345533132,"COD_MZN":"13101011002005"},"geometry":{"type":"Point","coordinates":[-70.646163,-33.434553,0.0]}},{"type":"Feature","properties":{"OBJECTID_1":2156,"OBJECTID":2156,"X":-70.6461561399,"Y":-33.4345594102,"COD_MZN":"13101011002005"},"geometry":{"type":"Point","coordinates":[-70.646156,-33.434559,0.0]}},{"type":"Feature","properties":{"OBJECTID_1":2157,"OBJECTID":2157,"X":-70.6461699113,"Y":-33.4345787889,"COD_MZN":"13101011002005"},"geometry":{"type":"Point","coordinates":[-70.64617,-33.434579,0.0]}},{"type":"Feature","properties":{"OBJECTID_1":2158,"OBJECTID":2158,"X":-70.6461837832,"Y":-33.4345771267,"COD_MZN":"13101011002005"},"geometry":{"type":"Point","coordinates":[-70.646184,-33.434577,0.0]}},{"type":"Feature","properties":{"OBJECTID_1":2159,"OBJECTID":2159,"X":-70.6461640203,"Y":-33.4345940629,"COD_MZN":"13101011002005"},"geometry":{"type":"Point","coordinates":[-70.646164,-33.434594,0.0]}},{"type":"Feature","properties":{"OBJECTID_1":2160,"OBJECTID":2160,"X":-70.6461778934,"Y":-33.4345924007,"COD_MZN":"13101011002005"},"geometry":{"type":"Point","coordinates":[-70.646178,-33.434592,0.0]}},{"type":"Feature","properties":{"OBJECTID_1":2161,"OBJECTID":2161,"X":-70.6461426451,"Y":-33.4345937416,"COD_MZN":"13101011002005"},"geometry":{"type":"Point","coordinates":[-70.646143,-33.434594,0.0]}},{"type":"Feature","properties":{"OBJECTID_1":2162,"OBJECTID":2162,"X":-70.6461565181,"Y":-33.4345920784,"COD_MZN":"13101011002005"},"geometry":{"type":"Point","coordinates":[-70.646157,-33.434592,0.0]}},{"type":"Feature","properties":{"OBJECTID_1":2163,"OBJECTID":2163,"X":-70.6461525981,"Y":-33.4345787275,"COD_MZN":"13101011002005"},"geometry":{"type":"Point","coordinates":[-70.646153,-33.434579,0.0]}},{"type":"Feature","properties":{"OBJECTID_1":2164,"OBJECTID":2164,"X":-70.6461484744,"Y":-33.4345859671,"COD_MZN":"13101011002005"},"geometry":{"type":"Point","coordinates":[-70.646148,-33.434586,0.0]}},{"type":"Feature","properties":{"OBJECTID_1":2165,"OBJECTID":2165,"X":-70.6460489168,"Y":-33.4343544938,"COD_MZN":"13101011002005"},"geometry":{"type":"Point","coordinates":[-70.646049,-33.434354,0.0]}},{"type":"Feature","properties":{"OBJECTID_1":2166,"OBJECTID":2166,"X":-70.6460460958,"Y":-33.4343671523,"COD_MZN":"13101011002005"},"geometry":{"type":"Point","coordinates":[-70.646046,-33.434367,0.0]}},{"type":"Feature","properties":{"OBJECTID_1":2167,"OBJECTID":2167,"X":-70.6460599677,"Y":-33.4343654901,"COD_MZN":"13101011002005"},"geometry":{"type":"Point","coordinates":[-70.64606,-33.434365,0.0]}},{"type":"Feature","properties":{"OBJECTID_1":2168,"OBJECTID":2168,"X":-70.6460248257,"Y":-33.4343605511,"COD_MZN":"13101011002005"},"geometry":{"type":"Point","coordinates":[-70.646025,-33.434361,0.0]}},{"type":"Feature","properties":{"OBJECTID_1":2169,"OBJECTID":2169,"X":-70.6460220046,"Y":-33.4343732096,"COD_MZN":"13101011002005"},"geometry":{"type":"Point","coordinates":[-70.646022,-33.434373,0.0]}},{"type":"Feature","properties":{"OBJECTID_1":2170,"OBJECTID":2170,"X":-70.6460358766,"Y":-33.4343715473,"COD_MZN":"13101011002005"},"geometry":{"type":"Point","coordinates":[-70.646036,-33.434372,0.0]}},{"type":"Feature","properties":{"OBJECTID_1":2171,"OBJECTID":2171,"X":-70.6460004163,"Y":-33.4343666125,"COD_MZN":"13101011002005"},"geometry":{"type":"Point","coordinates":[-70.646,-33.434367,0.0]}},{"type":"Feature","properties":{"OBJECTID_1":2172,"OBJECTID":2172,"X":-70.6459975952,"Y":-33.434379271,"COD_MZN":"13101011002005"},"geometry":{"type":"Point","coordinates":[-70.645998,-33.434379,0.0]}},{"type":"Feature","properties":{"OBJECTID_1":2173,"OBJECTID":2173,"X":-70.6460114672,"Y":-33.4343776088,"COD_MZN":"13101011002005"},"geometry":{"type":"Point","coordinates":[-70.646011,-33.434378,0.0]}},{"type":"Feature","properties":{"OBJECTID_1":2174,"OBJECTID":2174,"X":-70.645960637,"Y":-33.4343767468,"COD_MZN":"13101011002005"},"geometry":{"type":"Point","coordinates":[-70.645961,-33.434377,0.0]}},{"type":"Feature","properties":{"OBJECTID_1":2175,"OBJECTID":2175,"X":-70.6459578159,"Y":-33.4343894063,"COD_MZN":"13101011002005"},"geometry":{"type":"Point","coordinates":[-70.645958,-33.434389,0.0]}},{"type":"Feature","properties":{"OBJECTID_1":2176,"OBJECTID":2176,"X":-70.6459716878,"Y":-33.434387744,"COD_MZN":"13101011002005"},"geometry":{"type":"Point","coordinates":[-70.645972,-33.434388,0.0]}},{"type":"Feature","properties":{"OBJECTID_1":2177,"OBJECTID":2177,"X":-70.645889318,"Y":-33.4343956796,"COD_MZN":"13101011002005"},"geometry":{"type":"Point","coordinates":[-70.645889,-33.434396,0.0]}},{"type":"Feature","properties":{"OBJECTID_1":2178,"OBJECTID":2178,"X":-70.6458864959,"Y":-33.434408339,"COD_MZN":"13101011002005"},"geometry":{"type":"Point","coordinates":[-70.645886,-33.434408,0.0]}},{"type":"Feature","properties":{"OBJECTID_1":2179,"OBJECTID":2179,"X":-70.6459003689,"Y":-33.4344066768,"COD_MZN":"13101011002005"},"geometry":{"type":"Point","coordinates":[-70.6459,-33.434407,0.0]}},{"type":"Feature","properties":{"OBJECTID_1":2180,"OBJECTID":2180,"X":-70.6458655145,"Y":-33.4344005642,"COD_MZN":"13101011002005"},"geometry":{"type":"Point","coordinates":[-70.645866,-33.434401,0.0]}},{"type":"Feature","properties":{"OBJECTID_1":2181,"OBJECTID":2181,"X":-70.6458626935,"Y":-33.4344132237,"COD_MZN":"13101011002005"},"geometry":{"type":"Point","coordinates":[-70.645863,-33.434413,0.0]}},{"type":"Feature","properties":{"OBJECTID_1":2182,"OBJECTID":2182,"X":-70.6458765654,"Y":-33.4344115605,"COD_MZN":"13101011002005"},"geometry":{"type":"Point","coordinates":[-70.645877,-33.434412,0.0]}},{"type":"Feature","properties":{"OBJECTID_1":2183,"OBJECTID":2183,"X":-70.6458433332,"Y":-33.4344063679,"COD_MZN":"13101011002005"},"geometry":{"type":"Point","coordinates":[-70.645843,-33.434406,0.0]}},{"type":"Feature","properties":{"OBJECTID_1":2184,"OBJECTID":2184,"X":-70.6458405121,"Y":-33.4344190264,"COD_MZN":"13101011002005"},"geometry":{"type":"Point","coordinates":[-70.645841,-33.434419,0.0]}},{"type":"Feature","properties":{"OBJECTID_1":2185,"OBJECTID":2185,"X":-70.645854384,"Y":-33.4344173642,"COD_MZN":"13101011002005"},"geometry":{"type":"Point","coordinates":[-70.645854,-33.434417,0.0]}},{"type":"Feature","properties":{"OBJECTID_1":2186,"OBJECTID":2186,"X":-70.645821339,"Y":-33.4344135931,"COD_MZN":"13101011002005"},"geometry":{"type":"Point","coordinates":[-70.645821,-33.434414,0.0]}},{"type":"Feature","properties":{"OBJECTID_1":2187,"OBJECTID":2187,"X":-70.6458185168,"Y":-33.4344262526,"COD_MZN":"13101011002005"},"geometry":{"type":"Point","coordinates":[-70.645819,-33.434426,0.0]}},{"type":"Feature","properties":{"OBJECTID_1":2188,"OBJECTID":2188,"X":-70.6458323898,"Y":-33.4344245903,"COD_MZN":"13101011002005"},"geometry":{"type":"Point","coordinates":[-70.645832,-33.434425,0.0]}},{"type":"Feature","properties":{"OBJECTID_1":2189,"OBJECTID":2189,"X":-70.6457936617,"Y":-33.4344189674,"COD_MZN":"13101011002005"},"geometry":{"type":"Point","coordinates":[-70.645794,-33.434419,0.0]}},{"type":"Feature","properties":{"OBJECTID_1":2190,"OBJECTID":2190,"X":-70.6457908407,"Y":-33.4344316269,"COD_MZN":"13101011002005"},"geometry":{"type":"Point","coordinates":[-70.645791,-33.434432,0.0]}},{"type":"Feature","properties":{"OBJECTID_1":2191,"OBJECTID":2191,"X":-70.6458047126,"Y":-33.4344299646,"COD_MZN":"13101011002005"},"geometry":{"type":"Point","coordinates":[-70.645805,-33.43443,0.0]}},{"type":"Feature","properties":{"OBJECTID_1":2192,"OBJECTID":2192,"X":-70.6456013812,"Y":-33.4338993605,"COD_MZN":"13101011002004"},"geometry":{"type":"Point","coordinates":[-70.645601,-33.433899,0.0]}},{"type":"Feature","properties":{"OBJECTID_1":2193,"OBJECTID":2193,"X":-70.6456257314,"Y":-33.4338882893,"COD_MZN":"13101011002004"},"geometry":{"type":"Point","coordinates":[-70.645626,-33.433888,0.0]}},{"type":"Feature","properties":{"OBJECTID_1":2194,"OBJECTID":2194,"X":-70.6456319267,"Y":-33.4338921562,"COD_MZN":"13101011002004"},"geometry":{"type":"Point","coordinates":[-70.645632,-33.433892,0.0]}},{"type":"Feature","properties":{"OBJECTID_1":2195,"OBJECTID":2195,"X":-70.645647069,"Y":-33.4338886176,"COD_MZN":"13101011002004"},"geometry":{"type":"Point","coordinates":[-70.645647,-33.433889,0.0]}},{"type":"Feature","properties":{"OBJECTID_1":2196,"OBJECTID":2196,"X":-70.6456649081,"Y":-33.433881453,"COD_MZN":"13101011002004"},"geometry":{"type":"Point","coordinates":[-70.645665,-33.433881,0.0]}},{"type":"Feature","properties":{"OBJECTID_1":2197,"OBJECTID":2197,"X":-70.6456778748,"Y":-33.4338812421,"COD_MZN":"13101011002004"},"geometry":{"type":"Point","coordinates":[-70.645678,-33.433881,0.0]}},{"type":"Feature","properties":{"OBJECTID_1":2198,"OBJECTID":2198,"X":-70.645702225,"Y":-33.4338701709,"COD_MZN":"13101011002004"},"geometry":{"type":"Point","coordinates":[-70.645702,-33.43387,0.0]}},{"type":"Feature","properties":{"OBJECTID_1":2199,"OBJECTID":2199,"X":-70.6457084193,"Y":-33.4338740378,"COD_MZN":"13101011002004"},"geometry":{"type":"Point","coordinates":[-70.645708,-33.433874,0.0]}},{"type":"Feature","properties":{"OBJECTID_1":2200,"OBJECTID":2200,"X":-70.6457235615,"Y":-33.4338705001,"COD_MZN":"13101011002004"},"geometry":{"type":"Point","coordinates":[-70.645724,-33.433871,0.0]}},{"type":"Feature","properties":{"OBJECTID_1":2201,"OBJECTID":2201,"X":-70.6457431729,"Y":-33.4338610962,"COD_MZN":"13101011002004"},"geometry":{"type":"Point","coordinates":[-70.645743,-33.433861,0.0]}},{"type":"Feature","properties":{"OBJECTID_1":2202,"OBJECTID":2202,"X":-70.6457533639,"Y":-33.4338635302,"COD_MZN":"13101011002004"},"geometry":{"type":"Point","coordinates":[-70.645753,-33.433864,0.0]}},{"type":"Feature","properties":{"OBJECTID_1":2203,"OBJECTID":2203,"X":-70.6457777152,"Y":-33.433852459,"COD_MZN":"13101011002004"},"geometry":{"type":"Point","coordinates":[-70.645778,-33.433852,0.0]}},{"type":"Feature","properties":{"OBJECTID_1":2204,"OBJECTID":2204,"X":-70.6457839095,"Y":-33.4338563259,"COD_MZN":"13101011002004"},"geometry":{"type":"Point","coordinates":[-70.645784,-33.433856,0.0]}},{"type":"Feature","properties":{"OBJECTID_1":2205,"OBJECTID":2205,"X":-70.6457990517,"Y":-33.4338527881,"COD_MZN":"13101011002004"},"geometry":{"type":"Point","coordinates":[-70.645799,-33.433853,0.0]}},{"type":"Feature","properties":{"OBJECTID_1":2206,"OBJECTID":2206,"X":-70.6458186631,"Y":-33.4338433842,"COD_MZN":"13101011002004"},"geometry":{"type":"Point","coordinates":[-70.645819,-33.433843,0.0]}},{"type":"Feature","properties":{"OBJECTID_1":2207,"OBJECTID":2207,"X":-70.6458293057,"Y":-33.433845465,"COD_MZN":"13101011002004"},"geometry":{"type":"Point","coordinates":[-70.645829,-33.433845,0.0]}},{"type":"Feature","properties":{"OBJECTID_1":2208,"OBJECTID":2208,"X":-70.6458536559,"Y":-33.4338343947,"COD_MZN":"13101011002004"},"geometry":{"type":"Point","coordinates":[-70.645854,-33.433834,0.0]}},{"type":"Feature","properties":{"OBJECTID_1":2209,"OBJECTID":2209,"X":-70.6458598512,"Y":-33.4338382616,"COD_MZN":"13101011002004"},"geometry":{"type":"Point","coordinates":[-70.64586,-33.433838,0.0]}},{"type":"Feature","properties":{"OBJECTID_1":2210,"OBJECTID":2210,"X":-70.6458749934,"Y":-33.433834723,"COD_MZN":"13101011002004"},"geometry":{"type":"Point","coordinates":[-70.645875,-33.433835,0.0]}},{"type":"Feature","properties":{"OBJECTID_1":2211,"OBJECTID":2211,"X":-70.6458946048,"Y":-33.433825319,"COD_MZN":"13101011002004"},"geometry":{"type":"Point","coordinates":[-70.645895,-33.433825,0.0]}},{"type":"Feature","properties":{"OBJECTID_1":2212,"OBJECTID":2212,"X":-70.646173658,"Y":-33.4337653513,"COD_MZN":"13101011002004"},"geometry":{"type":"Point","coordinates":[-70.646174,-33.433765,0.0]}},{"type":"Feature","properties":{"OBJECTID_1":2213,"OBJECTID":2213,"X":-70.6461932693,"Y":-33.4337559473,"COD_MZN":"13101011002004"},"geometry":{"type":"Point","coordinates":[-70.646193,-33.433756,0.0]}},{"type":"Feature","properties":{"OBJECTID_1":2214,"OBJECTID":2214,"X":-70.6462031393,"Y":-33.4337582972,"COD_MZN":"13101011002004"},"geometry":{"type":"Point","coordinates":[-70.646203,-33.433758,0.0]}},{"type":"Feature","properties":{"OBJECTID_1":2215,"OBJECTID":2215,"X":-70.6462274894,"Y":-33.433747226,"COD_MZN":"13101011002004"},"geometry":{"type":"Point","coordinates":[-70.646227,-33.433747,0.0]}},{"type":"Feature","properties":{"OBJECTID_1":2216,"OBJECTID":2216,"X":-70.6462336837,"Y":-33.4337510928,"COD_MZN":"13101011002004"},"geometry":{"type":"Point","coordinates":[-70.646234,-33.433751,0.0]}},{"type":"Feature","properties":{"OBJECTID_1":2217,"OBJECTID":2217,"X":-70.6462488258,"Y":-33.4337475541,"COD_MZN":"13101011002004"},"geometry":{"type":"Point","coordinates":[-70.646249,-33.433748,0.0]}},{"type":"Feature","properties":{"OBJECTID_1":2218,"OBJECTID":2218,"X":-70.6462684382,"Y":-33.4337381501,"COD_MZN":"13101011002004"},"geometry":{"type":"Point","coordinates":[-70.646268,-33.433738,0.0]}},{"type":"Feature","properties":{"OBJECTID_1":2219,"OBJECTID":2219,"X":-70.646277984,"Y":-33.4337404168,"COD_MZN":"13101011002004"},"geometry":{"type":"Point","coordinates":[-70.646278,-33.43374,0.0]}},{"type":"Feature","properties":{"OBJECTID_1":2220,"OBJECTID":2220,"X":-70.6463023341,"Y":-33.4337293464,"COD_MZN":"13101011002004"},"geometry":{"type":"Point","coordinates":[-70.646302,-33.433729,0.0]}},{"type":"Feature","properties":{"OBJECTID_1":2221,"OBJECTID":2221,"X":-70.6463085294,"Y":-33.4337332133,"COD_MZN":"13101011002004"},"geometry":{"type":"Point","coordinates":[-70.646309,-33.433733,0.0]}},{"type":"Feature","properties":{"OBJECTID_1":2222,"OBJECTID":2222,"X":-70.6463243009,"Y":-33.4337300224,"COD_MZN":"13101011002004"},"geometry":{"type":"Point","coordinates":[-70.646324,-33.43373,0.0]}},{"type":"Feature","properties":{"OBJECTID_1":2223,"OBJECTID":2223,"X":-70.646348651,"Y":-33.433718952,"COD_MZN":"13101011002004"},"geometry":{"type":"Point","coordinates":[-70.646349,-33.433719,0.0]}},{"type":"Feature","properties":{"OBJECTID_1":2224,"OBJECTID":2224,"X":-70.6463548453,"Y":-33.4337228189,"COD_MZN":"13101011002004"},"geometry":{"type":"Point","coordinates":[-70.646355,-33.433723,0.0]}},{"type":"Feature","properties":{"OBJECTID_1":2225,"OBJECTID":2225,"X":-70.6463699875,"Y":-33.4337192802,"COD_MZN":"13101011002004"},"geometry":{"type":"Point","coordinates":[-70.64637,-33.433719,0.0]}},{"type":"Feature","properties":{"OBJECTID_1":2226,"OBJECTID":2226,"X":-70.6463895998,"Y":-33.4337098761,"COD_MZN":"13101011002004"},"geometry":{"type":"Point","coordinates":[-70.64639,-33.43371,0.0]}},{"type":"Feature","properties":{"OBJECTID_1":2227,"OBJECTID":2227,"X":-70.6464007932,"Y":-33.4337119045,"COD_MZN":"13101011002004"},"geometry":{"type":"Point","coordinates":[-70.646401,-33.433712,0.0]}},{"type":"Feature","properties":{"OBJECTID_1":2228,"OBJECTID":2228,"X":-70.6464251433,"Y":-33.4337008332,"COD_MZN":"13101011002004"},"geometry":{"type":"Point","coordinates":[-70.646425,-33.433701,0.0]}},{"type":"Feature","properties":{"OBJECTID_1":2229,"OBJECTID":2229,"X":-70.6464313386,"Y":-33.4337047001,"COD_MZN":"13101011002004"},"geometry":{"type":"Point","coordinates":[-70.646431,-33.433705,0.0]}},{"type":"Feature","properties":{"OBJECTID_1":2230,"OBJECTID":2230,"X":-70.6464464808,"Y":-33.4337011613,"COD_MZN":"13101011002004"},"geometry":{"type":"Point","coordinates":[-70.646446,-33.433701,0.0]}},{"type":"Feature","properties":{"OBJECTID_1":2231,"OBJECTID":2231,"X":-70.646466092,"Y":-33.4336917573,"COD_MZN":"13101011002004"},"geometry":{"type":"Point","coordinates":[-70.646466,-33.433692,0.0]}},{"type":"Feature","properties":{"OBJECTID_1":2232,"OBJECTID":2232,"X":-70.6464762823,"Y":-33.4336941498,"COD_MZN":"13101011002004"},"geometry":{"type":"Point","coordinates":[-70.646476,-33.433694,0.0]}},{"type":"Feature","properties":{"OBJECTID_1":2233,"OBJECTID":2233,"X":-70.6465006323,"Y":-33.4336830785,"COD_MZN":"13101011002004"},"geometry":{"type":"Point","coordinates":[-70.646501,-33.433683,0.0]}},{"type":"Feature","properties":{"OBJECTID_1":2234,"OBJECTID":2234,"X":-70.6465068277,"Y":-33.4336869453,"COD_MZN":"13101011002004"},"geometry":{"type":"Point","coordinates":[-70.646507,-33.433687,0.0]}},{"type":"Feature","properties":{"OBJECTID_1":2235,"OBJECTID":2235,"X":-70.6465219698,"Y":-33.4336834066,"COD_MZN":"13101011002004"},"geometry":{"type":"Point","coordinates":[-70.646522,-33.433683,0.0]}},{"type":"Feature","properties":{"OBJECTID_1":2236,"OBJECTID":2236,"X":-70.6465415811,"Y":-33.4336740025,"COD_MZN":"13101011002004"},"geometry":{"type":"Point","coordinates":[-70.646542,-33.433674,0.0]}},{"type":"Feature","properties":{"OBJECTID_1":2237,"OBJECTID":2237,"X":-70.6465527755,"Y":-33.4336760309,"COD_MZN":"13101011002004"},"geometry":{"type":"Point","coordinates":[-70.646553,-33.433676,0.0]}},{"type":"Feature","properties":{"OBJECTID_1":2238,"OBJECTID":2238,"X":-70.6465770544,"Y":-33.4336657478,"COD_MZN":"13101011002004"},"geometry":{"type":"Point","coordinates":[-70.646577,-33.433666,0.0]}},{"type":"Feature","properties":{"OBJECTID_1":2239,"OBJECTID":2239,"X":-70.6465832498,"Y":-33.4336696146,"COD_MZN":"13101011002004"},"geometry":{"type":"Point","coordinates":[-70.646583,-33.43367,0.0]}},{"type":"Feature","properties":{"OBJECTID_1":2240,"OBJECTID":2240,"X":-70.6465983919,"Y":-33.4336660759,"COD_MZN":"13101011002004"},"geometry":{"type":"Point","coordinates":[-70.646598,-33.433666,0.0]}},{"type":"Feature","properties":{"OBJECTID_1":2241,"OBJECTID":2241,"X":-70.6466180032,"Y":-33.4336566718,"COD_MZN":"13101011002004"},"geometry":{"type":"Point","coordinates":[-70.646618,-33.433657,0.0]}},{"type":"Feature","properties":{"OBJECTID_1":2242,"OBJECTID":2242,"X":-70.6466282643,"Y":-33.4336583185,"COD_MZN":"13101011002004"},"geometry":{"type":"Point","coordinates":[-70.646628,-33.433658,0.0]}},{"type":"Feature","properties":{"OBJECTID_1":2243,"OBJECTID":2243,"X":-70.6466527648,"Y":-33.4336480396,"COD_MZN":"13101011002004"},"geometry":{"type":"Point","coordinates":[-70.646653,-33.433648,0.0]}},{"type":"Feature","properties":{"OBJECTID_1":2244,"OBJECTID":2244,"X":-70.6466589602,"Y":-33.4336519065,"COD_MZN":"13101011002004"},"geometry":{"type":"Point","coordinates":[-70.646659,-33.433652,0.0]}},{"type":"Feature","properties":{"OBJECTID_1":2245,"OBJECTID":2245,"X":-70.6466741023,"Y":-33.4336483677,"COD_MZN":"13101011002004"},"geometry":{"type":"Point","coordinates":[-70.646674,-33.433648,0.0]}},{"type":"Feature","properties":{"OBJECTID_1":2246,"OBJECTID":2246,"X":-70.6466937135,"Y":-33.4336389636,"COD_MZN":"13101011002004"},"geometry":{"type":"Point","coordinates":[-70.646694,-33.433639,0.0]}},{"type":"Feature","properties":{"OBJECTID_1":2247,"OBJECTID":2247,"X":-70.6467043561,"Y":-33.4336410453,"COD_MZN":"13101011002004"},"geometry":{"type":"Point","coordinates":[-70.646704,-33.433641,0.0]}},{"type":"Feature","properties":{"OBJECTID_1":2248,"OBJECTID":2248,"X":-70.6467287061,"Y":-33.4336299739,"COD_MZN":"13101011002004"},"geometry":{"type":"Point","coordinates":[-70.646729,-33.43363,0.0]}},{"type":"Feature","properties":{"OBJECTID_1":2249,"OBJECTID":2249,"X":-70.6467349015,"Y":-33.4336338408,"COD_MZN":"13101011002004"},"geometry":{"type":"Point","coordinates":[-70.646735,-33.433634,0.0]}},{"type":"Feature","properties":{"OBJECTID_1":2250,"OBJECTID":2250,"X":-70.6467503349,"Y":-33.4336306327,"COD_MZN":"13101011002004"},"geometry":{"type":"Point","coordinates":[-70.64675,-33.433631,0.0]}},{"type":"Feature","properties":{"OBJECTID_1":2251,"OBJECTID":2251,"X":-70.6467699461,"Y":-33.4336212286,"COD_MZN":"13101011002004"},"geometry":{"type":"Point","coordinates":[-70.64677,-33.433621,0.0]}},{"type":"Feature","properties":{"OBJECTID_1":2252,"OBJECTID":2252,"X":-70.6467799502,"Y":-33.4336233882,"COD_MZN":"13101011002004"},"geometry":{"type":"Point","coordinates":[-70.64678,-33.433623,0.0]}},{"type":"Feature","properties":{"OBJECTID_1":2253,"OBJECTID":2253,"X":-70.6468043002,"Y":-33.4336123168,"COD_MZN":"13101011002004"},"geometry":{"type":"Point","coordinates":[-70.646804,-33.433612,0.0]}},{"type":"Feature","properties":{"OBJECTID_1":2254,"OBJECTID":2254,"X":-70.6468104945,"Y":-33.4336161837,"COD_MZN":"13101011002004"},"geometry":{"type":"Point","coordinates":[-70.64681,-33.433616,0.0]}},{"type":"Feature","properties":{"OBJECTID_1":2255,"OBJECTID":2255,"X":-70.6468256366,"Y":-33.4336126449,"COD_MZN":"13101011002004"},"geometry":{"type":"Point","coordinates":[-70.646826,-33.433613,0.0]}},{"type":"Feature","properties":{"OBJECTID_1":2256,"OBJECTID":2256,"X":-70.6468452489,"Y":-33.4336032408,"COD_MZN":"13101011002004"},"geometry":{"type":"Point","coordinates":[-70.646845,-33.433603,0.0]}},{"type":"Feature","properties":{"OBJECTID_1":2257,"OBJECTID":2257,"X":-70.6468548248,"Y":-33.4336061347,"COD_MZN":"13101011002004"},"geometry":{"type":"Point","coordinates":[-70.646855,-33.433606,0.0]}},{"type":"Feature","properties":{"OBJECTID_1":2258,"OBJECTID":2258,"X":-70.6468791747,"Y":-33.4335950633,"COD_MZN":"13101011002004"},"geometry":{"type":"Point","coordinates":[-70.646879,-33.433595,0.0]}},{"type":"Feature","properties":{"OBJECTID_1":2259,"OBJECTID":2259,"X":-70.646885369,"Y":-33.4335989302,"COD_MZN":"13101011002004"},"geometry":{"type":"Point","coordinates":[-70.646885,-33.433599,0.0]}},{"type":"Feature","properties":{"OBJECTID_1":2260,"OBJECTID":2260,"X":-70.6469005111,"Y":-33.4335953914,"COD_MZN":"13101011002004"},"geometry":{"type":"Point","coordinates":[-70.646901,-33.433595,0.0]}},{"type":"Feature","properties":{"OBJECTID_1":2261,"OBJECTID":2261,"X":-70.6469201223,"Y":-33.4335859873,"COD_MZN":"13101011002004"},"geometry":{"type":"Point","coordinates":[-70.64692,-33.433586,0.0]}},{"type":"Feature","properties":{"OBJECTID_1":2262,"OBJECTID":2262,"X":-70.6469288355,"Y":-33.4335887637,"COD_MZN":"13101011002004"},"geometry":{"type":"Point","coordinates":[-70.646929,-33.433589,0.0]}},{"type":"Feature","properties":{"OBJECTID_1":2263,"OBJECTID":2263,"X":-70.6469531855,"Y":-33.4335776932,"COD_MZN":"13101011002004"},"geometry":{"type":"Point","coordinates":[-70.646953,-33.433578,0.0]}},{"type":"Feature","properties":{"OBJECTID_1":2264,"OBJECTID":2264,"X":-70.6469593809,"Y":-33.43358156,"COD_MZN":"13101011002004"},"geometry":{"type":"Point","coordinates":[-70.646959,-33.433582,0.0]}},{"type":"Feature","properties":{"OBJECTID_1":2265,"OBJECTID":2265,"X":-70.6469745219,"Y":-33.4335780212,"COD_MZN":"13101011002004"},"geometry":{"type":"Point","coordinates":[-70.646975,-33.433578,0.0]}},{"type":"Feature","properties":{"OBJECTID_1":2266,"OBJECTID":2266,"X":-70.6469941341,"Y":-33.4335686171,"COD_MZN":"13101011002004"},"geometry":{"type":"Point","coordinates":[-70.646994,-33.433569,0.0]}},{"type":"Feature","properties":{"OBJECTID_1":2267,"OBJECTID":2267,"X":-70.6470054663,"Y":-33.4335708167,"COD_MZN":"13101011002004"},"geometry":{"type":"Point","coordinates":[-70.647005,-33.433571,0.0]}},{"type":"Feature","properties":{"OBJECTID_1":2268,"OBJECTID":2268,"X":-70.6470298162,"Y":-33.4335597462,"COD_MZN":"13101011002004"},"geometry":{"type":"Point","coordinates":[-70.64703,-33.43356,0.0]}},{"type":"Feature","properties":{"OBJECTID_1":2269,"OBJECTID":2269,"X":-70.6470360105,"Y":-33.433563613,"COD_MZN":"13101011002004"},"geometry":{"type":"Point","coordinates":[-70.647036,-33.433564,0.0]}},{"type":"Feature","properties":{"OBJECTID_1":2270,"OBJECTID":2270,"X":-70.6470512318,"Y":-33.4335600534,"COD_MZN":"13101011002004"},"geometry":{"type":"Point","coordinates":[-70.647051,-33.43356,0.0]}},{"type":"Feature","properties":{"OBJECTID_1":2271,"OBJECTID":2271,"X":-70.647070843,"Y":-33.4335506492,"COD_MZN":"13101011002004"},"geometry":{"type":"Point","coordinates":[-70.647071,-33.433551,0.0]}},{"type":"Feature","properties":{"OBJECTID_1":2272,"OBJECTID":2272,"X":-70.647080713,"Y":-33.433552999,"COD_MZN":"13101011002004"},"geometry":{"type":"Point","coordinates":[-70.647081,-33.433553,0.0]}},{"type":"Feature","properties":{"OBJECTID_1":2273,"OBJECTID":2273,"X":-70.6471049082,"Y":-33.4335418819,"COD_MZN":"13101011002004"},"geometry":{"type":"Point","coordinates":[-70.647105,-33.433542,0.0]}},{"type":"Feature","properties":{"OBJECTID_1":2274,"OBJECTID":2274,"X":-70.6471111025,"Y":-33.4335457487,"COD_MZN":"13101011002004"},"geometry":{"type":"Point","coordinates":[-70.647111,-33.433546,0.0]}},{"type":"Feature","properties":{"OBJECTID_1":2275,"OBJECTID":2275,"X":-70.6471262446,"Y":-33.4335422099,"COD_MZN":"13101011002004"},"geometry":{"type":"Point","coordinates":[-70.647126,-33.433542,0.0]}},{"type":"Feature","properties":{"OBJECTID_1":2276,"OBJECTID":2276,"X":-70.6471461027,"Y":-33.4335335221,"COD_MZN":"13101011002004"},"geometry":{"type":"Point","coordinates":[-70.647146,-33.433534,0.0]}},{"type":"Feature","properties":{"OBJECTID_1":2277,"OBJECTID":2277,"X":-70.6471556485,"Y":-33.4335357888,"COD_MZN":"13101011002004"},"geometry":{"type":"Point","coordinates":[-70.647156,-33.433536,0.0]}},{"type":"Feature","properties":{"OBJECTID_1":2278,"OBJECTID":2278,"X":-70.6471799995,"Y":-33.4335247182,"COD_MZN":"13101011002004"},"geometry":{"type":"Point","coordinates":[-70.64718,-33.433525,0.0]}},{"type":"Feature","properties":{"OBJECTID_1":2279,"OBJECTID":2279,"X":-70.6471861938,"Y":-33.433528585,"COD_MZN":"13101011002004"},"geometry":{"type":"Point","coordinates":[-70.647186,-33.433529,0.0]}},{"type":"Feature","properties":{"OBJECTID_1":2280,"OBJECTID":2280,"X":-70.6472019652,"Y":-33.4335253941,"COD_MZN":"13101011002004"},"geometry":{"type":"Point","coordinates":[-70.647202,-33.433525,0.0]}},{"type":"Feature","properties":{"OBJECTID_1":2281,"OBJECTID":2281,"X":-70.6472263151,"Y":-33.4335143235,"COD_MZN":"13101011002004"},"geometry":{"type":"Point","coordinates":[-70.647226,-33.433514,0.0]}},{"type":"Feature","properties":{"OBJECTID_1":2282,"OBJECTID":2282,"X":-70.6472325105,"Y":-33.4335181903,"COD_MZN":"13101011002004"},"geometry":{"type":"Point","coordinates":[-70.647233,-33.433518,0.0]}},{"type":"Feature","properties":{"OBJECTID_1":2283,"OBJECTID":2283,"X":-70.6472476515,"Y":-33.4335146515,"COD_MZN":"13101011002004"},"geometry":{"type":"Point","coordinates":[-70.647248,-33.433515,0.0]}},{"type":"Feature","properties":{"OBJECTID_1":2284,"OBJECTID":2284,"X":-70.6472672637,"Y":-33.4335052473,"COD_MZN":"13101011002004"},"geometry":{"type":"Point","coordinates":[-70.647267,-33.433505,0.0]}},{"type":"Feature","properties":{"OBJECTID_1":2285,"OBJECTID":2285,"X":-70.6472784571,"Y":-33.4335072756,"COD_MZN":"13101011002004"},"geometry":{"type":"Point","coordinates":[-70.647278,-33.433507,0.0]}},{"type":"Feature","properties":{"OBJECTID_1":2286,"OBJECTID":2286,"X":-70.647302807,"Y":-33.4334962041,"COD_MZN":"13101011002004"},"geometry":{"type":"Point","coordinates":[-70.647303,-33.433496,0.0]}},{"type":"Feature","properties":{"OBJECTID_1":2287,"OBJECTID":2287,"X":-70.6473090024,"Y":-33.4335000709,"COD_MZN":"13101011002004"},"geometry":{"type":"Point","coordinates":[-70.647309,-33.4335,0.0]}},{"type":"Feature","properties":{"OBJECTID_1":2288,"OBJECTID":2288,"X":-70.6473237874,"Y":-33.4334967046,"COD_MZN":"13101011002004"},"geometry":{"type":"Point","coordinates":[-70.647324,-33.433497,0.0]}},{"type":"Feature","properties":{"OBJECTID_1":2289,"OBJECTID":2289,"X":-70.6473436975,"Y":-33.4334863297,"COD_MZN":"13101011002004"},"geometry":{"type":"Point","coordinates":[-70.647344,-33.433486,0.0]}},{"type":"Feature","properties":{"OBJECTID_1":2290,"OBJECTID":2290,"X":-70.6473525275,"Y":-33.433487208,"COD_MZN":"13101011002004"},"geometry":{"type":"Point","coordinates":[-70.647353,-33.433487,0.0]}},{"type":"Feature","properties":{"OBJECTID_1":2291,"OBJECTID":2291,"X":-70.6473760639,"Y":-33.4334729305,"COD_MZN":"13101011002004"},"geometry":{"type":"Point","coordinates":[-70.647376,-33.433473,0.0]}},{"type":"Feature","properties":{"OBJECTID_1":2292,"OBJECTID":2292,"X":-70.647383272,"Y":-33.4334753499,"COD_MZN":"13101011002004"},"geometry":{"type":"Point","coordinates":[-70.647383,-33.433475,0.0]}},{"type":"Feature","properties":{"OBJECTID_1":2293,"OBJECTID":2293,"X":-70.6473984141,"Y":-33.4334718111,"COD_MZN":"13101011002004"},"geometry":{"type":"Point","coordinates":[-70.647398,-33.433472,0.0]}},{"type":"Feature","properties":{"OBJECTID_1":2294,"OBJECTID":2294,"X":-70.6474180252,"Y":-33.4334624069,"COD_MZN":"13101011002004"},"geometry":{"type":"Point","coordinates":[-70.647418,-33.433462,0.0]}},{"type":"Feature","properties":{"OBJECTID_1":2295,"OBJECTID":2295,"X":-70.6474292185,"Y":-33.4334644343,"COD_MZN":"13101011002004"},"geometry":{"type":"Point","coordinates":[-70.647429,-33.433464,0.0]}},{"type":"Feature","properties":{"OBJECTID_1":2296,"OBJECTID":2296,"X":-70.6474535695,"Y":-33.4334533637,"COD_MZN":"13101011002004"},"geometry":{"type":"Point","coordinates":[-70.647454,-33.433453,0.0]}},{"type":"Feature","properties":{"OBJECTID_1":2297,"OBJECTID":2297,"X":-70.6474597638,"Y":-33.4334572305,"COD_MZN":"13101011002004"},"geometry":{"type":"Point","coordinates":[-70.64746,-33.433457,0.0]}},{"type":"Feature","properties":{"OBJECTID_1":2298,"OBJECTID":2298,"X":-70.6474749058,"Y":-33.4334536916,"COD_MZN":"13101011002004"},"geometry":{"type":"Point","coordinates":[-70.647475,-33.433454,0.0]}},{"type":"Feature","properties":{"OBJECTID_1":2299,"OBJECTID":2299,"X":-70.6474945169,"Y":-33.4334442874,"COD_MZN":"13101011002004"},"geometry":{"type":"Point","coordinates":[-70.647495,-33.433444,0.0]}},{"type":"Feature","properties":{"OBJECTID_1":2300,"OBJECTID":2300,"X":-70.647504708,"Y":-33.4334467213,"COD_MZN":"13101011002004"},"geometry":{"type":"Point","coordinates":[-70.647505,-33.433447,0.0]}},{"type":"Feature","properties":{"OBJECTID_1":2301,"OBJECTID":2301,"X":-70.6475290578,"Y":-33.4334356507,"COD_MZN":"13101011002004"},"geometry":{"type":"Point","coordinates":[-70.647529,-33.433436,0.0]}},{"type":"Feature","properties":{"OBJECTID_1":2302,"OBJECTID":2302,"X":-70.6475352532,"Y":-33.4334395175,"COD_MZN":"13101011002004"},"geometry":{"type":"Point","coordinates":[-70.647535,-33.43344,0.0]}},{"type":"Feature","properties":{"OBJECTID_1":2303,"OBJECTID":2303,"X":-70.6475503953,"Y":-33.4334359786,"COD_MZN":"13101011002004"},"geometry":{"type":"Point","coordinates":[-70.64755,-33.433436,0.0]}},{"type":"Feature","properties":{"OBJECTID_1":2304,"OBJECTID":2304,"X":-70.6475700063,"Y":-33.4334265744,"COD_MZN":"13101011002004"},"geometry":{"type":"Point","coordinates":[-70.64757,-33.433427,0.0]}},{"type":"Feature","properties":{"OBJECTID_1":2305,"OBJECTID":2305,"X":-70.6475806489,"Y":-33.433428656,"COD_MZN":"13101011002004"},"geometry":{"type":"Point","coordinates":[-70.647581,-33.433429,0.0]}},{"type":"Feature","properties":{"OBJECTID_1":2306,"OBJECTID":2306,"X":-70.6476046026,"Y":-33.4334180199,"COD_MZN":"13101011002004"},"geometry":{"type":"Point","coordinates":[-70.647605,-33.433418,0.0]}},{"type":"Feature","properties":{"OBJECTID_1":2307,"OBJECTID":2307,"X":-70.6476107979,"Y":-33.4334218867,"COD_MZN":"13101011002004"},"geometry":{"type":"Point","coordinates":[-70.647611,-33.433422,0.0]}},{"type":"Feature","properties":{"OBJECTID_1":2308,"OBJECTID":2308,"X":-70.6476259389,"Y":-33.4334183479,"COD_MZN":"13101011002004"},"geometry":{"type":"Point","coordinates":[-70.647626,-33.433418,0.0]}},{"type":"Feature","properties":{"OBJECTID_1":2309,"OBJECTID":2309,"X":-70.6476455511,"Y":-33.4334089436,"COD_MZN":"13101011002004"},"geometry":{"type":"Point","coordinates":[-70.647646,-33.433409,0.0]}},{"type":"Feature","properties":{"OBJECTID_1":2310,"OBJECTID":2310,"X":-70.6476555541,"Y":-33.4334111032,"COD_MZN":"13101011002004"},"geometry":{"type":"Point","coordinates":[-70.647656,-33.433411,0.0]}},{"type":"Feature","properties":{"OBJECTID_1":2311,"OBJECTID":2311,"X":-70.6448009036,"Y":-33.4340902749,"COD_MZN":"13101011001002"},"geometry":{"type":"Point","coordinates":[-70.644801,-33.43409,0.0]}},{"type":"Feature","properties":{"OBJECTID_1":2312,"OBJECTID":2312,"X":-70.6448109066,"Y":-33.4340924338,"COD_MZN":"13101011001002"},"geometry":{"type":"Point","coordinates":[-70.644811,-33.434092,0.0]}},{"type":"Feature","properties":{"OBJECTID_1":2313,"OBJECTID":2313,"X":-70.6446376867,"Y":-33.4341334722,"COD_MZN":"13101011001002"},"geometry":{"type":"Point","coordinates":[-70.644638,-33.434133,0.0]}},{"type":"Feature","properties":{"OBJECTID_1":2314,"OBJECTID":2314,"X":-70.644771767,"Y":-33.4340978788,"COD_MZN":"13101011001002"},"geometry":{"type":"Point","coordinates":[-70.644772,-33.434098,0.0]}},{"type":"Feature","properties":{"OBJECTID_1":2315,"OBJECTID":2315,"X":-70.644781771,"Y":-33.4341000376,"COD_MZN":"13101011001002"},"geometry":{"type":"Point","coordinates":[-70.644782,-33.4341,0.0]}},{"type":"Feature","properties":{"OBJECTID_1":2316,"OBJECTID":2316,"X":-70.644742222,"Y":-33.4341044762,"COD_MZN":"13101011001002"},"geometry":{"type":"Point","coordinates":[-70.644742,-33.434104,0.0]}},{"type":"Feature","properties":{"OBJECTID_1":2317,"OBJECTID":2317,"X":-70.644752226,"Y":-33.434106635,"COD_MZN":"13101011001002"},"geometry":{"type":"Point","coordinates":[-70.644752,-33.434107,0.0]}},{"type":"Feature","properties":{"OBJECTID_1":2318,"OBJECTID":2318,"X":-70.6447136758,"Y":-33.4341114544,"COD_MZN":"13101011001002"},"geometry":{"type":"Point","coordinates":[-70.644714,-33.434111,0.0]}},{"type":"Feature","properties":{"OBJECTID_1":2319,"OBJECTID":2319,"X":-70.6447236799,"Y":-33.4341136132,"COD_MZN":"13101011001002"},"geometry":{"type":"Point","coordinates":[-70.644724,-33.434114,0.0]}},{"type":"Feature","properties":{"OBJECTID_1":2320,"OBJECTID":2320,"X":-70.6446865866,"Y":-33.4341174925,"COD_MZN":"13101011001002"},"geometry":{"type":"Point","coordinates":[-70.644687,-33.434117,0.0]}},{"type":"Feature","properties":{"OBJECTID_1":2321,"OBJECTID":2321,"X":-70.6446965896,"Y":-33.4341196523,"COD_MZN":"13101011001002"},"geometry":{"type":"Point","coordinates":[-70.644697,-33.43412,0.0]}},{"type":"Feature","properties":{"OBJECTID_1":2322,"OBJECTID":2322,"X":-70.6446580624,"Y":-33.4341241539,"COD_MZN":"13101011001002"},"geometry":{"type":"Point","coordinates":[-70.644658,-33.434124,0.0]}},{"type":"Feature","properties":{"OBJECTID_1":2323,"OBJECTID":2323,"X":-70.6446680654,"Y":-33.4341263128,"COD_MZN":"13101011001002"},"geometry":{"type":"Point","coordinates":[-70.644668,-33.434126,0.0]}},{"type":"Feature","properties":{"OBJECTID_1":2324,"OBJECTID":2324,"X":-70.6448290063,"Y":-33.4340837968,"COD_MZN":"13101011001002"},"geometry":{"type":"Point","coordinates":[-70.644829,-33.434084,0.0]}},{"type":"Feature","properties":{"OBJECTID_1":2325,"OBJECTID":2325,"X":-70.6448390104,"Y":-33.4340859556,"COD_MZN":"13101011001002"},"geometry":{"type":"Point","coordinates":[-70.644839,-33.434086,0.0]}},{"type":"Feature","properties":{"OBJECTID_1":2326,"OBJECTID":2326,"X":-70.6448574874,"Y":-33.43407742,"COD_MZN":"13101011001002"},"geometry":{"type":"Point","coordinates":[-70.644857,-33.434077,0.0]}},{"type":"Feature","properties":{"OBJECTID_1":2327,"OBJECTID":2327,"X":-70.6448674915,"Y":-33.4340795788,"COD_MZN":"13101011001002"},"geometry":{"type":"Point","coordinates":[-70.644867,-33.43408,0.0]}},{"type":"Feature","properties":{"OBJECTID_1":2328,"OBJECTID":2328,"X":-70.6448839091,"Y":-33.4340708929,"COD_MZN":"13101011001002"},"geometry":{"type":"Point","coordinates":[-70.644884,-33.434071,0.0]}},{"type":"Feature","properties":{"OBJECTID_1":2329,"OBJECTID":2329,"X":-70.644895348,"Y":-33.4340732176,"COD_MZN":"13101011001002"},"geometry":{"type":"Point","coordinates":[-70.644895,-33.434073,0.0]}},{"type":"Feature","properties":{"OBJECTID_1":2330,"OBJECTID":2330,"X":-70.6449134309,"Y":-33.434064431,"COD_MZN":"13101011001002"},"geometry":{"type":"Point","coordinates":[-70.644913,-33.434064,0.0]}},{"type":"Feature","properties":{"OBJECTID_1":2331,"OBJECTID":2331,"X":-70.644923435,"Y":-33.4340665899,"COD_MZN":"13101011001002"},"geometry":{"type":"Point","coordinates":[-70.644923,-33.434067,0.0]}},{"type":"Feature","properties":{"OBJECTID_1":2332,"OBJECTID":2332,"X":-70.6449420488,"Y":-33.4340572146,"COD_MZN":"13101011001002"},"geometry":{"type":"Point","coordinates":[-70.644942,-33.434057,0.0]}},{"type":"Feature","properties":{"OBJECTID_1":2333,"OBJECTID":2333,"X":-70.6449520518,"Y":-33.4340593735,"COD_MZN":"13101011001002"},"geometry":{"type":"Point","coordinates":[-70.644952,-33.434059,0.0]}},{"type":"Feature","properties":{"OBJECTID_1":2334,"OBJECTID":2334,"X":-70.6449702255,"Y":-33.4340508383,"COD_MZN":"13101011001002"},"geometry":{"type":"Point","coordinates":[-70.64497,-33.434051,0.0]}},{"type":"Feature","properties":{"OBJECTID_1":2335,"OBJECTID":2335,"X":-70.6449802296,"Y":-33.4340529971,"COD_MZN":"13101011001002"},"geometry":{"type":"Point","coordinates":[-70.64498,-33.434053,0.0]}},{"type":"Feature","properties":{"OBJECTID_1":2336,"OBJECTID":2336,"X":-70.6449983146,"Y":-33.4340442096,"COD_MZN":"13101011001002"},"geometry":{"type":"Point","coordinates":[-70.644998,-33.434044,0.0]}},{"type":"Feature","properties":{"OBJECTID_1":2337,"OBJECTID":2337,"X":-70.6450083187,"Y":-33.4340463685,"COD_MZN":"13101011001002"},"geometry":{"type":"Point","coordinates":[-70.645008,-33.434046,0.0]}},{"type":"Feature","properties":{"OBJECTID_1":2338,"OBJECTID":2338,"X":-70.6450250069,"Y":-33.4340430159,"COD_MZN":"13101011001002"},"geometry":{"type":"Point","coordinates":[-70.645025,-33.434043,0.0]}},{"type":"Feature","properties":{"OBJECTID_1":2339,"OBJECTID":2339,"X":-70.6450430898,"Y":-33.4340342294,"COD_MZN":"13101011001002"},"geometry":{"type":"Point","coordinates":[-70.645043,-33.434034,0.0]}},{"type":"Feature","properties":{"OBJECTID_1":2340,"OBJECTID":2340,"X":-70.6450530939,"Y":-33.4340363882,"COD_MZN":"13101011001002"},"geometry":{"type":"Point","coordinates":[-70.645053,-33.434036,0.0]}},{"type":"Feature","properties":{"OBJECTID_1":2341,"OBJECTID":2341,"X":-70.6450717077,"Y":-33.4340270129,"COD_MZN":"13101011001002"},"geometry":{"type":"Point","coordinates":[-70.645072,-33.434027,0.0]}},{"type":"Feature","properties":{"OBJECTID_1":2342,"OBJECTID":2342,"X":-70.6450817118,"Y":-33.4340291718,"COD_MZN":"13101011001002"},"geometry":{"type":"Point","coordinates":[-70.645082,-33.434029,0.0]}},{"type":"Feature","properties":{"OBJECTID_1":2343,"OBJECTID":2343,"X":-70.6451005316,"Y":-33.4340212484,"COD_MZN":"13101011001002"},"geometry":{"type":"Point","coordinates":[-70.645101,-33.434021,0.0]}},{"type":"Feature","properties":{"OBJECTID_1":2344,"OBJECTID":2344,"X":-70.6451105346,"Y":-33.4340234072,"COD_MZN":"13101011001002"},"geometry":{"type":"Point","coordinates":[-70.645111,-33.434023,0.0]}},{"type":"Feature","properties":{"OBJECTID_1":2345,"OBJECTID":2345,"X":-70.6451286207,"Y":-33.4340146198,"COD_MZN":"13101011001002"},"geometry":{"type":"Point","coordinates":[-70.645129,-33.434015,0.0]}},{"type":"Feature","properties":{"OBJECTID_1":2346,"OBJECTID":2346,"X":-70.6451386237,"Y":-33.4340167795,"COD_MZN":"13101011001002"},"geometry":{"type":"Point","coordinates":[-70.645139,-33.434017,0.0]}},{"type":"Feature","properties":{"OBJECTID_1":2347,"OBJECTID":2347,"X":-70.6451652156,"Y":-33.4340070729,"COD_MZN":"13101011001002"},"geometry":{"type":"Point","coordinates":[-70.645165,-33.434007,0.0]}},{"type":"Feature","properties":{"OBJECTID_1":2348,"OBJECTID":2348,"X":-70.6451752186,"Y":-33.4340092317,"COD_MZN":"13101011001002"},"geometry":{"type":"Point","coordinates":[-70.645175,-33.434009,0.0]}},{"type":"Feature","properties":{"OBJECTID_1":2349,"OBJECTID":2349,"X":-70.6451933046,"Y":-33.4340004442,"COD_MZN":"13101011001002"},"geometry":{"type":"Point","coordinates":[-70.645193,-33.434,0.0]}},{"type":"Feature","properties":{"OBJECTID_1":2350,"OBJECTID":2350,"X":-70.6452033076,"Y":-33.434002604,"COD_MZN":"13101011001002"},"geometry":{"type":"Point","coordinates":[-70.645203,-33.434003,0.0]}},{"type":"Feature","properties":{"OBJECTID_1":2351,"OBJECTID":2351,"X":-70.6445498936,"Y":-33.4341489234,"COD_MZN":"13101011001002"},"geometry":{"type":"Point","coordinates":[-70.64455,-33.434149,0.0]}},{"type":"Feature","properties":{"OBJECTID_1":2352,"OBJECTID":2352,"X":-70.6445598976,"Y":-33.4341510823,"COD_MZN":"13101011001002"},"geometry":{"type":"Point","coordinates":[-70.64456,-33.434151,0.0]}},{"type":"Feature","properties":{"OBJECTID_1":2353,"OBJECTID":2353,"X":-70.6443866774,"Y":-33.4341921194,"COD_MZN":"13101011001002"},"geometry":{"type":"Point","coordinates":[-70.644387,-33.434192,0.0]}},{"type":"Feature","properties":{"OBJECTID_1":2354,"OBJECTID":2354,"X":-70.6445207579,"Y":-33.4341565272,"COD_MZN":"13101011001002"},"geometry":{"type":"Point","coordinates":[-70.644521,-33.434157,0.0]}},{"type":"Feature","properties":{"OBJECTID_1":2355,"OBJECTID":2355,"X":-70.6445307609,"Y":-33.434158686,"COD_MZN":"13101011001002"},"geometry":{"type":"Point","coordinates":[-70.644531,-33.434159,0.0]}},{"type":"Feature","properties":{"OBJECTID_1":2356,"OBJECTID":2356,"X":-70.6444912129,"Y":-33.4341631245,"COD_MZN":"13101011001002"},"geometry":{"type":"Point","coordinates":[-70.644491,-33.434163,0.0]}},{"type":"Feature","properties":{"OBJECTID_1":2357,"OBJECTID":2357,"X":-70.6445012159,"Y":-33.4341652834,"COD_MZN":"13101011001002"},"geometry":{"type":"Point","coordinates":[-70.644501,-33.434165,0.0]}},{"type":"Feature","properties":{"OBJECTID_1":2358,"OBJECTID":2358,"X":-70.6444626667,"Y":-33.4341701027,"COD_MZN":"13101011001002"},"geometry":{"type":"Point","coordinates":[-70.644463,-33.43417,0.0]}},{"type":"Feature","properties":{"OBJECTID_1":2359,"OBJECTID":2359,"X":-70.6444726697,"Y":-33.4341722616,"COD_MZN":"13101011001002"},"geometry":{"type":"Point","coordinates":[-70.644473,-33.434172,0.0]}},{"type":"Feature","properties":{"OBJECTID_1":2360,"OBJECTID":2360,"X":-70.6444355764,"Y":-33.4341761408,"COD_MZN":"13101011001002"},"geometry":{"type":"Point","coordinates":[-70.644436,-33.434176,0.0]}},{"type":"Feature","properties":{"OBJECTID_1":2361,"OBJECTID":2361,"X":-70.6444455804,"Y":-33.4341782996,"COD_MZN":"13101011001002"},"geometry":{"type":"Point","coordinates":[-70.644446,-33.434178,0.0]}},{"type":"Feature","properties":{"OBJECTID_1":2362,"OBJECTID":2362,"X":-70.6444070522,"Y":-33.4341828021,"COD_MZN":"13101011001002"},"geometry":{"type":"Point","coordinates":[-70.644407,-33.434183,0.0]}},{"type":"Feature","properties":{"OBJECTID_1":2363,"OBJECTID":2363,"X":-70.6444170563,"Y":-33.434184961,"COD_MZN":"13101011001002"},"geometry":{"type":"Point","coordinates":[-70.644417,-33.434185,0.0]}},{"type":"Feature","properties":{"OBJECTID_1":2364,"OBJECTID":2364,"X":-70.6445779974,"Y":-33.4341424453,"COD_MZN":"13101011001002"},"geometry":{"type":"Point","coordinates":[-70.644578,-33.434142,0.0]}},{"type":"Feature","properties":{"OBJECTID_1":2365,"OBJECTID":2365,"X":-70.6445880004,"Y":-33.4341446042,"COD_MZN":"13101011001002"},"geometry":{"type":"Point","coordinates":[-70.644588,-33.434145,0.0]}},{"type":"Feature","properties":{"OBJECTID_1":2366,"OBJECTID":2366,"X":-70.6446064775,"Y":-33.4341360686,"COD_MZN":"13101011001002"},"geometry":{"type":"Point","coordinates":[-70.644606,-33.434136,0.0]}},{"type":"Feature","properties":{"OBJECTID_1":2367,"OBJECTID":2367,"X":-70.6446164815,"Y":-33.4341382274,"COD_MZN":"13101011001002"},"geometry":{"type":"Point","coordinates":[-70.644616,-33.434138,0.0]}},{"type":"Feature","properties":{"OBJECTID_1":2368,"OBJECTID":2368,"X":-70.6446329003,"Y":-33.4341295406,"COD_MZN":"13101011001002"},"geometry":{"type":"Point","coordinates":[-70.644633,-33.43413,0.0]}},{"type":"Feature","properties":{"OBJECTID_1":2369,"OBJECTID":2369,"X":-70.6442984799,"Y":-33.4342074045,"COD_MZN":"13101011001002"},"geometry":{"type":"Point","coordinates":[-70.644298,-33.434207,0.0]}},{"type":"Feature","properties":{"OBJECTID_1":2370,"OBJECTID":2370,"X":-70.6443084829,"Y":-33.4342095643,"COD_MZN":"13101011001002"},"geometry":{"type":"Point","coordinates":[-70.644308,-33.43421,0.0]}},{"type":"Feature","properties":{"OBJECTID_1":2371,"OBJECTID":2371,"X":-70.6441352624,"Y":-33.4342506011,"COD_MZN":"13101011001002"},"geometry":{"type":"Point","coordinates":[-70.644135,-33.434251,0.0]}},{"type":"Feature","properties":{"OBJECTID_1":2372,"OBJECTID":2372,"X":-70.6442693431,"Y":-33.4342150091,"COD_MZN":"13101011001002"},"geometry":{"type":"Point","coordinates":[-70.644269,-33.434215,0.0]}},{"type":"Feature","properties":{"OBJECTID_1":2373,"OBJECTID":2373,"X":-70.6442793472,"Y":-33.434217168,"COD_MZN":"13101011001002"},"geometry":{"type":"Point","coordinates":[-70.644279,-33.434217,0.0]}},{"type":"Feature","properties":{"OBJECTID_1":2374,"OBJECTID":2374,"X":-70.644239798,"Y":-33.4342216055,"COD_MZN":"13101011001002"},"geometry":{"type":"Point","coordinates":[-70.64424,-33.434222,0.0]}},{"type":"Feature","properties":{"OBJECTID_1":2375,"OBJECTID":2375,"X":-70.6442498021,"Y":-33.4342237653,"COD_MZN":"13101011001002"},"geometry":{"type":"Point","coordinates":[-70.64425,-33.434224,0.0]}},{"type":"Feature","properties":{"OBJECTID_1":2376,"OBJECTID":2376,"X":-70.6442112518,"Y":-33.4342285845,"COD_MZN":"13101011001002"},"geometry":{"type":"Point","coordinates":[-70.644211,-33.434229,0.0]}},{"type":"Feature","properties":{"OBJECTID_1":2377,"OBJECTID":2377,"X":-70.6442212559,"Y":-33.4342307434,"COD_MZN":"13101011001002"},"geometry":{"type":"Point","coordinates":[-70.644221,-33.434231,0.0]}},{"type":"Feature","properties":{"OBJECTID_1":2378,"OBJECTID":2378,"X":-70.6441841625,"Y":-33.4342346225,"COD_MZN":"13101011001002"},"geometry":{"type":"Point","coordinates":[-70.644184,-33.434235,0.0]}},{"type":"Feature","properties":{"OBJECTID_1":2379,"OBJECTID":2379,"X":-70.6441941655,"Y":-33.4342367814,"COD_MZN":"13101011001002"},"geometry":{"type":"Point","coordinates":[-70.644194,-33.434237,0.0]}},{"type":"Feature","properties":{"OBJECTID_1":2380,"OBJECTID":2380,"X":-70.6441556383,"Y":-33.4342412829,"COD_MZN":"13101011001002"},"geometry":{"type":"Point","coordinates":[-70.644156,-33.434241,0.0]}},{"type":"Feature","properties":{"OBJECTID_1":2381,"OBJECTID":2381,"X":-70.6441656413,"Y":-33.4342434427,"COD_MZN":"13101011001002"},"geometry":{"type":"Point","coordinates":[-70.644166,-33.434243,0.0]}},{"type":"Feature","properties":{"OBJECTID_1":2382,"OBJECTID":2382,"X":-70.6443265827,"Y":-33.4342009273,"COD_MZN":"13101011001002"},"geometry":{"type":"Point","coordinates":[-70.644327,-33.434201,0.0]}},{"type":"Feature","properties":{"OBJECTID_1":2383,"OBJECTID":2383,"X":-70.6443365868,"Y":-33.4342030862,"COD_MZN":"13101011001002"},"geometry":{"type":"Point","coordinates":[-70.644337,-33.434203,0.0]}},{"type":"Feature","properties":{"OBJECTID_1":2384,"OBJECTID":2384,"X":-70.6443550639,"Y":-33.4341945507,"COD_MZN":"13101011001002"},"geometry":{"type":"Point","coordinates":[-70.644355,-33.434195,0.0]}},{"type":"Feature","properties":{"OBJECTID_1":2385,"OBJECTID":2385,"X":-70.6443650679,"Y":-33.4341967095,"COD_MZN":"13101011001002"},"geometry":{"type":"Point","coordinates":[-70.644365,-33.434197,0.0]}},{"type":"Feature","properties":{"OBJECTID_1":2386,"OBJECTID":2386,"X":-70.6443814856,"Y":-33.4341880228,"COD_MZN":"13101011001002"},"geometry":{"type":"Point","coordinates":[-70.644381,-33.434188,0.0]}},{"type":"Feature","properties":{"OBJECTID_1":2387,"OBJECTID":2387,"X":-70.6440481822,"Y":-33.4342661101,"COD_MZN":"13101011001002"},"geometry":{"type":"Point","coordinates":[-70.644048,-33.434266,0.0]}},{"type":"Feature","properties":{"OBJECTID_1":2388,"OBJECTID":2388,"X":-70.6440581863,"Y":-33.434268269,"COD_MZN":"13101011001002"},"geometry":{"type":"Point","coordinates":[-70.644058,-33.434268,0.0]}},{"type":"Feature","properties":{"OBJECTID_1":2389,"OBJECTID":2389,"X":-70.6438849645,"Y":-33.4343093064,"COD_MZN":"13101011001002"},"geometry":{"type":"Point","coordinates":[-70.643885,-33.434309,0.0]}},{"type":"Feature","properties":{"OBJECTID_1":2390,"OBJECTID":2390,"X":-70.6440190465,"Y":-33.4342737138,"COD_MZN":"13101011001002"},"geometry":{"type":"Point","coordinates":[-70.644019,-33.434274,0.0]}},{"type":"Feature","properties":{"OBJECTID_1":2391,"OBJECTID":2391,"X":-70.6440290495,"Y":-33.4342758727,"COD_MZN":"13101011001002"},"geometry":{"type":"Point","coordinates":[-70.644029,-33.434276,0.0]}},{"type":"Feature","properties":{"OBJECTID_1":2392,"OBJECTID":2392,"X":-70.6439895014,"Y":-33.434280311,"COD_MZN":"13101011001002"},"geometry":{"type":"Point","coordinates":[-70.64399,-33.43428,0.0]}},{"type":"Feature","properties":{"OBJECTID_1":2393,"OBJECTID":2393,"X":-70.6439995044,"Y":-33.4342824699,"COD_MZN":"13101011001002"},"geometry":{"type":"Point","coordinates":[-70.644,-33.434282,0.0]}},{"type":"Feature","properties":{"OBJECTID_1":2394,"OBJECTID":2394,"X":-70.6439609541,"Y":-33.4342872891,"COD_MZN":"13101011001002"},"geometry":{"type":"Point","coordinates":[-70.643961,-33.434287,0.0]}},{"type":"Feature","properties":{"OBJECTID_1":2395,"OBJECTID":2395,"X":-70.6439709581,"Y":-33.4342894489,"COD_MZN":"13101011001002"},"geometry":{"type":"Point","coordinates":[-70.643971,-33.434289,0.0]}},{"type":"Feature","properties":{"OBJECTID_1":2396,"OBJECTID":2396,"X":-70.6439338647,"Y":-33.434293327,"COD_MZN":"13101011001002"},"geometry":{"type":"Point","coordinates":[-70.643934,-33.434293,0.0]}},{"type":"Feature","properties":{"OBJECTID_1":2397,"OBJECTID":2397,"X":-70.6439438688,"Y":-33.4342954868,"COD_MZN":"13101011001002"},"geometry":{"type":"Point","coordinates":[-70.643944,-33.434295,0.0]}},{"type":"Feature","properties":{"OBJECTID_1":2398,"OBJECTID":2398,"X":-70.6439053404,"Y":-33.4342999882,"COD_MZN":"13101011001002"},"geometry":{"type":"Point","coordinates":[-70.643905,-33.4343,0.0]}},{"type":"Feature","properties":{"OBJECTID_1":2399,"OBJECTID":2399,"X":-70.6439153445,"Y":-33.4343021472,"COD_MZN":"13101011001002"},"geometry":{"type":"Point","coordinates":[-70.643915,-33.434302,0.0]}},{"type":"Feature","properties":{"OBJECTID_1":2400,"OBJECTID":2400,"X":-70.6440762851,"Y":-33.4342596321,"COD_MZN":"13101011001002"},"geometry":{"type":"Point","coordinates":[-70.644076,-33.43426,0.0]}},{"type":"Feature","properties":{"OBJECTID_1":2401,"OBJECTID":2401,"X":-70.6440862892,"Y":-33.434261791,"COD_MZN":"13101011001002"},"geometry":{"type":"Point","coordinates":[-70.644086,-33.434262,0.0]}},{"type":"Feature","properties":{"OBJECTID_1":2402,"OBJECTID":2402,"X":-70.6441047663,"Y":-33.4342532555,"COD_MZN":"13101011001002"},"geometry":{"type":"Point","coordinates":[-70.644105,-33.434253,0.0]}},{"type":"Feature","properties":{"OBJECTID_1":2403,"OBJECTID":2403,"X":-70.6441147704,"Y":-33.4342554153,"COD_MZN":"13101011001002"},"geometry":{"type":"Point","coordinates":[-70.644115,-33.434255,0.0]}},{"type":"Feature","properties":{"OBJECTID_1":2404,"OBJECTID":2404,"X":-70.6441311892,"Y":-33.4342467286,"COD_MZN":"13101011001002"},"geometry":{"type":"Point","coordinates":[-70.644131,-33.434247,0.0]}},{"type":"Feature","properties":{"OBJECTID_1":2405,"OBJECTID":2405,"X":-70.6433011001,"Y":-33.434440103,"COD_MZN":"13101011001002"},"geometry":{"type":"Point","coordinates":[-70.643301,-33.43444,0.0]}},{"type":"Feature","properties":{"OBJECTID_1":2406,"OBJECTID":2406,"X":-70.6433111041,"Y":-33.4344422619,"COD_MZN":"13101011001002"},"geometry":{"type":"Point","coordinates":[-70.643311,-33.434442,0.0]}},{"type":"Feature","properties":{"OBJECTID_1":2407,"OBJECTID":2407,"X":-70.6431378827,"Y":-33.4344832983,"COD_MZN":"13101011001002"},"geometry":{"type":"Point","coordinates":[-70.643138,-33.434483,0.0]}},{"type":"Feature","properties":{"OBJECTID_1":2408,"OBJECTID":2408,"X":-70.6432719642,"Y":-33.4344477065,"COD_MZN":"13101011001002"},"geometry":{"type":"Point","coordinates":[-70.643272,-33.434448,0.0]}},{"type":"Feature","properties":{"OBJECTID_1":2409,"OBJECTID":2409,"X":-70.6432819683,"Y":-33.4344498654,"COD_MZN":"13101011001002"},"geometry":{"type":"Point","coordinates":[-70.643282,-33.43445,0.0]}},{"type":"Feature","properties":{"OBJECTID_1":2410,"OBJECTID":2410,"X":-70.6432424189,"Y":-33.4344543035,"COD_MZN":"13101011001002"},"geometry":{"type":"Point","coordinates":[-70.643242,-33.434454,0.0]}},{"type":"Feature","properties":{"OBJECTID_1":2411,"OBJECTID":2411,"X":-70.643252423,"Y":-33.4344564625,"COD_MZN":"13101011001002"},"geometry":{"type":"Point","coordinates":[-70.643252,-33.434456,0.0]}},{"type":"Feature","properties":{"OBJECTID_1":2412,"OBJECTID":2412,"X":-70.6432138726,"Y":-33.4344612814,"COD_MZN":"13101011001002"},"geometry":{"type":"Point","coordinates":[-70.643214,-33.434461,0.0]}},{"type":"Feature","properties":{"OBJECTID_1":2413,"OBJECTID":2413,"X":-70.6432238756,"Y":-33.4344634404,"COD_MZN":"13101011001002"},"geometry":{"type":"Point","coordinates":[-70.643224,-33.434463,0.0]}},{"type":"Feature","properties":{"OBJECTID_1":2414,"OBJECTID":2414,"X":-70.643186782,"Y":-33.4344673192,"COD_MZN":"13101011001002"},"geometry":{"type":"Point","coordinates":[-70.643187,-33.434467,0.0]}},{"type":"Feature","properties":{"OBJECTID_1":2415,"OBJECTID":2415,"X":-70.6431967861,"Y":-33.4344694791,"COD_MZN":"13101011001002"},"geometry":{"type":"Point","coordinates":[-70.643197,-33.434469,0.0]}},{"type":"Feature","properties":{"OBJECTID_1":2416,"OBJECTID":2416,"X":-70.6431582576,"Y":-33.4344739803,"COD_MZN":"13101011001002"},"geometry":{"type":"Point","coordinates":[-70.643158,-33.434474,0.0]}},{"type":"Feature","properties":{"OBJECTID_1":2417,"OBJECTID":2417,"X":-70.6431682617,"Y":-33.4344761392,"COD_MZN":"13101011001002"},"geometry":{"type":"Point","coordinates":[-70.643168,-33.434476,0.0]}},{"type":"Feature","properties":{"OBJECTID_1":2418,"OBJECTID":2418,"X":-70.6433292041,"Y":-33.4344336251,"COD_MZN":"13101011001002"},"geometry":{"type":"Point","coordinates":[-70.643329,-33.434434,0.0]}},{"type":"Feature","properties":{"OBJECTID_1":2419,"OBJECTID":2419,"X":-70.6433392071,"Y":-33.4344357841,"COD_MZN":"13101011001002"},"geometry":{"type":"Point","coordinates":[-70.643339,-33.434436,0.0]}},{"type":"Feature","properties":{"OBJECTID_1":2420,"OBJECTID":2420,"X":-70.6433576854,"Y":-33.4344272487,"COD_MZN":"13101011001002"},"geometry":{"type":"Point","coordinates":[-70.643358,-33.434427,0.0]}},{"type":"Feature","properties":{"OBJECTID_1":2421,"OBJECTID":2421,"X":-70.6433676884,"Y":-33.4344294077,"COD_MZN":"13101011001002"},"geometry":{"type":"Point","coordinates":[-70.643368,-33.434429,0.0]}},{"type":"Feature","properties":{"OBJECTID_1":2422,"OBJECTID":2422,"X":-70.6433841073,"Y":-33.4344207219,"COD_MZN":"13101011001002"},"geometry":{"type":"Point","coordinates":[-70.643384,-33.434421,0.0]}},{"type":"Feature","properties":{"OBJECTID_1":2423,"OBJECTID":2423,"X":-70.6435436377,"Y":-33.4343825713,"COD_MZN":"13101011001002"},"geometry":{"type":"Point","coordinates":[-70.643544,-33.434383,0.0]}},{"type":"Feature","properties":{"OBJECTID_1":2424,"OBJECTID":2424,"X":-70.6435536418,"Y":-33.4343847311,"COD_MZN":"13101011001002"},"geometry":{"type":"Point","coordinates":[-70.643554,-33.434385,0.0]}},{"type":"Feature","properties":{"OBJECTID_1":2425,"OBJECTID":2425,"X":-70.643514502,"Y":-33.4343901757,"COD_MZN":"13101011001002"},"geometry":{"type":"Point","coordinates":[-70.643515,-33.43439,0.0]}},{"type":"Feature","properties":{"OBJECTID_1":2426,"OBJECTID":2426,"X":-70.643524506,"Y":-33.4343923346,"COD_MZN":"13101011001002"},"geometry":{"type":"Point","coordinates":[-70.643525,-33.434392,0.0]}},{"type":"Feature","properties":{"OBJECTID_1":2427,"OBJECTID":2427,"X":-70.6434849567,"Y":-33.4343967719,"COD_MZN":"13101011001002"},"geometry":{"type":"Point","coordinates":[-70.643485,-33.434397,0.0]}},{"type":"Feature","properties":{"OBJECTID_1":2428,"OBJECTID":2428,"X":-70.6434949608,"Y":-33.4343989317,"COD_MZN":"13101011001002"},"geometry":{"type":"Point","coordinates":[-70.643495,-33.434399,0.0]}},{"type":"Feature","properties":{"OBJECTID_1":2429,"OBJECTID":2429,"X":-70.6434564104,"Y":-33.4344037507,"COD_MZN":"13101011001002"},"geometry":{"type":"Point","coordinates":[-70.643456,-33.434404,0.0]}},{"type":"Feature","properties":{"OBJECTID_1":2430,"OBJECTID":2430,"X":-70.6434664134,"Y":-33.4344059097,"COD_MZN":"13101011001002"},"geometry":{"type":"Point","coordinates":[-70.643466,-33.434406,0.0]}},{"type":"Feature","properties":{"OBJECTID_1":2431,"OBJECTID":2431,"X":-70.6434293199,"Y":-33.4344097886,"COD_MZN":"13101011001002"},"geometry":{"type":"Point","coordinates":[-70.643429,-33.43441,0.0]}},{"type":"Feature","properties":{"OBJECTID_1":2432,"OBJECTID":2432,"X":-70.643439324,"Y":-33.4344119475,"COD_MZN":"13101011001002"},"geometry":{"type":"Point","coordinates":[-70.643439,-33.434412,0.0]}},{"type":"Feature","properties":{"OBJECTID_1":2433,"OBJECTID":2433,"X":-70.6434007956,"Y":-33.4344164497,"COD_MZN":"13101011001002"},"geometry":{"type":"Point","coordinates":[-70.643401,-33.434416,0.0]}},{"type":"Feature","properties":{"OBJECTID_1":2434,"OBJECTID":2434,"X":-70.6434107996,"Y":-33.4344186087,"COD_MZN":"13101011001002"},"geometry":{"type":"Point","coordinates":[-70.643411,-33.434419,0.0]}},{"type":"Feature","properties":{"OBJECTID_1":2435,"OBJECTID":2435,"X":-70.6435717418,"Y":-33.4343760943,"COD_MZN":"13101011001002"},"geometry":{"type":"Point","coordinates":[-70.643572,-33.434376,0.0]}},{"type":"Feature","properties":{"OBJECTID_1":2436,"OBJECTID":2436,"X":-70.6435817448,"Y":-33.4343782532,"COD_MZN":"13101011001002"},"geometry":{"type":"Point","coordinates":[-70.643582,-33.434378,0.0]}},{"type":"Feature","properties":{"OBJECTID_1":2437,"OBJECTID":2437,"X":-70.643600223,"Y":-33.4343697178,"COD_MZN":"13101011001002"},"geometry":{"type":"Point","coordinates":[-70.6436,-33.43437,0.0]}},{"type":"Feature","properties":{"OBJECTID_1":2438,"OBJECTID":2438,"X":-70.6436102261,"Y":-33.4343718767,"COD_MZN":"13101011001002"},"geometry":{"type":"Point","coordinates":[-70.64361,-33.434372,0.0]}},{"type":"Feature","properties":{"OBJECTID_1":2439,"OBJECTID":2439,"X":-70.6436266449,"Y":-33.43436319,"COD_MZN":"13101011001002"},"geometry":{"type":"Point","coordinates":[-70.643627,-33.434363,0.0]}},{"type":"Feature","properties":{"OBJECTID_1":2440,"OBJECTID":2440,"X":-70.6437888781,"Y":-33.4343264642,"COD_MZN":"13101011001002"},"geometry":{"type":"Point","coordinates":[-70.643789,-33.434326,0.0]}},{"type":"Feature","properties":{"OBJECTID_1":2441,"OBJECTID":2441,"X":-70.6437988822,"Y":-33.4343286231,"COD_MZN":"13101011001002"},"geometry":{"type":"Point","coordinates":[-70.643799,-33.434329,0.0]}},{"type":"Feature","properties":{"OBJECTID_1":2442,"OBJECTID":2442,"X":-70.643759303,"Y":-33.4343336434,"COD_MZN":"13101011001002"},"geometry":{"type":"Point","coordinates":[-70.643759,-33.434334,0.0]}},{"type":"Feature","properties":{"OBJECTID_1":2443,"OBJECTID":2443,"X":-70.6437693071,"Y":-33.4343358032,"COD_MZN":"13101011001002"},"geometry":{"type":"Point","coordinates":[-70.643769,-33.434336,0.0]}},{"type":"Feature","properties":{"OBJECTID_1":2444,"OBJECTID":2444,"X":-70.6437297578,"Y":-33.4343402406,"COD_MZN":"13101011001002"},"geometry":{"type":"Point","coordinates":[-70.64373,-33.43434,0.0]}},{"type":"Feature","properties":{"OBJECTID_1":2445,"OBJECTID":2445,"X":-70.6437397619,"Y":-33.4343424004,"COD_MZN":"13101011001002"},"geometry":{"type":"Point","coordinates":[-70.64374,-33.434342,0.0]}},{"type":"Feature","properties":{"OBJECTID_1":2446,"OBJECTID":2446,"X":-70.6437009378,"Y":-33.4343465657,"COD_MZN":"13101011001002"},"geometry":{"type":"Point","coordinates":[-70.643701,-33.434347,0.0]}},{"type":"Feature","properties":{"OBJECTID_1":2447,"OBJECTID":2447,"X":-70.6437109419,"Y":-33.4343487255,"COD_MZN":"13101011001002"},"geometry":{"type":"Point","coordinates":[-70.643711,-33.434349,0.0]}},{"type":"Feature","properties":{"OBJECTID_1":2448,"OBJECTID":2448,"X":-70.6436738485,"Y":-33.4343526045,"COD_MZN":"13101011001002"},"geometry":{"type":"Point","coordinates":[-70.643674,-33.434353,0.0]}},{"type":"Feature","properties":{"OBJECTID_1":2449,"OBJECTID":2449,"X":-70.6436838515,"Y":-33.4343547634,"COD_MZN":"13101011001002"},"geometry":{"type":"Point","coordinates":[-70.643684,-33.434355,0.0]}},{"type":"Feature","properties":{"OBJECTID_1":2450,"OBJECTID":2450,"X":-70.6436453241,"Y":-33.4343592647,"COD_MZN":"13101011001002"},"geometry":{"type":"Point","coordinates":[-70.643645,-33.434359,0.0]}},{"type":"Feature","properties":{"OBJECTID_1":2451,"OBJECTID":2451,"X":-70.6436553272,"Y":-33.4343614237,"COD_MZN":"13101011001002"},"geometry":{"type":"Point","coordinates":[-70.643655,-33.434361,0.0]}},{"type":"Feature","properties":{"OBJECTID_1":2452,"OBJECTID":2452,"X":-70.643816981,"Y":-33.4343199862,"COD_MZN":"13101011001002"},"geometry":{"type":"Point","coordinates":[-70.643817,-33.43432,0.0]}},{"type":"Feature","properties":{"OBJECTID_1":2453,"OBJECTID":2453,"X":-70.6438268946,"Y":-33.434322141,"COD_MZN":"13101011001002"},"geometry":{"type":"Point","coordinates":[-70.643827,-33.434322,0.0]}},{"type":"Feature","properties":{"OBJECTID_1":2454,"OBJECTID":2454,"X":-70.6438453718,"Y":-33.4343136055,"COD_MZN":"13101011001002"},"geometry":{"type":"Point","coordinates":[-70.643845,-33.434314,0.0]}},{"type":"Feature","properties":{"OBJECTID_1":2455,"OBJECTID":2455,"X":-70.6438555701,"Y":-33.4343153984,"COD_MZN":"13101011001002"},"geometry":{"type":"Point","coordinates":[-70.643856,-33.434315,0.0]}},{"type":"Feature","properties":{"OBJECTID_1":2456,"OBJECTID":2456,"X":-70.6438719889,"Y":-33.4343067117,"COD_MZN":"13101011001002"},"geometry":{"type":"Point","coordinates":[-70.643872,-33.434307,0.0]}}]}