{
"type": "FeatureCollection",
"name": "AMB_POL_RECORRIDO_BARRIOS",
"features": [
{ "type": "Feature", "properties": { "BARRIO": "SAN VICENTE", "ÁREA": 30.0, "Shape_Leng": 3152.0509984199998, "Shape_Area": 581540.23091499996 }, "geometry": { "type": "Polygon", "coordinates": [ [ [ -70.672139, -33.458391, 0.0 ], [ -70.672139, -33.458391, 0.0 ], [ -70.672139, -33.45839, 0.0 ], [ -70.672139, -33.45839, 0.0 ], [ -70.672139, -33.45839, 0.0 ], [ -70.67214, -33.45839, 0.0 ], [ -70.67235, -33.458334, 0.0 ], [ -70.672353, -33.458333, 0.0 ], [ -70.673511, -33.458399, 0.0 ], [ -70.673512, -33.458399, 0.0 ], [ -70.673596, -33.458497, 0.0 ], [ -70.673597, -33.458496, 0.0 ], [ -70.673707, -33.458406, 0.0 ], [ -70.673707, -33.458406, 0.0 ], [ -70.673865, -33.458415, 0.0 ], [ -70.674777, -33.458472, 0.0 ], [ -70.674778, -33.458473, 0.0 ], [ -70.674856, -33.45857, 0.0 ], [ -70.674856, -33.45857, 0.0 ], [ -70.67497, -33.458488, 0.0 ], [ -70.674971, -33.458487, 0.0 ], [ -70.675192, -33.458499, 0.0 ], [ -70.675508, -33.458515, 0.0 ], [ -70.676068, -33.458544, 0.0 ], [ -70.676069, -33.458545, 0.0 ], [ -70.676146, -33.458642, 0.0 ], [ -70.676146, -33.458642, 0.0 ], [ -70.676207, -33.458589, 0.0 ], [ -70.676262, -33.458543, 0.0 ], [ -70.676263, -33.458542, 0.0 ], [ -70.676375, -33.458519, 0.0 ], [ -70.677329, -33.458325, 0.0 ], [ -70.67733, -33.458325, 0.0 ], [ -70.677714, -33.458247, 0.0 ], [ -70.678113, -33.458166, 0.0 ], [ -70.678322, -33.458214, 0.0 ], [ -70.678356, -33.458221, 0.0 ], [ -70.678378, -33.458518, 0.0 ], [ -70.678398, -33.458791, 0.0 ], [ -70.678505, -33.460235, 0.0 ], [ -70.678512, -33.460325, 0.0 ], [ -70.678551, -33.460884, 0.0 ], [ -70.678587, -33.46141, 0.0 ], [ -70.678613, -33.46178, 0.0 ], [ -70.678648, -33.462251, 0.0 ], [ -70.678665, -33.462483, 0.0 ], [ -70.678685, -33.462757, 0.0 ], [ -70.678699, -33.462963, 0.0 ], [ -70.6787, -33.462976, 0.0 ], [ -70.678704, -33.463037, 0.0 ], [ -70.678719, -33.463267, 0.0 ], [ -70.678727, -33.463393, 0.0 ], [ -70.678731, -33.463446, 0.0 ], [ -70.678735, -33.463512, 0.0 ], [ -70.678741, -33.463602, 0.0 ], [ -70.678747, -33.463692, 0.0 ], [ -70.67875, -33.46373, 0.0 ], [ -70.678759, -33.463852, 0.0 ], [ -70.678766, -33.463946, 0.0 ], [ -70.678771, -33.464017, 0.0 ], [ -70.678771, -33.464017, 0.0 ], [ -70.678806, -33.464576, 0.0 ], [ -70.678811, -33.464646, 0.0 ], [ -70.678816, -33.464739, 0.0 ], [ -70.678828, -33.46492, 0.0 ], [ -70.678829, -33.464942, 0.0 ], [ -70.678838, -33.465056, 0.0 ], [ -70.678852, -33.465234, 0.0 ], [ -70.678857, -33.465298, 0.0 ], [ -70.678878, -33.465557, 0.0 ], [ -70.678886, -33.465657, 0.0 ], [ -70.678923, -33.466125, 0.0 ], [ -70.678936, -33.466293, 0.0 ], [ -70.678937, -33.466311, 0.0 ], [ -70.678938, -33.466322, 0.0 ], [ -70.678951, -33.466485, 0.0 ], [ -70.678965, -33.46667, 0.0 ], [ -70.678943, -33.466669, 0.0 ], [ -70.678653, -33.466658, 0.0 ], [ -70.677993, -33.466632, 0.0 ], [ -70.677023, -33.466594, 0.0 ], [ -70.676601, -33.466572, 0.0 ], [ -70.67598, -33.466554, 0.0 ], [ -70.67598, -33.466554, 0.0 ], [ -70.675594, -33.466541, 0.0 ], [ -70.675594, -33.466541, 0.0 ], [ -70.67551, -33.466533, 0.0 ], [ -70.67475, -33.466515, 0.0 ], [ -70.674741, -33.466515, 0.0 ], [ -70.674294, -33.466504, 0.0 ], [ -70.674294, -33.466504, 0.0 ], [ -70.67402, -33.466498, 0.0 ], [ -70.674008, -33.466497, 0.0 ], [ -70.673495, -33.466479, 0.0 ], [ -70.673014, -33.466458, 0.0 ], [ -70.673014, -33.466458, 0.0 ], [ -70.671848, -33.466448, 0.0 ], [ -70.671821, -33.466448, 0.0 ], [ -70.671814, -33.46645, 0.0 ], [ -70.671642, -33.46653, 0.0 ], [ -70.671638, -33.466531, 0.0 ], [ -70.671703, -33.466485, 0.0 ], [ -70.671727, -33.46644, 0.0 ], [ -70.671727, -33.46644, 0.0 ], [ -70.671726, -33.466395, 0.0 ], [ -70.671725, -33.466391, 0.0 ], [ -70.671711, -33.466352, 0.0 ], [ -70.671711, -33.46635, 0.0 ], [ -70.671708, -33.466346, 0.0 ], [ -70.671692, -33.466328, 0.0 ], [ -70.67168, -33.466314, 0.0 ], [ -70.671657, -33.466297, 0.0 ], [ -70.671656, -33.466296, 0.0 ], [ -70.671567, -33.466216, 0.0 ], [ -70.671539, -33.464792, 0.0 ], [ -70.671539, -33.464792, 0.0 ], [ -70.671558, -33.464675, 0.0 ], [ -70.671558, -33.464674, 0.0 ], [ -70.671521, -33.463514, 0.0 ], [ -70.671521, -33.463513, 0.0 ], [ -70.671551, -33.463213, 0.0 ], [ -70.67162, -33.462515, 0.0 ], [ -70.67163, -33.46241, 0.0 ], [ -70.671632, -33.462392, 0.0 ], [ -70.671783, -33.461254, 0.0 ], [ -70.671905, -33.460279, 0.0 ], [ -70.671905, -33.460279, 0.0 ], [ -70.671926, -33.460107, 0.0 ], [ -70.671927, -33.460103, 0.0 ], [ -70.671927, -33.460102, 0.0 ], [ -70.671977, -33.459723, 0.0 ], [ -70.672032, -33.459304, 0.0 ], [ -70.672074, -33.458977, 0.0 ], [ -70.672114, -33.458553, 0.0 ], [ -70.672139, -33.458391, 0.0 ] ] ] } },
{ "type": "Feature", "properties": { "BARRIO": "SAN EUGENIO", "ÁREA": 12.0, "Shape_Leng": 2075.65020779, "Shape_Area": 151162.409762 }, "geometry": { "type": "MultiPolygon", "coordinates": [ [ [ [ -70.671578, -33.476768, 0.0 ], [ -70.671578, -33.476768, 0.0 ], [ -70.671584, -33.476768, 0.0 ], [ -70.671612, -33.476768, 0.0 ], [ -70.67177, -33.476763, 0.0 ], [ -70.673118, -33.476729, 0.0 ], [ -70.67312, -33.476729, 0.0 ], [ -70.673219, -33.476701, 0.0 ], [ -70.673294, -33.476681, 0.0 ], [ -70.673369, -33.47668, 0.0 ], [ -70.673548, -33.476678, 0.0 ], [ -70.67372, -33.476685, 0.0 ], [ -70.673989, -33.476708, 0.0 ], [ -70.674217, -33.476727, 0.0 ], [ -70.67461, -33.476767, 0.0 ], [ -70.675043, -33.47681, 0.0 ], [ -70.675397, -33.476846, 0.0 ], [ -70.675736, -33.476874, 0.0 ], [ -70.675848, -33.476881, 0.0 ], [ -70.675994, -33.476879, 0.0 ], [ -70.676255, -33.476876, 0.0 ], [ -70.676466, -33.47687, 0.0 ], [ -70.676695, -33.476862, 0.0 ], [ -70.677036, -33.47685, 0.0 ], [ -70.677418, -33.476837, 0.0 ], [ -70.677669, -33.476828, 0.0 ], [ -70.677915, -33.476828, 0.0 ], [ -70.6782, -33.476827, 0.0 ], [ -70.678782, -33.476828, 0.0 ], [ -70.679194, -33.476836, 0.0 ], [ -70.679617, -33.476845, 0.0 ], [ -70.680249, -33.476867, 0.0 ], [ -70.680696, -33.476883, 0.0 ], [ -70.6807, -33.47695, 0.0 ], [ -70.680803, -33.478358, 0.0 ], [ -70.680783, -33.478357, 0.0 ], [ -70.680769, -33.478357, 0.0 ], [ -70.68076, -33.478357, 0.0 ], [ -70.680699, -33.478356, 0.0 ], [ -70.680525, -33.478354, 0.0 ], [ -70.680463, -33.478353, 0.0 ], [ -70.680454, -33.478353, 0.0 ], [ -70.68045, -33.478353, 0.0 ], [ -70.680445, -33.478352, 0.0 ], [ -70.680261, -33.478351, 0.0 ], [ -70.680261, -33.478351, 0.0 ], [ -70.680237, -33.478351, 0.0 ], [ -70.680193, -33.478352, 0.0 ], [ -70.68018, -33.478352, 0.0 ], [ -70.680167, -33.478352, 0.0 ], [ -70.680137, -33.478353, 0.0 ], [ -70.680132, -33.478353, 0.0 ], [ -70.680077, -33.478353, 0.0 ], [ -70.679922, -33.478356, 0.0 ], [ -70.679874, -33.478356, 0.0 ], [ -70.67977, -33.478358, 0.0 ], [ -70.679736, -33.478358, 0.0 ], [ -70.67971, -33.478358, 0.0 ], [ -70.679564, -33.47836, 0.0 ], [ -70.679071, -33.478367, 0.0 ], [ -70.678647, -33.478373, 0.0 ], [ -70.67849, -33.478375, 0.0 ], [ -70.678129, -33.47838, 0.0 ], [ -70.676896, -33.478397, 0.0 ], [ -70.676553, -33.478401, 0.0 ], [ -70.676553, -33.478401, 0.0 ], [ -70.676082, -33.478408, 0.0 ], [ -70.67548, -33.478416, 0.0 ], [ -70.674964, -33.478423, 0.0 ], [ -70.674943, -33.478423, 0.0 ], [ -70.674943, -33.478423, 0.0 ], [ -70.674825, -33.478425, 0.0 ], [ -70.674714, -33.478426, 0.0 ], [ -70.674703, -33.478426, 0.0 ], [ -70.674558, -33.478428, 0.0 ], [ -70.674527, -33.478429, 0.0 ], [ -70.674484, -33.478429, 0.0 ], [ -70.674477, -33.478429, 0.0 ], [ -70.673898, -33.478436, 0.0 ], [ -70.673774, -33.478438, 0.0 ], [ -70.673193, -33.478445, 0.0 ], [ -70.672655, -33.478451, 0.0 ], [ -70.672385, -33.478454, 0.0 ], [ -70.672299, -33.478455, 0.0 ], [ -70.672131, -33.478457, 0.0 ], [ -70.67171, -33.478462, 0.0 ], [ -70.671684, -33.478462, 0.0 ], [ -70.671655, -33.478464, 0.0 ], [ -70.671586, -33.478468, 0.0 ], [ -70.671584, -33.478276, 0.0 ], [ -70.671584, -33.478253, 0.0 ], [ -70.671583, -33.478179, 0.0 ], [ -70.671581, -33.477968, 0.0 ], [ -70.671579, -33.477806, 0.0 ], [ -70.671577, -33.477562, 0.0 ], [ -70.671577, -33.477561, 0.0 ], [ -70.671577, -33.477399, 0.0 ], [ -70.671577, -33.477275, 0.0 ], [ -70.671577, -33.477218, 0.0 ], [ -70.671577, -33.477161, 0.0 ], [ -70.671578, -33.476768, 0.0 ] ] ], [ [ [ -70.671573, -33.476651, 0.0 ], [ -70.671577, -33.476586, 0.0 ], [ -70.671574, -33.476662, 0.0 ], [ -70.671573, -33.476651, 0.0 ] ] ] ] } },
{ "type": "Feature", "properties": { "BARRIO": "SAN EUGENIO", "ÁREA": 12.0, "Shape_Leng": 5692.2346881900003, "Shape_Area": 1016207.79764 }, "geometry": { "type": "GeometryCollection", "geometries": [ { "type": "Polygon", "coordinates": [ [ [ -70.678965, -33.46667, 0.0 ], [ -70.678966, -33.466671, 0.0 ], [ -70.678976, -33.466762, 0.0 ], [ -70.678996, -33.467169, 0.0 ], [ -70.679006, -33.467385, 0.0 ], [ -70.679013, -33.46753, 0.0 ], [ -70.679014, -33.46754, 0.0 ], [ -70.679022, -33.467706, 0.0 ], [ -70.67904, -33.468083, 0.0 ], [ -70.679047, -33.468222, 0.0 ], [ -70.679054, -33.46837, 0.0 ], [ -70.679058, -33.468445, 0.0 ], [ -70.679068, -33.468641, 0.0 ], [ -70.679071, -33.46871, 0.0 ], [ -70.679076, -33.46882, 0.0 ], [ -70.679079, -33.468868, 0.0 ], [ -70.679079, -33.468874, 0.0 ], [ -70.679088, -33.46906, 0.0 ], [ -70.679096, -33.469109, 0.0 ], [ -70.679109, -33.469188, 0.0 ], [ -70.679109, -33.469192, 0.0 ], [ -70.679115, -33.46923, 0.0 ], [ -70.679125, -33.469291, 0.0 ], [ -70.67913, -33.469322, 0.0 ], [ -70.679133, -33.469338, 0.0 ], [ -70.679133, -33.469339, 0.0 ], [ -70.679148, -33.469404, 0.0 ], [ -70.679151, -33.46942, 0.0 ], [ -70.679176, -33.469507, 0.0 ], [ -70.679181, -33.469518, 0.0 ], [ -70.679209, -33.469574, 0.0 ], [ -70.679219, -33.46959, 0.0 ], [ -70.679275, -33.469678, 0.0 ], [ -70.679349, -33.469796, 0.0 ], [ -70.679415, -33.469897, 0.0 ], [ -70.679474, -33.469989, 0.0 ], [ -70.679489, -33.470012, 0.0 ], [ -70.67949, -33.470013, 0.0 ], [ -70.679563, -33.470126, 0.0 ], [ -70.679618, -33.470211, 0.0 ], [ -70.679692, -33.470325, 0.0 ], [ -70.67975, -33.470406, 0.0 ], [ -70.679797, -33.470461, 0.0 ], [ -70.679845, -33.4705, 0.0 ], [ -70.679849, -33.470511, 0.0 ], [ -70.679855, -33.470531, 0.0 ], [ -70.679861, -33.470557, 0.0 ], [ -70.679863, -33.470563, 0.0 ], [ -70.679865, -33.47059, 0.0 ], [ -70.679865, -33.470592, 0.0 ], [ -70.679859, -33.470617, 0.0 ], [ -70.679859, -33.470618, 0.0 ], [ -70.679858, -33.47062, 0.0 ], [ -70.679857, -33.470621, 0.0 ], [ -70.679841, -33.470641, 0.0 ], [ -70.679819, -33.470662, 0.0 ], [ -70.679787, -33.470678, 0.0 ], [ -70.679774, -33.470678, 0.0 ], [ -70.679747, -33.470678, 0.0 ], [ -70.679743, -33.470678, 0.0 ], [ -70.679669, -33.470678, 0.0 ], [ -70.679662, -33.470678, 0.0 ], [ -70.67961, -33.470678, 0.0 ], [ -70.679599, -33.470678, 0.0 ], [ -70.679581, -33.470678, 0.0 ], [ -70.679572, -33.470678, 0.0 ], [ -70.679489, -33.470678, 0.0 ], [ -70.679453, -33.470678, 0.0 ], [ -70.679448, -33.470678, 0.0 ], [ -70.679147, -33.470678, 0.0 ], [ -70.679146, -33.470678, 0.0 ], [ -70.678543, -33.470677, 0.0 ], [ -70.678542, -33.470677, 0.0 ], [ -70.678333, -33.470676, 0.0 ], [ -70.678075, -33.470675, 0.0 ], [ -70.678074, -33.470675, 0.0 ], [ -70.677794, -33.470673, 0.0 ], [ -70.677573, -33.470672, 0.0 ], [ -70.676963, -33.47066, 0.0 ], [ -70.676789, -33.470656, 0.0 ], [ -70.676473, -33.470651, 0.0 ], [ -70.676277, -33.470648, 0.0 ], [ -70.675535, -33.470637, 0.0 ], [ -70.675486, -33.470636, 0.0 ], [ -70.674542, -33.47063, 0.0 ], [ -70.67437, -33.470629, 0.0 ], [ -70.67422, -33.470628, 0.0 ], [ -70.674099, -33.470625, 0.0 ], [ -70.673686, -33.470625, 0.0 ], [ -70.673207, -33.470626, 0.0 ], [ -70.672981, -33.470627, 0.0 ], [ -70.672945, -33.470627, 0.0 ], [ -70.67293, -33.471272, 0.0 ], [ -70.672922, -33.471633, 0.0 ], [ -70.672916, -33.471926, 0.0 ], [ -70.672913, -33.472142, 0.0 ], [ -70.672911, -33.472289, 0.0 ], [ -70.672906, -33.472701, 0.0 ], [ -70.672907, -33.473023, 0.0 ], [ -70.672908, -33.473159, 0.0 ], [ -70.672909, -33.473409, 0.0 ], [ -70.67291, -33.473775, 0.0 ], [ -70.672904, -33.474288, 0.0 ], [ -70.672901, -33.474526, 0.0 ], [ -70.6729, -33.474605, 0.0 ], [ -70.6729, -33.474619, 0.0 ], [ -70.6729, -33.474646, 0.0 ], [ -70.672899, -33.474682, 0.0 ], [ -70.672898, -33.474758, 0.0 ], [ -70.672894, -33.474785, 0.0 ], [ -70.672874, -33.474826, 0.0 ], [ -70.672868, -33.474859, 0.0 ], [ -70.672854, -33.474939, 0.0 ], [ -70.672843, -33.474993, 0.0 ], [ -70.67283, -33.475047, 0.0 ], [ -70.67281, -33.475102, 0.0 ], [ -70.672783, -33.47517, 0.0 ], [ -70.672749, -33.475238, 0.0 ], [ -70.672709, -33.47531, 0.0 ], [ -70.672664, -33.475388, 0.0 ], [ -70.672617, -33.475456, 0.0 ], [ -70.67257, -33.475515, 0.0 ], [ -70.672514, -33.47557, 0.0 ], [ -70.672485, -33.475588, 0.0 ], [ -70.672447, -33.475611, 0.0 ], [ -70.672411, -33.47563, 0.0 ], [ -70.672367, -33.475649, 0.0 ], [ -70.672282, -33.475681, 0.0 ], [ -70.672189, -33.475719, 0.0 ], [ -70.672096, -33.475751, 0.0 ], [ -70.672007, -33.47578, 0.0 ], [ -70.671925, -33.475812, 0.0 ], [ -70.671864, -33.475836, 0.0 ], [ -70.671839, -33.475845, 0.0 ], [ -70.671819, -33.475857, 0.0 ], [ -70.671815, -33.475859, 0.0 ], [ -70.671796, -33.475868, 0.0 ], [ -70.671783, -33.475877, 0.0 ], [ -70.671771, -33.475891, 0.0 ], [ -70.671758, -33.475905, 0.0 ], [ -70.671749, -33.475918, 0.0 ], [ -70.671742, -33.475932, 0.0 ], [ -70.671734, -33.475946, 0.0 ], [ -70.671728, -33.475964, 0.0 ], [ -70.671722, -33.475986, 0.0 ], [ -70.671721, -33.475999, 0.0 ], [ -70.671715, -33.476036, 0.0 ], [ -70.671714, -33.476066, 0.0 ], [ -70.671713, -33.476069, 0.0 ], [ -70.671711, -33.476117, 0.0 ], [ -70.671711, -33.476119, 0.0 ], [ -70.67171, -33.476121, 0.0 ], [ -70.671704, -33.476145, 0.0 ], [ -70.671694, -33.47618, 0.0 ], [ -70.671693, -33.476184, 0.0 ], [ -70.671693, -33.476186, 0.0 ], [ -70.671692, -33.47621, 0.0 ], [ -70.671691, -33.476234, 0.0 ], [ -70.671678, -33.476316, 0.0 ], [ -70.671672, -33.476355, 0.0 ], [ -70.671631, -33.476455, 0.0 ], [ -70.671578, -33.476585, 0.0 ], [ -70.671577, -33.476586, 0.0 ], [ -70.671579, -33.476552, 0.0 ], [ -70.671592, -33.476344, 0.0 ], [ -70.671592, -33.476311, 0.0 ], [ -70.671592, -33.476214, 0.0 ], [ -70.671592, -33.476202, 0.0 ], [ -70.671593, -33.476132, 0.0 ], [ -70.671593, -33.476109, 0.0 ], [ -70.671593, -33.47608, 0.0 ], [ -70.671593, -33.476074, 0.0 ], [ -70.671594, -33.476071, 0.0 ], [ -70.671594, -33.47607, 0.0 ], [ -70.671594, -33.476069, 0.0 ], [ -70.671594, -33.476066, 0.0 ], [ -70.671593, -33.475835, 0.0 ], [ -70.671593, -33.475834, 0.0 ], [ -70.670316, -33.475811, 0.0 ], [ -70.669744, -33.475801, 0.0 ], [ -70.669302, -33.475794, 0.0 ], [ -70.66902, -33.475791, 0.0 ], [ -70.66891, -33.47579, 0.0 ], [ -70.668865, -33.475788, 0.0 ], [ -70.668528, -33.475779, 0.0 ], [ -70.66814, -33.475774, 0.0 ], [ -70.667854, -33.475771, 0.0 ], [ -70.666697, -33.475748, 0.0 ], [ -70.665163, -33.475717, 0.0 ], [ -70.664813, -33.47571, 0.0 ], [ -70.664806, -33.475696, 0.0 ], [ -70.664781, -33.475643, 0.0 ], [ -70.664775, -33.475629, 0.0 ], [ -70.664781, -33.475257, 0.0 ], [ -70.664785, -33.475249, 0.0 ], [ -70.6648, -33.475217, 0.0 ], [ -70.664819, -33.475176, 0.0 ], [ -70.664786, -33.475094, 0.0 ], [ -70.664785, -33.475091, 0.0 ], [ -70.664785, -33.47509, 0.0 ], [ -70.664789, -33.474602, 0.0 ], [ -70.664791, -33.474596, 0.0 ], [ -70.664826, -33.474457, 0.0 ], [ -70.664826, -33.474456, 0.0 ], [ -70.664793, -33.474318, 0.0 ], [ -70.664793, -33.474317, 0.0 ], [ -70.664793, -33.474306, 0.0 ], [ -70.664797, -33.474067, 0.0 ], [ -70.664802, -33.473767, 0.0 ], [ -70.664821, -33.473723, 0.0 ], [ -70.664836, -33.47369, 0.0 ], [ -70.664865, -33.473627, 0.0 ], [ -70.664865, -33.473625, 0.0 ], [ -70.664803, -33.473682, 0.0 ], [ -70.66476, -33.473723, 0.0 ], [ -70.664668, -33.473718, 0.0 ], [ -70.664611, -33.473714, 0.0 ], [ -70.663445, -33.473649, 0.0 ], [ -70.663386, -33.473646, 0.0 ], [ -70.663383, -33.473641, 0.0 ], [ -70.663304, -33.473536, 0.0 ], [ -70.663253, -33.473611, 0.0 ], [ -70.663238, -33.473634, 0.0 ], [ -70.661734, -33.473552, 0.0 ], [ -70.661519, -33.47354, 0.0 ], [ -70.66132, -33.473529, 0.0 ], [ -70.661285, -33.47341, 0.0 ], [ -70.661209, -33.473523, 0.0 ], [ -70.659548, -33.473432, 0.0 ], [ -70.659453, -33.473313, 0.0 ], [ -70.659453, -33.473311, 0.0 ], [ -70.659545, -33.471727, 0.0 ], [ -70.659545, -33.471726, 0.0 ], [ -70.659635, -33.470319, 0.0 ], [ -70.659635, -33.470318, 0.0 ], [ -70.659646, -33.47021, 0.0 ], [ -70.659647, -33.470209, 0.0 ], [ -70.659861, -33.470161, 0.0 ], [ -70.660852, -33.470211, 0.0 ], [ -70.66095, -33.470264, 0.0 ], [ -70.661041, -33.470236, 0.0 ], [ -70.662091, -33.470294, 0.0 ], [ -70.662125, -33.470313, 0.0 ], [ -70.662137, -33.470314, 0.0 ], [ -70.662192, -33.470351, 0.0 ], [ -70.662201, -33.470356, 0.0 ], [ -70.66232, -33.470309, 0.0 ], [ -70.662786, -33.470331, 0.0 ], [ -70.663061, -33.470344, 0.0 ], [ -70.663174, -33.47037, 0.0 ], [ -70.663449, -33.470456, 0.0 ], [ -70.664883, -33.470509, 0.0 ], [ -70.667452, -33.470556, 0.0 ], [ -70.667711, -33.470588, 0.0 ], [ -70.667741, -33.470514, 0.0 ], [ -70.667781, -33.470413, 0.0 ], [ -70.668127, -33.470045, 0.0 ], [ -70.668626, -33.469513, 0.0 ], [ -70.668752, -33.469378, 0.0 ], [ -70.668816, -33.469375, 0.0 ], [ -70.668825, -33.469375, 0.0 ], [ -70.668826, -33.469302, 0.0 ], [ -70.668826, -33.4693, 0.0 ], [ -70.669703, -33.468366, 0.0 ], [ -70.669819, -33.468318, 0.0 ], [ -70.669842, -33.468219, 0.0 ], [ -70.67004, -33.468008, 0.0 ], [ -70.670388, -33.467637, 0.0 ], [ -70.670816, -33.46718, 0.0 ], [ -70.670887, -33.467151, 0.0 ], [ -70.670946, -33.467127, 0.0 ], [ -70.670983, -33.467114, 0.0 ], [ -70.671061, -33.467087, 0.0 ], [ -70.67136, -33.46677, 0.0 ], [ -70.671402, -33.466724, 0.0 ], [ -70.671451, -33.466593, 0.0 ], [ -70.671534, -33.466566, 0.0 ], [ -70.671636, -33.466532, 0.0 ], [ -70.671638, -33.466531, 0.0 ], [ -70.671642, -33.46653, 0.0 ], [ -70.671814, -33.46645, 0.0 ], [ -70.671821, -33.466448, 0.0 ], [ -70.671848, -33.466448, 0.0 ], [ -70.673014, -33.466458, 0.0 ], [ -70.673495, -33.466479, 0.0 ], [ -70.674008, -33.466497, 0.0 ], [ -70.67402, -33.466498, 0.0 ], [ -70.674294, -33.466504, 0.0 ], [ -70.674741, -33.466515, 0.0 ], [ -70.67475, -33.466515, 0.0 ], [ -70.67551, -33.466533, 0.0 ], [ -70.675594, -33.466541, 0.0 ], [ -70.67598, -33.466554, 0.0 ], [ -70.676601, -33.466572, 0.0 ], [ -70.677023, -33.466594, 0.0 ], [ -70.677993, -33.466632, 0.0 ], [ -70.678653, -33.466658, 0.0 ], [ -70.678943, -33.466669, 0.0 ], [ -70.678965, -33.46667, 0.0 ] ] ] }, { "type": "LineString", "coordinates": [ [ -70.664865, -33.473625, 0.0 ], [ -70.664866, -33.473625, 0.0 ] ] } ] } },
{ "type": "Feature", "properties": { "BARRIO": "JUDICIAL", "ÁREA": 8.0, "Shape_Leng": 3240.8863659, "Shape_Area": 427591.72458099999 }, "geometry": { "type": "GeometryCollection", "geometries": [ { "type": "Polygon", "coordinates": [ [ [ -70.664806, -33.475696, 0.0 ], [ -70.66481, -33.475704, 0.0 ], [ -70.664776, -33.475926, 0.0 ], [ -70.661536, -33.476104, 0.0 ], [ -70.659046, -33.476242, 0.0 ], [ -70.656515, -33.476381, 0.0 ], [ -70.655476, -33.476438, 0.0 ], [ -70.655308, -33.476447, 0.0 ], [ -70.65528, -33.476449, 0.0 ], [ -70.655259, -33.476439, 0.0 ], [ -70.655249, -33.476435, 0.0 ], [ -70.655065, -33.476346, 0.0 ], [ -70.65511, -33.476459, 0.0 ], [ -70.655003, -33.476471, 0.0 ], [ -70.654993, -33.476448, 0.0 ], [ -70.65473, -33.476498, 0.0 ], [ -70.654667, -33.476346, 0.0 ], [ -70.654563, -33.476095, 0.0 ], [ -70.654429, -33.475772, 0.0 ], [ -70.65438, -33.475611, 0.0 ], [ -70.654336, -33.475392, 0.0 ], [ -70.6543, -33.475245, 0.0 ], [ -70.65428, -33.474965, 0.0 ], [ -70.654264, -33.474744, 0.0 ], [ -70.65428, -33.47449, 0.0 ], [ -70.654287, -33.474377, 0.0 ], [ -70.654293, -33.474294, 0.0 ], [ -70.654298, -33.47421, 0.0 ], [ -70.654332, -33.474087, 0.0 ], [ -70.654385, -33.473895, 0.0 ], [ -70.654437, -33.473728, 0.0 ], [ -70.654498, -33.473569, 0.0 ], [ -70.654605, -33.473327, 0.0 ], [ -70.65473, -33.47309, 0.0 ], [ -70.654793, -33.47296, 0.0 ], [ -70.654892, -33.472843, 0.0 ], [ -70.654993, -33.472709, 0.0 ], [ -70.655226, -33.472392, 0.0 ], [ -70.655428, -33.472099, 0.0 ], [ -70.655594, -33.47185, 0.0 ], [ -70.65569, -33.471707, 0.0 ], [ -70.655804, -33.471592, 0.0 ], [ -70.655945, -33.471388, 0.0 ], [ -70.656037, -33.471284, 0.0 ], [ -70.656106, -33.471149, 0.0 ], [ -70.656171, -33.470969, 0.0 ], [ -70.656188, -33.470849, 0.0 ], [ -70.6562, -33.470723, 0.0 ], [ -70.656229, -33.470388, 0.0 ], [ -70.656251, -33.470101, 0.0 ], [ -70.656256, -33.47, 0.0 ], [ -70.65633, -33.47, 0.0 ], [ -70.656444, -33.470001, 0.0 ], [ -70.65663, -33.470002, 0.0 ], [ -70.657017, -33.470012, 0.0 ], [ -70.657091, -33.470037, 0.0 ], [ -70.657202, -33.470072, 0.0 ], [ -70.657387, -33.470014, 0.0 ], [ -70.658384, -33.47007, 0.0 ], [ -70.659465, -33.470131, 0.0 ], [ -70.659646, -33.470209, 0.0 ], [ -70.659647, -33.470209, 0.0 ], [ -70.659646, -33.47021, 0.0 ], [ -70.659635, -33.470318, 0.0 ], [ -70.659635, -33.470319, 0.0 ], [ -70.659545, -33.471726, 0.0 ], [ -70.659545, -33.471727, 0.0 ], [ -70.659453, -33.473311, 0.0 ], [ -70.659453, -33.473313, 0.0 ], [ -70.659548, -33.473432, 0.0 ], [ -70.661209, -33.473523, 0.0 ], [ -70.661285, -33.47341, 0.0 ], [ -70.66132, -33.473529, 0.0 ], [ -70.661519, -33.47354, 0.0 ], [ -70.661734, -33.473552, 0.0 ], [ -70.663238, -33.473634, 0.0 ], [ -70.663253, -33.473611, 0.0 ], [ -70.663304, -33.473536, 0.0 ], [ -70.663383, -33.473641, 0.0 ], [ -70.663386, -33.473646, 0.0 ], [ -70.663445, -33.473649, 0.0 ], [ -70.664611, -33.473714, 0.0 ], [ -70.664668, -33.473718, 0.0 ], [ -70.66476, -33.473723, 0.0 ], [ -70.664803, -33.473682, 0.0 ], [ -70.664865, -33.473625, 0.0 ], [ -70.664865, -33.473627, 0.0 ], [ -70.664836, -33.47369, 0.0 ], [ -70.664821, -33.473723, 0.0 ], [ -70.664802, -33.473767, 0.0 ], [ -70.664797, -33.474067, 0.0 ], [ -70.664793, -33.474306, 0.0 ], [ -70.664793, -33.474317, 0.0 ], [ -70.664793, -33.474318, 0.0 ], [ -70.664826, -33.474456, 0.0 ], [ -70.664826, -33.474457, 0.0 ], [ -70.664791, -33.474596, 0.0 ], [ -70.664789, -33.474602, 0.0 ], [ -70.664785, -33.47509, 0.0 ], [ -70.664785, -33.475091, 0.0 ], [ -70.664786, -33.475094, 0.0 ], [ -70.664819, -33.475176, 0.0 ], [ -70.6648, -33.475217, 0.0 ], [ -70.664785, -33.475249, 0.0 ], [ -70.664781, -33.475257, 0.0 ], [ -70.664775, -33.475629, 0.0 ], [ -70.664781, -33.475643, 0.0 ], [ -70.664806, -33.475696, 0.0 ] ] ] }, { "type": "MultiLineString", "coordinates": [ [ [ -70.664865, -33.473625, 0.0 ], [ -70.664866, -33.473625, 0.0 ] ], [ [ -70.659647, -33.470209, 0.0 ], [ -70.659861, -33.470161, 0.0 ] ] ] } ] } },
{ "type": "Feature", "properties": { "BARRIO": "YUNGAY", "ÁREA": 33.0, "Shape_Leng": 8163.4512162800002, "Shape_Area": 2640709.6633100002 }, "geometry": { "type": "Polygon", "coordinates": [ [ [ -70.679604, -33.443846, 0.0 ], [ -70.679021, -33.450727, 0.0 ], [ -70.678687, -33.450651, 0.0 ], [ -70.678675, -33.450648, 0.0 ], [ -70.678324, -33.450569, 0.0 ], [ -70.678316, -33.450567, 0.0 ], [ -70.678285, -33.45056, 0.0 ], [ -70.678175, -33.450535, 0.0 ], [ -70.678013, -33.450493, 0.0 ], [ -70.677926, -33.450471, 0.0 ], [ -70.677893, -33.450463, 0.0 ], [ -70.677892, -33.450463, 0.0 ], [ -70.677892, -33.450463, 0.0 ], [ -70.677892, -33.450463, 0.0 ], [ -70.677806, -33.450441, 0.0 ], [ -70.677357, -33.450316, 0.0 ], [ -70.676597, -33.450104, 0.0 ], [ -70.676596, -33.450103, 0.0 ], [ -70.676537, -33.450087, 0.0 ], [ -70.676509, -33.450079, 0.0 ], [ -70.676033, -33.44996, 0.0 ], [ -70.675713, -33.44988, 0.0 ], [ -70.675637, -33.449862, 0.0 ], [ -70.675625, -33.449858, 0.0 ], [ -70.675625, -33.449858, 0.0 ], [ -70.675625, -33.449849, 0.0 ], [ -70.675626, -33.449841, 0.0 ], [ -70.675625, -33.449841, 0.0 ], [ -70.674923, -33.449659, 0.0 ], [ -70.674922, -33.449658, 0.0 ], [ -70.674816, -33.44963, 0.0 ], [ -70.674389, -33.44952, 0.0 ], [ -70.674331, -33.449505, 0.0 ], [ -70.674331, -33.449505, 0.0 ], [ -70.674332, -33.449503, 0.0 ], [ -70.674333, -33.449498, 0.0 ], [ -70.674336, -33.449488, 0.0 ], [ -70.674335, -33.449488, 0.0 ], [ -70.673946, -33.449389, 0.0 ], [ -70.67369, -33.449324, 0.0 ], [ -70.672973, -33.449126, 0.0 ], [ -70.672973, -33.449126, 0.0 ], [ -70.672277, -33.448941, 0.0 ], [ -70.672277, -33.448941, 0.0 ], [ -70.671617, -33.448766, 0.0 ], [ -70.671617, -33.448766, 0.0 ], [ -70.671091, -33.448622, 0.0 ], [ -70.670738, -33.448526, 0.0 ], [ -70.670518, -33.448466, 0.0 ], [ -70.670457, -33.44845, 0.0 ], [ -70.670456, -33.448449, 0.0 ], [ -70.670375, -33.448427, 0.0 ], [ -70.669845, -33.44829, 0.0 ], [ -70.669443, -33.448186, 0.0 ], [ -70.669065, -33.448089, 0.0 ], [ -70.668468, -33.447937, 0.0 ], [ -70.668357, -33.447909, 0.0 ], [ -70.668221, -33.447874, 0.0 ], [ -70.668214, -33.447872, 0.0 ], [ -70.667466, -33.447668, 0.0 ], [ -70.667441, -33.447661, 0.0 ], [ -70.66744, -33.447661, 0.0 ], [ -70.667442, -33.447659, 0.0 ], [ -70.667443, -33.447659, 0.0 ], [ -70.667495, -33.447604, 0.0 ], [ -70.667549, -33.447549, 0.0 ], [ -70.667574, -33.447503, 0.0 ], [ -70.667594, -33.447458, 0.0 ], [ -70.667607, -33.447269, 0.0 ], [ -70.667607, -33.447268, 0.0 ], [ -70.667673, -33.447186, 0.0 ], [ -70.667699, -33.446799, 0.0 ], [ -70.667699, -33.446798, 0.0 ], [ -70.66764, -33.446745, 0.0 ], [ -70.66764, -33.446745, 0.0 ], [ -70.667703, -33.446708, 0.0 ], [ -70.667727, -33.446438, 0.0 ], [ -70.667727, -33.446437, 0.0 ], [ -70.66767, -33.446358, 0.0 ], [ -70.667669, -33.446357, 0.0 ], [ -70.667669, -33.446357, 0.0 ], [ -70.66774, -33.446275, 0.0 ], [ -70.667815, -33.445264, 0.0 ], [ -70.667815, -33.445264, 0.0 ], [ -70.667762, -33.445175, 0.0 ], [ -70.667762, -33.445175, 0.0 ], [ -70.667762, -33.445174, 0.0 ], [ -70.667789, -33.445151, 0.0 ], [ -70.667823, -33.445121, 0.0 ], [ -70.667823, -33.44512, 0.0 ], [ -70.667863, -33.44456, 0.0 ], [ -70.667863, -33.44456, 0.0 ], [ -70.66781, -33.444489, 0.0 ], [ -70.66781, -33.444489, 0.0 ], [ -70.66781, -33.444488, 0.0 ], [ -70.667873, -33.444424, 0.0 ], [ -70.667919, -33.443856, 0.0 ], [ -70.667919, -33.443855, 0.0 ], [ -70.667864, -33.443767, 0.0 ], [ -70.667864, -33.443766, 0.0 ], [ -70.667864, -33.443766, 0.0 ], [ -70.667927, -33.443684, 0.0 ], [ -70.668007, -33.442611, 0.0 ], [ -70.668007, -33.44261, 0.0 ], [ -70.667993, -33.442588, 0.0 ], [ -70.667977, -33.442563, 0.0 ], [ -70.667965, -33.442546, 0.0 ], [ -70.667966, -33.442545, 0.0 ], [ -70.667967, -33.442544, 0.0 ], [ -70.668015, -33.442508, 0.0 ], [ -70.668035, -33.442492, 0.0 ], [ -70.668258, -33.441534, 0.0 ], [ -70.668258, -33.441533, 0.0 ], [ -70.668209, -33.441462, 0.0 ], [ -70.668208, -33.441462, 0.0 ], [ -70.668208, -33.441462, 0.0 ], [ -70.668284, -33.441397, 0.0 ], [ -70.668426, -33.440777, 0.0 ], [ -70.668524, -33.440353, 0.0 ], [ -70.668524, -33.440353, 0.0 ], [ -70.668498, -33.440317, 0.0 ], [ -70.668476, -33.440287, 0.0 ], [ -70.668476, -33.440287, 0.0 ], [ -70.668476, -33.440287, 0.0 ], [ -70.668498, -33.440271, 0.0 ], [ -70.668556, -33.44023, 0.0 ], [ -70.668601, -33.439212, 0.0 ], [ -70.668602, -33.439211, 0.0 ], [ -70.668548, -33.439158, 0.0 ], [ -70.668547, -33.439158, 0.0 ], [ -70.668547, -33.439157, 0.0 ], [ -70.668551, -33.439154, 0.0 ], [ -70.668558, -33.439148, 0.0 ], [ -70.668587, -33.439125, 0.0 ], [ -70.668615, -33.439102, 0.0 ], [ -70.668616, -33.439085, 0.0 ], [ -70.668711, -33.438101, 0.0 ], [ -70.668711, -33.4381, 0.0 ], [ -70.668664, -33.43802, 0.0 ], [ -70.668664, -33.43802, 0.0 ], [ -70.668727, -33.437938, 0.0 ], [ -70.668743, -33.437722, 0.0 ], [ -70.668743, -33.437721, 0.0 ], [ -70.668698, -33.437651, 0.0 ], [ -70.668697, -33.43765, 0.0 ], [ -70.668697, -33.43765, 0.0 ], [ -70.668696, -33.437649, 0.0 ], [ -70.668767, -33.437549, 0.0 ], [ -70.668834, -33.436692, 0.0 ], [ -70.668834, -33.436692, 0.0 ], [ -70.668784, -33.436639, 0.0 ], [ -70.668784, -33.436639, 0.0 ], [ -70.668784, -33.436638, 0.0 ], [ -70.668852, -33.436583, 0.0 ], [ -70.669004, -33.434986, 0.0 ], [ -70.669004, -33.434985, 0.0 ], [ -70.668941, -33.434933, 0.0 ], [ -70.668941, -33.434932, 0.0 ], [ -70.66894, -33.434932, 0.0 ], [ -70.66901, -33.434859, 0.0 ], [ -70.669097, -33.433875, 0.0 ], [ -70.669097, -33.433874, 0.0 ], [ -70.669054, -33.433804, 0.0 ], [ -70.669053, -33.433803, 0.0 ], [ -70.669053, -33.433803, 0.0 ], [ -70.669115, -33.433721, 0.0 ], [ -70.669172, -33.433099, 0.0 ], [ -70.669172, -33.433098, 0.0 ], [ -70.669112, -33.433009, 0.0 ], [ -70.669111, -33.433009, 0.0 ], [ -70.669111, -33.433008, 0.0 ], [ -70.669184, -33.432935, 0.0 ], [ -70.669187, -33.432908, 0.0 ], [ -70.669239, -33.432393, 0.0 ], [ -70.669254, -33.432196, 0.0 ], [ -70.669254, -33.432195, 0.0 ], [ -70.669212, -33.432124, 0.0 ], [ -70.669212, -33.432124, 0.0 ], [ -70.669211, -33.432123, 0.0 ], [ -70.669212, -33.432123, 0.0 ], [ -70.669288, -33.432125, 0.0 ], [ -70.669567, -33.432133, 0.0 ], [ -70.670143, -33.432149, 0.0 ], [ -70.670187, -33.432155, 0.0 ], [ -70.67025, -33.432162, 0.0 ], [ -70.67025, -33.432162, 0.0 ], [ -70.670347, -33.432174, 0.0 ], [ -70.67037, -33.432177, 0.0 ], [ -70.670502, -33.432186, 0.0 ], [ -70.671239, -33.432238, 0.0 ], [ -70.67132, -33.432237, 0.0 ], [ -70.67132, -33.432237, 0.0 ], [ -70.671414, -33.432236, 0.0 ], [ -70.671638, -33.432252, 0.0 ], [ -70.672311, -33.432301, 0.0 ], [ -70.672311, -33.432301, 0.0 ], [ -70.673051, -33.432355, 0.0 ], [ -70.673124, -33.43236, 0.0 ], [ -70.673193, -33.432372, 0.0 ], [ -70.673193, -33.432372, 0.0 ], [ -70.673274, -33.432378, 0.0 ], [ -70.673275, -33.432378, 0.0 ], [ -70.673365, -33.432385, 0.0 ], [ -70.673731, -33.432413, 0.0 ], [ -70.674035, -33.432437, 0.0 ], [ -70.674035, -33.432437, 0.0 ], [ -70.67435, -33.432458, 0.0 ], [ -70.674495, -33.432468, 0.0 ], [ -70.674935, -33.432497, 0.0 ], [ -70.675028, -33.432504, 0.0 ], [ -70.675227, -33.432518, 0.0 ], [ -70.675518, -33.43254, 0.0 ], [ -70.675537, -33.432541, 0.0 ], [ -70.675614, -33.432547, 0.0 ], [ -70.675614, -33.432547, 0.0 ], [ -70.675753, -33.432557, 0.0 ], [ -70.675782, -33.432559, 0.0 ], [ -70.676364, -33.432602, 0.0 ], [ -70.676364, -33.432602, 0.0 ], [ -70.676365, -33.432602, 0.0 ], [ -70.676405, -33.432605, 0.0 ], [ -70.676434, -33.432607, 0.0 ], [ -70.67663, -33.43263, 0.0 ], [ -70.677313, -33.432708, 0.0 ], [ -70.677313, -33.432708, 0.0 ], [ -70.678212, -33.432786, 0.0 ], [ -70.67836, -33.432796, 0.0 ], [ -70.678361, -33.432796, 0.0 ], [ -70.67943, -33.432896, 0.0 ], [ -70.67943, -33.432896, 0.0 ], [ -70.680364, -33.433001, 0.0 ], [ -70.680365, -33.433001, 0.0 ], [ -70.680494, -33.433033, 0.0 ], [ -70.680536, -33.433043, 0.0 ], [ -70.680538, -33.433044, 0.0 ], [ -70.680575, -33.433053, 0.0 ], [ -70.680591, -33.433057, 0.0 ], [ -70.680591, -33.433178, 0.0 ], [ -70.680591, -33.433179, 0.0 ], [ -70.680591, -33.433179, 0.0 ], [ -70.680555, -33.433674, 0.0 ], [ -70.680547, -33.433749, 0.0 ], [ -70.680547, -33.433751, 0.0 ], [ -70.680503, -33.434145, 0.0 ], [ -70.680462, -33.434551, 0.0 ], [ -70.680462, -33.434552, 0.0 ], [ -70.680435, -33.434813, 0.0 ], [ -70.680389, -33.435135, 0.0 ], [ -70.68033, -33.435553, 0.0 ], [ -70.68033, -33.435554, 0.0 ], [ -70.680363, -33.435608, 0.0 ], [ -70.680361, -33.435734, 0.0 ], [ -70.68035, -33.435844, 0.0 ], [ -70.680341, -33.435924, 0.0 ], [ -70.680321, -33.436059, 0.0 ], [ -70.680321, -33.436059, 0.0 ], [ -70.680261, -33.436092, 0.0 ], [ -70.680261, -33.436092, 0.0 ], [ -70.68026, -33.436094, 0.0 ], [ -70.680242, -33.436369, 0.0 ], [ -70.680239, -33.436415, 0.0 ], [ -70.680236, -33.436457, 0.0 ], [ -70.680201, -33.436985, 0.0 ], [ -70.680199, -33.437015, 0.0 ], [ -70.680187, -33.437188, 0.0 ], [ -70.680191, -33.437193, 0.0 ], [ -70.680218, -33.437224, 0.0 ], [ -70.680226, -33.437233, 0.0 ], [ -70.680209, -33.43741, 0.0 ], [ -70.680195, -33.437554, 0.0 ], [ -70.680195, -33.437558, 0.0 ], [ -70.680195, -33.437562, 0.0 ], [ -70.680195, -33.437563, 0.0 ], [ -70.680193, -33.437564, 0.0 ], [ -70.680154, -33.43759, 0.0 ], [ -70.680154, -33.43759, 0.0 ], [ -70.68015, -33.437631, 0.0 ], [ -70.680142, -33.437713, 0.0 ], [ -70.680131, -33.437833, 0.0 ], [ -70.680098, -33.43819, 0.0 ], [ -70.680097, -33.438199, 0.0 ], [ -70.680097, -33.438202, 0.0 ], [ -70.680086, -33.438317, 0.0 ], [ -70.68013, -33.438344, 0.0 ], [ -70.680127, -33.438368, 0.0 ], [ -70.680124, -33.4384, 0.0 ], [ -70.680123, -33.438409, 0.0 ], [ -70.680121, -33.43843, 0.0 ], [ -70.680121, -33.43843, 0.0 ], [ -70.68012, -33.43844, 0.0 ], [ -70.68012, -33.43844, 0.0 ], [ -70.68012, -33.438442, 0.0 ], [ -70.68012, -33.438443, 0.0 ], [ -70.680183, -33.438442, 0.0 ], [ -70.680252, -33.438447, 0.0 ], [ -70.680415, -33.438458, 0.0 ], [ -70.680571, -33.438468, 0.0 ], [ -70.680885, -33.438489, 0.0 ], [ -70.680923, -33.438492, 0.0 ], [ -70.681077, -33.438502, 0.0 ], [ -70.68124, -33.438513, 0.0 ], [ -70.681247, -33.438513, 0.0 ], [ -70.681249, -33.438513, 0.0 ], [ -70.681249, -33.438512, 0.0 ], [ -70.68414, -33.438706, 0.0 ], [ -70.684139, -33.438709, 0.0 ], [ -70.685441, -33.438795, 0.0 ], [ -70.686292, -33.438851, 0.0 ], [ -70.686447, -33.438861, 0.0 ], [ -70.68647, -33.438863, 0.0 ], [ -70.686568, -33.438869, 0.0 ], [ -70.686568, -33.438869, 0.0 ], [ -70.686644, -33.438875, 0.0 ], [ -70.68676, -33.438883, 0.0 ], [ -70.687412, -33.43893, 0.0 ], [ -70.687597, -33.438944, 0.0 ], [ -70.688147, -33.438983, 0.0 ], [ -70.6883, -33.438994, 0.0 ], [ -70.688463, -33.439006, 0.0 ], [ -70.688463, -33.439006, 0.0 ], [ -70.688558, -33.439012, 0.0 ], [ -70.688978, -33.43904, 0.0 ], [ -70.689388, -33.439066, 0.0 ], [ -70.689408, -33.439068, 0.0 ], [ -70.689491, -33.439073, 0.0 ], [ -70.689492, -33.439073, 0.0 ], [ -70.689997, -33.439107, 0.0 ], [ -70.690452, -33.439137, 0.0 ], [ -70.690598, -33.439147, 0.0 ], [ -70.690903, -33.439168, 0.0 ], [ -70.690974, -33.439173, 0.0 ], [ -70.691056, -33.439178, 0.0 ], [ -70.691403, -33.439217, 0.0 ], [ -70.691553, -33.439234, 0.0 ], [ -70.691602, -33.439242, 0.0 ], [ -70.691606, -33.439243, 0.0 ], [ -70.691625, -33.439246, 0.0 ], [ -70.691627, -33.439246, 0.0 ], [ -70.691626, -33.439247, 0.0 ], [ -70.691573, -33.439417, 0.0 ], [ -70.691552, -33.439568, 0.0 ], [ -70.691537, -33.439763, 0.0 ], [ -70.691535, -33.439802, 0.0 ], [ -70.691524, -33.440099, 0.0 ], [ -70.691539, -33.440434, 0.0 ], [ -70.691558, -33.440695, 0.0 ], [ -70.691611, -33.441383, 0.0 ], [ -70.691648, -33.441862, 0.0 ], [ -70.691653, -33.44192, 0.0 ], [ -70.691692, -33.442381, 0.0 ], [ -70.691704, -33.442517, 0.0 ], [ -70.691742, -33.442962, 0.0 ], [ -70.691861, -33.444343, 0.0 ], [ -70.691865, -33.444389, 0.0 ], [ -70.691866, -33.444432, 0.0 ], [ -70.691866, -33.444458, 0.0 ], [ -70.691866, -33.444473, 0.0 ], [ -70.691866, -33.444475, 0.0 ], [ -70.691866, -33.444476, 0.0 ], [ -70.691866, -33.444478, 0.0 ], [ -70.691866, -33.444479, 0.0 ], [ -70.691834, -33.444477, 0.0 ], [ -70.691793, -33.444474, 0.0 ], [ -70.691727, -33.44447, 0.0 ], [ -70.69168, -33.444468, 0.0 ], [ -70.691661, -33.444467, 0.0 ], [ -70.691606, -33.444464, 0.0 ], [ -70.691398, -33.444453, 0.0 ], [ -70.690821, -33.444424, 0.0 ], [ -70.690642, -33.444414, 0.0 ], [ -70.690511, -33.444408, 0.0 ], [ -70.690264, -33.444395, 0.0 ], [ -70.690231, -33.444393, 0.0 ], [ -70.689946, -33.444379, 0.0 ], [ -70.689938, -33.444378, 0.0 ], [ -70.689888, -33.444376, 0.0 ], [ -70.689706, -33.444368, 0.0 ], [ -70.689692, -33.444367, 0.0 ], [ -70.689643, -33.444365, 0.0 ], [ -70.689527, -33.44436, 0.0 ], [ -70.689066, -33.444339, 0.0 ], [ -70.689007, -33.444337, 0.0 ], [ -70.688902, -33.444332, 0.0 ], [ -70.688816, -33.444328, 0.0 ], [ -70.68878, -33.444326, 0.0 ], [ -70.688763, -33.444326, 0.0 ], [ -70.688701, -33.444323, 0.0 ], [ -70.688612, -33.444319, 0.0 ], [ -70.688554, -33.444316, 0.0 ], [ -70.688553, -33.444316, 0.0 ], [ -70.688286, -33.444307, 0.0 ], [ -70.688192, -33.444301, 0.0 ], [ -70.688026, -33.444292, 0.0 ], [ -70.688026, -33.444292, 0.0 ], [ -70.688026, -33.444292, 0.0 ], [ -70.688013, -33.444291, 0.0 ], [ -70.687855, -33.444284, 0.0 ], [ -70.687613, -33.444272, 0.0 ], [ -70.687586, -33.444271, 0.0 ], [ -70.687412, -33.44426, 0.0 ], [ -70.687397, -33.444259, 0.0 ], [ -70.687228, -33.444251, 0.0 ], [ -70.686549, -33.444219, 0.0 ], [ -70.686331, -33.444208, 0.0 ], [ -70.686122, -33.444199, 0.0 ], [ -70.685758, -33.444181, 0.0 ], [ -70.685494, -33.444169, 0.0 ], [ -70.685492, -33.444169, 0.0 ], [ -70.68503, -33.444146, 0.0 ], [ -70.684718, -33.444131, 0.0 ], [ -70.684588, -33.444124, 0.0 ], [ -70.684381, -33.444114, 0.0 ], [ -70.684263, -33.444109, 0.0 ], [ -70.684194, -33.444105, 0.0 ], [ -70.684194, -33.444105, 0.0 ], [ -70.683973, -33.444094, 0.0 ], [ -70.683939, -33.444093, 0.0 ], [ -70.683869, -33.444089, 0.0 ], [ -70.68372, -33.444082, 0.0 ], [ -70.683615, -33.444077, 0.0 ], [ -70.683525, -33.444074, 0.0 ], [ -70.683525, -33.444074, 0.0 ], [ -70.683495, -33.444072, 0.0 ], [ -70.683442, -33.44407, 0.0 ], [ -70.683416, -33.444069, 0.0 ], [ -70.683109, -33.444054, 0.0 ], [ -70.682993, -33.444049, 0.0 ], [ -70.682939, -33.444046, 0.0 ], [ -70.682579, -33.444029, 0.0 ], [ -70.682495, -33.444025, 0.0 ], [ -70.682486, -33.444025, 0.0 ], [ -70.682468, -33.444024, 0.0 ], [ -70.682434, -33.444022, 0.0 ], [ -70.682394, -33.44402, 0.0 ], [ -70.682229, -33.444013, 0.0 ], [ -70.682178, -33.444011, 0.0 ], [ -70.682039, -33.444004, 0.0 ], [ -70.681978, -33.444001, 0.0 ], [ -70.681934, -33.443999, 0.0 ], [ -70.681741, -33.443991, 0.0 ], [ -70.681643, -33.443986, 0.0 ], [ -70.681537, -33.443981, 0.0 ], [ -70.681389, -33.443974, 0.0 ], [ -70.681307, -33.443971, 0.0 ], [ -70.681143, -33.443963, 0.0 ], [ -70.681044, -33.443959, 0.0 ], [ -70.680951, -33.443954, 0.0 ], [ -70.680835, -33.443949, 0.0 ], [ -70.680835, -33.443949, 0.0 ], [ -70.680737, -33.443945, 0.0 ], [ -70.68069, -33.443942, 0.0 ], [ -70.680659, -33.443941, 0.0 ], [ -70.680578, -33.443937, 0.0 ], [ -70.680361, -33.443927, 0.0 ], [ -70.680271, -33.443915, 0.0 ], [ -70.680241, -33.443911, 0.0 ], [ -70.680239, -33.443911, 0.0 ], [ -70.680236, -33.44391, 0.0 ], [ -70.680217, -33.443907, 0.0 ], [ -70.680116, -33.44389, 0.0 ], [ -70.680075, -33.443885, 0.0 ], [ -70.680043, -33.443882, 0.0 ], [ -70.679997, -33.443876, 0.0 ], [ -70.679837, -33.443858, 0.0 ], [ -70.679818, -33.443857, 0.0 ], [ -70.679807, -33.443856, 0.0 ], [ -70.679776, -33.443854, 0.0 ], [ -70.679716, -33.443851, 0.0 ], [ -70.67966, -33.443847, 0.0 ], [ -70.679651, -33.443847, 0.0 ], [ -70.679642, -33.443847, 0.0 ], [ -70.679617, -33.443847, 0.0 ], [ -70.679604, -33.443846, 0.0 ] ] ] } },
{ "type": "Feature", "properties": { "BARRIO": "MEIGGS", "ÁREA": 51.0, "Shape_Leng": 3016.4864917300001, "Shape_Area": 506310.13021799998 }, "geometry": { "type": "Polygon", "coordinates": [ [ [ -70.672494, -33.452208, 0.0 ], [ -70.672555, -33.450152, 0.0 ], [ -70.672576, -33.449403, 0.0 ], [ -70.672576, -33.449402, 0.0 ], [ -70.672645, -33.449339, 0.0 ], [ -70.672646, -33.449338, 0.0 ], [ -70.672798, -33.4493, 0.0 ], [ -70.672972, -33.449127, 0.0 ], [ -70.672973, -33.449126, 0.0 ], [ -70.672973, -33.449126, 0.0 ], [ -70.67369, -33.449324, 0.0 ], [ -70.673946, -33.449389, 0.0 ], [ -70.674335, -33.449488, 0.0 ], [ -70.674336, -33.449488, 0.0 ], [ -70.674333, -33.449498, 0.0 ], [ -70.674332, -33.449503, 0.0 ], [ -70.674331, -33.449505, 0.0 ], [ -70.674331, -33.449505, 0.0 ], [ -70.674389, -33.44952, 0.0 ], [ -70.674816, -33.44963, 0.0 ], [ -70.674922, -33.449658, 0.0 ], [ -70.674923, -33.449659, 0.0 ], [ -70.675625, -33.449841, 0.0 ], [ -70.675626, -33.449841, 0.0 ], [ -70.675625, -33.449849, 0.0 ], [ -70.675625, -33.449858, 0.0 ], [ -70.675625, -33.449858, 0.0 ], [ -70.675637, -33.449862, 0.0 ], [ -70.675713, -33.44988, 0.0 ], [ -70.676033, -33.44996, 0.0 ], [ -70.676509, -33.450079, 0.0 ], [ -70.676537, -33.450087, 0.0 ], [ -70.676596, -33.450103, 0.0 ], [ -70.676597, -33.450104, 0.0 ], [ -70.677357, -33.450316, 0.0 ], [ -70.677806, -33.450441, 0.0 ], [ -70.677892, -33.450463, 0.0 ], [ -70.677892, -33.450463, 0.0 ], [ -70.677892, -33.450463, 0.0 ], [ -70.677892, -33.450463, 0.0 ], [ -70.677892, -33.450463, 0.0 ], [ -70.677892, -33.450466, 0.0 ], [ -70.677868, -33.450594, 0.0 ], [ -70.677867, -33.4506, 0.0 ], [ -70.677866, -33.450603, 0.0 ], [ -70.677855, -33.450708, 0.0 ], [ -70.677854, -33.450714, 0.0 ], [ -70.677848, -33.450772, 0.0 ], [ -70.677843, -33.45082, 0.0 ], [ -70.677843, -33.450827, 0.0 ], [ -70.677838, -33.450903, 0.0 ], [ -70.677838, -33.450905, 0.0 ], [ -70.677837, -33.450926, 0.0 ], [ -70.677836, -33.450937, 0.0 ], [ -70.677825, -33.451181, 0.0 ], [ -70.677827, -33.45135, 0.0 ], [ -70.677827, -33.451357, 0.0 ], [ -70.677827, -33.451367, 0.0 ], [ -70.677827, -33.45137, 0.0 ], [ -70.677827, -33.451383, 0.0 ], [ -70.677827, -33.451406, 0.0 ], [ -70.677836, -33.451418, 0.0 ], [ -70.677849, -33.451433, 0.0 ], [ -70.677854, -33.451439, 0.0 ], [ -70.677864, -33.451452, 0.0 ], [ -70.677946, -33.452405, 0.0 ], [ -70.677969, -33.452754, 0.0 ], [ -70.677989, -33.453076, 0.0 ], [ -70.678, -33.453245, 0.0 ], [ -70.678016, -33.453487, 0.0 ], [ -70.678016, -33.45349, 0.0 ], [ -70.678096, -33.454571, 0.0 ], [ -70.678098, -33.454586, 0.0 ], [ -70.678125, -33.454989, 0.0 ], [ -70.678129, -33.455044, 0.0 ], [ -70.678149, -33.455334, 0.0 ], [ -70.678163, -33.455541, 0.0 ], [ -70.678204, -33.456121, 0.0 ], [ -70.678247, -33.456725, 0.0 ], [ -70.678248, -33.456739, 0.0 ], [ -70.67825, -33.456774, 0.0 ], [ -70.67828, -33.45719, 0.0 ], [ -70.678291, -33.45735, 0.0 ], [ -70.678307, -33.457577, 0.0 ], [ -70.678348, -33.458118, 0.0 ], [ -70.678356, -33.458221, 0.0 ], [ -70.678322, -33.458214, 0.0 ], [ -70.678113, -33.458166, 0.0 ], [ -70.677714, -33.458247, 0.0 ], [ -70.67733, -33.458325, 0.0 ], [ -70.677329, -33.458325, 0.0 ], [ -70.676375, -33.458519, 0.0 ], [ -70.676263, -33.458542, 0.0 ], [ -70.676262, -33.458543, 0.0 ], [ -70.676207, -33.458589, 0.0 ], [ -70.676146, -33.458642, 0.0 ], [ -70.676146, -33.458642, 0.0 ], [ -70.676069, -33.458545, 0.0 ], [ -70.676068, -33.458544, 0.0 ], [ -70.675508, -33.458515, 0.0 ], [ -70.675192, -33.458499, 0.0 ], [ -70.674971, -33.458487, 0.0 ], [ -70.67497, -33.458488, 0.0 ], [ -70.674856, -33.45857, 0.0 ], [ -70.674856, -33.45857, 0.0 ], [ -70.674778, -33.458473, 0.0 ], [ -70.674777, -33.458472, 0.0 ], [ -70.673865, -33.458415, 0.0 ], [ -70.673707, -33.458406, 0.0 ], [ -70.673707, -33.458406, 0.0 ], [ -70.673597, -33.458496, 0.0 ], [ -70.673596, -33.458497, 0.0 ], [ -70.673512, -33.458399, 0.0 ], [ -70.673511, -33.458399, 0.0 ], [ -70.672353, -33.458333, 0.0 ], [ -70.67235, -33.458334, 0.0 ], [ -70.67214, -33.45839, 0.0 ], [ -70.672139, -33.45839, 0.0 ], [ -70.672134, -33.458304, 0.0 ], [ -70.672129, -33.458234, 0.0 ], [ -70.67215, -33.457981, 0.0 ], [ -70.672169, -33.457744, 0.0 ], [ -70.672177, -33.457739, 0.0 ], [ -70.672212, -33.457715, 0.0 ], [ -70.672267, -33.457678, 0.0 ], [ -70.672266, -33.457677, 0.0 ], [ -70.672215, -33.457622, 0.0 ], [ -70.672188, -33.457593, 0.0 ], [ -70.672182, -33.457587, 0.0 ], [ -70.672182, -33.457587, 0.0 ], [ -70.672246, -33.456792, 0.0 ], [ -70.672257, -33.456703, 0.0 ], [ -70.672257, -33.456702, 0.0 ], [ -70.672262, -33.456631, 0.0 ], [ -70.672316, -33.455876, 0.0 ], [ -70.672338, -33.455563, 0.0 ], [ -70.672338, -33.455561, 0.0 ], [ -70.672348, -33.455422, 0.0 ], [ -70.672349, -33.455411, 0.0 ], [ -70.672368, -33.455155, 0.0 ], [ -70.672379, -33.45501, 0.0 ], [ -70.67241, -33.45459, 0.0 ], [ -70.672413, -33.454545, 0.0 ], [ -70.672414, -33.454534, 0.0 ], [ -70.672422, -33.454464, 0.0 ], [ -70.672422, -33.454463, 0.0 ], [ -70.672422, -33.454463, 0.0 ], [ -70.672429, -33.454246, 0.0 ], [ -70.672429, -33.454245, 0.0 ], [ -70.672432, -33.45414, 0.0 ], [ -70.672434, -33.454076, 0.0 ], [ -70.672435, -33.454058, 0.0 ], [ -70.672435, -33.454043, 0.0 ], [ -70.672444, -33.453757, 0.0 ], [ -70.672455, -33.453399, 0.0 ], [ -70.672455, -33.453399, 0.0 ], [ -70.672461, -33.453336, 0.0 ], [ -70.672461, -33.453336, 0.0 ], [ -70.672461, -33.453335, 0.0 ], [ -70.672468, -33.4531, 0.0 ], [ -70.672494, -33.452209, 0.0 ], [ -70.672494, -33.452208, 0.0 ] ] ] } },
{ "type": "Feature", "properties": { "BARRIO": "CLUB HIPICO", "ÁREA": 8.0, "Shape_Leng": 4193.1267888599996, "Shape_Area": 955387.55577500002 }, "geometry": { "type": "Polygon", "coordinates": [ [ [ -70.664883, -33.470509, 0.0 ], [ -70.663446, -33.470456, 0.0 ], [ -70.663442, -33.470014, 0.0 ], [ -70.663474, -33.469256, 0.0 ], [ -70.66349, -33.468884, 0.0 ], [ -70.663639, -33.465367, 0.0 ], [ -70.66373, -33.463496, 0.0 ], [ -70.663792, -33.462272, 0.0 ], [ -70.663832, -33.460955, 0.0 ], [ -70.663902, -33.459496, 0.0 ], [ -70.66392, -33.45912, 0.0 ], [ -70.663933, -33.458854, 0.0 ], [ -70.663894, -33.458824, 0.0 ], [ -70.663889, -33.458705, 0.0 ], [ -70.663888, -33.458664, 0.0 ], [ -70.663923, -33.458636, 0.0 ], [ -70.663932, -33.458637, 0.0 ], [ -70.663942, -33.458637, 0.0 ], [ -70.663947, -33.458638, 0.0 ], [ -70.663951, -33.458638, 0.0 ], [ -70.663959, -33.458636, 0.0 ], [ -70.663971, -33.458633, 0.0 ], [ -70.663978, -33.458631, 0.0 ], [ -70.663979, -33.458631, 0.0 ], [ -70.663986, -33.458628, 0.0 ], [ -70.663988, -33.458627, 0.0 ], [ -70.663997, -33.458623, 0.0 ], [ -70.663998, -33.458622, 0.0 ], [ -70.664006, -33.458619, 0.0 ], [ -70.664007, -33.458618, 0.0 ], [ -70.664007, -33.458618, 0.0 ], [ -70.664022, -33.458604, 0.0 ], [ -70.664023, -33.458604, 0.0 ], [ -70.664026, -33.458601, 0.0 ], [ -70.664027, -33.4586, 0.0 ], [ -70.664027, -33.4586, 0.0 ], [ -70.664027, -33.458599, 0.0 ], [ -70.664033, -33.458591, 0.0 ], [ -70.664033, -33.45859, 0.0 ], [ -70.664038, -33.458583, 0.0 ], [ -70.664039, -33.458581, 0.0 ], [ -70.664039, -33.458581, 0.0 ], [ -70.66404, -33.458577, 0.0 ], [ -70.66404, -33.458577, 0.0 ], [ -70.664044, -33.458563, 0.0 ], [ -70.664044, -33.458563, 0.0 ], [ -70.664044, -33.458561, 0.0 ], [ -70.664045, -33.458559, 0.0 ], [ -70.664047, -33.45856, 0.0 ], [ -70.664086, -33.458595, 0.0 ], [ -70.66409, -33.458599, 0.0 ], [ -70.664391, -33.45862, 0.0 ], [ -70.664465, -33.458625, 0.0 ], [ -70.664896, -33.458654, 0.0 ], [ -70.664932, -33.45864, 0.0 ], [ -70.664971, -33.458624, 0.0 ], [ -70.664971, -33.458623, 0.0 ], [ -70.664971, -33.458623, 0.0 ], [ -70.66497, -33.458215, 0.0 ], [ -70.664969, -33.45794, 0.0 ], [ -70.664968, -33.457296, 0.0 ], [ -70.664939, -33.457126, 0.0 ], [ -70.664939, -33.457126, 0.0 ], [ -70.664939, -33.457125, 0.0 ], [ -70.664939, -33.457125, 0.0 ], [ -70.664939, -33.457125, 0.0 ], [ -70.66494, -33.457126, 0.0 ], [ -70.665083, -33.457249, 0.0 ], [ -70.665617, -33.457335, 0.0 ], [ -70.666383, -33.457457, 0.0 ], [ -70.666484, -33.457393, 0.0 ], [ -70.666485, -33.457393, 0.0 ], [ -70.666485, -33.457393, 0.0 ], [ -70.666485, -33.457393, 0.0 ], [ -70.666486, -33.457394, 0.0 ], [ -70.666581, -33.457491, 0.0 ], [ -70.668024, -33.457751, 0.0 ], [ -70.668338, -33.457711, 0.0 ], [ -70.668339, -33.457711, 0.0 ], [ -70.668339, -33.457711, 0.0 ], [ -70.66834, -33.457711, 0.0 ], [ -70.6685, -33.457826, 0.0 ], [ -70.670192, -33.458131, 0.0 ], [ -70.671986, -33.458455, 0.0 ], [ -70.672139, -33.45839, 0.0 ], [ -70.672139, -33.45839, 0.0 ], [ -70.672139, -33.45839, 0.0 ], [ -70.672139, -33.45839, 0.0 ], [ -70.672139, -33.45839, 0.0 ], [ -70.672139, -33.458391, 0.0 ], [ -70.672139, -33.458391, 0.0 ], [ -70.672114, -33.458553, 0.0 ], [ -70.672074, -33.458977, 0.0 ], [ -70.672032, -33.459304, 0.0 ], [ -70.671977, -33.459723, 0.0 ], [ -70.671927, -33.460102, 0.0 ], [ -70.671927, -33.460103, 0.0 ], [ -70.671926, -33.460107, 0.0 ], [ -70.671905, -33.460279, 0.0 ], [ -70.671905, -33.460279, 0.0 ], [ -70.671783, -33.461254, 0.0 ], [ -70.671632, -33.462392, 0.0 ], [ -70.67163, -33.46241, 0.0 ], [ -70.67162, -33.462515, 0.0 ], [ -70.671551, -33.463213, 0.0 ], [ -70.671521, -33.463513, 0.0 ], [ -70.671521, -33.463514, 0.0 ], [ -70.671558, -33.464674, 0.0 ], [ -70.671558, -33.464675, 0.0 ], [ -70.671539, -33.464792, 0.0 ], [ -70.671539, -33.464792, 0.0 ], [ -70.671567, -33.466216, 0.0 ], [ -70.671656, -33.466296, 0.0 ], [ -70.671657, -33.466297, 0.0 ], [ -70.67168, -33.466314, 0.0 ], [ -70.671692, -33.466328, 0.0 ], [ -70.671708, -33.466346, 0.0 ], [ -70.671711, -33.46635, 0.0 ], [ -70.671711, -33.466352, 0.0 ], [ -70.671725, -33.466391, 0.0 ], [ -70.671726, -33.466395, 0.0 ], [ -70.671727, -33.46644, 0.0 ], [ -70.671727, -33.46644, 0.0 ], [ -70.671703, -33.466485, 0.0 ], [ -70.671638, -33.466531, 0.0 ], [ -70.671636, -33.466532, 0.0 ], [ -70.671534, -33.466566, 0.0 ], [ -70.671451, -33.466593, 0.0 ], [ -70.671451, -33.466593, 0.0 ], [ -70.671402, -33.466724, 0.0 ], [ -70.67136, -33.46677, 0.0 ], [ -70.671061, -33.467087, 0.0 ], [ -70.670983, -33.467114, 0.0 ], [ -70.670946, -33.467127, 0.0 ], [ -70.670946, -33.467127, 0.0 ], [ -70.670887, -33.467151, 0.0 ], [ -70.670816, -33.46718, 0.0 ], [ -70.670388, -33.467637, 0.0 ], [ -70.67004, -33.468008, 0.0 ], [ -70.669842, -33.468219, 0.0 ], [ -70.669819, -33.468318, 0.0 ], [ -70.669703, -33.468366, 0.0 ], [ -70.668826, -33.4693, 0.0 ], [ -70.668826, -33.469302, 0.0 ], [ -70.668825, -33.469375, 0.0 ], [ -70.668825, -33.469375, 0.0 ], [ -70.668825, -33.469375, 0.0 ], [ -70.668816, -33.469375, 0.0 ], [ -70.668752, -33.469378, 0.0 ], [ -70.668626, -33.469513, 0.0 ], [ -70.667781, -33.470413, 0.0 ], [ -70.667741, -33.470514, 0.0 ], [ -70.667711, -33.470588, 0.0 ], [ -70.667452, -33.470556, 0.0 ], [ -70.664883, -33.470509, 0.0 ], [ -70.664883, -33.470509, 0.0 ] ] ] } },
{ "type": "Feature", "properties": { "BARRIO": "UNIVERSITARIO", "ÁREA": 24.0, "Shape_Leng": 4165.3738138099998, "Shape_Area": 826853.90905999998 }, "geometry": { "type": "Polygon", "coordinates": [ [ [ -70.672131, -33.458382, 0.0 ], [ -70.672139, -33.45839, 0.0 ], [ -70.672139, -33.45839, 0.0 ], [ -70.672139, -33.45839, 0.0 ], [ -70.672139, -33.45839, 0.0 ], [ -70.671986, -33.458455, 0.0 ], [ -70.670192, -33.458131, 0.0 ], [ -70.6685, -33.457826, 0.0 ], [ -70.66834, -33.457711, 0.0 ], [ -70.668339, -33.457711, 0.0 ], [ -70.668339, -33.457711, 0.0 ], [ -70.668338, -33.457711, 0.0 ], [ -70.668024, -33.457751, 0.0 ], [ -70.666581, -33.457491, 0.0 ], [ -70.666486, -33.457394, 0.0 ], [ -70.666485, -33.457393, 0.0 ], [ -70.666485, -33.457393, 0.0 ], [ -70.666485, -33.457393, 0.0 ], [ -70.666484, -33.457393, 0.0 ], [ -70.666383, -33.457457, 0.0 ], [ -70.665617, -33.457335, 0.0 ], [ -70.665083, -33.457249, 0.0 ], [ -70.66494, -33.457126, 0.0 ], [ -70.664939, -33.457125, 0.0 ], [ -70.664939, -33.457125, 0.0 ], [ -70.664939, -33.457125, 0.0 ], [ -70.664939, -33.457126, 0.0 ], [ -70.664939, -33.457126, 0.0 ], [ -70.664968, -33.457296, 0.0 ], [ -70.664969, -33.45794, 0.0 ], [ -70.66497, -33.458215, 0.0 ], [ -70.66497, -33.458575, 0.0 ], [ -70.664967, -33.458622, 0.0 ], [ -70.66497, -33.458623, 0.0 ], [ -70.664971, -33.458624, 0.0 ], [ -70.664932, -33.45864, 0.0 ], [ -70.664896, -33.458654, 0.0 ], [ -70.664465, -33.458625, 0.0 ], [ -70.664391, -33.45862, 0.0 ], [ -70.66409, -33.458599, 0.0 ], [ -70.664086, -33.458595, 0.0 ], [ -70.664047, -33.45856, 0.0 ], [ -70.664045, -33.458559, 0.0 ], [ -70.664044, -33.458561, 0.0 ], [ -70.664044, -33.458563, 0.0 ], [ -70.664044, -33.458563, 0.0 ], [ -70.66404, -33.458577, 0.0 ], [ -70.66404, -33.458577, 0.0 ], [ -70.664039, -33.458581, 0.0 ], [ -70.664039, -33.458581, 0.0 ], [ -70.664038, -33.458583, 0.0 ], [ -70.664033, -33.45859, 0.0 ], [ -70.664033, -33.458591, 0.0 ], [ -70.664027, -33.458599, 0.0 ], [ -70.664027, -33.4586, 0.0 ], [ -70.664027, -33.4586, 0.0 ], [ -70.664026, -33.458601, 0.0 ], [ -70.664023, -33.458604, 0.0 ], [ -70.664022, -33.458604, 0.0 ], [ -70.664007, -33.458618, 0.0 ], [ -70.664007, -33.458618, 0.0 ], [ -70.664006, -33.458619, 0.0 ], [ -70.663998, -33.458622, 0.0 ], [ -70.663997, -33.458623, 0.0 ], [ -70.663988, -33.458627, 0.0 ], [ -70.663986, -33.458628, 0.0 ], [ -70.663979, -33.458631, 0.0 ], [ -70.663978, -33.458631, 0.0 ], [ -70.663971, -33.458633, 0.0 ], [ -70.663959, -33.458636, 0.0 ], [ -70.663951, -33.458638, 0.0 ], [ -70.663947, -33.458638, 0.0 ], [ -70.663942, -33.458637, 0.0 ], [ -70.663932, -33.458637, 0.0 ], [ -70.663923, -33.458636, 0.0 ], [ -70.66392, -33.458635, 0.0 ], [ -70.663914, -33.458632, 0.0 ], [ -70.663904, -33.458629, 0.0 ], [ -70.663903, -33.458628, 0.0 ], [ -70.663894, -33.458624, 0.0 ], [ -70.663892, -33.458624, 0.0 ], [ -70.663888, -33.458622, 0.0 ], [ -70.663859, -33.458597, 0.0 ], [ -70.663845, -33.458568, 0.0 ], [ -70.663843, -33.458547, 0.0 ], [ -70.663843, -33.458543, 0.0 ], [ -70.663844, -33.458541, 0.0 ], [ -70.663844, -33.458539, 0.0 ], [ -70.663845, -33.458538, 0.0 ], [ -70.663847, -33.45853, 0.0 ], [ -70.663848, -33.458527, 0.0 ], [ -70.663848, -33.458527, 0.0 ], [ -70.663849, -33.458525, 0.0 ], [ -70.663849, -33.458525, 0.0 ], [ -70.663862, -33.458504, 0.0 ], [ -70.663864, -33.458502, 0.0 ], [ -70.663864, -33.458502, 0.0 ], [ -70.663865, -33.458502, 0.0 ], [ -70.663895, -33.458479, 0.0 ], [ -70.663896, -33.458478, 0.0 ], [ -70.663897, -33.458478, 0.0 ], [ -70.663909, -33.458475, 0.0 ], [ -70.66391, -33.458474, 0.0 ], [ -70.663925, -33.45847, 0.0 ], [ -70.663928, -33.458469, 0.0 ], [ -70.663916, -33.458384, 0.0 ], [ -70.663917, -33.458371, 0.0 ], [ -70.663954, -33.457549, 0.0 ], [ -70.663971, -33.457184, 0.0 ], [ -70.66399, -33.457126, 0.0 ], [ -70.664017, -33.457049, 0.0 ], [ -70.664017, -33.457048, 0.0 ], [ -70.664018, -33.457047, 0.0 ], [ -70.66402, -33.457024, 0.0 ], [ -70.66402, -33.457024, 0.0 ], [ -70.664025, -33.456976, 0.0 ], [ -70.664073, -33.45649, 0.0 ], [ -70.664097, -33.456245, 0.0 ], [ -70.664097, -33.456244, 0.0 ], [ -70.664101, -33.456204, 0.0 ], [ -70.664101, -33.456203, 0.0 ], [ -70.664131, -33.455925, 0.0 ], [ -70.664131, -33.455924, 0.0 ], [ -70.664159, -33.455668, 0.0 ], [ -70.664163, -33.45563, 0.0 ], [ -70.664163, -33.45563, 0.0 ], [ -70.664168, -33.455572, 0.0 ], [ -70.664172, -33.455521, 0.0 ], [ -70.664187, -33.455352, 0.0 ], [ -70.664203, -33.45516, 0.0 ], [ -70.664216, -33.455098, 0.0 ], [ -70.664216, -33.455097, 0.0 ], [ -70.664269, -33.45452, 0.0 ], [ -70.66427, -33.454519, 0.0 ], [ -70.664287, -33.45432, 0.0 ], [ -70.664322, -33.454022, 0.0 ], [ -70.66433, -33.453951, 0.0 ], [ -70.66433, -33.45395, 0.0 ], [ -70.664434, -33.452821, 0.0 ], [ -70.66444, -33.452768, 0.0 ], [ -70.66444, -33.452767, 0.0 ], [ -70.664477, -33.452366, 0.0 ], [ -70.664546, -33.451621, 0.0 ], [ -70.664546, -33.45162, 0.0 ], [ -70.664533, -33.451558, 0.0 ], [ -70.664533, -33.451558, 0.0 ], [ -70.664533, -33.451557, 0.0 ], [ -70.664556, -33.451386, 0.0 ], [ -70.664581, -33.451322, 0.0 ], [ -70.664612, -33.451051, 0.0 ], [ -70.664659, -33.450593, 0.0 ], [ -70.664683, -33.450366, 0.0 ], [ -70.664683, -33.450365, 0.0 ], [ -70.664673, -33.450285, 0.0 ], [ -70.664673, -33.450284, 0.0 ], [ -70.6647, -33.449655, 0.0 ], [ -70.6647, -33.449653, 0.0 ], [ -70.664722, -33.449157, 0.0 ], [ -70.664722, -33.449156, 0.0 ], [ -70.664724, -33.449108, 0.0 ], [ -70.664734, -33.448871, 0.0 ], [ -70.664792, -33.447523, 0.0 ], [ -70.664792, -33.447523, 0.0 ], [ -70.664731, -33.447412, 0.0 ], [ -70.664784, -33.447423, 0.0 ], [ -70.664798, -33.447426, 0.0 ], [ -70.664797, -33.447424, 0.0 ], [ -70.664774, -33.447326, 0.0 ], [ -70.66467, -33.446888, 0.0 ], [ -70.66467, -33.446887, 0.0 ], [ -70.66467, -33.446887, 0.0 ], [ -70.665555, -33.447102, 0.0 ], [ -70.66563, -33.447121, 0.0 ], [ -70.665779, -33.447161, 0.0 ], [ -70.665913, -33.447197, 0.0 ], [ -70.665913, -33.447197, 0.0 ], [ -70.666329, -33.447315, 0.0 ], [ -70.666398, -33.447334, 0.0 ], [ -70.666447, -33.447348, 0.0 ], [ -70.666448, -33.447348, 0.0 ], [ -70.66744, -33.447661, 0.0 ], [ -70.667441, -33.447661, 0.0 ], [ -70.667466, -33.447668, 0.0 ], [ -70.668214, -33.447872, 0.0 ], [ -70.668221, -33.447874, 0.0 ], [ -70.668357, -33.447909, 0.0 ], [ -70.668468, -33.447937, 0.0 ], [ -70.669065, -33.448089, 0.0 ], [ -70.669443, -33.448186, 0.0 ], [ -70.669845, -33.44829, 0.0 ], [ -70.670375, -33.448427, 0.0 ], [ -70.670456, -33.448449, 0.0 ], [ -70.670457, -33.44845, 0.0 ], [ -70.670518, -33.448466, 0.0 ], [ -70.670738, -33.448526, 0.0 ], [ -70.671091, -33.448622, 0.0 ], [ -70.671617, -33.448766, 0.0 ], [ -70.671617, -33.448766, 0.0 ], [ -70.672277, -33.448941, 0.0 ], [ -70.672277, -33.448941, 0.0 ], [ -70.672973, -33.449126, 0.0 ], [ -70.672972, -33.449127, 0.0 ], [ -70.672798, -33.4493, 0.0 ], [ -70.672646, -33.449338, 0.0 ], [ -70.672645, -33.449339, 0.0 ], [ -70.672576, -33.449402, 0.0 ], [ -70.672576, -33.449403, 0.0 ], [ -70.672555, -33.450152, 0.0 ], [ -70.672527, -33.451089, 0.0 ], [ -70.672494, -33.452208, 0.0 ], [ -70.672494, -33.452209, 0.0 ], [ -70.672468, -33.4531, 0.0 ], [ -70.672461, -33.453335, 0.0 ], [ -70.672461, -33.453336, 0.0 ], [ -70.672461, -33.453336, 0.0 ], [ -70.672455, -33.453399, 0.0 ], [ -70.672455, -33.453399, 0.0 ], [ -70.672444, -33.453757, 0.0 ], [ -70.672435, -33.454043, 0.0 ], [ -70.672435, -33.454058, 0.0 ], [ -70.672434, -33.454076, 0.0 ], [ -70.672432, -33.45414, 0.0 ], [ -70.672429, -33.454245, 0.0 ], [ -70.672429, -33.454246, 0.0 ], [ -70.672422, -33.454463, 0.0 ], [ -70.672422, -33.454463, 0.0 ], [ -70.672422, -33.454464, 0.0 ], [ -70.672414, -33.454534, 0.0 ], [ -70.672413, -33.454545, 0.0 ], [ -70.67241, -33.45459, 0.0 ], [ -70.672379, -33.45501, 0.0 ], [ -70.672368, -33.455155, 0.0 ], [ -70.672349, -33.455411, 0.0 ], [ -70.672348, -33.455422, 0.0 ], [ -70.672338, -33.455561, 0.0 ], [ -70.672338, -33.455563, 0.0 ], [ -70.672316, -33.455876, 0.0 ], [ -70.672262, -33.456631, 0.0 ], [ -70.672257, -33.456702, 0.0 ], [ -70.672257, -33.456703, 0.0 ], [ -70.672246, -33.456792, 0.0 ], [ -70.672182, -33.457587, 0.0 ], [ -70.672182, -33.457587, 0.0 ], [ -70.672188, -33.457593, 0.0 ], [ -70.672215, -33.457622, 0.0 ], [ -70.672266, -33.457677, 0.0 ], [ -70.672267, -33.457678, 0.0 ], [ -70.672212, -33.457715, 0.0 ], [ -70.672177, -33.457739, 0.0 ], [ -70.672169, -33.457744, 0.0 ], [ -70.67215, -33.457981, 0.0 ], [ -70.672129, -33.458234, 0.0 ], [ -70.672134, -33.458304, 0.0 ], [ -70.672139, -33.458384, 0.0 ], [ -70.672131, -33.458382, 0.0 ] ] ] } },
{ "type": "Feature", "properties": { "BARRIO": "EJERCITO", "ÁREA": 16.0, "Shape_Leng": 3773.6702598900001, "Shape_Area": 717274.04316200002 }, "geometry": { "type": "Polygon", "coordinates": [ [ [ -70.656768, -33.458041, 0.0 ], [ -70.656676, -33.458032, 0.0 ], [ -70.656683, -33.457864, 0.0 ], [ -70.6567, -33.457595, 0.0 ], [ -70.656721, -33.457334, 0.0 ], [ -70.656743, -33.457038, 0.0 ], [ -70.656789, -33.45682, 0.0 ], [ -70.656834, -33.456608, 0.0 ], [ -70.656856, -33.456503, 0.0 ], [ -70.656867, -33.456452, 0.0 ], [ -70.656904, -33.456278, 0.0 ], [ -70.656964, -33.456113, 0.0 ], [ -70.657207, -33.455733, 0.0 ], [ -70.657518, -33.455334, 0.0 ], [ -70.657813, -33.454899, 0.0 ], [ -70.658027, -33.454576, 0.0 ], [ -70.658121, -33.454371, 0.0 ], [ -70.658187, -33.454132, 0.0 ], [ -70.658253, -33.453904, 0.0 ], [ -70.658384, -33.453453, 0.0 ], [ -70.658541, -33.452913, 0.0 ], [ -70.658705, -33.452351, 0.0 ], [ -70.658806, -33.452006, 0.0 ], [ -70.65892, -33.451616, 0.0 ], [ -70.659147, -33.450853, 0.0 ], [ -70.65938, -33.450068, 0.0 ], [ -70.659505, -33.44965, 0.0 ], [ -70.659633, -33.449267, 0.0 ], [ -70.6598, -33.448674, 0.0 ], [ -70.659985, -33.448163, 0.0 ], [ -70.660264, -33.447354, 0.0 ], [ -70.660348, -33.447139, 0.0 ], [ -70.660515, -33.446781, 0.0 ], [ -70.660605, -33.44652, 0.0 ], [ -70.660604, -33.446519, 0.0 ], [ -70.660604, -33.446518, 0.0 ], [ -70.660661, -33.44595, 0.0 ], [ -70.660661, -33.445947, 0.0 ], [ -70.660661, -33.445945, 0.0 ], [ -70.660661, -33.445945, 0.0 ], [ -70.660662, -33.445945, 0.0 ], [ -70.660775, -33.445973, 0.0 ], [ -70.661462, -33.446143, 0.0 ], [ -70.661462, -33.446143, 0.0 ], [ -70.661625, -33.44618, 0.0 ], [ -70.661736, -33.446206, 0.0 ], [ -70.662048, -33.446279, 0.0 ], [ -70.662252, -33.446326, 0.0 ], [ -70.662594, -33.446405, 0.0 ], [ -70.662594, -33.446405, 0.0 ], [ -70.663175, -33.446537, 0.0 ], [ -70.663608, -33.446636, 0.0 ], [ -70.663739, -33.446665, 0.0 ], [ -70.663739, -33.446666, 0.0 ], [ -70.664084, -33.446747, 0.0 ], [ -70.664084, -33.446747, 0.0 ], [ -70.664335, -33.446807, 0.0 ], [ -70.664505, -33.446847, 0.0 ], [ -70.66452, -33.446851, 0.0 ], [ -70.664552, -33.446858, 0.0 ], [ -70.664589, -33.446867, 0.0 ], [ -70.664613, -33.446873, 0.0 ], [ -70.664631, -33.446877, 0.0 ], [ -70.66467, -33.446887, 0.0 ], [ -70.66467, -33.446888, 0.0 ], [ -70.664774, -33.447326, 0.0 ], [ -70.664797, -33.447424, 0.0 ], [ -70.664798, -33.447426, 0.0 ], [ -70.664784, -33.447423, 0.0 ], [ -70.664731, -33.447412, 0.0 ], [ -70.664792, -33.447523, 0.0 ], [ -70.664792, -33.447523, 0.0 ], [ -70.664734, -33.448871, 0.0 ], [ -70.664724, -33.449108, 0.0 ], [ -70.664722, -33.449156, 0.0 ], [ -70.664722, -33.449157, 0.0 ], [ -70.6647, -33.449653, 0.0 ], [ -70.6647, -33.449655, 0.0 ], [ -70.664673, -33.450284, 0.0 ], [ -70.664673, -33.450285, 0.0 ], [ -70.664683, -33.450365, 0.0 ], [ -70.664683, -33.450366, 0.0 ], [ -70.664659, -33.450593, 0.0 ], [ -70.664612, -33.451051, 0.0 ], [ -70.664581, -33.451322, 0.0 ], [ -70.664556, -33.451386, 0.0 ], [ -70.664533, -33.451557, 0.0 ], [ -70.664533, -33.451558, 0.0 ], [ -70.664533, -33.451558, 0.0 ], [ -70.664546, -33.45162, 0.0 ], [ -70.664546, -33.451621, 0.0 ], [ -70.664477, -33.452366, 0.0 ], [ -70.66444, -33.452767, 0.0 ], [ -70.66444, -33.452768, 0.0 ], [ -70.664434, -33.452821, 0.0 ], [ -70.66433, -33.45395, 0.0 ], [ -70.66433, -33.453951, 0.0 ], [ -70.664322, -33.454022, 0.0 ], [ -70.664287, -33.45432, 0.0 ], [ -70.66427, -33.454519, 0.0 ], [ -70.664269, -33.45452, 0.0 ], [ -70.664216, -33.455097, 0.0 ], [ -70.664216, -33.455098, 0.0 ], [ -70.664203, -33.45516, 0.0 ], [ -70.664187, -33.455352, 0.0 ], [ -70.664172, -33.455521, 0.0 ], [ -70.664168, -33.455572, 0.0 ], [ -70.664163, -33.45563, 0.0 ], [ -70.664163, -33.45563, 0.0 ], [ -70.664159, -33.455668, 0.0 ], [ -70.664131, -33.455924, 0.0 ], [ -70.664131, -33.455925, 0.0 ], [ -70.664101, -33.456203, 0.0 ], [ -70.664101, -33.456204, 0.0 ], [ -70.664097, -33.456244, 0.0 ], [ -70.664097, -33.456245, 0.0 ], [ -70.664073, -33.45649, 0.0 ], [ -70.664025, -33.456976, 0.0 ], [ -70.66402, -33.457024, 0.0 ], [ -70.66402, -33.457024, 0.0 ], [ -70.664018, -33.457047, 0.0 ], [ -70.664017, -33.457048, 0.0 ], [ -70.664017, -33.457049, 0.0 ], [ -70.66399, -33.457126, 0.0 ], [ -70.663971, -33.457184, 0.0 ], [ -70.663954, -33.457549, 0.0 ], [ -70.663917, -33.458371, 0.0 ], [ -70.663916, -33.458384, 0.0 ], [ -70.663928, -33.458469, 0.0 ], [ -70.663925, -33.45847, 0.0 ], [ -70.66391, -33.458474, 0.0 ], [ -70.663909, -33.458475, 0.0 ], [ -70.663897, -33.458478, 0.0 ], [ -70.663896, -33.458478, 0.0 ], [ -70.663895, -33.458479, 0.0 ], [ -70.663865, -33.458502, 0.0 ], [ -70.663864, -33.458502, 0.0 ], [ -70.663864, -33.458502, 0.0 ], [ -70.663862, -33.458504, 0.0 ], [ -70.663849, -33.458525, 0.0 ], [ -70.663849, -33.458525, 0.0 ], [ -70.663848, -33.458527, 0.0 ], [ -70.663848, -33.458527, 0.0 ], [ -70.663847, -33.45853, 0.0 ], [ -70.663845, -33.458538, 0.0 ], [ -70.663844, -33.458539, 0.0 ], [ -70.663844, -33.458541, 0.0 ], [ -70.663843, -33.458543, 0.0 ], [ -70.663773, -33.458576, 0.0 ], [ -70.663643, -33.458567, 0.0 ], [ -70.663607, -33.458532, 0.0 ], [ -70.663607, -33.458532, 0.0 ], [ -70.663018, -33.458494, 0.0 ], [ -70.661081, -33.458367, 0.0 ], [ -70.660775, -33.458347, 0.0 ], [ -70.660736, -33.45837, 0.0 ], [ -70.660718, -33.458381, 0.0 ], [ -70.660606, -33.458371, 0.0 ], [ -70.660469, -33.45836, 0.0 ], [ -70.660322, -33.45832, 0.0 ], [ -70.66031, -33.458317, 0.0 ], [ -70.660305, -33.458315, 0.0 ], [ -70.660305, -33.458315, 0.0 ], [ -70.660305, -33.458315, 0.0 ], [ -70.660305, -33.458315, 0.0 ], [ -70.66027, -33.458313, 0.0 ], [ -70.660104, -33.458302, 0.0 ], [ -70.65938, -33.458255, 0.0 ], [ -70.658761, -33.458218, 0.0 ], [ -70.658567, -33.458206, 0.0 ], [ -70.658375, -33.458194, 0.0 ], [ -70.658169, -33.458182, 0.0 ], [ -70.658168, -33.458182, 0.0 ], [ -70.65812, -33.458175, 0.0 ], [ -70.658061, -33.458167, 0.0 ], [ -70.657956, -33.458152, 0.0 ], [ -70.657899, -33.458147, 0.0 ], [ -70.657867, -33.458144, 0.0 ], [ -70.657825, -33.458147, 0.0 ], [ -70.657654, -33.458129, 0.0 ], [ -70.65761, -33.45812, 0.0 ], [ -70.657607, -33.45812, 0.0 ], [ -70.657221, -33.458093, 0.0 ], [ -70.657201, -33.458092, 0.0 ], [ -70.657192, -33.458091, 0.0 ], [ -70.657148, -33.458082, 0.0 ], [ -70.657065, -33.458065, 0.0 ], [ -70.656974, -33.458058, 0.0 ], [ -70.656906, -33.458053, 0.0 ], [ -70.656768, -33.458041, 0.0 ] ] ] } },
{ "type": "Feature", "properties": { "BARRIO": "BRASIL", "ÁREA": 19.0, "Shape_Leng": 3536.1847677800001, "Shape_Area": 725893.67970500002 }, "geometry": { "type": "Polygon", "coordinates": [ [ [ -70.667421, -33.447655, 0.0 ], [ -70.666448, -33.447348, 0.0 ], [ -70.666447, -33.447348, 0.0 ], [ -70.666398, -33.447334, 0.0 ], [ -70.666329, -33.447315, 0.0 ], [ -70.665913, -33.447197, 0.0 ], [ -70.665913, -33.447197, 0.0 ], [ -70.665779, -33.447161, 0.0 ], [ -70.66563, -33.447121, 0.0 ], [ -70.665555, -33.447102, 0.0 ], [ -70.66467, -33.446887, 0.0 ], [ -70.66467, -33.446887, 0.0 ], [ -70.664631, -33.446877, 0.0 ], [ -70.664613, -33.446873, 0.0 ], [ -70.664589, -33.446867, 0.0 ], [ -70.664552, -33.446858, 0.0 ], [ -70.66452, -33.446851, 0.0 ], [ -70.664505, -33.446847, 0.0 ], [ -70.664335, -33.446807, 0.0 ], [ -70.664084, -33.446747, 0.0 ], [ -70.664084, -33.446747, 0.0 ], [ -70.663739, -33.446666, 0.0 ], [ -70.663739, -33.446665, 0.0 ], [ -70.663608, -33.446636, 0.0 ], [ -70.663175, -33.446537, 0.0 ], [ -70.662594, -33.446405, 0.0 ], [ -70.662594, -33.446405, 0.0 ], [ -70.662252, -33.446326, 0.0 ], [ -70.662048, -33.446279, 0.0 ], [ -70.661736, -33.446206, 0.0 ], [ -70.661625, -33.44618, 0.0 ], [ -70.661462, -33.446143, 0.0 ], [ -70.661462, -33.446143, 0.0 ], [ -70.660775, -33.445973, 0.0 ], [ -70.660662, -33.445945, 0.0 ], [ -70.660661, -33.445945, 0.0 ], [ -70.660661, -33.445945, 0.0 ], [ -70.660662, -33.445942, 0.0 ], [ -70.660837, -33.445175, 0.0 ], [ -70.66085, -33.445118, 0.0 ], [ -70.66096, -33.444599, 0.0 ], [ -70.660971, -33.444549, 0.0 ], [ -70.660971, -33.444549, 0.0 ], [ -70.660987, -33.444396, 0.0 ], [ -70.66099, -33.444365, 0.0 ], [ -70.660996, -33.444278, 0.0 ], [ -70.661, -33.44421, 0.0 ], [ -70.661, -33.444209, 0.0 ], [ -70.660998, -33.444179, 0.0 ], [ -70.660991, -33.444059, 0.0 ], [ -70.660913, -33.44377, 0.0 ], [ -70.660878, -33.443623, 0.0 ], [ -70.660844, -33.443524, 0.0 ], [ -70.660798, -33.443395, 0.0 ], [ -70.660785, -33.443308, 0.0 ], [ -70.660774, -33.443231, 0.0 ], [ -70.660744, -33.443071, 0.0 ], [ -70.660723, -33.442958, 0.0 ], [ -70.660719, -33.442942, 0.0 ], [ -70.660717, -33.442934, 0.0 ], [ -70.660717, -33.442933, 0.0 ], [ -70.66045, -33.441913, 0.0 ], [ -70.660449, -33.441911, 0.0 ], [ -70.660433, -33.441838, 0.0 ], [ -70.66042, -33.441783, 0.0 ], [ -70.660415, -33.441747, 0.0 ], [ -70.660404, -33.44167, 0.0 ], [ -70.6604, -33.441644, 0.0 ], [ -70.6604, -33.441644, 0.0 ], [ -70.660396, -33.441613, 0.0 ], [ -70.660389, -33.441562, 0.0 ], [ -70.660366, -33.441444, 0.0 ], [ -70.660306, -33.441133, 0.0 ], [ -70.660299, -33.441093, 0.0 ], [ -70.660293, -33.441058, 0.0 ], [ -70.660251, -33.440825, 0.0 ], [ -70.660218, -33.440642, 0.0 ], [ -70.660211, -33.440609, 0.0 ], [ -70.660206, -33.440582, 0.0 ], [ -70.660204, -33.440572, 0.0 ], [ -70.660201, -33.440556, 0.0 ], [ -70.660198, -33.440545, 0.0 ], [ -70.66019, -33.440505, 0.0 ], [ -70.660157, -33.440343, 0.0 ], [ -70.660144, -33.440263, 0.0 ], [ -70.660136, -33.44021, 0.0 ], [ -70.660113, -33.440017, 0.0 ], [ -70.660103, -33.439925, 0.0 ], [ -70.660103, -33.439924, 0.0 ], [ -70.66009, -33.43964, 0.0 ], [ -70.660086, -33.439542, 0.0 ], [ -70.660086, -33.439541, 0.0 ], [ -70.660092, -33.439462, 0.0 ], [ -70.660094, -33.43943, 0.0 ], [ -70.660094, -33.439429, 0.0 ], [ -70.660107, -33.439334, 0.0 ], [ -70.660124, -33.439202, 0.0 ], [ -70.660171, -33.438837, 0.0 ], [ -70.660181, -33.438759, 0.0 ], [ -70.660234, -33.438375, 0.0 ], [ -70.660239, -33.438339, 0.0 ], [ -70.660239, -33.438332, 0.0 ], [ -70.66024, -33.438331, 0.0 ], [ -70.660245, -33.438285, 0.0 ], [ -70.660289, -33.437898, 0.0 ], [ -70.660362, -33.437356, 0.0 ], [ -70.660362, -33.437355, 0.0 ], [ -70.660365, -33.437292, 0.0 ], [ -70.660367, -33.437253, 0.0 ], [ -70.660369, -33.437198, 0.0 ], [ -70.660369, -33.437194, 0.0 ], [ -70.660369, -33.437194, 0.0 ], [ -70.66039, -33.437195, 0.0 ], [ -70.660464, -33.437199, 0.0 ], [ -70.660494, -33.4372, 0.0 ], [ -70.66116, -33.437264, 0.0 ], [ -70.661161, -33.437264, 0.0 ], [ -70.661629, -33.437315, 0.0 ], [ -70.662544, -33.437416, 0.0 ], [ -70.662544, -33.437416, 0.0 ], [ -70.662656, -33.437415, 0.0 ], [ -70.663661, -33.437519, 0.0 ], [ -70.663661, -33.437519, 0.0 ], [ -70.663838, -33.437538, 0.0 ], [ -70.663967, -33.437551, 0.0 ], [ -70.664034, -33.437559, 0.0 ], [ -70.664093, -33.437565, 0.0 ], [ -70.664409, -33.437599, 0.0 ], [ -70.664409, -33.437599, 0.0 ], [ -70.664726, -33.437631, 0.0 ], [ -70.664875, -33.437647, 0.0 ], [ -70.665039, -33.437663, 0.0 ], [ -70.665056, -33.437665, 0.0 ], [ -70.665341, -33.437694, 0.0 ], [ -70.666042, -33.437766, 0.0 ], [ -70.666042, -33.437766, 0.0 ], [ -70.666729, -33.437829, 0.0 ], [ -70.666994, -33.437853, 0.0 ], [ -70.667075, -33.437861, 0.0 ], [ -70.667075, -33.437861, 0.0 ], [ -70.668473, -33.438001, 0.0 ], [ -70.668593, -33.438012, 0.0 ], [ -70.668663, -33.438019, 0.0 ], [ -70.668664, -33.43802, 0.0 ], [ -70.668664, -33.43802, 0.0 ], [ -70.668711, -33.4381, 0.0 ], [ -70.668711, -33.438101, 0.0 ], [ -70.668704, -33.438173, 0.0 ], [ -70.668612, -33.439104, 0.0 ], [ -70.668587, -33.439125, 0.0 ], [ -70.668558, -33.439148, 0.0 ], [ -70.668551, -33.439154, 0.0 ], [ -70.668547, -33.439157, 0.0 ], [ -70.668547, -33.439158, 0.0 ], [ -70.668548, -33.439158, 0.0 ], [ -70.668602, -33.439211, 0.0 ], [ -70.668601, -33.439212, 0.0 ], [ -70.668601, -33.439223, 0.0 ], [ -70.668573, -33.439851, 0.0 ], [ -70.668556, -33.44023, 0.0 ], [ -70.668498, -33.440271, 0.0 ], [ -70.668476, -33.440287, 0.0 ], [ -70.668476, -33.440287, 0.0 ], [ -70.668476, -33.440287, 0.0 ], [ -70.668498, -33.440317, 0.0 ], [ -70.668524, -33.440353, 0.0 ], [ -70.668524, -33.440353, 0.0 ], [ -70.668426, -33.440777, 0.0 ], [ -70.668284, -33.441397, 0.0 ], [ -70.668208, -33.441462, 0.0 ], [ -70.668208, -33.441462, 0.0 ], [ -70.668209, -33.441462, 0.0 ], [ -70.668258, -33.441533, 0.0 ], [ -70.668258, -33.441534, 0.0 ], [ -70.668035, -33.442492, 0.0 ], [ -70.668015, -33.442508, 0.0 ], [ -70.667967, -33.442544, 0.0 ], [ -70.667966, -33.442545, 0.0 ], [ -70.667965, -33.442546, 0.0 ], [ -70.667977, -33.442563, 0.0 ], [ -70.667993, -33.442588, 0.0 ], [ -70.668007, -33.44261, 0.0 ], [ -70.668007, -33.442611, 0.0 ], [ -70.667927, -33.44368, 0.0 ], [ -70.667868, -33.443761, 0.0 ], [ -70.667864, -33.443766, 0.0 ], [ -70.667864, -33.443766, 0.0 ], [ -70.667864, -33.443767, 0.0 ], [ -70.667919, -33.443855, 0.0 ], [ -70.667919, -33.443856, 0.0 ], [ -70.667873, -33.444424, 0.0 ], [ -70.66781, -33.444488, 0.0 ], [ -70.66781, -33.444489, 0.0 ], [ -70.66781, -33.444489, 0.0 ], [ -70.667863, -33.44456, 0.0 ], [ -70.667863, -33.44456, 0.0 ], [ -70.667823, -33.44512, 0.0 ], [ -70.667823, -33.445121, 0.0 ], [ -70.667789, -33.445151, 0.0 ], [ -70.667762, -33.445174, 0.0 ], [ -70.667762, -33.445175, 0.0 ], [ -70.667762, -33.445175, 0.0 ], [ -70.667815, -33.445264, 0.0 ], [ -70.667815, -33.445264, 0.0 ], [ -70.66774, -33.446275, 0.0 ], [ -70.667669, -33.446357, 0.0 ], [ -70.667669, -33.446357, 0.0 ], [ -70.66767, -33.446358, 0.0 ], [ -70.667727, -33.446437, 0.0 ], [ -70.667727, -33.446438, 0.0 ], [ -70.667703, -33.446708, 0.0 ], [ -70.66764, -33.446745, 0.0 ], [ -70.66764, -33.446745, 0.0 ], [ -70.667699, -33.446798, 0.0 ], [ -70.667699, -33.446799, 0.0 ], [ -70.667673, -33.447186, 0.0 ], [ -70.667607, -33.447268, 0.0 ], [ -70.667607, -33.447269, 0.0 ], [ -70.667594, -33.447458, 0.0 ], [ -70.667574, -33.447503, 0.0 ], [ -70.667549, -33.447549, 0.0 ], [ -70.667495, -33.447604, 0.0 ], [ -70.667445, -33.447656, 0.0 ], [ -70.667443, -33.447659, 0.0 ], [ -70.667442, -33.447659, 0.0 ], [ -70.66744, -33.447661, 0.0 ], [ -70.667421, -33.447655, 0.0 ] ] ] } },
{ "type": "Feature", "properties": { "BARRIO": "MATTA NORTE", "ÁREA": 31.0, "Shape_Leng": 4784.1682272799999, "Shape_Area": 1008733.75147 }, "geometry": { "type": "Polygon", "coordinates": [ [ [ -70.656816, -33.460557, 0.0 ], [ -70.656697, -33.460555, 0.0 ], [ -70.656564, -33.460549, 0.0 ], [ -70.656541, -33.460548, 0.0 ], [ -70.656427, -33.460441, 0.0 ], [ -70.656427, -33.460441, 0.0 ], [ -70.656426, -33.460441, 0.0 ], [ -70.656426, -33.460441, 0.0 ], [ -70.656342, -33.460514, 0.0 ], [ -70.655937, -33.460466, 0.0 ], [ -70.655523, -33.460417, 0.0 ], [ -70.655434, -33.460319, 0.0 ], [ -70.655433, -33.460319, 0.0 ], [ -70.655433, -33.460319, 0.0 ], [ -70.655433, -33.460319, 0.0 ], [ -70.655326, -33.460392, 0.0 ], [ -70.65441, -33.460287, 0.0 ], [ -70.654343, -33.460198, 0.0 ], [ -70.654343, -33.460198, 0.0 ], [ -70.654343, -33.460198, 0.0 ], [ -70.654254, -33.460262, 0.0 ], [ -70.653445, -33.460183, 0.0 ], [ -70.653381, -33.460076, 0.0 ], [ -70.653381, -33.460076, 0.0 ], [ -70.653381, -33.460076, 0.0 ], [ -70.65338, -33.460076, 0.0 ], [ -70.653298, -33.460158, 0.0 ], [ -70.652602, -33.460086, 0.0 ], [ -70.652527, -33.459988, 0.0 ], [ -70.652526, -33.459988, 0.0 ], [ -70.652526, -33.459988, 0.0 ], [ -70.652526, -33.459988, 0.0 ], [ -70.652448, -33.460052, 0.0 ], [ -70.651753, -33.45998, 0.0 ], [ -70.651684, -33.459882, 0.0 ], [ -70.651684, -33.459882, 0.0 ], [ -70.651684, -33.459882, 0.0 ], [ -70.651683, -33.459882, 0.0 ], [ -70.651576, -33.459955, 0.0 ], [ -70.650785, -33.459858, 0.0 ], [ -70.650695, -33.45976, 0.0 ], [ -70.650695, -33.45976, 0.0 ], [ -70.650695, -33.45976, 0.0 ], [ -70.650694, -33.45976, 0.0 ], [ -70.650581, -33.459842, 0.0 ], [ -70.649531, -33.459717, 0.0 ], [ -70.649223, -33.45968, 0.0 ], [ -70.649126, -33.459583, 0.0 ], [ -70.649126, -33.459582, 0.0 ], [ -70.649126, -33.459582, 0.0 ], [ -70.649125, -33.459582, 0.0 ], [ -70.648968, -33.459638, 0.0 ], [ -70.64737, -33.459299, 0.0 ], [ -70.647308, -33.459264, 0.0 ], [ -70.647269, -33.459175, 0.0 ], [ -70.647269, -33.459174, 0.0 ], [ -70.647269, -33.459174, 0.0 ], [ -70.647268, -33.459174, 0.0 ], [ -70.647196, -33.459238, 0.0 ], [ -70.647123, -33.459248, 0.0 ], [ -70.646822, -33.459184, 0.0 ], [ -70.646588, -33.459135, 0.0 ], [ -70.646588, -33.459135, 0.0 ], [ -70.646588, -33.459135, 0.0 ], [ -70.646453, -33.459106, 0.0 ], [ -70.64628, -33.45907, 0.0 ], [ -70.64623, -33.459025, 0.0 ], [ -70.646204, -33.458936, 0.0 ], [ -70.646203, -33.458936, 0.0 ], [ -70.646203, -33.458936, 0.0 ], [ -70.646203, -33.458936, 0.0 ], [ -70.646128, -33.459, 0.0 ], [ -70.646053, -33.459028, 0.0 ], [ -70.64592, -33.459002, 0.0 ], [ -70.64569, -33.458958, 0.0 ], [ -70.645425, -33.458908, 0.0 ], [ -70.645377, -33.458844, 0.0 ], [ -70.645323, -33.458772, 0.0 ], [ -70.645322, -33.458771, 0.0 ], [ -70.645322, -33.458771, 0.0 ], [ -70.645321, -33.458771, 0.0 ], [ -70.64519, -33.458859, 0.0 ], [ -70.644777, -33.458769, 0.0 ], [ -70.644765, -33.458766, 0.0 ], [ -70.644765, -33.458766, 0.0 ], [ -70.644676, -33.458747, 0.0 ], [ -70.643356, -33.458466, 0.0 ], [ -70.643329, -33.45843, 0.0 ], [ -70.643269, -33.458352, 0.0 ], [ -70.643269, -33.458351, 0.0 ], [ -70.643274, -33.458222, 0.0 ], [ -70.643276, -33.45818, 0.0 ], [ -70.643277, -33.458141, 0.0 ], [ -70.643277, -33.458139, 0.0 ], [ -70.643424, -33.457143, 0.0 ], [ -70.643424, -33.457141, 0.0 ], [ -70.643623, -33.455795, 0.0 ], [ -70.643625, -33.455781, 0.0 ], [ -70.643626, -33.455779, 0.0 ], [ -70.643626, -33.455778, 0.0 ], [ -70.643653, -33.455584, 0.0 ], [ -70.643676, -33.45542, 0.0 ], [ -70.643817, -33.454423, 0.0 ], [ -70.643817, -33.454421, 0.0 ], [ -70.643874, -33.45401, 0.0 ], [ -70.643887, -33.453914, 0.0 ], [ -70.643887, -33.453913, 0.0 ], [ -70.643887, -33.453912, 0.0 ], [ -70.64389, -33.453891, 0.0 ], [ -70.64389, -33.453891, 0.0 ], [ -70.643909, -33.453761, 0.0 ], [ -70.643975, -33.453316, 0.0 ], [ -70.643977, -33.453298, 0.0 ], [ -70.643977, -33.453298, 0.0 ], [ -70.644096, -33.452481, 0.0 ], [ -70.644161, -33.45203, 0.0 ], [ -70.644206, -33.451723, 0.0 ], [ -70.644206, -33.451721, 0.0 ], [ -70.644212, -33.451686, 0.0 ], [ -70.644306, -33.451157, 0.0 ], [ -70.644352, -33.450898, 0.0 ], [ -70.644389, -33.450688, 0.0 ], [ -70.644414, -33.450551, 0.0 ], [ -70.644421, -33.450501, 0.0 ], [ -70.644422, -33.450499, 0.0 ], [ -70.644426, -33.450472, 0.0 ], [ -70.64443, -33.450449, 0.0 ], [ -70.64444, -33.450393, 0.0 ], [ -70.644518, -33.44995, 0.0 ], [ -70.644569, -33.449664, 0.0 ], [ -70.644573, -33.449643, 0.0 ], [ -70.644578, -33.449621, 0.0 ], [ -70.645152, -33.449703, 0.0 ], [ -70.645327, -33.449729, 0.0 ], [ -70.645735, -33.449787, 0.0 ], [ -70.645746, -33.449789, 0.0 ], [ -70.646366, -33.449878, 0.0 ], [ -70.64694, -33.449961, 0.0 ], [ -70.646946, -33.449962, 0.0 ], [ -70.647042, -33.449969, 0.0 ], [ -70.648239, -33.450116, 0.0 ], [ -70.648301, -33.450124, 0.0 ], [ -70.648301, -33.450124, 0.0 ], [ -70.648478, -33.450148, 0.0 ], [ -70.649095, -33.450231, 0.0 ], [ -70.649095, -33.450231, 0.0 ], [ -70.649153, -33.450239, 0.0 ], [ -70.649215, -33.450251, 0.0 ], [ -70.649557, -33.45032, 0.0 ], [ -70.650459, -33.450501, 0.0 ], [ -70.650572, -33.450509, 0.0 ], [ -70.650572, -33.450509, 0.0 ], [ -70.65056, -33.450589, 0.0 ], [ -70.650475, -33.451159, 0.0 ], [ -70.650385, -33.451882, 0.0 ], [ -70.650385, -33.451882, 0.0 ], [ -70.650385, -33.451883, 0.0 ], [ -70.650383, -33.451898, 0.0 ], [ -70.650308, -33.452369, 0.0 ], [ -70.650304, -33.452376, 0.0 ], [ -70.650278, -33.452422, 0.0 ], [ -70.650276, -33.452425, 0.0 ], [ -70.650221, -33.452753, 0.0 ], [ -70.650221, -33.452755, 0.0 ], [ -70.650156, -33.453179, 0.0 ], [ -70.650112, -33.453465, 0.0 ], [ -70.650114, -33.453493, 0.0 ], [ -70.650118, -33.453598, 0.0 ], [ -70.650072, -33.453898, 0.0 ], [ -70.650044, -33.45409, 0.0 ], [ -70.650037, -33.454133, 0.0 ], [ -70.650037, -33.454134, 0.0 ], [ -70.650038, -33.454135, 0.0 ], [ -70.650179, -33.454159, 0.0 ], [ -70.65044, -33.454204, 0.0 ], [ -70.650561, -33.454225, 0.0 ], [ -70.651468, -33.454384, 0.0 ], [ -70.652216, -33.454399, 0.0 ], [ -70.652525, -33.454405, 0.0 ], [ -70.652526, -33.454405, 0.0 ], [ -70.653208, -33.454421, 0.0 ], [ -70.653288, -33.454422, 0.0 ], [ -70.653288, -33.454422, 0.0 ], [ -70.653343, -33.454422, 0.0 ], [ -70.654065, -33.454438, 0.0 ], [ -70.654065, -33.454438, 0.0 ], [ -70.654576, -33.454447, 0.0 ], [ -70.654921, -33.454452, 0.0 ], [ -70.654923, -33.454452, 0.0 ], [ -70.654945, -33.454456, 0.0 ], [ -70.655011, -33.454465, 0.0 ], [ -70.655021, -33.454466, 0.0 ], [ -70.655058, -33.454471, 0.0 ], [ -70.655503, -33.454477, 0.0 ], [ -70.655506, -33.454477, 0.0 ], [ -70.655779, -33.454483, 0.0 ], [ -70.655904, -33.454486, 0.0 ], [ -70.656492, -33.45451, 0.0 ], [ -70.656607, -33.454515, 0.0 ], [ -70.656607, -33.454515, 0.0 ], [ -70.657475, -33.454535, 0.0 ], [ -70.65754, -33.454538, 0.0 ], [ -70.65754, -33.454538, 0.0 ], [ -70.657543, -33.454538, 0.0 ], [ -70.657608, -33.454542, 0.0 ], [ -70.657651, -33.454555, 0.0 ], [ -70.657651, -33.454555, 0.0 ], [ -70.657646, -33.454565, 0.0 ], [ -70.658035, -33.454555, 0.0 ], [ -70.657972, -33.454661, 0.0 ], [ -70.657813, -33.454899, 0.0 ], [ -70.657719, -33.455038, 0.0 ], [ -70.657634, -33.455153, 0.0 ], [ -70.657534, -33.455289, 0.0 ], [ -70.657397, -33.455475, 0.0 ], [ -70.657243, -33.455676, 0.0 ], [ -70.65713, -33.45583, 0.0 ], [ -70.657105, -33.455872, 0.0 ], [ -70.657048, -33.455969, 0.0 ], [ -70.656924, -33.45618, 0.0 ], [ -70.656856, -33.456503, 0.0 ], [ -70.656803, -33.456754, 0.0 ], [ -70.656762, -33.456952, 0.0 ], [ -70.656726, -33.457263, 0.0 ], [ -70.6567, -33.457595, 0.0 ], [ -70.656692, -33.457771, 0.0 ], [ -70.656683, -33.457864, 0.0 ], [ -70.656683, -33.457921, 0.0 ], [ -70.656677, -33.457997, 0.0 ], [ -70.656674, -33.458057, 0.0 ], [ -70.656674, -33.458282, 0.0 ], [ -70.6567, -33.458492, 0.0 ], [ -70.656739, -33.458815, 0.0 ], [ -70.65677, -33.459064, 0.0 ], [ -70.656787, -33.459418, 0.0 ], [ -70.656805, -33.459973, 0.0 ], [ -70.656814, -33.460291, 0.0 ], [ -70.656815, -33.460434, 0.0 ], [ -70.656816, -33.460557, 0.0 ] ] ] } },
{ "type": "Feature", "properties": { "BARRIO": "BALMACEDA", "ÁREA": 25.0, "Shape_Leng": 3634.26018578, "Shape_Area": 626786.09300300002 }, "geometry": { "type": "Polygon", "coordinates": [ [ [ -70.668486, -33.427031, 0.0 ], [ -70.668636, -33.426977, 0.0 ], [ -70.668954, -33.426861, 0.0 ], [ -70.669051, -33.426826, 0.0 ], [ -70.66991, -33.426513, 0.0 ], [ -70.669937, -33.426503, 0.0 ], [ -70.670107, -33.426441, 0.0 ], [ -70.670191, -33.42641, 0.0 ], [ -70.670271, -33.426381, 0.0 ], [ -70.670497, -33.426297, 0.0 ], [ -70.670735, -33.426221, 0.0 ], [ -70.670838, -33.426188, 0.0 ], [ -70.670855, -33.426184, 0.0 ], [ -70.670997, -33.426152, 0.0 ], [ -70.67122, -33.426101, 0.0 ], [ -70.671295, -33.426084, 0.0 ], [ -70.671316, -33.426105, 0.0 ], [ -70.671317, -33.426108, 0.0 ], [ -70.671328, -33.426148, 0.0 ], [ -70.671328, -33.426151, 0.0 ], [ -70.671329, -33.426153, 0.0 ], [ -70.671333, -33.426166, 0.0 ], [ -70.67134, -33.426192, 0.0 ], [ -70.671343, -33.426205, 0.0 ], [ -70.671377, -33.426316, 0.0 ], [ -70.67139, -33.426356, 0.0 ], [ -70.671415, -33.426441, 0.0 ], [ -70.67142, -33.426454, 0.0 ], [ -70.671432, -33.426493, 0.0 ], [ -70.671437, -33.42651, 0.0 ], [ -70.671443, -33.42653, 0.0 ], [ -70.671443, -33.42653, 0.0 ], [ -70.671472, -33.426623, 0.0 ], [ -70.671525, -33.426798, 0.0 ], [ -70.671533, -33.426822, 0.0 ], [ -70.671543, -33.426859, 0.0 ], [ -70.671623, -33.427133, 0.0 ], [ -70.671639, -33.42719, 0.0 ], [ -70.67168, -33.427359, 0.0 ], [ -70.671736, -33.427595, 0.0 ], [ -70.671795, -33.427898, 0.0 ], [ -70.671795, -33.427899, 0.0 ], [ -70.671796, -33.4279, 0.0 ], [ -70.671797, -33.427905, 0.0 ], [ -70.671792, -33.428021, 0.0 ], [ -70.67179, -33.428076, 0.0 ], [ -70.671782, -33.428201, 0.0 ], [ -70.671781, -33.428216, 0.0 ], [ -70.671781, -33.428224, 0.0 ], [ -70.67178, -33.428232, 0.0 ], [ -70.671775, -33.428321, 0.0 ], [ -70.671775, -33.428325, 0.0 ], [ -70.6718, -33.428314, 0.0 ], [ -70.671824, -33.428304, 0.0 ], [ -70.671831, -33.428301, 0.0 ], [ -70.671833, -33.428301, 0.0 ], [ -70.671906, -33.428283, 0.0 ], [ -70.671968, -33.428267, 0.0 ], [ -70.671983, -33.428263, 0.0 ], [ -70.672013, -33.428253, 0.0 ], [ -70.672072, -33.428233, 0.0 ], [ -70.672222, -33.428181, 0.0 ], [ -70.672223, -33.428181, 0.0 ], [ -70.672275, -33.428163, 0.0 ], [ -70.672365, -33.428134, 0.0 ], [ -70.672572, -33.428067, 0.0 ], [ -70.673265, -33.427841, 0.0 ], [ -70.673555, -33.427744, 0.0 ], [ -70.673657, -33.427709, 0.0 ], [ -70.673703, -33.427694, 0.0 ], [ -70.67398, -33.427599, 0.0 ], [ -70.674819, -33.427313, 0.0 ], [ -70.67486, -33.427299, 0.0 ], [ -70.67501, -33.42725, 0.0 ], [ -70.6754, -33.427122, 0.0 ], [ -70.675461, -33.427102, 0.0 ], [ -70.675493, -33.427092, 0.0 ], [ -70.675513, -33.427086, 0.0 ], [ -70.675683, -33.427035, 0.0 ], [ -70.675705, -33.427028, 0.0 ], [ -70.675716, -33.427025, 0.0 ], [ -70.675818, -33.426994, 0.0 ], [ -70.67585, -33.426984, 0.0 ], [ -70.675935, -33.426955, 0.0 ], [ -70.676038, -33.426901, 0.0 ], [ -70.676057, -33.426891, 0.0 ], [ -70.676107, -33.426864, 0.0 ], [ -70.676139, -33.426847, 0.0 ], [ -70.676174, -33.426829, 0.0 ], [ -70.676242, -33.426793, 0.0 ], [ -70.676434, -33.426717, 0.0 ], [ -70.67661, -33.426652, 0.0 ], [ -70.676625, -33.426648, 0.0 ], [ -70.676725, -33.426621, 0.0 ], [ -70.676893, -33.426597, 0.0 ], [ -70.677062, -33.426592, 0.0 ], [ -70.677165, -33.426594, 0.0 ], [ -70.67727, -33.426603, 0.0 ], [ -70.677382, -33.426613, 0.0 ], [ -70.67751, -33.426645, 0.0 ], [ -70.67766, -33.426693, 0.0 ], [ -70.677909, -33.426795, 0.0 ], [ -70.677984, -33.426835, 0.0 ], [ -70.67806, -33.426868, 0.0 ], [ -70.678154, -33.426909, 0.0 ], [ -70.678295, -33.42697, 0.0 ], [ -70.678755, -33.427167, 0.0 ], [ -70.678829, -33.427199, 0.0 ], [ -70.679163, -33.427346, 0.0 ], [ -70.67928, -33.427401, 0.0 ], [ -70.679282, -33.427402, 0.0 ], [ -70.679283, -33.427403, 0.0 ], [ -70.679284, -33.427403, 0.0 ], [ -70.679297, -33.427408, 0.0 ], [ -70.679309, -33.427413, 0.0 ], [ -70.679311, -33.427414, 0.0 ], [ -70.679313, -33.427416, 0.0 ], [ -70.679317, -33.427419, 0.0 ], [ -70.67932, -33.427421, 0.0 ], [ -70.679324, -33.427423, 0.0 ], [ -70.679334, -33.427431, 0.0 ], [ -70.679341, -33.427435, 0.0 ], [ -70.679346, -33.427439, 0.0 ], [ -70.679365, -33.427452, 0.0 ], [ -70.679369, -33.427454, 0.0 ], [ -70.679375, -33.427459, 0.0 ], [ -70.679403, -33.427479, 0.0 ], [ -70.679458, -33.42752, 0.0 ], [ -70.679458, -33.42752, 0.0 ], [ -70.679474, -33.427532, 0.0 ], [ -70.679492, -33.427545, 0.0 ], [ -70.679508, -33.427557, 0.0 ], [ -70.679554, -33.427591, 0.0 ], [ -70.679601, -33.42763, 0.0 ], [ -70.679663, -33.427682, 0.0 ], [ -70.679776, -33.42778, 0.0 ], [ -70.6798, -33.427803, 0.0 ], [ -70.679856, -33.42786, 0.0 ], [ -70.67992, -33.427925, 0.0 ], [ -70.679962, -33.427978, 0.0 ], [ -70.679987, -33.42801, 0.0 ], [ -70.680023, -33.428057, 0.0 ], [ -70.680046, -33.428084, 0.0 ], [ -70.680067, -33.428108, 0.0 ], [ -70.680088, -33.428132, 0.0 ], [ -70.680114, -33.428162, 0.0 ], [ -70.680138, -33.42819, 0.0 ], [ -70.680144, -33.428197, 0.0 ], [ -70.680222, -33.428307, 0.0 ], [ -70.680259, -33.428359, 0.0 ], [ -70.680367, -33.428529, 0.0 ], [ -70.680411, -33.428617, 0.0 ], [ -70.680442, -33.428676, 0.0 ], [ -70.680486, -33.428761, 0.0 ], [ -70.680564, -33.428914, 0.0 ], [ -70.680599, -33.429011, 0.0 ], [ -70.680599, -33.429012, 0.0 ], [ -70.680641, -33.429228, 0.0 ], [ -70.680662, -33.429347, 0.0 ], [ -70.680672, -33.429405, 0.0 ], [ -70.680674, -33.429417, 0.0 ], [ -70.680706, -33.429633, 0.0 ], [ -70.680723, -33.429786, 0.0 ], [ -70.680723, -33.429798, 0.0 ], [ -70.680723, -33.429808, 0.0 ], [ -70.680723, -33.429809, 0.0 ], [ -70.680722, -33.429949, 0.0 ], [ -70.680702, -33.430138, 0.0 ], [ -70.680701, -33.430146, 0.0 ], [ -70.680685, -33.430345, 0.0 ], [ -70.680685, -33.430346, 0.0 ], [ -70.680684, -33.430361, 0.0 ], [ -70.680622, -33.431324, 0.0 ], [ -70.6806, -33.431663, 0.0 ], [ -70.6806, -33.431664, 0.0 ], [ -70.680546, -33.432472, 0.0 ], [ -70.68054, -33.432556, 0.0 ], [ -70.68054, -33.432557, 0.0 ], [ -70.680583, -33.432638, 0.0 ], [ -70.680587, -33.432755, 0.0 ], [ -70.680592, -33.432935, 0.0 ], [ -70.680592, -33.432942, 0.0 ], [ -70.680592, -33.433034, 0.0 ], [ -70.680592, -33.433035, 0.0 ], [ -70.680592, -33.433044, 0.0 ], [ -70.680591, -33.433057, 0.0 ], [ -70.680575, -33.433053, 0.0 ], [ -70.680538, -33.433044, 0.0 ], [ -70.680536, -33.433043, 0.0 ], [ -70.680494, -33.433033, 0.0 ], [ -70.680365, -33.433001, 0.0 ], [ -70.680364, -33.433001, 0.0 ], [ -70.67943, -33.432896, 0.0 ], [ -70.67943, -33.432896, 0.0 ], [ -70.678361, -33.432796, 0.0 ], [ -70.67836, -33.432796, 0.0 ], [ -70.678212, -33.432786, 0.0 ], [ -70.677313, -33.432708, 0.0 ], [ -70.677313, -33.432708, 0.0 ], [ -70.67663, -33.43263, 0.0 ], [ -70.676434, -33.432607, 0.0 ], [ -70.676405, -33.432605, 0.0 ], [ -70.676365, -33.432602, 0.0 ], [ -70.676364, -33.432602, 0.0 ], [ -70.676364, -33.432602, 0.0 ], [ -70.675782, -33.432559, 0.0 ], [ -70.675753, -33.432557, 0.0 ], [ -70.675614, -33.432547, 0.0 ], [ -70.675614, -33.432547, 0.0 ], [ -70.675537, -33.432541, 0.0 ], [ -70.675518, -33.43254, 0.0 ], [ -70.675227, -33.432518, 0.0 ], [ -70.675028, -33.432504, 0.0 ], [ -70.674935, -33.432497, 0.0 ], [ -70.674495, -33.432468, 0.0 ], [ -70.67435, -33.432458, 0.0 ], [ -70.674035, -33.432437, 0.0 ], [ -70.674035, -33.432437, 0.0 ], [ -70.673731, -33.432413, 0.0 ], [ -70.673365, -33.432385, 0.0 ], [ -70.673275, -33.432378, 0.0 ], [ -70.673274, -33.432378, 0.0 ], [ -70.673193, -33.432372, 0.0 ], [ -70.673193, -33.432372, 0.0 ], [ -70.673124, -33.43236, 0.0 ], [ -70.673051, -33.432355, 0.0 ], [ -70.672311, -33.432301, 0.0 ], [ -70.672311, -33.432301, 0.0 ], [ -70.671638, -33.432252, 0.0 ], [ -70.671414, -33.432236, 0.0 ], [ -70.67132, -33.432237, 0.0 ], [ -70.67132, -33.432237, 0.0 ], [ -70.671239, -33.432238, 0.0 ], [ -70.670502, -33.432186, 0.0 ], [ -70.67037, -33.432177, 0.0 ], [ -70.670347, -33.432174, 0.0 ], [ -70.67025, -33.432162, 0.0 ], [ -70.67025, -33.432162, 0.0 ], [ -70.670187, -33.432155, 0.0 ], [ -70.670143, -33.432149, 0.0 ], [ -70.669567, -33.432133, 0.0 ], [ -70.669288, -33.432125, 0.0 ], [ -70.669212, -33.432123, 0.0 ], [ -70.669211, -33.432123, 0.0 ], [ -70.669211, -33.432123, 0.0 ], [ -70.669265, -33.432014, 0.0 ], [ -70.66935, -33.431103, 0.0 ], [ -70.66935, -33.431102, 0.0 ], [ -70.669319, -33.431055, 0.0 ], [ -70.669303, -33.431033, 0.0 ], [ -70.669304, -33.431032, 0.0 ], [ -70.669345, -33.430986, 0.0 ], [ -70.669378, -33.430949, 0.0 ], [ -70.669391, -33.430778, 0.0 ], [ -70.669391, -33.430777, 0.0 ], [ -70.669328, -33.430689, 0.0 ], [ -70.669328, -33.430689, 0.0 ], [ -70.669328, -33.430688, 0.0 ], [ -70.669398, -33.43066, 0.0 ], [ -70.669419, -33.430479, 0.0 ], [ -70.669441, -33.430263, 0.0 ], [ -70.669465, -33.430083, 0.0 ], [ -70.669465, -33.430082, 0.0 ], [ -70.669409, -33.429993, 0.0 ], [ -70.669409, -33.429992, 0.0 ], [ -70.669482, -33.429892, 0.0 ], [ -70.669482, -33.429892, 0.0 ], [ -70.669482, -33.429875, 0.0 ], [ -70.669485, -33.429785, 0.0 ], [ -70.669475, -33.429772, 0.0 ], [ -70.669431, -33.429713, 0.0 ], [ -70.669431, -33.429713, 0.0 ], [ -70.66943, -33.429712, 0.0 ], [ -70.669478, -33.429657, 0.0 ], [ -70.669492, -33.429641, 0.0 ], [ -70.669496, -33.429609, 0.0 ], [ -70.669507, -33.429532, 0.0 ], [ -70.669507, -33.42953, 0.0 ], [ -70.669471, -33.42948, 0.0 ], [ -70.669454, -33.429457, 0.0 ], [ -70.669455, -33.429457, 0.0 ], [ -70.66952, -33.429398, 0.0 ], [ -70.669538, -33.429228, 0.0 ], [ -70.669543, -33.42918, 0.0 ], [ -70.669543, -33.429179, 0.0 ], [ -70.669482, -33.429099, 0.0 ], [ -70.669482, -33.429099, 0.0 ], [ -70.669481, -33.429099, 0.0 ], [ -70.669481, -33.429099, 0.0 ], [ -70.668486, -33.427031, 0.0 ] ] ] } },
{ "type": "Feature", "properties": { "BARRIO": "PANAMÁ", "ÁREA": 27.0, "Shape_Leng": 3643.9481737400001, "Shape_Area": 773375.10552500002 }, "geometry": { "type": "Polygon", "coordinates": [ [ [ -70.660369, -33.437194, 0.0 ], [ -70.66037, -33.437188, 0.0 ], [ -70.660375, -33.437156, 0.0 ], [ -70.660432, -33.436778, 0.0 ], [ -70.660432, -33.436778, 0.0 ], [ -70.66055, -33.436006, 0.0 ], [ -70.660562, -33.435929, 0.0 ], [ -70.660562, -33.435928, 0.0 ], [ -70.660567, -33.435893, 0.0 ], [ -70.660587, -33.435761, 0.0 ], [ -70.660713, -33.434934, 0.0 ], [ -70.660748, -33.4347, 0.0 ], [ -70.660748, -33.434699, 0.0 ], [ -70.660772, -33.434564, 0.0 ], [ -70.660773, -33.434563, 0.0 ], [ -70.660775, -33.434549, 0.0 ], [ -70.660781, -33.434508, 0.0 ], [ -70.6609, -33.433693, 0.0 ], [ -70.660941, -33.433416, 0.0 ], [ -70.660963, -33.433298, 0.0 ], [ -70.660969, -33.433261, 0.0 ], [ -70.660977, -33.433222, 0.0 ], [ -70.660977, -33.43322, 0.0 ], [ -70.661014, -33.433018, 0.0 ], [ -70.661141, -33.432331, 0.0 ], [ -70.661168, -33.43224, 0.0 ], [ -70.661179, -33.432213, 0.0 ], [ -70.661197, -33.432177, 0.0 ], [ -70.661214, -33.43215, 0.0 ], [ -70.661232, -33.432113, 0.0 ], [ -70.661244, -33.432103, 0.0 ], [ -70.661276, -33.432077, 0.0 ], [ -70.661294, -33.43207, 0.0 ], [ -70.661339, -33.43171, 0.0 ], [ -70.661345, -33.431707, 0.0 ], [ -70.661355, -33.431702, 0.0 ], [ -70.661413, -33.431682, 0.0 ], [ -70.661431, -33.431677, 0.0 ], [ -70.661504, -33.431655, 0.0 ], [ -70.661507, -33.431654, 0.0 ], [ -70.661524, -33.43165, 0.0 ], [ -70.661632, -33.431623, 0.0 ], [ -70.661656, -33.431614, 0.0 ], [ -70.661749, -33.431581, 0.0 ], [ -70.661819, -33.43155, 0.0 ], [ -70.66184, -33.43154, 0.0 ], [ -70.661891, -33.431505, 0.0 ], [ -70.661922, -33.431473, 0.0 ], [ -70.661958, -33.431428, 0.0 ], [ -70.661987, -33.431382, 0.0 ], [ -70.662019, -33.431311, 0.0 ], [ -70.662035, -33.431251, 0.0 ], [ -70.662034, -33.431209, 0.0 ], [ -70.662025, -33.431154, 0.0 ], [ -70.661996, -33.43106, 0.0 ], [ -70.661969, -33.431007, 0.0 ], [ -70.661927, -33.430954, 0.0 ], [ -70.661897, -33.430916, 0.0 ], [ -70.661895, -33.430914, 0.0 ], [ -70.661857, -33.430884, 0.0 ], [ -70.661853, -33.430881, 0.0 ], [ -70.661781, -33.430843, 0.0 ], [ -70.66175, -33.430827, 0.0 ], [ -70.66169, -33.430803, 0.0 ], [ -70.661591, -33.43078, 0.0 ], [ -70.661592, -33.430779, 0.0 ], [ -70.661624, -33.430711, 0.0 ], [ -70.661672, -33.430613, 0.0 ], [ -70.661673, -33.430611, 0.0 ], [ -70.661692, -33.430572, 0.0 ], [ -70.661713, -33.430528, 0.0 ], [ -70.661882, -33.430129, 0.0 ], [ -70.661895, -33.430099, 0.0 ], [ -70.661937, -33.430029, 0.0 ], [ -70.66198, -33.429957, 0.0 ], [ -70.661998, -33.429928, 0.0 ], [ -70.662175, -33.429632, 0.0 ], [ -70.662286, -33.429494, 0.0 ], [ -70.662298, -33.42948, 0.0 ], [ -70.662298, -33.42948, 0.0 ], [ -70.662429, -33.429317, 0.0 ], [ -70.662442, -33.4293, 0.0 ], [ -70.6625, -33.429245, 0.0 ], [ -70.662794, -33.42896, 0.0 ], [ -70.66281, -33.428945, 0.0 ], [ -70.662822, -33.428933, 0.0 ], [ -70.662932, -33.428889, 0.0 ], [ -70.663328, -33.428849, 0.0 ], [ -70.663538, -33.428822, 0.0 ], [ -70.663569, -33.428817, 0.0 ], [ -70.663906, -33.428746, 0.0 ], [ -70.663915, -33.428744, 0.0 ], [ -70.663933, -33.428739, 0.0 ], [ -70.66422, -33.428662, 0.0 ], [ -70.664544, -33.428541, 0.0 ], [ -70.664567, -33.428532, 0.0 ], [ -70.664569, -33.428531, 0.0 ], [ -70.66492, -33.428386, 0.0 ], [ -70.665329, -33.428217, 0.0 ], [ -70.665507, -33.428143, 0.0 ], [ -70.665604, -33.428103, 0.0 ], [ -70.6657, -33.428063, 0.0 ], [ -70.665852, -33.428, 0.0 ], [ -70.665917, -33.427974, 0.0 ], [ -70.666209, -33.427859, 0.0 ], [ -70.66621, -33.427859, 0.0 ], [ -70.666571, -33.427719, 0.0 ], [ -70.666904, -33.42759, 0.0 ], [ -70.666911, -33.427588, 0.0 ], [ -70.667481, -33.427383, 0.0 ], [ -70.667563, -33.427354, 0.0 ], [ -70.667684, -33.42731, 0.0 ], [ -70.667802, -33.427269, 0.0 ], [ -70.667896, -33.427237, 0.0 ], [ -70.668024, -33.427192, 0.0 ], [ -70.668046, -33.427184, 0.0 ], [ -70.668478, -33.427034, 0.0 ], [ -70.668927, -33.427947, 0.0 ], [ -70.669481, -33.429099, 0.0 ], [ -70.669481, -33.429099, 0.0 ], [ -70.669482, -33.429099, 0.0 ], [ -70.669482, -33.429099, 0.0 ], [ -70.669543, -33.429179, 0.0 ], [ -70.669543, -33.42918, 0.0 ], [ -70.669538, -33.429228, 0.0 ], [ -70.66952, -33.429398, 0.0 ], [ -70.669455, -33.429457, 0.0 ], [ -70.669454, -33.429457, 0.0 ], [ -70.669471, -33.42948, 0.0 ], [ -70.669507, -33.42953, 0.0 ], [ -70.669507, -33.429532, 0.0 ], [ -70.669496, -33.429609, 0.0 ], [ -70.669492, -33.429641, 0.0 ], [ -70.669478, -33.429657, 0.0 ], [ -70.66943, -33.429712, 0.0 ], [ -70.669431, -33.429713, 0.0 ], [ -70.669431, -33.429713, 0.0 ], [ -70.669475, -33.429772, 0.0 ], [ -70.669485, -33.429785, 0.0 ], [ -70.669482, -33.429875, 0.0 ], [ -70.669482, -33.429892, 0.0 ], [ -70.669482, -33.429892, 0.0 ], [ -70.669409, -33.429992, 0.0 ], [ -70.669409, -33.429993, 0.0 ], [ -70.669465, -33.430082, 0.0 ], [ -70.669465, -33.430083, 0.0 ], [ -70.669441, -33.430263, 0.0 ], [ -70.669419, -33.430479, 0.0 ], [ -70.669398, -33.43066, 0.0 ], [ -70.669328, -33.430688, 0.0 ], [ -70.669328, -33.430689, 0.0 ], [ -70.669328, -33.430689, 0.0 ], [ -70.669391, -33.430777, 0.0 ], [ -70.669391, -33.430778, 0.0 ], [ -70.669378, -33.430949, 0.0 ], [ -70.669345, -33.430986, 0.0 ], [ -70.669304, -33.431032, 0.0 ], [ -70.669303, -33.431033, 0.0 ], [ -70.669319, -33.431055, 0.0 ], [ -70.66935, -33.431102, 0.0 ], [ -70.66935, -33.431103, 0.0 ], [ -70.669265, -33.432014, 0.0 ], [ -70.669211, -33.432123, 0.0 ], [ -70.669211, -33.432123, 0.0 ], [ -70.669212, -33.432124, 0.0 ], [ -70.669212, -33.432124, 0.0 ], [ -70.669254, -33.432195, 0.0 ], [ -70.669254, -33.432196, 0.0 ], [ -70.669239, -33.432393, 0.0 ], [ -70.669187, -33.432908, 0.0 ], [ -70.669184, -33.432935, 0.0 ], [ -70.669111, -33.433008, 0.0 ], [ -70.669111, -33.433009, 0.0 ], [ -70.669112, -33.433009, 0.0 ], [ -70.669172, -33.433098, 0.0 ], [ -70.669172, -33.433099, 0.0 ], [ -70.669115, -33.433721, 0.0 ], [ -70.669053, -33.433803, 0.0 ], [ -70.669053, -33.433803, 0.0 ], [ -70.669054, -33.433804, 0.0 ], [ -70.669097, -33.433874, 0.0 ], [ -70.669097, -33.433875, 0.0 ], [ -70.66901, -33.434859, 0.0 ], [ -70.66894, -33.434932, 0.0 ], [ -70.668941, -33.434932, 0.0 ], [ -70.668941, -33.434933, 0.0 ], [ -70.669004, -33.434985, 0.0 ], [ -70.669004, -33.434986, 0.0 ], [ -70.668852, -33.436583, 0.0 ], [ -70.668784, -33.436638, 0.0 ], [ -70.668784, -33.436639, 0.0 ], [ -70.668784, -33.436639, 0.0 ], [ -70.668834, -33.436692, 0.0 ], [ -70.668834, -33.436692, 0.0 ], [ -70.668767, -33.437549, 0.0 ], [ -70.668696, -33.437649, 0.0 ], [ -70.668697, -33.43765, 0.0 ], [ -70.668697, -33.43765, 0.0 ], [ -70.668698, -33.437651, 0.0 ], [ -70.668743, -33.437721, 0.0 ], [ -70.668743, -33.437722, 0.0 ], [ -70.668727, -33.437938, 0.0 ], [ -70.668664, -33.43802, 0.0 ], [ -70.668663, -33.438019, 0.0 ], [ -70.668593, -33.438012, 0.0 ], [ -70.668473, -33.438001, 0.0 ], [ -70.667075, -33.437861, 0.0 ], [ -70.667075, -33.437861, 0.0 ], [ -70.666994, -33.437853, 0.0 ], [ -70.666729, -33.437829, 0.0 ], [ -70.666042, -33.437766, 0.0 ], [ -70.666042, -33.437766, 0.0 ], [ -70.665341, -33.437694, 0.0 ], [ -70.665056, -33.437665, 0.0 ], [ -70.665039, -33.437663, 0.0 ], [ -70.664875, -33.437647, 0.0 ], [ -70.664726, -33.437631, 0.0 ], [ -70.664409, -33.437599, 0.0 ], [ -70.664409, -33.437599, 0.0 ], [ -70.664093, -33.437565, 0.0 ], [ -70.664034, -33.437559, 0.0 ], [ -70.663967, -33.437551, 0.0 ], [ -70.663838, -33.437538, 0.0 ], [ -70.663661, -33.437519, 0.0 ], [ -70.663661, -33.437519, 0.0 ], [ -70.662656, -33.437415, 0.0 ], [ -70.662544, -33.437416, 0.0 ], [ -70.662544, -33.437416, 0.0 ], [ -70.661629, -33.437315, 0.0 ], [ -70.661161, -33.437264, 0.0 ], [ -70.66116, -33.437264, 0.0 ], [ -70.660494, -33.4372, 0.0 ], [ -70.660464, -33.437199, 0.0 ], [ -70.660459, -33.437199, 0.0 ], [ -70.660369, -33.437194, 0.0 ] ] ] } },
{ "type": "Feature", "properties": { "BARRIO": "DIEZ DE JULIO", "ÁREA": 28.0, "Shape_Leng": 3606.1490232400001, "Shape_Area": 671173.45521399996 }, "geometry": { "type": "GeometryCollection", "geometries": [ { "type": "Polygon", "coordinates": [ [ [ -70.643263, -33.458354, 0.0 ], [ -70.643154, -33.458401, 0.0 ], [ -70.643139, -33.458408, 0.0 ], [ -70.643116, -33.458403, 0.0 ], [ -70.642181, -33.458204, 0.0 ], [ -70.6421, -33.458084, 0.0 ], [ -70.6421, -33.458083, 0.0 ], [ -70.642099, -33.458084, 0.0 ], [ -70.641978, -33.458176, 0.0 ], [ -70.64115, -33.458001, 0.0 ], [ -70.641056, -33.457982, 0.0 ], [ -70.64092, -33.457953, 0.0 ], [ -70.640909, -33.457902, 0.0 ], [ -70.640893, -33.45783, 0.0 ], [ -70.640892, -33.457828, 0.0 ], [ -70.640757, -33.457917, 0.0 ], [ -70.640645, -33.457895, 0.0 ], [ -70.640493, -33.457866, 0.0 ], [ -70.639643, -33.457679, 0.0 ], [ -70.639596, -33.457624, 0.0 ], [ -70.639528, -33.457543, 0.0 ], [ -70.639452, -33.457596, 0.0 ], [ -70.639406, -33.457628, 0.0 ], [ -70.637867, -33.457296, 0.0 ], [ -70.637684, -33.457256, 0.0 ], [ -70.637059, -33.457118, 0.0 ], [ -70.636945, -33.457012, 0.0 ], [ -70.636945, -33.457011, 0.0 ], [ -70.636944, -33.457011, 0.0 ], [ -70.636806, -33.457067, 0.0 ], [ -70.63643, -33.456991, 0.0 ], [ -70.635882, -33.456881, 0.0 ], [ -70.635865, -33.456846, 0.0 ], [ -70.635816, -33.45675, 0.0 ], [ -70.635731, -33.456823, 0.0 ], [ -70.635704, -33.456847, 0.0 ], [ -70.635221, -33.456745, 0.0 ], [ -70.634636, -33.456627, 0.0 ], [ -70.634405, -33.456576, 0.0 ], [ -70.634325, -33.456451, 0.0 ], [ -70.634218, -33.456524, 0.0 ], [ -70.633933, -33.456474, 0.0 ], [ -70.633369, -33.456355, 0.0 ], [ -70.633275, -33.456221, 0.0 ], [ -70.633274, -33.456221, 0.0 ], [ -70.633144, -33.456295, 0.0 ], [ -70.632708, -33.456219, 0.0 ], [ -70.632378, -33.45614, 0.0 ], [ -70.632176, -33.456091, 0.0 ], [ -70.632136, -33.455995, 0.0 ], [ -70.632135, -33.455993, 0.0 ], [ -70.632134, -33.455992, 0.0 ], [ -70.632109, -33.456008, 0.0 ], [ -70.632031, -33.456057, 0.0 ], [ -70.632028, -33.456056, 0.0 ], [ -70.631534, -33.455955, 0.0 ], [ -70.631368, -33.455921, 0.0 ], [ -70.631289, -33.455797, 0.0 ], [ -70.631289, -33.455796, 0.0 ], [ -70.631288, -33.455796, 0.0 ], [ -70.631163, -33.455878, 0.0 ], [ -70.630588, -33.455757, 0.0 ], [ -70.629864, -33.455604, 0.0 ], [ -70.629931, -33.4554, 0.0 ], [ -70.629932, -33.455396, 0.0 ], [ -70.629934, -33.455389, 0.0 ], [ -70.62994, -33.455369, 0.0 ], [ -70.629941, -33.455366, 0.0 ], [ -70.62995, -33.455336, 0.0 ], [ -70.629972, -33.455257, 0.0 ], [ -70.629991, -33.455189, 0.0 ], [ -70.630043, -33.455016, 0.0 ], [ -70.630064, -33.454942, 0.0 ], [ -70.630083, -33.454882, 0.0 ], [ -70.630099, -33.454839, 0.0 ], [ -70.630119, -33.454791, 0.0 ], [ -70.63014, -33.454749, 0.0 ], [ -70.630163, -33.454698, 0.0 ], [ -70.63018, -33.454654, 0.0 ], [ -70.630198, -33.454604, 0.0 ], [ -70.630217, -33.454536, 0.0 ], [ -70.63022, -33.454527, 0.0 ], [ -70.63022, -33.454524, 0.0 ], [ -70.630237, -33.454465, 0.0 ], [ -70.630388, -33.45394, 0.0 ], [ -70.630411, -33.453859, 0.0 ], [ -70.630556, -33.453357, 0.0 ], [ -70.630585, -33.453259, 0.0 ], [ -70.630586, -33.453257, 0.0 ], [ -70.63059, -33.453242, 0.0 ], [ -70.630765, -33.45264, 0.0 ], [ -70.630941, -33.452032, 0.0 ], [ -70.630956, -33.451981, 0.0 ], [ -70.630975, -33.451914, 0.0 ], [ -70.630976, -33.451913, 0.0 ], [ -70.631641, -33.451812, 0.0 ], [ -70.631651, -33.451811, 0.0 ], [ -70.632419, -33.451656, 0.0 ], [ -70.63247, -33.451645, 0.0 ], [ -70.632497, -33.45164, 0.0 ], [ -70.632511, -33.451638, 0.0 ], [ -70.632615, -33.451636, 0.0 ], [ -70.633096, -33.451626, 0.0 ], [ -70.633263, -33.451631, 0.0 ], [ -70.633372, -33.451634, 0.0 ], [ -70.633373, -33.451634, 0.0 ], [ -70.63356, -33.451637, 0.0 ], [ -70.634267, -33.451648, 0.0 ], [ -70.634433, -33.451611, 0.0 ], [ -70.634571, -33.451581, 0.0 ], [ -70.634905, -33.451631, 0.0 ], [ -70.63545, -33.451714, 0.0 ], [ -70.635771, -33.451751, 0.0 ], [ -70.635772, -33.451751, 0.0 ], [ -70.635773, -33.451751, 0.0 ], [ -70.635987, -33.45179, 0.0 ], [ -70.636088, -33.451808, 0.0 ], [ -70.636639, -33.451909, 0.0 ], [ -70.636905, -33.451951, 0.0 ], [ -70.636919, -33.451953, 0.0 ], [ -70.63695, -33.451958, 0.0 ], [ -70.637651, -33.452076, 0.0 ], [ -70.6377, -33.452069, 0.0 ], [ -70.637704, -33.452069, 0.0 ], [ -70.638036, -33.452136, 0.0 ], [ -70.638051, -33.452152, 0.0 ], [ -70.638079, -33.452181, 0.0 ], [ -70.638085, -33.452187, 0.0 ], [ -70.638529, -33.452275, 0.0 ], [ -70.639063, -33.45238, 0.0 ], [ -70.639324, -33.452431, 0.0 ], [ -70.639388, -33.452444, 0.0 ], [ -70.6396, -33.452486, 0.0 ], [ -70.639896, -33.452545, 0.0 ], [ -70.640757, -33.452715, 0.0 ], [ -70.640871, -33.452729, 0.0 ], [ -70.640943, -33.452738, 0.0 ], [ -70.641275, -33.4528, 0.0 ], [ -70.641697, -33.452879, 0.0 ], [ -70.64176, -33.452891, 0.0 ], [ -70.641897, -33.452917, 0.0 ], [ -70.642333, -33.452999, 0.0 ], [ -70.642334, -33.452999, 0.0 ], [ -70.643012, -33.453112, 0.0 ], [ -70.643066, -33.453121, 0.0 ], [ -70.64341, -33.45318, 0.0 ], [ -70.643892, -33.453264, 0.0 ], [ -70.643968, -33.453294, 0.0 ], [ -70.643977, -33.453298, 0.0 ], [ -70.643975, -33.453316, 0.0 ], [ -70.643973, -33.453328, 0.0 ], [ -70.643818, -33.454417, 0.0 ], [ -70.643817, -33.454421, 0.0 ], [ -70.643817, -33.454423, 0.0 ], [ -70.643676, -33.45542, 0.0 ], [ -70.643653, -33.455584, 0.0 ], [ -70.643626, -33.455778, 0.0 ], [ -70.643626, -33.455779, 0.0 ], [ -70.643625, -33.455781, 0.0 ], [ -70.643623, -33.455795, 0.0 ], [ -70.643424, -33.457141, 0.0 ], [ -70.643424, -33.457143, 0.0 ], [ -70.643277, -33.458139, 0.0 ], [ -70.643277, -33.458141, 0.0 ], [ -70.643276, -33.45818, 0.0 ], [ -70.643274, -33.458222, 0.0 ], [ -70.643269, -33.458351, 0.0 ], [ -70.643268, -33.458352, 0.0 ], [ -70.643263, -33.458354, 0.0 ] ] ] }, { "type": "LineString", "coordinates": [ [ -70.634325, -33.456451, 0.0 ], [ -70.634325, -33.45645, 0.0 ] ] } ] } },
{ "type": "Feature", "properties": { "BARRIO": "SANTA ISABEL", "ÁREA": 23.0, "Shape_Leng": 4539.5307012000003, "Shape_Area": 935368.00782900001 }, "geometry": { "type": "Polygon", "coordinates": [ [ [ -70.644026, -33.452965, 0.0 ], [ -70.643977, -33.453298, 0.0 ], [ -70.643968, -33.453294, 0.0 ], [ -70.643892, -33.453264, 0.0 ], [ -70.64341, -33.45318, 0.0 ], [ -70.643066, -33.453121, 0.0 ], [ -70.643066, -33.453121, 0.0 ], [ -70.643012, -33.453112, 0.0 ], [ -70.642334, -33.452999, 0.0 ], [ -70.642333, -33.452999, 0.0 ], [ -70.641897, -33.452917, 0.0 ], [ -70.64176, -33.452891, 0.0 ], [ -70.641697, -33.452879, 0.0 ], [ -70.641275, -33.4528, 0.0 ], [ -70.640943, -33.452738, 0.0 ], [ -70.640871, -33.452729, 0.0 ], [ -70.640757, -33.452715, 0.0 ], [ -70.640757, -33.452715, 0.0 ], [ -70.639896, -33.452545, 0.0 ], [ -70.6396, -33.452486, 0.0 ], [ -70.639388, -33.452444, 0.0 ], [ -70.639324, -33.452431, 0.0 ], [ -70.639324, -33.452431, 0.0 ], [ -70.639063, -33.45238, 0.0 ], [ -70.638529, -33.452275, 0.0 ], [ -70.638085, -33.452187, 0.0 ], [ -70.638079, -33.452181, 0.0 ], [ -70.638051, -33.452152, 0.0 ], [ -70.638036, -33.452136, 0.0 ], [ -70.638036, -33.452136, 0.0 ], [ -70.637704, -33.452069, 0.0 ], [ -70.6377, -33.452069, 0.0 ], [ -70.637651, -33.452076, 0.0 ], [ -70.63695, -33.451958, 0.0 ], [ -70.636919, -33.451953, 0.0 ], [ -70.636905, -33.451951, 0.0 ], [ -70.636639, -33.451909, 0.0 ], [ -70.636088, -33.451808, 0.0 ], [ -70.635987, -33.45179, 0.0 ], [ -70.635773, -33.451751, 0.0 ], [ -70.635772, -33.451751, 0.0 ], [ -70.635771, -33.451751, 0.0 ], [ -70.63545, -33.451714, 0.0 ], [ -70.634905, -33.451631, 0.0 ], [ -70.634571, -33.451581, 0.0 ], [ -70.634433, -33.451611, 0.0 ], [ -70.634267, -33.451648, 0.0 ], [ -70.63356, -33.451637, 0.0 ], [ -70.633373, -33.451634, 0.0 ], [ -70.633372, -33.451634, 0.0 ], [ -70.633263, -33.451631, 0.0 ], [ -70.633096, -33.451626, 0.0 ], [ -70.632615, -33.451636, 0.0 ], [ -70.632511, -33.451638, 0.0 ], [ -70.632497, -33.45164, 0.0 ], [ -70.63247, -33.451645, 0.0 ], [ -70.632419, -33.451656, 0.0 ], [ -70.631651, -33.451811, 0.0 ], [ -70.631651, -33.451811, 0.0 ], [ -70.631641, -33.451812, 0.0 ], [ -70.630976, -33.451913, 0.0 ], [ -70.630976, -33.451913, 0.0 ], [ -70.630976, -33.451912, 0.0 ], [ -70.631013, -33.451795, 0.0 ], [ -70.631032, -33.451735, 0.0 ], [ -70.631135, -33.451408, 0.0 ], [ -70.631202, -33.451194, 0.0 ], [ -70.631238, -33.451081, 0.0 ], [ -70.631311, -33.450848, 0.0 ], [ -70.631327, -33.450798, 0.0 ], [ -70.631503, -33.450239, 0.0 ], [ -70.631559, -33.450061, 0.0 ], [ -70.63158, -33.449995, 0.0 ], [ -70.631599, -33.449936, 0.0 ], [ -70.631602, -33.449926, 0.0 ], [ -70.631605, -33.449917, 0.0 ], [ -70.631627, -33.449844, 0.0 ], [ -70.631625, -33.449844, 0.0 ], [ -70.631624, -33.449844, 0.0 ], [ -70.631627, -33.449835, 0.0 ], [ -70.631627, -33.449833, 0.0 ], [ -70.63163, -33.449823, 0.0 ], [ -70.63163, -33.449823, 0.0 ], [ -70.63163, -33.449821, 0.0 ], [ -70.631633, -33.449812, 0.0 ], [ -70.631633, -33.449811, 0.0 ], [ -70.631634, -33.44981, 0.0 ], [ -70.631636, -33.449801, 0.0 ], [ -70.631637, -33.449799, 0.0 ], [ -70.631637, -33.449798, 0.0 ], [ -70.631637, -33.449798, 0.0 ], [ -70.63164, -33.449787, 0.0 ], [ -70.631641, -33.449784, 0.0 ], [ -70.631643, -33.449776, 0.0 ], [ -70.631644, -33.449774, 0.0 ], [ -70.631644, -33.449773, 0.0 ], [ -70.631645, -33.449771, 0.0 ], [ -70.631647, -33.449762, 0.0 ], [ -70.631647, -33.44976, 0.0 ], [ -70.63165, -33.44975, 0.0 ], [ -70.63165, -33.449749, 0.0 ], [ -70.631651, -33.449747, 0.0 ], [ -70.631653, -33.44974, 0.0 ], [ -70.631654, -33.449738, 0.0 ], [ -70.631654, -33.449736, 0.0 ], [ -70.631656, -33.449731, 0.0 ], [ -70.631656, -33.449728, 0.0 ], [ -70.631657, -33.449727, 0.0 ], [ -70.631657, -33.449727, 0.0 ], [ -70.631657, -33.449726, 0.0 ], [ -70.631657, -33.449724, 0.0 ], [ -70.63166, -33.449715, 0.0 ], [ -70.631661, -33.449713, 0.0 ], [ -70.631661, -33.44971, 0.0 ], [ -70.631663, -33.449706, 0.0 ], [ -70.631664, -33.449702, 0.0 ], [ -70.631664, -33.449702, 0.0 ], [ -70.631664, -33.449701, 0.0 ], [ -70.631665, -33.449698, 0.0 ], [ -70.631666, -33.449693, 0.0 ], [ -70.631666, -33.449693, 0.0 ], [ -70.631666, -33.449693, 0.0 ], [ -70.631667, -33.44969, 0.0 ], [ -70.631669, -33.449684, 0.0 ], [ -70.631669, -33.449684, 0.0 ], [ -70.631669, -33.449682, 0.0 ], [ -70.631671, -33.449675, 0.0 ], [ -70.631672, -33.449673, 0.0 ], [ -70.631675, -33.449663, 0.0 ], [ -70.631675, -33.449662, 0.0 ], [ -70.631675, -33.449662, 0.0 ], [ -70.631678, -33.449652, 0.0 ], [ -70.631678, -33.449651, 0.0 ], [ -70.631678, -33.44965, 0.0 ], [ -70.631679, -33.449648, 0.0 ], [ -70.63168, -33.449644, 0.0 ], [ -70.63168, -33.449643, 0.0 ], [ -70.631681, -33.44964, 0.0 ], [ -70.631683, -33.449633, 0.0 ], [ -70.631683, -33.449632, 0.0 ], [ -70.631684, -33.449631, 0.0 ], [ -70.631685, -33.449624, 0.0 ], [ -70.631686, -33.449622, 0.0 ], [ -70.631686, -33.449622, 0.0 ], [ -70.631686, -33.449621, 0.0 ], [ -70.631689, -33.449612, 0.0 ], [ -70.631689, -33.44961, 0.0 ], [ -70.63169, -33.449609, 0.0 ], [ -70.631692, -33.449601, 0.0 ], [ -70.631692, -33.449599, 0.0 ], [ -70.631695, -33.449589, 0.0 ], [ -70.631696, -33.449588, 0.0 ], [ -70.631696, -33.449587, 0.0 ], [ -70.631696, -33.449587, 0.0 ], [ -70.631697, -33.449584, 0.0 ], [ -70.631698, -33.44958, 0.0 ], [ -70.631699, -33.449577, 0.0 ], [ -70.631699, -33.449577, 0.0 ], [ -70.6317, -33.449573, 0.0 ], [ -70.631702, -33.449566, 0.0 ], [ -70.631702, -33.449565, 0.0 ], [ -70.631703, -33.449563, 0.0 ], [ -70.631706, -33.449549, 0.0 ], [ -70.631708, -33.449544, 0.0 ], [ -70.631708, -33.449542, 0.0 ], [ -70.631709, -33.449541, 0.0 ], [ -70.631711, -33.449532, 0.0 ], [ -70.631712, -33.449528, 0.0 ], [ -70.631714, -33.44952, 0.0 ], [ -70.631715, -33.449519, 0.0 ], [ -70.631715, -33.449518, 0.0 ], [ -70.631718, -33.449507, 0.0 ], [ -70.631721, -33.449498, 0.0 ], [ -70.631721, -33.449496, 0.0 ], [ -70.631721, -33.449496, 0.0 ], [ -70.631722, -33.449495, 0.0 ], [ -70.631722, -33.449494, 0.0 ], [ -70.631722, -33.449493, 0.0 ], [ -70.631722, -33.449491, 0.0 ], [ -70.631726, -33.449477, 0.0 ], [ -70.631727, -33.449476, 0.0 ], [ -70.631727, -33.449473, 0.0 ], [ -70.631728, -33.44947, 0.0 ], [ -70.631729, -33.449468, 0.0 ], [ -70.631732, -33.449458, 0.0 ], [ -70.631736, -33.449444, 0.0 ], [ -70.631739, -33.449433, 0.0 ], [ -70.631739, -33.449431, 0.0 ], [ -70.63174, -33.449429, 0.0 ], [ -70.631741, -33.449423, 0.0 ], [ -70.631748, -33.4494, 0.0 ], [ -70.63175, -33.449394, 0.0 ], [ -70.631751, -33.44939, 0.0 ], [ -70.631753, -33.449383, 0.0 ], [ -70.631754, -33.449376, 0.0 ], [ -70.631755, -33.449375, 0.0 ], [ -70.631755, -33.449375, 0.0 ], [ -70.631758, -33.449363, 0.0 ], [ -70.631759, -33.44936, 0.0 ], [ -70.631771, -33.449318, 0.0 ], [ -70.631778, -33.449292, 0.0 ], [ -70.631786, -33.449262, 0.0 ], [ -70.63179, -33.449251, 0.0 ], [ -70.631794, -33.449234, 0.0 ], [ -70.631795, -33.44923, 0.0 ], [ -70.631799, -33.449217, 0.0 ], [ -70.631804, -33.449197, 0.0 ], [ -70.631806, -33.44919, 0.0 ], [ -70.631812, -33.449169, 0.0 ], [ -70.631815, -33.44916, 0.0 ], [ -70.631819, -33.449145, 0.0 ], [ -70.631824, -33.449126, 0.0 ], [ -70.631835, -33.449089, 0.0 ], [ -70.631837, -33.44908, 0.0 ], [ -70.631839, -33.449073, 0.0 ], [ -70.631848, -33.449042, 0.0 ], [ -70.631859, -33.449002, 0.0 ], [ -70.631861, -33.448994, 0.0 ], [ -70.631863, -33.448985, 0.0 ], [ -70.631865, -33.44898, 0.0 ], [ -70.63187, -33.448963, 0.0 ], [ -70.63187, -33.44896, 0.0 ], [ -70.631878, -33.448933, 0.0 ], [ -70.631885, -33.448907, 0.0 ], [ -70.63189, -33.448891, 0.0 ], [ -70.63189, -33.44889, 0.0 ], [ -70.63189, -33.44889, 0.0 ], [ -70.631893, -33.44888, 0.0 ], [ -70.631895, -33.448872, 0.0 ], [ -70.631899, -33.448856, 0.0 ], [ -70.631902, -33.448847, 0.0 ], [ -70.631904, -33.448839, 0.0 ], [ -70.631936, -33.448726, 0.0 ], [ -70.631938, -33.448718, 0.0 ], [ -70.631956, -33.448653, 0.0 ], [ -70.631976, -33.448579, 0.0 ], [ -70.631978, -33.448575, 0.0 ], [ -70.632, -33.448502, 0.0 ], [ -70.632007, -33.448481, 0.0 ], [ -70.632045, -33.448356, 0.0 ], [ -70.632054, -33.448327, 0.0 ], [ -70.632056, -33.448321, 0.0 ], [ -70.632062, -33.4483, 0.0 ], [ -70.632072, -33.44827, 0.0 ], [ -70.632076, -33.448254, 0.0 ], [ -70.632095, -33.448194, 0.0 ], [ -70.632138, -33.448055, 0.0 ], [ -70.632159, -33.447987, 0.0 ], [ -70.632184, -33.447904, 0.0 ], [ -70.632192, -33.447879, 0.0 ], [ -70.632213, -33.447812, 0.0 ], [ -70.632238, -33.44773, 0.0 ], [ -70.63224, -33.447721, 0.0 ], [ -70.632252, -33.447682, 0.0 ], [ -70.632255, -33.447674, 0.0 ], [ -70.632265, -33.447641, 0.0 ], [ -70.632274, -33.447612, 0.0 ], [ -70.632278, -33.447599, 0.0 ], [ -70.632282, -33.447586, 0.0 ], [ -70.6323, -33.447529, 0.0 ], [ -70.632315, -33.44748, 0.0 ], [ -70.632316, -33.447476, 0.0 ], [ -70.632316, -33.447475, 0.0 ], [ -70.632317, -33.447473, 0.0 ], [ -70.632318, -33.44747, 0.0 ], [ -70.63232, -33.447463, 0.0 ], [ -70.632321, -33.447458, 0.0 ], [ -70.632322, -33.447455, 0.0 ], [ -70.632322, -33.447454, 0.0 ], [ -70.632324, -33.447449, 0.0 ], [ -70.632327, -33.447439, 0.0 ], [ -70.632327, -33.447438, 0.0 ], [ -70.632328, -33.447436, 0.0 ], [ -70.632328, -33.447435, 0.0 ], [ -70.632329, -33.447434, 0.0 ], [ -70.63233, -33.447431, 0.0 ], [ -70.63233, -33.44743, 0.0 ], [ -70.63233, -33.44743, 0.0 ], [ -70.63233, -33.447429, 0.0 ], [ -70.632334, -33.447414, 0.0 ], [ -70.632335, -33.447413, 0.0 ], [ -70.632337, -33.447405, 0.0 ], [ -70.632341, -33.447391, 0.0 ], [ -70.632353, -33.447347, 0.0 ], [ -70.63237, -33.447288, 0.0 ], [ -70.632372, -33.447283, 0.0 ], [ -70.632373, -33.447279, 0.0 ], [ -70.632374, -33.447277, 0.0 ], [ -70.632385, -33.447238, 0.0 ], [ -70.632388, -33.447227, 0.0 ], [ -70.632423, -33.447103, 0.0 ], [ -70.632454, -33.446994, 0.0 ], [ -70.632457, -33.446985, 0.0 ], [ -70.632458, -33.446981, 0.0 ], [ -70.632459, -33.446976, 0.0 ], [ -70.632471, -33.446933, 0.0 ], [ -70.632525, -33.446747, 0.0 ], [ -70.632528, -33.446734, 0.0 ], [ -70.632542, -33.446687, 0.0 ], [ -70.632549, -33.446662, 0.0 ], [ -70.632549, -33.446661, 0.0 ], [ -70.632559, -33.446626, 0.0 ], [ -70.632602, -33.446474, 0.0 ], [ -70.632625, -33.446393, 0.0 ], [ -70.632638, -33.446348, 0.0 ], [ -70.63265, -33.446306, 0.0 ], [ -70.632655, -33.446288, 0.0 ], [ -70.632669, -33.446239, 0.0 ], [ -70.632676, -33.446215, 0.0 ], [ -70.63271, -33.446095, 0.0 ], [ -70.632721, -33.446057, 0.0 ], [ -70.632725, -33.446044, 0.0 ], [ -70.632757, -33.44593, 0.0 ], [ -70.632776, -33.445863, 0.0 ], [ -70.632778, -33.445857, 0.0 ], [ -70.632788, -33.445821, 0.0 ], [ -70.63281, -33.445744, 0.0 ], [ -70.632844, -33.445624, 0.0 ], [ -70.632881, -33.445496, 0.0 ], [ -70.632884, -33.445484, 0.0 ], [ -70.632887, -33.445476, 0.0 ], [ -70.632897, -33.445441, 0.0 ], [ -70.632897, -33.445439, 0.0 ], [ -70.632904, -33.445414, 0.0 ], [ -70.632905, -33.445412, 0.0 ], [ -70.632906, -33.445408, 0.0 ], [ -70.632908, -33.445399, 0.0 ], [ -70.632925, -33.445342, 0.0 ], [ -70.632947, -33.445263, 0.0 ], [ -70.632964, -33.445205, 0.0 ], [ -70.63298, -33.445149, 0.0 ], [ -70.632986, -33.445126, 0.0 ], [ -70.63301, -33.445044, 0.0 ], [ -70.63301, -33.445042, 0.0 ], [ -70.633015, -33.445025, 0.0 ], [ -70.633064, -33.444853, 0.0 ], [ -70.633065, -33.44485, 0.0 ], [ -70.63308, -33.444799, 0.0 ], [ -70.633084, -33.444787, 0.0 ], [ -70.633105, -33.44472, 0.0 ], [ -70.633131, -33.444633, 0.0 ], [ -70.633143, -33.444594, 0.0 ], [ -70.633167, -33.444516, 0.0 ], [ -70.633194, -33.444426, 0.0 ], [ -70.633218, -33.444347, 0.0 ], [ -70.633235, -33.444293, 0.0 ], [ -70.633246, -33.444255, 0.0 ], [ -70.633247, -33.444253, 0.0 ], [ -70.633252, -33.444236, 0.0 ], [ -70.633279, -33.444147, 0.0 ], [ -70.633297, -33.444088, 0.0 ], [ -70.633304, -33.444065, 0.0 ], [ -70.633306, -33.444058, 0.0 ], [ -70.633308, -33.444054, 0.0 ], [ -70.633322, -33.444008, 0.0 ], [ -70.633325, -33.443996, 0.0 ], [ -70.633327, -33.443989, 0.0 ], [ -70.633333, -33.44397, 0.0 ], [ -70.633351, -33.443911, 0.0 ], [ -70.633366, -33.443861, 0.0 ], [ -70.633373, -33.443838, 0.0 ], [ -70.633387, -33.443794, 0.0 ], [ -70.633395, -33.443767, 0.0 ], [ -70.633411, -33.443715, 0.0 ], [ -70.63342, -33.443685, 0.0 ], [ -70.633432, -33.443646, 0.0 ], [ -70.633437, -33.443628, 0.0 ], [ -70.63344, -33.443618, 0.0 ], [ -70.633441, -33.443616, 0.0 ], [ -70.633457, -33.443563, 0.0 ], [ -70.633462, -33.443546, 0.0 ], [ -70.633466, -33.443534, 0.0 ], [ -70.633468, -33.443529, 0.0 ], [ -70.633469, -33.443523, 0.0 ], [ -70.633475, -33.443506, 0.0 ], [ -70.633482, -33.44348, 0.0 ], [ -70.633487, -33.443465, 0.0 ], [ -70.633489, -33.44346, 0.0 ], [ -70.633493, -33.443445, 0.0 ], [ -70.633498, -33.443429, 0.0 ], [ -70.633502, -33.443415, 0.0 ], [ -70.633503, -33.443411, 0.0 ], [ -70.633504, -33.443411, 0.0 ], [ -70.633507, -33.443399, 0.0 ], [ -70.633515, -33.443373, 0.0 ], [ -70.633516, -33.443371, 0.0 ], [ -70.633522, -33.443351, 0.0 ], [ -70.633526, -33.443338, 0.0 ], [ -70.633527, -33.443335, 0.0 ], [ -70.633529, -33.443326, 0.0 ], [ -70.633532, -33.443317, 0.0 ], [ -70.633533, -33.443312, 0.0 ], [ -70.633534, -33.443311, 0.0 ], [ -70.633534, -33.443311, 0.0 ], [ -70.633539, -33.443294, 0.0 ], [ -70.633539, -33.443293, 0.0 ], [ -70.633544, -33.443277, 0.0 ], [ -70.633548, -33.443262, 0.0 ], [ -70.633549, -33.443257, 0.0 ], [ -70.63358, -33.443153, 0.0 ], [ -70.633582, -33.443148, 0.0 ], [ -70.633638, -33.442956, 0.0 ], [ -70.633645, -33.442934, 0.0 ], [ -70.633646, -33.442931, 0.0 ], [ -70.633652, -33.442908, 0.0 ], [ -70.633663, -33.442872, 0.0 ], [ -70.633685, -33.442797, 0.0 ], [ -70.633687, -33.442789, 0.0 ], [ -70.633688, -33.442786, 0.0 ], [ -70.63372, -33.442678, 0.0 ], [ -70.633742, -33.442604, 0.0 ], [ -70.633748, -33.442584, 0.0 ], [ -70.633749, -33.44258, 0.0 ], [ -70.63377, -33.442508, 0.0 ], [ -70.633774, -33.442494, 0.0 ], [ -70.633776, -33.44249, 0.0 ], [ -70.633776, -33.442489, 0.0 ], [ -70.633776, -33.442489, 0.0 ], [ -70.633777, -33.442486, 0.0 ], [ -70.633779, -33.442477, 0.0 ], [ -70.63379, -33.442441, 0.0 ], [ -70.633831, -33.442301, 0.0 ], [ -70.633858, -33.442204, 0.0 ], [ -70.633858, -33.442202, 0.0 ], [ -70.633859, -33.442199, 0.0 ], [ -70.63386, -33.442196, 0.0 ], [ -70.63386, -33.442194, 0.0 ], [ -70.633866, -33.442173, 0.0 ], [ -70.633867, -33.44217, 0.0 ], [ -70.633877, -33.442135, 0.0 ], [ -70.633882, -33.442114, 0.0 ], [ -70.633884, -33.442109, 0.0 ], [ -70.633885, -33.442104, 0.0 ], [ -70.633885, -33.442103, 0.0 ], [ -70.633891, -33.442081, 0.0 ], [ -70.633908, -33.442021, 0.0 ], [ -70.633912, -33.442006, 0.0 ], [ -70.633924, -33.441961, 0.0 ], [ -70.63393, -33.441941, 0.0 ], [ -70.633931, -33.441936, 0.0 ], [ -70.633932, -33.441932, 0.0 ], [ -70.633937, -33.441915, 0.0 ], [ -70.633939, -33.441907, 0.0 ], [ -70.63394, -33.441903, 0.0 ], [ -70.63394, -33.441903, 0.0 ], [ -70.633944, -33.441904, 0.0 ], [ -70.633944, -33.441904, 0.0 ], [ -70.633959, -33.441908, 0.0 ], [ -70.634024, -33.441926, 0.0 ], [ -70.634421, -33.442034, 0.0 ], [ -70.634648, -33.442096, 0.0 ], [ -70.634655, -33.442098, 0.0 ], [ -70.634842, -33.442149, 0.0 ], [ -70.634974, -33.442185, 0.0 ], [ -70.634974, -33.442185, 0.0 ], [ -70.635038, -33.442204, 0.0 ], [ -70.635109, -33.442225, 0.0 ], [ -70.635727, -33.442409, 0.0 ], [ -70.63642, -33.442615, 0.0 ], [ -70.636917, -33.442758, 0.0 ], [ -70.637347, -33.442882, 0.0 ], [ -70.637809, -33.443015, 0.0 ], [ -70.637819, -33.443018, 0.0 ], [ -70.63782, -33.443018, 0.0 ], [ -70.637815, -33.443026, 0.0 ], [ -70.637567, -33.443429, 0.0 ], [ -70.637195, -33.444033, 0.0 ], [ -70.637144, -33.444115, 0.0 ], [ -70.637094, -33.444201, 0.0 ], [ -70.636964, -33.444421, 0.0 ], [ -70.636885, -33.444554, 0.0 ], [ -70.636884, -33.444555, 0.0 ], [ -70.636701, -33.444878, 0.0 ], [ -70.636701, -33.444878, 0.0 ], [ -70.636537, -33.445166, 0.0 ], [ -70.636537, -33.445166, 0.0 ], [ -70.637106, -33.445294, 0.0 ], [ -70.638921, -33.445694, 0.0 ], [ -70.6393, -33.445773, 0.0 ], [ -70.639532, -33.445822, 0.0 ], [ -70.640154, -33.445952, 0.0 ], [ -70.640155, -33.445952, 0.0 ], [ -70.640216, -33.445966, 0.0 ], [ -70.640845, -33.446114, 0.0 ], [ -70.641359, -33.44623, 0.0 ], [ -70.641538, -33.446269, 0.0 ], [ -70.642516, -33.446485, 0.0 ], [ -70.642516, -33.446486, 0.0 ], [ -70.64241, -33.44695, 0.0 ], [ -70.64241, -33.44695, 0.0 ], [ -70.643427, -33.447245, 0.0 ], [ -70.643679, -33.447318, 0.0 ], [ -70.643786, -33.447349, 0.0 ], [ -70.643786, -33.447349, 0.0 ], [ -70.643755, -33.447497, 0.0 ], [ -70.643691, -33.447795, 0.0 ], [ -70.643691, -33.447795, 0.0 ], [ -70.643784, -33.447821, 0.0 ], [ -70.644848, -33.448054, 0.0 ], [ -70.644847, -33.448056, 0.0 ], [ -70.644841, -33.448076, 0.0 ], [ -70.644833, -33.448103, 0.0 ], [ -70.644811, -33.44823, 0.0 ], [ -70.644706, -33.448829, 0.0 ], [ -70.644705, -33.448835, 0.0 ], [ -70.644685, -33.448959, 0.0 ], [ -70.64459, -33.449558, 0.0 ], [ -70.644583, -33.449594, 0.0 ], [ -70.644583, -33.449594, 0.0 ], [ -70.644578, -33.44962, 0.0 ], [ -70.644578, -33.449621, 0.0 ], [ -70.644573, -33.449643, 0.0 ], [ -70.644569, -33.449664, 0.0 ], [ -70.644518, -33.44995, 0.0 ], [ -70.64444, -33.450393, 0.0 ], [ -70.64443, -33.450449, 0.0 ], [ -70.644426, -33.450472, 0.0 ], [ -70.644422, -33.450499, 0.0 ], [ -70.644421, -33.450501, 0.0 ], [ -70.644414, -33.450551, 0.0 ], [ -70.644389, -33.450688, 0.0 ], [ -70.644352, -33.450898, 0.0 ], [ -70.644306, -33.451157, 0.0 ], [ -70.644212, -33.451686, 0.0 ], [ -70.644206, -33.451721, 0.0 ], [ -70.644206, -33.451723, 0.0 ], [ -70.644161, -33.45203, 0.0 ], [ -70.644096, -33.452481, 0.0 ], [ -70.644039, -33.452871, 0.0 ], [ -70.644026, -33.452965, 0.0 ] ] ] } },
{ "type": "Feature", "properties": { "BARRIO": "SAN BORJA", "ÁREA": 25.0, "Shape_Leng": 3913.0257276299999, "Shape_Area": 636046.18848600006 }, "geometry": { "type": "Polygon", "coordinates": [ [ [ -70.645195, -33.446692, 0.0 ], [ -70.645192, -33.446706, 0.0 ], [ -70.645165, -33.446816, 0.0 ], [ -70.64515, -33.446873, 0.0 ], [ -70.645149, -33.446879, 0.0 ], [ -70.645149, -33.44688, 0.0 ], [ -70.645144, -33.446897, 0.0 ], [ -70.645016, -33.447389, 0.0 ], [ -70.645016, -33.447391, 0.0 ], [ -70.645015, -33.447395, 0.0 ], [ -70.644986, -33.447507, 0.0 ], [ -70.644981, -33.447527, 0.0 ], [ -70.644967, -33.447577, 0.0 ], [ -70.644959, -33.447609, 0.0 ], [ -70.644955, -33.447625, 0.0 ], [ -70.644955, -33.447626, 0.0 ], [ -70.644862, -33.447983, 0.0 ], [ -70.644848, -33.448054, 0.0 ], [ -70.643784, -33.447821, 0.0 ], [ -70.643691, -33.447795, 0.0 ], [ -70.643691, -33.447795, 0.0 ], [ -70.643755, -33.447497, 0.0 ], [ -70.643786, -33.447349, 0.0 ], [ -70.643786, -33.447349, 0.0 ], [ -70.643679, -33.447318, 0.0 ], [ -70.643427, -33.447245, 0.0 ], [ -70.64241, -33.44695, 0.0 ], [ -70.64241, -33.44695, 0.0 ], [ -70.642516, -33.446486, 0.0 ], [ -70.642516, -33.446485, 0.0 ], [ -70.641538, -33.446269, 0.0 ], [ -70.641359, -33.44623, 0.0 ], [ -70.640845, -33.446114, 0.0 ], [ -70.640216, -33.445966, 0.0 ], [ -70.640155, -33.445952, 0.0 ], [ -70.640154, -33.445952, 0.0 ], [ -70.639532, -33.445822, 0.0 ], [ -70.6393, -33.445773, 0.0 ], [ -70.638921, -33.445694, 0.0 ], [ -70.637106, -33.445294, 0.0 ], [ -70.636537, -33.445166, 0.0 ], [ -70.636537, -33.445166, 0.0 ], [ -70.636701, -33.444878, 0.0 ], [ -70.636701, -33.444878, 0.0 ], [ -70.636884, -33.444555, 0.0 ], [ -70.636885, -33.444554, 0.0 ], [ -70.636964, -33.444421, 0.0 ], [ -70.637094, -33.444201, 0.0 ], [ -70.637144, -33.444115, 0.0 ], [ -70.637195, -33.444033, 0.0 ], [ -70.637567, -33.443429, 0.0 ], [ -70.637815, -33.443026, 0.0 ], [ -70.63782, -33.443018, 0.0 ], [ -70.637819, -33.443018, 0.0 ], [ -70.637809, -33.443015, 0.0 ], [ -70.637347, -33.442882, 0.0 ], [ -70.636917, -33.442758, 0.0 ], [ -70.63642, -33.442615, 0.0 ], [ -70.635727, -33.442409, 0.0 ], [ -70.635109, -33.442225, 0.0 ], [ -70.635038, -33.442204, 0.0 ], [ -70.634974, -33.442185, 0.0 ], [ -70.634974, -33.442185, 0.0 ], [ -70.634842, -33.442149, 0.0 ], [ -70.634655, -33.442098, 0.0 ], [ -70.634648, -33.442096, 0.0 ], [ -70.634421, -33.442034, 0.0 ], [ -70.634024, -33.441926, 0.0 ], [ -70.633959, -33.441908, 0.0 ], [ -70.633944, -33.441904, 0.0 ], [ -70.633944, -33.441904, 0.0 ], [ -70.63394, -33.441903, 0.0 ], [ -70.633943, -33.441893, 0.0 ], [ -70.633946, -33.441882, 0.0 ], [ -70.633946, -33.44188, 0.0 ], [ -70.633946, -33.44188, 0.0 ], [ -70.633946, -33.44188, 0.0 ], [ -70.633947, -33.441879, 0.0 ], [ -70.633948, -33.441873, 0.0 ], [ -70.633953, -33.441856, 0.0 ], [ -70.633964, -33.441817, 0.0 ], [ -70.633965, -33.441811, 0.0 ], [ -70.63397, -33.441794, 0.0 ], [ -70.633975, -33.441776, 0.0 ], [ -70.634008, -33.441654, 0.0 ], [ -70.634011, -33.441644, 0.0 ], [ -70.63402, -33.44161, 0.0 ], [ -70.634101, -33.441316, 0.0 ], [ -70.634101, -33.441314, 0.0 ], [ -70.634102, -33.441309, 0.0 ], [ -70.63411, -33.441283, 0.0 ], [ -70.634115, -33.441263, 0.0 ], [ -70.634128, -33.441214, 0.0 ], [ -70.634134, -33.441193, 0.0 ], [ -70.634147, -33.441145, 0.0 ], [ -70.634151, -33.44113, 0.0 ], [ -70.634154, -33.441122, 0.0 ], [ -70.634154, -33.441119, 0.0 ], [ -70.634179, -33.441029, 0.0 ], [ -70.634212, -33.440907, 0.0 ], [ -70.634215, -33.440897, 0.0 ], [ -70.634245, -33.440789, 0.0 ], [ -70.634246, -33.440785, 0.0 ], [ -70.63425, -33.440769, 0.0 ], [ -70.634251, -33.440766, 0.0 ], [ -70.634261, -33.440728, 0.0 ], [ -70.634266, -33.44071, 0.0 ], [ -70.634277, -33.44067, 0.0 ], [ -70.634281, -33.440658, 0.0 ], [ -70.634287, -33.440634, 0.0 ], [ -70.634292, -33.440615, 0.0 ], [ -70.634293, -33.440612, 0.0 ], [ -70.634313, -33.440538, 0.0 ], [ -70.634316, -33.440528, 0.0 ], [ -70.634319, -33.440518, 0.0 ], [ -70.634333, -33.440465, 0.0 ], [ -70.63434, -33.440439, 0.0 ], [ -70.634359, -33.44037, 0.0 ], [ -70.63436, -33.440369, 0.0 ], [ -70.634377, -33.440306, 0.0 ], [ -70.634378, -33.4403, 0.0 ], [ -70.634386, -33.440271, 0.0 ], [ -70.634393, -33.440248, 0.0 ], [ -70.634404, -33.440208, 0.0 ], [ -70.63441, -33.440183, 0.0 ], [ -70.634411, -33.44018, 0.0 ], [ -70.63442, -33.440147, 0.0 ], [ -70.634445, -33.440059, 0.0 ], [ -70.634457, -33.440018, 0.0 ], [ -70.634466, -33.439986, 0.0 ], [ -70.634505, -33.439848, 0.0 ], [ -70.634507, -33.439841, 0.0 ], [ -70.634514, -33.439816, 0.0 ], [ -70.634527, -33.439771, 0.0 ], [ -70.634551, -33.439688, 0.0 ], [ -70.634556, -33.43967, 0.0 ], [ -70.634567, -33.439631, 0.0 ], [ -70.634585, -33.439567, 0.0 ], [ -70.634587, -33.439561, 0.0 ], [ -70.634615, -33.439463, 0.0 ], [ -70.634619, -33.439448, 0.0 ], [ -70.634627, -33.439421, 0.0 ], [ -70.634646, -33.439353, 0.0 ], [ -70.634654, -33.439324, 0.0 ], [ -70.634655, -33.439323, 0.0 ], [ -70.634655, -33.439323, 0.0 ], [ -70.634669, -33.439274, 0.0 ], [ -70.634676, -33.439249, 0.0 ], [ -70.634677, -33.439244, 0.0 ], [ -70.634711, -33.439126, 0.0 ], [ -70.634737, -33.439034, 0.0 ], [ -70.634739, -33.439027, 0.0 ], [ -70.634766, -33.438932, 0.0 ], [ -70.634778, -33.438891, 0.0 ], [ -70.634785, -33.438865, 0.0 ], [ -70.634796, -33.438825, 0.0 ], [ -70.634799, -33.438818, 0.0 ], [ -70.6348, -33.438812, 0.0 ], [ -70.634802, -33.438806, 0.0 ], [ -70.634826, -33.438723, 0.0 ], [ -70.634831, -33.438704, 0.0 ], [ -70.634851, -33.438632, 0.0 ], [ -70.634852, -33.438631, 0.0 ], [ -70.634852, -33.438629, 0.0 ], [ -70.63487, -33.438568, 0.0 ], [ -70.634883, -33.438521, 0.0 ], [ -70.634889, -33.438502, 0.0 ], [ -70.634897, -33.43847, 0.0 ], [ -70.634898, -33.438469, 0.0 ], [ -70.634926, -33.43837, 0.0 ], [ -70.634939, -33.438326, 0.0 ], [ -70.634939, -33.438324, 0.0 ], [ -70.63494, -33.438322, 0.0 ], [ -70.634954, -33.438272, 0.0 ], [ -70.634974, -33.438201, 0.0 ], [ -70.634985, -33.438162, 0.0 ], [ -70.634998, -33.438119, 0.0 ], [ -70.635015, -33.438058, 0.0 ], [ -70.635023, -33.438029, 0.0 ], [ -70.635023, -33.438029, 0.0 ], [ -70.635038, -33.437976, 0.0 ], [ -70.635044, -33.437956, 0.0 ], [ -70.635048, -33.437941, 0.0 ], [ -70.635056, -33.437913, 0.0 ], [ -70.635058, -33.437906, 0.0 ], [ -70.63508, -33.437827, 0.0 ], [ -70.635082, -33.437821, 0.0 ], [ -70.635091, -33.437788, 0.0 ], [ -70.635112, -33.437714, 0.0 ], [ -70.635125, -33.437668, 0.0 ], [ -70.635132, -33.437642, 0.0 ], [ -70.63515, -33.437578, 0.0 ], [ -70.635169, -33.437509, 0.0 ], [ -70.635172, -33.437499, 0.0 ], [ -70.635188, -33.437444, 0.0 ], [ -70.635193, -33.437426, 0.0 ], [ -70.635193, -33.437425, 0.0 ], [ -70.635209, -33.437368, 0.0 ], [ -70.635219, -33.437333, 0.0 ], [ -70.635226, -33.437307, 0.0 ], [ -70.635227, -33.437304, 0.0 ], [ -70.635228, -33.4373, 0.0 ], [ -70.63526, -33.437309, 0.0 ], [ -70.635294, -33.43732, 0.0 ], [ -70.635313, -33.437326, 0.0 ], [ -70.635314, -33.437326, 0.0 ], [ -70.636188, -33.43756, 0.0 ], [ -70.636401, -33.437617, 0.0 ], [ -70.636451, -33.437596, 0.0 ], [ -70.636528, -33.437564, 0.0 ], [ -70.636528, -33.437564, 0.0 ], [ -70.636528, -33.437565, 0.0 ], [ -70.636528, -33.437565, 0.0 ], [ -70.636529, -33.437646, 0.0 ], [ -70.636529, -33.437648, 0.0 ], [ -70.636571, -33.437666, 0.0 ], [ -70.636594, -33.437676, 0.0 ], [ -70.636595, -33.437676, 0.0 ], [ -70.636758, -33.437746, 0.0 ], [ -70.636761, -33.437747, 0.0 ], [ -70.636765, -33.437749, 0.0 ], [ -70.637026, -33.437886, 0.0 ], [ -70.637583, -33.438203, 0.0 ], [ -70.63778, -33.438344, 0.0 ], [ -70.637966, -33.438476, 0.0 ], [ -70.63804, -33.438468, 0.0 ], [ -70.638073, -33.438465, 0.0 ], [ -70.638085, -33.438463, 0.0 ], [ -70.638085, -33.438463, 0.0 ], [ -70.638085, -33.438464, 0.0 ], [ -70.638085, -33.438464, 0.0 ], [ -70.638073, -33.438536, 0.0 ], [ -70.638073, -33.438536, 0.0 ], [ -70.638266, -33.438676, 0.0 ], [ -70.638723, -33.439008, 0.0 ], [ -70.638953, -33.439175, 0.0 ], [ -70.638954, -33.439175, 0.0 ], [ -70.639133, -33.439305, 0.0 ], [ -70.639406, -33.439501, 0.0 ], [ -70.639407, -33.439501, 0.0 ], [ -70.639821, -33.439791, 0.0 ], [ -70.639987, -33.439907, 0.0 ], [ -70.640419, -33.440212, 0.0 ], [ -70.640422, -33.440214, 0.0 ], [ -70.640455, -33.440213, 0.0 ], [ -70.640457, -33.440214, 0.0 ], [ -70.641617, -33.441005, 0.0 ], [ -70.641914, -33.441208, 0.0 ], [ -70.64233, -33.441492, 0.0 ], [ -70.642681, -33.441725, 0.0 ], [ -70.642703, -33.441739, 0.0 ], [ -70.643023, -33.441915, 0.0 ], [ -70.643616, -33.442169, 0.0 ], [ -70.643813, -33.442247, 0.0 ], [ -70.643859, -33.442261, 0.0 ], [ -70.643922, -33.44228, 0.0 ], [ -70.644079, -33.442331, 0.0 ], [ -70.644205, -33.442373, 0.0 ], [ -70.644769, -33.44255, 0.0 ], [ -70.644896, -33.44259, 0.0 ], [ -70.644896, -33.44259, 0.0 ], [ -70.645039, -33.44263, 0.0 ], [ -70.645295, -33.4427, 0.0 ], [ -70.645764, -33.44283, 0.0 ], [ -70.646013, -33.442888, 0.0 ], [ -70.646212, -33.442934, 0.0 ], [ -70.646214, -33.442934, 0.0 ], [ -70.646214, -33.442934, 0.0 ], [ -70.646196, -33.442983, 0.0 ], [ -70.646195, -33.442985, 0.0 ], [ -70.646184, -33.443015, 0.0 ], [ -70.646165, -33.443074, 0.0 ], [ -70.646155, -33.443104, 0.0 ], [ -70.646086, -33.443318, 0.0 ], [ -70.646022, -33.443385, 0.0 ], [ -70.646023, -33.443386, 0.0 ], [ -70.64604, -33.443411, 0.0 ], [ -70.646061, -33.443442, 0.0 ], [ -70.646061, -33.443442, 0.0 ], [ -70.646019, -33.443589, 0.0 ], [ -70.645915, -33.443954, 0.0 ], [ -70.64581, -33.444418, 0.0 ], [ -70.64581, -33.44442, 0.0 ], [ -70.645699, -33.444803, 0.0 ], [ -70.645608, -33.44512, 0.0 ], [ -70.645601, -33.445143, 0.0 ], [ -70.645592, -33.445172, 0.0 ], [ -70.645586, -33.445192, 0.0 ], [ -70.645566, -33.44526, 0.0 ], [ -70.645478, -33.445593, 0.0 ], [ -70.64544, -33.445735, 0.0 ], [ -70.645426, -33.445789, 0.0 ], [ -70.645326, -33.44616, 0.0 ], [ -70.645326, -33.446161, 0.0 ], [ -70.645304, -33.446242, 0.0 ], [ -70.645303, -33.446247, 0.0 ], [ -70.645288, -33.44631, 0.0 ], [ -70.645288, -33.446311, 0.0 ], [ -70.645282, -33.446335, 0.0 ], [ -70.645282, -33.446335, 0.0 ], [ -70.645275, -33.446362, 0.0 ], [ -70.645246, -33.446484, 0.0 ], [ -70.645245, -33.446487, 0.0 ], [ -70.645195, -33.446692, 0.0 ] ] ] } },
{ "type": "Feature", "properties": { "BARRIO": "PARQUE ALMAGRO", "ÁREA": 32.0, "Shape_Leng": 4810.60071487, "Shape_Area": 1215959.36598 }, "geometry": { "type": "Polygon", "coordinates": [ [ [ -70.646228, -33.442918, 0.0 ], [ -70.646278, -33.442898, 0.0 ], [ -70.646282, -33.442899, 0.0 ], [ -70.647004, -33.443054, 0.0 ], [ -70.647004, -33.443054, 0.0 ], [ -70.647106, -33.443076, 0.0 ], [ -70.647106, -33.443076, 0.0 ], [ -70.647401, -33.443139, 0.0 ], [ -70.647593, -33.443186, 0.0 ], [ -70.647682, -33.443205, 0.0 ], [ -70.647968, -33.443265, 0.0 ], [ -70.648048, -33.443282, 0.0 ], [ -70.648141, -33.443313, 0.0 ], [ -70.648886, -33.443546, 0.0 ], [ -70.648886, -33.443546, 0.0 ], [ -70.648886, -33.443547, 0.0 ], [ -70.64903, -33.443591, 0.0 ], [ -70.649206, -33.443638, 0.0 ], [ -70.649323, -33.443669, 0.0 ], [ -70.64947, -33.443708, 0.0 ], [ -70.649509, -33.443718, 0.0 ], [ -70.649537, -33.443724, 0.0 ], [ -70.649554, -33.443729, 0.0 ], [ -70.649554, -33.443729, 0.0 ], [ -70.649736, -33.443772, 0.0 ], [ -70.649908, -33.443812, 0.0 ], [ -70.649977, -33.443828, 0.0 ], [ -70.650066, -33.443848, 0.0 ], [ -70.650066, -33.443848, 0.0 ], [ -70.650365, -33.443922, 0.0 ], [ -70.650365, -33.443922, 0.0 ], [ -70.650416, -33.443935, 0.0 ], [ -70.650425, -33.443937, 0.0 ], [ -70.651188, -33.444116, 0.0 ], [ -70.651517, -33.444223, 0.0 ], [ -70.651594, -33.444245, 0.0 ], [ -70.651596, -33.444245, 0.0 ], [ -70.651596, -33.444245, 0.0 ], [ -70.651597, -33.444246, 0.0 ], [ -70.651764, -33.444301, 0.0 ], [ -70.651925, -33.444348, 0.0 ], [ -70.652145, -33.4444, 0.0 ], [ -70.652338, -33.444454, 0.0 ], [ -70.652382, -33.444466, 0.0 ], [ -70.652503, -33.4445, 0.0 ], [ -70.652503, -33.4445, 0.0 ], [ -70.65255, -33.444513, 0.0 ], [ -70.652949, -33.444624, 0.0 ], [ -70.65295, -33.444624, 0.0 ], [ -70.652999, -33.444621, 0.0 ], [ -70.653021, -33.44462, 0.0 ], [ -70.65326, -33.444682, 0.0 ], [ -70.65349, -33.444742, 0.0 ], [ -70.654034, -33.444885, 0.0 ], [ -70.65407, -33.444955, 0.0 ], [ -70.654071, -33.444955, 0.0 ], [ -70.654114, -33.444935, 0.0 ], [ -70.654145, -33.444922, 0.0 ], [ -70.655377, -33.445225, 0.0 ], [ -70.655432, -33.445277, 0.0 ], [ -70.655433, -33.445278, 0.0 ], [ -70.655434, -33.445279, 0.0 ], [ -70.655434, -33.445279, 0.0 ], [ -70.656652, -33.445584, 0.0 ], [ -70.656956, -33.445661, 0.0 ], [ -70.657302, -33.445747, 0.0 ], [ -70.657302, -33.445747, 0.0 ], [ -70.658427, -33.44603, 0.0 ], [ -70.658428, -33.44603, 0.0 ], [ -70.65991, -33.446362, 0.0 ], [ -70.660088, -33.446402, 0.0 ], [ -70.660188, -33.446424, 0.0 ], [ -70.660295, -33.446448, 0.0 ], [ -70.660381, -33.446466, 0.0 ], [ -70.660505, -33.446495, 0.0 ], [ -70.660572, -33.446511, 0.0 ], [ -70.660604, -33.446518, 0.0 ], [ -70.660603, -33.44652, 0.0 ], [ -70.660602, -33.446523, 0.0 ], [ -70.660533, -33.446728, 0.0 ], [ -70.660515, -33.446781, 0.0 ], [ -70.660486, -33.446843, 0.0 ], [ -70.660411, -33.447004, 0.0 ], [ -70.660348, -33.447139, 0.0 ], [ -70.660245, -33.447409, 0.0 ], [ -70.66018, -33.447598, 0.0 ], [ -70.659948, -33.448265, 0.0 ], [ -70.659888, -33.448432, 0.0 ], [ -70.659815, -33.448633, 0.0 ], [ -70.659693, -33.449056, 0.0 ], [ -70.659633, -33.449267, 0.0 ], [ -70.659446, -33.449847, 0.0 ], [ -70.659284, -33.450393, 0.0 ], [ -70.65896, -33.451484, 0.0 ], [ -70.658806, -33.452006, 0.0 ], [ -70.658652, -33.452527, 0.0 ], [ -70.658511, -33.453017, 0.0 ], [ -70.658428, -33.453301, 0.0 ], [ -70.658342, -33.453597, 0.0 ], [ -70.658253, -33.453904, 0.0 ], [ -70.658187, -33.454132, 0.0 ], [ -70.658131, -33.454338, 0.0 ], [ -70.658121, -33.454371, 0.0 ], [ -70.658086, -33.454448, 0.0 ], [ -70.658053, -33.45452, 0.0 ], [ -70.658035, -33.454555, 0.0 ], [ -70.65789, -33.454558, 0.0 ], [ -70.657753, -33.454562, 0.0 ], [ -70.657646, -33.454565, 0.0 ], [ -70.657651, -33.454555, 0.0 ], [ -70.657651, -33.454555, 0.0 ], [ -70.657608, -33.454542, 0.0 ], [ -70.657543, -33.454538, 0.0 ], [ -70.65754, -33.454538, 0.0 ], [ -70.65754, -33.454538, 0.0 ], [ -70.657475, -33.454535, 0.0 ], [ -70.656607, -33.454515, 0.0 ], [ -70.656607, -33.454515, 0.0 ], [ -70.656492, -33.45451, 0.0 ], [ -70.655904, -33.454486, 0.0 ], [ -70.655779, -33.454483, 0.0 ], [ -70.655506, -33.454477, 0.0 ], [ -70.655503, -33.454477, 0.0 ], [ -70.655058, -33.454471, 0.0 ], [ -70.655021, -33.454466, 0.0 ], [ -70.655011, -33.454465, 0.0 ], [ -70.654945, -33.454456, 0.0 ], [ -70.654923, -33.454452, 0.0 ], [ -70.654921, -33.454452, 0.0 ], [ -70.654576, -33.454447, 0.0 ], [ -70.654065, -33.454438, 0.0 ], [ -70.654065, -33.454438, 0.0 ], [ -70.653343, -33.454422, 0.0 ], [ -70.653288, -33.454422, 0.0 ], [ -70.653288, -33.454422, 0.0 ], [ -70.653208, -33.454421, 0.0 ], [ -70.652526, -33.454405, 0.0 ], [ -70.652525, -33.454405, 0.0 ], [ -70.652216, -33.454399, 0.0 ], [ -70.651468, -33.454384, 0.0 ], [ -70.650561, -33.454225, 0.0 ], [ -70.65044, -33.454204, 0.0 ], [ -70.650179, -33.454159, 0.0 ], [ -70.650038, -33.454135, 0.0 ], [ -70.650037, -33.454134, 0.0 ], [ -70.650037, -33.454133, 0.0 ], [ -70.650044, -33.45409, 0.0 ], [ -70.650072, -33.453898, 0.0 ], [ -70.650118, -33.453598, 0.0 ], [ -70.650114, -33.453493, 0.0 ], [ -70.650112, -33.453465, 0.0 ], [ -70.650156, -33.453179, 0.0 ], [ -70.650221, -33.452755, 0.0 ], [ -70.650221, -33.452753, 0.0 ], [ -70.650276, -33.452425, 0.0 ], [ -70.650278, -33.452422, 0.0 ], [ -70.650304, -33.452376, 0.0 ], [ -70.650308, -33.452369, 0.0 ], [ -70.650383, -33.451898, 0.0 ], [ -70.650385, -33.451883, 0.0 ], [ -70.650385, -33.451882, 0.0 ], [ -70.650385, -33.451882, 0.0 ], [ -70.650475, -33.451159, 0.0 ], [ -70.65056, -33.450589, 0.0 ], [ -70.650572, -33.450509, 0.0 ], [ -70.650572, -33.450509, 0.0 ], [ -70.650459, -33.450501, 0.0 ], [ -70.649557, -33.45032, 0.0 ], [ -70.649215, -33.450251, 0.0 ], [ -70.649153, -33.450239, 0.0 ], [ -70.649095, -33.450231, 0.0 ], [ -70.649095, -33.450231, 0.0 ], [ -70.648478, -33.450148, 0.0 ], [ -70.648301, -33.450124, 0.0 ], [ -70.648301, -33.450124, 0.0 ], [ -70.648239, -33.450116, 0.0 ], [ -70.647042, -33.449969, 0.0 ], [ -70.646946, -33.449962, 0.0 ], [ -70.64694, -33.449961, 0.0 ], [ -70.646366, -33.449878, 0.0 ], [ -70.645746, -33.449789, 0.0 ], [ -70.645735, -33.449787, 0.0 ], [ -70.645327, -33.449729, 0.0 ], [ -70.645152, -33.449703, 0.0 ], [ -70.644578, -33.449621, 0.0 ], [ -70.644578, -33.44962, 0.0 ], [ -70.644583, -33.449594, 0.0 ], [ -70.644583, -33.449594, 0.0 ], [ -70.64459, -33.449558, 0.0 ], [ -70.644685, -33.448959, 0.0 ], [ -70.644705, -33.448835, 0.0 ], [ -70.644706, -33.448829, 0.0 ], [ -70.644811, -33.44823, 0.0 ], [ -70.644833, -33.448103, 0.0 ], [ -70.644841, -33.448076, 0.0 ], [ -70.644847, -33.448056, 0.0 ], [ -70.644848, -33.448054, 0.0 ], [ -70.644862, -33.447983, 0.0 ], [ -70.644955, -33.447626, 0.0 ], [ -70.644955, -33.447625, 0.0 ], [ -70.644959, -33.447609, 0.0 ], [ -70.644967, -33.447577, 0.0 ], [ -70.644981, -33.447527, 0.0 ], [ -70.644986, -33.447507, 0.0 ], [ -70.645015, -33.447395, 0.0 ], [ -70.645016, -33.447391, 0.0 ], [ -70.645016, -33.447389, 0.0 ], [ -70.645144, -33.446897, 0.0 ], [ -70.645149, -33.44688, 0.0 ], [ -70.645149, -33.446879, 0.0 ], [ -70.64515, -33.446873, 0.0 ], [ -70.645165, -33.446816, 0.0 ], [ -70.645192, -33.446706, 0.0 ], [ -70.645195, -33.446692, 0.0 ], [ -70.645245, -33.446487, 0.0 ], [ -70.645246, -33.446484, 0.0 ], [ -70.645275, -33.446362, 0.0 ], [ -70.645282, -33.446335, 0.0 ], [ -70.645282, -33.446335, 0.0 ], [ -70.645288, -33.446311, 0.0 ], [ -70.645288, -33.44631, 0.0 ], [ -70.645303, -33.446247, 0.0 ], [ -70.645304, -33.446242, 0.0 ], [ -70.645326, -33.446161, 0.0 ], [ -70.645326, -33.44616, 0.0 ], [ -70.645426, -33.445789, 0.0 ], [ -70.64544, -33.445735, 0.0 ], [ -70.645478, -33.445593, 0.0 ], [ -70.645566, -33.44526, 0.0 ], [ -70.645586, -33.445192, 0.0 ], [ -70.645592, -33.445172, 0.0 ], [ -70.645601, -33.445143, 0.0 ], [ -70.645608, -33.44512, 0.0 ], [ -70.645699, -33.444803, 0.0 ], [ -70.64581, -33.44442, 0.0 ], [ -70.64581, -33.444418, 0.0 ], [ -70.645915, -33.443954, 0.0 ], [ -70.646019, -33.443589, 0.0 ], [ -70.646061, -33.443442, 0.0 ], [ -70.646061, -33.443442, 0.0 ], [ -70.64604, -33.443411, 0.0 ], [ -70.646023, -33.443386, 0.0 ], [ -70.646022, -33.443385, 0.0 ], [ -70.646086, -33.443318, 0.0 ], [ -70.646155, -33.443104, 0.0 ], [ -70.646165, -33.443074, 0.0 ], [ -70.646184, -33.443015, 0.0 ], [ -70.646195, -33.442985, 0.0 ], [ -70.646196, -33.442983, 0.0 ], [ -70.646213, -33.442936, 0.0 ], [ -70.646228, -33.442918, 0.0 ] ] ] } },
{ "type": "Feature", "properties": { "BARRIO": "HUEMUL", "ÁREA": 20.0, "Shape_Leng": 2870.54126305, "Shape_Area": 441941.51705899998 }, "geometry": { "type": "Polygon", "coordinates": [ [ [ -70.655665, -33.471744, 0.0 ], [ -70.655657, -33.471757, 0.0 ], [ -70.655574, -33.47188, 0.0 ], [ -70.655392, -33.472151, 0.0 ], [ -70.655265, -33.472336, 0.0 ], [ -70.655088, -33.47258, 0.0 ], [ -70.654944, -33.472775, 0.0 ], [ -70.654793, -33.47296, 0.0 ], [ -70.654693, -33.473156, 0.0 ], [ -70.65455, -33.473434, 0.0 ], [ -70.654498, -33.473569, 0.0 ], [ -70.654468, -33.473647, 0.0 ], [ -70.654413, -33.473791, 0.0 ], [ -70.654298, -33.47421, 0.0 ], [ -70.654293, -33.474294, 0.0 ], [ -70.65428, -33.47449, 0.0 ], [ -70.654271, -33.474852, 0.0 ], [ -70.65429, -33.475101, 0.0 ], [ -70.654316, -33.475316, 0.0 ], [ -70.654368, -33.475556, 0.0 ], [ -70.654399, -33.475698, 0.0 ], [ -70.654545, -33.476052, 0.0 ], [ -70.654667, -33.476346, 0.0 ], [ -70.654044, -33.476511, 0.0 ], [ -70.65404, -33.476526, 0.0 ], [ -70.651832, -33.476611, 0.0 ], [ -70.648295, -33.47671, 0.0 ], [ -70.648301, -33.476586, 0.0 ], [ -70.648324, -33.47574, 0.0 ], [ -70.648278, -33.475665, 0.0 ], [ -70.648277, -33.475664, 0.0 ], [ -70.648277, -33.475664, 0.0 ], [ -70.64822, -33.475601, 0.0 ], [ -70.648269, -33.474502, 0.0 ], [ -70.648269, -33.474501, 0.0 ], [ -70.648291, -33.474456, 0.0 ], [ -70.648292, -33.474456, 0.0 ], [ -70.648292, -33.474455, 0.0 ], [ -70.648292, -33.474455, 0.0 ], [ -70.648292, -33.474455, 0.0 ], [ -70.648275, -33.474433, 0.0 ], [ -70.648275, -33.474433, 0.0 ], [ -70.648299, -33.473955, 0.0 ], [ -70.648303, -33.473866, 0.0 ], [ -70.648303, -33.473866, 0.0 ], [ -70.648303, -33.473865, 0.0 ], [ -70.648347, -33.473351, 0.0 ], [ -70.648347, -33.473346, 0.0 ], [ -70.648347, -33.473345, 0.0 ], [ -70.64845, -33.473299, 0.0 ], [ -70.648451, -33.473299, 0.0 ], [ -70.648452, -33.473299, 0.0 ], [ -70.648349, -33.473237, 0.0 ], [ -70.648366, -33.472841, 0.0 ], [ -70.648366, -33.47284, 0.0 ], [ -70.648402, -33.472146, 0.0 ], [ -70.648402, -33.472145, 0.0 ], [ -70.648422, -33.471874, 0.0 ], [ -70.648467, -33.471036, 0.0 ], [ -70.648467, -33.471035, 0.0 ], [ -70.648503, -33.47041, 0.0 ], [ -70.648503, -33.470409, 0.0 ], [ -70.64851, -33.470277, 0.0 ], [ -70.648512, -33.470255, 0.0 ], [ -70.648512, -33.470254, 0.0 ], [ -70.648521, -33.470092, 0.0 ], [ -70.648521, -33.470088, 0.0 ], [ -70.648521, -33.470087, 0.0 ], [ -70.648541, -33.46979, 0.0 ], [ -70.648541, -33.46979, 0.0 ], [ -70.648562, -33.469792, 0.0 ], [ -70.648629, -33.4698, 0.0 ], [ -70.649218, -33.469865, 0.0 ], [ -70.649234, -33.469867, 0.0 ], [ -70.649277, -33.469871, 0.0 ], [ -70.649299, -33.469874, 0.0 ], [ -70.649985, -33.469946, 0.0 ], [ -70.6501, -33.469957, 0.0 ], [ -70.6501, -33.469957, 0.0 ], [ -70.650176, -33.469965, 0.0 ], [ -70.651078, -33.470062, 0.0 ], [ -70.651193, -33.470075, 0.0 ], [ -70.651193, -33.470075, 0.0 ], [ -70.651206, -33.470076, 0.0 ], [ -70.651258, -33.470081, 0.0 ], [ -70.651841, -33.470154, 0.0 ], [ -70.652099, -33.470186, 0.0 ], [ -70.652136, -33.470185, 0.0 ], [ -70.652143, -33.470185, 0.0 ], [ -70.652171, -33.470184, 0.0 ], [ -70.652202, -33.470183, 0.0 ], [ -70.652341, -33.470198, 0.0 ], [ -70.652683, -33.470237, 0.0 ], [ -70.653241, -33.470299, 0.0 ], [ -70.653291, -33.470302, 0.0 ], [ -70.653332, -33.470305, 0.0 ], [ -70.653332, -33.470305, 0.0 ], [ -70.653376, -33.470307, 0.0 ], [ -70.653383, -33.470307, 0.0 ], [ -70.653498, -33.47032, 0.0 ], [ -70.653949, -33.470368, 0.0 ], [ -70.654512, -33.470429, 0.0 ], [ -70.654514, -33.470428, 0.0 ], [ -70.654586, -33.47041, 0.0 ], [ -70.654586, -33.47041, 0.0 ], [ -70.654592, -33.470415, 0.0 ], [ -70.654641, -33.470455, 0.0 ], [ -70.654641, -33.470456, 0.0 ], [ -70.654646, -33.470456, 0.0 ], [ -70.654989, -33.47047, 0.0 ], [ -70.654997, -33.47047, 0.0 ], [ -70.655097, -33.470451, 0.0 ], [ -70.6552, -33.470422, 0.0 ], [ -70.655557, -33.470264, 0.0 ], [ -70.655579, -33.470256, 0.0 ], [ -70.655737, -33.470199, 0.0 ], [ -70.655788, -33.470169, 0.0 ], [ -70.655848, -33.470134, 0.0 ], [ -70.655879, -33.470118, 0.0 ], [ -70.655941, -33.470086, 0.0 ], [ -70.655996, -33.470031, 0.0 ], [ -70.655996, -33.47003, 0.0 ], [ -70.656086, -33.469989, 0.0 ], [ -70.656153, -33.46999, 0.0 ], [ -70.656256, -33.47, 0.0 ], [ -70.656251, -33.470101, 0.0 ], [ -70.656238, -33.470273, 0.0 ], [ -70.656222, -33.470479, 0.0 ], [ -70.656205, -33.470694, 0.0 ], [ -70.656196, -33.470798, 0.0 ], [ -70.656179, -33.470908, 0.0 ], [ -70.656171, -33.470969, 0.0 ], [ -70.656119, -33.471114, 0.0 ], [ -70.656086, -33.471188, 0.0 ], [ -70.656037, -33.471284, 0.0 ], [ -70.655859, -33.471516, 0.0 ], [ -70.655804, -33.471592, 0.0 ], [ -70.655717, -33.471681, 0.0 ], [ -70.65569, -33.471707, 0.0 ], [ -70.655665, -33.471744, 0.0 ] ] ] } },
{ "type": "Feature", "properties": { "BARRIO": "FRANKLIN", "ÁREA": 37.0, "Shape_Leng": 2803.9338451600001, "Shape_Area": 454580.05169499997 }, "geometry": { "type": "Polygon", "coordinates": [ [ [ -70.648496, -33.469785, 0.0 ], [ -70.648531, -33.469789, 0.0 ], [ -70.648541, -33.46979, 0.0 ], [ -70.648541, -33.46979, 0.0 ], [ -70.648521, -33.470087, 0.0 ], [ -70.648521, -33.470088, 0.0 ], [ -70.648521, -33.470092, 0.0 ], [ -70.648512, -33.470254, 0.0 ], [ -70.648512, -33.470255, 0.0 ], [ -70.64851, -33.470277, 0.0 ], [ -70.648503, -33.470409, 0.0 ], [ -70.648503, -33.47041, 0.0 ], [ -70.648467, -33.471035, 0.0 ], [ -70.648467, -33.471036, 0.0 ], [ -70.648422, -33.471874, 0.0 ], [ -70.648402, -33.472145, 0.0 ], [ -70.648402, -33.472146, 0.0 ], [ -70.648366, -33.47284, 0.0 ], [ -70.648366, -33.472841, 0.0 ], [ -70.648349, -33.473237, 0.0 ], [ -70.648452, -33.473299, 0.0 ], [ -70.648451, -33.473299, 0.0 ], [ -70.64845, -33.473299, 0.0 ], [ -70.648347, -33.473345, 0.0 ], [ -70.648347, -33.473346, 0.0 ], [ -70.648347, -33.473351, 0.0 ], [ -70.648303, -33.473865, 0.0 ], [ -70.648303, -33.473866, 0.0 ], [ -70.648303, -33.473866, 0.0 ], [ -70.648299, -33.473955, 0.0 ], [ -70.648275, -33.474433, 0.0 ], [ -70.648275, -33.474433, 0.0 ], [ -70.648292, -33.474455, 0.0 ], [ -70.648292, -33.474455, 0.0 ], [ -70.648292, -33.474455, 0.0 ], [ -70.648292, -33.474456, 0.0 ], [ -70.648291, -33.474456, 0.0 ], [ -70.648269, -33.474501, 0.0 ], [ -70.648269, -33.474502, 0.0 ], [ -70.64822, -33.475601, 0.0 ], [ -70.648277, -33.475664, 0.0 ], [ -70.648277, -33.475664, 0.0 ], [ -70.648278, -33.475665, 0.0 ], [ -70.648324, -33.47574, 0.0 ], [ -70.648301, -33.476586, 0.0 ], [ -70.648295, -33.476705, 0.0 ], [ -70.648151, -33.476713, 0.0 ], [ -70.648182, -33.476497, 0.0 ], [ -70.648183, -33.476496, 0.0 ], [ -70.648183, -33.476496, 0.0 ], [ -70.64806, -33.476493, 0.0 ], [ -70.646439, -33.476454, 0.0 ], [ -70.64642, -33.476449, 0.0 ], [ -70.646412, -33.476448, 0.0 ], [ -70.646408, -33.476473, 0.0 ], [ -70.646391, -33.476572, 0.0 ], [ -70.64428, -33.476482, 0.0 ], [ -70.643686, -33.476457, 0.0 ], [ -70.64361, -33.476453, 0.0 ], [ -70.643587, -33.476435, 0.0 ], [ -70.643564, -33.476423, 0.0 ], [ -70.643489, -33.476447, 0.0 ], [ -70.643487, -33.476447, 0.0 ], [ -70.643399, -33.476443, 0.0 ], [ -70.642122, -33.476382, 0.0 ], [ -70.641977, -33.476375, 0.0 ], [ -70.641977, -33.476375, 0.0 ], [ -70.641971, -33.476375, 0.0 ], [ -70.641967, -33.476221, 0.0 ], [ -70.641974, -33.475936, 0.0 ], [ -70.641998, -33.475495, 0.0 ], [ -70.642009, -33.475289, 0.0 ], [ -70.642009, -33.475288, 0.0 ], [ -70.642007, -33.475188, 0.0 ], [ -70.642006, -33.475138, 0.0 ], [ -70.642006, -33.475116, 0.0 ], [ -70.642017, -33.474846, 0.0 ], [ -70.642017, -33.474825, 0.0 ], [ -70.642024, -33.474662, 0.0 ], [ -70.64204, -33.474251, 0.0 ], [ -70.64204, -33.47425, 0.0 ], [ -70.642057, -33.473926, 0.0 ], [ -70.642057, -33.473925, 0.0 ], [ -70.642051, -33.473854, 0.0 ], [ -70.642051, -33.473853, 0.0 ], [ -70.642087, -33.472987, 0.0 ], [ -70.642087, -33.472986, 0.0 ], [ -70.642085, -33.472924, 0.0 ], [ -70.642085, -33.472923, 0.0 ], [ -70.642093, -33.472771, 0.0 ], [ -70.642117, -33.472307, 0.0 ], [ -70.642144, -33.471793, 0.0 ], [ -70.642149, -33.471697, 0.0 ], [ -70.642149, -33.471696, 0.0 ], [ -70.642185, -33.470966, 0.0 ], [ -70.642209, -33.470479, 0.0 ], [ -70.642209, -33.470478, 0.0 ], [ -70.642206, -33.470416, 0.0 ], [ -70.642206, -33.470415, 0.0 ], [ -70.642219, -33.470131, 0.0 ], [ -70.642219, -33.47013, 0.0 ], [ -70.642221, -33.470102, 0.0 ], [ -70.642227, -33.469969, 0.0 ], [ -70.642268, -33.469125, 0.0 ], [ -70.642268, -33.469124, 0.0 ], [ -70.643277, -33.469227, 0.0 ], [ -70.643443, -33.469244, 0.0 ], [ -70.643495, -33.469249, 0.0 ], [ -70.643625, -33.469263, 0.0 ], [ -70.643976, -33.469298, 0.0 ], [ -70.643976, -33.469298, 0.0 ], [ -70.644027, -33.469307, 0.0 ], [ -70.644041, -33.46931, 0.0 ], [ -70.644773, -33.46939, 0.0 ], [ -70.644774, -33.46939, 0.0 ], [ -70.645169, -33.469433, 0.0 ], [ -70.645281, -33.469445, 0.0 ], [ -70.645395, -33.469456, 0.0 ], [ -70.645396, -33.469456, 0.0 ], [ -70.645433, -33.46946, 0.0 ], [ -70.645433, -33.46946, 0.0 ], [ -70.645462, -33.469463, 0.0 ], [ -70.64602, -33.469522, 0.0 ], [ -70.64603, -33.469523, 0.0 ], [ -70.646681, -33.469593, 0.0 ], [ -70.646751, -33.469602, 0.0 ], [ -70.646752, -33.469602, 0.0 ], [ -70.646794, -33.469607, 0.0 ], [ -70.646795, -33.469607, 0.0 ], [ -70.646845, -33.469612, 0.0 ], [ -70.64686, -33.469614, 0.0 ], [ -70.647269, -33.469657, 0.0 ], [ -70.647744, -33.469706, 0.0 ], [ -70.647784, -33.46971, 0.0 ], [ -70.647844, -33.469717, 0.0 ], [ -70.648428, -33.469777, 0.0 ], [ -70.648496, -33.469785, 0.0 ] ] ] } },
{ "type": "Feature", "properties": { "BARRIO": "SIERRA BELLA", "ÁREA": 26.0, "Shape_Leng": 4362.2359818900004, "Shape_Area": 972194.43236600002 }, "geometry": { "type": "Polygon", "coordinates": [ [ [ -70.641841, -33.469078, 0.0 ], [ -70.641935, -33.469088, 0.0 ], [ -70.642192, -33.469116, 0.0 ], [ -70.642268, -33.469124, 0.0 ], [ -70.642268, -33.469125, 0.0 ], [ -70.642227, -33.469969, 0.0 ], [ -70.642221, -33.470102, 0.0 ], [ -70.642219, -33.47013, 0.0 ], [ -70.642219, -33.470131, 0.0 ], [ -70.642206, -33.470415, 0.0 ], [ -70.642206, -33.470416, 0.0 ], [ -70.642209, -33.470478, 0.0 ], [ -70.642209, -33.470479, 0.0 ], [ -70.642185, -33.470966, 0.0 ], [ -70.642149, -33.471696, 0.0 ], [ -70.642149, -33.471697, 0.0 ], [ -70.642144, -33.471793, 0.0 ], [ -70.642117, -33.472307, 0.0 ], [ -70.642093, -33.472771, 0.0 ], [ -70.642085, -33.472923, 0.0 ], [ -70.642085, -33.472924, 0.0 ], [ -70.642087, -33.472986, 0.0 ], [ -70.642087, -33.472987, 0.0 ], [ -70.642051, -33.473853, 0.0 ], [ -70.642051, -33.473854, 0.0 ], [ -70.642057, -33.473925, 0.0 ], [ -70.642057, -33.473926, 0.0 ], [ -70.64204, -33.47425, 0.0 ], [ -70.64204, -33.474251, 0.0 ], [ -70.642024, -33.474662, 0.0 ], [ -70.642017, -33.474825, 0.0 ], [ -70.642017, -33.474846, 0.0 ], [ -70.642006, -33.475116, 0.0 ], [ -70.642006, -33.475138, 0.0 ], [ -70.642007, -33.475188, 0.0 ], [ -70.642009, -33.475288, 0.0 ], [ -70.642009, -33.475289, 0.0 ], [ -70.641998, -33.475495, 0.0 ], [ -70.641974, -33.475936, 0.0 ], [ -70.641967, -33.476221, 0.0 ], [ -70.641971, -33.476375, 0.0 ], [ -70.641353, -33.476329, 0.0 ], [ -70.641353, -33.476335, 0.0 ], [ -70.640448, -33.476265, 0.0 ], [ -70.640448, -33.476267, 0.0 ], [ -70.639132, -33.475968, 0.0 ], [ -70.639017, -33.475933, 0.0 ], [ -70.63896, -33.475916, 0.0 ], [ -70.638926, -33.475905, 0.0 ], [ -70.638633, -33.475816, 0.0 ], [ -70.636519, -33.474979, 0.0 ], [ -70.636484, -33.474969, 0.0 ], [ -70.636484, -33.474969, 0.0 ], [ -70.636214, -33.474872, 0.0 ], [ -70.63608, -33.474823, 0.0 ], [ -70.636079, -33.474822, 0.0 ], [ -70.636075, -33.474821, 0.0 ], [ -70.63573, -33.474697, 0.0 ], [ -70.635141, -33.474484, 0.0 ], [ -70.635135, -33.474482, 0.0 ], [ -70.635134, -33.474481, 0.0 ], [ -70.635054, -33.474453, 0.0 ], [ -70.635048, -33.47445, 0.0 ], [ -70.635048, -33.47445, 0.0 ], [ -70.634433, -33.474224, 0.0 ], [ -70.634433, -33.474224, 0.0 ], [ -70.633815, -33.473998, 0.0 ], [ -70.633815, -33.473998, 0.0 ], [ -70.633235, -33.473789, 0.0 ], [ -70.633234, -33.473789, 0.0 ], [ -70.633174, -33.473767, 0.0 ], [ -70.632624, -33.473571, 0.0 ], [ -70.632623, -33.473571, 0.0 ], [ -70.63205, -33.473354, 0.0 ], [ -70.632035, -33.473336, 0.0 ], [ -70.632034, -33.473336, 0.0 ], [ -70.632033, -33.473344, 0.0 ], [ -70.626711, -33.471502, 0.0 ], [ -70.626712, -33.471496, 0.0 ], [ -70.625108, -33.46961, 0.0 ], [ -70.625108, -33.46961, 0.0 ], [ -70.625109, -33.46961, 0.0 ], [ -70.625112, -33.469608, 0.0 ], [ -70.625117, -33.469604, 0.0 ], [ -70.62515, -33.469585, 0.0 ], [ -70.62515, -33.469585, 0.0 ], [ -70.625202, -33.469555, 0.0 ], [ -70.625223, -33.469542, 0.0 ], [ -70.625395, -33.469441, 0.0 ], [ -70.625465, -33.469403, 0.0 ], [ -70.625519, -33.469373, 0.0 ], [ -70.62555, -33.469356, 0.0 ], [ -70.625568, -33.469346, 0.0 ], [ -70.625616, -33.469318, 0.0 ], [ -70.625648, -33.4693, 0.0 ], [ -70.625724, -33.469251, 0.0 ], [ -70.625739, -33.469238, 0.0 ], [ -70.625795, -33.469189, 0.0 ], [ -70.625856, -33.469133, 0.0 ], [ -70.625863, -33.469128, 0.0 ], [ -70.625907, -33.469076, 0.0 ], [ -70.625941, -33.469031, 0.0 ], [ -70.625941, -33.46903, 0.0 ], [ -70.62595, -33.469017, 0.0 ], [ -70.625975, -33.468976, 0.0 ], [ -70.625976, -33.468976, 0.0 ], [ -70.625978, -33.468972, 0.0 ], [ -70.626004, -33.468921, 0.0 ], [ -70.626015, -33.468899, 0.0 ], [ -70.62603, -33.468869, 0.0 ], [ -70.626055, -33.468805, 0.0 ], [ -70.62608, -33.468728, 0.0 ], [ -70.626083, -33.468719, 0.0 ], [ -70.626095, -33.468683, 0.0 ], [ -70.626212, -33.468264, 0.0 ], [ -70.626374, -33.467684, 0.0 ], [ -70.626424, -33.467512, 0.0 ], [ -70.62644, -33.467457, 0.0 ], [ -70.626459, -33.467391, 0.0 ], [ -70.62646, -33.467387, 0.0 ], [ -70.626461, -33.467387, 0.0 ], [ -70.626461, -33.467387, 0.0 ], [ -70.626822, -33.467422, 0.0 ], [ -70.627509, -33.46749, 0.0 ], [ -70.627547, -33.467494, 0.0 ], [ -70.627862, -33.467525, 0.0 ], [ -70.627862, -33.467525, 0.0 ], [ -70.627869, -33.467525, 0.0 ], [ -70.627879, -33.467527, 0.0 ], [ -70.629084, -33.467661, 0.0 ], [ -70.629084, -33.467661, 0.0 ], [ -70.629154, -33.467669, 0.0 ], [ -70.629265, -33.467681, 0.0 ], [ -70.629412, -33.467698, 0.0 ], [ -70.629442, -33.4677, 0.0 ], [ -70.629512, -33.467704, 0.0 ], [ -70.629513, -33.467704, 0.0 ], [ -70.629547, -33.467706, 0.0 ], [ -70.629557, -33.467706, 0.0 ], [ -70.629857, -33.467741, 0.0 ], [ -70.630253, -33.467786, 0.0 ], [ -70.630253, -33.467786, 0.0 ], [ -70.630288, -33.46779, 0.0 ], [ -70.630456, -33.467809, 0.0 ], [ -70.630568, -33.467822, 0.0 ], [ -70.630877, -33.467857, 0.0 ], [ -70.630877, -33.467857, 0.0 ], [ -70.630991, -33.46787, 0.0 ], [ -70.631005, -33.467871, 0.0 ], [ -70.631468, -33.467923, 0.0 ], [ -70.631469, -33.467923, 0.0 ], [ -70.631501, -33.467927, 0.0 ], [ -70.632082, -33.467996, 0.0 ], [ -70.632082, -33.467996, 0.0 ], [ -70.632684, -33.46806, 0.0 ], [ -70.632685, -33.46806, 0.0 ], [ -70.633286, -33.468134, 0.0 ], [ -70.633287, -33.468134, 0.0 ], [ -70.634032, -33.468214, 0.0 ], [ -70.634033, -33.468214, 0.0 ], [ -70.634687, -33.468287, 0.0 ], [ -70.634687, -33.468287, 0.0 ], [ -70.63533, -33.468359, 0.0 ], [ -70.63533, -33.468359, 0.0 ], [ -70.635975, -33.468432, 0.0 ], [ -70.635975, -33.468432, 0.0 ], [ -70.636622, -33.468496, 0.0 ], [ -70.636623, -33.468496, 0.0 ], [ -70.636981, -33.468541, 0.0 ], [ -70.637142, -33.468561, 0.0 ], [ -70.637142, -33.468561, 0.0 ], [ -70.637648, -33.468617, 0.0 ], [ -70.637648, -33.468617, 0.0 ], [ -70.638317, -33.468691, 0.0 ], [ -70.638883, -33.468754, 0.0 ], [ -70.638883, -33.468754, 0.0 ], [ -70.639674, -33.468843, 0.0 ], [ -70.639674, -33.468843, 0.0 ], [ -70.640894, -33.468971, 0.0 ], [ -70.641084, -33.468996, 0.0 ], [ -70.641084, -33.468996, 0.0 ], [ -70.641841, -33.469078, 0.0 ] ] ] } },
{ "type": "Feature", "properties": { "BARRIO": "VIEL", "ÁREA": 33.0, "Shape_Leng": 3721.0871569599999, "Shape_Area": 798862.95856900001 }, "geometry": { "type": "GeometryCollection", "geometries": [ { "type": "Polygon", "coordinates": [ [ [ -70.648534, -33.469789, 0.0 ], [ -70.648546, -33.469729, 0.0 ], [ -70.648587, -33.469097, 0.0 ], [ -70.648619, -33.468617, 0.0 ], [ -70.648619, -33.468616, 0.0 ], [ -70.64868, -33.467372, 0.0 ], [ -70.64868, -33.467371, 0.0 ], [ -70.648693, -33.467186, 0.0 ], [ -70.648727, -33.466731, 0.0 ], [ -70.648727, -33.46673, 0.0 ], [ -70.64876, -33.466135, 0.0 ], [ -70.64876, -33.466134, 0.0 ], [ -70.648778, -33.465781, 0.0 ], [ -70.648791, -33.465503, 0.0 ], [ -70.648792, -33.465502, 0.0 ], [ -70.648821, -33.465012, 0.0 ], [ -70.648821, -33.46501, 0.0 ], [ -70.648861, -33.464222, 0.0 ], [ -70.648861, -33.464221, 0.0 ], [ -70.648886, -33.463816, 0.0 ], [ -70.648886, -33.463815, 0.0 ], [ -70.648888, -33.463726, 0.0 ], [ -70.648888, -33.463725, 0.0 ], [ -70.648887, -33.463652, 0.0 ], [ -70.648951, -33.462501, 0.0 ], [ -70.648953, -33.462462, 0.0 ], [ -70.648954, -33.462461, 0.0 ], [ -70.648986, -33.461897, 0.0 ], [ -70.649028, -33.461153, 0.0 ], [ -70.649028, -33.461152, 0.0 ], [ -70.649055, -33.460715, 0.0 ], [ -70.649067, -33.460531, 0.0 ], [ -70.649067, -33.46053, 0.0 ], [ -70.649088, -33.460152, 0.0 ], [ -70.649088, -33.460151, 0.0 ], [ -70.649126, -33.459583, 0.0 ], [ -70.649223, -33.45968, 0.0 ], [ -70.649531, -33.459717, 0.0 ], [ -70.650581, -33.459842, 0.0 ], [ -70.650694, -33.45976, 0.0 ], [ -70.650695, -33.45976, 0.0 ], [ -70.650785, -33.459858, 0.0 ], [ -70.651576, -33.459955, 0.0 ], [ -70.651683, -33.459882, 0.0 ], [ -70.651684, -33.459882, 0.0 ], [ -70.651753, -33.45998, 0.0 ], [ -70.652448, -33.460052, 0.0 ], [ -70.652526, -33.459988, 0.0 ], [ -70.652527, -33.459988, 0.0 ], [ -70.652602, -33.460086, 0.0 ], [ -70.653298, -33.460158, 0.0 ], [ -70.65338, -33.460076, 0.0 ], [ -70.653381, -33.460076, 0.0 ], [ -70.653445, -33.460183, 0.0 ], [ -70.654254, -33.460262, 0.0 ], [ -70.654343, -33.460198, 0.0 ], [ -70.65441, -33.460287, 0.0 ], [ -70.655326, -33.460392, 0.0 ], [ -70.655433, -33.460319, 0.0 ], [ -70.655434, -33.460319, 0.0 ], [ -70.655523, -33.460417, 0.0 ], [ -70.655937, -33.460466, 0.0 ], [ -70.656342, -33.460514, 0.0 ], [ -70.656426, -33.460441, 0.0 ], [ -70.656427, -33.460441, 0.0 ], [ -70.656541, -33.460548, 0.0 ], [ -70.656564, -33.460549, 0.0 ], [ -70.656697, -33.460555, 0.0 ], [ -70.6567, -33.460555, 0.0 ], [ -70.656816, -33.460557, 0.0 ], [ -70.656792, -33.460839, 0.0 ], [ -70.656727, -33.461754, 0.0 ], [ -70.65665, -33.462884, 0.0 ], [ -70.656617, -33.463429, 0.0 ], [ -70.656569, -33.464218, 0.0 ], [ -70.656539, -33.464702, 0.0 ], [ -70.65651, -33.465201, 0.0 ], [ -70.656475, -33.465815, 0.0 ], [ -70.656443, -33.46638, 0.0 ], [ -70.656389, -33.467415, 0.0 ], [ -70.656334, -33.468477, 0.0 ], [ -70.656304, -33.469054, 0.0 ], [ -70.656283, -33.469454, 0.0 ], [ -70.656267, -33.469773, 0.0 ], [ -70.656256, -33.47, 0.0 ], [ -70.656253, -33.470056, 0.0 ], [ -70.656251, -33.470101, 0.0 ], [ -70.656241, -33.470098, 0.0 ], [ -70.65622, -33.470097, 0.0 ], [ -70.656189, -33.470095, 0.0 ], [ -70.656181, -33.470095, 0.0 ], [ -70.656176, -33.470094, 0.0 ], [ -70.656149, -33.470093, 0.0 ], [ -70.656111, -33.470091, 0.0 ], [ -70.656109, -33.47009, 0.0 ], [ -70.656103, -33.470086, 0.0 ], [ -70.655996, -33.47003, 0.0 ], [ -70.655996, -33.470031, 0.0 ], [ -70.655941, -33.470086, 0.0 ], [ -70.655879, -33.470118, 0.0 ], [ -70.655848, -33.470134, 0.0 ], [ -70.655788, -33.470169, 0.0 ], [ -70.655737, -33.470199, 0.0 ], [ -70.655579, -33.470256, 0.0 ], [ -70.655557, -33.470264, 0.0 ], [ -70.6552, -33.470422, 0.0 ], [ -70.655097, -33.470451, 0.0 ], [ -70.654997, -33.47047, 0.0 ], [ -70.654989, -33.47047, 0.0 ], [ -70.654646, -33.470456, 0.0 ], [ -70.654641, -33.470456, 0.0 ], [ -70.654641, -33.470455, 0.0 ], [ -70.654592, -33.470415, 0.0 ], [ -70.654586, -33.47041, 0.0 ], [ -70.654514, -33.470428, 0.0 ], [ -70.654512, -33.470429, 0.0 ], [ -70.653949, -33.470368, 0.0 ], [ -70.653498, -33.47032, 0.0 ], [ -70.653383, -33.470307, 0.0 ], [ -70.653376, -33.470307, 0.0 ], [ -70.653332, -33.470305, 0.0 ], [ -70.653291, -33.470302, 0.0 ], [ -70.653241, -33.470299, 0.0 ], [ -70.652683, -33.470237, 0.0 ], [ -70.652341, -33.470198, 0.0 ], [ -70.652202, -33.470183, 0.0 ], [ -70.652171, -33.470184, 0.0 ], [ -70.652143, -33.470185, 0.0 ], [ -70.652136, -33.470185, 0.0 ], [ -70.652099, -33.470186, 0.0 ], [ -70.651841, -33.470154, 0.0 ], [ -70.651258, -33.470081, 0.0 ], [ -70.651206, -33.470076, 0.0 ], [ -70.651193, -33.470075, 0.0 ], [ -70.651078, -33.470062, 0.0 ], [ -70.650176, -33.469965, 0.0 ], [ -70.6501, -33.469957, 0.0 ], [ -70.649985, -33.469946, 0.0 ], [ -70.649299, -33.469874, 0.0 ], [ -70.649277, -33.469871, 0.0 ], [ -70.649234, -33.469867, 0.0 ], [ -70.649218, -33.469865, 0.0 ], [ -70.648629, -33.4698, 0.0 ], [ -70.648562, -33.469792, 0.0 ], [ -70.648541, -33.46979, 0.0 ], [ -70.648534, -33.469789, 0.0 ] ] ] }, { "type": "LineString", "coordinates": [ [ -70.649126, -33.459583, 0.0 ], [ -70.649126, -33.459582, 0.0 ] ] } ] } },
{ "type": "Feature", "properties": { "BARRIO": "MATTA SUR", "ÁREA": 37.0, "Shape_Leng": 4275.3110898300001, "Shape_Area": 818393.93551400001 }, "geometry": { "type": "GeometryCollection", "geometries": [ { "type": "Polygon", "coordinates": [ [ [ -70.64737, -33.459299, 0.0 ], [ -70.647906, -33.459413, 0.0 ], [ -70.648226, -33.459481, 0.0 ], [ -70.648968, -33.459638, 0.0 ], [ -70.649125, -33.459582, 0.0 ], [ -70.649126, -33.459582, 0.0 ], [ -70.649126, -33.459583, 0.0 ], [ -70.649088, -33.460151, 0.0 ], [ -70.649088, -33.460152, 0.0 ], [ -70.649067, -33.46053, 0.0 ], [ -70.649067, -33.460531, 0.0 ], [ -70.649055, -33.460715, 0.0 ], [ -70.649028, -33.461152, 0.0 ], [ -70.649028, -33.461153, 0.0 ], [ -70.648986, -33.461897, 0.0 ], [ -70.648954, -33.462461, 0.0 ], [ -70.648953, -33.462462, 0.0 ], [ -70.648951, -33.462501, 0.0 ], [ -70.648887, -33.463652, 0.0 ], [ -70.648888, -33.463725, 0.0 ], [ -70.648772, -33.463717, 0.0 ], [ -70.647706, -33.463605, 0.0 ], [ -70.64751, -33.463589, 0.0 ], [ -70.647509, -33.463589, 0.0 ], [ -70.647142, -33.463558, 0.0 ], [ -70.647064, -33.463551, 0.0 ], [ -70.646992, -33.463542, 0.0 ], [ -70.64587, -33.463422, 0.0 ], [ -70.645869, -33.463422, 0.0 ], [ -70.645775, -33.463405, 0.0 ], [ -70.645453, -33.463377, 0.0 ], [ -70.645125, -33.463348, 0.0 ], [ -70.644699, -33.46331, 0.0 ], [ -70.644698, -33.46331, 0.0 ], [ -70.644311, -33.463269, 0.0 ], [ -70.643991, -33.463236, 0.0 ], [ -70.643794, -33.463215, 0.0 ], [ -70.643277, -33.463159, 0.0 ], [ -70.642682, -33.463095, 0.0 ], [ -70.642681, -33.463095, 0.0 ], [ -70.641642, -33.462991, 0.0 ], [ -70.641231, -33.462943, 0.0 ], [ -70.64123, -33.462943, 0.0 ], [ -70.640973, -33.462916, 0.0 ], [ -70.640932, -33.462911, 0.0 ], [ -70.640896, -33.462908, 0.0 ], [ -70.640625, -33.462878, 0.0 ], [ -70.640464, -33.462862, 0.0 ], [ -70.640308, -33.462846, 0.0 ], [ -70.640115, -33.462826, 0.0 ], [ -70.639984, -33.462812, 0.0 ], [ -70.639942, -33.462806, 0.0 ], [ -70.63988, -33.462798, 0.0 ], [ -70.639226, -33.462689, 0.0 ], [ -70.638663, -33.462588, 0.0 ], [ -70.638291, -33.462521, 0.0 ], [ -70.638216, -33.462504, 0.0 ], [ -70.636974, -33.462277, 0.0 ], [ -70.636344, -33.46215, 0.0 ], [ -70.635711, -33.462032, 0.0 ], [ -70.63499, -33.461907, 0.0 ], [ -70.634405, -33.461788, 0.0 ], [ -70.633803, -33.461678, 0.0 ], [ -70.633672, -33.461652, 0.0 ], [ -70.633641, -33.461646, 0.0 ], [ -70.633329, -33.461591, 0.0 ], [ -70.63319, -33.461566, 0.0 ], [ -70.633049, -33.461541, 0.0 ], [ -70.633012, -33.461534, 0.0 ], [ -70.633006, -33.461533, 0.0 ], [ -70.6326, -33.461459, 0.0 ], [ -70.632599, -33.461459, 0.0 ], [ -70.631977, -33.461345, 0.0 ], [ -70.631976, -33.461345, 0.0 ], [ -70.631977, -33.461343, 0.0 ], [ -70.632096, -33.460895, 0.0 ], [ -70.632115, -33.460826, 0.0 ], [ -70.632153, -33.460682, 0.0 ], [ -70.6325, -33.459396, 0.0 ], [ -70.632507, -33.459371, 0.0 ], [ -70.632567, -33.459145, 0.0 ], [ -70.632733, -33.458526, 0.0 ], [ -70.632825, -33.458162, 0.0 ], [ -70.632863, -33.458012, 0.0 ], [ -70.633296, -33.456419, 0.0 ], [ -70.633275, -33.456222, 0.0 ], [ -70.633275, -33.456221, 0.0 ], [ -70.633369, -33.456355, 0.0 ], [ -70.633933, -33.456474, 0.0 ], [ -70.634218, -33.456524, 0.0 ], [ -70.634325, -33.456451, 0.0 ], [ -70.634405, -33.456576, 0.0 ], [ -70.634636, -33.456627, 0.0 ], [ -70.635221, -33.456745, 0.0 ], [ -70.635704, -33.456847, 0.0 ], [ -70.635731, -33.456823, 0.0 ], [ -70.635816, -33.45675, 0.0 ], [ -70.635865, -33.456846, 0.0 ], [ -70.635882, -33.456881, 0.0 ], [ -70.63643, -33.456991, 0.0 ], [ -70.636806, -33.457067, 0.0 ], [ -70.636944, -33.457011, 0.0 ], [ -70.636945, -33.457011, 0.0 ], [ -70.636945, -33.457012, 0.0 ], [ -70.637059, -33.457118, 0.0 ], [ -70.637684, -33.457256, 0.0 ], [ -70.637867, -33.457296, 0.0 ], [ -70.639406, -33.457628, 0.0 ], [ -70.639452, -33.457596, 0.0 ], [ -70.639528, -33.457543, 0.0 ], [ -70.639596, -33.457624, 0.0 ], [ -70.639643, -33.457679, 0.0 ], [ -70.640493, -33.457866, 0.0 ], [ -70.640645, -33.457895, 0.0 ], [ -70.640757, -33.457917, 0.0 ], [ -70.640892, -33.457828, 0.0 ], [ -70.640893, -33.45783, 0.0 ], [ -70.640909, -33.457902, 0.0 ], [ -70.64092, -33.457953, 0.0 ], [ -70.641056, -33.457982, 0.0 ], [ -70.64115, -33.458001, 0.0 ], [ -70.641978, -33.458176, 0.0 ], [ -70.642099, -33.458084, 0.0 ], [ -70.6421, -33.458083, 0.0 ], [ -70.6421, -33.458084, 0.0 ], [ -70.642181, -33.458204, 0.0 ], [ -70.643116, -33.458403, 0.0 ], [ -70.643139, -33.458408, 0.0 ], [ -70.643154, -33.458401, 0.0 ], [ -70.643263, -33.458354, 0.0 ], [ -70.643268, -33.458352, 0.0 ], [ -70.643269, -33.458351, 0.0 ], [ -70.643321, -33.458419, 0.0 ], [ -70.643359, -33.458467, 0.0 ], [ -70.64359, -33.458515, 0.0 ], [ -70.643858, -33.458569, 0.0 ], [ -70.644374, -33.45868, 0.0 ], [ -70.644943, -33.458802, 0.0 ], [ -70.645187, -33.458861, 0.0 ], [ -70.645322, -33.458771, 0.0 ], [ -70.645323, -33.458772, 0.0 ], [ -70.645377, -33.458844, 0.0 ], [ -70.645425, -33.458908, 0.0 ], [ -70.64569, -33.458958, 0.0 ], [ -70.64592, -33.459002, 0.0 ], [ -70.646053, -33.459028, 0.0 ], [ -70.646128, -33.459, 0.0 ], [ -70.646203, -33.458936, 0.0 ], [ -70.646204, -33.458936, 0.0 ], [ -70.64623, -33.459025, 0.0 ], [ -70.64628, -33.45907, 0.0 ], [ -70.646453, -33.459106, 0.0 ], [ -70.646588, -33.459135, 0.0 ], [ -70.646822, -33.459184, 0.0 ], [ -70.647123, -33.459248, 0.0 ], [ -70.647196, -33.459238, 0.0 ], [ -70.647268, -33.459174, 0.0 ], [ -70.647269, -33.459174, 0.0 ], [ -70.647269, -33.459175, 0.0 ], [ -70.647308, -33.459264, 0.0 ], [ -70.64737, -33.459299, 0.0 ] ] ] }, { "type": "LineString", "coordinates": [ [ -70.634325, -33.456451, 0.0 ], [ -70.634325, -33.45645, 0.0 ] ] } ] } },
{ "type": "Feature", "properties": { "BARRIO": "BOGOTÁ", "ÁREA": 25.0, "Shape_Leng": 4715.7125628200001, "Shape_Area": 1129752.68857 }, "geometry": { "type": "Polygon", "coordinates": [ [ [ -70.648609, -33.468773, 0.0 ], [ -70.648591, -33.469037, 0.0 ], [ -70.648587, -33.469097, 0.0 ], [ -70.648546, -33.469729, 0.0 ], [ -70.648541, -33.46979, 0.0 ], [ -70.648534, -33.469789, 0.0 ], [ -70.648531, -33.469789, 0.0 ], [ -70.648496, -33.469785, 0.0 ], [ -70.648428, -33.469777, 0.0 ], [ -70.647844, -33.469717, 0.0 ], [ -70.647784, -33.46971, 0.0 ], [ -70.647744, -33.469706, 0.0 ], [ -70.647269, -33.469657, 0.0 ], [ -70.64686, -33.469614, 0.0 ], [ -70.646845, -33.469612, 0.0 ], [ -70.646795, -33.469607, 0.0 ], [ -70.646794, -33.469607, 0.0 ], [ -70.646752, -33.469602, 0.0 ], [ -70.646751, -33.469602, 0.0 ], [ -70.646681, -33.469593, 0.0 ], [ -70.64603, -33.469523, 0.0 ], [ -70.64602, -33.469522, 0.0 ], [ -70.645462, -33.469463, 0.0 ], [ -70.645433, -33.46946, 0.0 ], [ -70.645433, -33.46946, 0.0 ], [ -70.645396, -33.469456, 0.0 ], [ -70.645395, -33.469456, 0.0 ], [ -70.645281, -33.469445, 0.0 ], [ -70.645169, -33.469433, 0.0 ], [ -70.644774, -33.46939, 0.0 ], [ -70.644773, -33.46939, 0.0 ], [ -70.644041, -33.46931, 0.0 ], [ -70.644027, -33.469307, 0.0 ], [ -70.643976, -33.469298, 0.0 ], [ -70.643976, -33.469298, 0.0 ], [ -70.643625, -33.469263, 0.0 ], [ -70.643495, -33.469249, 0.0 ], [ -70.643443, -33.469244, 0.0 ], [ -70.643277, -33.469227, 0.0 ], [ -70.642268, -33.469124, 0.0 ], [ -70.642192, -33.469116, 0.0 ], [ -70.641935, -33.469088, 0.0 ], [ -70.641841, -33.469078, 0.0 ], [ -70.641084, -33.468996, 0.0 ], [ -70.641084, -33.468996, 0.0 ], [ -70.640894, -33.468971, 0.0 ], [ -70.639674, -33.468843, 0.0 ], [ -70.639674, -33.468843, 0.0 ], [ -70.638883, -33.468754, 0.0 ], [ -70.638883, -33.468754, 0.0 ], [ -70.638317, -33.468691, 0.0 ], [ -70.637648, -33.468617, 0.0 ], [ -70.637648, -33.468617, 0.0 ], [ -70.637142, -33.468561, 0.0 ], [ -70.637142, -33.468561, 0.0 ], [ -70.636981, -33.468541, 0.0 ], [ -70.636623, -33.468496, 0.0 ], [ -70.636622, -33.468496, 0.0 ], [ -70.635975, -33.468432, 0.0 ], [ -70.635975, -33.468432, 0.0 ], [ -70.63533, -33.468359, 0.0 ], [ -70.63533, -33.468359, 0.0 ], [ -70.634687, -33.468287, 0.0 ], [ -70.634687, -33.468287, 0.0 ], [ -70.634033, -33.468214, 0.0 ], [ -70.634032, -33.468214, 0.0 ], [ -70.633287, -33.468134, 0.0 ], [ -70.633286, -33.468134, 0.0 ], [ -70.632685, -33.46806, 0.0 ], [ -70.632684, -33.46806, 0.0 ], [ -70.632082, -33.467996, 0.0 ], [ -70.632082, -33.467996, 0.0 ], [ -70.631501, -33.467927, 0.0 ], [ -70.631469, -33.467923, 0.0 ], [ -70.631468, -33.467923, 0.0 ], [ -70.631005, -33.467871, 0.0 ], [ -70.630991, -33.46787, 0.0 ], [ -70.630877, -33.467857, 0.0 ], [ -70.630877, -33.467857, 0.0 ], [ -70.630568, -33.467822, 0.0 ], [ -70.630456, -33.467809, 0.0 ], [ -70.630288, -33.46779, 0.0 ], [ -70.630253, -33.467786, 0.0 ], [ -70.630253, -33.467786, 0.0 ], [ -70.63042, -33.467168, 0.0 ], [ -70.630598, -33.466511, 0.0 ], [ -70.630598, -33.466511, 0.0 ], [ -70.630684, -33.46619, 0.0 ], [ -70.630899, -33.465391, 0.0 ], [ -70.630899, -33.465388, 0.0 ], [ -70.630929, -33.465276, 0.0 ], [ -70.630955, -33.465179, 0.0 ], [ -70.631156, -33.464424, 0.0 ], [ -70.631307, -33.463856, 0.0 ], [ -70.631382, -33.463578, 0.0 ], [ -70.631578, -33.462838, 0.0 ], [ -70.631639, -33.46261, 0.0 ], [ -70.631639, -33.462609, 0.0 ], [ -70.631712, -33.462336, 0.0 ], [ -70.631976, -33.461345, 0.0 ], [ -70.631977, -33.461345, 0.0 ], [ -70.632599, -33.461459, 0.0 ], [ -70.6326, -33.461459, 0.0 ], [ -70.633006, -33.461533, 0.0 ], [ -70.633012, -33.461534, 0.0 ], [ -70.633049, -33.461541, 0.0 ], [ -70.63319, -33.461566, 0.0 ], [ -70.63319, -33.461566, 0.0 ], [ -70.633329, -33.461591, 0.0 ], [ -70.633641, -33.461646, 0.0 ], [ -70.633672, -33.461652, 0.0 ], [ -70.633803, -33.461678, 0.0 ], [ -70.633803, -33.461678, 0.0 ], [ -70.634405, -33.461788, 0.0 ], [ -70.634405, -33.461788, 0.0 ], [ -70.63499, -33.461907, 0.0 ], [ -70.63499, -33.461907, 0.0 ], [ -70.635711, -33.462032, 0.0 ], [ -70.635711, -33.462032, 0.0 ], [ -70.636344, -33.46215, 0.0 ], [ -70.636344, -33.46215, 0.0 ], [ -70.636974, -33.462277, 0.0 ], [ -70.636974, -33.462277, 0.0 ], [ -70.638216, -33.462504, 0.0 ], [ -70.638216, -33.462504, 0.0 ], [ -70.638291, -33.462521, 0.0 ], [ -70.638663, -33.462588, 0.0 ], [ -70.639226, -33.462689, 0.0 ], [ -70.639226, -33.462689, 0.0 ], [ -70.63988, -33.462798, 0.0 ], [ -70.639942, -33.462806, 0.0 ], [ -70.639984, -33.462812, 0.0 ], [ -70.640115, -33.462826, 0.0 ], [ -70.640308, -33.462846, 0.0 ], [ -70.640308, -33.462846, 0.0 ], [ -70.640464, -33.462862, 0.0 ], [ -70.640625, -33.462878, 0.0 ], [ -70.640625, -33.462878, 0.0 ], [ -70.640896, -33.462908, 0.0 ], [ -70.640932, -33.462911, 0.0 ], [ -70.640973, -33.462916, 0.0 ], [ -70.64123, -33.462943, 0.0 ], [ -70.641231, -33.462943, 0.0 ], [ -70.641642, -33.462991, 0.0 ], [ -70.642681, -33.463095, 0.0 ], [ -70.642682, -33.463095, 0.0 ], [ -70.643277, -33.463159, 0.0 ], [ -70.643277, -33.463159, 0.0 ], [ -70.643794, -33.463215, 0.0 ], [ -70.643794, -33.463215, 0.0 ], [ -70.643991, -33.463236, 0.0 ], [ -70.644311, -33.463269, 0.0 ], [ -70.644698, -33.46331, 0.0 ], [ -70.644699, -33.46331, 0.0 ], [ -70.645125, -33.463348, 0.0 ], [ -70.645453, -33.463377, 0.0 ], [ -70.645775, -33.463405, 0.0 ], [ -70.645869, -33.463422, 0.0 ], [ -70.64587, -33.463422, 0.0 ], [ -70.646992, -33.463542, 0.0 ], [ -70.647064, -33.463551, 0.0 ], [ -70.647064, -33.463551, 0.0 ], [ -70.647142, -33.463558, 0.0 ], [ -70.647509, -33.463589, 0.0 ], [ -70.64751, -33.463589, 0.0 ], [ -70.647706, -33.463605, 0.0 ], [ -70.648772, -33.463717, 0.0 ], [ -70.648888, -33.463725, 0.0 ], [ -70.648888, -33.463725, 0.0 ], [ -70.648888, -33.463726, 0.0 ], [ -70.648886, -33.463815, 0.0 ], [ -70.648886, -33.463816, 0.0 ], [ -70.648861, -33.464221, 0.0 ], [ -70.648861, -33.464222, 0.0 ], [ -70.648821, -33.46501, 0.0 ], [ -70.648821, -33.465012, 0.0 ], [ -70.648792, -33.465502, 0.0 ], [ -70.648791, -33.465503, 0.0 ], [ -70.648778, -33.465781, 0.0 ], [ -70.64876, -33.466134, 0.0 ], [ -70.64876, -33.466135, 0.0 ], [ -70.648727, -33.46673, 0.0 ], [ -70.648727, -33.466731, 0.0 ], [ -70.648693, -33.467186, 0.0 ], [ -70.64868, -33.467371, 0.0 ], [ -70.64868, -33.467372, 0.0 ], [ -70.648619, -33.468616, 0.0 ], [ -70.648619, -33.468617, 0.0 ], [ -70.648609, -33.468773, 0.0 ] ] ] } },
{ "type": "Feature", "properties": { "BARRIO": "SANTA ELENA", "ÁREA": 36.0, "Shape_Leng": 3360.58513378, "Shape_Area": 454117.81003400002 }, "geometry": { "type": "Polygon", "coordinates": [ [ [ -70.629841, -33.455655, 0.0 ], [ -70.629917, -33.455615, 0.0 ], [ -70.630588, -33.455757, 0.0 ], [ -70.631163, -33.455878, 0.0 ], [ -70.631288, -33.455796, 0.0 ], [ -70.631289, -33.455796, 0.0 ], [ -70.631289, -33.455796, 0.0 ], [ -70.631289, -33.455797, 0.0 ], [ -70.631368, -33.455921, 0.0 ], [ -70.631534, -33.455955, 0.0 ], [ -70.632028, -33.456056, 0.0 ], [ -70.632031, -33.456057, 0.0 ], [ -70.632109, -33.456008, 0.0 ], [ -70.632134, -33.455992, 0.0 ], [ -70.632134, -33.455992, 0.0 ], [ -70.632134, -33.455992, 0.0 ], [ -70.632135, -33.455993, 0.0 ], [ -70.632136, -33.455995, 0.0 ], [ -70.632176, -33.456091, 0.0 ], [ -70.632378, -33.45614, 0.0 ], [ -70.632708, -33.456219, 0.0 ], [ -70.633144, -33.456295, 0.0 ], [ -70.633274, -33.456221, 0.0 ], [ -70.633275, -33.456221, 0.0 ], [ -70.633275, -33.456221, 0.0 ], [ -70.633275, -33.456222, 0.0 ], [ -70.633275, -33.456222, 0.0 ], [ -70.633296, -33.456419, 0.0 ], [ -70.633296, -33.456419, 0.0 ], [ -70.632863, -33.458012, 0.0 ], [ -70.632825, -33.458162, 0.0 ], [ -70.632733, -33.458526, 0.0 ], [ -70.632567, -33.459145, 0.0 ], [ -70.632507, -33.459371, 0.0 ], [ -70.6325, -33.459396, 0.0 ], [ -70.632153, -33.460682, 0.0 ], [ -70.632153, -33.460682, 0.0 ], [ -70.632115, -33.460826, 0.0 ], [ -70.632096, -33.460895, 0.0 ], [ -70.631977, -33.461343, 0.0 ], [ -70.631976, -33.461345, 0.0 ], [ -70.631712, -33.462336, 0.0 ], [ -70.631639, -33.462609, 0.0 ], [ -70.631639, -33.46261, 0.0 ], [ -70.631578, -33.462838, 0.0 ], [ -70.631382, -33.463578, 0.0 ], [ -70.631307, -33.463856, 0.0 ], [ -70.631156, -33.464424, 0.0 ], [ -70.630955, -33.465179, 0.0 ], [ -70.630929, -33.465276, 0.0 ], [ -70.630899, -33.465388, 0.0 ], [ -70.630899, -33.465391, 0.0 ], [ -70.630684, -33.46619, 0.0 ], [ -70.630598, -33.466511, 0.0 ], [ -70.630598, -33.466511, 0.0 ], [ -70.63042, -33.467168, 0.0 ], [ -70.630253, -33.467786, 0.0 ], [ -70.629857, -33.467741, 0.0 ], [ -70.629557, -33.467706, 0.0 ], [ -70.629547, -33.467706, 0.0 ], [ -70.629513, -33.467704, 0.0 ], [ -70.629512, -33.467704, 0.0 ], [ -70.629442, -33.4677, 0.0 ], [ -70.629412, -33.467698, 0.0 ], [ -70.629265, -33.467681, 0.0 ], [ -70.629154, -33.467669, 0.0 ], [ -70.629084, -33.467661, 0.0 ], [ -70.629084, -33.467661, 0.0 ], [ -70.627879, -33.467527, 0.0 ], [ -70.627869, -33.467525, 0.0 ], [ -70.627862, -33.467525, 0.0 ], [ -70.627862, -33.467525, 0.0 ], [ -70.627547, -33.467494, 0.0 ], [ -70.627509, -33.46749, 0.0 ], [ -70.626822, -33.467422, 0.0 ], [ -70.626461, -33.467387, 0.0 ], [ -70.626461, -33.467387, 0.0 ], [ -70.62646, -33.467387, 0.0 ], [ -70.626461, -33.467386, 0.0 ], [ -70.626476, -33.467335, 0.0 ], [ -70.626555, -33.467062, 0.0 ], [ -70.626557, -33.467054, 0.0 ], [ -70.626786, -33.466242, 0.0 ], [ -70.626875, -33.46593, 0.0 ], [ -70.627171, -33.464897, 0.0 ], [ -70.627188, -33.464837, 0.0 ], [ -70.627302, -33.464436, 0.0 ], [ -70.627503, -33.463741, 0.0 ], [ -70.627544, -33.463599, 0.0 ], [ -70.627619, -33.463341, 0.0 ], [ -70.62764, -33.463267, 0.0 ], [ -70.627685, -33.463113, 0.0 ], [ -70.627723, -33.462982, 0.0 ], [ -70.627892, -33.4624, 0.0 ], [ -70.627892, -33.462399, 0.0 ], [ -70.627953, -33.46219, 0.0 ], [ -70.627961, -33.46216, 0.0 ], [ -70.628051, -33.461844, 0.0 ], [ -70.628052, -33.461843, 0.0 ], [ -70.628307, -33.460945, 0.0 ], [ -70.628317, -33.460909, 0.0 ], [ -70.628395, -33.460639, 0.0 ], [ -70.628571, -33.460018, 0.0 ], [ -70.628589, -33.459955, 0.0 ], [ -70.628598, -33.459923, 0.0 ], [ -70.628799, -33.459237, 0.0 ], [ -70.628995, -33.458563, 0.0 ], [ -70.629091, -33.458235, 0.0 ], [ -70.629111, -33.458166, 0.0 ], [ -70.629152, -33.458024, 0.0 ], [ -70.62921, -33.457824, 0.0 ], [ -70.629221, -33.457789, 0.0 ], [ -70.629231, -33.457752, 0.0 ], [ -70.629368, -33.457283, 0.0 ], [ -70.62944, -33.457037, 0.0 ], [ -70.62949, -33.456865, 0.0 ], [ -70.62957, -33.456592, 0.0 ], [ -70.629637, -33.456362, 0.0 ], [ -70.629811, -33.455752, 0.0 ], [ -70.629841, -33.455655, 0.0 ] ] ] } },
{ "type": "Feature", "properties": { "BARRIO": "SANTA ANA", "ÁREA": 33.0, "Shape_Leng": 4782.5264806799996, "Shape_Area": 662776.67212500004 }, "geometry": { "type": "GeometryCollection", "geometries": [ { "type": "Polygon", "coordinates": [ [ [ -70.660387, -33.437195, 0.0 ], [ -70.660313, -33.437725, 0.0 ], [ -70.660289, -33.437898, 0.0 ], [ -70.660245, -33.438285, 0.0 ], [ -70.66024, -33.438331, 0.0 ], [ -70.660239, -33.438332, 0.0 ], [ -70.660239, -33.438339, 0.0 ], [ -70.660234, -33.438375, 0.0 ], [ -70.660181, -33.438759, 0.0 ], [ -70.660171, -33.438837, 0.0 ], [ -70.660124, -33.439202, 0.0 ], [ -70.660107, -33.439334, 0.0 ], [ -70.660094, -33.439429, 0.0 ], [ -70.660094, -33.43943, 0.0 ], [ -70.660092, -33.439462, 0.0 ], [ -70.660086, -33.439541, 0.0 ], [ -70.660086, -33.439542, 0.0 ], [ -70.66009, -33.43964, 0.0 ], [ -70.660103, -33.439924, 0.0 ], [ -70.660103, -33.439925, 0.0 ], [ -70.660113, -33.440017, 0.0 ], [ -70.660136, -33.44021, 0.0 ], [ -70.660144, -33.440263, 0.0 ], [ -70.660157, -33.440343, 0.0 ], [ -70.66019, -33.440505, 0.0 ], [ -70.660198, -33.440545, 0.0 ], [ -70.660201, -33.440556, 0.0 ], [ -70.660204, -33.440572, 0.0 ], [ -70.660206, -33.440582, 0.0 ], [ -70.660211, -33.440609, 0.0 ], [ -70.660218, -33.440642, 0.0 ], [ -70.660251, -33.440825, 0.0 ], [ -70.660293, -33.441058, 0.0 ], [ -70.660299, -33.441093, 0.0 ], [ -70.660306, -33.441133, 0.0 ], [ -70.660366, -33.441444, 0.0 ], [ -70.660389, -33.441562, 0.0 ], [ -70.660396, -33.441613, 0.0 ], [ -70.6604, -33.441644, 0.0 ], [ -70.660404, -33.44167, 0.0 ], [ -70.660415, -33.441747, 0.0 ], [ -70.66042, -33.441783, 0.0 ], [ -70.660433, -33.441838, 0.0 ], [ -70.660449, -33.441911, 0.0 ], [ -70.66045, -33.441913, 0.0 ], [ -70.660717, -33.442933, 0.0 ], [ -70.660717, -33.442934, 0.0 ], [ -70.660719, -33.442942, 0.0 ], [ -70.660723, -33.442958, 0.0 ], [ -70.660744, -33.443071, 0.0 ], [ -70.660774, -33.443231, 0.0 ], [ -70.660785, -33.443308, 0.0 ], [ -70.660798, -33.443395, 0.0 ], [ -70.660844, -33.443524, 0.0 ], [ -70.660878, -33.443623, 0.0 ], [ -70.660913, -33.44377, 0.0 ], [ -70.660991, -33.444059, 0.0 ], [ -70.660998, -33.444179, 0.0 ], [ -70.661, -33.444209, 0.0 ], [ -70.661, -33.44421, 0.0 ], [ -70.660996, -33.444278, 0.0 ], [ -70.66099, -33.444365, 0.0 ], [ -70.660987, -33.444396, 0.0 ], [ -70.660971, -33.444549, 0.0 ], [ -70.66096, -33.444599, 0.0 ], [ -70.66085, -33.445118, 0.0 ], [ -70.660837, -33.445175, 0.0 ], [ -70.660662, -33.445942, 0.0 ], [ -70.660661, -33.445945, 0.0 ], [ -70.660661, -33.445947, 0.0 ], [ -70.660661, -33.44595, 0.0 ], [ -70.660604, -33.446518, 0.0 ], [ -70.660572, -33.446511, 0.0 ], [ -70.660505, -33.446495, 0.0 ], [ -70.660381, -33.446466, 0.0 ], [ -70.660295, -33.446448, 0.0 ], [ -70.660188, -33.446424, 0.0 ], [ -70.660088, -33.446402, 0.0 ], [ -70.65991, -33.446362, 0.0 ], [ -70.658428, -33.44603, 0.0 ], [ -70.658427, -33.44603, 0.0 ], [ -70.657302, -33.445747, 0.0 ], [ -70.656956, -33.445661, 0.0 ], [ -70.656652, -33.445584, 0.0 ], [ -70.655434, -33.445279, 0.0 ], [ -70.655434, -33.445277, 0.0 ], [ -70.655565, -33.444893, 0.0 ], [ -70.655604, -33.444779, 0.0 ], [ -70.655605, -33.444777, 0.0 ], [ -70.655605, -33.444774, 0.0 ], [ -70.655645, -33.444662, 0.0 ], [ -70.655662, -33.444615, 0.0 ], [ -70.655682, -33.444513, 0.0 ], [ -70.655772, -33.444055, 0.0 ], [ -70.655772, -33.444052, 0.0 ], [ -70.655793, -33.443949, 0.0 ], [ -70.655846, -33.443677, 0.0 ], [ -70.655866, -33.443576, 0.0 ], [ -70.655866, -33.443575, 0.0 ], [ -70.655912, -33.443363, 0.0 ], [ -70.655929, -33.443286, 0.0 ], [ -70.656107, -33.442463, 0.0 ], [ -70.65618, -33.442113, 0.0 ], [ -70.656227, -33.441885, 0.0 ], [ -70.656227, -33.441884, 0.0 ], [ -70.656239, -33.441834, 0.0 ], [ -70.656358, -33.441315, 0.0 ], [ -70.656358, -33.441314, 0.0 ], [ -70.656571, -33.440265, 0.0 ], [ -70.656588, -33.440202, 0.0 ], [ -70.656597, -33.440139, 0.0 ], [ -70.656614, -33.44002, 0.0 ], [ -70.656627, -33.439926, 0.0 ], [ -70.656636, -33.439861, 0.0 ], [ -70.656727, -33.439217, 0.0 ], [ -70.656747, -33.439073, 0.0 ], [ -70.656747, -33.439072, 0.0 ], [ -70.656882, -33.437962, 0.0 ], [ -70.656882, -33.437961, 0.0 ], [ -70.656893, -33.437867, 0.0 ], [ -70.656941, -33.437467, 0.0 ], [ -70.657003, -33.436951, 0.0 ], [ -70.657018, -33.436833, 0.0 ], [ -70.657018, -33.436832, 0.0 ], [ -70.65704, -33.436662, 0.0 ], [ -70.657106, -33.43616, 0.0 ], [ -70.657166, -33.435709, 0.0 ], [ -70.657166, -33.435708, 0.0 ], [ -70.657215, -33.435376, 0.0 ], [ -70.657305, -33.434768, 0.0 ], [ -70.65734, -33.434528, 0.0 ], [ -70.657332, -33.434475, 0.0 ], [ -70.657332, -33.434474, 0.0 ], [ -70.657333, -33.434464, 0.0 ], [ -70.657355, -33.434227, 0.0 ], [ -70.657356, -33.434217, 0.0 ], [ -70.657408, -33.433664, 0.0 ], [ -70.657416, -33.433585, 0.0 ], [ -70.657417, -33.433575, 0.0 ], [ -70.657419, -33.433553, 0.0 ], [ -70.657432, -33.433437, 0.0 ], [ -70.657454, -33.433257, 0.0 ], [ -70.657454, -33.433256, 0.0 ], [ -70.65745, -33.433185, 0.0 ], [ -70.657448, -33.433156, 0.0 ], [ -70.657452, -33.433066, 0.0 ], [ -70.657456, -33.432992, 0.0 ], [ -70.657477, -33.432561, 0.0 ], [ -70.657477, -33.43256, 0.0 ], [ -70.657503, -33.432229, 0.0 ], [ -70.657516, -33.432119, 0.0 ], [ -70.657543, -33.431894, 0.0 ], [ -70.657545, -33.431158, 0.0 ], [ -70.657546, -33.430783, 0.0 ], [ -70.657546, -33.430554, 0.0 ], [ -70.657578, -33.430547, 0.0 ], [ -70.657629, -33.430535, 0.0 ], [ -70.657671, -33.430525, 0.0 ], [ -70.657734, -33.430511, 0.0 ], [ -70.657784, -33.430499, 0.0 ], [ -70.65782, -33.430491, 0.0 ], [ -70.657835, -33.430487, 0.0 ], [ -70.657889, -33.430475, 0.0 ], [ -70.657916, -33.430468, 0.0 ], [ -70.657931, -33.430465, 0.0 ], [ -70.657983, -33.430453, 0.0 ], [ -70.658031, -33.430442, 0.0 ], [ -70.65807, -33.430433, 0.0 ], [ -70.658135, -33.430417, 0.0 ], [ -70.658148, -33.430414, 0.0 ], [ -70.65815, -33.430414, 0.0 ], [ -70.658215, -33.430399, 0.0 ], [ -70.658226, -33.430396, 0.0 ], [ -70.658251, -33.43039, 0.0 ], [ -70.658335, -33.430371, 0.0 ], [ -70.658341, -33.430369, 0.0 ], [ -70.658343, -33.430369, 0.0 ], [ -70.658354, -33.430366, 0.0 ], [ -70.658435, -33.430348, 0.0 ], [ -70.658436, -33.430347, 0.0 ], [ -70.658444, -33.430345, 0.0 ], [ -70.65851, -33.43033, 0.0 ], [ -70.658528, -33.430326, 0.0 ], [ -70.658572, -33.430316, 0.0 ], [ -70.658575, -33.430315, 0.0 ], [ -70.658605, -33.430308, 0.0 ], [ -70.658609, -33.430307, 0.0 ], [ -70.658671, -33.430293, 0.0 ], [ -70.658674, -33.430292, 0.0 ], [ -70.658754, -33.430273, 0.0 ], [ -70.658758, -33.430272, 0.0 ], [ -70.658826, -33.430257, 0.0 ], [ -70.658834, -33.430255, 0.0 ], [ -70.658847, -33.430252, 0.0 ], [ -70.658911, -33.430237, 0.0 ], [ -70.658936, -33.430231, 0.0 ], [ -70.658971, -33.430222, 0.0 ], [ -70.658996, -33.430216, 0.0 ], [ -70.659015, -33.430212, 0.0 ], [ -70.659016, -33.430212, 0.0 ], [ -70.659022, -33.43021, 0.0 ], [ -70.659066, -33.4302, 0.0 ], [ -70.659071, -33.430199, 0.0 ], [ -70.659086, -33.430195, 0.0 ], [ -70.659126, -33.430186, 0.0 ], [ -70.659152, -33.430179, 0.0 ], [ -70.659157, -33.430178, 0.0 ], [ -70.659204, -33.430167, 0.0 ], [ -70.659271, -33.430151, 0.0 ], [ -70.659329, -33.430138, 0.0 ], [ -70.659344, -33.430134, 0.0 ], [ -70.659384, -33.430125, 0.0 ], [ -70.6594, -33.430121, 0.0 ], [ -70.659452, -33.430108, 0.0 ], [ -70.659469, -33.430104, 0.0 ], [ -70.659476, -33.430103, 0.0 ], [ -70.659522, -33.430092, 0.0 ], [ -70.659612, -33.430071, 0.0 ], [ -70.659642, -33.430064, 0.0 ], [ -70.659645, -33.430063, 0.0 ], [ -70.659667, -33.430058, 0.0 ], [ -70.659675, -33.430055, 0.0 ], [ -70.659697, -33.430047, 0.0 ], [ -70.659708, -33.430043, 0.0 ], [ -70.659716, -33.43004, 0.0 ], [ -70.659725, -33.430037, 0.0 ], [ -70.659737, -33.430033, 0.0 ], [ -70.659762, -33.430024, 0.0 ], [ -70.659782, -33.430017, 0.0 ], [ -70.659794, -33.430012, 0.0 ], [ -70.659799, -33.430011, 0.0 ], [ -70.659915, -33.429961, 0.0 ], [ -70.659924, -33.429957, 0.0 ], [ -70.66002, -33.429916, 0.0 ], [ -70.660025, -33.429913, 0.0 ], [ -70.660048, -33.429904, 0.0 ], [ -70.660053, -33.429901, 0.0 ], [ -70.660067, -33.429895, 0.0 ], [ -70.6601, -33.429881, 0.0 ], [ -70.660118, -33.429873, 0.0 ], [ -70.660122, -33.429872, 0.0 ], [ -70.660127, -33.42987, 0.0 ], [ -70.660185, -33.429845, 0.0 ], [ -70.660192, -33.429842, 0.0 ], [ -70.660198, -33.429839, 0.0 ], [ -70.660319, -33.429787, 0.0 ], [ -70.660335, -33.429781, 0.0 ], [ -70.660361, -33.42977, 0.0 ], [ -70.660393, -33.429758, 0.0 ], [ -70.660406, -33.429753, 0.0 ], [ -70.660413, -33.42975, 0.0 ], [ -70.660414, -33.429749, 0.0 ], [ -70.660416, -33.429745, 0.0 ], [ -70.660443, -33.42969, 0.0 ], [ -70.660446, -33.429685, 0.0 ], [ -70.660449, -33.429679, 0.0 ], [ -70.660451, -33.429675, 0.0 ], [ -70.660458, -33.429661, 0.0 ], [ -70.660465, -33.429648, 0.0 ], [ -70.660471, -33.429635, 0.0 ], [ -70.660477, -33.429624, 0.0 ], [ -70.660483, -33.429613, 0.0 ], [ -70.660488, -33.429603, 0.0 ], [ -70.660505, -33.429569, 0.0 ], [ -70.660512, -33.429555, 0.0 ], [ -70.660513, -33.429553, 0.0 ], [ -70.660516, -33.429547, 0.0 ], [ -70.660533, -33.429512, 0.0 ], [ -70.66054, -33.4295, 0.0 ], [ -70.660541, -33.429498, 0.0 ], [ -70.660542, -33.4295, 0.0 ], [ -70.660552, -33.429523, 0.0 ], [ -70.660558, -33.429534, 0.0 ], [ -70.660563, -33.429545, 0.0 ], [ -70.660571, -33.429563, 0.0 ], [ -70.660577, -33.429575, 0.0 ], [ -70.660579, -33.429579, 0.0 ], [ -70.660581, -33.429584, 0.0 ], [ -70.660582, -33.429587, 0.0 ], [ -70.660583, -33.429589, 0.0 ], [ -70.660585, -33.429588, 0.0 ], [ -70.660587, -33.429588, 0.0 ], [ -70.660588, -33.429587, 0.0 ], [ -70.660589, -33.429587, 0.0 ], [ -70.66059, -33.429586, 0.0 ], [ -70.660595, -33.429584, 0.0 ], [ -70.660596, -33.429584, 0.0 ], [ -70.660603, -33.429581, 0.0 ], [ -70.660604, -33.429581, 0.0 ], [ -70.660608, -33.42958, 0.0 ], [ -70.660608, -33.429579, 0.0 ], [ -70.660609, -33.429579, 0.0 ], [ -70.66061, -33.429579, 0.0 ], [ -70.660612, -33.429578, 0.0 ], [ -70.660613, -33.429577, 0.0 ], [ -70.660614, -33.429577, 0.0 ], [ -70.660615, -33.429577, 0.0 ], [ -70.660618, -33.429576, 0.0 ], [ -70.660621, -33.429574, 0.0 ], [ -70.660622, -33.429574, 0.0 ], [ -70.660627, -33.429572, 0.0 ], [ -70.660631, -33.429571, 0.0 ], [ -70.660634, -33.429569, 0.0 ], [ -70.660635, -33.429569, 0.0 ], [ -70.660636, -33.429569, 0.0 ], [ -70.660636, -33.429568, 0.0 ], [ -70.660639, -33.429567, 0.0 ], [ -70.660641, -33.429567, 0.0 ], [ -70.660643, -33.429566, 0.0 ], [ -70.660645, -33.429565, 0.0 ], [ -70.660646, -33.429565, 0.0 ], [ -70.660651, -33.429563, 0.0 ], [ -70.660659, -33.42956, 0.0 ], [ -70.660662, -33.429559, 0.0 ], [ -70.660663, -33.429558, 0.0 ], [ -70.660668, -33.429556, 0.0 ], [ -70.660671, -33.429555, 0.0 ], [ -70.660673, -33.429554, 0.0 ], [ -70.660678, -33.429553, 0.0 ], [ -70.660683, -33.429551, 0.0 ], [ -70.660684, -33.42955, 0.0 ], [ -70.660689, -33.429548, 0.0 ], [ -70.660745, -33.429526, 0.0 ], [ -70.660753, -33.429523, 0.0 ], [ -70.660778, -33.429514, 0.0 ], [ -70.660827, -33.429495, 0.0 ], [ -70.661147, -33.429371, 0.0 ], [ -70.661239, -33.429334, 0.0 ], [ -70.661515, -33.429214, 0.0 ], [ -70.661661, -33.42915, 0.0 ], [ -70.661687, -33.429139, 0.0 ], [ -70.661987, -33.429043, 0.0 ], [ -70.662139, -33.429008, 0.0 ], [ -70.662264, -33.428979, 0.0 ], [ -70.6626, -33.428915, 0.0 ], [ -70.662624, -33.428913, 0.0 ], [ -70.662638, -33.428912, 0.0 ], [ -70.662844, -33.428898, 0.0 ], [ -70.662882, -33.428894, 0.0 ], [ -70.662932, -33.428889, 0.0 ], [ -70.662822, -33.428933, 0.0 ], [ -70.66281, -33.428945, 0.0 ], [ -70.662794, -33.42896, 0.0 ], [ -70.6625, -33.429245, 0.0 ], [ -70.662442, -33.4293, 0.0 ], [ -70.662429, -33.429317, 0.0 ], [ -70.662298, -33.42948, 0.0 ], [ -70.662286, -33.429494, 0.0 ], [ -70.662175, -33.429632, 0.0 ], [ -70.661998, -33.429928, 0.0 ], [ -70.66198, -33.429957, 0.0 ], [ -70.661937, -33.430029, 0.0 ], [ -70.661895, -33.430099, 0.0 ], [ -70.661882, -33.430129, 0.0 ], [ -70.661713, -33.430528, 0.0 ], [ -70.661692, -33.430572, 0.0 ], [ -70.661673, -33.430611, 0.0 ], [ -70.661672, -33.430613, 0.0 ], [ -70.661624, -33.430711, 0.0 ], [ -70.661592, -33.430779, 0.0 ], [ -70.661591, -33.43078, 0.0 ], [ -70.66169, -33.430803, 0.0 ], [ -70.66175, -33.430827, 0.0 ], [ -70.661781, -33.430843, 0.0 ], [ -70.661853, -33.430881, 0.0 ], [ -70.661857, -33.430884, 0.0 ], [ -70.661895, -33.430914, 0.0 ], [ -70.661897, -33.430916, 0.0 ], [ -70.661927, -33.430954, 0.0 ], [ -70.661969, -33.431007, 0.0 ], [ -70.661996, -33.43106, 0.0 ], [ -70.662025, -33.431154, 0.0 ], [ -70.662034, -33.431209, 0.0 ], [ -70.662035, -33.431251, 0.0 ], [ -70.662019, -33.431311, 0.0 ], [ -70.661987, -33.431382, 0.0 ], [ -70.661958, -33.431428, 0.0 ], [ -70.661922, -33.431473, 0.0 ], [ -70.661891, -33.431505, 0.0 ], [ -70.66184, -33.43154, 0.0 ], [ -70.661819, -33.43155, 0.0 ], [ -70.661749, -33.431581, 0.0 ], [ -70.661656, -33.431614, 0.0 ], [ -70.661632, -33.431623, 0.0 ], [ -70.661524, -33.43165, 0.0 ], [ -70.661507, -33.431654, 0.0 ], [ -70.661504, -33.431655, 0.0 ], [ -70.661431, -33.431677, 0.0 ], [ -70.661413, -33.431682, 0.0 ], [ -70.661355, -33.431702, 0.0 ], [ -70.661345, -33.431707, 0.0 ], [ -70.661339, -33.43171, 0.0 ], [ -70.661294, -33.43207, 0.0 ], [ -70.661276, -33.432077, 0.0 ], [ -70.661244, -33.432103, 0.0 ], [ -70.661232, -33.432113, 0.0 ], [ -70.661214, -33.43215, 0.0 ], [ -70.661197, -33.432177, 0.0 ], [ -70.661179, -33.432213, 0.0 ], [ -70.661168, -33.43224, 0.0 ], [ -70.661141, -33.432331, 0.0 ], [ -70.661014, -33.433018, 0.0 ], [ -70.660977, -33.43322, 0.0 ], [ -70.660977, -33.433222, 0.0 ], [ -70.660969, -33.433261, 0.0 ], [ -70.660963, -33.433298, 0.0 ], [ -70.660941, -33.433416, 0.0 ], [ -70.6609, -33.433693, 0.0 ], [ -70.660781, -33.434508, 0.0 ], [ -70.660775, -33.434549, 0.0 ], [ -70.660773, -33.434563, 0.0 ], [ -70.660772, -33.434564, 0.0 ], [ -70.660748, -33.434699, 0.0 ], [ -70.660748, -33.4347, 0.0 ], [ -70.660713, -33.434934, 0.0 ], [ -70.660611, -33.435602, 0.0 ], [ -70.660387, -33.437195, 0.0 ] ] ] }, { "type": "MultiLineString", "coordinates": [ [ [ -70.660387, -33.437195, 0.0 ], [ -70.660369, -33.437194, 0.0 ] ], [ [ -70.660369, -33.437194, 0.0 ], [ -70.660364, -33.437193, 0.0 ] ] ] } ] } },
{ "type": "Feature", "properties": { "BARRIO": "SANTA LUCIA - FORESTAL", "ÁREA": 19.0, "Shape_Leng": 3944.5611092300001, "Shape_Area": 744732.58497299999 }, "geometry": { "type": "Polygon", "coordinates": [ [ [ -70.641894, -33.434201, 0.0 ], [ -70.641908, -33.434197, 0.0 ], [ -70.642247, -33.434116, 0.0 ], [ -70.642403, -33.434078, 0.0 ], [ -70.642434, -33.434074, 0.0 ], [ -70.642502, -33.434063, 0.0 ], [ -70.642643, -33.434041, 0.0 ], [ -70.642654, -33.434039, 0.0 ], [ -70.642744, -33.434017, 0.0 ], [ -70.642931, -33.433972, 0.0 ], [ -70.643553, -33.43382, 0.0 ], [ -70.644229, -33.433656, 0.0 ], [ -70.644253, -33.43365, 0.0 ], [ -70.644297, -33.433639, 0.0 ], [ -70.6443, -33.433638, 0.0 ], [ -70.644448, -33.433605, 0.0 ], [ -70.644641, -33.433561, 0.0 ], [ -70.644708, -33.433546, 0.0 ], [ -70.645253, -33.433422, 0.0 ], [ -70.645267, -33.433418, 0.0 ], [ -70.645947, -33.433251, 0.0 ], [ -70.646082, -33.433218, 0.0 ], [ -70.646329, -33.433157, 0.0 ], [ -70.646518, -33.433111, 0.0 ], [ -70.646623, -33.433085, 0.0 ], [ -70.646625, -33.433085, 0.0 ], [ -70.646976, -33.433001, 0.0 ], [ -70.647026, -33.432989, 0.0 ], [ -70.647073, -33.432978, 0.0 ], [ -70.64708, -33.432976, 0.0 ], [ -70.647107, -33.43297, 0.0 ], [ -70.647148, -33.43296, 0.0 ], [ -70.647171, -33.432955, 0.0 ], [ -70.647201, -33.432948, 0.0 ], [ -70.647264, -33.432933, 0.0 ], [ -70.647434, -33.432892, 0.0 ], [ -70.647495, -33.432878, 0.0 ], [ -70.6475, -33.432877, 0.0 ], [ -70.647511, -33.432874, 0.0 ], [ -70.647525, -33.432871, 0.0 ], [ -70.64755, -33.432865, 0.0 ], [ -70.647737, -33.432819, 0.0 ], [ -70.647746, -33.432817, 0.0 ], [ -70.647825, -33.432798, 0.0 ], [ -70.647892, -33.432782, 0.0 ], [ -70.647921, -33.432775, 0.0 ], [ -70.647933, -33.432773, 0.0 ], [ -70.647944, -33.43277, 0.0 ], [ -70.647947, -33.432769, 0.0 ], [ -70.647947, -33.432769, 0.0 ], [ -70.647958, -33.432767, 0.0 ], [ -70.648044, -33.432744, 0.0 ], [ -70.648228, -33.432697, 0.0 ], [ -70.648254, -33.43269, 0.0 ], [ -70.648258, -33.432689, 0.0 ], [ -70.648272, -33.432685, 0.0 ], [ -70.648284, -33.432682, 0.0 ], [ -70.648285, -33.432682, 0.0 ], [ -70.648286, -33.432682, 0.0 ], [ -70.648288, -33.432681, 0.0 ], [ -70.64847, -33.432634, 0.0 ], [ -70.648513, -33.432623, 0.0 ], [ -70.648543, -33.432615, 0.0 ], [ -70.64855, -33.432613, 0.0 ], [ -70.648597, -33.432601, 0.0 ], [ -70.648586, -33.432626, 0.0 ], [ -70.648552, -33.432697, 0.0 ], [ -70.648552, -33.432698, 0.0 ], [ -70.648564, -33.432735, 0.0 ], [ -70.648577, -33.432775, 0.0 ], [ -70.648593, -33.432827, 0.0 ], [ -70.648615, -33.432893, 0.0 ], [ -70.648639, -33.43297, 0.0 ], [ -70.648665, -33.43305, 0.0 ], [ -70.64867, -33.433065, 0.0 ], [ -70.64868, -33.433097, 0.0 ], [ -70.648688, -33.433119, 0.0 ], [ -70.648743, -33.433182, 0.0 ], [ -70.648814, -33.433262, 0.0 ], [ -70.648813, -33.433262, 0.0 ], [ -70.648726, -33.433268, 0.0 ], [ -70.648642, -33.433273, 0.0 ], [ -70.648449, -33.43333, 0.0 ], [ -70.648182, -33.433415, 0.0 ], [ -70.648179, -33.433416, 0.0 ], [ -70.648145, -33.433426, 0.0 ], [ -70.648025, -33.433462, 0.0 ], [ -70.648022, -33.433462, 0.0 ], [ -70.647879, -33.433504, 0.0 ], [ -70.647732, -33.433547, 0.0 ], [ -70.647733, -33.433548, 0.0 ], [ -70.647823, -33.433627, 0.0 ], [ -70.647851, -33.433659, 0.0 ], [ -70.647862, -33.433671, 0.0 ], [ -70.647886, -33.433725, 0.0 ], [ -70.647887, -33.433779, 0.0 ], [ -70.647887, -33.43378, 0.0 ], [ -70.647877, -33.433825, 0.0 ], [ -70.647828, -33.433906, 0.0 ], [ -70.647785, -33.433979, 0.0 ], [ -70.647699, -33.434124, 0.0 ], [ -70.647698, -33.434126, 0.0 ], [ -70.647658, -33.434169, 0.0 ], [ -70.647606, -33.434225, 0.0 ], [ -70.647573, -33.434316, 0.0 ], [ -70.647519, -33.434641, 0.0 ], [ -70.647519, -33.434642, 0.0 ], [ -70.647514, -33.434686, 0.0 ], [ -70.647356, -33.435783, 0.0 ], [ -70.647356, -33.435785, 0.0 ], [ -70.647356, -33.435785, 0.0 ], [ -70.647356, -33.435785, 0.0 ], [ -70.647256, -33.436383, 0.0 ], [ -70.647185, -33.43681, 0.0 ], [ -70.647181, -33.436862, 0.0 ], [ -70.647177, -33.436909, 0.0 ], [ -70.647177, -33.436909, 0.0 ], [ -70.647177, -33.43691, 0.0 ], [ -70.647195, -33.43699, 0.0 ], [ -70.647195, -33.43699, 0.0 ], [ -70.647128, -33.437427, 0.0 ], [ -70.647027, -33.438083, 0.0 ], [ -70.647027, -33.438084, 0.0 ], [ -70.647022, -33.438165, 0.0 ], [ -70.647008, -33.438267, 0.0 ], [ -70.646991, -33.438391, 0.0 ], [ -70.64698, -33.438457, 0.0 ], [ -70.646949, -33.438641, 0.0 ], [ -70.64689, -33.43899, 0.0 ], [ -70.64685, -33.439231, 0.0 ], [ -70.646849, -33.439232, 0.0 ], [ -70.646832, -33.439328, 0.0 ], [ -70.646802, -33.439495, 0.0 ], [ -70.646637, -33.440421, 0.0 ], [ -70.646636, -33.440422, 0.0 ], [ -70.646493, -33.441253, 0.0 ], [ -70.646455, -33.441473, 0.0 ], [ -70.646444, -33.441572, 0.0 ], [ -70.646444, -33.441573, 0.0 ], [ -70.646437, -33.441653, 0.0 ], [ -70.646256, -33.442629, 0.0 ], [ -70.646256, -33.442734, 0.0 ], [ -70.646256, -33.442734, 0.0 ], [ -70.646257, -33.44282, 0.0 ], [ -70.646257, -33.44282, 0.0 ], [ -70.646232, -33.442888, 0.0 ], [ -70.646232, -33.442888, 0.0 ], [ -70.646214, -33.442934, 0.0 ], [ -70.646214, -33.442934, 0.0 ], [ -70.646212, -33.442934, 0.0 ], [ -70.646013, -33.442888, 0.0 ], [ -70.645764, -33.44283, 0.0 ], [ -70.645295, -33.4427, 0.0 ], [ -70.645039, -33.44263, 0.0 ], [ -70.644896, -33.44259, 0.0 ], [ -70.644896, -33.44259, 0.0 ], [ -70.644769, -33.44255, 0.0 ], [ -70.644205, -33.442373, 0.0 ], [ -70.644079, -33.442331, 0.0 ], [ -70.643922, -33.44228, 0.0 ], [ -70.643859, -33.442261, 0.0 ], [ -70.643813, -33.442247, 0.0 ], [ -70.643616, -33.442169, 0.0 ], [ -70.643023, -33.441915, 0.0 ], [ -70.642703, -33.441739, 0.0 ], [ -70.642681, -33.441725, 0.0 ], [ -70.64233, -33.441492, 0.0 ], [ -70.641914, -33.441208, 0.0 ], [ -70.641617, -33.441005, 0.0 ], [ -70.640457, -33.440214, 0.0 ], [ -70.640455, -33.440213, 0.0 ], [ -70.640422, -33.440214, 0.0 ], [ -70.640419, -33.440212, 0.0 ], [ -70.639987, -33.439907, 0.0 ], [ -70.639821, -33.439791, 0.0 ], [ -70.639407, -33.439501, 0.0 ], [ -70.639406, -33.439501, 0.0 ], [ -70.639133, -33.439305, 0.0 ], [ -70.638954, -33.439175, 0.0 ], [ -70.638953, -33.439175, 0.0 ], [ -70.638723, -33.439008, 0.0 ], [ -70.638266, -33.438676, 0.0 ], [ -70.638073, -33.438536, 0.0 ], [ -70.638073, -33.438536, 0.0 ], [ -70.638085, -33.438464, 0.0 ], [ -70.638085, -33.438464, 0.0 ], [ -70.638085, -33.438463, 0.0 ], [ -70.638085, -33.438463, 0.0 ], [ -70.638073, -33.438465, 0.0 ], [ -70.63804, -33.438468, 0.0 ], [ -70.637966, -33.438476, 0.0 ], [ -70.63778, -33.438344, 0.0 ], [ -70.637583, -33.438203, 0.0 ], [ -70.637026, -33.437886, 0.0 ], [ -70.636765, -33.437749, 0.0 ], [ -70.636761, -33.437747, 0.0 ], [ -70.636758, -33.437746, 0.0 ], [ -70.636595, -33.437676, 0.0 ], [ -70.636594, -33.437676, 0.0 ], [ -70.636571, -33.437666, 0.0 ], [ -70.636529, -33.437648, 0.0 ], [ -70.636529, -33.437646, 0.0 ], [ -70.636528, -33.437565, 0.0 ], [ -70.636528, -33.437565, 0.0 ], [ -70.636528, -33.437564, 0.0 ], [ -70.636528, -33.437564, 0.0 ], [ -70.636451, -33.437596, 0.0 ], [ -70.636401, -33.437617, 0.0 ], [ -70.636188, -33.43756, 0.0 ], [ -70.635314, -33.437326, 0.0 ], [ -70.635313, -33.437326, 0.0 ], [ -70.635294, -33.43732, 0.0 ], [ -70.63526, -33.437309, 0.0 ], [ -70.635228, -33.4373, 0.0 ], [ -70.635234, -33.437278, 0.0 ], [ -70.635235, -33.437276, 0.0 ], [ -70.635248, -33.437228, 0.0 ], [ -70.63526, -33.437185, 0.0 ], [ -70.635261, -33.437183, 0.0 ], [ -70.635261, -33.437181, 0.0 ], [ -70.635263, -33.437174, 0.0 ], [ -70.635273, -33.437141, 0.0 ], [ -70.635259, -33.437136, 0.0 ], [ -70.635248, -33.437132, 0.0 ], [ -70.635247, -33.437132, 0.0 ], [ -70.635241, -33.43713, 0.0 ], [ -70.635233, -33.437127, 0.0 ], [ -70.635222, -33.437123, 0.0 ], [ -70.635215, -33.437119, 0.0 ], [ -70.635215, -33.437119, 0.0 ], [ -70.635208, -33.437115, 0.0 ], [ -70.635167, -33.437092, 0.0 ], [ -70.635172, -33.437079, 0.0 ], [ -70.635183, -33.437055, 0.0 ], [ -70.635199, -33.437017, 0.0 ], [ -70.63521, -33.43699, 0.0 ], [ -70.635234, -33.436934, 0.0 ], [ -70.635245, -33.436908, 0.0 ], [ -70.635247, -33.436904, 0.0 ], [ -70.635271, -33.436848, 0.0 ], [ -70.635276, -33.436835, 0.0 ], [ -70.635279, -33.436828, 0.0 ], [ -70.635283, -33.436819, 0.0 ], [ -70.635283, -33.436818, 0.0 ], [ -70.635296, -33.436789, 0.0 ], [ -70.635306, -33.436764, 0.0 ], [ -70.635313, -33.436749, 0.0 ], [ -70.635333, -33.436701, 0.0 ], [ -70.635336, -33.436695, 0.0 ], [ -70.635361, -33.436635, 0.0 ], [ -70.635362, -33.436635, 0.0 ], [ -70.63537, -33.436615, 0.0 ], [ -70.635371, -33.436613, 0.0 ], [ -70.635372, -33.43661, 0.0 ], [ -70.635374, -33.436605, 0.0 ], [ -70.635387, -33.436574, 0.0 ], [ -70.635388, -33.436548, 0.0 ], [ -70.635388, -33.436544, 0.0 ], [ -70.635388, -33.436542, 0.0 ], [ -70.635388, -33.436529, 0.0 ], [ -70.635388, -33.436528, 0.0 ], [ -70.635389, -33.436508, 0.0 ], [ -70.635389, -33.436484, 0.0 ], [ -70.63539, -33.436468, 0.0 ], [ -70.63539, -33.436442, 0.0 ], [ -70.635386, -33.436396, 0.0 ], [ -70.635386, -33.436393, 0.0 ], [ -70.635386, -33.436392, 0.0 ], [ -70.635386, -33.43639, 0.0 ], [ -70.635385, -33.43639, 0.0 ], [ -70.635385, -33.436388, 0.0 ], [ -70.635385, -33.436387, 0.0 ], [ -70.635385, -33.436385, 0.0 ], [ -70.635382, -33.436356, 0.0 ], [ -70.635379, -33.43632, 0.0 ], [ -70.635378, -33.436312, 0.0 ], [ -70.635378, -33.436308, 0.0 ], [ -70.635376, -33.436285, 0.0 ], [ -70.635371, -33.436229, 0.0 ], [ -70.63537, -33.436217, 0.0 ], [ -70.635369, -33.436157, 0.0 ], [ -70.635369, -33.436129, 0.0 ], [ -70.635368, -33.436061, 0.0 ], [ -70.635368, -33.436033, 0.0 ], [ -70.635368, -33.435999, 0.0 ], [ -70.635377, -33.435695, 0.0 ], [ -70.635377, -33.435695, 0.0 ], [ -70.635377, -33.435695, 0.0 ], [ -70.635378, -33.435695, 0.0 ], [ -70.635378, -33.435695, 0.0 ], [ -70.6354, -33.435693, 0.0 ], [ -70.635423, -33.435691, 0.0 ], [ -70.635469, -33.435686, 0.0 ], [ -70.635482, -33.435685, 0.0 ], [ -70.635515, -33.435682, 0.0 ], [ -70.635585, -33.435675, 0.0 ], [ -70.635586, -33.435675, 0.0 ], [ -70.635609, -33.435669, 0.0 ], [ -70.635619, -33.435667, 0.0 ], [ -70.63563, -33.435665, 0.0 ], [ -70.63594, -33.435593, 0.0 ], [ -70.636031, -33.435572, 0.0 ], [ -70.636228, -33.435527, 0.0 ], [ -70.638972, -33.434885, 0.0 ], [ -70.638984, -33.434881, 0.0 ], [ -70.639073, -33.434861, 0.0 ], [ -70.639348, -33.434796, 0.0 ], [ -70.6396, -33.434738, 0.0 ], [ -70.641894, -33.434201, 0.0 ] ] ] } },
{ "type": "Feature", "properties": { "BARRIO": "CASCO HISTÓRICO", "ÁREA": 37.0, "Shape_Leng": 4657.6942175800004, "Shape_Area": 1243142.85458 }, "geometry": { "type": "Polygon", "coordinates": [ [ [ -70.653257, -33.431574, 0.0 ], [ -70.654857, -33.431205, 0.0 ], [ -70.654865, -33.431203, 0.0 ], [ -70.654995, -33.431173, 0.0 ], [ -70.655073, -33.431155, 0.0 ], [ -70.655178, -33.431131, 0.0 ], [ -70.65521, -33.431123, 0.0 ], [ -70.655469, -33.43106, 0.0 ], [ -70.655476, -33.431058, 0.0 ], [ -70.655578, -33.431033, 0.0 ], [ -70.655606, -33.431026, 0.0 ], [ -70.655634, -33.431019, 0.0 ], [ -70.655653, -33.431015, 0.0 ], [ -70.655708, -33.431001, 0.0 ], [ -70.655718, -33.430999, 0.0 ], [ -70.655778, -33.430984, 0.0 ], [ -70.655783, -33.430983, 0.0 ], [ -70.655792, -33.430981, 0.0 ], [ -70.655926, -33.430948, 0.0 ], [ -70.656009, -33.430928, 0.0 ], [ -70.656089, -33.430908, 0.0 ], [ -70.656151, -33.430893, 0.0 ], [ -70.656198, -33.430881, 0.0 ], [ -70.656214, -33.430877, 0.0 ], [ -70.656227, -33.430874, 0.0 ], [ -70.656262, -33.430865, 0.0 ], [ -70.656267, -33.430864, 0.0 ], [ -70.656308, -33.430854, 0.0 ], [ -70.656335, -33.430848, 0.0 ], [ -70.656356, -33.430842, 0.0 ], [ -70.656376, -33.430838, 0.0 ], [ -70.65638, -33.430837, 0.0 ], [ -70.656386, -33.430835, 0.0 ], [ -70.65641, -33.430829, 0.0 ], [ -70.656422, -33.430826, 0.0 ], [ -70.656423, -33.430826, 0.0 ], [ -70.656423, -33.430826, 0.0 ], [ -70.656437, -33.430827, 0.0 ], [ -70.656448, -33.430827, 0.0 ], [ -70.656452, -33.430827, 0.0 ], [ -70.656466, -33.430827, 0.0 ], [ -70.656469, -33.430827, 0.0 ], [ -70.656473, -33.430828, 0.0 ], [ -70.656489, -33.430824, 0.0 ], [ -70.656507, -33.430819, 0.0 ], [ -70.656532, -33.430813, 0.0 ], [ -70.656539, -33.430811, 0.0 ], [ -70.656569, -33.430803, 0.0 ], [ -70.65658, -33.430801, 0.0 ], [ -70.656605, -33.430794, 0.0 ], [ -70.656621, -33.43079, 0.0 ], [ -70.656642, -33.430785, 0.0 ], [ -70.656664, -33.430779, 0.0 ], [ -70.656681, -33.430775, 0.0 ], [ -70.656701, -33.43077, 0.0 ], [ -70.656712, -33.430767, 0.0 ], [ -70.65672, -33.430765, 0.0 ], [ -70.656757, -33.430756, 0.0 ], [ -70.656761, -33.430755, 0.0 ], [ -70.656765, -33.430754, 0.0 ], [ -70.656787, -33.430748, 0.0 ], [ -70.656797, -33.430746, 0.0 ], [ -70.656802, -33.430745, 0.0 ], [ -70.656822, -33.43074, 0.0 ], [ -70.65683, -33.430738, 0.0 ], [ -70.656832, -33.430737, 0.0 ], [ -70.656836, -33.430736, 0.0 ], [ -70.656837, -33.430736, 0.0 ], [ -70.656851, -33.430732, 0.0 ], [ -70.656909, -33.430718, 0.0 ], [ -70.656945, -33.430709, 0.0 ], [ -70.656958, -33.430705, 0.0 ], [ -70.656978, -33.4307, 0.0 ], [ -70.656986, -33.430698, 0.0 ], [ -70.657031, -33.430687, 0.0 ], [ -70.657039, -33.430685, 0.0 ], [ -70.657044, -33.430684, 0.0 ], [ -70.657046, -33.430683, 0.0 ], [ -70.657059, -33.43068, 0.0 ], [ -70.657074, -33.430676, 0.0 ], [ -70.657163, -33.430653, 0.0 ], [ -70.657173, -33.43065, 0.0 ], [ -70.657266, -33.430626, 0.0 ], [ -70.657546, -33.430554, 0.0 ], [ -70.657543, -33.431894, 0.0 ], [ -70.657488, -33.432353, 0.0 ], [ -70.657452, -33.433066, 0.0 ], [ -70.657453, -33.433257, 0.0 ], [ -70.657454, -33.433257, 0.0 ], [ -70.657432, -33.433437, 0.0 ], [ -70.657419, -33.433553, 0.0 ], [ -70.657417, -33.433575, 0.0 ], [ -70.657416, -33.433585, 0.0 ], [ -70.657408, -33.433664, 0.0 ], [ -70.657356, -33.434217, 0.0 ], [ -70.657355, -33.434227, 0.0 ], [ -70.657355, -33.434227, 0.0 ], [ -70.657333, -33.434464, 0.0 ], [ -70.657333, -33.434464, 0.0 ], [ -70.657332, -33.434474, 0.0 ], [ -70.657332, -33.434474, 0.0 ], [ -70.657332, -33.434475, 0.0 ], [ -70.65734, -33.434528, 0.0 ], [ -70.65734, -33.434528, 0.0 ], [ -70.657305, -33.434768, 0.0 ], [ -70.657215, -33.435376, 0.0 ], [ -70.657166, -33.435708, 0.0 ], [ -70.657166, -33.435709, 0.0 ], [ -70.657106, -33.43616, 0.0 ], [ -70.65704, -33.436662, 0.0 ], [ -70.657018, -33.436832, 0.0 ], [ -70.657018, -33.436833, 0.0 ], [ -70.657003, -33.436951, 0.0 ], [ -70.656941, -33.437467, 0.0 ], [ -70.656893, -33.437867, 0.0 ], [ -70.656882, -33.437961, 0.0 ], [ -70.656882, -33.437962, 0.0 ], [ -70.656747, -33.439072, 0.0 ], [ -70.656747, -33.439073, 0.0 ], [ -70.656727, -33.439217, 0.0 ], [ -70.656636, -33.439861, 0.0 ], [ -70.656627, -33.439926, 0.0 ], [ -70.656614, -33.44002, 0.0 ], [ -70.656597, -33.440139, 0.0 ], [ -70.656588, -33.440202, 0.0 ], [ -70.656588, -33.440202, 0.0 ], [ -70.656571, -33.440265, 0.0 ], [ -70.656358, -33.441314, 0.0 ], [ -70.656358, -33.441315, 0.0 ], [ -70.656239, -33.441834, 0.0 ], [ -70.656227, -33.441884, 0.0 ], [ -70.656227, -33.441885, 0.0 ], [ -70.65618, -33.442113, 0.0 ], [ -70.656107, -33.442463, 0.0 ], [ -70.656107, -33.442463, 0.0 ], [ -70.655929, -33.443286, 0.0 ], [ -70.655912, -33.443363, 0.0 ], [ -70.655866, -33.443575, 0.0 ], [ -70.655866, -33.443576, 0.0 ], [ -70.655846, -33.443677, 0.0 ], [ -70.655793, -33.443949, 0.0 ], [ -70.655772, -33.444052, 0.0 ], [ -70.655772, -33.444055, 0.0 ], [ -70.655682, -33.444513, 0.0 ], [ -70.655662, -33.444615, 0.0 ], [ -70.655645, -33.444662, 0.0 ], [ -70.655605, -33.444774, 0.0 ], [ -70.655605, -33.444777, 0.0 ], [ -70.655604, -33.444779, 0.0 ], [ -70.655565, -33.444893, 0.0 ], [ -70.655434, -33.445277, 0.0 ], [ -70.655434, -33.445279, 0.0 ], [ -70.655434, -33.445279, 0.0 ], [ -70.655433, -33.445278, 0.0 ], [ -70.655432, -33.445277, 0.0 ], [ -70.655377, -33.445225, 0.0 ], [ -70.654145, -33.444922, 0.0 ], [ -70.654114, -33.444935, 0.0 ], [ -70.654071, -33.444955, 0.0 ], [ -70.65407, -33.444955, 0.0 ], [ -70.654034, -33.444885, 0.0 ], [ -70.65349, -33.444742, 0.0 ], [ -70.65326, -33.444682, 0.0 ], [ -70.653021, -33.44462, 0.0 ], [ -70.652999, -33.444621, 0.0 ], [ -70.65295, -33.444624, 0.0 ], [ -70.652949, -33.444624, 0.0 ], [ -70.65255, -33.444513, 0.0 ], [ -70.652503, -33.4445, 0.0 ], [ -70.652503, -33.4445, 0.0 ], [ -70.652382, -33.444466, 0.0 ], [ -70.652338, -33.444454, 0.0 ], [ -70.652145, -33.4444, 0.0 ], [ -70.651925, -33.444348, 0.0 ], [ -70.651764, -33.444301, 0.0 ], [ -70.651597, -33.444246, 0.0 ], [ -70.651596, -33.444245, 0.0 ], [ -70.651596, -33.444245, 0.0 ], [ -70.651594, -33.444245, 0.0 ], [ -70.651517, -33.444223, 0.0 ], [ -70.651188, -33.444116, 0.0 ], [ -70.650425, -33.443937, 0.0 ], [ -70.650416, -33.443935, 0.0 ], [ -70.650365, -33.443922, 0.0 ], [ -70.650365, -33.443922, 0.0 ], [ -70.650066, -33.443848, 0.0 ], [ -70.650066, -33.443848, 0.0 ], [ -70.649977, -33.443828, 0.0 ], [ -70.649908, -33.443812, 0.0 ], [ -70.649736, -33.443772, 0.0 ], [ -70.649554, -33.443729, 0.0 ], [ -70.649554, -33.443729, 0.0 ], [ -70.649537, -33.443724, 0.0 ], [ -70.649509, -33.443718, 0.0 ], [ -70.64947, -33.443708, 0.0 ], [ -70.649323, -33.443669, 0.0 ], [ -70.649206, -33.443638, 0.0 ], [ -70.64903, -33.443591, 0.0 ], [ -70.648886, -33.443547, 0.0 ], [ -70.648886, -33.443546, 0.0 ], [ -70.648886, -33.443546, 0.0 ], [ -70.648141, -33.443313, 0.0 ], [ -70.648048, -33.443282, 0.0 ], [ -70.647968, -33.443265, 0.0 ], [ -70.647682, -33.443205, 0.0 ], [ -70.647593, -33.443186, 0.0 ], [ -70.647401, -33.443139, 0.0 ], [ -70.647106, -33.443076, 0.0 ], [ -70.647106, -33.443076, 0.0 ], [ -70.647004, -33.443054, 0.0 ], [ -70.646278, -33.442898, 0.0 ], [ -70.64624, -33.442889, 0.0 ], [ -70.646232, -33.442888, 0.0 ], [ -70.646257, -33.44282, 0.0 ], [ -70.646257, -33.44282, 0.0 ], [ -70.646256, -33.442734, 0.0 ], [ -70.646256, -33.442734, 0.0 ], [ -70.646256, -33.442629, 0.0 ], [ -70.646437, -33.441653, 0.0 ], [ -70.646444, -33.441573, 0.0 ], [ -70.646444, -33.441572, 0.0 ], [ -70.646455, -33.441473, 0.0 ], [ -70.646493, -33.441253, 0.0 ], [ -70.646636, -33.440422, 0.0 ], [ -70.646637, -33.440421, 0.0 ], [ -70.646802, -33.439495, 0.0 ], [ -70.646832, -33.439328, 0.0 ], [ -70.646849, -33.439232, 0.0 ], [ -70.64685, -33.439231, 0.0 ], [ -70.64689, -33.43899, 0.0 ], [ -70.646949, -33.438641, 0.0 ], [ -70.64698, -33.438457, 0.0 ], [ -70.646991, -33.438391, 0.0 ], [ -70.647008, -33.438267, 0.0 ], [ -70.647022, -33.438165, 0.0 ], [ -70.647027, -33.438084, 0.0 ], [ -70.647027, -33.438083, 0.0 ], [ -70.647128, -33.437427, 0.0 ], [ -70.647195, -33.43699, 0.0 ], [ -70.647195, -33.43699, 0.0 ], [ -70.647177, -33.43691, 0.0 ], [ -70.647177, -33.436909, 0.0 ], [ -70.647177, -33.436909, 0.0 ], [ -70.647181, -33.436862, 0.0 ], [ -70.647185, -33.43681, 0.0 ], [ -70.647256, -33.436383, 0.0 ], [ -70.647356, -33.435785, 0.0 ], [ -70.647356, -33.435785, 0.0 ], [ -70.647356, -33.435785, 0.0 ], [ -70.647356, -33.435783, 0.0 ], [ -70.647514, -33.434686, 0.0 ], [ -70.647519, -33.434642, 0.0 ], [ -70.647519, -33.434641, 0.0 ], [ -70.647573, -33.434316, 0.0 ], [ -70.647606, -33.434225, 0.0 ], [ -70.647658, -33.434169, 0.0 ], [ -70.647698, -33.434126, 0.0 ], [ -70.647699, -33.434124, 0.0 ], [ -70.647785, -33.433979, 0.0 ], [ -70.647828, -33.433906, 0.0 ], [ -70.647877, -33.433825, 0.0 ], [ -70.647887, -33.43378, 0.0 ], [ -70.647887, -33.433779, 0.0 ], [ -70.647886, -33.433725, 0.0 ], [ -70.647862, -33.433671, 0.0 ], [ -70.647851, -33.433659, 0.0 ], [ -70.647823, -33.433627, 0.0 ], [ -70.647733, -33.433548, 0.0 ], [ -70.647732, -33.433547, 0.0 ], [ -70.647879, -33.433504, 0.0 ], [ -70.648022, -33.433462, 0.0 ], [ -70.648025, -33.433462, 0.0 ], [ -70.648145, -33.433426, 0.0 ], [ -70.648179, -33.433416, 0.0 ], [ -70.648182, -33.433415, 0.0 ], [ -70.648449, -33.43333, 0.0 ], [ -70.648642, -33.433273, 0.0 ], [ -70.648726, -33.433268, 0.0 ], [ -70.648813, -33.433262, 0.0 ], [ -70.648814, -33.433262, 0.0 ], [ -70.648743, -33.433182, 0.0 ], [ -70.648688, -33.433119, 0.0 ], [ -70.64868, -33.433097, 0.0 ], [ -70.64867, -33.433065, 0.0 ], [ -70.648665, -33.43305, 0.0 ], [ -70.648639, -33.43297, 0.0 ], [ -70.648615, -33.432893, 0.0 ], [ -70.648593, -33.432827, 0.0 ], [ -70.648577, -33.432775, 0.0 ], [ -70.648564, -33.432735, 0.0 ], [ -70.648552, -33.432698, 0.0 ], [ -70.648552, -33.432697, 0.0 ], [ -70.648586, -33.432626, 0.0 ], [ -70.648597, -33.432601, 0.0 ], [ -70.648609, -33.432598, 0.0 ], [ -70.648695, -33.432588, 0.0 ], [ -70.648755, -33.432578, 0.0 ], [ -70.649025, -33.432517, 0.0 ], [ -70.649266, -33.432463, 0.0 ], [ -70.649392, -33.432435, 0.0 ], [ -70.649559, -33.432397, 0.0 ], [ -70.649563, -33.432396, 0.0 ], [ -70.649563, -33.432396, 0.0 ], [ -70.649844, -33.43234, 0.0 ], [ -70.649926, -33.432324, 0.0 ], [ -70.649989, -33.432312, 0.0 ], [ -70.650098, -33.43229, 0.0 ], [ -70.6501, -33.43229, 0.0 ], [ -70.650238, -33.432256, 0.0 ], [ -70.650238, -33.432256, 0.0 ], [ -70.650896, -33.432097, 0.0 ], [ -70.651124, -33.432042, 0.0 ], [ -70.651325, -33.431995, 0.0 ], [ -70.65158, -33.431937, 0.0 ], [ -70.651615, -33.431929, 0.0 ], [ -70.65166, -33.431918, 0.0 ], [ -70.651663, -33.431918, 0.0 ], [ -70.651663, -33.431918, 0.0 ], [ -70.651663, -33.431918, 0.0 ], [ -70.651663, -33.431918, 0.0 ], [ -70.651665, -33.431917, 0.0 ], [ -70.651739, -33.4319, 0.0 ], [ -70.651771, -33.431893, 0.0 ], [ -70.651851, -33.431874, 0.0 ], [ -70.651872, -33.43187, 0.0 ], [ -70.651873, -33.431869, 0.0 ], [ -70.651914, -33.43186, 0.0 ], [ -70.651929, -33.431856, 0.0 ], [ -70.651937, -33.431854, 0.0 ], [ -70.65195, -33.431851, 0.0 ], [ -70.651971, -33.431846, 0.0 ], [ -70.651981, -33.431843, 0.0 ], [ -70.651989, -33.431842, 0.0 ], [ -70.651992, -33.431841, 0.0 ], [ -70.652112, -33.431813, 0.0 ], [ -70.652159, -33.431802, 0.0 ], [ -70.652228, -33.431786, 0.0 ], [ -70.65224, -33.431783, 0.0 ], [ -70.652304, -33.431768, 0.0 ], [ -70.652312, -33.431766, 0.0 ], [ -70.652395, -33.431747, 0.0 ], [ -70.652536, -33.431714, 0.0 ], [ -70.652553, -33.43171, 0.0 ], [ -70.652571, -33.431716, 0.0 ], [ -70.652613, -33.431709, 0.0 ], [ -70.652688, -33.431696, 0.0 ], [ -70.652719, -33.43169, 0.0 ], [ -70.652785, -33.431675, 0.0 ], [ -70.652845, -33.431663, 0.0 ], [ -70.652887, -33.431655, 0.0 ], [ -70.652922, -33.431648, 0.0 ], [ -70.652922, -33.431648, 0.0 ], [ -70.652923, -33.431648, 0.0 ], [ -70.652925, -33.431647, 0.0 ], [ -70.652961, -33.431641, 0.0 ], [ -70.653026, -33.431629, 0.0 ], [ -70.653173, -33.431594, 0.0 ], [ -70.653257, -33.431574, 0.0 ] ] ] } },
{ "type": "Feature", "properties": { "BARRIO": "PARQUE O'HIGGINS", "ÁREA": 8.0, "Shape_Leng": 4013.4913917399999, "Shape_Area": 871472.37462899997 }, "geometry": { "type": "Polygon", "coordinates": [ [ [ -70.663449, -33.470456, 0.0 ], [ -70.663174, -33.47037, 0.0 ], [ -70.663061, -33.470344, 0.0 ], [ -70.662907, -33.470337, 0.0 ], [ -70.662589, -33.470322, 0.0 ], [ -70.66232, -33.470309, 0.0 ], [ -70.662201, -33.470356, 0.0 ], [ -70.662091, -33.470294, 0.0 ], [ -70.661041, -33.470236, 0.0 ], [ -70.66095, -33.470264, 0.0 ], [ -70.660852, -33.470211, 0.0 ], [ -70.659861, -33.470161, 0.0 ], [ -70.659647, -33.470209, 0.0 ], [ -70.659465, -33.470131, 0.0 ], [ -70.657387, -33.470014, 0.0 ], [ -70.657199, -33.470074, 0.0 ], [ -70.657017, -33.470012, 0.0 ], [ -70.656629, -33.470002, 0.0 ], [ -70.656256, -33.47, 0.0 ], [ -70.656283, -33.469454, 0.0 ], [ -70.656325, -33.468655, 0.0 ], [ -70.656354, -33.468092, 0.0 ], [ -70.656385, -33.467496, 0.0 ], [ -70.656402, -33.467166, 0.0 ], [ -70.656462, -33.466034, 0.0 ], [ -70.656501, -33.465322, 0.0 ], [ -70.656594, -33.463807, 0.0 ], [ -70.656644, -33.462975, 0.0 ], [ -70.656684, -33.462362, 0.0 ], [ -70.656727, -33.461754, 0.0 ], [ -70.656762, -33.461233, 0.0 ], [ -70.656792, -33.460839, 0.0 ], [ -70.656816, -33.460557, 0.0 ], [ -70.656814, -33.460291, 0.0 ], [ -70.656805, -33.459973, 0.0 ], [ -70.656793, -33.459496, 0.0 ], [ -70.656784, -33.459184, 0.0 ], [ -70.656734, -33.45877, 0.0 ], [ -70.65669, -33.458411, 0.0 ], [ -70.656674, -33.458282, 0.0 ], [ -70.656676, -33.458032, 0.0 ], [ -70.65687, -33.45805, 0.0 ], [ -70.657065, -33.458065, 0.0 ], [ -70.657192, -33.458091, 0.0 ], [ -70.657759, -33.458151, 0.0 ], [ -70.657956, -33.458152, 0.0 ], [ -70.65812, -33.458175, 0.0 ], [ -70.659082, -33.458237, 0.0 ], [ -70.65938, -33.458255, 0.0 ], [ -70.660305, -33.458315, 0.0 ], [ -70.660469, -33.45836, 0.0 ], [ -70.660718, -33.458381, 0.0 ], [ -70.660775, -33.458347, 0.0 ], [ -70.662124, -33.458435, 0.0 ], [ -70.663607, -33.458532, 0.0 ], [ -70.663643, -33.458567, 0.0 ], [ -70.663773, -33.458576, 0.0 ], [ -70.663843, -33.458543, 0.0 ], [ -70.663845, -33.458568, 0.0 ], [ -70.663859, -33.458597, 0.0 ], [ -70.663877, -33.458612, 0.0 ], [ -70.663903, -33.458628, 0.0 ], [ -70.663923, -33.458636, 0.0 ], [ -70.663888, -33.458664, 0.0 ], [ -70.663894, -33.458824, 0.0 ], [ -70.663933, -33.458854, 0.0 ], [ -70.663912, -33.459286, 0.0 ], [ -70.663886, -33.459835, 0.0 ], [ -70.663855, -33.46047, 0.0 ], [ -70.663832, -33.460955, 0.0 ], [ -70.663821, -33.46133, 0.0 ], [ -70.663802, -33.461922, 0.0 ], [ -70.663786, -33.462385, 0.0 ], [ -70.663755, -33.463003, 0.0 ], [ -70.663726, -33.463559, 0.0 ], [ -70.663705, -33.464009, 0.0 ], [ -70.663675, -33.464628, 0.0 ], [ -70.663647, -33.465202, 0.0 ], [ -70.663639, -33.465367, 0.0 ], [ -70.663616, -33.465895, 0.0 ], [ -70.663604, -33.466191, 0.0 ], [ -70.663589, -33.466533, 0.0 ], [ -70.663571, -33.466969, 0.0 ], [ -70.663557, -33.467296, 0.0 ], [ -70.663538, -33.467751, 0.0 ], [ -70.663523, -33.468113, 0.0 ], [ -70.663497, -33.46872, 0.0 ], [ -70.663474, -33.469256, 0.0 ], [ -70.663466, -33.469452, 0.0 ], [ -70.663444, -33.469981, 0.0 ], [ -70.663449, -33.470456, 0.0 ] ] ] } }
]
}
